year,iso_responsible,iso_affected,shifted_profit_musd
2016,NLD,DEU,251.74728977414418
2016,PRI,DEU,222.91502689864117
2016,NLD,LUX,216.56572489711985
2016,ASM,DEU,213.80566831724587
2016,IRL,DEU,213.3670784338943
2016,NLD,ESP,203.286151393715
2016,NLD,FRA,198.48371357052554
2016,SGP,DEU,195.77657251061606
2016,BMU,DEU,193.2857317525547
2016,PRI,LUX,191.76275714457915
2016,ASM,LUX,183.9264271237175
2016,CYM,DEU,183.7482074282414
2016,IRL,LUX,183.54912996947292
2016,PRI,ESP,180.0040745094265
2016,PRI,FRA,175.75165313283188
2016,ASM,ESP,172.64825967885363
2016,IRL,ESP,172.29409797365022
2016,BHS,DEU,168.68728461738849
2016,ASM,FRA,168.5696122810595
2016,SGP,LUX,168.41688894316619
2016,IRL,FRA,168.22381730205424
2016,BMU,LUX,166.27414200492984
2016,SGP,ESP,158.0897494246759
2016,CYM,LUX,158.0694822015536
2016,BMU,ESP,156.07839338626462
2016,SGP,FRA,154.35503268725682
2016,BMU,FRA,152.3911929811119
2016,JPN,DEU,149.7365552772903
2016,CYM,ESP,148.3768343527869
2016,BHS,LUX,145.11331624211803
2016,CYM,FRA,144.87157579731908
2016,BHS,ESP,136.2151263264447
2016,BHS,FRA,132.99717630734236
2016,JPN,LUX,128.81094237922773
2016,JPN,ESP,120.91239620724967
2016,NLD,POL,119.77548675207585
2016,JPN,FRA,118.0559583197836
2016,PRI,POL,106.05776878508043
2016,ASM,POL,101.7237485099677
2016,IRL,POL,101.51507767656925
2016,TLS,DEU,99.02960120270967
2016,SGP,POL,93.14592537679216
2016,BMU,POL,91.96084145995492
2016,CYM,POL,87.42310991424783
2016,TLS,LUX,85.19026119398634
2016,BHS,POL,80.25747423958477
2016,IMN,DEU,80.03577541444629
2016,TLS,ESP,79.96648750663476
2016,TLS,FRA,78.07735693105663
2016,JPN,POL,71.24115937457276
2016,IMN,LUX,68.85081359121284
2016,IMN,ESP,64.62895696875755
2016,IMN,FRA,63.10216065089661
2016,HKG,DEU,58.72405824523711
2016,NPL,DEU,57.98327111302892
2016,LBR,DEU,52.85726524034725
2016,COD,DEU,52.61273562809351
2016,NLD,CZE,51.01059944840469
2016,HKG,LUX,50.5173988335291
2016,NPL,LUX,49.880136353265435
2016,NLD,ROU,48.624012525411814
2016,HKG,ESP,47.41972716212608
2016,TLS,POL,47.11597371141482
2016,NPL,ESP,46.82154092050379
2016,HKG,FRA,46.29948217874961
2016,NPL,FRA,45.71542750591538
2016,LBR,LUX,45.47048738091644
2016,COD,LUX,45.260130666514264
2016,PRI,CZE,45.16842726830742
2016,ASM,CZE,43.3226324546102
2016,IRL,CZE,43.23376264837777
2016,PRI,ROU,43.05517278754541
2016,LBR,ESP,42.68228680255912
2016,COD,ESP,42.48482893192442
2016,LBR,FRA,41.67395924499797
2016,COD,FRA,41.48116612471602
2016,ASM,ROU,41.29573551154688
2016,IRL,ROU,41.21102357680971
2016,SGP,CZE,39.669465084133265
2016,BMU,CZE,39.16475545920257
2016,IMN,POL,38.07915456188437
2016,SGP,ROU,37.81348558897609
2016,BMU,ROU,37.33238935819863
2016,CYM,CZE,37.23220304335157
2016,MHL,DEU,36.89160270484733
2016,GIB,DEU,36.24487159140626
2016,HUN,DEU,36.05708089062488
2016,CYM,ROU,35.490253529753815
2016,IRN,DEU,35.183638097297376
2016,BHS,CZE,34.18046532050652
2016,GBR,DEU,34.11876358511262
2016,BHS,ROU,32.581294708166595
2016,MDA,DEU,31.829446742619623
2016,MHL,LUX,31.73601864615732
2016,GIB,LUX,31.179667900449026
2016,HUN,LUX,31.018120861431672
2016,NLD,SVK,30.907034169973066
2016,JPN,CZE,30.340550839241818
2016,IRN,LUX,30.26674128605336
2016,MHL,ESP,29.790000676244127
2016,GBR,LUX,29.350682484138726
2016,GIB,ESP,29.267764750066103
2016,HUN,ESP,29.116123598879827
2016,MHL,FRA,29.086240852864158
2016,JPN,ROU,28.921034843501065
2016,GIB,FRA,28.576342243061653
2016,HUN,FRA,28.42828346674458
2016,IRN,ESP,28.410817797663764
2016,NLD,PRT,28.082598099710733
2016,HKG,POL,27.939536773924498
2016,IRN,FRA,27.739639829839522
2016,NPL,POL,27.587087540331897
2016,GBR,ESP,27.550930720057057
2016,LIE,DEU,27.46644219506587
2016,MDA,LUX,27.381296589424714
2016,PRI,SVK,27.367295034388782
2016,GBR,FRA,26.90006674901448
2016,ASM,SVK,26.24893837921164
2016,IRL,SVK,26.195092665426547
2016,BEL,DEU,25.723626660479297
2016,MDA,ESP,25.702305415495744
2016,LBR,POL,25.148253545156532
2016,MDA,FRA,25.095113421234
2016,COD,POL,25.031912060967112
2016,PRI,PRT,24.86633765311617
2016,SGP,SVK,24.03550489736902
2016,ASM,PRT,23.850181903368153
2016,IRL,PRT,23.801256874479815
2016,BMU,SVK,23.729704185510595
2016,LIE,LUX,23.62801986728757
2016,CYM,SVK,22.55878158907287
2016,LIE,ESP,22.179175518918907
2016,BEL,LUX,22.128761980744606
2016,SGP,PRT,21.839022807701237
2016,LIE,FRA,21.655214045552615
2016,BMU,PRT,21.56116766176592
2016,THA,DEU,21.41726913760412
2016,MWI,DEU,21.36378256878393
2016,BEL,ESP,20.7718504870064
2016,BHS,SVK,20.70975093470526
2016,CYM,PRT,20.497249703776387
2016,SWZ,DEU,20.310730380136906
2016,BEL,FRA,20.28113570022668
2016,TLS,CZE,20.0659928653798
2016,IDN,DEU,19.660528890880666
2016,CHL,DEU,19.29805084114978
2016,TLS,ROU,19.12718334956884
2016,MUS,DEU,19.020627134664107
2016,BHS,PRT,18.81719252148299
2016,CPV,DEU,18.677680922673478
2016,THA,LUX,18.42421588833455
2016,JPN,SVK,18.383168432920247
2016,MWI,LUX,18.378204042251934
2016,VGB,DEU,17.680513922865405
2016,MHL,POL,17.55216381873086
2016,SWZ,LUX,17.472315399742847
2016,THA,ESP,17.294463111213574
2016,MWI,ESP,17.251272661233095
2016,GIB,POL,17.244464244369556
2016,HUN,POL,17.15511781043661
2016,IDN,LUX,16.912979261600928
2016,THA,FRA,16.885898222717117
2016,MWI,FRA,16.84372810515557
2016,IRN,POL,16.739554108381455
2016,JPN,PRT,16.703224517172693
2016,CHL,LUX,16.601157348166662
2016,SWZ,ESP,16.400932119975092
2016,ARE,DEU,16.370128721458965
2016,MUS,LUX,16.362503473669673
2016,GBR,POL,16.232911660944442
2016,IMN,CZE,16.2173459141172
2016,CPV,LUX,16.067483832873922
2016,SWZ,FRA,16.013476033032976
2016,IDN,ESP,15.875893862363874
2016,CHL,ESP,15.583192527781087
2016,GIN,DEU,15.535018495568558
2016,IDN,FRA,15.50084129415477
2016,IMN,ROU,15.458599573105626
2016,NLD,AUT,15.446332363229848
2016,MUS,ESP,15.359172647974445
2016,CHL,FRA,15.215054744226327
2016,VGB,LUX,15.209670450451162
2016,MDA,POL,15.143708121214868
2016,CPV,ESP,15.082243289040036
2016,MUS,FRA,14.996327116432692
2016,CHN,DEU,14.831912786456316
2016,CPV,FRA,14.725939944551262
2016,VGB,ESP,14.277030085475214
2016,LAO,DEU,14.226459933219331
2016,ARE,LUX,14.082410962209432
2016,VGB,FRA,13.939749120612497
2016,PRI,AUT,13.677285651511195
2016,GIN,LUX,13.364006996068586
2016,ARE,ESP,13.218892916744698
2016,ASM,AUT,13.118367299737452
2016,IRL,AUT,13.091456959946003
2016,LIE,POL,13.067892354325753
2016,ARE,FRA,12.906609414455772
2016,CHN,LUX,12.759159977815465
2016,GIN,ESP,12.544540696456234
2016,GIN,FRA,12.248188110201982
2016,BEL,POL,12.238701386027888
2016,LAO,LUX,12.238318874938322
2016,TLS,SVK,12.1578717727483
2016,SGP,AUT,12.01216509876218
2016,CHN,ESP,11.976782236150237
2016,HKG,CZE,11.899033414898103
2016,BMU,AUT,11.8593358299847
2016,NPL,CZE,11.748930525164885
2016,CHN,FRA,11.693842391912671
2016,ISR,DEU,11.512594355231702
2016,CYP,DEU,11.512558131160086
2016,LAO,ESP,11.487878540323711
2016,KOR,DEU,11.438309936675651
2016,HKG,ROU,11.342324067207048
2016,CYM,AUT,11.274146727182833
2016,LAO,FRA,11.216488570903675
2016,NPL,ROU,11.199243906036413
2016,QAT,DEU,11.10648900182713
2016,TLS,PRT,11.046825938206986
2016,MLI,DEU,10.954705594261481
2016,BFA,DEU,10.811472912594205
2016,LBR,CZE,10.710267377783545
2016,COD,CZE,10.66071926898309
2016,WSM,DEU,10.350256753949816
2016,BHS,AUT,10.350061230007894
2016,XKV,DEU,10.28791745192743
2016,LBR,ROU,10.209175754827235
2016,THA,POL,10.189836951802654
2016,MWI,POL,10.164389290297008
2016,COD,ROU,10.161945808718473
2016,ISR,LUX,9.90371473005352
2016,CYP,LUX,9.903683568278808
2016,DZA,DEU,9.860719327023931
2016,BRB,DEU,9.855320205084144
2016,KOR,LUX,9.839811523915392
2016,IMN,SVK,9.825998316700215
2016,NER,DEU,9.801904103477158
2016,UZB,DEU,9.715548814070592
2016,SWZ,POL,9.663371628562919
2016,QAT,LUX,9.554362408034223
2016,MLI,LUX,9.423790660007462
2016,IDN,POL,9.35402093035894
2016,BFA,LUX,9.300574677972218
2016,ISR,ESP,9.296429769439479
2016,CYP,ESP,9.296400518470724
2016,KOR,ESP,9.236445038043453
2016,JPN,AUT,9.187310821948358
2016,CHL,POL,9.181562331569609
2016,ISR,FRA,9.076810648120617
2016,CYP,FRA,9.076782088177582
2016,MUS,POL,9.049570604823723
2016,KOR,FRA,9.018242997725412
2016,QAT,ESP,8.968499349898257
2016,IMN,PRT,8.928050492933039
2016,WSM,LUX,8.903813259723394
2016,CPV,POL,8.886404798717885
2016,XKV,LUX,8.850185845723544
2016,MLI,ESP,8.845934118720889
2016,QAT,FRA,8.756627266138926
2016,ETH,DEU,8.740180153726229
2016,BFA,ESP,8.73027360600568
2016,MLI,FRA,8.636957519469373
2016,BFA,FRA,8.524029373996619
2016,DZA,LUX,8.482688457062803
2016,BRB,LUX,8.47804385986477
2016,NER,LUX,8.432092633235582
2016,VGB,POL,8.411976005930198
2016,WSM,ESP,8.357841164188622
2016,UZB,LUX,8.357805454748728
2016,XKV,ESP,8.30750212459034
2016,TWN,DEU,8.293772764219408
2016,WSM,FRA,8.160395286779236
2016,XKV,FRA,8.111245458084364
2016,PYF,DEU,8.004638926712364
2016,DZA,ESP,7.96253927405814
2016,BRB,ESP,7.958179478482868
2016,NER,ESP,7.915045930837202
2016,UZB,ESP,7.845313960925231
2016,ARE,POL,7.788525300772725
2016,DZA,FRA,7.774432019745929
2016,BRB,FRA,7.770175220105345
2016,MNE,DEU,7.753541914273534
2016,NER,FRA,7.728060660616234
2016,BLZ,DEU,7.707338138440876
2016,UZB,FRA,7.659976040745053
2016,NLD,DNK,7.568246518153149
2016,ETH,LUX,7.518744104142266
2016,MHL,CZE,7.47520567262102
2016,GIN,POL,7.391199339935576
2016,GIB,CZE,7.344160997589323
2016,TCD,DEU,7.342614262686868
2016,HUN,CZE,7.306109679434962
2016,HKG,SVK,7.209557157152924
2016,TWN,LUX,7.134721936536373
2016,IRN,CZE,7.129127275725679
2016,MHL,ROU,7.125469964790255
2016,NPL,SVK,7.1186106638326745
2016,ETH,ESP,7.0577029350852465
2016,CHN,POL,7.05667804827585
2016,GIB,ROU,7.000556358813624
2016,VCT,DEU,7.000253030835998
2016,HUN,ROU,6.964285313373009
2016,URY,DEU,6.933017308077355
2016,GBR,CZE,6.913355788165256
2016,ETH,FRA,6.890971560183845
2016,PYF,LUX,6.885994416299012
2016,GUY,DEU,6.872960111329797
2016,IRN,ROU,6.7955832258109545
2016,LAO,POL,6.768617707022711
2016,PRI,DNK,6.701465893369585
2016,TWN,ESP,6.697228586988105
2016,SDN,DEU,6.673224083368426
2016,MNE,LUX,6.669988092786641
2016,BLZ,LUX,6.630241272810306
2016,GBR,ROU,6.589906844289959
2016,HKG,PRT,6.550712533845012
2016,TWN,FRA,6.5390130683401795
2016,LBR,SVK,6.489290527736708
2016,NPL,PRT,6.468077176261207
2016,PYF,ESP,6.463752766385489
2016,COD,SVK,6.459269608392247
2016,MDA,CZE,6.449480190665613
2016,ASM,DNK,6.4276124134449155
2016,IRL,DNK,6.414427141974662
2016,TCD,LUX,6.316487386479228
2016,PYF,FRA,6.311052887164917
2016,MNE,ESP,6.260991714495142
2016,BLZ,ESP,6.223682126068965
2016,MAC,DEU,6.221722242519991
2016,MDA,ROU,6.147734176119895
2016,ARG,DEU,6.124827006831602
2016,MNE,FRA,6.113081868132155
2016,BLZ,FRA,6.076653682484264
2016,TLS,AUT,6.0761096389458045
2016,PAN,DEU,6.026233984259792
2016,VCT,LUX,6.021970975124916
2016,URY,LUX,5.964131412874732
2016,TCD,ESP,5.929167285055385
2016,GUY,LUX,5.912467181015105
2016,LBR,PRT,5.896267394680547
2016,SGP,DNK,5.8856060161312005
2016,COD,PRT,5.8689899338961204
2016,NGA,DEU,5.843631885280042
2016,BMU,DNK,5.8107241895527135
2016,TCD,FRA,5.789096468452539
2016,SDN,LUX,5.74064416865087
2016,VCT,ESP,5.6527102980831945
2016,SWE,DEU,5.605283497547654
2016,URY,ESP,5.598417394560613
2016,LIE,CZE,5.565421110758527
2016,GUY,ESP,5.549921156919844
2016,CYM,DNK,5.523998817756083
2016,VCT,FRA,5.519170509204656
2016,ISR,POL,5.47742378443949
2016,CYP,POL,5.477406549871389
2016,URY,FRA,5.466160222779304
2016,KOR,POL,5.442080991281207
2016,GUY,FRA,5.4188096616360815
2016,SDN,ESP,5.3886341438387415
2016,MAC,LUX,5.352239496872878
2016,LIE,ROU,5.305036771277879
2016,QAT,POL,5.28420833246662
2016,ARG,LUX,5.26888532462038
2016,SDN,FRA,5.261332897539967
2016,MYS,DEU,5.248023181623571
2016,BEL,CZE,5.212281002569034
2016,MLI,POL,5.211993328530036
2016,PAN,LUX,5.184070630399768
2016,BFA,POL,5.143846560471899
2016,MNG,DEU,5.1340328295286755
2016,BHS,DNK,5.071224224926613
2016,NGA,LUX,5.026987088532193
2016,MAC,ESP,5.024046021934429
2016,BEL,ROU,4.968418710923596
2016,ARG,ESP,4.945803036402584
2016,WSM,POL,4.924410673201314
2016,IMN,AUT,4.91071498370239
2016,MAC,FRA,4.905357815798571
2016,XKV,POL,4.89475108778844
2016,PAN,ESP,4.866189086513081
2016,ARG,FRA,4.828963244782624
2016,SWE,LUX,4.821947775443127
2016,PAN,FRA,4.751230097110004
2016,NGA,ESP,4.718737735710813
2016,DZA,POL,4.691500187269129
2016,BRB,POL,4.68893141102152
2016,SSD,DEU,4.675144996609578
2016,NER,POL,4.663517276171786
2016,UZB,POL,4.622431444298214
2016,NGA,FRA,4.607262141213481
2016,NCL,DEU,4.545261320932519
2016,MHL,SVK,4.5291849076378545
2016,SWE,ESP,4.526271209153629
2016,MYS,LUX,4.5146144199798535
2016,JPN,DNK,4.501510876777626
2016,GIB,SVK,4.449785678991378
2016,HUN,SVK,4.426730600181751
2016,SWE,FRA,4.419342449354574
2016,MNG,LUX,4.4165541657667635
2016,THA,CZE,4.339700094635179
2016,MWI,CZE,4.3288623138574644
2016,IRN,SVK,4.319497961120932
2016,MYS,ESP,4.237783199073894
2016,GBR,SVK,4.188763235180665
2016,ETH,POL,4.1583737928324265
2016,MNG,ESP,4.145735892450751
2016,MYS,FRA,4.137669688231274
2016,THA,ROU,4.136662459171925
2016,MWI,ROU,4.126331735871638
2016,SWZ,CZE,4.115486338920331
2016,MHL,PRT,4.115285820728757
2016,MNG,FRA,4.047796909798167
2016,GIB,PRT,4.043142482249769
2016,HUN,PRT,4.0221942893947915
2016,SSD,LUX,4.0217956908225005
2016,IDN,CZE,3.9837384747865703
2016,TWN,POL,3.945983572401961
2016,IRN,PRT,3.9247610937877564
2016,SWZ,ROU,3.9229387902847255
2016,CHL,CZE,3.9102909210105206
2016,NCL,LUX,3.910063197493415
2016,MDA,SVK,3.9077036299698014
2016,VUT,DEU,3.874418370743351
2016,MUS,CZE,3.8540776065326225
2016,PYF,POL,3.8084204385347746
2016,GBR,PRT,3.8059735470414187
2016,IDN,ROU,3.797354894680523
2016,CPV,CZE,3.784587715031124
2016,SSD,ESP,3.775183575644414
2016,CHL,ROU,3.727343665379449
2016,KAZ,DEU,3.7036025913183392
2016,MNE,POL,3.688954338566688
2016,SSD,FRA,3.6859985314647696
2016,MUS,ROU,3.6737603525616325
2016,NCL,ESP,3.670302396661526
2016,MDG,DEU,3.6674299809856192
2016,BLZ,POL,3.6669716600436923
2016,NLD,SVN,3.6501853656915135
2016,CPV,ROU,3.6075216219586723
2016,HKG,AUT,3.6031026279861136
2016,NCL,FRA,3.5835950684376163
2016,VGB,CZE,3.582535544157659
2016,NPL,AUT,3.557650522961439
2016,MDA,PRT,3.550598544322194
2016,GNQ,DEU,3.5003553052859235
2016,TCD,POL,3.493444549631771
2016,VGB,ROU,3.4149226838247424
2016,LIE,SVK,3.3720572253710843
2016,VUT,LUX,3.332970232837552
2016,VCT,POL,3.330557063427779
2016,ARE,CZE,3.317017155888098
2016,URY,POL,3.298567875271001
2016,GUY,POL,3.269994062302219
2016,BGD,DEU,3.2516893815715258
2016,LBR,AUT,3.2431367481504214
2016,PRI,SVN,3.2321347717711153
2016,COD,AUT,3.228133267211614
2016,TJK,DEU,3.2019422365314814
2016,KAZ,LUX,3.186025877932152
2016,SDN,POL,3.174964320403261
2016,ARE,ROU,3.1618268649840937
2016,BEL,SVK,3.1580916278556055
2016,MDG,LUX,3.1549083728136083
2016,GIN,CZE,3.147801935075271
2016,VUT,ESP,3.128596141726631
2016,SYC,DEU,3.107566194960102
2016,ASM,SVN,3.10005451218033
2016,IRL,SVN,3.093695220784635
2016,LIE,PRT,3.0639021301280804
2016,VUT,FRA,3.0546860974786427
2016,GNQ,LUX,3.01118230415437
2016,CHN,CZE,3.00533428932787
2016,GIN,ROU,3.0005285641355526
2016,KAZ,ESP,2.9906622540260654
2016,NLD,BGR,2.9805288266149317
2016,TLS,DNK,2.9771142131019603
2016,MDG,ESP,2.9614528403040734
2016,MAC,POL,2.960150278887276
2016,YEM,DEU,2.945271340380036
2016,KAZ,FRA,2.920010763864774
2016,ARG,POL,2.9140497864889428
2016,MDG,FRA,2.89149139416344
2016,LAO,CZE,2.8826536717566795
2016,BEL,PRT,2.8694897562604753
2016,PAN,POL,2.867141526703936
2016,CHN,ROU,2.864726423674641
2016,SGP,SVN,2.838643389426827
2016,GNQ,ESP,2.826539897055251
2016,FSM,DEU,2.824033025542887
2016,BMU,SVN,2.8025276858913477
2016,BGD,LUX,2.7972673258650924
2016,NGA,POL,2.7802637084486843
2016,GNQ,FRA,2.7597656381236515
2016,TJK,LUX,2.7544723208550095
2016,LAO,ROU,2.747785553543514
2016,SYC,LUX,2.673285286531172
2016,SWE,POL,2.6668631066673045
2016,CYM,SVN,2.664239278716165
2016,PRI,BGR,2.6391730538712674
2016,THA,SVK,2.6293997828429667
2016,BGD,ESP,2.6257419513851525
2016,MWI,SVK,2.622833232666227
2016,TJK,ESP,2.5855710892992554
2016,BGD,FRA,2.5637113488339485
2016,YEM,LUX,2.5336710612470092
2016,ASM,BGR,2.531324004659341
2016,IRL,BGR,2.5261313775944623
2016,TJK,FRA,2.524489484336666
2016,SYC,ESP,2.5093623551673754
2016,MYS,POL,2.496886983884027
2016,SWZ,SVK,2.4935499342979393
2016,SYC,FRA,2.4500811075077467
2016,BHS,SVN,2.4458648918963277
2016,MNG,POL,2.4426530339596573
2016,FSM,LUX,2.4293757436625856
2016,PAK,DEU,2.4198963988423143
2016,IDN,SVK,2.413724647345142
2016,IMN,DNK,2.4061052619533796
2016,THA,PRT,2.389112359955373
2016,MWI,PRT,2.383145893276596
2016,YEM,ESP,2.378309121552891
2016,CHL,SVK,2.3692231892402758
2016,MUS,SVK,2.3351638594115185
2016,ISR,CZE,2.3327533726124923
2016,CYP,CZE,2.3327460326661145
2016,YEM,FRA,2.322123879212102
2016,SGP,BGR,2.317870903266781
2016,KOR,CZE,2.3177014023465166
2016,CPV,SVK,2.293060326531516
2016,BMU,BGR,2.288380922705045
2016,FSM,ESP,2.2804090788282414
2016,SWZ,PRT,2.2656771355460714
2016,MHL,AUT,2.2635395888572813
2016,QAT,CZE,2.250465783598292
2016,FSM,FRA,2.226536629881638
2016,SSD,POL,2.2243249097450897
2016,GIB,AUT,2.223858431865225
2016,ISR,ROU,2.2236129438810943
2016,CYP,ROU,2.22360594734217
2016,MLI,CZE,2.2197104868354494
2016,HUN,AUT,2.212336251898182
2016,KOR,ROU,2.2092651965764345
2016,IDN,PRT,2.19314667405432
2016,BFA,CZE,2.190687791262419
2016,CYM,BGR,2.1754626616637434
2016,JPN,SVN,2.171090633279814
2016,VGB,SVK,2.1706380571045547
2016,NCL,POL,2.1625292872804924
2016,IRN,AUT,2.1587448599189134
2016,CHL,PRT,2.1527119770226584
2016,QAT,ROU,2.1451752700999926
2016,CUB,DEU,2.123813824560411
2016,MUS,PRT,2.121765155471734
2016,MLI,ROU,2.115858893676465
2016,WSM,CZE,2.097233308599079
2016,GBR,AUT,2.0934078878502382
2016,BFA,ROU,2.088194056793072
2016,XKV,CZE,2.084601732035891
2016,CPV,PRT,2.0835092495202088
2016,PAK,LUX,2.0817170197199886
2016,NLD,EST,2.0466862051667514
2016,TGO,DEU,2.01167732448289
2016,ARE,SVK,2.009761964924851
2016,WSM,ROU,1.9991119447474297
2016,DZA,CZE,1.9980401946540494
2016,BHS,BGR,1.997150852891374
2016,BRB,CZE,1.996946191032836
2016,XKV,ROU,1.987071350367719
2016,NER,CZE,1.9861226887595294
2016,VGB,PRT,1.9722745263220862
2016,UZB,CZE,1.9686248436700295
2016,PAK,ESP,1.954068407781082
2016,MDA,AUT,1.9529434210207783
2016,PAK,FRA,1.9079054401303615
2016,GIN,SVK,1.9072354181229167
2016,DZA,ROU,1.904559689587673
2016,BRB,ROU,1.9035168701274838
2016,NER,ROU,1.8931997572960926
2016,UZB,ROU,1.8765205681079686
2016,VUT,POL,1.8433578635674792
2016,CUB,LUX,1.8270118453910316
2016,ARE,PRT,1.826100078923189
2016,CHN,SVK,1.8209150760206
2016,PRI,EST,1.8122821138894432
2016,JPN,BGR,1.77278619286181
2016,ETH,CZE,1.7709895877274908
2016,HKG,DNK,1.7654138391919432
2016,KAZ,POL,1.7620877011600848
2016,LAO,SVK,1.7465835825610625
2016,MDG,POL,1.7448776171366116
2016,NPL,DNK,1.7431436505473816
2016,SLB,DEU,1.7405338990167287
2016,ASM,EST,1.7382237255620627
2016,IRL,EST,1.734658023366076
2016,GIN,PRT,1.7329429098284228
2016,TGO,LUX,1.7305463682512319
2016,CUB,ESP,1.7149814763010602
2016,ETH,ROU,1.6881318946885755
2016,LIE,AUT,1.6852447363427432
2016,TWN,CZE,1.6805357498435955
2016,FIN,DEU,1.6748285289984592
2016,CUB,FRA,1.674466705120675
2016,GNQ,POL,1.6653873845949643
2016,CHN,PRT,1.654510943119564
2016,JOR,DEU,1.6494762672555894
2016,TGO,ESP,1.6244311567644663
2016,PYF,CZE,1.621949655886898
2016,TWN,ROU,1.6019100389605962
2016,SGP,EST,1.5916485560253268
2016,LBR,DNK,1.5890411927502766
2016,LAO,PRT,1.586972225379916
2016,TGO,FRA,1.586055548908602
2016,COD,DNK,1.5816899303466774
2016,BEL,AUT,1.5783116765303586
2016,BMU,EST,1.571398211231685
2016,MNE,CZE,1.5710708196710264
2016,BLZ,CZE,1.561708723641639
2016,BGD,POL,1.5470779399202372
2016,PYF,ROU,1.5460649597580522
2016,TJK,POL,1.52340940900162
2016,MNE,ROU,1.4975665457776164
2016,SLB,LUX,1.4972951084666735
2016,CYM,EST,1.4938588681725118
2016,BLZ,ROU,1.4886424656938784
2016,TCD,CZE,1.4878061066480313
2016,SYC,POL,1.478507490386776
2016,FIN,LUX,1.4407720328839886
2016,TLS,SVN,1.435870079891216
2016,JOR,LUX,1.4189627377489669
2016,VCT,CZE,1.418434747455743
2016,TCD,ROU,1.4181974638077013
2016,ISR,SVK,1.4134020963697778
2016,CYP,SVK,1.4133976491377132
2016,SLB,ESP,1.4054826092421662
2016,URY,CZE,1.404811027711463
2016,KOR,SVK,1.4042821925778908
2016,YEM,POL,1.401291385211922
2016,GUY,CZE,1.3926418654931436
2016,CAF,DEU,1.3921514938028696
2016,SLB,FRA,1.3722794481011644
2016,BHS,EST,1.3714147180022813
2016,QAT,SVK,1.363544510830149
2016,FIN,ESP,1.352425466863802
2016,SDN,CZE,1.3521701109535273
2016,VCT,ROU,1.3520717198496748
2016,MLI,SVK,1.344910050184018
2016,FSM,POL,1.3436090237229512
2016,URY,ROU,1.3390854007973252
2016,CUW,DEU,1.3369000285944697
2016,JOR,ESP,1.3319534938647766
2016,ABW,DEU,1.3288059682453068
2016,GUY,ROU,1.3274855861994628
2016,BFA,SVK,1.3273253628155104
2016,FIN,FRA,1.3204757291636067
2016,THA,AUT,1.3140886549721065
2016,MWI,AUT,1.310806906359414
2016,JOR,FRA,1.3004873866370545
2016,SDN,ROU,1.2889073471483778
2016,ISR,PRT,1.2842384942972893
2016,CYP,PRT,1.2842344534750598
2016,KOR,PRT,1.2759520119552081
2016,NLD,LTU,1.2752851797753382
2016,WSM,SVK,1.2707018194687096
2016,XKV,SVK,1.2630484185543773
2016,MAC,CZE,1.26068400369732
2016,SWZ,AUT,1.2461953106744659
2016,ARG,CZE,1.2410504892289278
2016,QAT,PRT,1.23893713897373
2016,PNG,DEU,1.2298173279663331
2016,MLI,PRT,1.222005586555848
2016,PAN,CZE,1.2210729586373168
2016,JPN,EST,1.2173467383508423
2016,DZA,SVK,1.2106012718320178
2016,BRB,SVK,1.2099384212153121
2016,IDN,AUT,1.2063012235717636
2016,BFA,PRT,1.2060278739949117
2016,NER,SVK,1.2033805223037684
2016,MAC,ROU,1.2017015179044692
2016,CAF,LUX,1.1975989798838012
2016,UZB,SVK,1.1927786767671547
2016,NGA,CZE,1.1840729872062414
2016,CHL,AUT,1.1840608394328052
2016,NZL,DEU,1.183459542349458
2016,ARG,ROU,1.1829865789750698
2016,TLS,BGR,1.1724478993901426
2016,MUS,AUT,1.1670390920302363
2016,PAN,ROU,1.1639437190946285
2016,IMN,SVN,1.1604709485122306
2016,WSM,PRT,1.1545788672074988
2016,BHR,DEU,1.153775832733051
2016,PAK,POL,1.1513302459818666
2016,CUW,LUX,1.1500688808498845
2016,XKV,PRT,1.14762487153159
2016,CPV,AUT,1.1459971130763797
2016,ABW,LUX,1.1431059616127
2016,SWE,CZE,1.1357773565096896
2016,PRI,LTU,1.1292285625322953
2016,NGA,ROU,1.1286748319660975
2016,CAF,ESP,1.1241635196394588
2016,MHL,DNK,1.1090675254956648
2016,DZA,PRT,1.0999706018019018
2016,BRB,PRT,1.0993683257191589
2016,CAF,FRA,1.0976062486736156
2016,NER,PRT,1.0934097197106172
2016,GIB,DNK,1.0896249308926684
2016,VGB,AUT,1.0848144369311918
2016,HUN,DNK,1.0839794031151688
2016,UZB,PRT,1.083776722714445
2016,ASM,LTU,1.0830829614951003
2016,SWE,ROU,1.0826387653974807
2016,IRL,LTU,1.0808611811584006
2016,CUW,ESP,1.0795479143189166
2016,ETH,SVK,1.0730325911563443
2016,ABW,ESP,1.0730119536775689
2016,MYS,CZE,1.0633870523647526
2016,PNG,LUX,1.057950937072698
2016,IRN,DNK,1.057721204326465
2016,CUW,FRA,1.0540446436822983
2016,ABW,FRA,1.0476630887610632
2016,GGY,DEU,1.0470537103214896
2016,MNG,CZE,1.0402896192328526
2016,ITA,DEU,1.031658818561277
2016,GBR,DNK,1.0257080183003409
2016,KWT,DEU,1.0252725557192448
2016,TWN,SVK,1.0182271215380063
2016,NZL,LUX,1.018071630106769
2016,MYS,ROU,1.0136353211422915
2016,CUB,POL,1.0104610652838786
2016,ARE,AUT,1.004413788475589
2016,PNG,ESP,0.9930785421518167
2016,BHR,LUX,0.9925362048933333
2016,SGP,LTU,0.9917523310538658
2016,MNG,ROU,0.991618526788672
2016,PYF,SVK,0.9827301380211516
2016,BMU,LTU,0.979134390631207
2016,ETH,PRT,0.9749736205556179
2016,PRK,DEU,0.9704241736452597
2016,PNG,FRA,0.9696180264229761
2016,TGO,POL,0.9571091348956345
2016,MDA,DNK,0.9568845793759687
2016,NZL,ESP,0.9556445906934152
2016,MLT,DEU,0.953738728468184
2016,GIN,AUT,0.953174348636503
2016,MNE,SVK,0.9519029384497577
2016,IMN,BGR,0.9475730046478382
2016,SSD,CZE,0.9473069163891269
2016,BLZ,SVK,0.9462304973294468
2016,NZL,FRA,0.9330684156986715
2016,BHR,ESP,0.9316749698390193
2016,CYM,LTU,0.9308198151954367
2016,TWN,PRT,0.9251765430200145
2016,NCL,CZE,0.9209890793200842
2016,CHN,AUT,0.9100342438148165
2016,BHR,FRA,0.909665053849178
2016,SSD,ROU,0.9029861218256021
2016,TCD,SVK,0.901453318990616
2016,GGY,LUX,0.9007284486972119
2016,PYF,PRT,0.8929234476122271
2016,ITA,LUX,0.8874849857913976
2016,KWT,LUX,0.8819912001661023
2016,NCL,ROU,0.8778995936701894
2016,LAO,AUT,0.8728857763586048
2016,MNE,PRT,0.8649133884346925
2016,BLZ,PRT,0.8597593227501652
2016,VCT,SVK,0.8594216041674613
2016,BHS,LTU,0.8545251640329451
2016,HKG,SVN,0.8514637762856896
2016,URY,SVK,0.851167069301928
2016,GGY,ESP,0.845496764889607
2016,GUY,SVK,0.8437938426280881
2016,NPL,SVN,0.8407228052448302
2016,PRK,LUX,0.8348078535888922
2016,ITA,ESP,0.8330653766515682
2016,SLB,POL,0.8281054193284446
2016,KWT,ESP,0.8279084639550696
2016,LIE,DNK,0.8257201326590475
2016,GGY,FRA,0.8255227252649102
2016,MLT,LUX,0.8204541914968537
2016,SDN,SVK,0.8192722350798397
2016,TCD,PRT,0.8190741021491506
2016,ITA,FRA,0.8133850164962293
2016,KWT,FRA,0.8083499308519659
2016,TLS,EST,0.805103081215245
2016,FIN,POL,0.7968443372996211
2016,VUT,CZE,0.7850587141686406
2016,JOR,POL,0.7847823226767724
2016,PRK,ESP,0.7836183486096546
2016,VCT,PRT,0.7808834511688938
2016,URY,PRT,0.7733832561047543
2016,BEL,DNK,0.7733260925355112
2016,MLT,ESP,0.7701448373858332
2016,GUY,PRT,0.7666838309758084
2016,LBR,SVN,0.7663987811900016
2016,PRK,FRA,0.7651061264513447
2016,MAC,SVK,0.7638413192776171
2016,COD,SVN,0.7628532478381724
2016,JPN,LTU,0.7585257818944406
2016,MLT,FRA,0.7519509138399415
2016,ARG,SVK,0.7519454837235763
2016,KAZ,CZE,0.7504469600102001
2016,BEN,DEU,0.7494005174194521
2016,VUT,ROU,0.7483288799522918
2016,SDN,PRT,0.7444031279569041
2016,MDG,CZE,0.7431174410376582
2016,PAN,SVK,0.7398412107429946
2016,NGA,SVK,0.7174231369764839
2016,KAZ,ROU,0.7153364747281826
2016,GNQ,CZE,0.7092637325519171
2016,DJI,DEU,0.7089725393452111
2016,MDG,ROU,0.7083498753511925
2016,ISR,AUT,0.7063724854138094
2016,CYP,AUT,0.7063702628315911
2016,KOR,AUT,0.7018146535521219
2016,HKG,BGR,0.6952557406785632
2016,MAC,PRT,0.6940377605712156
2016,SWE,SVK,0.6881610870429495
2016,NPL,BGR,0.6864852891519041
2016,ARG,PRT,0.6832290246994015
2016,QAT,AUT,0.6814552826554335
2016,GNQ,ROU,0.6760800498003814
2016,PAN,PRT,0.6722308994333704
2016,MLI,AUT,0.672142384142858
2016,BFA,AUT,0.6633541282363322
2016,CAF,POL,0.6623531993232759
2016,BGD,CZE,0.6588774986328043
2016,NGA,PRT,0.6518614989825753
2016,IMN,EST,0.6506847307374486
2016,TJK,CZE,0.6487974231268632
2016,BEN,LUX,0.6446721489586772
2016,MYS,SVK,0.6443002105197219
2016,THA,DNK,0.6438646180637807
2016,MWI,DNK,0.6422566581981373
2016,MRT,DEU,0.6378433333690126
2016,CUW,POL,0.6360658412943625
2016,WSM,AUT,0.635055519404814
2016,ABW,POL,0.6322148762293904
2016,XKV,AUT,0.6312305980752004
2016,MNG,SVK,0.6303056062067818
2016,SYC,CZE,0.6296743634170937
2016,BGD,ROU,0.6280511911771979
2016,LBR,BGR,0.625796618848315
2016,SWE,PRT,0.6252735584076926
2016,COD,BGR,0.6229015427625422
2016,TJK,ROU,0.6184427230753139
2016,SWZ,DNK,0.6105988851698299
2016,DJI,LUX,0.6098939617312089
2016,SLE,DEU,0.6075965806388535
2016,BEN,ESP,0.6051415575330874
2016,DZA,AUT,0.6050192167009342
2016,BRB,AUT,0.6046879454803924
2016,NER,AUT,0.6014105204892046
2016,SYC,ROU,0.6002143567179938
2016,YEM,CZE,0.5967891719739279
2016,UZB,AUT,0.5961120622508125
2016,IDN,DNK,0.5910519611033331
2016,BEN,FRA,0.5908456761641092
2016,MYS,PRT,0.5854209034771366
2016,PNG,POL,0.5851183907697962
2016,CHL,DNK,0.5801548299356296
2016,SSD,SVK,0.5739679115887399
2016,MNG,PRT,0.5727051946089402
2016,DJI,ESP,0.5724959307272729
2016,FSM,CZE,0.5722231116143278
2016,MUS,DNK,0.5718146765915877
2016,YEM,ROU,0.5688677350761447
2016,NZL,POL,0.5630624379847988
2016,CPV,DNK,0.5615047285594144
2016,DJI,FRA,0.5589712705745906
2016,NCL,SVK,0.5580220827145778
2016,JEY,DEU,0.5564553946155402
2016,BHR,POL,0.5489396215242834
2016,MRT,LUX,0.5487050287047129
2016,FSM,ROU,0.545451024832749
2016,ETH,AUT,0.5362668559017244
2016,MHL,SVN,0.5349062086465792
2016,VGB,DNK,0.5315270248030589
2016,GMB,DEU,0.5268990448615035
2016,SEN,DEU,0.5259420850016676
2016,GIB,SVN,0.5255289937103712
2016,HUN,SVN,0.5228061406920921
2016,SLE,LUX,0.5226852453868168
2016,SSD,PRT,0.521515914294242
2016,MRT,ESP,0.515059036182888
2016,IRN,SVN,0.5101417417830387
2016,TWN,AUT,0.5088768613007485
2016,NCL,PRT,0.5070272933163384
2016,MRT,FRA,0.5028912668607682
2016,PRY,DEU,0.5019020536904751
2016,TLS,LTU,0.5016577651587827
2016,GGY,POL,0.49816372570221756
2016,GBR,SVN,0.49470169726791446
2016,ARE,DNK,0.4921330823821452
2016,PYF,AUT,0.4911366212544837
2016,ITA,POL,0.49083919539355253
2016,SLE,ESP,0.4906347575335022
2016,PAK,CZE,0.4903344382325909
2016,KWT,POL,0.48780076053644894
2016,SLE,FRA,0.479043988064967
2016,JEY,LUX,0.4786910159626445
2016,HKG,EST,0.4774221006699384
2016,MNE,AUT,0.47573018763200514
2016,VUT,SVK,0.47566264201202446
2016,BLZ,AUT,0.47289528570083567
2016,NPL,EST,0.471399557961273
2016,SAU,DEU,0.4685616662479546
2016,PAK,ROU,0.4673936029780945
2016,GIN,DNK,0.4670272706570638
2016,PRK,POL,0.4617051800582273
2016,MDA,SVN,0.46150797016405554
2016,KAZ,SVK,0.45469157560572526
2016,MLT,POL,0.45376663454477884
2016,GMB,LUX,0.4532651521309491
2016,SEN,LUX,0.4524419269596722
2016,TCD,AUT,0.4505171055394684
2016,MDG,SVK,0.45025066144703263
2016,JEY,ESP,0.4493382061636087
2016,CHN,DNK,0.4458898938072223
2016,JEY,FRA,0.4387230275993549
2016,MHL,BGR,0.4367732634598396
2016,VUT,PRT,0.43219426144899187
2016,PRY,LUX,0.43176147867310416
2016,CUB,CZE,0.4303403480721894
2016,LCA,DEU,0.4302238396183938
2016,GNQ,SVK,0.42973889063345067
2016,LBR,EST,0.42972552239714173
2016,VCT,AUT,0.4295110189190416
2016,GIB,BGR,0.4291163757594428
2016,COD,EST,0.4277375153580054
2016,LAO,DNK,0.42768824225209484
2016,HUN,BGR,0.4268930525310129
2016,GMB,ESP,0.4254714285067959
2016,URY,AUT,0.4253856703548378
2016,SEN,ESP,0.424698682603081
2016,GUY,AUT,0.42170077101550857
2016,IRN,BGR,0.41655204180455274
2016,AFG,DEU,0.41550535570704544
2016,GMB,FRA,0.41542007937681946
2016,SEN,FRA,0.4146655888443154
2016,KAZ,PRT,0.4131396337428305
2016,CUB,ROU,0.4102064022207178
2016,SDN,AUT,0.40944566759187057
2016,MDG,PRT,0.40910455205792906
2016,TGO,CZE,0.4076185539502655
2016,LBN,DEU,0.4074994770615314
2016,IMN,LTU,0.40544006781340813
2016,PRY,ESP,0.405286336797805
2016,GBR,BGR,0.4039446004964789
2016,SAU,LUX,0.4030803946331604
2016,GUM,DEU,0.4026863445484516
2016,DOM,DEU,0.4005887018579672
2016,BGD,SVK,0.39921015601214094
2016,LIE,SVN,0.3982470096817636
2016,PRY,FRA,0.3957118408485455
2016,TJK,SVK,0.39310269518112
2016,GNQ,PRT,0.39046724726500204
2016,TGO,ROU,0.38854767219340763
2016,MAC,AUT,0.38174309529164113
2016,SYC,SVK,0.3815161412830013
2016,KNA,DEU,0.3809035129699493
2016,SAU,ESP,0.37836394547734264
2016,MDA,BGR,0.37684053574794846
2016,ARG,AUT,0.37579794284849427
2016,BEL,SVN,0.37297722518813475
2016,LCA,LUX,0.3701002611728968
2016,PAN,AUT,0.3697486201459307
2016,SAU,FRA,0.36942546486647027
2016,BGD,PRT,0.36272837784944745
2016,YEM,SVK,0.3615911894766995
2016,NGA,AUT,0.35854479462075795
2016,AFG,LUX,0.3574386784384513
2016,TJK,PRT,0.35717904668476663
2016,BEN,POL,0.35654728131016084
2016,SLB,CZE,0.3526777890191658
2016,LBN,LUX,0.3505516175534677
2016,LCA,ESP,0.3474061177473405
2016,FSM,SVK,0.3467067522192282
2016,SYC,PRT,0.34665132879724386
2016,GUM,LUX,0.3464111180364474
2016,ISR,DNK,0.34610164908651453
2016,CYP,DNK,0.3461005600868906
2016,DOM,LUX,0.3446066199215026
2016,SWE,AUT,0.34392057197884823
2016,KOR,DNK,0.34386844612892065
2016,FIN,CZE,0.33936415885211163
2016,LCA,FRA,0.33919898573938595
2016,DJI,POL,0.3373125926007462
2016,SLB,ROU,0.33617737129412956
2016,AFG,ESP,0.3355209294246671
2016,JOR,CZE,0.3342271261156843
2016,QAT,DNK,0.3338929558780795
2016,MLI,DNK,0.3293299107432035
2016,LBN,ESP,0.32905617558429096
2016,YEM,PRT,0.32854721661827296
2016,KNA,LUX,0.3276724268857205
2016,AFG,FRA,0.3275945734437327
2016,LIE,BGR,0.3251853189775808
2016,GUM,ESP,0.32516956697130545
2016,BFA,DNK,0.32502392498547544
2016,FIN,ROU,0.32348663393754695
2016,DOM,ESP,0.3234757187081114
2016,MYS,AUT,0.32200032971961007
2016,LBN,FRA,0.32128254313197757
2016,JOR,ROU,0.31858994291998416
2016,GUM,FRA,0.3174877518714235
2016,DOM,FRA,0.31583391912778225
2016,FSM,PRT,0.3150229920956878
2016,MNG,AUT,0.31500628078172876
2016,LSO,DEU,0.3113020066749772
2016,WSM,DNK,0.31115844270001386
2016,THA,SVN,0.3105376127357549
2016,MWI,SVN,0.30976208942845873
2016,XKV,DNK,0.3092843442503412
2016,KNA,ESP,0.3075799118770085
2016,BEL,BGR,0.3045514843692008
2016,MRT,POL,0.30347097597110473
2016,KNA,FRA,0.3003136352894284
2016,MHL,EST,0.29992590748541303
2016,LVA,DEU,0.297588840637303
2016,HKG,LTU,0.29748054584262795
2016,PAK,SVK,0.2970908674087967
2016,DZA,DNK,0.2964415417547787
2016,BRB,DNK,0.2962792286436484
2016,NER,DNK,0.2946733872248069
2016,GIB,EST,0.2946680330132807
2016,SWZ,SVN,0.2944934615446897
2016,NPL,LTU,0.29372791417806887
2016,HUN,EST,0.29314130898343055
2016,UZB,DNK,0.2920772992233763
2016,SLE,POL,0.28908027673388675
2016,GRC,DEU,0.2873587011295881
2016,SSD,AUT,0.286850529865523
2016,IRN,EST,0.28604028589909253
2016,IDN,SVN,0.28506592823156757
2016,CAF,CZE,0.2820863822827538
2016,CHL,SVN,0.2798102129716371
2016,NCL,AUT,0.2788813222332752
2016,GBR,EST,0.2773829375865148
2016,MUS,SVN,0.2757877348968249
2016,CUW,CZE,0.2708909872371439
2016,CPV,SVN,0.2708152196202926
2016,PAK,PRT,0.26994124970558303
2016,ABW,CZE,0.2692509184572465
2016,CAF,ROU,0.2688886610563775
2016,LSO,LUX,0.26779769823134203
2016,LBR,LTU,0.2677609243179711
2016,COD,LTU,0.2665222019833507
2016,JEY,POL,0.2647484936409435
2016,ETH,DNK,0.26275491615347485
2016,CUB,SVK,0.26074078694249153
2016,MDA,EST,0.2587709668082397
2016,CUW,ROU,0.2582170548645061
2016,ABW,ROU,0.25665371850385565
2016,VGB,SVN,0.25635689360170694
2016,LVA,LUX,0.2560009406724112
2016,THA,BGR,0.2535669325746027
2016,MWI,BGR,0.25293368539903904
2016,LSO,ESP,0.2513766361293167
2016,GMB,POL,0.2506862720314065
2016,SEN,POL,0.25023097285771184
2016,TWN,DNK,0.2493346279972691
2016,PNG,CZE,0.2491932253486411
2016,GRC,LUX,0.24720045833047788
2016,TGO,SVK,0.24697378018461746
2016,LSO,FRA,0.24543810732675467
2016,PYF,DNK,0.24064243448465522
2016,SWZ,BGR,0.24046621293088158
2016,LVA,ESP,0.24030324284781293
2016,NZL,CZE,0.23979992290022561
2016,PRY,POL,0.23879328685753087
2016,VUT,AUT,0.2377207473510277
2016,PNG,ROU,0.23753444659782436
2016,ARE,SVN,0.23735709070458844
2016,CUB,PRT,0.23691301752343694
2016,LVA,FRA,0.23462631220312616
2016,BHR,CZE,0.23378522529317788
2016,MNE,DNK,0.23309373717071888
2016,IDN,BGR,0.23276823817383527
2016,GRC,ESP,0.23204239646249572
2016,BLZ,DNK,0.2317047189775747
2016,NZL,ROU,0.22858062012164837
2016,CHL,BGR,0.22847672712238629
2016,KAZ,AUT,0.22724008913123106
2016,GRC,FRA,0.22656062028780313
2016,GIN,SVN,0.22524849113229786
2016,MUS,BGR,0.22519220574736482
2016,MDG,AUT,0.2250206643972208
2016,TGO,PRT,0.22440410723165025
2016,LIE,EST,0.22330007364164645
2016,SAU,POL,0.22293070840429965
2016,BHR,ROU,0.22284732674842572
2016,CPV,BGR,0.22113193931218889
2016,TCD,DNK,0.2207400718298774
2016,CHN,SVN,0.21505387822409866
2016,GNQ,AUT,0.21476954720485059
2016,SLB,SVK,0.21368548094070292
2016,GGY,CZE,0.21216052600245727
2016,VCT,DNK,0.21044770998069695
2016,VGB,BGR,0.20932611216487976
2016,BEL,EST,0.2091311166848951
2016,ITA,CZE,0.2090411174168225
2016,URY,DNK,0.20842641106176865
2016,KWT,CZE,0.20774709317489562
2016,GUY,DNK,0.20662091925058557
2016,LAO,SVN,0.2062751734106942
2016,FIN,SVK,0.20561882759906305
2016,LCA,POL,0.20469046498522653
2016,JOR,SVK,0.20250632847076672
2016,GGY,ROU,0.20223436276564025
2016,SDN,DNK,0.20061628063253112
2016,GEO,DEU,0.2003505862347358
2016,BGD,AUT,0.19951227667555077
2016,ITA,ROU,0.1992608991369056
2016,KWT,ROU,0.19802741724043657
2016,AFG,POL,0.1976877537492249
2016,PRK,CZE,0.1966333733375174
2016,TJK,AUT,0.19645996601473012
2016,SLB,PRT,0.19415785571658384
2016,LBN,POL,0.19387874348140918
2016,ARE,BGR,0.19381197943969544
2016,MLT,CZE,0.19325246480297179
2016,GUM,POL,0.19158876733082747
2016,SYC,AUT,0.1906693825032041
2016,DOM,POL,0.19059075788051674
2016,PRK,ROU,0.18743366499247124
2016,MAC,DNK,0.18704283863835294
2016,MHL,LTU,0.1868831010250804
2016,FIN,PRT,0.18682837264301724
2016,MLT,ROU,0.1842109359771556
2016,ARG,DNK,0.18412988958224916
2016,JOR,PRT,0.1840003089205342
2016,GIN,BGR,0.18392480208854958
2016,GIB,LTU,0.1836069322726345
2016,HUN,LTU,0.18265563425540074
2016,KNA,POL,0.18122500429888255
2016,PAN,DNK,0.18116590017659268
2016,YEM,AUT,0.18071153840114923
2016,IRN,LTU,0.17823100410064724
2016,NGA,DNK,0.17567635667028209
2016,CHN,BGR,0.17560047479967722
2016,THA,EST,0.17412075949498457
2016,MWI,EST,0.17368591778263012
2016,FSM,AUT,0.17327277984365858
2016,GBR,LTU,0.1728366314941812
2016,GEO,LUX,0.17235168640907758
2016,GRL,DEU,0.17201125805685702
2016,CAF,SVK,0.1709145461996687
2016,SWE,DNK,0.16851091962751819
2016,LAO,BGR,0.1684322956155118
2016,ISR,SVN,0.16692574317010775
2016,CYP,SVN,0.16692521794270127
2016,KOR,SVN,0.1658486634615021
2016,SWZ,EST,0.1651246840559111
2016,CUW,SVK,0.16413131955731186
2016,ABW,SVK,0.16313761114436395
2016,GEO,ESP,0.16178326941145524
2016,MDA,LTU,0.16123955792226446
2016,QAT,SVN,0.16103745805984399
2016,IDN,EST,0.15983859569391315
2016,MLI,SVN,0.15883668929070263
2016,GEO,FRA,0.15796129685280288
2016,MYS,DNK,0.15777064852274292
2016,CHL,EST,0.15689167688209382
2016,BFA,SVN,0.1567599009408471
2016,CAF,PRT,0.15529553835297424
2016,MUS,EST,0.15463624337351523
2016,MNG,DNK,0.15434377117236814
2016,BEN,CZE,0.15184818734218225
2016,CPV,EST,0.15184811690818115
2016,PNG,SVK,0.15098476814737996
2016,WSM,SVN,0.15007254206514845
2016,XKV,SVN,0.14916865941301075
2016,CUW,PRT,0.14913219616462464
2016,PAK,AUT,0.1484763712635622
2016,ABW,PRT,0.1482292976905864
2016,LSO,POL,0.14811023153355457
2016,GRL,LUX,0.1479727659629198
2016,NZL,SVK,0.14529341923398958
2016,BEN,ROU,0.14474380311400675
2016,VGB,EST,0.14374122549105534
2016,DJI,CZE,0.14365641932790033
2016,DZA,SVN,0.14297454171199164
2016,BRB,SVN,0.14289625766806066
2016,NER,SVN,0.1421217560932749
2016,BHR,SVK,0.14164914791639596
2016,LVA,POL,0.14158582708595147
2016,UZB,SVN,0.14086965596570375
2016,SSD,DNK,0.1405482850448766
2016,FRO,DEU,0.14011906698796714
2016,LIE,LTU,0.13913773095213292
2016,GRL,ESP,0.13889923771628612
2016,PNG,PRT,0.13718704097399884
2016,DJI,ROU,0.13693529596375079
2016,GRC,POL,0.13671856539595476
2016,NCL,DNK,0.13664360874393314
2016,ISR,BGR,0.1363018421198377
2016,CYP,BGR,0.1363014132497205
2016,GRL,FRA,0.1356178781733581
2016,KOR,BGR,0.1354223615459921
2016,ARE,EST,0.1330878940586521
2016,NZL,PRT,0.13201579538307626
2016,QAT,BGR,0.13149381136188637
2016,CUB,AUT,0.1303097810554928
2016,BEL,LTU,0.13030908844982636
2016,MLI,BGR,0.12969679173137863
2016,MRT,CZE,0.1292437778317789
2016,BHR,PRT,0.1287045554169422
2016,GGY,SVK,0.12854686472190593
2016,BFA,BGR,0.12800100729212735
2016,ETH,SVN,0.1267273928520184
2016,ITA,SVK,0.12665683267388347
2016,GIN,EST,0.1262985118148273
2016,KWT,SVK,0.12587279069252114
2016,TGO,AUT,0.12342947798728224
2016,MRT,ROU,0.12319696573023702
2016,SLE,CZE,0.12311499293197999
2016,WSM,BGR,0.12254049942579244
2016,XKV,BGR,0.12180244148333964
2016,CHN,EST,0.12058231619299936
2016,FRO,LUX,0.12053749353719474
2016,LKA,DEU,0.12045642504804006
2016,TWN,SVN,0.12025475228545567
2016,PRK,SVK,0.11913905059764564
2016,SLE,ROU,0.11735492276356299
2016,MLT,SVK,0.11709057720716047
2016,GGY,PRT,0.11679962299554132
2016,DZA,BGR,0.11674468563979888
2016,BRB,BGR,0.11668076344784847
2016,VUT,DNK,0.1164761430820319
2016,PYF,SVN,0.11606248430377733
2016,NER,BGR,0.11604835055955937
2016,LAO,EST,0.11566003081820662
2016,ITA,PRT,0.11508231132764425
2016,UZB,BGR,0.11502595850267623
2016,KWT,PRT,0.11436991894037049
2016,FRO,ESP,0.11314626620376618
2016,JEY,CZE,0.112752448183665
2016,MNE,SVN,0.1124217275711215
2016,BLZ,SVN,0.11175180041307596
2016,KAZ,DNK,0.11134093019041039
2016,FRO,FRA,0.11047329559241723
2016,MDG,DNK,0.11025347764047937
2016,THA,LTU,0.10849422032288936
2016,PRK,PRT,0.10825154097656016
2016,MWI,LTU,0.10822327151309437
2016,JEY,ROU,0.1074772010530614
2016,SLB,AUT,0.10679306664155377
2016,GMB,CZE,0.10676355702295877
2016,SEN,CZE,0.10656965187251174
2016,TCD,SVN,0.1064635220169512
2016,MLT,PRT,0.10639026711163412
2016,GNQ,DNK,0.10523073307083493
2016,LKA,LUX,0.10362269652415394
2016,ETH,BGR,0.10347820991979657
2016,SWZ,LTU,0.1028887876705221
2016,FIN,AUT,0.10276161516391635
2016,GMB,ROU,0.1017685067432435
2016,PRY,CZE,0.10169851141637207
2016,SEN,ROU,0.10158367365823703
2016,VCT,SVN,0.10149948860311254
2016,JOR,AUT,0.10120608913862612
2016,URY,SVN,0.10052461077429674
2016,GUY,SVN,0.09965381728583825
2016,IDN,LTU,0.09959503891215314
2016,TWN,BGR,0.09819302852208346
2016,CHL,LTU,0.09775882099206991
2016,BGD,DNK,0.09775512126574562
2016,LKA,ESP,0.09726866605249357
2016,PRY,ROU,0.09694043485858433
2016,SDN,SVN,0.09675776415684514
2016,MUS,LTU,0.09635346587695852
2016,TJK,DNK,0.09625957921810273
2016,GEO,POL,0.09532213438666325
2016,LKA,FRA,0.09497078831877145
2016,SAU,CZE,0.09494287503668816
2016,PYF,BGR,0.09476986659564253
2016,CPV,LTU,0.09461619108045877
2016,ISR,EST,0.09359651130176079
2016,CYP,EST,0.09359621680282998
2016,SYC,DNK,0.0934223643719748
2016,KOR,EST,0.09299258466225693
2016,BEN,SVK,0.09200395928654538
2016,MNE,BGR,0.09179703664175404
2016,BLZ,BGR,0.09125001313301542
2016,SAU,ROU,0.09050086834701784
2016,QAT,EST,0.09029490584891482
2016,MAC,SVN,0.09021125708808463
2016,VGB,LTU,0.08956480682223238
2016,NLD,HRV,0.08923497085594012
2016,MLI,EST,0.08906091835806035
2016,ARG,SVN,0.08880633403357112
2016,YEM,DNK,0.08854331495225029
2016,BFA,EST,0.08789644761456014
2016,PAN,SVN,0.0873767940831161
2016,LCA,CZE,0.08717462648999115
2016,DJI,SVK,0.08704061330222718
2016,TCD,BGR,0.08693191292063654
2016,CAF,AUT,0.0854175419029857
2016,FSM,DNK,0.08489854302657754
2016,NGA,SVN,0.08472917269248101
2016,AFG,CZE,0.08419227586384076
2016,WSM,EST,0.08414679553153534
2016,XKV,EST,0.08363998177555247
2016,BEN,PRT,0.08359618713387712
2016,LCA,ROU,0.08309606584088065
2016,ARE,LTU,0.08292674200473305
2016,VCT,BGR,0.08287857228065432
2016,LBN,CZE,0.08257007500843042
2016,URY,BGR,0.0820825438108336
2016,CUW,AUT,0.08202750542660481
2016,GRL,POL,0.08183894324773379
2016,GUM,CZE,0.08159480820441804
2016,ABW,AUT,0.08153088221992252
2016,GUY,BGR,0.08137150455272531
2016,SWE,SVN,0.08127326340496706
2016,DOM,CZE,0.0811697708140804
2016,AFG,ROU,0.0802532477644575
2016,DZA,EST,0.08016689370418728
2016,BRB,EST,0.08012299925589318
2016,NER,EST,0.07968873043659074
2016,DJI,PRT,0.07908641600084372
2016,PRI,HRV,0.07901501520233785
2016,SDN,BGR,0.07900675619898327
2016,UZB,EST,0.07898666854059112
2016,LBN,ROU,0.0787069433578216
2016,GIN,LTU,0.07869629449718551
2016,MRT,SVK,0.07830807520196911
2016,GUM,ROU,0.07777730548242512
2016,DOM,ROU,0.0773721539332368
2016,KNA,CZE,0.07718103557751144
2016,MYS,SVN,0.07609320216935908
2016,ASM,HRV,0.0757860892891477
2016,IRL,HRV,0.07563062562757782
2016,PNG,AUT,0.07545728579985783
2016,CHN,LTU,0.07513454695483576
2016,SLE,SVK,0.0745946790379014
2016,MNG,SVN,0.07444041013564899
2016,MAC,BGR,0.07366125971667443
2016,KNA,ROU,0.0735700360557621
2016,PAK,DNK,0.07274903539680799
2016,NZL,AUT,0.07261293436749873
2016,ARG,BGR,0.0725140813562242
2016,LAO,LTU,0.07206748294998179
2016,PAN,BGR,0.07134680227194086
2016,MRT,PRT,0.07115189997736167
2016,ETH,EST,0.07105699595555655
2016,BHR,AUT,0.07079164586457197
2016,SGP,HRV,0.06939545112058222
2016,NGA,BGR,0.06918490881005766
2016,BMU,HRV,0.06851254150653315
2016,JEY,SVK,0.06831607168791343
2016,SSD,SVN,0.06778681059255982
2016,SLE,PRT,0.06777785213158573
2016,TWN,EST,0.06742773803262996
2016,FRO,POL,0.06666538284001886
2016,SWE,BGR,0.06636301451657423
2016,NCL,SVN,0.065903574857931
2016,CYM,HRV,0.0651318468985337
2016,PYF,EST,0.06507710205476701
2016,GMB,SVK,0.06468743635043973
2016,SEN,SVK,0.06456995031468628
2016,GGY,AUT,0.0642435500548526
2016,CUB,DNK,0.06384794290081645
2016,ITA,AUT,0.06329897339213052
2016,LSO,CZE,0.06307794607929398
2016,MNE,EST,0.06303570255458489
2016,KWT,AUT,0.06290713466168987
2016,BLZ,EST,0.0626600693920267
2016,MYS,BGR,0.06213327813620408
2016,JEY,PRT,0.06207301465459154
2016,PRY,SVK,0.06161855381763229
2016,MNG,BGR,0.060783704400257876
2016,TGO,DNK,0.06047679766612111
2016,LVA,CZE,0.060299299204704636
2016,LSO,ROU,0.06012677508993207
2016,BHS,HRV,0.05979331471693302
2016,TCD,EST,0.059694892186463205
2016,PRK,AUT,0.05954182995529059
2016,GMB,PRT,0.05877598177617704
2016,SEN,PRT,0.05866923218945682
2016,MLT,AUT,0.05851806945298375
2016,ISR,LTU,0.05831975778235413
2016,CYP,LTU,0.05831957428078903
2016,GRC,CZE,0.05822640479858205
2016,KOR,LTU,0.0579434525670815
2016,SAU,SVK,0.05752535188147402
2016,LVA,ROU,0.05747813026131392
2016,LKA,POL,0.057310356570224916
2016,VCT,EST,0.056911521564909695
2016,BTN,DEU,0.056682250576338994
2016,URY,EST,0.05636490028295672
2016,QAT,LTU,0.05626253548181254
2016,VUT,SVN,0.05617675268775122
2016,PRY,PRT,0.055987548751186826
2016,GUY,EST,0.055876639868258755
2016,GRC,ROU,0.05550221849675784
2016,MLI,LTU,0.055493640887642595
2016,SSD,BGR,0.055350762439193325
2016,BFA,LTU,0.0547680620091028
2016,SDN,EST,0.054252801242349054
2016,NCL,BGR,0.05381302179535367
2016,KAZ,SVN,0.05370002589221847
2016,MDG,SVN,0.05317554464360677
2016,JPN,HRV,0.05307599203242819
2016,LCA,SVK,0.05281861395112577
2016,WSM,LTU,0.052431662946694664
2016,SLB,DNK,0.05232544760572752
2016,SAU,PRT,0.052268403643897135
2016,XKV,LTU,0.052115868532152956
2016,AFG,SVK,0.05101162454684513
2016,ZWE,DEU,0.05076081931981105
2016,GNQ,SVN,0.05075306161801465
2016,MAC,EST,0.05058212581978173
2016,FIN,DNK,0.05035015548516144
2016,LBN,SVK,0.05002874220845114
2016,DZA,LTU,0.04995179583049243
2016,BRB,LTU,0.04992444530687891
2016,ARG,EST,0.04979437496690174
2016,NER,LTU,0.04965385346534655
2016,JOR,DNK,0.04958799368856406
2016,GUM,SVK,0.049437833558829435
2016,UZB,LTU,0.0492164004112374
2016,DOM,SVK,0.049180305804034694
2016,PAN,EST,0.04899282123655392
2016,BTN,LUX,0.04876093282226786
2016,LCA,PRT,0.04799179046478311
2016,NGA,EST,0.047508280142381114
2016,BGD,SVN,0.04714755422008881
2016,KNA,SVK,0.04676355364694025
2016,TJK,SVN,0.046426250324531425
2016,AFG,PRT,0.046349932597354704
2016,BEN,AUT,0.04598059218680074
2016,VUT,BGR,0.0458706651846269
2016,BTN,ESP,0.045770965726525906
2016,SWE,EST,0.04557052598568982
2016,LBN,PRT,0.045456870858184714
2016,SYC,SVN,0.045057854080326365
2016,GUM,PRT,0.044919962333422714
2016,BTN,FRA,0.044689671130204604
2016,DOM,PRT,0.04468596872544179
2016,ETH,LTU,0.04427544077480819
2016,KAZ,BGR,0.04384831429825309
2016,ZWE,LUX,0.043667018787884704
2016,DJI,AUT,0.04350007298570692
2016,MDG,BGR,0.04342005345013311
2016,BIH,DEU,0.043265188815068835
2016,YEM,SVN,0.04270467560660111
2016,MYS,EST,0.04266602695052113
2016,KNA,PRT,0.04249007121029851
2016,TWN,LTU,0.042014059019751394
2016,CAF,DNK,0.041852071993179384
2016,MNG,EST,0.041739294109170454
2016,GNQ,BGR,0.041441994867786346
2016,ZWE,ESP,0.04098940493211991
2016,FSM,SVN,0.040946792441397276
2016,GEO,CZE,0.0405962801539674
2016,PYF,LTU,0.04054938347835784
2016,CUW,DNK,0.04019105427353885
2016,ZWE,FRA,0.04002107006402161
2016,ABW,DNK,0.0399477235742879
2016,MNE,LTU,0.03927739243155694
2016,MRT,AUT,0.039135833921895395
2016,BLZ,LTU,0.03904333632464944
2016,GEO,ROU,0.038696938597795126
2016,BGD,BGR,0.03849794746813997
2016,LSO,SVK,0.03821857135429975
2016,SSD,EST,0.03800857113615658
2016,TJK,BGR,0.03790897270711406
2016,SLE,AUT,0.037279999064655754
2016,BIH,LUX,0.03721889910692683
2016,TCD,LTU,0.037195741643981386
2016,PNG,DNK,0.03697184076418823
2016,NCL,EST,0.03695262679005028
2016,SYC,BGR,0.036791620013078445
2016,LVA,SVK,0.03653500490285888
2016,NZL,DNK,0.03557819259463308
2016,VCT,LTU,0.03546143020213528
2016,GRC,SVK,0.03527904988696894
2016,URY,LTU,0.03512083181530656
2016,TLS,HRV,0.035102278896933604
2016,PAK,SVN,0.03508705269267616
2016,BIH,ESP,0.03493667690098432
2016,YEM,BGR,0.03487015149232042
2016,GRL,CZE,0.034853989463904396
2016,GUY,LTU,0.03481659794244252
2016,LSO,PRT,0.03472597122666113
2016,BHR,DNK,0.03468581503556665
2016,JEY,AUT,0.03414215492947336
2016,BIH,FRA,0.034111331852069084
2016,SDN,LTU,0.03380478805739926
2016,FSM,BGR,0.033434766457643275
2016,GRL,ROU,0.03322330728474629
2016,LVA,PRT,0.033196257318495126
2016,GMB,AUT,0.0323286807818299
2016,SEN,AUT,0.032269965075032984
2016,GRC,PRT,0.03205507761977077
2016,MAC,LTU,0.031517599159390196
2016,VUT,EST,0.031498724929905804
2016,GGY,DNK,0.03147744154294298
2016,ARG,LTU,0.031026753525361318
2016,ITA,DNK,0.031014626884377623
2016,KWT,DNK,0.03082263748277738
2016,PRY,AUT,0.030794952915067845
2016,CUB,SVN,0.03079403217734239
2016,PAN,LTU,0.03052730735206632
2016,KAZ,EST,0.03011000571196456
2016,MDG,EST,0.02981592515745583
2016,NGA,LTU,0.029602293419111317
2016,SMR,DEU,0.029556172008341028
2016,PRK,DNK,0.029173737599763015
2016,TGO,SVN,0.029168119890818658
2016,SAU,AUT,0.028749303462324786
2016,MLT,DNK,0.028672125199174586
2016,PAK,BGR,0.02865004417978824
2016,GNQ,EST,0.02845762082657681
2016,SWE,LTU,0.02839488353290693
2016,FRO,CZE,0.028391795628146893
2016,IMN,HRV,0.028369680138158153
2016,FRO,ROU,0.02706345428538424
2016,BTN,POL,0.026968092324151868
2016,MYS,LTU,0.02658509727213492
2016,BGD,EST,0.02643598589172645
2016,LCA,AUT,0.026397028636504994
2016,TJK,EST,0.026031545408608504
2016,MNG,LTU,0.02600765230025692
2016,AFG,AUT,0.025493953991365798
2016,SMR,LUX,0.02542571092587683
2016,SYC,EST,0.02526427541116115
2016,SLB,SVN,0.02523670214039131
2016,CUB,BGR,0.025144613600983228
2016,LBN,AUT,0.02500274130530575
2016,GUM,AUT,0.024707424344507498
2016,GEO,SVK,0.0245970569148391
2016,DOM,AUT,0.024578720332616877
2016,LKA,CZE,0.024407628994238463
2016,FIN,SVN,0.024284013512429495
2016,ZWE,POL,0.024150813490064364
2016,YEM,EST,0.02394483066028987
2016,JOR,SVN,0.023916420856778555
2016,SMR,ESP,0.023866634127011715
2016,TGO,BGR,0.023816988301435374
2016,SSD,LTU,0.023683047920102628
2016,KNA,AUT,0.02337090605795249
2016,SMR,FRA,0.0233028080834865
2016,LKA,ROU,0.023265691263476645
2016,NCL,LTU,0.023025091574934806
2016,FSM,EST,0.02295917243637226
2016,BEN,DNK,0.022529131740604925
2016,GEO,PRT,0.02234925745305633
2016,DJI,DNK,0.021313750615466108
2016,GRL,SVK,0.021117835410076995
2016,HKG,HRV,0.020815475831964508
2016,SLB,BGR,0.020606821485045633
2016,BIH,POL,0.02058456738261008
2016,NPL,HRV,0.020552894581487652
2016,CAF,SVN,0.02018536530845594
2016,FIN,BGR,0.019828911424609436
2016,PAK,EST,0.01967357258100635
2016,VUT,LTU,0.019626778635397146
2016,JOR,BGR,0.019528756666191572
2016,CUW,SVN,0.01938425205747456
2016,ABW,SVN,0.019266893015945082
2016,GRL,PRT,0.01918798423994977
2016,MRT,DNK,0.01917540240940867
2016,LSO,AUT,0.019100401298286194
2016,KAZ,LTU,0.018761471079681548
2016,LBR,HRV,0.01873591778278407
2016,COD,HRV,0.018649241207864625
2016,MDG,LTU,0.01857823020383144
2016,SLE,DNK,0.018266098157351633
2016,LVA,AUT,0.018259009438377376
2016,PNG,SVN,0.017831616844987387
2016,GNQ,LTU,0.01773187409002085
2016,GRC,AUT,0.01763132389268535
2016,CUB,EST,0.017266443904798173
2016,FRO,SVK,0.017202428654334724
2016,NZL,SVN,0.017159456637040785
2016,BHR,SVN,0.016729060573836083
2016,JEY,DNK,0.016728647234235818
2016,CAF,BGR,0.016482193957349418
2016,BGD,LTU,0.01647219829564538
2016,TGO,EST,0.016354782738514137
2016,TJK,LTU,0.01622019241759752
2016,GMB,DNK,0.015840098478394234
2016,CUW,BGR,0.015828051523823754
2016,SEN,DNK,0.015811329516735452
2016,SYC,LTU,0.015742108354607924
2016,ABW,BGR,0.015732222964093545
2016,FRO,PRT,0.015630386519194468
2016,GGY,SVN,0.0151816535301626
2016,PRY,DNK,0.015088617135480209
2016,ITA,SVN,0.01495843679301342
2016,YEM,LTU,0.01491996555026855
2016,KWT,SVN,0.014865839795491187
2016,LKA,SVK,0.01478844458779529
2016,PNG,BGR,0.01456026001615638
2016,FSM,LTU,0.01430580431631261
2016,SLB,EST,0.014150407434132022
2016,SAU,DNK,0.01408630933942763
2016,PRK,SVN,0.014070571009249506
2016,SMR,POL,0.014062137042282128
2016,NZL,BGR,0.014011413128894588
2016,MLT,SVN,0.01382864201823613
2016,BHR,BGR,0.013659976764785399
2016,PLW,DEU,0.013634938003516799
2016,FIN,EST,0.013616227802873958
2016,LKA,PRT,0.013437004132941667
2016,JOR,EST,0.01341011585455682
2016,IOT,DEU,0.01321737557202366
2016,MHL,HRV,0.013076689306762425
2016,LCA,DNK,0.01293376416937618
2016,GIB,HRV,0.01284744738677465
2016,HUN,HRV,0.012780882627621623
2016,REU,DEU,0.012613015577853812
2016,AFG,DNK,0.01249128427330861
2016,IRN,HRV,0.01247127992136474
2016,GGY,BGR,0.012396454275345452
2016,GEO,AUT,0.01229281056779628
2016,PAK,LTU,0.012258555064501313
2016,LBN,DNK,0.012250604569316453
2016,ITA,BGR,0.012214188485254539
2016,KWT,BGR,0.012138579168816242
2016,GUM,DNK,0.01210590798324315
2016,GBR,HRV,0.012093821851626269
2016,DOM,DNK,0.012042846819792966
2016,PLW,LUX,0.011729461855609531
2016,PRK,BGR,0.0114892089848855
2016,BTN,CZE,0.011485309663423818
2016,KNA,DNK,0.01145105350835518
2016,IOT,LUX,0.01137025357675479
2016,CAF,EST,0.01131808513380571
2016,MLT,BGR,0.01129166385786628
2016,MDA,HRV,0.011282344906221407
2016,PLW,ESP,0.011010224077143223
2016,BTN,ROU,0.010947956835861462
2016,CUW,EST,0.010868894948843895
2016,BEN,SVN,0.010865859982763865
2016,REU,LUX,0.010850352606406172
2016,ABW,EST,0.010803090857466066
2016,CUB,LTU,0.010758679060631724
2016,PLW,FRA,0.01075011823034869
2016,IOT,ESP,0.010673042057265285
2016,GRL,AUT,0.010554008603418118
2016,IOT,FRA,0.010420901808099806
2016,ZWE,CZE,0.01028547248440592
2016,DJI,SVN,0.010279678443079827
2016,TGO,LTU,0.010190625212707336
2016,REU,ESP,0.01018502084606838
2016,PNG,EST,0.009998320785426954
2016,REU,FRA,0.009944409623878435
2016,ZWE,ROU,0.009804255357112313
2016,LIE,HRV,0.00973582345610139
2016,NZL,EST,0.009621435535106056
2016,BHR,EST,0.009380109246967739
2016,LSO,DNK,0.009358632342082753
2016,MRT,SVN,0.009248347432682418
2016,BEL,HRV,0.009118060724372925
2016,LVA,DNK,0.008946375188448272
2016,BEN,BGR,0.008872428564584397
2016,SLB,LTU,0.008817084340030073
2016,SLE,SVN,0.008809787580561
2016,BIH,CZE,0.008766661276413647
2016,GUF,DEU,0.008685325720096743
2016,GRC,DNK,0.008638827815132175
2016,FRO,AUT,0.008597215410197817
2016,GGY,EST,0.008512466556864412
2016,FIN,LTU,0.008484238315387149
2016,DJI,BGR,0.008393786851459558
2016,ITA,EST,0.008387307264687203
2016,BIH,ROU,0.0083565033996814
2016,JOR,LTU,0.008355810463379394
2016,KWT,EST,0.008335387436382069
2016,JEY,SVN,0.008068270923226253
2016,PRK,EST,0.00788947428646394
2016,MLT,EST,0.007753822893745375
2016,GMB,SVN,0.007639721501970377
2016,SEN,SVN,0.007625846155470873
2016,THA,HRV,0.007591618519597729
2016,MWI,HRV,0.007572659537301889
2016,MRT,BGR,0.007551662000715425
2016,GUF,LUX,0.007471555551711579
2016,LKA,AUT,0.0073907845373341
2016,PRY,SVN,0.007277280057454063
2016,SWZ,HRV,0.007199392037786779
2016,SLE,BGR,0.007193559561937982
2016,CAF,LTU,0.007052271226600671
2016,GUF,ESP,0.007013407933103599
2016,IDN,HRV,0.006968919999750845
2016,BTN,SVK,0.006958884272262035
2016,GUF,FRA,0.006847722984589023
2016,CHL,HRV,0.006840435128145385
2016,SAU,SVN,0.00679386434943053
2016,CUW,LTU,0.006772381918539559
2016,MUS,HRV,0.0067420988307210685
2016,ABW,LTU,0.006731379549788121
2016,CPV,HRV,0.006620537262929835
2016,JEY,BGR,0.006588080236593455
2016,PLW,POL,0.006487185374153463
2016,BTN,PRT,0.006322947364202011
2016,IOT,POL,0.006288518911740535
2016,VGB,HRV,0.006267078966531851
2016,GMB,BGR,0.006238151732773402
2016,LCA,SVN,0.006237988757517748
2016,ZWE,SVK,0.006231909700480758
2016,PNG,LTU,0.006229929281834323
2016,SEN,BGR,0.006226821932755641
2016,BEN,EST,0.006092568871439531
2016,AFG,SVN,0.0060245795302463455
2016,GEO,DNK,0.00602311400468834
2016,REU,POL,0.006000978527333149
2016,NZL,LTU,0.005995093002097439
2016,SMR,CZE,0.005988855144769395
2016,PRY,BGR,0.0059422031534233305
2016,LBN,SVN,0.005908499070760266
2016,WLF,DEU,0.0058945559187041415
2016,BHR,LTU,0.0058447231808829965
2016,GUM,SVN,0.005838711523580952
2016,DOM,SVN,0.005808296957219084
2016,ARE,HRV,0.00580259656689027
2016,DJI,EST,0.005763892502762171
2016,SMR,ROU,0.005708659978926226
2016,ZWE,PRT,0.005662407287280723
2016,SAU,BGR,0.005547474034583184
2016,KNA,SVN,0.005522873473755247
2016,GIN,HRV,0.005506581317885265
2016,BIH,SVK,0.005311670565658685
2016,GGY,LTU,0.005304097138045605
2016,CHN,HRV,0.005257356718416629
2016,ITA,LTU,0.0052261106885245065
2016,KWT,LTU,0.0051937595702109774
2016,MRT,EST,0.005185617500133317
2016,GRL,DNK,0.0051711524125637506
2016,LCA,BGR,0.005093578393753499
2016,WLF,LUX,0.005070794512330358
2016,LAO,HRV,0.005042746393269856
2016,SLE,EST,0.004939713714557531
2016,AFG,BGR,0.004919320845157051
2016,PRK,LTU,0.0049159121746884206
2016,MLT,LTU,0.0048313881229245705
2016,BIH,PRT,0.0048262641091060725
2016,LBN,BGR,0.0048245363010742
2016,GUM,BGR,0.004767551853637161
2016,WLF,ESP,0.0047598589361714716
2016,DOM,BGR,0.004742717089725557
2016,WLF,FRA,0.004647411893264726
2016,JEY,EST,0.004523939784900982
2016,LSO,SVN,0.0045136931964385694
2016,KNA,BGR,0.004509656892768779
2016,LVA,SVN,0.0043148604779893514
2016,GMB,EST,0.004283648922699678
2016,SEN,EST,0.004275868912254356
2016,FRO,DNK,0.004212381558546036
2016,GRC,SVN,0.004166529564264143
2016,GUF,POL,0.004132275333165292
2016,ISR,HRV,0.0040807828465086165
2016,CYP,HRV,0.00408077000643404
2016,PRY,EST,0.004080425296950547
2016,KOR,HRV,0.004054451806635866
2016,QAT,HRV,0.003936833732267863
2016,MLI,HRV,0.0038830322078793095
2016,BFA,HRV,0.0038322615950728543
2016,SAU,EST,0.003809370497851256
2016,BEN,LTU,0.0037962647956941496
2016,ATG,DEU,0.0037629584062090567
2016,LSO,BGR,0.0036856190408653933
2016,WSM,HRV,0.0036687777676527285
2016,XKV,HRV,0.003646680823514271
2016,SMR,SVK,0.003628613515620928
2016,LKA,DNK,0.00362126607311995
2016,DJI,LTU,0.003591467352462024
2016,LVA,BGR,0.003523263820612124
2016,LCA,EST,0.003497686900505711
2016,DZA,HRV,0.0034952551129945014
2016,BRB,HRV,0.0034933413267949492
2016,BTN,AUT,0.0034778244575482636
2016,NER,HRV,0.0034744073224828717
2016,UZB,HRV,0.0034437976116877154
2016,GRC,BGR,0.0034021454334771844
2016,AFG,EST,0.003378026752389116
2016,LBN,EST,0.003312939571515339
2016,SMR,PRT,0.0032970130507494677
2016,GUM,EST,0.0032738091724274377
2016,DOM,EST,0.0032567554978403745
2016,ATG,LUX,0.0032370867457182564
2016,MRT,LTU,0.00323114560952682
2016,ZWE,AUT,0.0031145061658740788
2016,ETH,HRV,0.003098066008945488
2016,KNA,EST,0.003096716418256424
2016,SLE,LTU,0.0030779235608298624
2016,ATG,ESP,0.0030385921252187088
2016,ATG,FRA,0.002966808338416952
2016,NRU,DEU,0.0029606733618291253
2016,TWN,HRV,0.002939831334688396
2016,GEO,SVN,0.0029049638569608885
2016,PYF,HRV,0.002837344235079282
2016,JEY,LTU,0.0028188558399015575
2016,WLF,POL,0.002804492175401487
2016,PLW,CZE,0.0027627958244365596
2016,MNE,HRV,0.00274833976314596
2016,BLZ,HRV,0.0027319622577771413
2016,IOT,CZE,0.002678186731100508
2016,GMB,LTU,0.00266913119006165
2016,SEN,LTU,0.002664283484539245
2016,BIH,AUT,0.0026546005194137533
2016,PLW,ROU,0.0026335353872568544
2016,TCD,HRV,0.002602681325090346
2016,REU,CZE,0.0025557275554212136
2016,IOT,ROU,0.002552884823283438
2016,NRU,LUX,0.002546920657471046
2016,PRY,LTU,0.0025425030447974563
2016,LSO,EST,0.002530861497154601
2016,GRL,SVN,0.0024940605217900224
2016,VCT,HRV,0.0024813271108152894
2016,URY,HRV,0.0024574945691969536
2016,GUY,HRV,0.002436206545773679
2016,REU,ROU,0.0024361550346420724
2016,LVA,EST,0.0024193745064360556
2016,NRU,ESP,0.002390746267020784
2016,SAU,LTU,0.0023736094609516883
2016,GEO,BGR,0.0023720243353466336
2016,SDN,HRV,0.00236540761622014
2016,HTI,DEU,0.002353976236268839
2016,GRC,EST,0.002336204254926473
2016,NRU,FRA,0.002334267209201675
2016,MAC,HRV,0.002205367150061956
2016,FLK,DEU,0.002193963727908274
2016,LCA,LTU,0.0021794001720678298
2016,ARG,HRV,0.002171021423677016
2016,PAN,HRV,0.0021360738955281035
2016,AFG,LTU,0.0021048402257909733
2016,NGA,HRV,0.002071348301082538
2016,LBN,LTU,0.002064284562225087
2016,GUM,LTU,0.002039902506045923
2016,GRL,BGR,0.002036504597927226
2016,FRO,SVN,0.0020316427963641033
2016,DOM,LTU,0.002029276403027937
2016,HTI,LUX,0.0020250091687402673
2016,SWE,HRV,0.0019868627383901193
2016,KNA,LTU,0.0019295564430931557
2016,HTI,ESP,0.0019008378202310338
2016,FLK,LUX,0.0018873583328690995
2016,MYS,HRV,0.001860227357695174
2016,HTI,FRA,0.0018559323734947898
2016,MNG,HRV,0.0018198220538042278
2016,SMR,AUT,0.0018134632417898416
2016,ATG,POL,0.0017903278130058965
2016,FLK,ESP,0.0017716275831370942
2016,GUF,CZE,0.0017598746416863508
2016,LKA,SVN,0.0017465462301832135
2016,FLK,FRA,0.0017297746027174633
2016,BTN,DNK,0.0017040312368420225
2016,GUF,ROU,0.0016775369736061383
2016,PLW,SVK,0.0016739623896576295
2016,FRO,BGR,0.0016589212090056726
2016,SSD,HRV,0.0016571635305151844
2016,GEO,EST,0.0016288349376534985
2016,IOT,SVK,0.001622698217757968
2016,NCL,HRV,0.0016111246395936456
2016,LSO,LTU,0.001576973622647896
2016,REU,SVK,0.0015485008946903391
2016,ZWE,DNK,0.0015260160076417137
2016,PLW,PRT,0.0015209875125597515
2016,LVA,LTU,0.0015075063508002667
2016,IOT,PRT,0.001474408111622883
2016,GRC,LTU,0.0014556831700505257
2016,LKA,BGR,0.0014261279536664075
2016,NRU,POL,0.001408619307660206
2016,REU,PRT,0.0014069913031279759
2016,GRL,EST,0.0013984383677543974
2016,VUT,HRV,0.0013733359779450967
2016,KAZ,HRV,0.0013127881916614756
2016,BIH,DNK,0.0013006758281316497
2016,MDG,HRV,0.0012999663581802915
2016,GNQ,HRV,0.0012407446528336181
2016,WLF,CZE,0.0011943915311461758
2016,BGD,HRV,0.0011526019106598007
2016,FRO,EST,0.0011391572943740271
2016,WLF,ROU,0.0011385106114943672
2016,TJK,HRV,0.0011349684138233609
2016,HTI,POL,0.0011199669706667774
2016,SYC,HRV,0.0011015156472546463
2016,GUF,SVK,0.0010662981081115336
2016,YEM,HRV,0.0010439882091975606
2016,FLK,POL,0.001043836752571871
2016,GEO,LTU,0.0010149230746979868
2016,FSM,HRV,0.001001013774395016
2016,LKA,EST,0.000979301519753032
2016,GUF,PRT,0.0009688545675362742
2016,SMR,DNK,0.000888543412295502
2016,GRL,LTU,0.0008713635342458842
2016,PAK,HRV,0.000857762499921326
2016,PLW,AUT,0.0008365920615999612
2016,BTN,SVN,0.0008218587843938004
2016,IOT,AUT,0.000810971892639938
2016,REU,AUT,0.0007738904791901165
2016,ATG,CZE,0.0007624740038804259
2016,CUB,HRV,0.0007528123337816983
2016,ZWE,SVN,0.0007360015672777078
2016,DMA,DEU,0.0007343707100602389
2016,ATG,ROU,0.0007268008201409637
2016,WLF,SVK,0.0007236750844851285
2016,TGO,HRV,0.0007130641508905059
2016,FRO,LTU,0.0007098061301633719
2016,BTN,BGR,0.0006710820281392383
2016,WLF,PRT,0.0006575421129250261
2016,DMA,LUX,0.0006317427500812066
2016,BIH,SVN,0.0006273194011277268
2016,SLB,HRV,0.0006169539775060786
2016,LKA,LTU,0.0006102003871036771
2016,ZWE,BGR,0.0006009760239366348
2016,NRU,CZE,0.0005999100252214052
2016,GRD,DEU,0.0005968971756019803
2016,FIN,HRV,0.0005936638885286789
2016,DMA,ESP,0.0005930049752605057
2016,JOR,HRV,0.0005846774627372164
2016,DMA,FRA,0.0005789958088563714
2016,NRU,ROU,0.0005718425757766308
2016,GUF,AUT,0.0005329011798930654
2016,GRD,LUX,0.0005134810771518493
2016,BIH,BGR,0.000512232495404186
2016,CAF,HRV,0.0004934654831359043
2016,GRD,ESP,0.00048199497883280666
2016,HTI,CZE,0.0004769772854639312
2016,CUW,HRV,0.00047388091127400714
2016,ABW,HRV,0.0004710118704989833
2016,GRD,FRA,0.0004706083157420633
2016,ATG,SVK,0.00046197869357493895
2016,BTN,EST,0.0004608223605365427
2016,HTI,ROU,0.00045466137927262576
2016,FLK,CZE,0.0004445545571873403
2016,PNG,HRV,0.00043592411071301647
2016,SMR,SVN,0.00042854684404943297
2016,FLK,ROU,0.00042375558395015407
2016,ATG,PRT,0.00041976081920207524
2016,NZL,HRV,0.0004194920146528005
2016,ZWE,EST,0.0004126815774581953
2016,PLW,DNK,0.00040990539426632793
2016,BHR,HRV,0.0004089702530684249
2016,IOT,DNK,0.0003973522683872183
2016,REU,DNK,0.00037918347131420696
2016,GGY,HRV,0.0003711412639594512
2016,ITA,HRV,0.000365684352312913
2016,NRU,SVK,0.00036348209683717493
2016,KWT,HRV,0.0003634206616924564
2016,WLF,AUT,0.000361669315032678
2016,BIH,EST,0.00035174267493079804
2016,SMR,BGR,0.0003499263994233372
2016,DMA,POL,0.00034939644964140785
2016,PRK,HRV,0.0003439789676815356
2016,MLT,HRV,0.0003380646032590604
2016,NRU,PRT,0.0003302653236082864
2016,HTI,SVK,0.0002889978439685983
2016,BTN,LTU,0.00028713728827495564
2016,GRD,POL,0.0002839897494539354
2016,FLK,SVK,0.00026935309598358535
2016,BEN,HRV,0.00026563437243493787
2016,HTI,PRT,0.000262587806362144
2016,GUF,DNK,0.0002611058343433228
2016,ZWE,LTU,0.0002571408838199826
2016,DJI,HRV,0.0002513041707137752
2016,FLK,PRT,0.0002447382916076942
2016,SMR,EST,0.00024028941714239715
2016,ATG,AUT,0.00023088195413527903
2016,MRT,HRV,0.00022609153534444647
2016,BIH,LTU,0.00021917000236840615
2016,SLE,HRV,0.00021537019609672688
2016,PLW,SVN,0.0001976984586694039
2016,JEY,HRV,0.000197242564024013
2016,IOT,SVN,0.00019164405276868394
2016,GMB,HRV,0.0001867659467334132
2016,SEN,HRV,0.0001864267403599131
2016,REU,SVN,0.00018288119375912986
2016,NRU,AUT,0.0001816565525166206
2016,PRY,HRV,0.00017790545103300623
2016,WLF,DNK,0.0001772072793626297
2016,SAU,HRV,0.00016608753432602514
2016,PLW,BGR,0.00016142904976275597
2016,IOT,BGR,0.0001564853744402002
2016,LCA,HRV,0.00015249821288769637
2016,SMR,LTU,0.00014972374942722914
2016,REU,BGR,0.00014933013401678943
2016,DMA,CZE,0.00014880275442540555
2016,AFG,HRV,0.00014728106245064055
2016,LBN,HRV,0.00014444327878174952
2016,HTI,AUT,0.00014443174086670052
2016,GUM,HRV,0.00014273720385273727
2016,DOM,HRV,0.00014199366820427214
2016,DMA,ROU,0.00014184085412121102
2016,KNA,HRV,0.0001350160071605648
2016,FLK,AUT,0.00013461393353845168
2016,GUF,SVN,0.00012593203632183577
2016,GRD,CZE,0.00012094701302974614
2016,GRD,ROU,0.00011528837418226895
2016,ATG,DNK,0.0001131253364486936
2016,PLW,EST,0.00011085100278592099
2016,TON,DEU,0.0001104380026889066
2016,LSO,HRV,0.00011034488402222443
2016,IOT,EST,0.0001074562521647738
2016,LVA,HRV,0.00010548408106060222
2016,GUF,BGR,0.00010282876808927282
2016,REU,EST,0.00010254285165058435
2016,GRC,HRV,0.00010185788035098528
2016,TON,LUX,9.500434395925538e-05
2016,DMA,SVK,9.015874867857393e-05
2016,TON,ESP,8.917878144538563e-05
2016,NRU,DNK,8.900634394973887e-05
2016,TON,FRA,8.707201937574617e-05
2016,WLF,SVN,8.546754076680426e-05
2016,DMA,PRT,8.191960090344133e-05
2016,GRD,SVK,7.328111225682622e-05
2016,GEO,HRV,7.101676740856561e-05
2016,HTI,DNK,7.076728599517437e-05
2016,GUF,EST,7.06110336069552e-05
2016,WLF,BGR,6.97878171858507e-05
2016,PLW,LTU,6.907098931885462e-05
2016,IOT,LTU,6.695572849125285e-05
2016,GRD,PRT,6.658432551278441e-05
2016,FLK,DNK,6.595685045742832e-05
2016,REU,LTU,6.389420062135848e-05
2016,GRL,HRV,6.0971538614648084e-05
2016,ATG,SVN,5.4560649762597255e-05
2016,TON,POL,5.2543824959776836e-05
2016,FRO,HRV,4.9666953198385323e-05
2016,WLF,EST,4.792228863801998e-05
2016,DMA,AUT,4.5058415824806914e-05
2016,ATG,BGR,4.455104963839407e-05
2016,GUF,LTU,4.399756272370617e-05
2016,NRU,SVN,4.292799571998136e-05
2016,LKA,HRV,4.2697284202010756e-05
2016,GRD,AUT,3.6623521028937366e-05
2016,NRU,BGR,3.505250169342224e-05
2016,HTI,SVN,3.4131249700931626e-05
2016,FLK,SVN,3.18111638844395e-05
2016,ATG,EST,3.0592563945827775e-05
2016,WLF,LTU,2.9860261102411507e-05
2016,HTI,BGR,2.7869591111230256e-05
2016,FLK,BGR,2.5975144127449424e-05
2016,NRU,EST,2.407004791629217e-05
2016,TON,CZE,2.237763403172989e-05
2016,DMA,DNK,2.2077292567611527e-05
2016,TON,ROU,2.1330671844946234e-05
2016,BTN,HRV,2.0091731604207295e-05
2016,HTI,EST,1.9137646702707827e-05
2016,ATG,LTU,1.906215193758286e-05
2016,ZWE,HRV,1.7992806344373206e-05
2016,GRD,DNK,1.7944443314555617e-05
2016,FLK,EST,1.783675725198321e-05
2016,BIH,HRV,1.5335886501312935e-05
2016,NRU,LTU,1.499798811690761e-05
2016,TON,SVK,1.3558482102555607e-05
2016,TON,PRT,1.2319441640185103e-05
2016,HTI,LTU,1.1924620957588959e-05
2016,FLK,LTU,1.111403991548924e-05
2016,DMA,SVN,1.0647936751411578e-05
2016,SMR,HRV,1.047655428641816e-05
2016,DMA,BGR,8.694485143096945e-06
2016,GRD,SVN,8.654652596894488e-06
2016,GRD,BGR,7.066885367476387e-06
2016,TON,AUT,6.7760892146824784e-06
2016,DMA,EST,5.970377687510549e-06
2016,GRD,EST,4.852728370198487e-06
2016,PLW,HRV,4.833074057948944e-06
2016,IOT,HRV,4.685063839295727e-06
2016,REU,HRV,4.470840891693685e-06
2016,DMA,LTU,3.7201277671792493e-06
2016,TON,DNK,3.3200835253160653e-06
2016,GUF,HRV,3.078622169885144e-06
2016,GRD,LTU,3.0237232050358458e-06
2016,WLF,HRV,2.0893989607045077e-06
2016,TON,SVN,1.6012850886812186e-06
2016,ATG,HRV,1.3338276015262477e-06
2016,TON,BGR,1.3075161637822341e-06
2016,NRU,HRV,1.0494476480513617e-06
2016,TON,EST,8.978525124633475e-07
2016,HTI,HRV,8.343962750402544e-07
2016,FLK,HRV,7.776778431042005e-07
2016,TON,LTU,5.59449709426888e-07
2016,DMA,HRV,2.6030686951376233e-07
2016,GRD,HRV,2.1157765835978502e-07
2016,TON,HRV,3.9146129279779724e-08
2017,CYM,DEU,1387.621064612944
2017,ASM,DEU,1249.0367225524424
2017,SGP,DEU,1141.5422145975042
2017,CHE,DEU,1051.5857460267143
2017,BMU,DEU,770.1010189213355
2017,NLD,DEU,754.4887041930439
2017,CYM,FRA,667.7221828176738
2017,ASM,FRA,601.035504628048
2017,LUX,DEU,572.0677237480312
2017,TLS,DEU,566.2192725792021
2017,SGP,FRA,549.3092305586903
2017,IRL,DEU,531.2149297241338
2017,CHE,FRA,506.02224747342575
2017,PRI,DEU,479.6051875244112
2017,BMU,FRA,370.5720145490159
2017,NLD,FRA,363.0593807795659
2017,NPL,DEU,331.6409421985979
2017,LBR,DEU,324.72962715877924
2017,COD,DEU,301.39460602203883
2017,JPN,DEU,296.63648870363653
2017,JEY,DEU,276.8891885809917
2017,LUX,FRA,275.278546111666
2017,TLS,FRA,272.4642759336312
2017,CYM,POL,271.1203440539764
2017,IRL,FRA,255.62021323139476
2017,ASM,POL,244.04304214632802
2017,PRI,FRA,230.78564521057234
2017,SGP,POL,223.04022752792568
2017,HKG,DEU,220.1569965164283
2017,MHL,DEU,211.21326678483703
2017,CHE,POL,205.46408276422812
2017,IRN,DEU,190.6147175181525
2017,IMN,DEU,174.60446509714293
2017,CYM,ESP,161.79825951128086
2017,NPL,FRA,159.58536482604217
2017,LBR,FRA,156.25964537552667
2017,BMU,POL,150.46618888313654
2017,NLD,POL,147.41577674357015
2017,BRB,DEU,146.0584943629283
2017,ASM,ESP,145.6391610998139
2017,COD,FRA,145.03085125667474
2017,CYM,CZE,143.00400402258555
2017,JPN,FRA,142.74124888397486
2017,JEY,FRA,133.23886334161782
2017,SGP,ESP,133.10517416514458
2017,CYM,SWE,131.13509007140718
2017,ASM,CZE,128.7219234784888
2017,CHE,ESP,122.6161433931918
2017,GIB,DEU,120.03690573752877
2017,CYM,ROU,119.45124189262114
2017,ASM,SWE,118.03838042779871
2017,SGP,CZE,117.64386662275662
2017,MDA,DEU,113.25515801556662
2017,LUX,POL,111.77345317109605
2017,TLS,POL,110.63075352959262
2017,CHE,CZE,108.37322673308105
2017,SGP,SWE,107.87976988034038
2017,ASM,ROU,107.52142028053989
2017,HKG,FRA,105.9393764085997
2017,IRL,POL,103.79142994171046
2017,MHL,FRA,101.63566058069445
2017,CHE,SWE,99.37856597866374
2017,CPV,DEU,99.35845831954997
2017,SGP,ROU,98.26791959558507
2017,SWZ,DEU,95.21273392704455
2017,CYM,AUT,94.64298999324811
2017,PRI,POL,93.7076603748159
2017,IRN,FRA,91.72365460875824
2017,GIN,DEU,90.77959953855992
2017,CHE,ROU,90.52415426866374
2017,BMU,ESP,89.7946908467346
2017,NLD,ESP,87.97427645955138
2017,AUS,DEU,86.65947303879076
2017,ASM,AUT,85.19081545270707
2017,NGA,DEU,84.06598269076099
2017,IMN,FRA,84.01953352941992
2017,BMU,CZE,79.36426738977352
2017,LIE,DEU,78.22012966011401
2017,SGP,AUT,77.8591296631532
2017,NLD,CZE,77.75530974626209
2017,LAO,DEU,75.2958074545568
2017,MUS,DEU,74.57139380093055
2017,BMU,SWE,72.77726539017381
2017,CHE,AUT,71.72362958183382
2017,NLD,SWE,71.30184652379279
2017,BRB,FRA,70.28323449549312
2017,VGB,DEU,68.80538163142063
2017,LUX,ESP,66.70377409615772
2017,THA,DEU,66.49765361257968
2017,BMU,ROU,66.2929710703012
2017,ARE,DEU,66.0824319379635
2017,TLS,ESP,66.02183776347657
2017,NLD,ROU,64.94900878068789
2017,NPL,POL,64.79766605182594
2017,LBR,POL,63.44729875109338
2017,BFA,DEU,63.40820550783252
2017,IRL,ESP,61.940289930483715
2017,WSM,DEU,60.35780097939673
2017,MLI,DEU,59.6416693046049
2017,LUX,CZE,58.9555586566956
2017,COD,POL,58.88798560686363
2017,TLS,CZE,58.35283507761358
2017,JPN,POL,57.9583208465681
2017,GIB,FRA,57.76166617944724
2017,NER,DEU,56.313582424035566
2017,CYM,SVK,56.23266270582181
2017,PRI,ESP,55.92253286791691
2017,ITA,DEU,55.82782311874997
2017,IRL,CZE,54.745394030406324
2017,MDA,FRA,54.49829442205001
2017,UZB,DEU,54.15857839485643
2017,JEY,POL,54.09999457873937
2017,LUX,SWE,54.06241977276998
2017,TLS,SWE,53.50972048738073
2017,BMU,AUT,52.52490387056224
2017,CYM,DNK,52.34491677253355
2017,NLD,AUT,51.4600626222685
2017,ASM,SVK,50.61660025034867
2017,IRL,SWE,50.20168649290531
2017,PRI,CZE,49.426651061343385
2017,LUX,ROU,49.24557704624356
2017,GNQ,DEU,48.94233625576159
2017,TLS,ROU,48.74212205187891
2017,CPV,FRA,47.811213278918025
2017,ASM,DNK,47.11713086171883
2017,SGP,SVK,46.260438065505795
2017,SWZ,FRA,45.81629390840794
2017,IRL,ROU,45.728826612436066
2017,PRI,SWE,45.32438362938146
2017,PYF,DEU,44.88345219215832
2017,BLZ,DEU,44.14832532404772
2017,TCD,DEU,43.900018943510965
2017,GIN,FRA,43.68307307017518
2017,IDN,DEU,43.48269756535344
2017,SGP,DNK,43.06213975795146
2017,HKG,POL,43.01537513634782
2017,CHE,SVK,42.61499632038565
2017,AUS,FRA,41.700471385847074
2017,PRI,ROU,41.28608070958796
2017,MHL,POL,41.2679044876292
2017,NGA,FRA,40.45248583671874
2017,CHE,DNK,39.66873216233928
2017,LUX,AUT,39.01800083241551
2017,NPL,ESP,38.66972662697491
2017,VCT,DEU,38.649343318204124
2017,TLS,AUT,38.61910597591382
2017,LBR,ESP,37.86385910817308
2017,LIE,FRA,37.639465880767226
2017,IRN,POL,37.24325690435396
2017,QAT,DEU,36.310165782948964
2017,LAO,FRA,36.23228429773071
2017,IRL,AUT,36.23162732267174
2017,MUS,FRA,35.8836970080176
2017,COD,ESP,35.14296800766453
2017,CYM,FIN,34.959845576957605
2017,JPN,ESP,34.5881658932395
2017,NPL,CZE,34.177906232240076
2017,ISR,DEU,34.17091661016995
2017,IMN,POL,34.115093708023494
2017,LBR,CZE,33.465647137188604
2017,CYM,PRT,33.16307159269429
2017,VGB,FRA,33.10909641267973
2017,MAC,DEU,33.067843071300814
2017,PRI,AUT,32.71157387355167
2017,JEY,ESP,32.285607311958486
2017,THA,FRA,31.998619475289193
2017,ARE,FRA,31.798815126682495
2017,ASM,FIN,31.46833963100916
2017,NPL,SWE,31.341240008280128
2017,BMU,SVK,31.20796588547925
2017,COD,CZE,31.06081087345233
2017,LBR,SWE,30.688096334282005
2017,NLD,SVK,30.575284492437675
2017,JPN,CZE,30.57045378282216
2017,BFA,FRA,30.51197943730511
2017,ASM,PRT,29.85101286529179
2017,SDN,DEU,29.180088830161946
2017,BMU,DNK,29.050347223667075
2017,WSM,FRA,29.044127138037656
2017,SGP,FIN,28.760113664776863
2017,MLI,FRA,28.69952513013267
2017,CYM,MLT,28.55946583291115
2017,NPL,ROU,28.548804438271834
2017,BRB,POL,28.537639167886624
2017,JEY,CZE,28.53535712841846
2017,COD,SWE,28.482854444675638
2017,NLD,DNK,28.461407392815648
2017,JPN,SWE,28.03319555794416
2017,LBR,ROU,27.95385442946106
2017,SSD,DEU,27.64356769227734
2017,SGP,PRT,27.28197715803592
2017,NER,FRA,27.0980522978357
2017,ITA,FRA,26.864305295919323
2017,CHE,FIN,26.493742585464613
2017,HUN,DEU,26.358587259108816
2017,JEY,SWE,26.167005971832292
2017,UZB,FRA,26.061066026122
2017,COD,ROU,25.945094743219403
2017,ASM,MLT,25.707177925940407
2017,HKG,ESP,25.670566528568212
2017,MNG,DEU,25.553867109713014
2017,JPN,ROU,25.53549947456263
2017,PER,DEU,25.453604362951925
2017,CHE,PRT,25.132087045009143
2017,DZA,DEU,24.828093959431357
2017,LBY,DEU,24.6768101752168
2017,MHL,ESP,24.62771704969092
2017,TWN,DEU,24.400872637118685
2017,JEY,ROU,23.835583277099747
2017,GNQ,FRA,23.55101434411365
2017,SGP,MLT,23.494768641118128
2017,GIB,POL,23.453411030345894
2017,LUX,SVK,23.18276377808038
2017,TLS,SVK,22.945758164433276
2017,HKG,CZE,22.688710065249314
2017,NPL,AUT,22.61964103478664
2017,MYS,DEU,22.560535638282865
2017,XKV,DEU,22.529435145608836
2017,IRN,ESP,22.225901810069598
2017,LBR,AUT,22.148253321790087
2017,MDA,POL,22.128359240231628
2017,MHL,CZE,21.76699649723703
2017,VUT,DEU,21.737692033934227
2017,CHE,MLT,21.643320319876743
2017,PYF,FRA,21.597882472690948
2017,LUX,DNK,21.57998184914847
2017,IRL,SVK,21.52722434766893
2017,TLS,DNK,21.35936204343373
2017,NCL,DEU,21.27038025860771
2017,BLZ,FRA,21.244139992455796
2017,AGO,DEU,21.170373299540028
2017,TCD,FRA,21.12465515423318
2017,IDN,FRA,20.923840429906736
2017,HKG,SWE,20.80561350953925
2017,COD,AUT,20.556683239540877
2017,IMN,ESP,20.35908741663274
2017,JPN,AUT,20.23215483532711
2017,IRL,DNK,20.03890110481511
2017,CYM,BGR,20.021673159547916
2017,MHL,SWE,19.960399471041143
2017,IRN,CZE,19.644172696623976
2017,PRI,SVK,19.435764871114408
2017,CPV,POL,19.41315254664503
2017,BMU,FIN,19.401991931894788
2017,EGY,DEU,19.2644249029763
2017,NLD,FIN,19.008653919148365
2017,HKG,ROU,18.95187909429169
2017,JEY,AUT,18.885286028299845
2017,MDG,DEU,18.8171604539502
2017,SYC,DEU,18.61347018866868
2017,SWZ,POL,18.603140179210587
2017,VCT,FRA,18.598034105297625
2017,BMU,PRT,18.404819496754154
2017,MHL,ROU,18.181971768123695
2017,PRI,DNK,18.092038428116023
2017,NLD,PRT,18.031697234296697
2017,ASM,BGR,18.022070766267507
2017,IRN,SWE,18.013763835194514
2017,IMN,CZE,17.99420480553024
2017,GIN,POL,17.736972209226128
2017,QAT,FRA,17.472423684938146
2017,BRB,ESP,17.030593421664303
2017,AUS,POL,16.931961286107214
2017,FSM,DEU,16.52515915237893
2017,IMN,SWE,16.500738451798014
2017,SGP,BGR,16.471056617227816
2017,ISR,FRA,16.443018637936106
2017,NGA,POL,16.425232170075358
2017,IRN,ROU,16.408777087068508
2017,MNE,DEU,16.133152908187213
2017,YEM,DEU,16.0530821516326
2017,MAC,FRA,15.912220504378253
2017,BMU,MLT,15.849913422803759
2017,NLD,MLT,15.528586959530683
2017,LIE,POL,15.283040165805026
2017,CHE,BGR,15.173094905458989
2017,BRB,CZE,15.052343934570555
2017,IMN,ROU,15.030558938414655
2017,HKG,AUT,15.015854796107364
2017,KOR,DEU,14.857549683627747
2017,LAO,POL,14.711671466731184
2017,MUS,POL,14.570131903793424
2017,PAN,DEU,14.526497551892176
2017,BEL,DEU,14.486120700443202
2017,LUX,FIN,14.41272389978553
2017,MHL,AUT,14.405845806567115
2017,TLS,FIN,14.265377513267769
2017,SDN,FRA,14.041436171138104
2017,GIB,ESP,13.996445370241801
2017,BRB,SWE,13.803043426210358
2017,LUX,PRT,13.671976710599619
2017,TLS,PRT,13.532203245231855
2017,VGB,POL,13.443539606311258
2017,NPL,SVK,13.439586438749092
2017,IRL,FIN,13.383475060253758
2017,SSD,FRA,13.302063388252321
2017,MDA,ESP,13.205685554150268
2017,LBR,SVK,13.159508788301924
2017,IRN,AUT,13.000917370527524
2017,THA,POL,12.992644163450798
2017,ARE,POL,12.911516075854344
2017,IRL,PRT,12.695626489688259
2017,HUN,FRA,12.683731797882137
2017,CYM,CYP,12.653883277357613
2017,BRB,ROU,12.573222607776373
2017,NPL,DNK,12.510416539829947
2017,BFA,POL,12.389012340284726
2017,GIB,CZE,12.370638201385633
2017,MNG,FRA,12.29650108453043
2017,TJK,DEU,12.287624690983908
2017,LBR,DNK,12.249702559785996
2017,PER,FRA,12.248254728353006
2017,COD,SVK,12.213868507767868
2017,PRI,FIN,12.08321473444776
2017,JPN,SVK,12.021048138357378
2017,DZA,FRA,11.947259606078452
2017,IMN,AUT,11.908934697222083
2017,LBY,FRA,11.874461966148681
2017,WSM,POL,11.793009046342222
2017,LUX,MLT,11.774070765530196
2017,TWN,FRA,11.74168103628322
2017,CHL,DEU,11.697652487220857
2017,MDA,CZE,11.67173191980497
2017,TLS,MLT,11.6537002655492
2017,MLI,POL,11.65308765785302
2017,CPV,ESP,11.585313911555165
2017,PRI,PRT,11.462193516452658
2017,ASM,CYP,11.390116004559589
2017,COD,DNK,11.3694408151081
2017,GIB,SWE,11.34391142309055
2017,JEY,SVK,11.220798491342212
2017,JPN,DNK,11.189951427567568
2017,BMU,BGR,11.11161490257329
2017,SWZ,ESP,11.1019175375545
2017,NER,POL,11.002829397069718
2017,IRL,MLT,10.933254778472593
2017,ITA,POL,10.907919314385735
2017,NLD,BGR,10.886348314507304
2017,MYS,FRA,10.856112296141943
2017,XKV,FRA,10.841146763126776
2017,TGO,DEU,10.721795173110621
2017,MDA,SWE,10.703012318111101
2017,GIN,ESP,10.585008817639318
2017,UZB,POL,10.581773931187376
2017,VUT,FRA,10.460160590287368
2017,JEY,DNK,10.44502847434733
2017,SGP,CYP,10.40986066590329
2017,GIB,ROU,10.333193858868695
2017,CPV,CZE,10.239580340451313
2017,NCL,FRA,10.235290525516147
2017,AGO,FRA,10.187167254178913
2017,PNG,DEU,10.15329003051374
2017,AUS,ESP,10.104597188247615
2017,BRB,AUT,9.961950688803746
2017,PRI,MLT,9.871043554827422
2017,SWZ,CZE,9.812334601091091
2017,NGA,ESP,9.802193142163482
2017,MDA,ROU,9.749397454901022
2017,CHE,CYP,9.589536816426723
2017,GNQ,POL,9.562598452026775
2017,BGD,DEU,9.429132524179092
2017,CPV,SWE,9.389725129839167
2017,GIN,CZE,9.355469262209578
2017,EGY,FRA,9.27002636020844
2017,KAZ,DEU,9.233876655445213
2017,LIE,ESP,9.120559755471378
2017,MDG,FRA,9.054803053344216
2017,CYM,EST,9.010718103510856
2017,SWZ,SWE,8.997939536865289
2017,SYC,FRA,8.956787455267067
2017,TTO,DEU,8.950519073263921
2017,AUS,CZE,8.930861563773625
2017,HKG,SVK,8.921754247719148
2017,LAO,ESP,8.779580322991137
2017,PYF,POL,8.76955338240161
2017,MUS,ESP,8.695112833045942
2017,NGA,CZE,8.663584341179979
2017,BLZ,POL,8.625920618033723
2017,GIN,SWE,8.578992684473176
2017,TCD,POL,8.577405275453
2017,MHL,SVK,8.559313989240595
2017,CPV,ROU,8.553121267380742
2017,IDN,POL,8.49586693727657
2017,NPL,FIN,8.355390691257421
2017,CAF,DEU,8.334886720896971
2017,HKG,DNK,8.304932775546956
2017,LUX,BGR,8.254236896587095
2017,SWZ,ROU,8.196242909262537
2017,AUS,SWE,8.189626182744892
2017,GIB,AUT,8.187142699297581
2017,LBR,FIN,8.181266420094703
2017,TLS,BGR,8.169850906219809
2017,ASM,EST,8.110800632010074
2017,SLB,DEU,8.061637585074681
2017,LIE,CZE,8.061128518312177
2017,VGB,ESP,8.02278898531897
2017,MHL,DNK,7.967550474012953
2017,FSM,FRA,7.951893800137536
2017,NGA,SWE,7.944532187661245
2017,NPL,PRT,7.925962346405054
2017,GIN,ROU,7.81462330021669
2017,PAK,DEU,7.803636194232987
2017,MNE,FRA,7.7632606986914565
2017,LBR,PRT,7.760787255517327
2017,LAO,CZE,7.759756771290243
2017,THA,ESP,7.753705165250247
2017,NZL,DEU,7.737506325979699
2017,YEM,FRA,7.724730712580717
2017,MDA,AUT,7.724592152786939
2017,IRN,SVK,7.724567888390779
2017,ARE,ESP,7.7052898262376495
2017,MUS,CZE,7.685100904729094
2017,IRL,BGR,7.6647810930828735
2017,CUB,DEU,7.596543807960707
2017,COD,FIN,7.593361871598216
2017,VCT,POL,7.551502009530685
2017,JPN,FIN,7.4734854507723405
2017,AUS,ROU,7.459948497633318
2017,SGP,EST,7.412769495442015
2017,BFA,ESP,7.39347185736374
2017,LIE,SWE,7.392078435503821
2017,NGA,ROU,7.23669183858635
2017,COD,PRT,7.203098275211587
2017,IRN,DNK,7.190516041128864
2017,KOR,FRA,7.149441413849675
2017,LAO,SWE,7.115719661770066
2017,QAT,POL,7.094461802852495
2017,VGB,CZE,7.090873238033306
2017,JPN,PRT,7.089382946653478
2017,IMN,SVK,7.075760265628996
2017,MUS,SWE,7.047260013714973
2017,WSM,ESP,7.0377910767149485
2017,BMU,CYP,7.022643756076808
2017,PAN,FRA,6.990139384162933
2017,JEY,FIN,6.975970256995669
2017,ARG,DEU,6.975347638000351
2017,BEL,FRA,6.970710074481523
2017,MLI,ESP,6.9542892753103
2017,PRI,BGR,6.920115696655212
2017,NLD,CYP,6.880273181501914
2017,THA,CZE,6.853045811435817
2017,CHE,EST,6.8286241545057145
2017,NPL,MLT,6.825702202897335
2017,ARE,CZE,6.810254329278807
2017,CPV,AUT,6.776764792846896
2017,LIE,ROU,6.733460500982446
2017,LBR,MLT,6.683456260706164
2017,ISR,POL,6.67648459961451
2017,JEY,PRT,6.617437727291764
2017,IMN,DNK,6.586564896355227
2017,NER,ESP,6.566230403539968
2017,BFA,CZE,6.534656691764974
2017,ITA,ESP,6.509590293252696
2017,VGB,SWE,6.502351504840164
2017,SWZ,AUT,6.494004778459179
2017,LAO,ROU,6.4817246863164915
2017,MAC,POL,6.460960574358771
2017,MUS,ROU,6.419364642370515
2017,UZB,ESP,6.314954381538788
2017,THA,SWE,6.284263058845415
2017,ARE,SWE,6.24502314451363
2017,WSM,CZE,6.220291284248894
2017,COD,MLT,6.203184120234664
2017,GIN,AUT,6.191641904135773
2017,MLI,CZE,6.1464889332221775
2017,JPN,MLT,6.105254438674377
2017,BFA,SWE,5.992299304605374
2017,VGB,ROU,5.923006283463614
2017,BRB,SVK,5.918948809790291
2017,TJK,FRA,5.91279549550273
2017,AUS,AUT,5.9106277994692835
2017,NER,CZE,5.803506427555758
2017,ITA,CZE,5.753445551846549
2017,NGA,AUT,5.733738238395465
2017,THA,ROU,5.724349038462912
2017,GNQ,ESP,5.70673437045791
2017,WSM,SWE,5.7040253061833095
2017,SDN,POL,5.701351705384959
2017,JEY,MLT,5.6988233477034225
2017,ARE,ROU,5.688605314215349
2017,MLI,SWE,5.636348334370397
2017,CHL,FRA,5.628901327458878
2017,UZB,CZE,5.581418270553485
2017,HKG,FIN,5.546654484556988
2017,BRB,DNK,5.5097316741019755
2017,BFA,ROU,5.458398612740749
2017,PRK,DEU,5.4042532616366294
2017,SSD,POL,5.401138520263212
2017,LIE,AUT,5.3350205884613695
2017,NER,SWE,5.321832373220251
2017,MHL,FIN,5.321325381192814
2017,ITA,SWE,5.275926403733243
2017,CYM,SVN,5.26904353142917
2017,HKG,PRT,5.261582159062558
2017,PYF,ESP,5.23346368165335
2017,LUX,CYP,5.216754334203208
2017,WSM,ROU,5.195809193706405
2017,TLS,CYP,5.163421605023047
2017,JOR,DEU,5.163348262756345
2017,TGO,FRA,5.159319542839577
2017,HUN,POL,5.150072616157429
2017,BLZ,ESP,5.147747018211483
2017,LAO,AUT,5.135566570144931
2017,MLI,ROU,5.13416209127042
2017,TCD,ESP,5.118794200168468
2017,UZB,SWE,5.118176883492241
2017,MUS,AUT,5.0861577827464455
2017,IDN,ESP,5.0701340332362435
2017,MHL,PRT,5.047833926956264
2017,GNQ,CZE,5.043848230097254
2017,BMU,EST,5.000762362066194
2017,MNG,POL,4.992842368408044
2017,KWT,DEU,4.97788638779552
2017,PER,POL,4.973252531462721
2017,ECU,DEU,4.9559553747653995
2017,NLD,EST,4.899381538044785
2017,PNG,FRA,4.885755308021805
2017,GIB,SVK,4.864436700138875
2017,DZA,POL,4.851037180213969
2017,NER,ROU,4.8476688106848895
2017,IRL,CYP,4.844212795078819
2017,LBY,POL,4.821478597779594
2017,ITA,ROU,4.80585296213877
2017,IRN,FIN,4.802363742574628
2017,NPL,BGR,4.785172782655168
2017,TWN,POL,4.767564541432059
2017,ASM,SVN,4.742814181275183
2017,VGB,AUT,4.6928856957360825
2017,LBR,BGR,4.685450967846517
2017,UZB,ROU,4.662158577283487
2017,PYF,CZE,4.6255519907556915
2017,GNQ,SWE,4.625223583640692
2017,MDA,SVK,4.589609701666172
2017,IRN,PRT,4.555544510589381
2017,BLZ,CZE,4.5497920529129185
2017,BGD,FRA,4.537291276187257
2017,THA,AUT,4.535486615133898
2017,HKG,MLT,4.531183894675955
2017,GIB,DNK,4.528125149365642
2017,TCD,CZE,4.524202352996524
2017,ARE,AUT,4.5071663324588584
2017,VCT,ESP,4.50655920381525
2017,IDN,CZE,4.481194481782494
2017,KAZ,FRA,4.443334303203922
2017,MYS,POL,4.40799029380502
2017,XKV,POL,4.401913723991357
2017,IMN,FIN,4.399000053048387
2017,PRI,CYP,4.373577352576389
2017,COD,BGR,4.348755180872946
2017,MHL,MLT,4.347107600216256
2017,SGP,SVN,4.33463845070416
2017,BFA,AUT,4.324770149724947
2017,TTO,FRA,4.306982853865836
2017,JPN,BGR,4.280101373120029
2017,MDA,DNK,4.2722988080601025
2017,VUT,POL,4.247218994779054
2017,PYF,SWE,4.241644708367217
2017,QAT,ESP,4.233808332886563
2017,GNQ,ROU,4.213126332517657
2017,IMN,PRT,4.172911844658247
2017,BLZ,SWE,4.172172623716727
2017,NCL,POL,4.155913282767295
2017,TCD,SWE,4.148706794026345
2017,AGO,POL,4.136373422900882
2017,WSM,AUT,4.116716659746662
2017,IDN,SWE,4.109268450296189
2017,MLI,AUT,4.067872746476956
2017,CPV,SVK,4.026452765915723
2017,CAF,FRA,4.01074104216467
2017,JEY,BGR,3.9951720080924242
2017,CHE,SVN,3.9930577692626157
2017,ISR,ESP,3.984369345800317
2017,VCT,CZE,3.9830837022414536
2017,DJI,DEU,3.9308336190174966
2017,IRN,MLT,3.923156437329069
2017,SLB,FRA,3.879253769394568
2017,PYF,ROU,3.863723491598103
2017,SWZ,SVK,3.858449319311889
2017,MAC,ESP,3.855749664784046
2017,CUW,DEU,3.841242182024837
2017,NER,AUT,3.8408798725814854
2017,ITA,AUT,3.807748555796456
2017,BLZ,ROU,3.8004412169311803
2017,TCD,ROU,3.779066141068339
2017,EGY,POL,3.763979692217916
2017,PAK,FRA,3.755103699713358
2017,CPV,DNK,3.748076736522303
2017,IDN,ROU,3.743141667045483
2017,QAT,CZE,3.7420151841914793
2017,NZL,FRA,3.7232820582684383
2017,LUX,EST,3.714804514190961
2017,UZB,AUT,3.693897364193361
2017,BRB,FIN,3.679810387971588
2017,GIN,SVK,3.6787987236597033
2017,TLS,EST,3.676826750543241
2017,MDG,POL,3.6765909270892365
2017,CUB,FRA,3.6554510036473618
2017,VCT,SWE,3.6524994081486923
2017,SYC,POL,3.6367929042630434
2017,IMN,MLT,3.593639778455309
2017,SWZ,DNK,3.591688509345823
2017,GRC,DEU,3.5734961972248915
2017,ISR,CZE,3.521550674743624
2017,AUS,SVK,3.511832619097532
2017,BRB,PRT,3.490685194109543
2017,IRL,EST,3.4495209868089285
2017,QAT,SWE,3.4314388718096445
2017,GIN,DNK,3.424458379647978
2017,MAC,CZE,3.4078712727711196
2017,NGA,SVK,3.4067326954290746
2017,SDN,ESP,3.402432915950078
2017,ARG,FRA,3.3565318872244605
2017,GNQ,AUT,3.338122459096762
2017,SLE,DEU,3.3378142532678092
2017,VCT,ROU,3.32706974218608
2017,AUS,DNK,3.269035776011672
2017,ISR,SWE,3.2292722716392954
2017,FSM,POL,3.2287682489090828
2017,SSD,ESP,3.2232727315510563
2017,HKG,BGR,3.176595931302886
2017,NGA,DNK,3.1712021239577846
2017,LIE,SVK,3.169832370056837
2017,OMN,DEU,3.1675472627293826
2017,MNE,POL,3.1521761082253357
2017,MRT,DEU,3.147624461081865
2017,YEM,POL,3.136531483320623
2017,QAT,ROU,3.125705213555572
2017,MAC,SWE,3.125027927441957
2017,PRI,EST,3.1143856604464073
2017,HUN,ESP,3.0734424912248097
2017,PYF,AUT,3.0612854078211607
2017,LAO,SVK,3.0513256477088935
2017,MHL,BGR,3.047548860686961
2017,GMB,DEU,3.040089574544156
2017,NPL,CYP,3.0242736144572167
2017,GIB,FIN,3.024220224914476
2017,MUS,SVK,3.0219691398821555
2017,BLZ,AUT,3.0111459233490323
2017,SDN,CZE,3.00721115213961
2017,BRB,MLT,3.006117942240976
2017,TCD,AUT,2.994210133825719
2017,MNG,ESP,2.9796111687648725
2017,PER,ESP,2.9679204137500736
2017,IDN,AUT,2.965746640423832
2017,LBR,CYP,2.9612485018834867
2017,LIE,DNK,2.950680327224298
2017,ISR,ROU,2.941551212926089
2017,BMU,SVN,2.924210287501155
2017,KOR,POL,2.9029423700394776
2017,DZA,ESP,2.894985159899587
2017,LBY,ESP,2.8773452914928455
2017,GIB,PRT,2.8687893260322803
2017,NLD,SVN,2.864927556770423
2017,MDA,FIN,2.8533602840070404
2017,SSD,CZE,2.8488619597077927
2017,MAC,ROU,2.8465948105789107
2017,TWN,ESP,2.845170647754242
2017,LAO,DNK,2.8403667795493344
2017,PAN,POL,2.8382597487209646
2017,BEL,POL,2.8303707175323853
2017,MUS,DNK,2.813039886512776
2017,VGB,SVK,2.7883043262277467
2017,SDN,SWE,2.7576214246230855
2017,IRN,BGR,2.750337012657369
2017,COD,CYP,2.748453639316774
2017,HUN,CZE,2.71643578679939
2017,MDA,PRT,2.7067107939585724
2017,JPN,CYP,2.7050637955745054
2017,THA,SVK,2.6947847807195107
2017,ARE,SVK,2.6779581261145298
2017,VCT,AUT,2.636086685474695
2017,MNG,CZE,2.633503777178051
2017,MYS,ESP,2.6305851741552906
2017,XKV,ESP,2.6269588198767875
2017,PER,CZE,2.6231710036228026
2017,SSD,SWE,2.6124147518854373
2017,PRK,FRA,2.600522488728644
2017,VGB,DNK,2.5955299085948487
2017,BFA,SVK,2.569586412337977
2017,DZA,CZE,2.5587078050289014
2017,LBY,CZE,2.543116958624156
2017,VUT,ESP,2.5346406353840125
2017,JEY,CYP,2.5249857921718997
2017,IMN,BGR,2.519328670862898
2017,TWN,CZE,2.5146796756983796
2017,SDN,ROU,2.511923419288898
2017,THA,DNK,2.508476004499232
2017,CPV,FIN,2.5032456253357194
2017,GEO,DEU,2.4947879755505866
2017,ARE,DNK,2.492812690822167
2017,HUN,SWE,2.4909795638929917
2017,JOR,FRA,2.4845991896333666
2017,NCL,ESP,2.4801515289376157
2017,QAT,AUT,2.4765425839131225
2017,GIB,MLT,2.470551936349836
2017,AGO,ESP,2.468490599070801
2017,WSM,SVK,2.445970265726879
2017,MLI,SVK,2.416949381028248
2017,CYM,LVA,2.416699466754968
2017,MNG,SWE,2.414930668438432
2017,PER,SWE,2.405455484857971
2017,TJK,POL,2.40081757100952
2017,SWZ,FIN,2.3987978850536544
2017,KWT,FRA,2.395355078876917
2017,BFA,DNK,2.391933449733994
2017,ECU,FRA,2.384801892372819
2017,SSD,ROU,2.379654341804279
2017,CPV,PRT,2.3745904055658498
2017,DZA,SWE,2.3463425431492397
2017,LBY,SWE,2.332045691382398
2017,MDA,MLT,2.330972697253443
2017,ISR,AUT,2.3306346388583514
2017,MYS,CZE,2.325020145228626
2017,XKV,CZE,2.3218150231006325
2017,TWN,SWE,2.3059686197413214
2017,GIN,FIN,2.287109112379572
2017,CHL,POL,2.2855458509804376
2017,NER,SVK,2.282080293362064
2017,WSM,DNK,2.2768637270009586
2017,SWZ,PRT,2.2755107949009705
2017,HUN,ROU,2.2690387620440267
2017,ITA,SVK,2.262395135888645
2017,MAC,AUT,2.255399273409263
2017,MLI,DNK,2.2498492531859413
2017,EGY,ESP,2.2462547587923565
2017,VUT,CZE,2.240220387494295
2017,CYM,LTU,2.2082519394954936
2017,MNG,ROU,2.1997656559542484
2017,UZB,SVK,2.1947498125896936
2017,MDG,ESP,2.1941031943348936
2017,NCL,CZE,2.1920606580819753
2017,PER,ROU,2.191134690396286
2017,AUS,FIN,2.183306287629547
2017,AGO,CZE,2.1817542452279803
2017,ASM,LVA,2.17533911694533
2017,LUX,SVN,2.1722427082027274
2017,SYC,ESP,2.1703526681700764
2017,GIN,PRT,2.1695623073386554
2017,NPL,EST,2.1535584302821538
2017,TLS,SVN,2.1500351008192276
2017,DZA,ROU,2.137288581813228
2017,MYS,SWE,2.1320502754191306
2017,XKV,SWE,2.1291111690506273
2017,NER,DNK,2.1243045816485746
2017,LBY,ROU,2.124265548102159
2017,NGA,FIN,2.117965666631017
2017,LBR,EST,2.108678806344093
2017,BRB,BGR,2.1074452607318417
2017,ITA,DNK,2.1059803928227505
2017,TWN,ROU,2.100511886204697
2017,TGO,POL,2.094877968014164
2017,AUS,PRT,2.071094466537382
2017,VUT,SWE,2.0542886494805406
2017,CPV,MLT,2.0449563414341987
2017,UZB,DNK,2.0430118502044023
2017,IRL,SVN,2.017117396558322
2017,NCL,SWE,2.01012603670991
2017,NGA,PRT,2.0091120505305566
2017,HKG,CYP,2.0076381136442167
2017,AGO,SWE,2.0006750259696213
2017,SDN,AUT,1.9902341680907247
2017,SGP,LVA,1.9881252394115174
2017,ASM,LTU,1.9877096387599742
2017,EGY,CZE,1.9853330037811554
2017,PNG,POL,1.9838005897673048
2017,GNQ,SVK,1.9833641596330394
2017,LIE,FIN,1.9706847378321926
2017,SWZ,MLT,1.959630687939993
2017,COD,EST,1.957149471164041
2017,MYS,ROU,1.9420892839410187
2017,XKV,ROU,1.9394120454872907
2017,MDG,CZE,1.9392392908080613
2017,FSM,ESP,1.9268531281251657
2017,JPN,EST,1.9262519480916918
2017,MHL,CYP,1.9260791672042121
2017,SYC,CZE,1.9182475919512805
2017,LAO,FIN,1.8970091102918563
2017,DJI,FRA,1.8915140965488162
2017,SSD,AUT,1.8854354169145233
2017,MNE,ESP,1.8811447357943925
2017,MUS,FIN,1.8787581698078433
2017,YEM,ESP,1.8718083907513017
2017,VUT,ROU,1.8712560478872968
2017,LIE,PRT,1.8694006786584445
2017,GIN,MLT,1.8683896760172276
2017,LCA,DEU,1.8677728576402717
2017,CUW,FRA,1.8484027663765563
2017,GNQ,DNK,1.8462407232739655
2017,BGD,POL,1.842311074168546
2017,AZE,DEU,1.8348762222739805
2017,CHE,LVA,1.831455846613832
2017,NCL,ROU,1.8310282268075062
2017,AGO,ROU,1.8224192803428094
2017,PRI,SVN,1.8211460429726603
2017,EGY,SWE,1.820556172898913
2017,PYF,SVK,1.818879874743416
2017,SGP,LTU,1.8166435157887015
2017,KAZ,POL,1.8041610059260655
2017,LAO,PRT,1.7995116368038873
2017,JEY,EST,1.7980199982832543
2017,HUN,AUT,1.79779305303054
2017,BLZ,SVK,1.7890892191569208
2017,AUS,MLT,1.7835908681883403
2017,MUS,PRT,1.782198710047018
2017,TCD,SVK,1.7790267249353287
2017,MDG,SWE,1.7782881032475373
2017,IDN,SVK,1.7621149808747074
2017,SYC,SWE,1.7590386539810605
2017,TTO,POL,1.748797184252802
2017,MNG,AUT,1.7429069439991267
2017,IRN,CYP,1.73823852053874
2017,PER,AUT,1.7360685020206947
2017,VGB,FIN,1.7334887585963952
2017,KOR,ESP,1.7324078890975108
2017,GIB,BGR,1.7319855939421318
2017,NGA,MLT,1.7302126795232657
2017,GRC,FRA,1.719563605621127
2017,FSM,CZE,1.7030326118318417
2017,PAN,ESP,1.6938068184678607
2017,DZA,AUT,1.693405431841962
2017,PYF,DNK,1.6931283542584814
2017,BEL,ESP,1.6890988297700875
2017,LBY,AUT,1.683087089146903
2017,THA,FIN,1.6753476585297127
2017,CHE,LTU,1.673487324766896
2017,BLZ,DNK,1.6653973290457473
2017,ARE,FIN,1.664886527609337
2017,TWN,AUT,1.6642667106422961
2017,MNE,CZE,1.662633641283706
2017,EGY,ROU,1.6583486210261091
2017,TCD,DNK,1.656030523399199
2017,YEM,CZE,1.6543817927895923
2017,VGB,PRT,1.644395473083949
2017,IDN,DNK,1.6402880030785323
2017,MDA,BGR,1.6341332769066383
2017,CAF,POL,1.6285118560453904
2017,MDG,ROU,1.6198465434394667
2017,LIE,MLT,1.6098956533908095
2017,SLE,FRA,1.6061536365143008
2017,SYC,ROU,1.6023121777759546
2017,BFA,FIN,1.5975118347487354
2017,IMN,CYP,1.59223910431267
2017,THA,PRT,1.58924255601099
2017,ARE,PRT,1.5793190787207574
2017,SLB,POL,1.5751230731810604
2017,VCT,SVK,1.5662456718472382
2017,FSM,SWE,1.561685887563266
2017,LAO,MLT,1.5497084147823132
2017,MYS,AUT,1.5387461340188746
2017,XKV,AUT,1.5366249182979572
2017,MUS,MLT,1.5347988205730296
2017,KOR,CZE,1.5311738549572373
2017,PAK,POL,1.524713470995527
2017,MNE,SWE,1.5246399133765207
2017,OMN,FRA,1.5242212923870322
2017,WSM,FIN,1.520659678219162
2017,BEN,DEU,1.5200110420527149
2017,YEM,SWE,1.517072944165223
2017,BFA,PRT,1.5154071327153495
2017,MRT,FRA,1.5146344556466758
2017,NZL,POL,1.511792686575123
2017,MLI,FIN,1.5026173946289558
2017,PAN,CZE,1.4970566297394114
2017,BEL,CZE,1.4928955143064753
2017,PRY,DEU,1.4904834093706634
2017,CUB,POL,1.4842507247538066
2017,VUT,AUT,1.4826239108857895
2017,QAT,SVK,1.471451650119318
2017,GMB,FRA,1.4628887514345257
2017,VCT,DNK,1.4579604698266688
2017,NCL,AUT,1.450750811807194
2017,AGO,AUT,1.443929815882822
2017,WSM,PRT,1.4425048207348001
2017,CPV,BGR,1.43362091340512
2017,TJK,ESP,1.4327515913601325
2017,HKG,EST,1.4296213027571043
2017,MLI,PRT,1.4253898268747567
2017,FSM,ROU,1.4225431088965788
2017,NER,FIN,1.4187692848109799
2017,VGB,MLT,1.4161250473457532
2017,ITA,FIN,1.4065310226993484
2017,KOR,SWE,1.4040909047070378
2017,MNE,ROU,1.3887978495512807
2017,ISR,SVK,1.3847596271712914
2017,YEM,ROU,1.3819050806580686
2017,SWZ,BGR,1.3738031858474444
2017,PAN,SWE,1.3728053093665082
2017,MHL,EST,1.3715439000276803
2017,QAT,DNK,1.3697202027093163
2017,BEL,SWE,1.3689895543404502
2017,THA,MLT,1.3686283054855224
2017,UZB,FIN,1.3644759261995363
2017,CHL,ESP,1.3639601336897182
2017,ARG,POL,1.3628783100365063
2017,ARE,MLT,1.3600823778315685
2017,NER,PRT,1.3458511211706792
2017,BMU,LVA,1.3412182686155574
2017,MAC,SVK,1.3400581133122125
2017,ITA,PRT,1.33424184899341
2017,BRB,CYP,1.3319249660213384
2017,NLD,LVA,1.3140276517815608
2017,EGY,AUT,1.3139341999154732
2017,GIN,BGR,1.309838483911077
2017,BFA,MLT,1.3050425111788542
2017,UZB,PRT,1.2943481894807896
2017,KNA,DEU,1.291128915860135
2017,ISR,DNK,1.2890217881633657
2017,MDG,AUT,1.2834284329932044
2017,KOR,ROU,1.2789894924848921
2017,SYC,AUT,1.2695356951050416
2017,TJK,CZE,1.2663252061740813
2017,NPL,SVN,1.2592995348741096
2017,PAN,ROU,1.2504913748968285
2017,AUS,BGR,1.2503901026072233
2017,TGO,ESP,1.2501740151441403
2017,MAC,DNK,1.2474107935924559
2017,BEL,ROU,1.247015595253314
2017,WSM,MLT,1.2422602962585871
2017,IRN,EST,1.237784240768582
2017,GNQ,FIN,1.233057468866128
2017,LBR,SVN,1.2330560446786196
2017,MLI,MLT,1.2275211584495287
2017,BMU,LTU,1.225534198066419
2017,NGA,BGR,1.212969211980157
2017,CHL,CZE,1.2055244662950868
2017,NLD,LTU,1.2006888529228725
2017,GEO,FRA,1.2004900438482315
2017,PNG,ESP,1.183885642229417
2017,SDN,SVK,1.1825087805006136
2017,GNQ,PRT,1.1696840315812531
2017,TJK,SWE,1.1612239189128195
2017,NER,MLT,1.1590237956042246
2017,ITA,MLT,1.1490260904409695
2017,COD,SVN,1.1444488266766348
2017,IMN,EST,1.133819350777517
2017,PYF,FIN,1.130797591370016
2017,LIE,BGR,1.128620709566053
2017,FSM,AUT,1.1271019964889932
2017,JPN,SVN,1.1263814104938878
2017,SSD,SVK,1.1202420153941532
2017,UZB,MLT,1.1146703582641144
2017,BLZ,FIN,1.112276741230149
2017,TCD,FIN,1.1060208887206169
2017,CHL,SWE,1.105469462560808
2017,TGO,CZE,1.1049555812937513
2017,SDN,DNK,1.1007539163121716
2017,MNE,AUT,1.1003651271862227
2017,BGD,ESP,1.099448019361781
2017,IDN,FIN,1.0955068576869214
2017,YEM,AUT,1.0949038841966148
2017,GIB,CYP,1.0946309716057465
2017,LAO,BGR,1.0864263202576099
2017,KAZ,ESP,1.076680953823383
2017,MUS,BGR,1.075973918103233
2017,PYF,PRT,1.0726798376983453
2017,HUN,SVK,1.0681688139094943
2017,TJK,ROU,1.0577614210965267
2017,PRK,POL,1.0559100326561008
2017,BLZ,PRT,1.0551108733905967
2017,JEY,SVN,1.0513974061227556
2017,TCD,PRT,1.0491765426971085
2017,PNG,CZE,1.0463671714086202
2017,TTO,ESP,1.043641124157028
2017,SSD,DNK,1.042792075624604
2017,IDN,PRT,1.0392028841141292
2017,MNG,SVK,1.0355579247499422
2017,MDA,CYP,1.0327873989772698
2017,PER,SVK,1.0314948261386883
2017,KOR,AUT,1.01336233781086
2017,TGO,SWE,1.0132475007830928
2017,JOR,POL,1.0088408090428342
2017,GNQ,MLT,1.00731173353091
2017,CHL,ROU,1.006974564209715
2017,DZA,SVK,1.0061463239883794
2017,LBY,SVK,1.0000156228715222
2017,LUX,LVA,0.9963208243132483
2017,HUN,DNK,0.9943190482658688
2017,VGB,BGR,0.9927774215697178
2017,PAN,AUT,0.9907828567190011
2017,TWN,SVK,0.9888333895490018
2017,BEL,AUT,0.9880289449738591
2017,TLS,LVA,0.9861350832766677
2017,BHR,DEU,0.9840346067268315
2017,VCT,FIN,0.9737349111460226
2017,KWT,POL,0.9726043402902503
2017,CAF,ESP,0.9718576627697564
2017,BGD,CZE,0.9717377026078197
2017,ECU,POL,0.9683193492723048
2017,MNG,DNK,0.9639627713834237
2017,PER,DNK,0.9601805823777683
2017,PNG,SWE,0.9595217575080041
2017,THA,BGR,0.9594797315067234
2017,ARE,BGR,0.9534885910794597
2017,KAZ,CZE,0.9516152269911488
2017,BRB,EST,0.9484519606184272
2017,SLB,ESP,0.9399964899204237
2017,DZA,DNK,0.9365845943608444
2017,LBY,DNK,0.9308777502549908
2017,IRL,LVA,0.9251710500335226
2017,PYF,MLT,0.9237733932084683
2017,VCT,PRT,0.9236894510748461
2017,TGO,ROU,0.9229693764440046
2017,TTO,CZE,0.922413256903309
2017,TWN,DNK,0.9204686206773905
2017,BFA,BGR,0.9149027776292711
2017,QAT,FIN,0.9148014692323116
2017,MYS,SVK,0.9142546357669342
2017,XKV,SVK,0.9129943035630474
2017,LUX,LTU,0.910385185628277
2017,PAK,ESP,0.9099132221939282
2017,BLZ,MLT,0.9086433038720718
2017,CPV,CYP,0.906061724095031
2017,TCD,MLT,0.9035327605314721
2017,NZL,ESP,0.9022024012371443
2017,TLS,LTU,0.9010779950948051
2017,LCA,FRA,0.8987708541733913
2017,IDN,MLT,0.8949436176128631
2017,BGD,SWE,0.8910863162763822
2017,CUB,ESP,0.8857660046924131
2017,AZE,FRA,0.8829410186842163
2017,VUT,SVK,0.880909302489015
2017,PNG,ROU,0.8740304787598004
2017,KAZ,SWE,0.8726339472641476
2017,WSM,BGR,0.8708891747586761
2017,SWZ,CYP,0.8682563650523658
2017,QAT,PRT,0.8677849148523962
2017,NCL,SVK,0.8619717221145599
2017,ISR,FIN,0.86090503984087
2017,MLI,BGR,0.8605562714196215
2017,CAF,CZE,0.8589680601997882
2017,AGO,SVK,0.8579189891740604
2017,MYS,DNK,0.8510460027205597
2017,XKV,DNK,0.8498728058427357
2017,TTO,SWE,0.8458556552582355
2017,IRL,LTU,0.8453722913030924
2017,TJK,AUT,0.8380800568157722
2017,HKG,SVN,0.835975200994322
2017,PRI,LVA,0.8352868304622226
2017,MAC,FIN,0.8331141093322951
2017,SLB,CZE,0.8308078358310421
2017,GIN,CYP,0.8278300797102852
2017,VUT,DNK,0.8200060588303628
2017,ISR,PRT,0.8166585120608161
2017,ARG,ESP,0.81333379558445
2017,NER,BGR,0.8125360521619056
2017,BGD,ROU,0.8116924848625504
2017,ITA,BGR,0.8055271400801695
2017,PAK,CZE,0.8042189976570917
2017,NCL,DNK,0.8023777620207332
2017,MHL,SVN,0.8020142713926685
2017,AGO,DNK,0.7986052220366042
2017,CHL,AUT,0.7978408771139162
2017,NZL,CZE,0.7974038546855168
2017,VCT,MLT,0.795465439455975
2017,KAZ,ROU,0.7948841813552885
2017,MAC,PRT,0.7902959065380125
2017,AUS,CYP,0.7902581509282951
2017,CAF,SWE,0.7876762242613222
2017,CUB,CZE,0.7828766865645538
2017,UZB,BGR,0.7814419822965359
2017,EGY,SVK,0.7806813656960936
2017,GIB,EST,0.7794770108367286
2017,TTO,ROU,0.7704917762856183
2017,DJI,POL,0.7680259332934167
2017,NGA,CYP,0.7666078007124915
2017,PRI,LTU,0.763240853394149
2017,MDG,SVK,0.7625561933822779
2017,SLB,SWE,0.7618532161276247
2017,SYC,SVK,0.754301745337249
2017,CUW,POL,0.7505211102252288
2017,QAT,MLT,0.7473214161351216
2017,PAK,SWE,0.737471173731914
2017,MDA,EST,0.7354387510191802
2017,SDN,FIN,0.735165691441069
2017,BEN,FRA,0.731428137543811
2017,TGO,AUT,0.7312823213457138
2017,NZL,SWE,0.7312216676881121
2017,EGY,DNK,0.7267075601063275
2017,IRN,SVN,0.7237979228964576
2017,LBN,DEU,0.7193422890301135
2017,ARG,CZE,0.7188580997520193
2017,CUB,SWE,0.7179002120194717
2017,CAF,ROU,0.7174960046626067
2017,PRY,FRA,0.717219463540006
2017,LIE,CYP,0.7132987642667038
2017,MDG,DNK,0.7098355040698225
2017,GNQ,BGR,0.7061779942428887
2017,ISR,MLT,0.7032922389943814
2017,SYC,DNK,0.7021517420864956
2017,GRL,DEU,0.6990953101461769
2017,GRC,POL,0.6982075605326978
2017,SDN,PRT,0.6973815832247872
2017,SSD,FIN,0.6964544444904035
2017,SLB,ROU,0.6939737697726639
2017,PNG,AUT,0.6925073071188182
2017,LAO,CYP,0.6866315185768096
2017,MAC,MLT,0.6805892173641148
2017,MUS,CYP,0.6800255033963845
2017,PAK,ROU,0.6717641137419231
2017,FSM,SVK,0.6696739653739329
2017,NZL,ROU,0.6660714249448889
2017,HUN,FIN,0.6640805358934523
2017,IMN,SVN,0.6630041520992411
2017,SSD,PRT,0.6606599148970088
2017,ARG,SWE,0.6591949806150418
2017,CUB,ROU,0.6539368816844229
2017,MNE,SVK,0.6537881046945567
2017,SLE,POL,0.6521588435144264
2017,YEM,SVK,0.6505432765777457
2017,PYF,BGR,0.6476132663165148
2017,CPV,EST,0.6451985213748723
2017,MNG,FIN,0.643806346582705
2017,BGD,AUT,0.6431159903008635
2017,PER,FIN,0.6412803182358615
2017,BLZ,BGR,0.6370062855928416
2017,TCD,BGR,0.6334235285121654
2017,PRK,ESP,0.6301423306332337
2017,HUN,PRT,0.6299498751122887
2017,KAZ,AUT,0.6297985222240453
2017,VGB,CYP,0.6274445453600102
2017,IDN,BGR,0.6274020919333739
2017,DZA,FIN,0.6255211548219224
2017,FSM,DNK,0.6233748553863494
2017,LBY,FIN,0.6217096980277623
2017,KNA,FRA,0.6212902354848728
2017,OMN,POL,0.6188912272803865
2017,SWZ,EST,0.6182776603499389
2017,MRT,POL,0.614998610646824
2017,TWN,FIN,0.6147577037356559
2017,MNG,PRT,0.6107176851383347
2017,TTO,AUT,0.6104720580337836
2017,MNE,DNK,0.6085872921604678
2017,PER,PRT,0.608321482937523
2017,THA,CYP,0.6064000961721144
2017,YEM,DNK,0.6055668010518712
2017,ARE,CYP,0.602613639812512
2017,KOR,SVK,0.602094909987168
2017,JOR,ESP,0.6020525224569145
2017,SDN,MLT,0.600573003104978
2017,ARG,ROU,0.6004621573140475
2017,GMB,POL,0.5939879066589587
2017,DZA,PRT,0.5933722674615285
2017,LBY,PRT,0.5897567018761787
2017,GIN,EST,0.5894904609420392
2017,PAN,SVK,0.5886791848034901
2017,BEL,SVK,0.5870429327123715
2017,TWN,PRT,0.5831620078603366
2017,KWT,ESP,0.580427448191607
2017,BFA,CYP,0.578227047559719
2017,ECU,ESP,0.5778702660991151
2017,NPL,LVA,0.577590315255863
2017,SSD,MLT,0.5689489350809015
2017,CAF,AUT,0.5684827224360011
2017,MYS,FIN,0.56839209360649
2017,XKV,FIN,0.5676085450938746
2017,LBR,LVA,0.5655534762388911
2017,AUS,EST,0.5627358235363435
2017,KOR,DNK,0.5604679991292933
2017,URY,DEU,0.5591806874759456
2017,VCT,BGR,0.5576627074078662
2017,PRK,CZE,0.5569458945780166
2017,BRB,SVN,0.5546100333580164
2017,WSM,CYP,0.5504100420126634
2017,SLB,AUT,0.5498457069807001
2017,PAN,DNK,0.547979794153894
2017,VUT,FIN,0.5476613003981585
2017,BEL,DNK,0.5464566672840788
2017,NGA,EST,0.5458946188110527
2017,MLI,CYP,0.5438795511927059
2017,HUN,MLT,0.5425019779735788
2017,MYS,PRT,0.5391793751348091
2017,XKV,PRT,0.5384360973831093
2017,NCL,FIN,0.5358878069579548
2017,AGO,FIN,0.5333682229484671
2017,PAK,AUT,0.5322486672164719
2017,JOR,CZE,0.5321189585307847
2017,NPL,LTU,0.5277714301854042
2017,NZL,AUT,0.5277382654800321
2017,MNG,MLT,0.5259395473519775
2017,COD,LVA,0.5249128902921747
2017,QAT,BGR,0.5239112393252602
2017,PER,MLT,0.5238759793048637
2017,VUT,PRT,0.5195140485867314
2017,CUB,AUT,0.5181238869421739
2017,LBR,LTU,0.5167728043859314
2017,JPN,LVA,0.5166260893207957
2017,NER,CYP,0.5135303268997059
2017,KWT,CZE,0.5130058221066617
2017,DZA,MLT,0.511001972522285
2017,ECU,CZE,0.5107456786456271
2017,PRK,SWE,0.5107210147686055
2017,ITA,CYP,0.5091006294075533
2017,NCL,PRT,0.5083456581259069
2017,LIE,EST,0.5079337265494414
2017,LBY,MLT,0.5078883097388837
2017,AGO,PRT,0.5059555690533877
2017,TWN,MLT,0.5022090728835907
2017,TJK,SVK,0.4979499607816638
2017,UZB,CYP,0.4938785861306405
2017,ISR,BGR,0.4930444927497735
2017,LAO,EST,0.4889442173022152
2017,JOR,SWE,0.4879546417778421
2017,GEO,POL,0.4874441528182383
2017,EGY,FIN,0.48534959356847585
2017,MUS,EST,0.4842401324554049
2017,FRO,DEU,0.4829360693482415
2017,JEY,LVA,0.4822339264362133
2017,COD,LTU,0.4796375900269963
2017,MAC,BGR,0.4771284920278156
2017,ARG,AUT,0.47575506998147077
2017,MDG,FIN,0.47408117420762025
2017,CHL,SVK,0.47404162673711553
2017,BHR,FRA,0.47351669150039066
2017,JPN,LTU,0.4720655503220213
2017,KWT,SWE,0.4704278397581685
2017,SYC,FIN,0.4689493839794589
2017,ECU,SWE,0.4683552815919632
2017,PRK,ROU,0.46521689535234095
2017,MYS,MLT,0.46433198743162374
2017,XKV,MLT,0.4636918894390509
2017,TJK,DNK,0.46352329766706907
2017,EGY,PRT,0.460404874602915
2017,DJI,ESP,0.45833985531407556
2017,GIB,SVN,0.45580144164611663
2017,MDG,PRT,0.4497155997553492
2017,CUW,ESP,0.44789338765644426
2017,VUT,MLT,0.4473965470556307
2017,VGB,EST,0.4467976983746285
2017,CYM,HRV,0.44635341425905856
2017,GNQ,CYP,0.4463110470828303
2017,SYC,PRT,0.44484755975326823
2017,JOR,ROU,0.44447895613518346
2017,CHL,DNK,0.4412679091524106
2017,JEY,LTU,0.4406398139248922
2017,NCL,MLT,0.4377785216298799
2017,AGO,MLT,0.43572021810351813
2017,TGO,SVK,0.4344954879584594
2017,THA,EST,0.43181213266966456
2017,MDA,SVN,0.4300499415590547
2017,ARE,EST,0.4291158306634121
2017,KWT,ROU,0.42851375363662964
2017,ECU,ROU,0.42662585584578583
2017,SDN,BGR,0.42103295793296475
2017,GRC,ESP,0.41667388873376926
2017,FSM,FIN,0.4163362944212442
2017,BFA,EST,0.41175035451046116
2017,PNG,SVK,0.4114570960332886
2017,PYF,CYP,0.4092975954374497
2017,MNE,FIN,0.40646005507057664
2017,DJI,CZE,0.40509975021378686
2017,TGO,DNK,0.4044558635647222
2017,YEM,FIN,0.4044427454780907
2017,BLZ,CYP,0.4025938851664359
2017,ASM,HRV,0.4017752539680108
2017,TCD,CYP,0.4003295494364131
2017,SSD,BGR,0.39886283900785074
2017,IDN,CYP,0.3965239456278371
2017,EGY,MLT,0.39649274491281905
2017,CUW,CZE,0.3958667293676661
2017,FSM,PRT,0.3949385390772177
2017,WSM,EST,0.39194211146171876
2017,SLE,ESP,0.3891930949472266
2017,MLI,EST,0.38729180684246434
2017,MDG,MLT,0.38728732559771245
2017,MNE,PRT,0.38556989264164404
2017,YEM,PRT,0.38365626340970205
2017,HKG,LVA,0.3834283794416424
2017,SYC,MLT,0.38309505342762484
2017,PNG,DNK,0.38301027216164574
2017,BGD,SVK,0.38211096844984505
2017,HUN,BGR,0.38032214450168106
2017,CPV,SVN,0.3772817056848504
2017,KOR,FIN,0.3743223966814637
2017,KAZ,SVK,0.37419832018595683
2017,DJI,SWE,0.3714776561347154
2017,OMN,ESP,0.36933976220106685
2017,MNG,BGR,0.36871101792902455
2017,PRK,AUT,0.36859824371772715
2017,GRC,CZE,0.3682736429957447
2017,MHL,LVA,0.36785185972430434
2017,PER,BGR,0.3672643492404882
2017,SGP,HRV,0.36719770115955175
2017,MRT,ESP,0.367016739934137
2017,PAN,FIN,0.36598184053213306
2017,NER,EST,0.3656803932731785
2017,BEL,FIN,0.3649645826311559
2017,LCA,POL,0.3649348029459032
2017,CUW,SWE,0.3630109490060394
2017,TTO,SVK,0.3627153932181521
2017,ITA,EST,0.36252604495885193
2017,SWZ,SVN,0.3615396541619357
2017,AZE,POL,0.35850729378927704
2017,DZA,BGR,0.3582389999022817
2017,LBY,BGR,0.35605616010608115
2017,BGD,DNK,0.3556930417116555
2017,KOR,PRT,0.3550839608993661
2017,GMB,ESP,0.3544780448088957
2017,VCT,CYP,0.3524480072890025
2017,JOR,AUT,0.35216726700528445
2017,TWN,BGR,0.3520747192493932
2017,UZB,EST,0.3516865628867252
2017,HKG,LTU,0.3503565396555241
2017,KAZ,DNK,0.3483274485689235
2017,PAN,PRT,0.34717207066820766
2017,BEL,PRT,0.34620709510720077
2017,LBN,FRA,0.3461469529926945
2017,GIN,SVN,0.34470625585941234
2017,SLE,CZE,0.34398497909376624
2017,GUM,DEU,0.3415672649084838
2017,FSM,MLT,0.3401142647884408
2017,KWT,AUT,0.33951780035788787
2017,DJI,ROU,0.33837981379727644
2017,CHE,HRV,0.33826157594120215
2017,ECU,AUT,0.3380219909473191
2017,CAF,SVK,0.3377671942434568
2017,GRC,SWE,0.3377080080746893
2017,TTO,DNK,0.3376384143401996
2017,GRL,FRA,0.33640412241695905
2017,MHL,LTU,0.33612354115919546
2017,MNE,MLT,0.3320461479063986
2017,IRN,LVA,0.3319771499074654
2017,QAT,CYP,0.33111676618075925
2017,CUW,ROU,0.33066747165673466
2017,YEM,MLT,0.33039816338500866
2017,AUS,SVN,0.3290614040796983
2017,SLB,SVK,0.3266939071039032
2017,OMN,CZE,0.32643778121617967
2017,MYS,BGR,0.3255209093990131
2017,XKV,BGR,0.32507216736467826
2017,MRT,CZE,0.32438459790872
2017,NGA,SVN,0.3192134607970543
2017,GNQ,EST,0.3178141400231038
2017,PAK,SVK,0.31623852734726865
2017,SLE,SWE,0.3154352322159306
2017,CAF,DNK,0.31441505382129903
2017,VUT,BGR,0.31364828355912777
2017,NZL,SVK,0.3135586468877537
2017,GMB,CZE,0.31330237975913006
2017,ISR,CYP,0.3116086958409074
2017,TJK,FIN,0.30957548329250245
2017,BTN,DEU,0.30890820928785534
2017,CUB,SVK,0.3078462100185884
2017,GRC,ROU,0.3076189671249608
2017,NCL,BGR,0.3069055467502098
2017,KOR,MLT,0.3057921887836902
2017,AGO,BGR,0.3054625687649399
2017,SLB,DNK,0.3041073382370202
2017,IMN,LVA,0.30409347944786563
2017,IRN,LTU,0.30334313191855206
2017,MAC,CYP,0.30154963565282555
2017,OMN,SWE,0.29934440042485216
2017,PAN,MLT,0.2989786052439709
2017,BEL,MLT,0.29814758491802973
2017,MRT,SWE,0.2974616253249724
2017,LIE,SVN,0.29701571900548834
2017,BEN,POL,0.2969873600197371
2017,CHL,FIN,0.2947116723687278
2017,PAK,DNK,0.29437480990114234
2017,TJK,PRT,0.29366473868348353
2017,NZL,DNK,0.2918802077808852
2017,PYF,EST,0.2914571892354165
2017,PRY,POL,0.29121810345826343
2017,GEO,ESP,0.29089523255857286
2017,SLE,ROU,0.2873306466206931
2017,GMB,SWE,0.2872991988588719
2017,BLZ,EST,0.28668353658067747
2017,CUB,DNK,0.2865627104742202
2017,LAO,SVN,0.28591154842610617
2017,TCD,EST,0.28507112318095446
2017,MUS,SVN,0.2831608211756641
2017,ARG,SVK,0.2826725400662138
2017,IDN,EST,0.28236118644603253
2017,CHL,PRT,0.27956485873062975
2017,EGY,BGR,0.2779620667704652
2017,IMN,LTU,0.2778645110889032
2017,OMN,ROU,0.2726734725608517
2017,MDG,BGR,0.2715085883370113
2017,MRT,ROU,0.27095844858242857
2017,TGO,FIN,0.2701258384718097
2017,URY,FRA,0.26907731422704645
2017,SYC,BGR,0.2685695871779407
2017,DJI,AUT,0.26810334345390413
2017,SDN,CYP,0.2660967374279449
2017,ARG,DNK,0.2631294673178392
2017,CUW,AUT,0.2619927404290486
2017,GMB,ROU,0.261701471968792
2017,VGB,SVN,0.2612662493082554
2017,GEO,CZE,0.25710525646326093
2017,TGO,PRT,0.2562426227128887
2017,PNG,FIN,0.25580287055085427
2017,BRB,LVA,0.25437743375593724
2017,TJK,MLT,0.2528990129071559
2017,THA,SVN,0.2525033963219011
2017,KNA,POL,0.2522672254068721
2017,SSD,CYP,0.25208501648494536
2017,VCT,EST,0.2509751014937854
2017,ARE,SVN,0.25092672590766535
2017,BMU,HRV,0.24771692206603838
2017,GRC,AUT,0.2437310685602795
2017,NLD,HRV,0.24269493864334965
2017,PNG,PRT,0.2426557889399277
2017,BFA,SVN,0.24077221338793148
2017,CHL,MLT,0.240756439242466
2017,HUN,CYP,0.24036712546291877
2017,FSM,BGR,0.23843781555069687
2017,BGD,FIN,0.23755838346394514
2017,QAT,EST,0.23578531380478918
2017,GEO,SWE,0.23576627238225478
2017,MNG,CYP,0.2330287856948982
2017,MNE,BGR,0.23278164536283819
2017,KAZ,FIN,0.23263909015469061
2017,BRB,LTU,0.23243662241946
2017,FRO,FRA,0.2323884629674043
2017,PER,CYP,0.23211447765581117
2017,YEM,BGR,0.23162632237282485
2017,WSM,SVN,0.2291892858447552
2017,SLE,AUT,0.22765633142032327
2017,MLI,SVN,0.22647000673827528
2017,DZA,CYP,0.22641037310106377
2017,TTO,FIN,0.22550015462773446
2017,BGD,PRT,0.22534898390546998
2017,LBY,CYP,0.22503079808881654
2017,TWN,CYP,0.2225144905117844
2017,ISR,EST,0.22189378985732205
2017,KAZ,PRT,0.22068251946582737
2017,TGO,MLT,0.2206717314422845
2017,PRK,SVK,0.21900471143627176
2017,LCA,ESP,0.21778452722818972
2017,OMN,AUT,0.2160432350983791
2017,GEO,ROU,0.21476001592799393
2017,MAC,EST,0.21473082227224555
2017,MRT,AUT,0.21468439617250176
2017,KOR,BGR,0.2143762524967974
2017,AZE,ESP,0.21394874058457328
2017,TTO,PRT,0.2139104921279229
2017,NER,SVN,0.21383267000615416
2017,ITA,SVN,0.21198815568548082
2017,CAF,FIN,0.20998985969218517
2017,PAN,BGR,0.20959957552826922
2017,JOR,SVK,0.20924215457427994
2017,GIB,LVA,0.20905788581965587
2017,BEL,BGR,0.20901698699344579
2017,PNG,MLT,0.20897098430757682
2017,LSO,DEU,0.20838149750548404
2017,GMB,AUT,0.20734995635311756
2017,MYS,CYP,0.20573223621473913
2017,UZB,SVN,0.20564973712215576
2017,XKV,CYP,0.20544862708383047
2017,PRK,DNK,0.2038634281448941
2017,SLB,FIN,0.20310559724042643
2017,KWT,SVK,0.20172640310190634
2017,ECU,SVK,0.20083765956091396
2017,CAF,PRT,0.19919735444431566
2017,VUT,CYP,0.19822862648260217
2017,MDA,LVA,0.19724670298213948
2017,PAK,FIN,0.1966054877995382
2017,NZL,FIN,0.1949394061572821
2017,JOR,DNK,0.194775823150952
2017,BGD,MLT,0.19406666202015224
2017,NCL,CYP,0.19396715423350083
2017,AGO,CYP,0.19305517875313521
2017,SLB,PRT,0.19266691116624096
2017,LCA,CZE,0.19248698658359495
2017,BHR,POL,0.19226560329798356
2017,CUB,FIN,0.19138798423975906
2017,GIB,LTU,0.19102602047906603
2017,KAZ,MLT,0.19004798325114983
2017,SDN,EST,0.18948512774079032
2017,AZE,CZE,0.189096759455872
2017,KWT,DNK,0.1877796866286153
2017,ECU,DNK,0.18695238796540337
2017,PAK,PRT,0.18650087721526137
2017,GNQ,SVN,0.18584273966277925
2017,NZL,PRT,0.184920424445246
2017,TTO,MLT,0.18421602999447292
2017,LUX,HRV,0.1840159307134517
2017,TLS,HRV,0.18213467061016667
2017,CUB,PRT,0.1815515291494296
2017,MDA,LTU,0.18023358734144335
2017,SSD,EST,0.1795075054729806
2017,TJK,BGR,0.17729538109793255
2017,BEN,ESP,0.17723508767190524
2017,LCA,SWE,0.17651112985078982
2017,ARG,FIN,0.17573751400070348
2017,EGY,CYP,0.17567460623385628
2017,PRY,ESP,0.17379213073122418
2017,AZE,SWE,0.17340228165597799
2017,CPV,LVA,0.17304402431036162
2017,MDG,CYP,0.17159594796293515
2017,CAF,MLT,0.17154532933891398
2017,HUN,EST,0.17116329915679981
2017,IRL,HRV,0.170874890583973
2017,PYF,SVN,0.17043043628576532
2017,GEO,AUT,0.17015754475532582
2017,SYC,CYP,0.16973847195068875
2017,CHL,BGR,0.1687828044743881
2017,BLZ,SVN,0.16763902905797265
2017,ARG,PRT,0.16670542052304532
2017,TCD,SVN,0.1666961656483971
2017,MNG,EST,0.165937732463314
2017,SLB,MLT,0.16592142411190164
2017,SWZ,LVA,0.16582377507648627
2017,PER,EST,0.16528666181413798
2017,IDN,SVN,0.16511152228704734
2017,GUM,FRA,0.16436190363496156
2017,DZA,EST,0.1612248195283196
2017,LCA,ROU,0.16078437630282938
2017,PAK,MLT,0.1606113419183582
2017,LBY,EST,0.16024243639220745
2017,DJI,SVK,0.15929510346008757
2017,NZL,MLT,0.159250283225118
2017,TWN,EST,0.15845059607399176
2017,CPV,LTU,0.15811846179391134
2017,GIN,LVA,0.1581029687368302
2017,AZE,ROU,0.1579525196462801
2017,BEN,CZE,0.15664771219995305
2017,CUB,MLT,0.15634904864476268
2017,CUW,SVK,0.15566445444054172
2017,TGO,BGR,0.15470237813052934
2017,PRI,HRV,0.1542736835056547
2017,PRY,CZE,0.15360468423610518
2017,SWZ,LTU,0.1515209805623062
2017,AUS,LVA,0.150927301136445
2017,FSM,CYP,0.15069491260014
2017,KNA,ESP,0.15054716068981483
2017,BTN,FRA,0.14864639133560575
2017,DJI,DNK,0.14828195094569363
2017,MNE,CYP,0.1471201605410244
2017,VCT,SVN,0.14675841812877954
2017,MYS,EST,0.14650010156589904
2017,PNG,BGR,0.1464995449184435
2017,NGA,LVA,0.14641044354401145
2017,YEM,CYP,0.1463899856876653
2017,XKV,EST,0.14629814601801022
2017,CUW,DNK,0.14490231335405718
2017,GRC,SVK,0.1448141797956457
2017,GIN,LTU,0.14446611676622656
2017,BEN,SWE,0.14364641038705728
2017,ARG,MLT,0.14356383570446574
2017,VUT,EST,0.14115684759610536
2017,PRY,SWE,0.14085594484130948
2017,LBN,POL,0.1405486943575763
2017,NCL,EST,0.13812229098601744
2017,AUS,LTU,0.13790937186943455
2017,QAT,SVN,0.13787614574526066
2017,AGO,EST,0.13747288133122848
2017,GRL,POL,0.1365927383541283
2017,LIE,LVA,0.13622922745975347
2017,PRK,FIN,0.13615522587810078
2017,BGD,BGR,0.13605083865589493
2017,KOR,CYP,0.13548778141142473
2017,SLE,SVK,0.13526328467134338
2017,GRC,DNK,0.1348021918958675
2017,NGA,LTU,0.133782106698019
2017,KAZ,BGR,0.13323353551314987
2017,KNA,CZE,0.1330598168231475
2017,PAN,CYP,0.13246887723035364
2017,BEL,CYP,0.13210067586877727
2017,LAO,LVA,0.13113618866478452
2017,BEN,ROU,0.130847831078681
2017,JOR,FIN,0.1300858444206197
2017,MUS,LVA,0.1298745401246502
2017,ISR,SVN,0.12975303684802683
2017,PRK,PRT,0.1291574785013071
2017,TTO,BGR,0.129145032504372
2017,OMN,SVK,0.1283632984337077
2017,PRY,ROU,0.1283059898772403
2017,MRT,SVK,0.1275559366735197
2017,LCA,AUT,0.1273918452114421
2017,SLE,DNK,0.1259116150259758
2017,MAC,SVN,0.12556447078853833
2017,KWT,FIN,0.12541330184081104
2017,AZE,AUT,0.12514812319598548
2017,EGY,EST,0.12509632972125082
2017,ECU,FIN,0.12486076999445057
2017,LIE,LTU,0.1244790508262543
2017,JOR,PRT,0.12340003511229852
2017,GMB,SVK,0.12319813816642473
2017,MDG,EST,0.1221919533243557
2017,KNA,SWE,0.12201624131610038
2017,SYC,EST,0.12086926112279771
2017,CAF,BGR,0.12026221135105314
2017,VGB,LVA,0.11983237595554096
2017,LAO,LTU,0.11982530179720456
2017,OMN,DNK,0.11948867170511339
2017,KWT,PRT,0.11896763955857671
2017,MRT,DNK,0.118737128347413
2017,MUS,LTU,0.11867247420153572
2017,ECU,PRT,0.11844350528750966
2017,SLB,BGR,0.11631956084791392
2017,THA,LVA,0.1158132058702958
2017,ARE,LVA,0.11509005022988332
2017,BHR,ESP,0.1147396005491454
2017,GMB,DNK,0.11468061405146555
2017,PAK,BGR,0.11259691663770797
2017,TJK,CYP,0.11205232650389196
2017,NZL,BGR,0.11164274359867256
2017,PRK,MLT,0.1112281950124197
2017,KNA,ROU,0.11114486251041884
2017,SDN,SVN,0.11080197772868199
2017,BFA,LVA,0.11043258159345677
2017,CUB,BGR,0.10960882703780628
2017,VGB,LTU,0.10949647660306559
2017,URY,POL,0.1092555195673002
2017,FSM,EST,0.107308511332864
2017,NPL,HRV,0.10667830766876236
2017,CHL,CYP,0.10667229906435072
2017,JOR,MLT,0.10626998397054703
2017,SMR,DEU,0.10615180545962431
2017,THA,LTU,0.10582397190895801
2017,ARE,LTU,0.10516319059648387
2017,WSM,LVA,0.10511995613305126
2017,SSD,SVN,0.10496753418430314
2017,MNE,EST,0.1047629620822025
2017,LBR,HRV,0.10445515817664688
2017,YEM,EST,0.10424301104221906
2017,MLI,LVA,0.10387273159839167
2017,BEN,AUT,0.10367267657669124
2017,KWT,MLT,0.1024528812929304
2017,ECU,MLT,0.10200150588988435
2017,PRY,AUT,0.10165873810622615
2017,BHR,CZE,0.10141161189274621
2017,GEO,SVK,0.101100058459265
2017,BFA,LTU,0.10090744250243623
2017,ARG,BGR,0.10064572680814926
2017,LSO,FRA,0.10027301539414776
2017,HUN,SVN,0.10008823535260931
2017,DJI,FIN,0.09903376347770904
2017,NER,LVA,0.09807649082726326
2017,TGO,CYP,0.09777333892096961
2017,ITA,LVA,0.09723048590272544
2017,MNG,SVN,0.09703257008064448
2017,COD,HRV,0.09694902655194668
2017,CUW,FIN,0.0967765890356687
2017,PER,SVN,0.0966518546312057
2017,KOR,EST,0.09647964802654502
2017,WSM,LTU,0.09605304681189294
2017,JPN,HRV,0.09541849205324589
2017,MLI,LTU,0.09491339910826407
2017,FRO,POL,0.09435846472559298
2017,PAN,EST,0.09432991312217641
2017,UZB,LVA,0.0943233068918315
2017,DZA,SVN,0.09427668058004565
2017,GEO,DNK,0.09411032469569701
2017,BEL,EST,0.0940677201967501
2017,DJI,PRT,0.09394388716836638
2017,LBY,SVN,0.09370222919345751
2017,BHR,SWE,0.09299474480268065
2017,TWN,SVN,0.092654445373168
2017,PNG,CYP,0.09258907219249855
2017,CUW,PRT,0.09180272102809255
2017,GRC,FIN,0.09003097344855777
2017,NER,LTU,0.08961710136801844
2017,JEY,HRV,0.08906641578622883
2017,ITA,LTU,0.08884406688808706
2017,KNA,AUT,0.08806172245434228
2017,UZB,LTU,0.08618764072605073
2017,BGD,CYP,0.08598539285001394
2017,MYS,SVN,0.08566635906729282
2017,XKV,SVN,0.08554826497523316
2017,GRC,PRT,0.08540379880860767
2017,GNQ,LVA,0.08523862958511191
2017,BHR,ROU,0.08470911752238658
2017,KAZ,CYP,0.08420483111368234
2017,ALB,DEU,0.08417883035672988
2017,SLE,FIN,0.08409318209028446
2017,LBN,ESP,0.08387616282720375
2017,VUT,SVN,0.08254187581935335
2017,TTO,CYP,0.0816208592627819
2017,GRL,ESP,0.08151534111058015
2017,IOT,DEU,0.08143241471801922
2017,DJI,MLT,0.08090285691108517
2017,NCL,SVN,0.08076741004498746
2017,AGO,SVN,0.0803876658668314
2017,OMN,FIN,0.07980346074785366
2017,TJK,EST,0.07979146834519944
2017,SLE,PRT,0.07977118239777638
2017,MRT,FIN,0.07930152395342206
2017,CUW,MLT,0.07905892152485854
2017,PYF,LVA,0.07816962263337156
2017,PRK,BGR,0.07797675837826142
2017,GNQ,LTU,0.07788654389616995
2017,BLZ,LVA,0.07688931581512959
2017,GMB,FIN,0.07659228068566971
2017,TCD,LVA,0.07645686209073875
2017,CAF,CYP,0.07600683384382544
2017,CHL,EST,0.07596039850013425
2017,IDN,LVA,0.07573004957846254
2017,OMN,PRT,0.0757019328446403
2017,LCA,SVK,0.07569057849670999
2017,MRT,PRT,0.07522579327439821
2017,JOR,BGR,0.07450079417370552
2017,AZE,SVK,0.07435745849162774
2017,LBN,CZE,0.07413322715937003
2017,GRC,MLT,0.07354827996730469
2017,SLB,CYP,0.0735150421302869
2017,EGY,SVN,0.07315044143556845
2017,GMB,PRT,0.07265579255020407
2017,GRL,CZE,0.07204663513248169
2017,KWT,BGR,0.0718248063707542
2017,PLW,DEU,0.0715168406603414
2017,ECU,BGR,0.0715083687018944
2017,MDG,SVN,0.07145209891823533
2017,PYF,LTU,0.07142725984938347
2017,PAK,CYP,0.07116229643597345
2017,HKG,HRV,0.07081748005572239
2017,SYC,SVN,0.07067865081913484
2017,NZL,CYP,0.07055925021869976
2017,LCA,DNK,0.07045757467687923
2017,BLZ,LTU,0.07025738330766833
2017,TCD,LTU,0.06986223000508975
2017,TGO,EST,0.0696235278724537
2017,CUB,CYP,0.06927379607348447
2017,AZE,DNK,0.06921662231296768
2017,IDN,LTU,0.06919810723684225
2017,SLE,MLT,0.06869756776818291
2017,LBN,SWE,0.06798038619459007
2017,MHL,HRV,0.06794056761636018
2017,VCT,LVA,0.06731221496236596
2017,BHR,AUT,0.06711628975121901
2017,GUM,POL,0.06673712063126891
2017,FJI,DEU,0.06669957322821418
2017,GRL,SWE,0.06606697520125125
2017,PNG,EST,0.06593185749429781
2017,URY,ESP,0.0652011304045503
2017,OMN,MLT,0.06519320016901334
2017,MRT,MLT,0.06478315697533578
2017,ARG,CYP,0.06360903353313452
2017,QAT,LVA,0.0632382719773096
2017,GEO,FIN,0.06285390485681851
2017,FSM,SVN,0.06274896306937161
2017,GMB,MLT,0.06256991663455418
2017,LBN,ROU,0.061923483263419433
2017,REU,DEU,0.061742281743721525
2017,BEN,SVK,0.06159770157475724
2017,VCT,LTU,0.06150633592929626
2017,IRN,HRV,0.061314671665052556
2017,MNE,SVN,0.06126044576597196
2017,BGD,EST,0.06122943597697745
2017,YEM,SVN,0.06095640288809998
2017,PRY,SVK,0.060401108750206566
2017,BTN,POL,0.06035603099365045
2017,GRL,ROU,0.06018055298228067
2017,KAZ,EST,0.05996151374944349
2017,GEO,PRT,0.059623505546058136
2017,ISR,LVA,0.059512526911200264
2017,TTO,EST,0.058121490301658606
2017,QAT,LTU,0.05778378266112984
2017,URY,CZE,0.05762745991714052
2017,MAC,LVA,0.057591399233652266
2017,BEN,DNK,0.05733903406242595
2017,DJI,BGR,0.056717116777471176
2017,KOR,SVN,0.056416753860134526
2017,FRO,ESP,0.05631091763338155
2017,PRY,DNK,0.05622516982769479
2017,IMN,HRV,0.05616468438573699
2017,CUW,BGR,0.05542442202448281
2017,PAN,SVN,0.05515969014312206
2017,BEL,SVN,0.05500637206993035
2017,ISR,LTU,0.054379394204277544
2017,CAF,EST,0.054123792569873895
2017,URY,SWE,0.05284454934301773
2017,MAC,LTU,0.05262396951108628
2017,SLB,EST,0.05234940978071569
2017,KNA,SVK,0.05232236572853413
2017,GRC,BGR,0.05156117525333274
2017,GEO,MLT,0.05134673562192472
2017,SMR,FRA,0.05108016666733744
2017,SDN,LVA,0.05082043427712402
2017,PAK,EST,0.050674040429186926
2017,NZL,EST,0.050244616563948255
2017,FRO,CZE,0.04976992160535653
2017,GUF,DEU,0.04936231836933766
2017,CUB,EST,0.04932925606285604
2017,PRK,CYP,0.0492820350728129
2017,LBN,AUT,0.04906289389703615
2017,KNA,DNK,0.048704965185983086
2017,SLE,BGR,0.04816057333696459
2017,SSD,LVA,0.04814440844465424
2017,URY,ROU,0.04813621619386614
2017,GRL,AUT,0.04768194439376494
2017,JOR,CYP,0.04708519343174615
2017,LCA,FIN,0.047056831537902855
2017,BRB,HRV,0.04698235656909351
2017,TJK,SVN,0.046658292415528796
2017,SDN,LTU,0.046437020449692896
2017,AZE,FIN,0.046228030850355054
2017,HUN,LVA,0.04590646927896771
2017,OMN,BGR,0.045703829113806584
2017,FRO,SWE,0.045639163722538255
2017,MRT,BGR,0.04541636747663379
2017,KWT,CYP,0.045393944301848586
2017,ARG,EST,0.0452954288767181
2017,ECU,CYP,0.04519395275796498
2017,LCA,PRT,0.04463832855844766
2017,MNG,LVA,0.044504957868160264
2017,CHL,SVN,0.04441806321806572
2017,PER,LVA,0.04433033892296538
2017,SSD,LTU,0.04399180981594114
2017,GMB,BGR,0.04386477071407841
2017,AZE,PRT,0.043852124383812
2017,DZA,LVA,0.04324094161040764
2017,LBY,LVA,0.04297746374172743
2017,TWN,LVA,0.04249688722254249
2017,HUN,LTU,0.041946899569101054
2017,FRO,ROU,0.041572814588599134
2017,LSO,POL,0.04071461924219815
2017,TGO,SVN,0.04071255974911642
2017,MNG,LTU,0.040666272691942736
2017,ALB,FRA,0.040506788046283174
2017,PER,LTU,0.04050671515088156
2017,BHR,SVK,0.039877519549157865
2017,GUM,ESP,0.039827147610818826
2017,DZA,LTU,0.03951128160135254
2017,MYS,LVA,0.03929173160970482
2017,LBY,LTU,0.039270529483627095
2017,XKV,LVA,0.039237566574323125
2017,IOT,FRA,0.039185214965583366
2017,TWN,LTU,0.03883140412064139
2017,GIB,HRV,0.03861204191793078
2017,PNG,SVN,0.038553844794021776
2017,LCA,MLT,0.03844175940518406
2017,BEN,FIN,0.038295290162848425
2017,URY,AUT,0.03813903778115783
2017,VUT,LVA,0.03785865614655106
2017,AZE,MLT,0.03776469391683088
2017,PRY,FIN,0.03755136842142863
2017,BHR,DNK,0.03712051575462101
2017,NCL,LVA,0.03704477968773921
2017,AGO,LVA,0.03687060622582362
2017,MDA,HRV,0.0364305700971742
2017,BEN,PRT,0.03632708979042536
2017,BTN,ESP,0.036019063046915385
2017,GEO,BGR,0.03599673622912089
2017,MYS,LTU,0.035902702726116155
2017,XKV,LTU,0.035853209586369214
2017,DJI,CYP,0.03584574424980708
2017,BGD,SVN,0.03580409018032054
2017,PRY,PRT,0.03562140217759656
2017,GUM,CZE,0.035200882842306144
2017,PRK,EST,0.03509330028379891
2017,KAZ,SVN,0.035062668982298595
2017,CUW,CYP,0.0350287491671675
2017,VUT,LTU,0.034593234290141384
2017,PLW,FRA,0.03441384839979135
2017,TTO,SVN,0.033986709937319545
2017,NCL,LTU,0.03384955710007098
2017,AGO,LTU,0.03369040661802937
2017,WLF,DEU,0.0336084441880317
2017,EGY,LVA,0.03355118092225715
2017,JOR,EST,0.03352894882647771
2017,FRO,AUT,0.03293875737714701
2017,MDG,LVA,0.03277221915594717
2017,GRC,CYP,0.03258714134926895
2017,KNA,FIN,0.03252881400370315
2017,SYC,LVA,0.03241746945659294
2017,KWT,EST,0.032324625314217745
2017,GUM,SWE,0.03227931255260392
2017,ECU,EST,0.03218221310876888
2017,FJI,FRA,0.032095783038125984
2017,CPV,HRV,0.031960445281088296
2017,BTN,CZE,0.03183513996015342
2017,CAF,SVN,0.03164904460007389
2017,BEN,MLT,0.03128426378656982
2017,KNA,PRT,0.030856983771726465
2017,PRY,MLT,0.03067653777388852
2017,EGY,LTU,0.030657291633958295
2017,SWZ,HRV,0.03062689804376093
2017,SLB,SVN,0.03061146912050689
2017,SLE,CYP,0.030437929373847178
2017,MDG,LTU,0.02994551764016643
2017,REU,FRA,0.02971033821078603
2017,PAK,SVN,0.029631792035615306
2017,SYC,LTU,0.029621366159019998
2017,GUM,ROU,0.029403296781578502
2017,NZL,SVN,0.029380685185596823
2017,GIN,HRV,0.02920090018265084
2017,BTN,SWE,0.029192916482612852
2017,LBN,SVK,0.029150993265115374
2017,OMN,CYP,0.028885244221390816
2017,CUB,SVN,0.028845425479122767
2017,FSM,LVA,0.028780438932537233
2017,MRT,CYP,0.02870356579848798
2017,GRL,SVK,0.028330494381502737
2017,MNE,LVA,0.028097715597282167
2017,YEM,LVA,0.02795826329318921
2017,AUS,HRV,0.027875586970528228
2017,GMB,CYP,0.02772294224268197
2017,LBN,DNK,0.027135587092538164
2017,NGA,HRV,0.027041343889897346
2017,LCA,BGR,0.02694967570442538
2017,BTN,ROU,0.026591891814897316
2017,KNA,MLT,0.026573502736985742
2017,ARG,SVN,0.02648663333871146
2017,AZE,BGR,0.026475017529978866
2017,GRL,DNK,0.0263718148699894
2017,FSM,LTU,0.026298040350728816
2017,KOR,LVA,0.025876107903942874
2017,MNE,LTU,0.02567420393666273
2017,YEM,LTU,0.02554677980916297
2017,DJI,EST,0.02552543670317503
2017,PAN,LVA,0.02529954306889072
2017,BEL,LVA,0.025229222202586204
2017,LIE,HRV,0.025160919524752835
2017,CUW,EST,0.02494366174759341
2017,BHR,FIN,0.024791853317063958
2017,LSO,ESP,0.024297529398017704
2017,LAO,HRV,0.024220258393172125
2017,MUS,HRV,0.023987237638531052
2017,GUF,FRA,0.02375310941226514
2017,KOR,LTU,0.02364421652403588
2017,BHR,PRT,0.023517666994824223
2017,GUM,AUT,0.02329666798750412
2017,GRC,EST,0.023205014465633788
2017,PAN,LTU,0.02311738212333218
2017,BEL,LTU,0.0230531266412004
2017,GEO,CYP,0.02275027141734696
2017,URY,SVK,0.022660522957119636
2017,VGB,HRV,0.022132495530506103
2017,BEN,BGR,0.02193189845483657
2017,SLE,EST,0.021674579670975296
2017,PRY,BGR,0.021505850864603333
2017,LSO,CZE,0.021475162973126766
2017,TJK,LVA,0.021400292050675306
2017,THA,HRV,0.021390173071832365
2017,ARE,HRV,0.021256609509801124
2017,ATG,DEU,0.02109925940046188
2017,URY,DNK,0.021093847083462205
2017,BTN,AUT,0.021069150149156626
2017,SMR,POL,0.020740470689086746
2017,OMN,EST,0.02056892633866381
2017,PRK,SVN,0.020520909069922644
2017,MRT,EST,0.020439554744317186
2017,BFA,HRV,0.020396396208035104
2017,CHL,LVA,0.020372788543705903
2017,BHR,MLT,0.020253009590234315
2017,GMB,EST,0.01974126140358111
2017,LSO,SWE,0.019692787275623094
2017,JOR,SVN,0.01960615002048923
2017,FRO,SVK,0.0195707472224847
2017,TJK,LTU,0.01955445311953851
2017,WSM,HRV,0.019415178416765558
2017,MLI,HRV,0.019184821710418243
2017,KWT,SVN,0.01890191835558464
2017,ECU,SVN,0.01881864240562183
2017,TGO,LVA,0.018673222350325168
2017,KNA,BGR,0.018629409584095414
2017,CHL,LTU,0.018615574850512247
2017,FRO,DNK,0.01821768853266829
2017,LBN,FIN,0.01812317208407517
2017,NER,HRV,0.01811428236795931
2017,ITA,HRV,0.017958029101162145
2017,LSO,ROU,0.017938203230877945
2017,PNG,LVA,0.017683106165151393
2017,GRL,FIN,0.017613067940203744
2017,UZB,HRV,0.017421086342980806
2017,NRU,DEU,0.01732564496551866
2017,LBN,PRT,0.017191725060337282
2017,TGO,LTU,0.017062601303547618
2017,LCA,CYP,0.017032445191215932
2017,AZE,CYP,0.0167324568192039
2017,GRL,PRT,0.016707837904551666
2017,ALB,POL,0.01644728091148136
2017,BGD,LVA,0.016421903734577373
2017,GEO,EST,0.016200266592223633
2017,WLF,FRA,0.016172357343536076
2017,PNG,LTU,0.016157885588452228
2017,KAZ,LVA,0.016081843493432533
2017,IOT,POL,0.015910672487271432
2017,GNQ,HRV,0.015743187709295538
2017,TTO,LVA,0.015588344125902018
2017,BGD,LTU,0.015005465624065366
2017,DJI,SVN,0.014926073105690192
2017,LBN,MLT,0.014805217396619785
2017,KAZ,LTU,0.014694736591604526
2017,CUW,SVN,0.014585878513956103
2017,CAF,LVA,0.014516150559787977
2017,PYF,HRV,0.014437574234498407
2017,GRL,MLT,0.014388502115768415
2017,TTO,LTU,0.014243803014434356
2017,LSO,AUT,0.014212704380277401
2017,BLZ,HRV,0.0142011073806414
2017,BHR,BGR,0.0141984146652202
2017,TCD,HRV,0.014121235142058881
2017,URY,FIN,0.014088046789077043
2017,SLB,LVA,0.01404025619808255
2017,IDN,HRV,0.013986996172404826
2017,PLW,POL,0.013973318033258327
2017,BEN,CYP,0.013861163394629509
2017,GUM,SVK,0.013841845795492034
2017,PRY,CYP,0.013591897363042137
2017,PAK,LVA,0.013590917513646331
2017,GRC,SVN,0.01356919947581409
2017,NZL,LVA,0.013475744847693127
2017,URY,PRT,0.013363986498136223
2017,CAF,LTU,0.0132640893369761
2017,CUB,LVA,0.013230242634721202
2017,FJI,POL,0.013032096227892715
2017,GUM,DNK,0.012884864974894043
2017,SLB,LTU,0.012829242281441272
2017,SLE,SVN,0.012674273293190812
2017,BTN,SVK,0.012518353593016897
2017,VCT,HRV,0.012432260354712127
2017,PAK,LTU,0.012418660396913866
2017,SMR,ESP,0.012377426233535918
2017,NZL,LTU,0.012313421716446274
2017,FRO,FIN,0.012167133260308912
2017,ARG,LVA,0.012148359049225066
2017,LCA,EST,0.012128653225857353
2017,CUB,LTU,0.012089094800582945
2017,REU,POL,0.012063515822819094
2017,OMN,SVN,0.012027739302037647
2017,MRT,SVN,0.01195208888721919
2017,AZE,EST,0.011915034165582913
2017,KNA,CYP,0.01177395977472611
2017,QAT,HRV,0.01167982159023541
2017,BTN,DNK,0.011652874778198527
2017,GMB,SVN,0.011543759832000839
2017,FRO,PRT,0.01154179901914175
2017,URY,MLT,0.011508834901441629
2017,FLK,DEU,0.011371073725006675
2017,ARG,LTU,0.011100526896776472
2017,ISR,HRV,0.010991693399786583
2017,SMR,CZE,0.010939682022762534
2017,MAC,HRV,0.01063686984398362
2017,LBN,BGR,0.010379228571900734
2017,ATG,FRA,0.010152947300956755
2017,GRL,BGR,0.010087089454082196
2017,SMR,SWE,0.010031720420785888
2017,FRO,MLT,0.009939598442085263
2017,BEN,EST,0.009870411572327348
2017,ALB,ESP,0.009815351313662393
2017,PRY,EST,0.009678669618311828
2017,GUF,POL,0.009644656657997453
2017,IOT,ESP,0.00949511599757349
2017,GEO,SVN,0.009473152851372095
2017,PRK,LVA,0.009412120000678327
2017,SDN,HRV,0.009386303371921229
2017,SMR,ROU,0.009137916189556354
2017,JOR,LVA,0.008992556621900284
2017,BHR,CYP,0.008973529857645312
2017,SSD,HRV,0.008892053555839552
2017,ALB,CZE,0.00867521407820956
2017,KWT,LVA,0.008669553731737167
2017,ECU,LVA,0.008631358385149465
2017,GUM,FIN,0.008605475327426776
2017,PRK,LTU,0.008600296616182265
2017,HUN,HRV,0.008478716357214047
2017,LSO,SVK,0.008444557928809224
2017,IOT,CZE,0.008392176840550283
2017,KNA,EST,0.008384132377921483
2017,PLW,ESP,0.008338948319306814
2017,NRU,FRA,0.00833708695415854
2017,MNG,HRV,0.008219863565651629
2017,JOR,LTU,0.008216921828512884
2017,PER,HRV,0.008187612239636852
2017,GUM,PRT,0.008163193791700213
2017,URY,BGR,0.008068292740206833
2017,DZA,HRV,0.007986405504321222
2017,ALB,SWE,0.007955196690542158
2017,LBY,HRV,0.007937742338758056
2017,KWT,LTU,0.00792177889970548
2017,ECU,LTU,0.007886878015527584
2017,LSO,DNK,0.007860728279519892
2017,TWN,HRV,0.007848982038562782
2017,BTN,FIN,0.007782660244618187
2017,FJI,ESP,0.007777249231569219
2017,IOT,SWE,0.007695650715534706
2017,HTI,DEU,0.007460463298094482
2017,BTN,PRT,0.007382667589470216
2017,PLW,CZE,0.007370307953869808
2017,MYS,HRV,0.007257004355486338
2017,XKV,HRV,0.007247000319482415
2017,ALB,ROU,0.00724640615771023
2017,SMR,AUT,0.0072401064801382
2017,REU,ESP,0.007199223173493533
2017,LCA,SVN,0.0070922651325371405
2017,GUM,MLT,0.007030001835923239
2017,IOT,ROU,0.007009985158372912
2017,VUT,HRV,0.006992321826827339
2017,FRO,BGR,0.006968176243522458
2017,AZE,SVN,0.006967350767799611
2017,FJI,CZE,0.00687385503252853
2017,DJI,LVA,0.006845992579128127
2017,NCL,HRV,0.006842002541714271
2017,AGO,HRV,0.006809833494437683
2017,PLW,SWE,0.006758593956796338
2017,CUW,LVA,0.0066899589302253076
2017,WLF,POL,0.0065665859244646565
2017,LBN,CYP,0.006559768797105496
2017,BHR,EST,0.006389971060138036
2017,GRL,CYP,0.006375134163018328
2017,REU,CZE,0.006362971658480545
2017,BTN,MLT,0.006357826119570407
2017,FJI,SWE,0.006303345175468371
2017,DJI,LTU,0.00625550532807075
2017,GRC,LVA,0.006223648930187725
2017,EGY,HRV,0.006196750718525013
2017,PLW,ROU,0.006156418096389567
2017,CUW,LTU,0.006112930046139285
2017,MDG,HRV,0.006052880018525815
2017,SYC,HRV,0.0059873593604165345
2017,REU,SWE,0.005834863626789594
2017,SLE,LVA,0.005813182093952627
2017,BEN,SVN,0.005771751779411594
2017,GUF,ESP,0.0057557047822910795
2017,FJI,ROU,0.005741730980453502
2017,ALB,AUT,0.005741435037466496
2017,GRC,LTU,0.005686840672530986
2017,PRY,SVN,0.005659630115976643
2017,IOT,AUT,0.005554115174399775
2017,OMN,LVA,0.005516642818401224
2017,MRT,LVA,0.005481944999705851
2017,FLK,FRA,0.005471751879725196
2017,FSM,HRV,0.005315616342921477
2017,REU,ROU,0.005314990107640695
2017,SLE,LTU,0.0053117778235157445
2017,GMB,LVA,0.0052946607982904395
2017,LSO,FIN,0.005249981540110834
2017,MNE,HRV,0.00518952044399921
2017,YEM,HRV,0.005163764236860321
2017,URY,CYP,0.005099235901443231
2017,GUF,CZE,0.005087130308606201
2017,OMN,LTU,0.005040815943736685
2017,MRT,LTU,0.005009110915252856
2017,LSO,PRT,0.004980156828546569
2017,GUM,BGR,0.00492839746700296
2017,KNA,SVN,0.004902645712034935
2017,PLW,AUT,0.00487782133579343
2017,GMB,LTU,0.004837980534044236
2017,KOR,HRV,0.004779199594134626
2017,PAN,HRV,0.004672710688001502
2017,LBN,EST,0.004671153207228502
2017,GUF,SWE,0.004664913376262527
2017,BEL,HRV,0.0046597227434099385
2017,FJI,AUT,0.004549258585486098
2017,GRL,EST,0.004539676521104702
2017,BTN,BGR,0.0044571672774280325
2017,FRO,CYP,0.00440395206429293
2017,GEO,LVA,0.004344956216026852
2017,SMR,SVK,0.004301749825115321
2017,LSO,MLT,0.004288825249189156
2017,GUF,ROU,0.004249279851888843
2017,REU,AUT,0.004211145464890511
2017,ATG,POL,0.00412247883360934
2017,SMR,DNK,0.004004340640063799
2017,GEO,LTU,0.00397019080074019
2017,TJK,HRV,0.003952536736305909
2017,WLF,ESP,0.003918784395235699
2017,CHL,HRV,0.003762761505745372
2017,BHR,SVN,0.0037365541007571214
2017,URY,EST,0.003631120680038535
2017,HTI,FRA,0.0035899691675726386
2017,WLF,CZE,0.003463583978669803
2017,TGO,HRV,0.003448859349680686
2017,ALB,SVK,0.0034113057917155155
2017,NRU,POL,0.003385171170861919
2017,GUF,AUT,0.0033667674285240683
2017,IOT,SVK,0.0033000086456861782
2017,PNG,HRV,0.003265989387633279
2017,LCA,LVA,0.0032529382726960237
2017,AZE,LVA,0.0031956450510988695
2017,WLF,SWE,0.003176116641748108
2017,ALB,DNK,0.0031754590510351807
2017,FRO,EST,0.0031360152233840493
2017,GUM,CYP,0.0031147929443719135
2017,IOT,DNK,0.003071856632696861
2017,BGD,HRV,0.003033051027401658
2017,LSO,BGR,0.0030066898967952087
2017,LCA,LTU,0.0029723626576479228
2017,KAZ,HRV,0.002970243445500474
2017,AZE,LTU,0.0029200111470640507
2017,PLW,SVK,0.002898184872799362
2017,WLF,ROU,0.0028931316327768753
2017,TTO,HRV,0.002879096353914566
2017,BTN,CYP,0.0028169710906171663
2017,LBN,SVN,0.002731470378733984
2017,FJI,SVK,0.002702967474056493
2017,PLW,DNK,0.0026978136666182127
2017,CAF,HRV,0.0026810670724233886
2017,SMR,FIN,0.0026743978029901503
2017,GRL,SVN,0.002654589005396554
2017,BEN,LVA,0.002647271628018347
2017,GRD,DEU,0.002641641405037081
2017,PRY,LVA,0.0025958459067050464
2017,SLB,HRV,0.0025931715454470547
2017,SMR,PRT,0.0025369461547726053
2017,FJI,DNK,0.0025160929726648733
2017,PAK,HRV,0.0025101807314398474
2017,REU,SVK,0.0025020756693045418
2017,NZL,HRV,0.00248890886318121
2017,ATG,ESP,0.0024601986342171864
2017,CUB,HRV,0.002443565719577461
2017,BEN,LTU,0.0024189365650799906
2017,PRY,LTU,0.0023719464654038667
2017,REU,DNK,0.00232909018293327
2017,WLF,AUT,0.0022922710876140807
2017,KNA,LVA,0.0022486474456493355
2017,ARG,HRV,0.002243746735520891
2017,FLK,POL,0.00222173725897342
2017,GUM,EST,0.0022180164426489593
2017,SMR,MLT,0.0021847743151489282
2017,ATG,CZE,0.002174425463207314
2017,URY,SVN,0.0021233083435981764
2017,ALB,FIN,0.002120808760525021
2017,KNA,LTU,0.0020546949057609894
2017,IOT,FIN,0.0020516153264759007
2017,NRU,ESP,0.002020190721962866
2017,ALB,PRT,0.002011809022579362
2017,BTN,EST,0.002005940140819071
2017,GUF,SVK,0.002000383728690813
2017,ATG,SWE,0.0019939545114150635
2017,IOT,PRT,0.001946171810250604
2017,LSO,CYP,0.0019002559227730424
2017,GUF,DNK,0.0018620836139173302
2017,FRO,SVN,0.001833793992600539
2017,ATG,ROU,0.0018162975488576498
2017,PLW,FIN,0.00180180149278349
2017,NRU,CZE,0.0017855282436448302
2017,PRK,HRV,0.0017383758119332178
2017,ALB,MLT,0.001732535265380999
2017,BHR,LVA,0.0017138078759336994
2017,PLW,PRT,0.0017091972494405502
2017,FJI,FIN,0.0016804348388569368
2017,IOT,MLT,0.0016760096290981505
2017,JOR,HRV,0.0016608843616342246
2017,NRU,SWE,0.0016373346232908706
2017,KWT,HRV,0.0016012271949806317
2017,ECU,HRV,0.0015941726879586554
2017,FJI,PRT,0.0015940682788542246
2017,BHR,LTU,0.0015659868419778823
2017,REU,FIN,0.001555540406798015
2017,SMR,BGR,0.0015316405958433203
2017,NRU,ROU,0.001491451708611182
2017,REU,PRT,0.0014755928415762956
2017,PLW,MLT,0.0014719312205645214
2017,HTI,POL,0.0014576626341036676
2017,ATG,AUT,0.0014390794772633866
2017,FJI,MLT,0.0013727841348475656
2017,WLF,SVK,0.001361965708282312
2017,LSO,EST,0.0013531553965946128
2017,FLK,ESP,0.0013258806632441308
2017,GUM,SVN,0.0012969915444574264
2017,GRD,FRA,0.0012711558005102169
2017,REU,MLT,0.0012707551296777424
2017,WLF,DNK,0.0012678037677149052
2017,DJI,HRV,0.0012644237331624494
2017,LBN,LVA,0.0012528161835005608
2017,GUF,FIN,0.001243638534698967
2017,CUW,HRV,0.0012356050269537741
2017,GRL,LVA,0.0012175537733800736
2017,ALB,BGR,0.0012145974656457045
2017,NRU,AUT,0.0011816993017150078
2017,GUF,PRT,0.001179721279685482
2017,IOT,BGR,0.0011749700502937516
2017,BTN,SVN,0.0011729793121925192
2017,FLK,CZE,0.0011718682529264933
2017,GRC,HRV,0.0011494796880429348
2017,LBN,LTU,0.0011447570561023165
2017,GRL,LTU,0.0011125361338854515
2017,FLK,SWE,0.0010746066164347937
2017,SLE,HRV,0.001073668327832863
2017,PLW,BGR,0.0010319004558382268
2017,OMN,HRV,0.0010188988705937278
2017,GUF,MLT,0.0010159556386495278
2017,MRT,HRV,0.0010124903410868224
2017,FLK,ROU,0.0009788615298107163
2017,GMB,HRV,0.000977899799776861
2017,URY,LVA,0.0009738765890093626
2017,SMR,CYP,0.0009680110732114989
2017,FJI,BGR,0.0009623931843591152
2017,REU,BGR,0.0008908655372295962
2017,URY,LTU,0.0008898768324705511
2017,HTI,ESP,0.0008698988560801194
2017,ATG,SVK,0.0008550371333111466
2017,WLF,FIN,0.0008467340608029184
2017,FRO,LVA,0.0008410879389440399
2017,WLF,PRT,0.0008032158556469127
2017,GEO,HRV,0.0008024936772274056
2017,ATG,DNK,0.0007959226084445033
2017,LSO,SVN,0.00079126154070532
2017,FLK,AUT,0.0007755665031421824
2017,HTI,CZE,0.0007688526433465784
2017,FRO,LTU,0.000768541598990538
2017,ALB,CYP,0.0007676368721425154
2017,IOT,CYP,0.0007425919778196924
2017,GUF,BGR,0.0007122378219763497
2017,HTI,SWE,0.0007050401233588489
2017,NRU,SVK,0.0007021132601345942
2017,WLF,MLT,0.0006917156549170184
2017,SMR,EST,0.0006893121036917968
2017,NRU,DNK,0.000653571401356254
2017,PLW,CYP,0.0006521706661564478
2017,HTI,ROU,0.0006422225986460377
2017,FJI,CYP,0.0006082414254174013
2017,LCA,HRV,0.000600802923311544
2017,GUM,LVA,0.0005948781320897121
2017,AZE,HRV,0.0005902211255226245
2017,REU,CYP,0.0005630352885142359
2017,ALB,EST,0.0005466274114535228
2017,GUM,LTU,0.0005435681213247666
2017,BTN,LVA,0.0005379986825657102
2017,ATG,FIN,0.0005315765732008892
2017,IOT,EST,0.0005287931642324355
2017,GRD,POL,0.000516137110386586
2017,HTI,AUT,0.000508842486809251
2017,ATG,PRT,0.000504256001796514
2017,BTN,LTU,0.000491594693740298
2017,BEN,HRV,0.0004889390451282501
2017,WLF,BGR,0.00048492870430831423
2017,PRY,HRV,0.0004794409479901114
2017,PLW,EST,0.00046440494979354483
2017,FLK,SVK,0.00046080718265810656
2017,GUF,CYP,0.00045014091445750285
2017,NRU,FIN,0.0004365038034967253
2017,ATG,MLT,0.0004342565800666207
2017,FJI,EST,0.0004331233269016138
2017,FLK,DNK,0.00042894845208756217
2017,KNA,HRV,0.0004153149692949624
2017,NRU,PRT,0.0004140695316854149
2017,SMR,SVN,0.0004030772508217686
2017,REU,EST,0.0004009324375710617
2017,LSO,LVA,0.00036292001234758956
2017,NRU,MLT,0.0003565895459823531
2017,LSO,LTU,0.0003316170803084593
2017,GUF,EST,0.0003205413546283435
2017,ALB,SVN,0.0003196419634189687
2017,BHR,HRV,0.00031653253014295147
2017,IOT,SVN,0.00030921333565826173
2017,GRD,ESP,0.00030801851635709686
2017,WLF,CYP,0.00030647944221541903
2017,ATG,BGR,0.00030443648226282917
2017,HTI,SVK,0.0003023316141341002
2017,FLK,FIN,0.00028648381867950296
2017,HTI,DNK,0.0002814293760611264
2017,GRD,CZE,0.0002722395239924693
2017,FLK,PRT,0.0002717598785756309
2017,PLW,SVN,0.0002715621406156243
2017,FJI,SVN,0.00025327012094994244
2017,NRU,BGR,0.000249987845835088
2017,GRD,SWE,0.00024964443998442946
2017,REU,SVN,0.0002344464050984821
2017,FLK,MLT,0.00023403492481820063
2017,LBN,HRV,0.0002313894584895757
2017,GRD,ROU,0.00022740166931284312
2017,GRL,HRV,0.00022487665151096662
2017,WLF,EST,0.00021824129382210197
2017,ATG,CYP,0.0001924066825596995
2017,HTI,FIN,0.00018795956005949926
2017,GUF,SVN,0.0001874374863088827
2017,SMR,LVA,0.00018487540885011596
2017,GRD,AUT,0.00018017371416339205
2017,URY,HRV,0.00017987058240012799
2017,HTI,PRT,0.0001782993100774146
2017,SMR,LTU,0.00016892935417678228
2017,FLK,BGR,0.000164070672751506
2017,NRU,CYP,0.00015799463894688312
2017,FRO,HRV,0.00015534512189216754
2017,HTI,MLT,0.0001535482936179329
2017,ALB,LVA,0.0001466069805533769
2017,IOT,LVA,0.00014182378622257382
2017,ATG,EST,0.0001370110929408847
2017,ALB,LTU,0.00013396169180493204
2017,IOT,LTU,0.0001295910622321277
2017,WLF,SVN,0.00012761722920352306
2017,PLW,LVA,0.00012455468938564777
2017,FJI,LVA,0.00011616487178246425
2017,PLW,LTU,0.00011381147643419532
2017,NRU,EST,0.00011250658175137102
2017,GUM,HRV,0.00010987128891240665
2017,HTI,BGR,0.00010764535187775879
2017,REU,LVA,0.0001075311864106844
2017,GRD,SVK,0.00010705122162484482
2017,FJI,LTU,0.00010614530558874866
2017,FLK,CYP,0.00010369418807763485
2017,GRD,DNK,9.965004352835675e-05
2017,BTN,HRV,9.936591294594263e-05
2017,REU,LTU,9.825630129611859e-05
2017,GUF,LVA,8.597007606989774e-05
2017,ATG,SVN,8.011763376693895e-05
2017,GUF,LTU,7.85549009429956e-05
2017,FLK,EST,7.383971206782911e-05
2017,HTI,CYP,6.803286154742147e-05
2017,LSO,HRV,6.702967780755947e-05
2017,GRD,FIN,6.655374290931055e-05
2017,NRU,SVN,6.578854981483602e-05
2017,GRD,PRT,6.313318907558263e-05
2017,WLF,LVA,5.853291739293094e-05
2017,GRD,MLT,5.436921460327056e-05
2017,WLF,LTU,5.348427892477149e-05
2017,HTI,EST,4.844559758789004e-05
2017,FLK,SVN,4.317798567929849e-05
2017,GRD,BGR,3.811565143048204e-05
2017,ATG,LVA,3.6746753304904624e-05
2017,SMR,HRV,3.414564826448707e-05
2017,ATG,LTU,3.357723638044133e-05
2017,NRU,LVA,3.017457576650012e-05
2017,HTI,SVN,2.832870362432431e-05
2017,NRU,LTU,2.7571928730260944e-05
2017,ALB,HRV,2.7077643382807126e-05
2017,IOT,HRV,2.6194209116367164e-05
2017,GRD,CYP,2.408944549230964e-05
2017,PLW,HRV,2.300468537112367e-05
2017,FJI,HRV,2.1455124168455764e-05
2017,REU,HRV,1.986052169663623e-05
2017,FLK,LVA,1.9804014589040793e-05
2017,FLK,LTU,1.8095859343556697e-05
2017,GRD,EST,1.7153880579054908e-05
2017,GUF,HRV,1.5878282552623466e-05
2017,HTI,LVA,1.299324299266029e-05
2017,HTI,LTU,1.1872537083564254e-05
2017,WLF,HRV,1.0810763971392531e-05
2017,GRD,SVN,1.0030781394521831e-05
2017,ATG,HRV,6.786958422514743e-06
2017,NRU,HRV,5.57310708363787e-06
2017,GRD,LVA,4.600718119461305e-06
2017,GRD,LTU,4.203892478204687e-06
2017,FLK,HRV,3.6577115398316176e-06
2017,HTI,HRV,2.399792962200183e-06
2017,GRD,HRV,8.497317390575153e-07
2018,BMU,DEU,579.5686719607111
2018,BMU,FRA,522.1234751637945
2018,SGP,DEU,430.7422002275608
2018,SGP,FRA,388.0482596163497
2018,ASM,DEU,385.98287347449525
2018,GBR,DEU,369.8631289014764
2018,ASM,FRA,347.7253499062013
2018,GBR,FRA,333.20334852413225
2018,NLD,DEU,311.4012312068012
2018,CYM,DEU,296.0962710382957
2018,CHE,DEU,286.9365331245757
2018,NLD,FRA,280.5360276944045
2018,CYM,FRA,266.74805160627454
2018,CHE,FRA,258.496200837803
2018,BMU,POL,232.6179920118639
2018,IRL,DEU,220.87442559667934
2018,IRL,FRA,198.9819813365671
2018,SGP,POL,172.88440617870359
2018,TLS,DEU,170.97190107424626
2018,JPN,DEU,167.66541684928367
2018,LUX,DEU,161.00080443546196
2018,ASM,POL,154.91962440767162
2018,TLS,FRA,154.02565297783633
2018,JPN,FRA,151.04689805605764
2018,BMU,SWE,148.80455220634087
2018,GBR,POL,148.4497394816382
2018,LUX,FRA,145.0428630512804
2018,NLD,POL,124.98523922676547
2018,CYM,POL,118.8423794165985
2018,JEY,DEU,118.71907077586611
2018,IMN,DEU,118.40698639116118
2018,CHE,POL,115.16599050200078
2018,SGP,SWE,110.59327966157095
2018,JEY,FRA,106.95197446061012
2018,IMN,FRA,106.67082299164744
2018,NPL,DEU,100.35118934229655
2018,ASM,SWE,99.10129968271053
2018,LBR,DEU,96.98717791004775
2018,GBR,SWE,94.96254703972558
2018,BMU,CZE,92.26896781145841
2018,NPL,FRA,90.40466514341153
2018,IRL,POL,88.65103973831833
2018,PRI,DEU,88.33843617554105
2018,LBR,FRA,87.37408494735921
2018,BMU,ROU,84.19045049376851
2018,COD,DEU,81.98872164289234
2018,GIB,DEU,81.19117514241033
2018,NLD,SWE,79.95242498092185
2018,PRI,FRA,79.58258187156684
2018,CYM,SWE,76.02286864947692
2018,COD,FRA,73.86223296646014
2018,HKG,DEU,73.67883751606718
2018,CHE,SWE,73.67110126707614
2018,GIB,FRA,73.14373700457934
2018,BMU,HUN,69.41060618629518
2018,TLS,POL,68.62196361268863
2018,SGP,CZE,68.57537360219469
2018,JPN,POL,67.29485992637717
2018,HKG,FRA,66.376000896966
2018,BRB,DEU,65.7388604481173
2018,LUX,POL,64.61992452658103
2018,MHL,DEU,64.20148041373285
2018,SGP,ROU,62.57132526013024
2018,BMU,SVK,61.459912367382536
2018,ASM,CZE,61.44956249603276
2018,BRB,FRA,59.223011751755834
2018,GBR,CZE,58.88325367864098
2018,MHL,FRA,57.83801244962888
2018,IRL,SWE,56.70962145616918
2018,ASM,ROU,56.06940742804661
2018,IRN,DEU,54.46179428605264
2018,GBR,ROU,53.72778921591016
2018,CHN,DEU,52.488338315622016
2018,SGP,HUN,51.58677249870454
2018,BMU,PRT,51.23443448114313
2018,NLD,CZE,49.57595461718925
2018,IRN,FRA,49.06369628311648
2018,JEY,POL,47.64955939383215
2018,IMN,POL,47.5242999613947
2018,CHN,FRA,47.28584365026432
2018,CYM,CZE,47.139361775885334
2018,ASM,HUN,46.22628261592609
2018,CHE,CZE,45.68110565610024
2018,SGP,SVK,45.67772407255659
2018,NLD,ROU,45.23538142757309
2018,GBR,HUN,44.29574134185023
2018,TLS,SWE,43.897122826101764
2018,BMU,AUT,43.40312892202428
2018,JPN,SWE,43.04818131446285
2018,CYM,ROU,43.01212203879956
2018,IDN,DEU,42.08270183352848
2018,AUS,DEU,41.90149854247266
2018,CHE,ROU,41.68154207706344
2018,LUX,SWE,41.33703867710721
2018,ASM,SVK,40.931255823056496
2018,NPL,POL,40.277353297643096
2018,BMU,ESP,39.9795560558033
2018,GBR,SVK,39.22184995491204
2018,LBR,POL,38.92716026214424
2018,SGP,PRT,38.07802958217598
2018,IDN,FRA,37.911584232581134
2018,AUS,FRA,37.748341295869054
2018,NLD,HUN,37.29419699670719
2018,CYM,HUN,35.46123635830836
2018,PRI,POL,35.455866810578016
2018,IRL,CZE,35.16383174543969
2018,CHE,HUN,34.36424303921124
2018,ASM,PRT,34.12126154950793
2018,NLD,SVK,33.02230314885349
2018,COD,POL,32.90732007937474
2018,GBR,PRT,32.69626044586807
2018,GIB,POL,32.58721363737093
2018,MDA,DEU,32.56483350655711
2018,SGP,AUT,32.25771190389771
2018,IRL,ROU,32.085097578906705
2018,CYM,SVK,31.399300463838813
2018,JEY,SWE,30.481181988996834
2018,CHE,SVK,30.42796312847024
2018,IMN,SWE,30.401054164006744
2018,SGP,ESP,29.713272598635587
2018,HKG,POL,29.5720318677228
2018,MDA,FRA,29.337099917862016
2018,THA,DEU,29.25143885602518
2018,ASM,AUT,28.905745306127546
2018,BMU,BGR,28.882913649932302
2018,GBR,AUT,27.69855902132389
2018,NLD,PRT,27.528171810317776
2018,TLS,CZE,27.219209043018967
2018,JPN,CZE,26.692807425260636
2018,ASM,ESP,26.62570403339487
2018,IRL,HUN,26.45247839199037
2018,BRB,POL,26.38521102746186
2018,THA,FRA,26.35211951222316
2018,CYM,PRT,26.175198440765197
2018,MHL,POL,25.768162049731952
2018,NPL,SWE,25.76521906012623
2018,LUX,CZE,25.631782324979767
2018,NGA,DEU,25.549769086654237
2018,GBR,ESP,25.513738768636863
2018,GIN,DEU,25.395240054191333
2018,CHE,PRT,25.365468697407458
2018,LBR,SWE,24.901507408667737
2018,TLS,ROU,24.83605838203863
2018,CPV,DEU,24.694749895835766
2018,JPN,ROU,24.355745332148643
2018,IRL,SVK,23.422457938320225
2018,LUX,ROU,23.38761722476183
2018,NLD,AUT,23.320425065111376
2018,NGA,FRA,23.01734871214834
2018,GIN,FRA,22.87813615745612
2018,PRI,SWE,22.680938555976535
2018,CPV,FRA,22.247076589378842
2018,CYM,AUT,22.174256903376918
2018,IRN,POL,21.859002808632802
2018,CHE,AUT,21.488296283358977
2018,NLD,ESP,21.480945367113343
2018,SGP,BGR,21.46611847128595
2018,CHN,POL,21.066928655258764
2018,COD,SWE,21.050646110264527
2018,GIB,SWE,20.845875639378885
2018,LAO,DEU,20.726624117750646
2018,VGB,DEU,20.584929645275807
2018,TLS,HUN,20.47602617001218
2018,CYM,ESP,20.425185208582757
2018,JPN,HUN,20.080033278223105
2018,LIE,DEU,19.899325330333703
2018,CHE,ESP,19.793332120079626
2018,LBY,DEU,19.76648241091926
2018,IRL,PRT,19.52551411812736
2018,BHS,DEU,19.357812250690095
2018,LUX,HUN,19.281862483250542
2018,BMU,FIN,19.276554269533754
2018,ASM,BGR,19.235529013673695
2018,HKG,SWE,18.91707912122164
2018,JEY,CZE,18.900411029751485
2018,IMN,CZE,18.850726315169894
2018,LAO,FRA,18.67226014160285
2018,WSM,DEU,18.632474339798236
2018,VGB,FRA,18.544610021851245
2018,GBR,BGR,18.432198514483026
2018,TLS,SVK,18.130583252126335
2018,LIE,FRA,17.92696085476664
2018,BFA,DEU,17.830828149358933
2018,LBY,FRA,17.807284947335475
2018,JPN,SVK,17.779949685231077
2018,BHS,FRA,17.43912100994953
2018,JEY,ROU,17.245604419935443
2018,IMN,ROU,17.200269800913524
2018,LUX,SVK,17.073206007160397
2018,IDN,POL,16.89048092580992
2018,BRB,SWE,16.878485958261663
2018,ISR,DEU,16.830278817155648
2018,AUS,POL,16.81775245073768
2018,WSM,FRA,16.785676527828567
2018,IRL,AUT,16.540992696031388
2018,MHL,SWE,16.483762850103307
2018,QAT,DEU,16.430330819542707
2018,CAN,DEU,16.207824583710227
2018,BFA,FRA,16.063487225587675
2018,NPL,CZE,15.97619248111053
2018,UZB,DEU,15.89217489574833
2018,NLD,BGR,15.518738859712476
2018,LBR,CZE,15.440632369640971
2018,NER,DEU,15.385474536190873
2018,IRL,ESP,15.236264323193806
2018,ISR,FRA,15.162109494739232
2018,TLS,PRT,15.114082398675219
2018,MLI,DEU,14.992754421214023
2018,JPN,PRT,14.82178597621044
2018,QAT,FRA,14.801803204042022
2018,CYM,BGR,14.756013294393165
2018,CAN,FRA,14.601351152854646
2018,NPL,ROU,14.577412905585994
2018,GNQ,DEU,14.43268229023639
2018,SGP,FIN,14.326560079195973
2018,UZB,FRA,14.316987763343825
2018,CHE,BGR,14.29953603463555
2018,LUX,PRT,14.232627754626462
2018,JEY,HUN,14.218095399375143
2018,IMN,HUN,14.18071938619216
2018,LBR,ROU,14.088743224754086
2018,PRI,CZE,14.063728283346757
2018,IRN,SWE,13.983093467894166
2018,NER,FRA,13.86051010090589
2018,MYS,DEU,13.739333641688377
2018,MLI,FRA,13.506715285694867
2018,CHN,SWE,13.476407640681673
2018,PYF,DEU,13.241569273814147
2018,GHA,DEU,13.103395491549549
2018,MDA,POL,13.070351361243864
2018,COD,CZE,13.05283581422339
2018,BLZ,DEU,13.027191334615251
2018,GNQ,FRA,13.0021559098764
2018,GIB,CZE,12.92586416109355
2018,ASM,FIN,12.837857129976262
2018,PRI,ROU,12.832392600471664
2018,TLS,AUT,12.803858840859052
2018,TCD,DEU,12.663212731425864
2018,JEY,SVK,12.589472204454218
2018,IMN,SVK,12.556377456820076
2018,JPN,AUT,12.556240624006195
2018,CHL,DEU,12.524943847082694
2018,MYS,FRA,12.377530005485646
2018,GBR,FIN,12.3017116374644
2018,LUX,AUT,12.057136642360968
2018,NPL,HUN,12.018311583681793
2018,PYF,FRA,11.929102624675073
2018,COD,ROU,11.910007811794259
2018,EGY,DEU,11.901358943162514
2018,GHA,FRA,11.804624234343086
2018,GIB,ROU,11.794153034933819
2018,TLS,ESP,11.793909908623311
2018,THA,POL,11.74047407898483
2018,BLZ,FRA,11.73597321649932
2018,HKG,CZE,11.729878815148467
2018,LBR,HUN,11.615429088428762
2018,JPN,ESP,11.565823440505033
2018,TCD,FRA,11.408071136251289
2018,CRI,DEU,11.328667842009654
2018,CHL,FRA,11.28350707008801
2018,COG,DEU,11.269701716658284
2018,LUX,ESP,11.106088022634395
2018,VCT,DEU,11.104749335527702
2018,IRL,BGR,11.007318494985443
2018,GUY,DEU,10.836543285751628
2018,IDN,SWE,10.80475516522686
2018,AUS,SWE,10.758231127803207
2018,EGY,FRA,10.721730126567229
2018,HKG,ROU,10.70288099139246
2018,NPL,SVK,10.641664398586155
2018,PRI,HUN,10.579633960804069
2018,JEY,PRT,10.494881361946078
2018,IMN,PRT,10.467292798701864
2018,BRB,CZE,10.465812063527961
2018,NLD,FIN,10.357258808779187
2018,LBR,SVK,10.284930403407582
2018,NGA,POL,10.254757147583021
2018,MHL,CZE,10.221056824383131
2018,CRI,FRA,10.205802536972495
2018,GIN,POL,10.192734759248177
2018,COG,FRA,10.152680966095923
2018,VCT,FRA,10.004078195381842
2018,CPV,POL,9.911583237532057
2018,CYM,FIN,9.848213186483633
2018,COD,HUN,9.819176130448888
2018,GUY,FRA,9.76245596570665
2018,GIB,HUN,9.723659949643368
2018,BRB,ROU,9.549488341649294
2018,CHE,FIN,9.543558719237863
2018,MLT,DEU,9.459432090115556
2018,PRI,SVK,9.367781263353756
2018,MHL,ROU,9.326162403004142
2018,JEY,AUT,8.890713704306549
2018,NPL,PRT,8.87114277255348
2018,IMN,AUT,8.867342118782311
2018,HKG,HUN,8.823963444729554
2018,COD,SVK,8.694430687978038
2018,IRN,CZE,8.670471312629394
2018,GIB,SVK,8.609855485072902
2018,LBR,PRT,8.573760888994647
2018,MLT,FRA,8.521840111298946
2018,TLS,BGR,8.520416810291255
2018,MDA,SWE,8.361037616515219
2018,CHN,CZE,8.356291554091069
2018,JPN,BGR,8.355637547755597
2018,LAO,POL,8.318920460529423
2018,VGB,POL,8.262049402342704
2018,JEY,ESP,8.189427715130835
2018,IMN,ESP,8.167899644763882
2018,LUX,BGR,8.023505336041215
2018,LIE,POL,7.986872522065583
2018,PER,DEU,7.948174892154023
2018,LBY,POL,7.933554158492481
2018,IRN,ROU,7.911336856993794
2018,BRB,HUN,7.873051761516551
2018,SSD,DEU,7.855342329856953
2018,HKG,SVK,7.813215441318881
2018,PRI,PRT,7.809203705042942
2018,BHS,POL,7.76952867425423
2018,MHL,HUN,7.688931250371041
2018,CHN,ROU,7.624664793408835
2018,NOR,DEU,7.525085296151773
2018,NPL,AUT,7.515167432647961
2018,THA,SWE,7.510321849585857
2018,AGO,DEU,7.4870349687231865
2018,DZA,DEU,7.478607474751702
2018,WSM,POL,7.478404159551023
2018,IRL,FIN,7.346321596994659
2018,LBR,AUT,7.263241079563514
2018,COD,PRT,7.2478827625282864
2018,GIB,PRT,7.177378875928666
2018,PER,FRA,7.1603744244174745
2018,BFA,POL,7.156652249646907
2018,SSD,FRA,7.076743161411264
2018,BRB,SVK,6.971226703134793
2018,NPL,ESP,6.922382443488678
2018,MHL,SVK,6.8081964243086865
2018,NOR,FRA,6.779220264681738
2018,ISR,POL,6.755067782048705
2018,AGO,FRA,6.744941377382805
2018,DZA,FRA,6.737349192621632
2018,IDN,CZE,6.699684866956137
2018,LBR,ESP,6.690327658379328
2018,AUS,CZE,6.670836791760497
2018,BMU,EST,6.6561212683235516
2018,PRI,AUT,6.615548285461743
2018,QAT,POL,6.594543059759721
2018,NGA,SWE,6.559916247806999
2018,IRN,HUN,6.522481870180315
2018,GIN,SWE,6.520240839885571
2018,HKG,PRT,6.513280920780401
2018,CAN,POL,6.505237070161687
2018,VUT,DEU,6.460412549176557
2018,MNG,DEU,6.419114442194262
2018,UZB,POL,6.378546653399745
2018,CPV,SWE,6.340389634356445
2018,PAN,DEU,6.336339093747061
2018,CHN,HUN,6.286135804879466
2018,NER,POL,6.175175377666029
2018,COD,AUT,6.140026588358546
2018,IDN,ROU,6.113100650132928
2018,PRI,ESP,6.093723887825085
2018,AUS,ROU,6.086778339347335
2018,GIB,AUT,6.080299389052513
2018,MUS,DEU,6.077971440718051
2018,MLI,POL,6.01755166715813
2018,JEY,BGR,5.916387195704032
2018,IMN,BGR,5.900834411761397
2018,VUT,FRA,5.820074849381294
2018,BRB,PRT,5.811379222930807
2018,GNQ,POL,5.792758884537446
2018,MNG,FRA,5.7828700931919474
2018,IRN,SVK,5.775358928334411
2018,PAN,FRA,5.708299201630583
2018,TLS,FIN,5.686555000416728
2018,MHL,PRT,5.675473332127885
2018,COD,ESP,5.655710619720788
2018,GIB,ESP,5.6006946111514155
2018,JPN,FIN,5.576580763216812
2018,CHN,SVK,5.566085313538723
2018,HKG,AUT,5.517710390929355
2018,MYS,POL,5.5144737076597155
2018,MUS,FRA,5.475540214825711
2018,SYC,DEU,5.382745486986512
2018,LUX,FIN,5.354914601645622
2018,LAO,SWE,5.3215713164014975
2018,PYF,POL,5.3146890171617995
2018,VGB,SWE,5.285191188304855
2018,GHA,POL,5.259231037229347
2018,BLZ,POL,5.2286454330954255
2018,MDA,CZE,5.184413374927399
2018,SDN,DEU,5.14712950667051
2018,FSM,DEU,5.117092467237914
2018,LIE,SWE,5.1091619306664935
2018,TCD,POL,5.082557530305991
2018,HKG,ESP,5.082481778448708
2018,LBY,SWE,5.075054443333933
2018,IDN,HUN,5.039930530303648
2018,CHL,POL,5.027061379824259
2018,AUS,HUN,5.01822916705952
2018,NPL,BGR,5.00102037371344
2018,BMU,SVN,4.971225666668521
2018,BHS,SWE,4.970128171202513
2018,SGP,EST,4.94690699964802
2018,BRB,AUT,4.923096042378943
2018,NCL,DEU,4.856628850721242
2018,SYC,FRA,4.849223078396738
2018,LBR,BGR,4.833374231995114
2018,IRN,PRT,4.814475602406983
2018,MHL,AUT,4.807963691265499
2018,WSM,SWE,4.783897292533036
2018,EGY,POL,4.776776857529277
2018,MDA,ROU,4.7304972401225065
2018,THA,CZE,4.65691159792087
2018,CHN,PRT,4.640020174586166
2018,SDN,FRA,4.636960683277055
2018,FSM,FRA,4.6099008296808925
2018,YEM,DEU,4.590537593845669
2018,BFA,SWE,4.578074224159308
2018,CRI,POL,4.546919274746969
2018,BRB,ESP,4.534769706303762
2018,COG,POL,4.523252395670239
2018,KAZ,DEU,4.464502509997395
2018,IDN,SVK,4.4626276263715665
2018,VCT,POL,4.457046450572549
2018,AUS,SVK,4.443412063267894
2018,ASM,EST,4.432863502871301
2018,MHL,ESP,4.42871882012351
2018,PRI,BGR,4.402362562828744
2018,NCL,FRA,4.375253625322279
2018,GUY,POL,4.349398201516442
2018,ISR,SWE,4.321182672662618
2018,TTO,DEU,4.275502996621069
2018,MDG,DEU,4.267636190984566
2018,THA,ROU,4.249180354328452
2018,GBR,EST,4.247734492482541
2018,QAT,SWE,4.21849582023273
2018,CAN,SWE,4.161367230666013
2018,YEM,FRA,4.1355365762958725
2018,COD,BGR,4.0859233461820486
2018,UZB,SWE,4.080324012245772
2018,IRN,AUT,4.078571518928737
2018,NGA,CZE,4.067595326488776
2018,GIB,BGR,4.0461774664965615
2018,GIN,CZE,4.042993868521735
2018,KAZ,FRA,4.021993731150711
2018,GGY,DEU,4.011836475776891
2018,BMU,LVA,4.002609098885875
2018,BGD,DEU,3.966287775134783
2018,NER,SWE,3.950228436424429
2018,JEY,FIN,3.948616827230335
2018,IMN,FIN,3.9382368466180524
2018,CPV,CZE,3.9314738588999325
2018,CHN,AUT,3.9307820195122716
2018,MDA,HUN,3.9000466094881228
2018,TTO,FRA,3.851727311479562
2018,MLI,SWE,3.8493973465488285
2018,MDG,FRA,3.8446402412218257
2018,MLT,POL,3.7966753636477364
2018,IRN,ESP,3.7568599941621277
2018,IDN,PRT,3.7201517856119692
2018,NGA,ROU,3.7114610804274104
2018,GNQ,SWE,3.705598541186506
2018,AUS,PRT,3.704133238384495
2018,SGP,SVN,3.6946729267548832
2018,GIN,ROU,3.689013578540525
2018,HKG,BGR,3.6717987095552003
2018,CHN,ESP,3.62072790592041
2018,GGY,FRA,3.6141946655520725
2018,CPV,ROU,3.5872575919740104
2018,NLD,EST,3.576322286374786
2018,BGD,FRA,3.5731606224455033
2018,MAC,DEU,3.544745931859668
2018,MYS,SWE,3.5275809219438763
2018,THA,HUN,3.5032261077004776
2018,MDA,SVK,3.453312627821055
2018,CYM,EST,3.400550758656083
2018,PYF,SWE,3.399779666546106
2018,GHA,SWE,3.3643034774571046
2018,BLZ,SWE,3.3447380212869016
2018,NPL,FIN,3.3376979139068634
2018,ASM,SVN,3.3107517026747693
2018,LAO,CZE,3.299737039083049
2018,CHE,EST,3.295354723588276
2018,VGB,CZE,3.277178879278427
2018,BRB,BGR,3.2761084607013333
2018,XKV,DEU,3.268666736408623
2018,TCD,SWE,3.251286329225883
2018,LBR,FIN,3.2258103118429062
2018,OMN,DEU,3.216493532005302
2018,CHL,SWE,3.215785722629689
2018,MHL,BGR,3.19949283786231
2018,MAC,FRA,3.19340080659287
2018,PER,POL,3.1901111516554117
2018,GBR,SVN,3.1724852782829336
2018,LIE,CZE,3.1680287379280014
2018,SSD,POL,3.152851504473646
2018,IDN,AUT,3.151517708658283
2018,LBY,CZE,3.146879770344981
2018,AUS,AUT,3.1379476345958186
2018,THA,SVK,3.1019462501814252
2018,BHS,CZE,3.0818183277861175
2018,NGA,HUN,3.0599047982095833
2018,EGY,SWE,3.05567998041185
2018,GIN,HUN,3.041398011463596
2018,NOR,POL,3.020298225207541
2018,SWZ,DEU,3.0178492490695135
2018,LAO,ROU,3.010831858432
2018,AGO,POL,3.0050261941436682
2018,DZA,POL,3.001643701576037
2018,VGB,ROU,2.990248755777787
2018,SGP,LVA,2.9747857903917763
2018,WSM,CZE,2.9663424858533634
2018,CPV,HUN,2.9575055430275348
2018,XKV,FRA,2.944685795028035
2018,PRI,FIN,2.938151665897838
2018,CRI,SWE,2.9086412480191774
2018,IDN,ESP,2.9029307799564106
2018,OMN,FRA,2.897683850113836
2018,COG,SWE,2.8935016652522743
2018,LIE,ROU,2.8906551460331933
2018,AUS,ESP,2.890431092718738
2018,MDA,PRT,2.8787629652869473
2018,LBY,ROU,2.8713578551831325
2018,VCT,SWE,2.8511500572427066
2018,BFA,CZE,2.8387181505151746
2018,BHS,ROU,2.811992802243579
2018,GUY,SWE,2.7822880171311493
2018,DNK,DEU,2.7603842637840295
2018,COD,FIN,2.726959062318072
2018,SWZ,FRA,2.718728622984366
2018,IRN,BGR,2.714113749907913
2018,NGA,SVK,2.709405537328764
2018,WSM,ROU,2.706627332312979
2018,GIB,FIN,2.7004325277712553
2018,CYP,DEU,2.6996872992160164
2018,GIN,SVK,2.6930186253839614
2018,ISR,CZE,2.6794278738090185
2018,NLD,SVN,2.671030833965384
2018,ASM,LVA,2.6656695506962484
2018,BEL,DEU,2.638133340971465
2018,CPV,SVK,2.6187356873481633
2018,CHN,BGR,2.6157662008710405
2018,QAT,CZE,2.615755024147974
2018,TGO,DEU,2.6145853650529554
2018,VUT,POL,2.592976928296726
2018,BFA,ROU,2.590177018183036
2018,THA,PRT,2.5858556544784776
2018,CAN,CZE,2.5803314036088922
2018,MNG,POL,2.5764013554873597
2018,GBR,LVA,2.5543435949964626
2018,PAN,POL,2.5431783117387567
2018,CYM,SVN,2.5397531881954425
2018,IRL,EST,2.5366570571683136
2018,IRQ,DEU,2.532966063381949
2018,UZB,CZE,2.530079082689401
2018,DNK,FRA,2.486782834066078
2018,LAO,HUN,2.482272789765427
2018,VGB,HUN,2.465303102300345
2018,CHE,SVN,2.46118592529872
2018,HKG,FIN,2.4505708790120884
2018,NER,CZE,2.449410955808259
2018,ISR,ROU,2.444833242553383
2018,MUS,POL,2.439478840811349
2018,MDA,AUT,2.438737177128113
2018,CYP,FRA,2.4321019798285093
2018,MLT,SWE,2.4287140150863045
2018,CAF,DEU,2.4099711523936453
2018,MLI,CZE,2.38688880545613
2018,QAT,ROU,2.3867352056474185
2018,LIE,HUN,2.383193400022826
2018,BEL,FRA,2.376649074687855
2018,LBY,HUN,2.3672837968813734
2018,TGO,FRA,2.3554351071039084
2018,CAN,ROU,2.3544130648232175
2018,URY,DEU,2.335554394076771
2018,BHS,HUN,2.3183404275722745
2018,UZB,ROU,2.3085605356693804
2018,GNQ,CZE,2.297723741978073
2018,IRQ,FRA,2.281905678253419
2018,NGA,PRT,2.258624445400081
2018,MDA,ESP,2.24637329381316
2018,GIN,PRT,2.2449639285844105
2018,NER,ROU,2.2349552260652943
2018,WSM,HUN,2.231472129610997
2018,LAO,SVK,2.1979388527663324
2018,THA,AUT,2.1906014476725164
2018,MYS,CZE,2.187340680867186
2018,BRB,FIN,2.186485868462096
2018,CPV,PRT,2.183039917057806
2018,VGB,SVK,2.182912971826659
2018,MLI,ROU,2.1779071401395824
2018,CAF,FRA,2.171101672689384
2018,SYC,POL,2.160440181243278
2018,NLD,LVA,2.1505948505047923
2018,BFA,HUN,2.135464959594226
2018,MHL,FIN,2.1353523426187286
2018,LIE,SVK,2.1102085915631625
2018,PYF,CZE,2.1080951890746418
2018,URY,FRA,2.104060891600608
2018,IDN,BGR,2.097199351893277
2018,GNQ,ROU,2.0965488347355103
2018,LBY,SVK,2.096121366734019
2018,AUS,BGR,2.088169051841097
2018,GHA,CZE,2.0860975330850096
2018,BLZ,CZE,2.073965616293367
2018,SDN,POL,2.0658724123512933
2018,FSM,POL,2.0538166264939353
2018,BHS,SVK,2.0527842551025755
2018,CYM,LVA,2.0448959475235444
2018,PER,SWE,2.0406979585066973
2018,AZE,DEU,2.032554925447317
2018,THA,ESP,2.0178101336999785
2018,SSD,SWE,2.0168631507762353
2018,TCD,CZE,2.0160191957111007
2018,ISR,HUN,2.0156366475624976
2018,MYS,ROU,1.9958302522886322
2018,CHL,CZE,1.994006399202232
2018,CHE,LVA,1.9816370929811944
2018,WSM,SVK,1.975866356332547
2018,QAT,HUN,1.9677378664510314
2018,TLS,EST,1.963545930072539
2018,NCL,POL,1.949275911307791
2018,CAN,HUN,1.9410899583487622
2018,NOR,SWE,1.9320694888841288
2018,JPN,EST,1.9255722419870627
2018,PYF,ROU,1.923523020378902
2018,AGO,SWE,1.9223000479045802
2018,DZA,SWE,1.9201362845279195
2018,NGA,AUT,1.9133883096965933
2018,GHA,ROU,1.9034513471879932
2018,UZB,HUN,1.9032869554538174
2018,GIN,AUT,1.9018158354710748
2018,EGY,CZE,1.8947299230723713
2018,IRL,SVN,1.8945410039542532
2018,BLZ,ROU,1.8923816282535797
2018,BFA,SVK,1.8908564049710186
2018,CPV,AUT,1.8493570568610107
2018,LUX,EST,1.849031754933651
2018,NER,HUN,1.842603242180093
2018,YEM,POL,1.8424764639586
2018,TCD,ROU,1.839508648648008
2018,LAO,PRT,1.832253737566001
2018,AZE,FRA,1.8310938676957718
2018,MNE,DEU,1.8309896646052608
2018,JOR,DEU,1.8212173379732177
2018,VGB,PRT,1.8197278083404058
2018,CHL,ROU,1.8194231605509021
2018,IRN,FIN,1.8114086974708759
2018,CRI,CZE,1.803555883938379
2018,SLB,DEU,1.7991736463142256
2018,MLI,HUN,1.7955700905263363
2018,COG,CZE,1.7941683104113184
2018,KAZ,POL,1.7918905204005255
2018,ISR,SVK,1.7847539235024796
2018,VCT,CZE,1.767907425927223
2018,NGA,ESP,1.762463146872729
2018,LIE,PRT,1.7591197198544366
2018,GIN,ESP,1.7518034918318532
2018,LBY,PRT,1.7473762765313228
2018,CHN,FIN,1.745771210572481
2018,QAT,SVK,1.7423417468718079
2018,EGY,ROU,1.728838737130389
2018,GNQ,HUN,1.7284944392705641
2018,GUY,CZE,1.725208266067691
2018,CAN,SVK,1.7187462448768567
2018,TTO,POL,1.7160329224663837
2018,TJK,DEU,1.7143908465599955
2018,MDG,POL,1.7128754700034685
2018,BHS,PRT,1.7112494367595574
2018,CPV,ESP,1.703482581976992
2018,UZB,SVK,1.685273417411391
2018,VUT,SWE,1.6587142179306953
2018,MNE,FRA,1.6495071816744034
2018,MNG,SWE,1.6481109078938019
2018,WSM,PRT,1.647128859733618
2018,CRI,ROU,1.6456473499273554
2018,MYS,HUN,1.6454572560643805
2018,JOR,FRA,1.6407034602373967
2018,COG,ROU,1.637081696024067
2018,NER,SVK,1.6315407689754977
2018,PAN,SWE,1.626858294950215
2018,MDA,BGR,1.6228745957098107
2018,SLB,FRA,1.6208446765396949
2018,VCT,ROU,1.613120057051378
2018,GGY,POL,1.6102066768343826
2018,BGD,POL,1.5919250688132456
2018,MLI,SVK,1.5898950675787495
2018,PYF,HUN,1.5858437396967624
2018,PRK,DEU,1.584288201879916
2018,BFA,PRT,1.576262556553061
2018,GUY,ROU,1.5741593794850575
2018,GHA,HUN,1.5692956989726272
2018,MUS,SWE,1.5605222682227535
2018,BLZ,HUN,1.5601692969039458
2018,LAO,AUT,1.5521893819030521
2018,TJK,FRA,1.5444653065298615
2018,VGB,AUT,1.5415780708472666
2018,GNQ,SVK,1.5305026508477915
2018,IRL,LVA,1.5253998850793495
2018,TCD,HUN,1.5165783012058056
2018,MLT,CZE,1.5059682782452337
2018,CHL,HUN,1.5000188708168338
2018,LIE,AUT,1.4902340733011992
2018,ISR,PRT,1.4878130221217112
2018,LBY,AUT,1.4802856433106388
2018,TLS,SVN,1.4665042194637834
2018,THA,BGR,1.4577509508176507
2018,MYS,SVK,1.4569770287059984
2018,QAT,PRT,1.4524572300112746
2018,BHS,AUT,1.4496808771989653
2018,JPN,SVN,1.4381429914664863
2018,CAN,PRT,1.4327874622806651
2018,LAO,ESP,1.429755041727566
2018,PRK,FRA,1.4272580656026495
2018,EGY,HUN,1.4253367696547878
2018,MAC,POL,1.422733354568407
2018,VGB,ESP,1.4199807347659066
2018,UZB,PRT,1.4048837227597455
2018,PYF,SVK,1.4041919906092022
2018,IDN,FIN,1.3996779414564549
2018,WSM,AUT,1.395361283367287
2018,AUS,FIN,1.3936510886556663
2018,GHA,SVK,1.3895394585447576
2018,SYC,SWE,1.3820226499165023
2018,BLZ,SVK,1.3814584475553822
2018,LUX,SVN,1.3809775615651367
2018,MLT,ROU,1.3741147298176015
2018,LIE,ESP,1.3726866737384213
2018,LBY,ESP,1.3635229607906891
2018,JEY,EST,1.363442453287778
2018,NER,PRT,1.3600909179908256
2018,IMN,EST,1.3598582852486074
2018,CRI,HUN,1.3567498386979475
2018,COG,HUN,1.3496879067766634
2018,TCD,SVK,1.3428606175865143
2018,BHS,ESP,1.335332252131537
2018,BFA,AUT,1.3353270637194634
2018,VCT,HUN,1.329932793500074
2018,CHL,SVK,1.32819800049557
2018,MLI,PRT,1.3253740777376446
2018,SDN,SWE,1.3215281267654002
2018,FSM,SWE,1.3138161015669876
2018,XKV,POL,1.3119251083862764
2018,GUY,HUN,1.2978117603965955
2018,OMN,POL,1.2909846631340047
2018,WSM,ESP,1.2852973053325734
2018,GNQ,PRT,1.2758631564481775
2018,CUB,DEU,1.273667411450216
2018,NGA,BGR,1.273277542433435
2018,GIN,BGR,1.2655765590694892
2018,PER,CZE,1.2653718683637143
2018,EGY,SVK,1.2620704207923747
2018,ISR,AUT,1.2603972516722581
2018,SSD,CZE,1.2505926625217805
2018,NCL,SWE,1.2469419351447641
2018,CPV,BGR,1.2306675004277154
2018,QAT,AUT,1.2304456767471097
2018,BFA,ESP,1.2299984937195088
2018,MYS,PRT,1.2145704613367507
2018,CAN,AUT,1.2137824799474626
2018,SWZ,POL,1.211256002050867
2018,CRI,SVK,1.2013398351115452
2018,NOR,CZE,1.198014810945778
2018,COG,SVK,1.1950868178729168
2018,AGO,CZE,1.1919570914613098
2018,DZA,CZE,1.1906154106431326
2018,UZB,AUT,1.1901438935924438
2018,TLS,LVA,1.1807637645051745
2018,YEM,SWE,1.178622869189322
2018,VCT,SVK,1.1775945699659012
2018,PYF,PRT,1.1705676069267235
2018,ISR,ESP,1.1609790314043866
2018,GHA,PRT,1.158352910141099
2018,JPN,LVA,1.1579285691531127
2018,PER,ROU,1.154583498293485
2018,NPL,EST,1.1524944635518601
2018,NER,AUT,1.1521977759109843
2018,BLZ,PRT,1.1516163885267878
2018,GUY,SVK,1.1491528664834245
2018,CUB,FRA,1.1474251236173483
2018,KAZ,SWE,1.1462632971115498
2018,CUW,DEU,1.1461666873982042
2018,SSD,ROU,1.1410982710574433
2018,QAT,ESP,1.1333899912033718
2018,MLT,HUN,1.1328854496771759
2018,MLI,AUT,1.1227874875271293
2018,TCD,PRT,1.1194403258791008
2018,CAN,ESP,1.1180411620505886
2018,LBR,EST,1.113860097816866
2018,LUX,LVA,1.1119015156240377
2018,DNK,POL,1.1079188294465252
2018,CHL,PRT,1.1072172219772025
2018,TTO,SWE,1.0977375756296839
2018,UZB,ESP,1.0962671514727274
2018,MDG,SWE,1.0957177692690785
2018,NOR,ROU,1.0931238207609655
2018,AGO,ROU,1.0875964788554575
2018,DZA,ROU,1.0863722675612333
2018,CYP,POL,1.083557253843654
2018,MDA,FIN,1.08311199472499
2018,GNQ,AUT,1.0808444286930192
2018,NER,ESP,1.0613141659017675
2018,BEL,POL,1.058851711843274
2018,EGY,PRT,1.0520917097661244
2018,TGO,POL,1.0494004023796757
2018,DJI,DEU,1.0454954571742885
2018,MLI,ESP,1.0342237163820551
2018,LAO,BGR,1.0329152067905045
2018,CUW,FRA,1.0325619083529296
2018,GGY,SWE,1.0300410618873377
2018,MYS,AUT,1.028920468277711
2018,VUT,CZE,1.0285159056856734
2018,VGB,BGR,1.0258538361347753
2018,MNG,CZE,1.0219411305327442
2018,BGD,SWE,1.018346409759748
2018,JEY,SVN,1.0183077870089403
2018,IRQ,POL,1.0166413541725168
2018,IMN,SVN,1.0156308964548617
2018,PRI,EST,1.014532655550991
2018,PAN,CZE,1.0087630615118313
2018,MLT,SVK,1.0031181729282972
2018,CRI,PRT,1.001465259235791
2018,COG,PRT,0.9962525963848108
2018,GNQ,ESP,0.995589062303942
2018,LIE,BGR,0.9916866162960947
2018,PYF,AUT,0.9916435551579147
2018,LBY,BGR,0.985066364450059
2018,VCT,PRT,0.9816706454057278
2018,GHA,AUT,0.9812959039210296
2018,BLZ,AUT,0.9755890757092424
2018,THA,FIN,0.972907915575434
2018,MUS,CZE,0.967630202173168
2018,CAF,POL,0.9672756265099341
2018,BHS,BGR,0.964700210238737
2018,GUY,PRT,0.9579609696597792
2018,PER,HUN,0.9518934753196959
2018,TCD,AUT,0.9483312010114219
2018,MYS,ESP,0.9477607849971936
2018,DJI,FRA,0.9418689238689639
2018,COD,EST,0.9416086484517746
2018,SSD,HUN,0.9407756134775992
2018,KWT,DEU,0.939402303745779
2018,VUT,ROU,0.9384652228539382
2018,CHL,AUT,0.9379764277060457
2018,URY,POL,0.9374074198086637
2018,MNG,ROU,0.9324660955725812
2018,GIB,EST,0.9324491364195314
2018,WSM,BGR,0.9285528591812042
2018,PAN,ROU,0.9204418192224254
2018,PYF,ESP,0.9134242181488075
2018,MAC,SWE,0.9101153264394936
2018,GHA,ESP,0.9038927739201168
2018,NOR,HUN,0.901223198007637
2018,BLZ,ESP,0.8986360916471894
2018,AGO,HUN,0.8966661948082227
2018,DZA,HUN,0.8956568968708218
2018,EGY,AUT,0.8912769815694703
2018,BFA,BGR,0.8886026706764929
2018,MUS,ROU,0.8829103062993033
2018,TCD,ESP,0.8735282766921576
2018,CHL,ESP,0.8639902721729176
2018,NPL,SVN,0.860758064184938
2018,SYC,CZE,0.8569482687803045
2018,SLE,DEU,0.8516078068284062
2018,NGA,FIN,0.8497897388186185
2018,CRI,AUT,0.8483889048006856
2018,KWT,FRA,0.8462914217728291
2018,HKG,EST,0.8461728543003357
2018,GIN,FIN,0.8446500764721147
2018,COG,AUT,0.8439730099042284
2018,PER,SVK,0.8428580701227608
2018,XKV,SWE,0.8392318521592196
2018,ISR,BGR,0.8387401067343137
2018,GMB,DEU,0.8384989069680947
2018,MLT,PRT,0.8362230001325925
2018,SSD,SVK,0.8330137127244985
2018,LBR,SVN,0.831903399010601
2018,VCT,AUT,0.8316199449257771
2018,OMN,SWE,0.8258363553112941
2018,CPV,FIN,0.8213516526509409
2018,EGY,ESP,0.8209744073962935
2018,JEY,LVA,0.8198959948804319
2018,SDN,CZE,0.819437539930702
2018,QAT,BGR,0.8188086231355919
2018,IMN,LVA,0.8177406820447428
2018,AZE,POL,0.8157943454946271
2018,FSM,CZE,0.814655558504443
2018,GUY,AUT,0.8115343496904173
2018,CAN,BGR,0.8077199830709393
2018,NOR,SVK,0.7979918605571542
2018,AGO,SVK,0.793956842961397
2018,DZA,SVK,0.7930631558695604
2018,UZB,BGR,0.791989521570685
2018,SYC,ROU,0.7819190190345805
2018,CRI,ESP,0.7814692769624101
2018,COG,ESP,0.7774017011462375
2018,SWZ,SWE,0.7748343343245324
2018,VUT,HUN,0.7737153040637292
2018,NCL,CZE,0.7731890158648469
2018,MNG,HUN,0.768769338592045
2018,SLE,FRA,0.7671988654486958
2018,NER,BGR,0.7667380139590385
2018,VCT,ESP,0.7660230271650542
2018,PAN,HUN,0.7588559540511506
2018,PRI,SVN,0.7577191841366101
2018,GMB,FRA,0.7553892824229521
2018,BRB,EST,0.7549852991600794
2018,SDN,ROU,0.7476925045833649
2018,GUY,ESP,0.7475217531654564
2018,MLI,BGR,0.7471667332493788
2018,FSM,ROU,0.7433292047645976
2018,MHL,EST,0.7373290861185022
2018,MNE,POL,0.7348933090776602
2018,JOR,POL,0.7309710491136432
2018,YEM,CZE,0.7308265370018986
2018,MUS,HUN,0.7279131921606499
2018,SLB,POL,0.7221235051756731
2018,GNQ,BGR,0.7192554333821265
2018,KAZ,CZE,0.710761396049112
2018,DNK,SWE,0.7087300680007383
2018,MLT,AUT,0.7084043192801343
2018,NCL,ROU,0.7054932238486703
2018,COD,SVN,0.7032547774357917
2018,PER,PRT,0.7026263934851497
2018,ECU,DEU,0.6978490898933369
2018,DOM,DEU,0.6964362725660609
2018,GIB,SVN,0.6964138562035506
2018,SSD,PRT,0.6944199046584928
2018,CYP,SWE,0.6931460913819338
2018,NPL,LVA,0.6930439876721362
2018,LAO,FIN,0.6893711029590159
2018,TJK,POL,0.6880947427699129
2018,VUT,SVK,0.6850894610750218
2018,MYS,BGR,0.684702273223278
2018,VGB,FIN,0.6846583202975346
2018,MNG,SVK,0.6807100352039099
2018,TTO,CZE,0.6806721402632444
2018,MDG,CZE,0.6794197226099613
2018,BEL,SWE,0.6773420811994628
2018,PAN,SVK,0.671932187283777
2018,TGO,SWE,0.6712961263688382
2018,LBR,LVA,0.6698114987214774
2018,YEM,ROU,0.6668397495105574
2018,NOR,PRT,0.6652248615619403
2018,AGO,PRT,0.6618611755969437
2018,LIE,FIN,0.661855002202895
2018,DZA,PRT,0.6611161769305016
2018,PYF,BGR,0.6598960924359577
2018,LBY,FIN,0.6574366237271353
2018,MRT,DEU,0.6570195612285378
2018,GHA,BGR,0.6530101760382829
2018,MLT,ESP,0.652526462866641
2018,ABW,DEU,0.6508743431206137
2018,IRQ,SWE,0.6503403290248236
2018,BLZ,BGR,0.6492125275610918
2018,KAZ,ROU,0.648531391932656
2018,SYC,HUN,0.6446511781499572
2018,MUS,SVK,0.6445337889886985
2018,BHS,FIN,0.6438441835157869
2018,GGY,CZE,0.6386956862178128
2018,PRK,POL,0.6358762267853832
2018,HKG,SVN,0.6319770992987735
2018,BGD,CZE,0.6314442045613209
2018,TCD,BGR,0.6310735854909886
2018,ECU,FRA,0.6286802748021902
2018,DOM,FRA,0.6274074919062593
2018,IRN,EST,0.6254725708898067
2018,CHL,BGR,0.6241829296633613
2018,TTO,ROU,0.6210765708837113
2018,MDG,ROU,0.6199338074071358
2018,WSM,FIN,0.619719319147678
2018,CAF,SWE,0.6187613228798641
2018,SDN,HUN,0.6164332139774207
2018,KNA,DEU,0.6135091805034397
2018,FSM,HUN,0.6128359023628973
2018,PAK,DEU,0.612062964390235
2018,PRI,LVA,0.610081678882635
2018,CHN,EST,0.6028081949627142
2018,URY,SWE,0.5996547822165679
2018,PER,AUT,0.5952282727289017
2018,EGY,BGR,0.5931064588244598
2018,BFA,FIN,0.5930564282038144
2018,MRT,FRA,0.5918976527814992
2018,SSD,AUT,0.5882761653006128
2018,ABW,FRA,0.5863615311976772
2018,GGY,ROU,0.5827753233457824
2018,NCL,HUN,0.581642122597792
2018,BGD,ROU,0.5761587379228822
2018,VUT,PRT,0.5711067548771501
2018,SYC,SVK,0.5708090894680748
2018,MNG,PRT,0.567455962039743
2018,COD,LVA,0.5662293687194132
2018,CRI,BGR,0.5645662902078167
2018,MAC,CZE,0.5643335537444817
2018,BRB,SVN,0.5638722832475227
2018,NOR,AUT,0.5635436542026303
2018,COG,BGR,0.5616277022730461
2018,GIB,LVA,0.5607213641738702
2018,AGO,AUT,0.5606941156633558
2018,PAN,PRT,0.560138540702381
2018,DZA,AUT,0.5600629918206945
2018,ISR,FIN,0.5597779843633065
2018,VCT,BGR,0.5534072693700264
2018,KNA,FRA,0.5526998971246373
2018,PAK,FRA,0.5513970258353562
2018,MHL,SVN,0.5506854713025291
2018,YEM,HUN,0.5497743624268995
2018,PER,ESP,0.5482775709169825
2018,QAT,FIN,0.5464756447891276
2018,SDN,SVK,0.5458233747406266
2018,FSM,SVK,0.5426381200838184
2018,SSD,ESP,0.5418738351601762
2018,GUY,BGR,0.5400411704919336
2018,CAN,FIN,0.5390750489014582
2018,MUS,PRT,0.5372985888009453
2018,KAZ,HUN,0.5346800828464422
2018,UZB,FIN,0.5285764856862067
2018,AZE,SWE,0.5218595140637343
2018,XKV,CZE,0.5203809668796543
2018,LBN,DEU,0.5192270549218091
2018,NOR,ESP,0.519092186961057
2018,AGO,ESP,0.5164674156924057
2018,DZA,ESP,0.5158860739395759
2018,NCL,SVK,0.5150174569588601
2018,MAC,ROU,0.5149238931076134
2018,OMN,CZE,0.5120748455335423
2018,TTO,HUN,0.5120450243502941
2018,NER,FIN,0.5117235440902473
2018,CUB,POL,0.5112042283793116
2018,MDG,HUN,0.5111028758622951
2018,HKG,LVA,0.5088397625762908
2018,MLI,FIN,0.4986616051426537
2018,YEM,SVK,0.48680001505681064
2018,VUT,AUT,0.48381172469650335
2018,IDN,EST,0.48330349836724074
2018,AUS,EST,0.4812224488940065
2018,MNG,AUT,0.480718964255322
2018,GGY,HUN,0.4804676566832122
2018,SWZ,CZE,0.4804501152213852
2018,GNQ,FIN,0.4800335091982689
2018,SYC,PRT,0.47583993808480834
2018,BGD,HUN,0.4750126293921906
2018,XKV,ROU,0.47481953108551245
2018,PAN,AUT,0.4745200282292165
2018,KAZ,SVK,0.4734347218943538
2018,MLT,BGR,0.4714125753414211
2018,MNE,SWE,0.47010753050933385
2018,LBN,FRA,0.467762747419887
2018,JOR,SWE,0.46759848066097714
2018,OMN,ROU,0.4672406438976335
2018,IRN,SVN,0.46714372723375813
2018,SLB,SWE,0.46193875158142933
2018,CUW,POL,0.4600300296278506
2018,MYS,FIN,0.45697261322846455
2018,MUS,AUT,0.4551712174735186
2018,SDN,PRT,0.4550112561869903
2018,BRB,LVA,0.4540048034167388
2018,TTO,SVK,0.4533924144137067
2018,MDG,SVK,0.4525581850834791
2018,FSM,PRT,0.4523559526772084
2018,CHN,SVN,0.4502164924695747
2018,VUT,ESP,0.44564939091623007
2018,MHL,LVA,0.4433873708124973
2018,MNG,ESP,0.44280058271976297
2018,PYF,FIN,0.4404168842614263
2018,TJK,SWE,0.4401707244906149
2018,LCA,DEU,0.43946744713656627
2018,DNK,CZE,0.43946096313434085
2018,SWZ,ROU,0.4383847852609034
2018,PAN,ESP,0.4370906093492426
2018,GHA,FIN,0.4358212003652636
2018,BLZ,FIN,0.43328663692563096
2018,CYP,CZE,0.4297978351204808
2018,NCL,PRT,0.4293307155642375
2018,GGY,SVK,0.42543210177211116
2018,MAC,HUN,0.4245277148511274
2018,TCD,FIN,0.4211806456311172
2018,BGD,SVK,0.42060192497797644
2018,BEL,CZE,0.41999827129533435
2018,DJI,POL,0.4196242234464584
2018,MUS,ESP,0.41926800338896064
2018,CHL,FIN,0.4165817986233726
2018,TGO,CZE,0.41624936708921245
2018,GRC,DEU,0.4112509484712015
2018,PRK,SWE,0.40676680409411653
2018,YEM,PRT,0.40580798956823905
2018,GEO,DEU,0.40464632257527977
2018,IRQ,CZE,0.4032553439768205
2018,SYC,AUT,0.40310666816366075
2018,DNK,ROU,0.4009843974445209
2018,PER,BGR,0.3960987889631945
2018,LCA,FRA,0.39590868489154635
2018,EGY,FIN,0.3958412568659771
2018,KAZ,PRT,0.39466636553272255
2018,CYP,ROU,0.3921673149522986
2018,SSD,BGR,0.39147246078079406
2018,XKV,HUN,0.39146377396064946
2018,SDN,AUT,0.38546169999250707
2018,OMN,HUN,0.38521537938807077
2018,CAF,CZE,0.3836742071210963
2018,BEL,ROU,0.38322574214997385
2018,FSM,AUT,0.3832122659599214
2018,TGO,ROU,0.37980506950718107
2018,HRV,DEU,0.3785994285298229
2018,TTO,PRT,0.3779586246669366
2018,MDG,PRT,0.3772631913948177
2018,KWT,POL,0.3770422525589439
2018,CRI,FIN,0.3767934517910325
2018,IRN,LVA,0.3761232859835849
2018,MAC,SVK,0.3758998456553905
2018,NOR,BGR,0.37501403946116113
2018,COG,FIN,0.3748322282632762
2018,MDA,EST,0.3739944744927552
2018,AGO,BGR,0.3731177942452948
2018,DZA,BGR,0.3726978084999641
2018,URY,CZE,0.3718268492324384
2018,SYC,ESP,0.37131022662606555
2018,GRC,FRA,0.37048892524464544
2018,VCT,FIN,0.3693458835373004
2018,IRQ,ROU,0.36794872510985205
2018,GEO,FRA,0.36453893106488894
2018,NCL,AUT,0.3637064912793738
2018,CHN,LVA,0.3624942318168481
2018,SWZ,HUN,0.3614252389593801
2018,IDN,SVN,0.3609625875219443
2018,GUY,FIN,0.36042530393379096
2018,AUS,SVN,0.35940832398948996
2018,SDN,ESP,0.35505706673593745
2018,GGY,PRT,0.35465024769521214
2018,FSM,ESP,0.3529850646422369
2018,BGD,PRT,0.3506236982427471
2018,CAF,ROU,0.35008199513372207
2018,PRY,DEU,0.34733091594540005
2018,XKV,SVK,0.34662324051820154
2018,YEM,AUT,0.34377927007861014
2018,SLE,POL,0.3418047033768593
2018,OMN,SVK,0.3410905733370965
2018,HRV,FRA,0.34107373100459476
2018,URY,ROU,0.33927192083176216
2018,GMB,POL,0.3365432630842463
2018,THA,EST,0.33594142285153383
2018,NCL,ESP,0.33501787583301934
2018,KAZ,AUT,0.3343406698615583
2018,DNK,HUN,0.3305905828349331
2018,CUB,SWE,0.32701475768087535
2018,AZE,CZE,0.3235884789228794
2018,CYP,HUN,0.3233213612428118
2018,VUT,BGR,0.3219558730970448
2018,TTO,AUT,0.3201867470528586
2018,SWZ,SVK,0.3200254937146722
2018,MNG,BGR,0.3198977741769635
2018,MDG,AUT,0.31959761241573187
2018,YEM,ESP,0.31666248356478915
2018,BEL,HUN,0.31594950392611776
2018,PAN,BGR,0.31577264913620623
2018,MLT,FIN,0.3146223473867179
2018,MAC,PRT,0.3133589891664716
2018,TGO,HUN,0.31312933892749123
2018,PRY,FRA,0.31290446436954716
2018,KAZ,ESP,0.30796838579262453
2018,IRQ,HUN,0.30335440546478215
2018,MUS,BGR,0.3028968486083295
2018,GGY,AUT,0.300441111116558
2018,BGD,AUT,0.29703002935550976
2018,AZE,ROU,0.2952570128537555
2018,TTO,ESP,0.2949309029107676
2018,MDG,ESP,0.2943882383187347
2018,CUW,SWE,0.2942788817330636
2018,NGA,EST,0.29342918215904423
2018,DNK,SVK,0.2927228181235596
2018,GIN,EST,0.29165447619353696
2018,MNE,CZE,0.2914987206865945
2018,IDN,LVA,0.29063096991550463
2018,JOR,CZE,0.28994293871445204
2018,AUS,LVA,0.2893795462678557
2018,XKV,PRT,0.2889533196828351
2018,CAF,HUN,0.2886242246552398
2018,SLB,CZE,0.28643352080673745
2018,CYP,SVK,0.2862862553764809
2018,OMN,PRT,0.2843411576526996
2018,CPV,EST,0.2836096185832935
2018,ECU,POL,0.2800914919523104
2018,BEL,SVK,0.27975881339660774
2018,URY,HUN,0.27971188595391094
2018,DOM,POL,0.27952443795914217
2018,MDA,SVN,0.2793234762170824
2018,TGO,SVK,0.2772616864703288
2018,GGY,ESP,0.2767427727372254
2018,BGD,ESP,0.27360075192297123
2018,TJK,CZE,0.272935859873783
2018,IRQ,SVK,0.2686064306380621
2018,DJI,SWE,0.2684314920133053
2018,SYC,BGR,0.2682501325929733
2018,SWZ,PRT,0.2667808097741703
2018,MNE,ROU,0.2659768413483208
2018,MAC,AUT,0.2654613199775504
2018,JOR,ROU,0.2645572743128207
2018,PER,FIN,0.26435767160088836
2018,MRT,POL,0.2637039896039428
2018,SLB,ROU,0.2613551199847792
2018,SSD,FIN,0.2612700445229005
2018,ABW,POL,0.26123752037277437
2018,SDN,BGR,0.25650816594907483
2018,CAF,SVK,0.25556353025940326
2018,FSM,BGR,0.255011264445934
2018,PRK,CZE,0.2522231517600746
2018,THA,SVN,0.25090297433798314
2018,NOR,FIN,0.2502856384617932
2018,TJK,ROU,0.24903923327322916
2018,AGO,FIN,0.2490200779904701
2018,DZA,FIN,0.24873977808338935
2018,URY,SVK,0.2476720625764678
2018,KNA,POL,0.24624048978829002
2018,PAK,POL,0.24566003072529277
2018,XKV,AUT,0.2447861153079944
2018,MAC,ESP,0.2445221343778418
2018,BMU,LTU,0.24423248338190218
2018,DNK,PRT,0.24402065457949507
2018,AZE,HUN,0.24342390523793211
2018,NCL,BGR,0.24203101118388382
2018,KWT,SWE,0.2411920207446475
2018,OMN,AUT,0.2408789332490822
2018,CYP,PRT,0.23865498385777786
2018,LAO,EST,0.23803723404162908
2018,VGB,EST,0.23640992801652427
2018,BEL,PRT,0.23321355406125968
2018,TGO,PRT,0.23113189007952845
2018,PRK,ROU,0.23014000563038464
2018,YEM,BGR,0.22877030340729076
2018,LIE,EST,0.22853602854072602
2018,LBY,EST,0.22701037916725433
2018,SWZ,AUT,0.22600272644391248
2018,XKV,ESP,0.22547775844041296
2018,MDA,LVA,0.2248988000957462
2018,CIV,DEU,0.2239319529972905
2018,IRQ,PRT,0.2239166644019347
2018,KAZ,BGR,0.22248932132567392
2018,BHS,EST,0.2223169609808846
2018,OMN,ESP,0.22187876896605635
2018,MNE,HUN,0.2192839411266658
2018,NGA,SVN,0.21915205911895752
2018,SLE,SWE,0.21865073887070896
2018,JOR,HUN,0.21811358263733294
2018,GIN,SVN,0.21782659290659967
2018,AZE,SVK,0.21554071785362514
2018,SLB,HUN,0.2154735745163658
2018,GMB,SWE,0.215285022143764
2018,VUT,FIN,0.21487443875541462
2018,WSM,EST,0.21398673657611217
2018,MNG,FIN,0.2135008565744109
2018,TTO,BGR,0.21307049506948578
2018,CAF,PRT,0.21304379460511538
2018,MDG,BGR,0.21267845133266475
2018,CPV,SVN,0.21181816832649752
2018,PAN,FIN,0.2107477341685294
2018,LBN,POL,0.2083990401094916
2018,SWZ,ESP,0.20817597475199195
2018,DNK,AUT,0.2067215152779465
2018,URY,PRT,0.2064652807675983
2018,TJK,HUN,0.2053197725429021
2018,BFA,EST,0.20478014119578883
2018,CUB,CZE,0.20277144551658963
2018,CYP,AUT,0.20217600012888132
2018,MUS,FIN,0.20215438134244113
2018,THA,LVA,0.20201588005876067
2018,CIV,FRA,0.20173645532567158
2018,GGY,BGR,0.19993062446854912
2018,BGD,BGR,0.19766069641487782
2018,BEL,AUT,0.19756630586036453
2018,TGO,AUT,0.1958028291852259
2018,MNE,SVK,0.19416588538424492
2018,ISR,EST,0.19328922042611574
2018,JOR,SVK,0.19312958655118528
2018,SLB,SVK,0.19079198028783795
2018,DNK,ESP,0.19041563622850916
2018,PRK,HUN,0.1897383516163123
2018,IRQ,AUT,0.18969046796844774
2018,QAT,EST,0.18869597289234397
2018,CYP,ESP,0.18622866440831995
2018,CAN,EST,0.18614057512791893
2018,CUB,ROU,0.1850179941342565
2018,UZB,EST,0.18251546096452728
2018,CUW,CZE,0.18247297050810915
2018,BEL,ESP,0.18198257582011304
2018,TJK,SVK,0.18180125374368553
2018,SGP,LTU,0.18151643169921597
2018,CAF,AUT,0.18047954226344318
2018,TGO,ESP,0.18035819950582774
2018,AZE,PRT,0.17967983294344583
2018,ECU,SWE,0.17917310985404683
2018,SYC,FIN,0.1790310458775407
2018,DOM,SWE,0.1788103682844871
2018,LAO,SVN,0.17778173801039687
2018,NER,EST,0.17669620398414615
2018,MAC,BGR,0.17665307946077544
2018,VGB,SVN,0.17656635969119103
2018,NGA,LVA,0.17645145979803387
2018,LCA,POL,0.17638640605201314
2018,GIN,LVA,0.17538425354396642
2018,URY,AUT,0.1749065699627503
2018,IRQ,ESP,0.17472797205520957
2018,MLI,EST,0.1721859658773268
2018,SDN,FIN,0.1711944176209349
2018,LIE,SVN,0.17068561780069436
2018,CPV,LVA,0.17054653815809392
2018,FSM,FIN,0.17019538049430805
2018,LBY,SVN,0.16954616330189595
2018,MRT,SWE,0.16869010753922659
2018,PRK,SVK,0.1680046192331431
2018,ABW,SWE,0.16711231965489126
2018,CUW,ROU,0.1664967318308513
2018,DJI,CZE,0.16644582661565924
2018,CAF,ESP,0.166243590175492
2018,BHS,SVN,0.16604081236072138
2018,GNQ,EST,0.16575375481563534
2018,GRC,POL,0.16506131969263943
2018,XKV,BGR,0.1628946208888534
2018,ASM,LTU,0.1626546780257112
2018,GEO,POL,0.16241046072074
2018,MNE,PRT,0.1618612677760951
2018,NCL,FIN,0.16153231556010983
2018,URY,ESP,0.1611102054627615
2018,JOR,PRT,0.1609973845940316
2018,OMN,BGR,0.16029455944570567
2018,WSM,SVN,0.159819257238643
2018,SLB,PRT,0.15904870080440517
2018,MYS,EST,0.1577909146739296
2018,KNA,SWE,0.1575187950902257
2018,PAK,SWE,0.15714747836533963
2018,GBR,LTU,0.15586175522118592
2018,BFA,SVN,0.15294317108992675
2018,YEM,FIN,0.1526820743342381
2018,CUB,HUN,0.15253762217582728
2018,AZE,AUT,0.1522153417503314
2018,PYF,EST,0.15207428408999443
2018,HRV,POL,0.15195617551843238
2018,DJI,ROU,0.15187282851385506
2018,TJK,PRT,0.15155381881839186
2018,GHA,EST,0.15048741182558323
2018,SWZ,BGR,0.15039508428657206
2018,BLZ,EST,0.14961223665783463
2018,KWT,CZE,0.14955549725124728
2018,KAZ,FIN,0.14849012564686806
2018,TCD,EST,0.1454320836593858
2018,ISR,SVN,0.14436100169110497
2018,CHL,EST,0.14384411918451104
2018,LAO,LVA,0.14314192311712812
2018,TTO,FIN,0.14220396914329295
2018,VGB,LVA,0.14216335472268588
2018,MDG,FIN,0.14194231782720837
2018,QAT,SVN,0.14093046472929877
2018,AZE,ESP,0.14020882685655023
2018,PRK,PRT,0.14005261844789144
2018,PRY,POL,0.13940612068890007
2018,CAN,SVN,0.1390219269423578
2018,DNK,BGR,0.13756426837527688
2018,LIE,LVA,0.13742844374149207
2018,CUW,HUN,0.13726781382731526
2018,MNE,AUT,0.13712038678505975
2018,EGY,EST,0.136682488574722
2018,LBY,LVA,0.13651100581964581
2018,KWT,ROU,0.13646131506673725
2018,JOR,AUT,0.13638855020865584
2018,UZB,SVN,0.13631445515102802
2018,SLE,CZE,0.13557836563250894
2018,CUB,SVK,0.13506507732396514
2018,SLB,AUT,0.13473772738595943
2018,FRO,DEU,0.134615497570248
2018,CYP,BGR,0.13453942374297456
2018,BHS,LVA,0.13368865364480761
2018,GMB,CZE,0.1334913917883866
2018,GGY,FIN,0.13343437505719907
2018,LBN,SWE,0.13331181124692437
2018,NER,SVN,0.13196825433893003
2018,BGD,FIN,0.13191941739590252
2018,BEL,BGR,0.1314718706697998
2018,NLD,LTU,0.13122568507459742
2018,TGO,BGR,0.13029835286597496
2018,CRI,EST,0.13010535353795868
2018,COG,EST,0.12942815047290326
2018,WSM,LVA,0.12867933505607024
2018,MLI,SVN,0.12859971423343192
2018,TJK,AUT,0.1283884559947817
2018,VCT,EST,0.12753373639322316
2018,GRL,DEU,0.12715932785569048
2018,MNE,ESP,0.1263045390049048
2018,IRQ,BGR,0.1262308396334943
2018,JOR,ESP,0.12563042858575524
2018,DJI,HUN,0.1252111733403088
2018,CYM,LTU,0.1247761155742836
2018,GUY,EST,0.12445349400163891
2018,SLB,ESP,0.12410982015918856
2018,GNQ,SVN,0.12379571931893371
2018,SLE,ROU,0.12370793724639771
2018,BFA,LVA,0.12314301728878231
2018,GMB,ROU,0.12180368631271002
2018,CUW,SVK,0.12154436147763711
2018,FRO,FRA,0.12127279268649963
2018,CHE,LTU,0.1209161665362741
2018,CAF,BGR,0.12010136513750719
2018,PRK,AUT,0.1186452415435206
2018,ITA,DEU,0.11855246568398217
2018,TJK,ESP,0.11826136964878557
2018,MAC,FIN,0.11789886278020564
2018,MYS,SVN,0.11784855073587153
2018,URY,BGR,0.11639279200621161
2018,ISR,LVA,0.11623303741113886
2018,GRL,FRA,0.11455565728715955
2018,PYF,SVN,0.11357899801288174
2018,QAT,LVA,0.1134709221144113
2018,LCA,SWE,0.11283349125684561
2018,CUB,PRT,0.11259343836158374
2018,KWT,HUN,0.11250518965286121
2018,GHA,SVN,0.1123938182644136
2018,CAN,LVA,0.1119342526441845
2018,BLZ,SVN,0.11174018034506741
2018,ECU,CZE,0.11109954407092046
2018,DOM,CZE,0.11087461956619714
2018,DJI,SVK,0.11086875859084429
2018,UZB,LVA,0.10975431716074549
2018,PRK,ESP,0.1092866851504004
2018,XKV,FIN,0.10871642098983562
2018,MLT,EST,0.10863790637315314
2018,TCD,SVN,0.10861816933613577
2018,CHL,SVN,0.10743217385362808
2018,OMN,FIN,0.1069811311876907
2018,ITA,FRA,0.10680188279112747
2018,NER,LVA,0.10625495018717844
2018,GRC,SWE,0.10558889082921061
2018,MRT,CZE,0.10459936790821583
2018,GEO,SWE,0.10389314976092928
2018,ABW,CZE,0.10362103184688906
2018,MLI,LVA,0.10354275199295238
2018,EGY,SVN,0.10208340082690869
2018,SLE,HUN,0.10199069922976815
2018,ECU,ROU,0.10137233445697563
2018,CUW,PRT,0.10132225030609142
2018,AZE,BGR,0.10129275656296882
2018,DOM,ROU,0.10116710299260682
2018,GMB,HUN,0.10042074431370715
2018,SWZ,FIN,0.10037418798044306
2018,GNQ,LVA,0.09967478963415283
2018,KWT,SVK,0.09961819204376654
2018,KNA,CZE,0.09767239253356944
2018,PAK,CZE,0.09744215084789264
2018,HRV,SWE,0.09720559642632987
2018,CRI,SVN,0.09717116723172094
2018,COG,SVN,0.09666538779609506
2018,MRT,ROU,0.0954412747257645
2018,CUB,AUT,0.09538326265278563
2018,VCT,SVN,0.09525051575327005
2018,MYS,LVA,0.09488639484395506
2018,ABW,ROU,0.09454859590111668
2018,IRL,LTU,0.09307733852578746
2018,GUY,SVN,0.09294998975331921
2018,FJI,DEU,0.09255873890221188
2018,DJI,PRT,0.09242281560822538
2018,DNK,FIN,0.09181085803962671
2018,PYF,LVA,0.09144874149182626
2018,PER,EST,0.09128170396968592
2018,MNE,BGR,0.09124771392111627
2018,JOR,BGR,0.09076070818749482
2018,GHA,LVA,0.0904944876391314
2018,SLE,SVK,0.09030809239910191
2018,SSD,EST,0.09021555801978823
2018,BLZ,LVA,0.08996820755072313
2018,CIV,POL,0.08987822112140667
2018,CYP,FIN,0.08979206650016512
2018,SLB,BGR,0.08966215667235088
2018,PRY,SWE,0.08917738986792086
2018,KNA,ROU,0.0891207837613224
2018,GMB,SVK,0.08891796923402139
2018,PAK,ROU,0.08891070065646764
2018,BTN,DEU,0.08887406709743895
2018,CUB,ESP,0.08785957581222696
2018,BEL,FIN,0.08774477120279932
2018,TCD,LVA,0.08745450358532941
2018,TGO,FIN,0.08696156145097615
2018,CHL,LVA,0.08649959293998265
2018,NOR,EST,0.08642268415960912
2018,AGO,EST,0.08598569091632827
2018,DZA,EST,0.08588890441875499
2018,CUW,AUT,0.0858349025853594
2018,TJK,BGR,0.08543698991857068
2018,IRQ,FIN,0.08424688936081658
2018,ECU,HUN,0.08357616741460885
2018,DOM,HUN,0.08340696484749119
2018,FJI,FRA,0.08338458020670457
2018,KWT,PRT,0.0830440776239209
2018,LBN,CZE,0.08266241212683503
2018,EGY,LVA,0.08219299955232626
2018,MLT,SVN,0.08113787696529966
2018,CAF,FIN,0.08015605734858655
2018,BTN,FRA,0.08006512258136814
2018,BLR,DEU,0.0796267782913474
2018,CUW,ESP,0.07906437587992546
2018,PRK,BGR,0.0789533001787338
2018,MRT,HUN,0.07868632006427356
2018,DJI,AUT,0.07829576771568927
2018,CRI,LVA,0.07823788823726746
2018,ABW,HUN,0.07795035324161045
2018,COG,LVA,0.07783065720274834
2018,URY,FIN,0.0776809430961115
2018,VCT,LVA,0.07669146536312987
2018,LBN,ROU,0.0754249871970015
2018,SLE,PRT,0.07528295867851492
2018,GUY,LVA,0.07483918447365707
2018,VUT,EST,0.0741953308574165
2018,GMB,PRT,0.07412411917681988
2018,ECU,SVK,0.07400286796973325
2018,DOM,SVK,0.07385304684701496
2018,MNG,EST,0.0737210381264164
2018,KNA,HUN,0.07347540710842236
2018,PAK,HUN,0.07330220461844938
2018,PAN,EST,0.07277039537440501
2018,DJI,ESP,0.07211991651443278
2018,TLS,LTU,0.07204822138957635
2018,BLR,FRA,0.07173439871572918
2018,JPN,LTU,0.07065485612917727
2018,KWT,AUT,0.07035059221056146
2018,LCA,CZE,0.06996445752812612
2018,MUS,EST,0.06980314315120373
2018,MRT,SVK,0.0696731321245387
2018,ABW,SVK,0.06902146721464332
2018,PER,SVN,0.06817513254016068
2018,LUX,LTU,0.06784636264194496
2018,AZE,FIN,0.0676031283637936
2018,SSD,SVN,0.06737886518010384
2018,GRC,CZE,0.06547231132861055
2018,MLT,LVA,0.065328598293795
2018,KNA,SVK,0.06505910739233708
2018,PAK,SVK,0.06490574452115021
2018,KWT,ESP,0.06480144438190252
2018,UGA,DEU,0.0647989126495113
2018,NOR,SVN,0.06454609950110542
2018,GEO,CZE,0.06442083625122949
2018,AGO,SVN,0.06421972443376749
2018,DZA,SVN,0.06414743796218335
2018,LCA,ROU,0.06383878933035578
2018,SLE,AUT,0.06377577881449283
2018,CUB,BGR,0.06347345473176849
2018,GMB,AUT,0.06279407069569792
2018,LBN,HUN,0.06218394191066747
2018,SYC,EST,0.061818742888042656
2018,ECU,PRT,0.061690538504968216
2018,DOM,PRT,0.06156564407866448
2018,BRN,DEU,0.06156310964175422
2018,MNE,FIN,0.06089903292618166
2018,JOR,FIN,0.060574003652213305
2018,HRV,CZE,0.06027409722867644
2018,SLB,FIN,0.05984082665503732
2018,GRC,ROU,0.059739948504544345
2018,SDN,EST,0.05911278479608326
2018,GEO,ROU,0.05878053427734099
2018,FSM,EST,0.05876782105549942
2018,SLE,ESP,0.05874524227728446
2018,UGA,FRA,0.0583762289030204
2018,MRT,PRT,0.05808116844672182
2018,GMB,ESP,0.05784096980337344
2018,ABW,PRT,0.05753792518711356
2018,CIV,SWE,0.05749464317614476
2018,CUW,BGR,0.0571194321952506
2018,TJK,FIN,0.05702093607148241
2018,NCL,EST,0.0557764975050805
2018,BRN,FRA,0.05546114947741935
2018,VUT,SVN,0.055413914235707795
2018,PRY,CZE,0.05529606180208272
2018,LBN,SVK,0.05506103217468559
2018,MNG,SVN,0.055059681477196774
2018,HRV,ROU,0.05499685884810881
2018,PER,LVA,0.05489157485901616
2018,PAN,SVN,0.054349679441758864
2018,SSD,LVA,0.054250455908838785
2018,KNA,PRT,0.05423480845806332
2018,PAK,PRT,0.05410696154658881
2018,FRO,POL,0.05402981260621313
2018,YEM,EST,0.0527205426892127
2018,PRK,FIN,0.0526936996073358
2018,LCA,HUN,0.0526317300790208
2018,ECU,AUT,0.052260992496866866
2018,DOM,AUT,0.05215518848162984
2018,MUS,SVN,0.052133541872021835
2018,DJI,BGR,0.05210246252407603
2018,NOR,LVA,0.05196963937745625
2018,AGO,LVA,0.051706856735554634
2018,DZA,LVA,0.0516486548939386
2018,KAZ,EST,0.05127307866511459
2018,GRL,POL,0.05103717461349288
2018,PRY,ROU,0.0504546703411857
2018,JEY,LTU,0.05002867629523488
2018,IMN,LTU,0.049897162726629904
2018,GRC,HUN,0.04925245101931599
2018,MRT,AUT,0.04920332326421396
2018,TTO,EST,0.04910249260422371
2018,MDG,EST,0.04901214539457598
2018,ABW,AUT,0.04874311603305039
2018,GEO,HUN,0.048461464361050394
2018,ECU,ESP,0.0481387248097725
2018,DOM,ESP,0.048041266454507445
2018,ITA,POL,0.047582690110159725
2018,KWT,BGR,0.04681529029139127
2018,LCA,SVK,0.046602986144775024
2018,SYC,SVN,0.04617027078348616
2018,GGY,EST,0.04607438494064252
2018,KNA,AUT,0.04594488857748575
2018,LBN,PRT,0.045900176826727625
2018,PAK,AUT,0.04583658337148112
2018,BGD,EST,0.045551275791104164
2018,HRV,HUN,0.045342022623716595
2018,MRT,ESP,0.04532223988061983
2018,ABW,ESP,0.04489833309664938
2018,VUT,LVA,0.04461681126484961
2018,MNG,LVA,0.04433159885297979
2018,SDN,SVN,0.044149284720071784
2018,FSM,SVN,0.04389164329015651
2018,PAN,LVA,0.04375993689316863
2018,GRC,SVK,0.043610789328096075
2018,GEO,SVK,0.04291040687400406
2018,SLE,BGR,0.04244003504368246
2018,CUB,FIN,0.04236239839378523
2018,KNA,ESP,0.04232082557138277
2018,NPL,LTU,0.042288379909288853
2018,PAK,ESP,0.04222106331547776
2018,MUS,LVA,0.04197560180243099
2018,GMB,BGR,0.041786750556392825
2018,NCL,SVN,0.04165752768262974
2018,PRY,HUN,0.04159722667799005
2018,LBR,LTU,0.040870772460901914
2018,MAC,EST,0.04071003132041956
2018,HRV,SVK,0.04014828410421984
2018,GUM,DEU,0.03937539545634122
2018,YEM,SVN,0.03937514122895751
2018,LBN,AUT,0.038884225277970134
2018,LCA,PRT,0.038849349897987565
2018,KAZ,SVN,0.03829408065056631
2018,CUW,FIN,0.03812170225974701
2018,XKV,EST,0.03753936890630632
2018,PRI,LTU,0.03722615919220808
2018,SYC,LVA,0.0371742419932933
2018,FJI,POL,0.03714974433270004
2018,OMN,EST,0.0369401799020237
2018,PRY,SVK,0.03683243882777381
2018,TTO,SVN,0.03667294535230102
2018,MDG,SVN,0.03660546816109506
2018,GRC,PRT,0.03635498396328795
2018,LBN,ESP,0.0358170966655412
2018,GEO,PRT,0.03577112860824902
2018,BTN,POL,0.035670849772113586
2018,CIV,CZE,0.035650598734337194
2018,SDN,LVA,0.03554703418810731
2018,GUM,FRA,0.03547261835609922
2018,FSM,LVA,0.03533959280427652
2018,ECU,BGR,0.03477744049878435
2018,DJI,FIN,0.03477335973076436
2018,DOM,BGR,0.03470703248185549
2018,SWZ,EST,0.034658827405853215
2018,FRO,SWE,0.03456259767838598
2018,COD,LTU,0.034550364891890756
2018,GGY,SVN,0.03441135696894785
2018,GIB,LTU,0.03421427570721089
2018,BGD,SVN,0.034020664923862985
2018,NCL,LVA,0.03354078259966107
2018,HRV,PRT,0.03346855783282294
2018,LCA,AUT,0.03291113406901731
2018,MRT,BGR,0.03274269326718661
2018,GRL,SWE,0.032648222300235064
2018,CIV,ROU,0.032529246170278366
2018,ABW,BGR,0.03243644516828453
2018,BLR,POL,0.031959321082425156
2018,YEM,LVA,0.031703106863495076
2018,DNK,EST,0.03170194197136325
2018,NAM,DEU,0.03150414978618376
2018,KWT,FIN,0.031244683098240533
2018,CMR,DEU,0.031118413947186212
2018,HKG,LTU,0.031048547531673017
2018,CYP,EST,0.03100486088963905
2018,SMR,DEU,0.030850617281128277
2018,KAZ,LVA,0.030832685120920026
2018,GRC,AUT,0.030798037919155065
2018,PRY,PRT,0.030704390898282325
2018,KNA,BGR,0.0305743452695159
2018,PAK,BGR,0.0305022728178157
2018,ITA,SWE,0.03043840604665818
2018,MAC,SVN,0.030404907668084204
2018,LCA,ESP,0.03031515381612651
2018,GEO,AUT,0.030303426248250488
2018,BEL,EST,0.030297937568136892
2018,TGO,EST,0.030027498203623087
2018,TTO,LVA,0.029527419311148367
2018,MDG,LVA,0.02947308968751066
2018,IRQ,EST,0.029090132200177466
2018,NAM,FRA,0.028381548148202977
2018,GRC,ESP,0.02836873548010071
2018,HRV,AUT,0.028352808909931162
2018,SLE,FIN,0.028324622946147158
2018,XKV,SVN,0.02803685009551674
2018,CMR,FRA,0.02803404534741965
2018,GEO,ESP,0.027913138026324752
2018,GMB,FIN,0.027888618669524853
2018,SMR,FRA,0.027792791924513928
2018,GGY,LVA,0.02770648925322759
2018,BRB,LTU,0.02770261043893759
2018,CAF,EST,0.027677583381492676
2018,OMN,SVN,0.027589336650794674
2018,BGD,LVA,0.027391921450561938
2018,MHL,LTU,0.027054752537251495
2018,URY,EST,0.026822935793180284
2018,CIV,HUN,0.026818655586471327
2018,HRV,ESP,0.02611638242004432
2018,PRY,AUT,0.02601115148681626
2018,UGA,POL,0.026007949832911798
2018,SWZ,SVN,0.025885473751292923
2018,LBN,BGR,0.02587577782850192
2018,BRN,POL,0.024709215041633373
2018,MAC,LVA,0.024480675037352632
2018,IOT,DEU,0.024405715533894246
2018,PRY,ESP,0.023959431376742817
2018,FJI,SWE,0.02376450343413479
2018,CIV,SVK,0.023746691070981974
2018,DNK,SVN,0.023677078775785353
2018,AZE,EST,0.023343104489303386
2018,ECU,FIN,0.0232105814273301
2018,DOM,FIN,0.023163590878669073
2018,CYP,SVN,0.02315645314029581
2018,IRN,LTU,0.02295041107539129
2018,BTN,SWE,0.02281846206843838
2018,BEL,SVN,0.02262847667794641
2018,XKV,LVA,0.022574020738756667
2018,TGO,SVN,0.022426494914701407
2018,OMN,LVA,0.022213702880380565
2018,CHN,LTU,0.02211878908507124
2018,IOT,FRA,0.02198669049054415
2018,LCA,BGR,0.021900942790196387
2018,MRT,FIN,0.021852584242209913
2018,IRQ,SVN,0.021726408821383422
2018,ABW,FIN,0.02164819322508546
2018,FRO,CZE,0.02143116702669995
2018,MNE,EST,0.0210282056955036
2018,JOR,EST,0.020915974316749995
2018,SWZ,LVA,0.02084182849726286
2018,CAF,SVN,0.020671425196567835
2018,SLB,EST,0.02066281107314781
2018,GRC,BGR,0.02049476827821309
2018,BLR,SWE,0.020444215949755068
2018,KNA,FIN,0.020405421453893638
2018,PAK,FIN,0.02035732005583609
2018,PLW,DEU,0.020251557635219786
2018,GRL,CZE,0.020244123770787187
2018,GEO,BGR,0.020165625505887835
2018,URY,SVN,0.020033118612943195
2018,CIV,PRT,0.019795802515101886
2018,TJK,EST,0.019689113521962013
2018,FRO,ROU,0.019554782603312046
2018,DNK,LVA,0.019063727397936957
2018,REU,DEU,0.01892952914395542
2018,ITA,CZE,0.018873887029052384
2018,HRV,BGR,0.01886757364773829
2018,CYP,LVA,0.018644542865700626
2018,GRL,ROU,0.01847166973404166
2018,PLW,FRA,0.018244280896358784
2018,BEL,LVA,0.018219439775658545
2018,PRK,EST,0.018194935140320775
2018,TGO,LVA,0.018056813071987848
2018,IDN,LTU,0.017733813564235458
2018,AUS,LTU,0.017657453795475325
2018,IRQ,LVA,0.01749313498633862
2018,AZE,SVN,0.01743415354062166
2018,PRY,BGR,0.01730930144872107
2018,LBN,FIN,0.01726958165035004
2018,ITA,ROU,0.017221402701625154
2018,REU,FRA,0.017053288105479826
2018,CIV,AUT,0.016769966866602745
2018,CAF,LVA,0.016643709243271857
2018,UGA,SWE,0.016637153881433366
2018,URY,LVA,0.016129773262327562
2018,FRO,HUN,0.016121891572935244
2018,BRN,SWE,0.015806359808371622
2018,GUM,POL,0.01580386564846638
2018,MNE,SVN,0.015705236077196906
2018,JOR,SVN,0.015621414360588361
2018,CIV,ESP,0.015447177359075038
2018,SLB,SVN,0.015432335531685173
2018,GRL,HUN,0.01522892187882725
2018,FJI,CZE,0.014735612384888047
2018,TJK,SVN,0.014705114667927344
2018,CUB,EST,0.014627575913383888
2018,LCA,FIN,0.014616763300476935
2018,GUF,DEU,0.014508271825341224
2018,FRO,SVK,0.014275196511173566
2018,ITA,HUN,0.014198142353289566
2018,BTN,CZE,0.014149002237379193
2018,AZE,LVA,0.0140372025476426
2018,MDA,LTU,0.013722946982827566
2018,GRC,FIN,0.013678277674642412
2018,PRK,SVN,0.013589164759270255
2018,GRL,SVK,0.013484512750260929
2018,GEO,FIN,0.01345860667503163
2018,FJI,ROU,0.01344545056058615
2018,CUW,EST,0.013163279580357146
2018,GUF,FRA,0.01307025322545668
2018,BTN,ROU,0.012910200478631152
2018,BLR,CZE,0.012676807768506382
2018,MNE,LVA,0.012645155347547543
2018,NAM,POL,0.012644631115947982
2018,HRV,FIN,0.012592282474102283
2018,JOR,LVA,0.01257766584132152
2018,ITA,SVK,0.012571804696111322
2018,CMR,POL,0.012489810642282521
2018,SLB,LVA,0.012425428004675136
2018,SMR,POL,0.012382326705107097
2018,THA,LTU,0.012326669642325318
2018,DJI,EST,0.012007109571486952
2018,FRO,PRT,0.011900140956681831
2018,TJK,LVA,0.011839902212576584
2018,BLR,ROU,0.011566902526039943
2018,PRY,FIN,0.011552286337454499
2018,GRL,PRT,0.011241008299582867
2018,CIV,BGR,0.01115969094740837
2018,FJI,HUN,0.011085068061575743
2018,PRK,LVA,0.01094138913797599
2018,CUB,SVN,0.010924828122921374
2018,KWT,EST,0.01078867087884677
2018,NGA,LTU,0.010766771662721502
2018,GIN,LTU,0.010701652529857855
2018,BTN,HUN,0.010643782471204536
2018,ITA,PRT,0.010480153309728426
2018,CPV,LTU,0.010406463263707595
2018,UGA,CZE,0.010316169721955875
2018,GUM,SWE,0.01010965287168876
2018,FRO,AUT,0.010081176016946613
2018,WLF,DEU,0.009935309640036452
2018,CUW,SVN,0.009831196077935428
2018,FJI,SVK,0.009815320007757452
2018,BRN,CZE,0.009801020753401552
2018,IOT,POL,0.009795575254095327
2018,SLE,EST,0.009780385154574384
2018,GMB,EST,0.0096298345272098
2018,BLR,HUN,0.009536303836379245
2018,GRL,AUT,0.0095227933592184
2018,BTN,SVK,0.009424581830937464
2018,UGA,ROU,0.009412947785829488
2018,FRO,ESP,0.009285988169240485
2018,DJI,SVN,0.008967692876682079
2018,WLF,FRA,0.008950550033242374
2018,BRN,ROU,0.008942902170681695
2018,ITA,AUT,0.008878236870012454
2018,CUB,LVA,0.008796184156707916
2018,GRL,ESP,0.008771649887193138
2018,LAO,LTU,0.008734279689887426
2018,VGB,LTU,0.008674569090318711
2018,BLR,SVK,0.008443960228780212
2018,LIE,LTU,0.0083856527762447
2018,LBY,LTU,0.008329672255423018
2018,FJI,PRT,0.008182282572140272
2018,ITA,ESP,0.008177935034569579
2018,BHS,LTU,0.008157457066877396
2018,PLW,POL,0.008128245883753889
2018,NAM,SWE,0.008088706530176909
2018,KWT,SVN,0.008057683359436536
2018,ECU,EST,0.008014525963946782
2018,DOM,EST,0.007998300305253869
2018,CMR,SWE,0.007989668656722187
2018,SMR,SWE,0.007920911726089119
2018,CUW,LVA,0.00791564043014894
2018,BTN,PRT,0.007856553999670172
2018,WSM,LTU,0.00785179686155807
2018,UGA,HUN,0.007760481242023156
2018,REU,POL,0.007597631259640392
2018,MRT,EST,0.007545614673069037
2018,BFA,LTU,0.007513980051649642
2018,ABW,EST,0.007475039228043236
2018,CIV,FIN,0.007448015487157968
2018,BRN,HUN,0.007372953311108555
2018,SLE,SVN,0.007304629791183143
2018,DJI,LVA,0.007220386180592824
2018,GMB,SVN,0.00719218875942947
2018,ISR,LTU,0.007092344687330506
2018,KNA,EST,0.0070459148367107115
2018,BLR,PRT,0.007039084672245892
2018,PAK,EST,0.007029305605923396
2018,FJI,AUT,0.006931601157532926
2018,QAT,LTU,0.006923805051897539
2018,UGA,SVK,0.006871550664509721
2018,CAN,LTU,0.006830040062217404
2018,FRO,BGR,0.006708588611441919
2018,UZB,LTU,0.006697024061009384
2018,BTN,AUT,0.006655660974574333
2018,BRN,SVK,0.00652841243272423
2018,KWT,LVA,0.006487687120435146
2018,NER,LTU,0.006483498566736964
2018,FJI,ESP,0.006384846989532061
2018,GRL,BGR,0.0063370089929365835
2018,MLI,LTU,0.006318004789044777
2018,GUM,CZE,0.0062686740531256386
2018,IOT,SWE,0.0062661799144703625
2018,ATG,DEU,0.006139295084094909
2018,BTN,ESP,0.0061306725489643984
2018,GNQ,LTU,0.00608198822355496
2018,ECU,SVN,0.005985770927546269
2018,DOM,SVN,0.005973652546930718
2018,BLR,AUT,0.00596314378438157
2018,LBN,EST,0.0059631212150617055
2018,ITA,BGR,0.005908084399650127
2018,SLE,LVA,0.005881361987289568
2018,GUF,POL,0.005823097801604359
2018,GMB,LVA,0.005790829485455473
2018,MYS,LTU,0.005789808417300963
2018,UGA,PRT,0.005728286923030516
2018,GUM,ROU,0.005719826557610034
2018,MRT,SVN,0.005635557379650795
2018,ABW,SVN,0.005582847032347104
2018,PYF,LTU,0.0055800485845383194
2018,ATG,FRA,0.005530785633252677
2018,GHA,LTU,0.005521821617461948
2018,BLR,ESP,0.005492780062580315
2018,BLZ,LTU,0.005489708890545354
2018,BRN,PRT,0.005442238788934587
2018,NRU,DEU,0.005364741908921972
2018,TCD,LTU,0.005336326897253546
2018,CHL,LTU,0.005278059853792876
2018,KNA,SVN,0.005262348937076816
2018,PAK,SVN,0.0052499440797935705
2018,PLW,SWE,0.005199597754645493
2018,LCA,EST,0.0050471130741515475
2018,NAM,CZE,0.005015549533957227
2018,EGY,LTU,0.005015278759761942
2018,CMR,CZE,0.004954139300046926
2018,SMR,CZE,0.004911505315230385
2018,REU,SWE,0.004860166265049805
2018,UGA,AUT,0.004852704598782017
2018,NRU,FRA,0.004833003963735762
2018,ECU,LVA,0.0048194756756032
2018,DOM,LVA,0.004809718496233777
2018,CRI,LTU,0.004773944511359433
2018,COG,LTU,0.004749095957725136
2018,GRC,EST,0.004723057537732062
2018,GUM,HUN,0.004715696689062952
2018,VCT,LTU,0.004679584385357038
2018,GEO,EST,0.0046472059725561135
2018,FJI,BGR,0.0046126821420748605
2018,BRN,AUT,0.00461037960451201
2018,NAM,ROU,0.004576418104085815
2018,GUY,LTU,0.004566561317058237
2018,MRT,LVA,0.004537499352790455
2018,CMR,ROU,0.004520384581868458
2018,ABW,LVA,0.0044950593329905544
2018,SMR,ROU,0.004481483373009337
2018,FRO,FIN,0.004477334731800488
2018,UGA,ESP,0.004469930632830785
2018,LBN,SVN,0.0044536480095166055
2018,BTN,BGR,0.004429055830449771
2018,KEN,DEU,0.004419920084857687
2018,HRV,EST,0.004348067503178169
2018,BRN,ESP,0.004246719865940107
2018,KNA,LVA,0.00423700856677697
2018,GRL,FIN,0.004229341237501911
2018,PAK,LVA,0.004227020729176838
2018,GUM,SVK,0.004175533411753864
2018,PRY,EST,0.0039889607713772335
2018,WLF,POL,0.003987675473663395
2018,MLT,LTU,0.003986241324838196
2018,KEN,FRA,0.003981830189069624
2018,BLR,BGR,0.003968215455522754
2018,ITA,FIN,0.003943075513058856
2018,IOT,CZE,0.0038854587729772157
2018,NAM,HUN,0.0037730164514328582
2018,LCA,SVN,0.003769513361513594
2018,CMR,HUN,0.0037268197542890662
2018,GUF,SWE,0.003725006192888431
2018,SMR,HUN,0.003694747750012392
2018,LBN,LVA,0.0035858786628112198
2018,IOT,ROU,0.003545271310938992
2018,GRC,SVN,0.0035274875427021035
2018,GUM,PRT,0.003480823267848703
2018,GEO,SVN,0.0034708366446101245
2018,PER,LTU,0.00334939168761015
2018,NAM,SVK,0.0033408332415852263
2018,SSD,LTU,0.003310271686261879
2018,CMR,SVK,0.0032999281823425574
2018,SMR,SVK,0.0032715298916404095
2018,HRV,SVN,0.00324742051727233
2018,UGA,BGR,0.003229265985571103
2018,PLW,CZE,0.0032241051146785606
2018,NOR,LTU,0.0031711000929746133
2018,AGO,LTU,0.003155065537604429
2018,DZA,LTU,0.003151514159000098
2018,FJI,FIN,0.003078519664515345
2018,BRN,BGR,0.003068009134773662
2018,FLK,DEU,0.003052908964051065
2018,LCA,LVA,0.0030350439692023432
2018,REU,CZE,0.0030136344488062477
2018,PRY,SVN,0.0029792161787038575
2018,BTN,FIN,0.0029559668430009668
2018,GUM,AUT,0.002948771125888462
2018,PLW,ROU,0.0029418218116269265
2018,IOT,HUN,0.002922890058717179
2018,GRC,LVA,0.0028401755786894305
2018,GEO,LVA,0.002794562803215697
2018,NAM,PRT,0.0027849974924348065
2018,CMR,PRT,0.0027508980689734085
2018,FLK,FRA,0.0027503133188280728
2018,REU,ROU,0.0027497786946851445
2018,SMR,PRT,0.0027272245831464446
2018,VUT,LTU,0.0027224428732820767
2018,GUM,ESP,0.0027161765395989725
2018,MNG,LTU,0.0027050396910273584
2018,PAN,LTU,0.0026701578385530536
2018,BLR,FIN,0.0026484004179324295
2018,HRV,LVA,0.002614678105943569
2018,IOT,SVK,0.00258808526158241
2018,CIV,EST,0.0025717715727456313
2018,MUS,LTU,0.002561280708753487
2018,WLF,SWE,0.0025508958188084872
2018,ATG,POL,0.002464091942718526
2018,PLW,HUN,0.0024253776294047005
2018,PRY,LVA,0.002398731939364843
2018,NAM,AUT,0.002359303980531908
2018,CMR,AUT,0.0023304167353100152
2018,SMR,AUT,0.0023103617982781727
2018,GUF,CZE,0.002309757809240328
2018,SYC,LTU,0.002268309798823221
2018,REU,HUN,0.00226704816231364
2018,NAM,ESP,0.0021732056670801902
2018,SDN,LTU,0.0021690203120358137
2018,IOT,PRT,0.0021574889982519407
2018,FSM,LTU,0.0021563625872674185
2018,UGA,FIN,0.0021552230421104583
2018,NRU,POL,0.00215321419339919
2018,PLW,SVK,0.0021475607943970787
2018,CMR,ESP,0.0021465970038724936
2018,SMR,ESP,0.0021281239698038986
2018,GUF,ROU,0.0021075292712583495
2018,BRN,FIN,0.002047599674419565
2018,NCL,LTU,0.0020466022103352247
2018,REU,SVK,0.0020073673037009515
2018,GUM,BGR,0.00196228022996822
2018,YEM,LTU,0.0019344703239565595
2018,CIV,SVN,0.001920766815365072
2018,KAZ,LTU,0.0018813586514132973
2018,IOT,AUT,0.0018277116569607673
2018,TTO,LTU,0.0018017135243678516
2018,MDG,LTU,0.0017983984219997653
2018,PLW,PRT,0.0017902573983037847
2018,KEN,POL,0.001773996740566061
2018,GUF,HUN,0.001737547232678491
2018,GGY,LTU,0.0016906034311452752
2018,IOT,ESP,0.0016835445383346376
2018,REU,PRT,0.001673388793434679
2018,BGD,LTU,0.0016714090322572086
2018,WLF,CZE,0.0015817293268666193
2018,ATG,SWE,0.0015762671449454438
2018,NAM,BGR,0.0015700152232358113
2018,CMR,BGR,0.0015507920052317066
2018,CIV,LVA,0.001546515738274756
2018,FRO,EST,0.0015460067456579604
2018,GUF,SVK,0.0015385184847397746
2018,SMR,BGR,0.0015374463080681175
2018,PLW,AUT,0.0015166122833030484
2018,MAC,LTU,0.0014937696666162629
2018,GRL,EST,0.0014603755302069973
2018,WLF,ROU,0.0014432425954977316
2018,REU,AUT,0.0014176073235442393
2018,PLW,ESP,0.00139698421061221
2018,XKV,LTU,0.0013774288242326064
2018,NRU,SWE,0.0013774002220634876
2018,ITA,EST,0.0013615290584665085
2018,OMN,LTU,0.0013554428337988816
2018,GUM,FIN,0.0013096324631051977
2018,REU,ESP,0.0013057886116591736
2018,GUF,PRT,0.00128254534489478
2018,SWZ,LTU,0.0012717333635010914
2018,FLK,POL,0.0012253277089841047
2018,IOT,BGR,0.0012162634186998716
2018,WLF,HUN,0.0011898777455145494
2018,DNK,LTU,0.0011632366213852213
2018,FRO,SVN,0.0011546587126398992
2018,CYP,LTU,0.0011376586854004514
2018,KEN,SWE,0.0011348167367121699
2018,BEL,LTU,0.001111719608960737
2018,TGO,LTU,0.0011017964006932192
2018,GRL,SVN,0.0010907037336127417
2018,GUF,AUT,0.0010865052286914245
2018,IRQ,LTU,0.0010674017108084667
2018,FJI,EST,0.001063001194477922
2018,WLF,SVK,0.0010535822403127501
2018,NAM,FIN,0.0010478334707333175
2018,CMR,FIN,0.0010350038300127708
2018,SMR,FIN,0.0010260968665825323
2018,BTN,EST,0.0010206841688119733
2018,ITA,SVN,0.0010168787389098273
2018,CAF,LTU,0.0010155711788848126
2018,PLW,BGR,0.0010092401793834918
2018,GUF,ESP,0.0010008033469990276
2018,URY,LTU,0.0009842116686692689
2018,ATG,CZE,0.0009773930992215513
2018,REU,BGR,0.0009433566411536556
2018,FRO,LVA,0.0009296796764443646
2018,BLR,EST,0.0009144826457235607
2018,ATG,ROU,0.0008918184226478815
2018,WLF,PRT,0.0008782910385412006
2018,GRL,LVA,0.0008781859808977076
2018,AZE,LTU,0.0008565265188898397
2018,NRU,CZE,0.0008540820483558837
2018,ITA,LVA,0.0008187453891128024
2018,IOT,FIN,0.0008117383197824188
2018,FJI,SVN,0.0007939186515180343
2018,FLK,SWE,0.0007838359340325744
2018,NRU,ROU,0.0007793037476766142
2018,MNE,LTU,0.000771586137187646
2018,JOR,LTU,0.0007674680408908109
2018,BTN,SVN,0.0007623135356183628
2018,SLB,LTU,0.0007581787438372506
2018,UGA,EST,0.0007441903634844685
2018,WLF,AUT,0.0007440421576409247
2018,ATG,HUN,0.0007352574663877919
2018,GUF,BGR,0.000723022452064978
2018,TJK,LTU,0.0007224509436060988
2018,BRN,EST,0.0007070284217473943
2018,KEN,CZE,0.0007036637481789192
2018,WLF,ESP,0.0006853532426827361
2018,BLR,SVN,0.0006829953086610316
2018,PLW,FIN,0.0006735703095842433
2018,PRK,LTU,0.0006676251851722078
2018,HTI,DEU,0.0006669102741985412
2018,ATG,SVK,0.0006510368074062397
2018,NRU,HUN,0.0006424950242247382
2018,KEN,ROU,0.000642055171532546
2018,FJI,LVA,0.0006392278748574419
2018,REU,FIN,0.0006295994133114803
2018,BTN,LVA,0.0006137808457033331
2018,HTI,FRA,0.0006008080264396806
2018,NRU,SVK,0.0005688999139317184
2018,UGA,SVN,0.0005558099209290927
2018,BLR,LVA,0.0005499173484061627
2018,ATG,PRT,0.0005427196585390793
2018,CUB,LTU,0.0005367283808641967
2018,KEN,HUN,0.0005293407791471354
2018,BRN,SVN,0.0005280549580702035
2018,WLF,BGR,0.0004951280224441908
2018,FLK,CZE,0.0004860317207663637
2018,CUW,LTU,0.000482999081861775
2018,GUF,FIN,0.0004825476302095508
2018,NRU,PRT,0.00047424840426767953
2018,KEN,SVK,0.00046870701303986705
2018,ATG,AUT,0.0004597636637671555
2018,GUM,EST,0.00045221113532404694
2018,UGA,LVA,0.0004475133490072895
2018,FLK,ROU,0.0004434776989073471
2018,DJI,LTU,0.0004405758354852612
2018,BRN,LVA,0.0004251662912941203
2018,ATG,ESP,0.0004234982044963411
2018,NRU,AUT,0.0004017584040879828
2018,KWT,LTU,0.0003958677696679658
2018,KEN,PRT,0.0003907252357747883
2018,NRU,ESP,0.00037006831157223544
2018,FLK,HUN,0.00036562407886795475
2018,GRD,DEU,0.0003631637694358152
2018,NAM,EST,0.0003618129336129538
2018,SLE,LTU,0.0003588708285861533
2018,CMR,EST,0.00035738290720517687
2018,SMR,EST,0.0003543073664267146
2018,GMB,LTU,0.00035334668740637335
2018,GUM,SVN,0.0003377407820639691
2018,KEN,AUT,0.0003310019511909149
2018,WLF,FIN,0.0003304501170031626
2018,GRD,FRA,0.00032716801049637294
2018,FLK,SVK,0.00032374337412235867
2018,ATG,BGR,0.0003059529238968038
2018,KEN,ESP,0.0003048930201781467
2018,ECU,LTU,0.0002940763096698296
2018,DOM,LTU,0.0002934809429754252
2018,IOT,EST,0.00028029017110990477
2018,MRT,LTU,0.0002768705881331892
2018,ABW,LTU,0.0002742809694183884
2018,GUM,LVA,0.0002719338082795215
2018,NAM,SVN,0.0002702255066579291
2018,FLK,PRT,0.0002698801226891921
2018,HTI,POL,0.0002676737655803846
2018,NRU,BGR,0.0002673529208978194
2018,CMR,SVN,0.00026691687388298764
2018,SMR,SVN,0.0002646198593544907
2018,KNA,LTU,0.0002585351451537883
2018,PAK,LTU,0.00025792570408162
2018,PLW,EST,0.00023258127986187027
2018,FLK,AUT,0.000228628301984712
2018,KEN,BGR,0.00022026754779319764
2018,LBN,LTU,0.00021880429222237422
2018,NAM,LVA,0.00021757352094315896
2018,REU,EST,0.0002173982957156344
2018,CMR,LVA,0.0002149095574585305
2018,SMR,LVA,0.00021306010384919625
2018,FLK,ESP,0.00021059444888321698
2018,IOT,SVN,0.00020933898836362637
2018,ATG,FIN,0.00020419401632747306
2018,LCA,LTU,0.00018519328454479409
2018,NRU,FIN,0.00017843224375727973
2018,PLW,SVN,0.00017370687543485133
2018,GRC,LTU,0.0001733027427077582
2018,HTI,SWE,0.0001712295531402521
2018,GEO,LTU,0.00017051952777153277
2018,IOT,LVA,0.0001685504130689238
2018,GUF,EST,0.00016662187129020572
2018,REU,SVN,0.00016236723220395218
2018,HRV,LTU,0.00015954326572550822
2018,FLK,BGR,0.00015214229176929817
2018,KEN,FIN,0.0001470073064759049
2018,PRY,LTU,0.00014636659340069773
2018,GRD,POL,0.00014576085786663365
2018,PLW,LVA,0.00013986102558496714
2018,REU,LVA,0.0001307308508116836
2018,GUF,SVN,0.0001244440853456436
2018,WLF,EST,0.00011410317534711335
2018,HTI,CZE,0.00010617399731938506
2018,FLK,FIN,0.00010154028016453214
2018,GUF,LVA,0.00010019682502983356
2018,HTI,ROU,9.687803903159227e-05
2018,CIV,LTU,9.436579241604552e-05
2018,GRD,SWE,9.324248307908315e-05
2018,WLF,SVN,8.521969643693334e-05
2018,HTI,HUN,7.987085680008446e-05
2018,HTI,SVK,7.072198514540826e-05
2018,ATG,EST,7.050742139583505e-05
2018,WLF,LVA,6.861509720828089e-05
2018,NRU,EST,6.161197878111481e-05
2018,HTI,PRT,5.895551709624267e-05
2018,GRD,CZE,5.781669674966954e-05
2018,FRO,LTU,5.67274921227986e-05
2018,GRL,LTU,5.358543332285926e-05
2018,GRD,ROU,5.275461361356852e-05
2018,ATG,SVN,5.2659542818376184e-05
2018,KEN,EST,5.076106681471222e-05
2018,ITA,LTU,4.9958468264153376e-05
2018,HTI,AUT,4.994402563640309e-05
2018,NRU,SVN,4.601584585733629e-05
2018,HTI,ESP,4.600451677505301e-05
2018,GRD,HUN,4.349340915229572e-05
2018,ATG,LVA,4.239911429513813e-05
2018,FJI,LTU,3.900461110899509e-05
2018,GRD,SVK,3.851142155255519e-05
2018,KEN,SVN,3.7911676792560915e-05
2018,BTN,LTU,3.7451876137516206e-05
2018,NRU,LVA,3.704990593294372e-05
2018,FLK,EST,3.5061474625829045e-05
2018,BLR,LTU,3.355503281432413e-05
2018,HTI,BGR,3.32355988062014e-05
2018,GRD,PRT,3.2104030551095036e-05
2018,KEN,LVA,3.0524790596685484e-05
2018,UGA,LTU,2.730651279562251e-05
2018,GRD,AUT,2.7196852879065764e-05
2018,FLK,SVN,2.618619696739213e-05
2018,BRN,LTU,2.594293287394462e-05
2018,GRD,ESP,2.5051606444628962e-05
2018,HTI,FIN,2.2181551066254504e-05
2018,FLK,LVA,2.1083957413090486e-05
2018,GRD,BGR,1.8098334676912342e-05
2018,GUM,LTU,1.659294416986466e-05
2018,NAM,LTU,1.3275970754396953e-05
2018,CMR,LTU,1.3113420177656743e-05
2018,SMR,LTU,1.3000569625242555e-05
2018,GRD,FIN,1.2078889782939306e-05
2018,IOT,LTU,1.0284663063981712e-05
2018,PLW,LTU,8.534084833931026e-06
2018,REU,LTU,7.97697690670163e-06
2018,HTI,EST,7.659205672968678e-06
2018,GUF,LTU,6.113841946451819e-06
2018,HTI,SVN,5.720394550044757e-06
2018,HTI,LVA,4.6058064570966185e-06
2018,WLF,LTU,4.18677796773451e-06
2018,GRD,EST,4.1707949490239974e-06
2018,GRD,SVN,3.115021807020306e-06
2018,ATG,LTU,2.5871227296158077e-06
2018,GRD,LVA,2.5080765718614024e-06
2018,NRU,LTU,2.2607230212881502e-06
2018,KEN,LTU,1.8625714447649082e-06
2018,FLK,LTU,1.2865076632016566e-06
2018,HTI,LTU,2.810385728914221e-07
2018,GRD,LTU,1.530386191917123e-07
2019,NLD,LUX,1856.1045423859714
2019,CYM,LUX,1394.23761756341
2019,SGP,LUX,1289.0497941903711
2019,CHE,LUX,1283.184359890965
2019,IRL,LUX,1112.2187041913824
2019,GBR,LUX,1044.9534552571654
2019,ASM,LUX,951.8047127789947
2019,NLD,DNK,731.0753742208425
2019,BMU,LUX,712.2562888623388
2019,CYM,DNK,549.156992365674
2019,SGP,DNK,507.7260138944576
2019,CHE,DNK,505.41575901522856
2019,NLD,DEU,485.11939837735616
2019,PRI,LUX,460.1347103117379
2019,IRL,DNK,438.07645895683083
2019,NLD,FRA,429.58973919196376
2019,TLS,LUX,423.305300790903
2019,GBR,DNK,411.58227939223235
2019,JPN,LUX,402.2997499582891
2019,BHS,LUX,387.0107016509023
2019,ASM,DNK,374.8932081624996
2019,CYM,DEU,364.40388931863856
2019,SGP,DEU,336.9115512385021
2019,CHE,DEU,335.3785363174286
2019,CYM,FRA,322.6920471466312
2019,SGP,FRA,298.3466460245012
2019,CHE,FRA,296.989109132915
2019,IRL,DEU,290.6942234771852
2019,BMU,DNK,280.54078907205326
2019,NLD,POL,273.83855892485104
2019,GBR,DEU,273.1134911695516
2019,IRL,FRA,257.4196292003057
2019,HKG,LUX,254.8924865626924
2019,ASM,DEU,248.7677386116008
2019,NPL,LUX,247.79643855973396
2019,LBR,LUX,242.14590512977918
2019,GBR,FRA,241.8512923494152
2019,ASM,FRA,220.2922998069921
2019,COD,LUX,206.40808955496138
2019,CYM,POL,205.69747623245047
2019,BRB,LUX,204.4434437836491
2019,SGP,POL,190.17869412124068
2019,CHE,POL,189.3133430381852
2019,BMU,DEU,186.1583410055221
2019,GIB,LUX,181.50632824103792
2019,PRI,DNK,181.2361038138124
2019,TLS,DNK,166.7298765335507
2019,BMU,FRA,164.84954720108698
2019,IRL,POL,164.09009310085466
2019,NLD,ITA,162.68298696365562
2019,MHL,LUX,158.56264077117493
2019,JPN,DNK,158.45629032922645
2019,GBR,POL,154.16618072779988
2019,BHS,DNK,152.43429832524427
2019,IMN,LUX,140.90084488046452
2019,ASM,POL,140.42357258079602
2019,IRN,LUX,135.82682865731383
2019,CYM,ITA,122.20148972359996
2019,PRI,DEU,120.26277008730649
2019,NLD,ESP,116.96049776639487
2019,SGP,ITA,112.98203634273919
2019,CHE,ITA,112.46794548746877
2019,TLS,DEU,110.63687855946532
2019,PRI,FRA,106.49677627634647
2019,JPN,DEU,105.14677821770147
2019,BMU,POL,105.08203135826741
2019,BHS,DEU,101.1507673534064
2019,HKG,DNK,100.39607993219994
2019,NLD,ROU,98.68295579412695
2019,TLS,FRA,97.97272169356349
2019,NLD,CZE,97.88993587429509
2019,NPL,DNK,97.60111562346377
2019,IRL,ITA,97.48322727668581
2019,LBR,DNK,95.37550507862811
2019,JPN,FRA,93.1110509752933
2019,GBR,ITA,91.58759404828724
2019,BHS,FRA,89.5724473433984
2019,CYM,ESP,87.8564337465744
2019,NLD,SVK,85.26069010452198
2019,ASM,ITA,83.42333642582733
2019,COD,DNK,81.29923065627808
2019,SGP,ESP,81.22813243071246
2019,CHE,ESP,80.85852818719675
2019,BRB,DNK,80.52540347700335
2019,VGB,LUX,74.5312685040774
2019,CYM,ROU,74.1270149598653
2019,CYM,CZE,73.53132749805596
2019,GIB,DNK,71.49101993559712
2019,IRL,ESP,70.08530516287472
2019,SGP,ROU,68.53452537376769
2019,CHE,ROU,68.22267958035262
2019,SGP,CZE,67.98377936722322
2019,HUN,LUX,67.9197321738275
2019,PRI,POL,67.88552212748596
2019,CHE,CZE,67.67443957825547
2019,HKG,DEU,66.6197872525266
2019,SWE,LUX,65.88268270496138
2019,GBR,ESP,65.84665544349352
2019,NPL,DEU,64.76513388605896
2019,CYM,SVK,64.04470153945752
2019,GIN,LUX,63.751316258337354
2019,LBR,DEU,63.288286372649466
2019,CPV,LUX,62.837609691901875
2019,MHL,DNK,62.45404786856356
2019,TLS,POL,62.451931400815894
2019,BMU,ITA,62.42750766981225
2019,BLZ,LUX,61.08788063472045
2019,ASM,ESP,59.97698429202072
2019,JPN,POL,59.35289810927969
2019,SGP,SVK,59.21286895321254
2019,IRL,ROU,59.13299963052172
2019,BEL,LUX,59.07824034696986
2019,HKG,FRA,58.99408913880461
2019,CHE,SVK,58.943438560306305
2019,IRL,CZE,58.65780463611717
2019,NPL,FRA,57.3517304562673
2019,BHS,POL,57.097243397910205
2019,NLD,FIN,56.43113144313425
2019,LBR,FRA,56.04393171592836
2019,GBR,ROU,55.55672823229357
2019,IMN,DNK,55.49748710091677
2019,GBR,CZE,55.110272288464664
2019,VCT,LUX,54.28629566813571
2019,COD,DEU,53.94769849353672
2019,GUY,LUX,53.675217118794315
2019,IRN,DNK,53.49895295349527
2019,BRB,DEU,53.43421029670354
2019,LIE,LUX,52.35843088570874
2019,LAO,LUX,51.562321901003024
2019,IRL,SVK,51.09008253630745
2019,ASM,ROU,50.604316864108725
2019,ASM,CZE,50.197658683070436
2019,THA,LUX,49.85681203866587
2019,GBR,SVK,48.0002341935996
2019,COD,FRA,47.77252322492756
2019,GIB,DEU,47.43926796536282
2019,BRB,FRA,47.31781194911886
2019,WSM,LUX,45.951289295991245
2019,JEY,LUX,45.43054321565798
2019,BMU,ESP,44.88208944066097
2019,BFA,LUX,44.78111813187205
2019,ASM,SVK,43.72142021265427
2019,CYM,FIN,42.388995050108655
2019,GIB,FRA,42.00908646585496
2019,MHL,DEU,41.44260796709023
2019,NGA,LUX,40.52976272536863
2019,PRI,ITA,40.32967290891086
2019,UZB,LUX,39.27042092290671
2019,SGP,FIN,39.19097050384536
2019,LBY,LUX,39.165491423618555
2019,CHE,FIN,39.01264375211219
2019,NER,LUX,38.775846311602166
2019,MLT,LUX,38.3634735901861
2019,CUW,LUX,38.091040882850734
2019,BMU,ROU,37.86831736187573
2019,MLI,LUX,37.86637598637287
2019,HKG,POL,37.60531242026617
2019,BMU,CZE,37.56400614868982
2019,TLS,ITA,37.10166596634114
2019,TWN,LUX,36.85050461375321
2019,IMN,DEU,36.82644567606375
2019,MHL,FRA,36.698839930058945
2019,NPL,POL,36.5584039542733
2019,NLD,PRT,36.42132437338717
2019,GNQ,LUX,36.131822126443545
2019,LBR,POL,35.724758059723385
2019,IRN,DEU,35.500279158326755
2019,JPN,ITA,35.260581224490466
2019,NLD,BGR,35.042462071976594
2019,BHS,ITA,33.92053383509074
2019,IRL,FIN,33.81477629975263
2019,PYF,LUX,32.85831409875039
2019,BMU,SVK,32.71769522293463
2019,IMN,FRA,32.61107110180174
2019,GBR,FIN,31.769711478520914
2019,TCD,LUX,31.734117556262618
2019,IRN,FRA,31.436705511834965
2019,COD,POL,30.45221457273312
2019,BRB,POL,30.162362490305487
2019,VGB,DNK,29.35609162549092
2019,PRI,ESP,28.99491032357247
2019,ASM,FIN,28.937711011676928
2019,COG,LUX,28.43781750242686
2019,CYM,PRT,27.358362292233394
2019,MAC,LUX,26.919895738467012
2019,GIB,POL,26.778357698200775
2019,HUN,DNK,26.7519649254944
2019,TLS,ESP,26.67414337772902
2019,CYM,BGR,26.32261153242144
2019,SWE,DNK,25.949619654121218
2019,JPN,ESP,25.350500433521972
2019,SGP,PRT,25.294319159040448
2019,CHE,PRT,25.17922494945737
2019,GIN,DNK,25.110125171464325
2019,CPV,DNK,24.750237915800277
2019,PRI,ROU,24.463844702770135
2019,BHS,ESP,24.38707695193957
2019,SGP,BGR,24.33671029312746
2019,PRI,CZE,24.267252332701254
2019,CHE,BGR,24.225973395351
2019,BLZ,DNK,24.061061311760707
2019,QAT,LUX,24.049613282062598
2019,MHL,POL,23.393383323269834
2019,ISR,LUX,23.3435777703185
2019,BEL,DNK,23.269511864051292
2019,EGY,LUX,23.166850252362963
2019,MYS,LUX,23.136284063200115
2019,TLS,ROU,22.50574648757134
2019,HKG,ITA,22.34069801656106
2019,TLS,CZE,22.324889467919807
2019,IDN,LUX,22.106039929280957
2019,IRL,PRT,21.824459384938603
2019,NPL,ITA,21.718746904219728
2019,BMU,FIN,21.65472220994734
2019,JPN,ROU,21.388950640726698
2019,VCT,DNK,21.382078980114226
2019,LBR,ITA,21.223491580324353
2019,JPN,CZE,21.217068234227014
2019,GUY,DNK,21.14138969298829
2019,PRI,SVK,21.136418798799006
2019,IRL,BGR,20.998214738092457
2019,IMN,POL,20.787667629842442
2019,LIE,DNK,20.622738956384627
2019,BHS,ROU,20.57608237614466
2019,GBR,PRT,20.504550190955122
2019,BHS,CZE,20.410732209390183
2019,LAO,DNK,20.30917058745744
2019,IRN,POL,20.039077634624395
2019,GBR,BGR,19.728275529006034
2019,SSD,LUX,19.69074698660759
2019,THA,DNK,19.63741087114175
2019,VGB,DEU,19.479810167654108
2019,TLS,SVK,19.44464939670923
2019,ASM,PRT,18.676743358259444
2019,JPN,SVK,18.479753444398234
2019,WSM,DNK,18.099118476814358
2019,COD,ITA,18.091160155827136
2019,ASM,BGR,17.969667001952043
2019,BRB,ITA,17.918963797753605
2019,JEY,DNK,17.89400899787073
2019,CYP,LUX,17.879112067219538
2019,BHS,SVK,17.777446661584435
2019,HUN,DEU,17.75179083811901
2019,BFA,DNK,17.638215924088968
2019,VGB,FRA,17.250034934538085
2019,SWE,DEU,17.21937890213456
2019,GIN,DEU,16.662315878637617
2019,CPV,DEU,16.42350563402024
2019,ARE,LUX,16.410690808533566
2019,HKG,ESP,16.061785004288417
2019,VUT,LUX,15.97936200501649
2019,BLZ,DEU,15.966188986083976
2019,NGA,DNK,15.963708279837444
2019,GIB,ITA,15.908582171293189
2019,MNG,LUX,15.905074424075263
2019,HUN,FRA,15.719815001926323
2019,NPL,ESP,15.614634917831888
2019,UZB,DNK,15.467683536358663
2019,BEL,DEU,15.440940830559697
2019,LBY,DNK,15.426354305592234
2019,NER,DNK,15.272882375765196
2019,LBR,ESP,15.258572429151368
2019,SWE,FRA,15.248346110994992
2019,MLT,DNK,15.110458581876852
2019,CUW,DNK,15.003153826720565
2019,MLI,DNK,14.914663674621853
2019,GIN,FRA,14.755047843026352
2019,CPV,FRA,14.54357324307282
2019,TWN,DNK,14.51453613496104
2019,GNQ,DNK,14.231464219367064
2019,VCT,DEU,14.188497734512259
2019,BLZ,FRA,14.138603785714068
2019,GUY,DEU,14.028783638970674
2019,SDN,LUX,14.002586146594924
2019,PRI,FIN,13.98947188921358
2019,BMU,PRT,13.976215639391377
2019,MHL,ITA,13.897624531612063
2019,LIE,DEU,13.684622773783149
2019,BEL,FRA,13.673478666212626
2019,HKG,ROU,13.55179269772546
2019,SYC,LUX,13.482894507310823
2019,LAO,DEU,13.47654833461024
2019,BMU,BGR,13.447094933511085
2019,HKG,CZE,13.442889985273796
2019,CUB,LUX,13.189389320062926
2019,NPL,ROU,13.174519233112965
2019,MUS,LUX,13.08498947060556
2019,NPL,CZE,13.068648304318915
2019,THA,DEU,13.030789004006978
2019,COD,ESP,13.00659114078
2019,PYF,DNK,12.942107369195071
2019,BRB,ESP,12.882791030333664
2019,LBR,ROU,12.874099010034003
2019,TLS,FIN,12.86974764837334
2019,LBR,CZE,12.770642269377154
2019,AZE,LUX,12.66832483236958
2019,FSM,LUX,12.616209877983605
2019,VCT,FRA,12.56439767546388
2019,TCD,DNK,12.49931312499774
2019,NCL,LUX,12.489565645821354
2019,GUY,FRA,12.422965407699524
2019,IMN,ITA,12.349611666480193
2019,JPN,FIN,12.231116055700806
2019,LIE,FRA,12.118199247429459
2019,WSM,DEU,12.010024925255312
2019,LAO,FRA,11.93394224934654
2019,IRN,ITA,11.90488665437333
2019,JEY,DEU,11.873920509027817
2019,BHS,FIN,11.766283243231369
2019,HKG,SVK,11.708558871827586
2019,BFA,DEU,11.704183999718698
2019,IRQ,LUX,11.644723738167789
2019,THA,FRA,11.539207189860662
2019,GIB,ESP,11.43743254436146
2019,GHA,LUX,11.42325314201638
2019,NPL,SVK,11.382599888413148
2019,YEM,LUX,11.369191516664984
2019,OMN,LUX,11.27918569466271
2019,COG,DNK,11.200979038543553
2019,NLD,AUT,11.166049980050605
2019,LBR,SVK,11.123041028071524
2019,VGB,POL,10.995897427071535
2019,COD,ROU,10.974037244108413
2019,MDG,LUX,10.95294062583737
2019,COD,CZE,10.88584947079414
2019,BRB,ROU,10.869583509216783
2019,BGD,LUX,10.78326824618992
2019,BRB,CZE,10.782235130018785
2019,WSM,FRA,10.635285854547755
2019,MAC,DNK,10.603105806576565
2019,NGA,DEU,10.593031621178598
2019,JEY,FRA,10.514760761414779
2019,PAN,LUX,10.368416707168981
2019,BFA,FRA,10.36445330512803
2019,UZB,DEU,10.263884677345118
2019,LBY,DEU,10.236459855949404
2019,NER,DEU,10.134620547868685
2019,MLT,DEU,10.026841054875561
2019,HUN,POL,10.02047091438837
2019,MHL,ESP,9.991659935226956
2019,CUW,DEU,9.955636880723302
2019,MLI,DEU,9.896917505318
2019,SWE,POL,9.719936823622199
2019,GIB,ROU,9.650092738386272
2019,TWN,DEU,9.631405031284329
2019,KAZ,LUX,9.615267721003969
2019,GIB,CZE,9.57254423258624
2019,COD,SVK,9.481414304384817
2019,QAT,DNK,9.472569905706484
2019,GNQ,DEU,9.44356711164871
2019,GIN,POL,9.405487770265516
2019,BRB,SVK,9.391167742056117
2019,NGA,FRA,9.38049005382084
2019,DZA,LUX,9.313692510460449
2019,CPV,POL,9.270684970251228
2019,ISR,DNK,9.194479332587145
2019,EGY,DNK,9.12487057221076
2019,MYS,DNK,9.112831278264522
2019,UZB,FRA,9.089019231936144
2019,LBY,FRA,9.064733619136124
2019,PRI,PRT,9.028971783117061
2019,BLZ,POL,9.012540413958309
2019,NER,FRA,8.974551445542945
2019,MLT,FRA,8.879109036024737
2019,IMN,ESP,8.878720231857386
2019,XKV,LUX,8.878046266375975
2019,CUW,FRA,8.8160553162482
2019,MLI,FRA,8.764057310705123
2019,BEL,POL,8.716050109782053
2019,IDN,DNK,8.707042650229823
2019,PRI,BGR,8.687147068435985
2019,AGO,LUX,8.592394879338844
2019,PYF,DEU,8.587989093970586
2019,IRN,ESP,8.558986375502723
2019,TWN,FRA,8.528936977744097
2019,MHL,ROU,8.430252559862573
2019,SWZ,LUX,8.392612373349905
2019,CYM,AUT,8.387526977207498
2019,GNQ,FRA,8.362600106498517
2019,MHL,CZE,8.362506735313787
2019,GIB,SVK,8.337544815377498
2019,TLS,PRT,8.306288421265936
2019,TCD,DEU,8.294164291597918
2019,VCT,POL,8.009075262550265
2019,TLS,BGR,7.9918235256100365
2019,GUY,POL,7.918920389524402
2019,JPN,PRT,7.894107984741141
2019,SSD,DNK,7.755716282778529
2019,SGP,AUT,7.754732613390977
2019,HKG,FIN,7.749494214693615
2019,LIE,POL,7.724649627158446
2019,CHE,AUT,7.719447029499412
2019,LAO,POL,7.607196470754498
2019,PYF,FRA,7.604956650676904
2019,JPN,BGR,7.595247685433152
2019,BHS,PRT,7.594099351042142
2019,NPL,FIN,7.53375312444932
2019,IMN,ROU,7.491233133248061
2019,COG,DEU,7.4326292527727595
2019,IMN,CZE,7.431033303895932
2019,DOM,LUX,7.418161814428079
2019,LBR,FIN,7.361960002118124
2019,THA,POL,7.355575749901045
2019,TCD,FRA,7.344764787309651
2019,BHS,BGR,7.3065969746604145
2019,MHL,SVK,7.28362000535125
2019,IRN,ROU,7.221464428299898
2019,IRN,CZE,7.163432470340043
2019,URY,LUX,7.095186050640811
2019,CYP,DNK,7.042156433967086
2019,MAC,DEU,7.035898747512798
2019,WSM,POL,6.7793782915792935
2019,JEY,POL,6.702550530562709
2019,IRL,AUT,6.690942970153876
2019,JOR,LUX,6.683897814675718
2019,TGO,LUX,6.671063607692252
2019,NLD,EST,6.649138928917886
2019,BFA,POL,6.6067382392760425
2019,COG,FRA,6.581846186504193
2019,VGB,ITA,6.532481929518487
2019,IMN,SVK,6.4723203873936095
2019,ARE,DNK,6.4637802721224
2019,VUT,DNK,6.29389012895292
2019,GBR,AUT,6.286285196645865
2019,QAT,DEU,6.285709484663379
2019,COD,FIN,6.275423483221086
2019,MNG,DNK,6.264630020054768
2019,IRN,SVK,6.239244008930973
2019,MAC,FRA,6.230527820645833
2019,BRB,FIN,6.215692373669678
2019,ISR,DEU,6.101177032493387
2019,EGY,DEU,6.054986774763019
2019,MYS,DEU,6.046997865216843
2019,CAF,LUX,6.034421664348535
2019,NGA,POL,5.979518698884346
2019,HUN,ITA,5.9529970707393876
2019,UZB,POL,5.7937229441168405
2019,LBY,POL,5.778242273595535
2019,IDN,DEU,5.7777288649986795
2019,SWE,ITA,5.774454707084661
2019,ASM,AUT,5.725916160129694
2019,NER,POL,5.720756365054242
2019,MLT,POL,5.659917361003676
2019,CUW,POL,5.619724269355501
2019,GIN,ITA,5.587645692865456
2019,MLI,POL,5.586578554721662
2019,QAT,FRA,5.566209694324676
2019,MNE,LUX,5.530630872922541
2019,GIB,FIN,5.5183354346862865
2019,SDN,DNK,5.515285197256269
2019,CPV,ITA,5.507561565036669
2019,KNA,LUX,5.4936495565554795
2019,TWN,POL,5.436702970465195
2019,ISR,FRA,5.402799927027559
2019,EGY,FRA,5.361896881637147
2019,MYS,FRA,5.354822430316814
2019,BLZ,ITA,5.354202127085258
2019,GNQ,POL,5.330672856236596
2019,NLD,SVN,5.325428986740678
2019,SYC,DNK,5.31059103752932
2019,CUB,DNK,5.194986334398114
2019,BEL,ITA,5.178062110578697
2019,MUS,DNK,5.153865720085877
2019,SSD,DEU,5.146457601717041
2019,IDN,FRA,5.1163755655591565
2019,HKG,PRT,5.001615868848281
2019,CYM,EST,4.994589155622479
2019,AZE,DNK,4.989751442378551
2019,FSM,DNK,4.969224603016771
2019,NCL,DNK,4.919342456129768
2019,NPL,PRT,4.862373999555375
2019,PYF,POL,4.847719067556077
2019,MHL,FIN,4.8207786894516245
2019,HKG,BGR,4.81226142646202
2019,VCT,ITA,4.758059973891276
2019,LBR,PRT,4.751496672209092
2019,GUY,ITA,4.704500445639445
2019,VGB,ESP,4.696510387390131
2019,TCD,POL,4.681861835857576
2019,NPL,BGR,4.6782910668588125
2019,CYP,DEU,4.672960973642852
2019,SGP,EST,4.617773930366503
2019,CHE,EST,4.596762135694065
2019,LIE,ITA,4.589087378810995
2019,IRQ,DNK,4.5865793494777485
2019,LBR,BGR,4.571611405835467
2019,SLB,LUX,4.568153152541568
2019,SSD,FRA,4.557363375447571
2019,TJK,LUX,4.553940086664162
2019,LAO,ITA,4.519310389087106
2019,GHA,DNK,4.499347356202105
2019,YEM,DNK,4.4780537695090015
2019,OMN,DNK,4.442602619802864
2019,THA,ITA,4.369826654542544
2019,MDG,DNK,4.314102457052014
2019,ARE,DEU,4.289168131531417
2019,BMU,AUT,4.284828326436159
2019,IMN,FIN,4.28380725132924
2019,HUN,ESP,4.27989130019551
2019,BGD,DNK,4.247272547629862
2019,COG,POL,4.195545448006945
2019,VUT,DEU,4.176434196083983
2019,MNG,DEU,4.157018077136938
2019,SWE,ESP,4.151528746032973
2019,CYP,FRA,4.138065994961375
2019,IRN,FIN,4.129541976990144
2019,PAN,DNK,4.083872406522531
2019,COD,PRT,4.050233061392467
2019,WSM,ITA,4.027517215109754
2019,GIN,ESP,4.017222905587538
2019,BRB,PRT,4.011681891842617
2019,CYM,SVN,4.000266824104597
2019,IRL,EST,3.9843104279046027
2019,JEY,ITA,3.9818751050541787
2019,MAC,POL,3.97160035282976
2019,VGB,ROU,3.9625816903682964
2019,CPV,ESP,3.959646636373012
2019,VGB,CZE,3.930738235851401
2019,BFA,ITA,3.9249545976006464
2019,PRK,LUX,3.920633256254828
2019,COD,BGR,3.8968966911104035
2019,BRB,BGR,3.859805016932622
2019,BLZ,ESP,3.8493892791978648
2019,ARE,FRA,3.798204370178139
2019,KAZ,DNK,3.787224957884297
2019,GAB,LUX,3.7504318228733755
2019,GBR,EST,3.743345560334741
2019,BEL,ESP,3.7227538860833356
2019,SGP,SVN,3.6984679378614467
2019,VUT,FRA,3.698374633233101
2019,CHE,SVN,3.681639169263247
2019,MNG,FRA,3.681180999042259
2019,DZA,DNK,3.6684416647727898
2019,SDN,DEU,3.659775627956339
2019,HUN,ROU,3.6110681131370193
2019,HUN,CZE,3.582049434860282
2019,GIB,PRT,3.5615994173428676
2019,NGA,ITA,3.5523337778245145
2019,QAT,POL,3.548136052398335
2019,SYC,DEU,3.5239468049380185
2019,SWE,ROU,3.5027649124842393
2019,XKV,DNK,3.4968509845880678
2019,SWE,CZE,3.4746165627744574
2019,CUB,DEU,3.4472350375742575
2019,ISR,POL,3.443971797276562
2019,UZB,ITA,3.4419555737125096
2019,LBY,ITA,3.432758761800797
2019,GIB,BGR,3.4267620589054473
2019,VGB,SVK,3.4236150183946075
2019,VCT,ESP,3.4207944747966184
2019,MUS,DEU,3.41994864771696
2019,EGY,POL,3.4178984766557847
2019,MYS,POL,3.41338892398726
2019,ASM,EST,3.409658035926669
2019,NER,ITA,3.3986073283922407
2019,GIN,ROU,3.389447189247103
2019,AGO,DNK,3.3843397063136096
2019,GUY,ESP,3.3822879954075535
2019,MLT,ITA,3.36246387605412
2019,GIN,CZE,3.3622094649951197
2019,CPV,ROU,3.3408684251498775
2019,CUW,ITA,3.3385858209317822
2019,MLI,ITA,3.318894496660836
2019,CPV,CZE,3.3140210816612177
2019,AZE,DEU,3.311047401041316
2019,SWZ,DNK,3.30565013522895
2019,LIE,ESP,3.299312080120128
2019,FSM,DEU,3.2974264143237857
2019,NCL,DEU,3.264326137743708
2019,IDN,POL,3.2613928685223317
2019,LAO,ESP,3.2491461002406834
2019,BLZ,ROU,3.2478411030036947
2019,SDN,FRA,3.240855885733747
2019,TWN,ITA,3.229855875454623
2019,BLZ,CZE,3.221741330551562
2019,IRL,SVN,3.1911142888977775
2019,GNQ,ITA,3.166865127334524
2019,THA,ESP,3.1416751696496585
2019,BEL,ROU,3.1409951580962723
2019,SYC,FRA,3.120574839767815
2019,HUN,SVK,3.119912216480445
2019,BEL,CZE,3.115754003649477
2019,MHL,PRT,3.111387985508696
2019,CUB,FRA,3.0526439587414527
2019,IRQ,DEU,3.0435146540122884
2019,MUS,FRA,3.0284809317804724
2019,SWE,SVK,3.0263397697101175
2019,GBR,SVN,2.9981206841226227
2019,MHL,BGR,2.9935950256948964
2019,GHA,DEU,2.9856301545620925
2019,YEM,DEU,2.971500377619648
2019,OMN,DEU,2.94797607215996
2019,AZE,FRA,2.9320451711954485
2019,GIN,SVK,2.9284348457389755
2019,DOM,DNK,2.9218372676047393
2019,FSM,FRA,2.919983323841801
2019,SSD,POL,2.9050549986991014
2019,WSM,ESP,2.895572714971105
2019,NCL,FRA,2.8906719023014973
2019,CPV,SVK,2.8864634747152405
2019,VCT,ROU,2.886223266691161
2019,PYF,ITA,2.879950219454359
2019,VCT,CZE,2.8630294686826856
2019,JEY,ESP,2.8627584421891505
2019,MDG,DEU,2.862707269731041
2019,GUY,ROU,2.8537342359850144
2019,GUY,CZE,2.8308015210411743
2019,BFA,ESP,2.821835595804677
2019,BGD,DEU,2.8183609730348347
2019,BLZ,SVK,2.806089172781012
2019,URY,DNK,2.794624806246547
2019,LIE,ROU,2.7837250556492674
2019,TCD,ITA,2.7814171641820367
2019,PRI,AUT,2.7681022569409572
2019,IMN,PRT,2.7648202235844566
2019,LIE,CZE,2.7613549370943438
2019,LAO,ROU,2.741398567053947
2019,ASM,SVN,2.730863640166454
2019,LAO,CZE,2.7193685857428114
2019,BEL,SVK,2.713775774541488
2019,PAN,DEU,2.709933605701821
2019,IRQ,FRA,2.6951358177333335
2019,IRN,PRT,2.665255578102989
2019,IMN,BGR,2.6601478526021483
2019,THA,ROU,2.6507222336319556
2019,GHA,FRA,2.643877123265041
2019,BHR,LUX,2.641456884300774
2019,DJI,LUX,2.640024804949428
2019,CYP,POL,2.6377772218851696
2019,JOR,DNK,2.6326281653492134
2019,YEM,FRA,2.6313647248496226
2019,THA,CZE,2.6294209307241188
2019,TGO,DNK,2.627573076878171
2019,OMN,FRA,2.610533151672171
2019,IRN,BGR,2.564352590540137
2019,NGA,ESP,2.5539408554107417
2019,BMU,EST,2.5515217001480432
2019,TLS,AUT,2.5465419848472544
2019,MDG,FRA,2.535024724841222
2019,KAZ,DEU,2.5130873749462963
2019,BGD,FRA,2.495754569709157
2019,VCT,SVK,2.49365643269941
2019,COG,ITA,2.4925045914036077
2019,UZB,ESP,2.474584741188515
2019,LBY,ESP,2.4679727178962576
2019,GUY,SVK,2.465586365720347
2019,NER,ESP,2.443419636314389
2019,WSM,ROU,2.443078472535996
2019,DZA,DEU,2.4342663918801533
2019,WSM,CZE,2.423445802650476
2019,ARE,POL,2.421135135089627
2019,JPN,AUT,2.4201757026151376
2019,MLT,ESP,2.4174343980583015
2019,JEY,ROU,2.4153921212276614
2019,LIE,SVK,2.405099415557136
2019,CUW,ESP,2.4002673342802927
2019,PAN,FRA,2.3997384454113853
2019,JEY,CZE,2.3959819398956945
2019,MLI,ESP,2.3861103094346405
2019,BFA,ROU,2.380864331778657
2019,CAF,DNK,2.376814977673053
2019,LAO,SVK,2.368529922899591
2019,BFA,CZE,2.361731617052757
2019,MAC,ITA,2.3594624911883395
2019,VUT,POL,2.35749946410201
2019,MNG,POL,2.346539518879954
2019,BHS,AUT,2.328199052782561
2019,TWN,ESP,2.322096231189085
2019,XKV,DEU,2.320404031754714
2019,THA,SVK,2.2901868422582337
2019,GNQ,ESP,2.2768092015352077
2019,VGB,FIN,2.26597355565467
2019,LTU,LUX,2.264204155338194
2019,AGO,DEU,2.2457449671058143
2019,KAZ,FRA,2.225424408054734
2019,SWZ,DEU,2.1935289593872573
2019,MNE,DNK,2.178383783222485
2019,KNA,DNK,2.163817723453311
2019,SLE,LUX,2.1587188264866928
2019,DZA,FRA,2.1556257447328853
2019,NGA,ROU,2.154833788743728
2019,NGA,CZE,2.1375174639067875
2019,WSM,SVK,2.1107855441873298
2019,GMB,LUX,2.1085275144772506
2019,QAT,ITA,2.1078893104896905
2019,UZB,ROU,2.08787873929253
2019,JEY,SVK,2.086864924866305
2019,LBY,ROU,2.082299983945893
2019,UZB,CZE,2.0711004677346065
2019,PYF,ESP,2.0705324969541663
2019,SDN,POL,2.065857781197798
2019,LBY,CZE,2.065566543474373
2019,HUN,FIN,2.0649630698908754
2019,NER,ROU,2.061583838660735
2019,BFA,SVK,2.0570333989202516
2019,XKV,FRA,2.0547967493274686
2019,ISR,ITA,2.0460070385971316
2019,NER,CZE,2.045016873906739
2019,BMU,SVN,2.043565004059498
2019,MLT,ROU,2.039659341355268
2019,GRC,LUX,2.033219724186973
2019,EGY,ITA,2.0305173073653324
2019,MYS,ITA,2.027838256245337
2019,CUW,ROU,2.0251749929789145
2019,MLT,CZE,2.0232685626807796
2019,MLI,ROU,2.0132303015343704
2019,CUW,CZE,2.008900611069154
2019,SWE,FIN,2.003030671306267
2019,TCD,ESP,1.9996924207655655
2019,MLI,CZE,1.9970519076113455
2019,SYC,POL,1.9891855861047807
2019,AGO,FRA,1.9886836064226192
2019,TUR,LUX,1.986759278050444
2019,TWN,ROU,1.9592197717029647
2019,CUB,POL,1.9458835868490627
2019,TWN,CZE,1.943475408415649
2019,SWZ,FRA,1.9424445543202091
2019,DOM,DEU,1.9388424058567326
2019,GIN,FIN,1.9382307544070194
2019,IDN,ITA,1.937539897946885
2019,MUS,POL,1.9304810576948443
2019,GNQ,ROU,1.9210097945677194
2019,CPV,FIN,1.9104513410315773
2019,GNQ,CZE,1.9055724880842932
2019,AZE,POL,1.869008849915635
2019,NGA,SVK,1.8617461790677952
2019,FSM,POL,1.8613201213545032
2019,BLZ,FIN,1.857254342607798
2019,URY,DEU,1.854428082934201
2019,NCL,POL,1.8426357890663687
2019,UZB,SVK,1.8038979551647645
2019,SLB,DNK,1.7992867315541405
2019,LBY,SVK,1.7990779887688364
2019,BEL,FIN,1.796155265135744
2019,TJK,DNK,1.7936885434037073
2019,COG,ESP,1.7919795003562295
2019,NER,SVK,1.7811795297177824
2019,MLT,SVK,1.7622370714643172
2019,CUW,SVK,1.7497227975621594
2019,PYF,ROU,1.746968171042945
2019,JOR,DEU,1.7469320356832274
2019,TGO,DEU,1.743577632615787
2019,MLI,SVK,1.7394027516388084
2019,PYF,CZE,1.7329294695488442
2019,SSD,ITA,1.7258454263621947
2019,IRQ,POL,1.7179928687846373
2019,DOM,FRA,1.7169109424447844
2019,NLD,LVA,1.711627066388408
2019,MRT,LUX,1.703690580226472
2019,MAC,ESP,1.6963292387308961
2019,TWN,SVK,1.6927384111832644
2019,TCD,ROU,1.6871983492614506
2019,GHA,POL,1.6853184221091448
2019,YEM,POL,1.6773424933609014
2019,TCD,CZE,1.6736399602883532
2019,OMN,POL,1.6640635728965045
2019,GNQ,SVK,1.6597255267067854
2019,VCT,FIN,1.650465809685187
2019,PRI,EST,1.6483444466695973
2019,URY,FRA,1.6421591863005196
2019,GUY,FIN,1.6318871934744665
2019,MDG,POL,1.61593132739883
2019,LIE,FIN,1.5918529522424283
2019,BGD,POL,1.5908988796724317
2019,CAF,DEU,1.5771821794051184
2019,NLD,HRV,1.5694079619203625
2019,LAO,FIN,1.5676488571965543
2019,CYP,ITA,1.5670600922156317
2019,JOR,FRA,1.5469677776345818
2019,PRK,DNK,1.5442440657543224
2019,TGO,FRA,1.5439973395451
2019,HKG,AUT,1.533395441638089
2019,PAN,POL,1.5296941657034555
2019,TLS,EST,1.5164101428726513
2019,THA,FIN,1.515796254597247
2019,QAT,ESP,1.5154613742518483
2019,COG,ROU,1.5119449488906382
2019,PYF,SVK,1.5093560043387007
2019,COG,CZE,1.4997949027908761
2019,NPL,AUT,1.4907066679982068
2019,GAB,DNK,1.477205774666301
2019,ISR,ESP,1.4709712806129476
2019,VGB,PRT,1.4624863223800784
2019,EGY,ESP,1.459834979829734
2019,MYS,ESP,1.457908883202271
2019,TCD,SVK,1.4577157163932744
2019,LBR,AUT,1.456713895903745
2019,MNE,DEU,1.4455092697906293
2019,JPN,EST,1.4411617812771582
2019,ARE,ITA,1.438356589245437
2019,KNA,DEU,1.435843675241666
2019,MAC,ROU,1.431242055863267
2019,MAC,CZE,1.4197405412271578
2019,KAZ,POL,1.4185790704502421
2019,VGB,BGR,1.407118559374404
2019,VUT,ITA,1.40055168304688
2019,WSM,FIN,1.3970566781277485
2019,CAF,FRA,1.3966485021525028
2019,MNG,ITA,1.39404055973144
2019,IDN,ESP,1.392989120348183
2019,BHS,EST,1.3863916948055894
2019,JEY,FIN,1.3812244392442594
2019,DZA,POL,1.3740864682412428
2019,BFA,FIN,1.3614799736558705
2019,HUN,PRT,1.3327517606721897
2019,PRI,SVN,1.3201921918415827
2019,XKV,POL,1.3098138279039893
2019,COG,SVK,1.3062992358213699
2019,SWE,PRT,1.2927798529611958
2019,CYM,LVA,1.2857114395780487
2019,HUN,BGR,1.2822955734921253
2019,MNE,FRA,1.280047658959802
2019,QAT,ROU,1.2786386058453563
2019,KNA,FRA,1.2714884460004503
2019,QAT,CZE,1.2683634182352812
2019,AGO,POL,1.2676705313412964
2019,GIN,PRT,1.250957214775493
2019,SWE,BGR,1.2438369483870333
2019,COD,AUT,1.241720491290189
2019,ISR,ROU,1.241101026682405
2019,SSD,ESP,1.2407919469801354
2019,SWZ,POL,1.2381958157263664
2019,MAC,SVK,1.2365730678364968
2019,CPV,PRT,1.2330280505079125
2019,NGA,FIN,1.2322260494951778
2019,EGY,ROU,1.2317050075230567
2019,ISR,CZE,1.231127492460992
2019,MYS,ROU,1.2300799040738326
2019,BRB,AUT,1.2299014733552571
2019,SDN,ITA,1.2272921527446308
2019,EGY,CZE,1.2218069800626696
2019,MYS,CZE,1.2201949360054818
2019,TLS,SVN,1.2145233566289528
2019,KEN,LUX,1.2080635304172256
2019,GIN,BGR,1.2035976589710953
2019,BLZ,PRT,1.1986940741063326
2019,SLB,DEU,1.1939519883981606
2019,UZB,FIN,1.193938290824425
2019,GUM,LUX,1.1909120184894404
2019,LBY,FIN,1.1907481201032324
2019,TJK,DEU,1.1902372008901887
2019,SGP,LVA,1.1887113399455478
2019,CPV,BGR,1.1863472687220242
2019,PRY,LUX,1.1851507909205012
2019,CHE,LVA,1.183302465674877
2019,SYC,ITA,1.1817424618473196
2019,NER,FIN,1.178901742902891
2019,CYM,HRV,1.1788816674087303
2019,GRL,LUX,1.176427809183686
2019,IDN,ROU,1.1753052219355022
2019,MLT,FIN,1.1663643783771411
2019,IDN,CZE,1.1658604252593499
2019,BEL,PRT,1.1592600017669032
2019,CUW,FIN,1.1580816089716588
2019,CUB,ITA,1.1560174558142888
2019,JPN,SVN,1.1542554316646298
2019,BLZ,BGR,1.1533131304381445
2019,MLI,FIN,1.151251123934699
2019,MUS,ITA,1.1468670664044078
2019,CYP,ESP,1.126633656267571
2019,TWN,FIN,1.120365594780223
2019,BEL,BGR,1.1153719789816163
2019,BHS,SVN,1.110388968770696
2019,AZE,ITA,1.1103474381386285
2019,FSM,ITA,1.1057796908747346
2019,QAT,SVK,1.1047258267789652
2019,GNQ,FIN,1.0985154969106727
2019,NCL,ITA,1.0946796361637054
2019,DOM,POL,1.0944312104980152
2019,GIB,AUT,1.091915183952743
2019,SGP,HRV,1.0899413067076513
2019,CHE,HRV,1.0849818558365403
2019,ISR,SVK,1.0722938847223935
2019,VCT,PRT,1.0652302919409724
2019,EGY,SVK,1.0641758559167642
2019,MYS,SVK,1.062771789323328
2019,SLB,FRA,1.0572851240731447
2019,TJK,FRA,1.0539955532952268
2019,GUY,PRT,1.053239431752369
2019,SSD,ROU,1.0468920634906052
2019,URY,POL,1.0467812987050795
2019,BHR,DNK,1.0404069577331176
2019,DJI,DNK,1.0398428957830543
2019,SSD,CZE,1.0384791997535894
2019,ARE,ESP,1.0341026175115908
2019,LIE,PRT,1.0274008556213232
2019,IRL,LVA,1.0256446198823765
2019,VCT,BGR,1.0249021073637186
2019,PRK,DEU,1.024713427018319
2019,IRQ,ITA,1.0206313258931656
2019,IDN,SVK,1.0154472319893062
2019,GUY,BGR,1.0133652049968036
2019,LAO,PRT,1.0117792443885516
2019,VUT,ESP,1.0069228814523867
2019,MNG,ESP,1.002241726783384
2019,GHA,ITA,1.00121997417037
2019,PYF,FIN,0.9989910587271181
2019,YEM,ITA,0.996481605995822
2019,OMN,ITA,0.9885928176042876
2019,LIE,BGR,0.9885048425678178
2019,JOR,POL,0.9861022931493651
2019,TGO,POL,0.9842088110393663
2019,GAB,DEU,0.9802288545820942
2019,THA,PRT,0.9783129570649169
2019,LAO,BGR,0.9734746445026548
2019,TCD,FIN,0.964812120306174
2019,GBR,LVA,0.9636152362598575
2019,MDG,ITA,0.9599982416703028
2019,MHL,AUT,0.9538893588093891
2019,CYP,ROU,0.9505734108595122
2019,BGD,ITA,0.9451268759169517
2019,CYP,CZE,0.9429345674137734
2019,THA,BGR,0.9412753457565266
2019,IRL,HRV,0.9404238015122138
2019,HKG,EST,0.913103500578711
2019,PAN,ITA,0.9087661613272225
2019,PRK,FRA,0.9074186176263415
2019,SSD,SVK,0.9045000636621406
2019,WSM,PRT,0.9016770201280123
2019,LTU,DNK,0.8918160924537196
2019,JEY,PRT,0.8914587045779587
2019,CAF,POL,0.8902824678107385
2019,NPL,EST,0.8876832680753797
2019,UKR,LUX,0.8844340030522153
2019,GBR,HRV,0.8835484397924412
2019,SDN,ESP,0.8823584061796892
2019,LCA,LUX,0.8804547342341595
2019,BFA,PRT,0.8787153913148079
2019,ASM,LVA,0.8777171065021823
2019,ARE,ROU,0.872502296410437
2019,GAB,FRA,0.8680260146200219
2019,WSM,BGR,0.8675407422058616
2019,LBR,EST,0.86744131459685
2019,ARE,CZE,0.8654908353573652
2019,COG,FIN,0.8645947363354952
2019,JEY,BGR,0.8577092783241175
2019,SLE,DNK,0.8502679336599336
2019,SYC,ESP,0.8496105779040432
2019,VUT,ROU,0.8495699667500108
2019,IMN,AUT,0.8476386109934211
2019,MNG,ROU,0.8456203411235081
2019,BFA,BGR,0.8454484097429198
2019,CMR,LUX,0.8453441923728062
2019,KAZ,ITA,0.8427545095586906
2019,VUT,CZE,0.8427427907549061
2019,MNG,CZE,0.8388249044675071
2019,CUB,ESP,0.8311156537154496
2019,GMB,DNK,0.8304987712167614
2019,MUS,ESP,0.8245370057565506
2019,CYP,SVK,0.821282098338959
2019,MAC,FIN,0.8184453731793115
2019,IRN,AUT,0.8171140810149222
2019,DZA,ITA,0.8163221858802269
2019,MNE,POL,0.8159561886743467
2019,KNA,POL,0.8105001865204581
2019,ASM,HRV,0.8047875862145554
2019,GRC,DNK,0.8008368261533455
2019,AZE,ESP,0.7982813168247788
2019,NGA,PRT,0.7952933691437013
2019,FSM,ESP,0.7949973471631234
2019,NCL,ESP,0.78701699255772
2019,TUR,DNK,0.7825371629231336
2019,XKV,ITA,0.7781388666604723
2019,UZB,PRT,0.7705819936597155
2019,LBY,PRT,0.7685230194787686
2019,NGA,BGR,0.7651846330079187
2019,NER,PRT,0.7608772265338243
2019,ARE,SVK,0.7538297501437562
2019,AGO,ITA,0.753102226852579
2019,MLT,PRT,0.7527854621388489
2019,CUW,PRT,0.7474396641101307
2019,SDN,ROU,0.7444713151402528
2019,MLI,PRT,0.7430311877107276
2019,UZB,BGR,0.7414087969272107
2019,LBY,BGR,0.739427772736456
2019,COD,EST,0.7394174369829591
2019,SDN,CZE,0.7384887158362626
2019,SWZ,ITA,0.7355917827611135
2019,VUT,SVK,0.7340165388671165
2019,IRQ,ESP,0.7337801582110673
2019,BRB,EST,0.732379469895839
2019,NER,BGR,0.732071439217756
2019,HKG,SVN,0.7313229429946091
2019,QAT,FIN,0.7311801987899059
2019,MNG,SVK,0.7306041177062359
2019,MLT,BGR,0.7242860181276461
2019,TWN,PRT,0.7230972993230308
2019,GHA,ESP,0.7198244188790622
2019,CUW,BGR,0.7191426048144641
2019,SYC,ROU,0.7168410249842223
2019,YEM,ESP,0.7164177817706635
2019,MLI,BGR,0.7149010273957646
2019,SYC,CZE,0.7110804637242706
2019,NPL,SVN,0.7109633679473542
2019,OMN,ESP,0.7107461584849798
2019,ISR,FIN,0.7097146068165489
2019,ECU,LUX,0.7094624415571322
2019,GNQ,PRT,0.7089949859058511
2019,EGY,FIN,0.7043415615124584
2019,MYS,FIN,0.7034122579096845
2019,CUB,ROU,0.701236322362624
2019,TWN,BGR,0.6957218091825111
2019,MUS,ROU,0.6956857267503362
2019,CUB,CZE,0.6956011610759746
2019,LBR,SVN,0.6947511806317913
2019,BHR,DEU,0.6903824355197604
2019,MDG,ESP,0.6901881647016164
2019,MUS,CZE,0.6900951702574128
2019,DJI,DEU,0.6900081411535278
2019,GNQ,BGR,0.6821533903632948
2019,BGD,ESP,0.6794964361229748
2019,SLB,POL,0.6739579844096247
2019,AZE,ROU,0.6735330423852836
2019,IDN,FIN,0.6720897538092553
2019,TJK,POL,0.6718610737082642
2019,MRT,DNK,0.6710431444203582
2019,FSM,ROU,0.6707622621719702
2019,AZE,CZE,0.6681205056916037
2019,FSM,CZE,0.6653719915716088
2019,NCL,ROU,0.664029006108719
2019,NCL,CZE,0.658692844205655
2019,BMU,LVA,0.6568149122974495
2019,PAN,ESP,0.6533549977529834
2019,GIB,EST,0.6502116477776875
2019,DOM,ITA,0.6501835937535995
2019,PYF,PRT,0.6447607280863868
2019,SDN,SVK,0.6432127775367734
2019,TCD,PRT,0.6227012341309687
2019,URY,ITA,0.6218755643458167
2019,PYF,BGR,0.6203509550568819
2019,SYC,SVK,0.6193405942652672
2019,IRQ,ROU,0.6191115487553573
2019,IRQ,CZE,0.6141363452178265
2019,BHR,FRA,0.6113571450856459
2019,DJI,FRA,0.6110256946845514
2019,GHA,ROU,0.6073366877221453
2019,KAZ,ESP,0.6058960975119012
2019,CUB,SVK,0.6058583500044757
2019,YEM,ROU,0.604462409435076
2019,GHA,CZE,0.6024561074078189
2019,BMU,HRV,0.602240156813299
2019,MUS,SVK,0.6010627132241781
2019,OMN,ROU,0.5996770967810556
2019,YEM,CZE,0.5996049269284556
2019,TCD,BGR,0.5991266038406867
2019,SSD,FIN,0.5986576219388874
2019,OMN,CZE,0.5948580692257154
2019,COD,SVN,0.5922142843316093
2019,LTU,DEU,0.5917820535201103
2019,DZA,ESP,0.5868926491965204
2019,BRB,SVN,0.5865774350592214
2019,JOR,ITA,0.5858271644837036
2019,TGO,ITA,0.5847022778839995
2019,MDG,ROU,0.5823317226548992
2019,AZE,SVK,0.5819231045507982
2019,FSM,SVK,0.5795291892975107
2019,PRK,POL,0.5784267730876617
2019,MDG,CZE,0.5776520831741083
2019,NCL,SVK,0.5737117504704765
2019,BGD,ROU,0.5733108019266357
2019,BGD,CZE,0.568703654901864
2019,MHL,EST,0.5680202829892121
2019,SLE,DEU,0.5642119581394393
2019,XKV,ESP,0.5594408541092236
2019,COG,PRT,0.5580197408469548
2019,GAB,POL,0.5533162719387295
2019,PAN,ROU,0.5512545140659837
2019,GMB,DEU,0.5510937427966272
2019,PAN,CZE,0.5468246121945446
2019,CYP,FIN,0.5435785000853619
2019,AGO,ESP,0.5414408289745528
2019,COG,BGR,0.5368938648022334
2019,IRQ,SVK,0.5349036971357388
2019,GRC,DEU,0.5314109775835293
2019,CAF,ITA,0.528902181173733
2019,SWZ,ESP,0.5288517420929234
2019,MAC,PRT,0.5282343921900637
2019,GHA,SVK,0.5247303823064695
2019,LTU,FRA,0.5240431507800436
2019,YEM,SVK,0.5222470461686748
2019,GIB,SVN,0.5207675751114509
2019,TUR,DEU,0.5192678772551806
2019,OMN,SVK,0.5181126031337615
2019,KAZ,ROU,0.5112120668810998
2019,MAC,BGR,0.5082361493411128
2019,KAZ,CZE,0.5071039476113357
2019,IMN,EST,0.5047502828735052
2019,MDG,SVK,0.5031264431001843
2019,ABW,LUX,0.5018272188537773
2019,SLE,FRA,0.49962889292167784
2019,ARE,FIN,0.4989341003920772
2019,BGD,SVK,0.4953324940794993
2019,DZA,ROU,0.49517830774142624
2019,DZA,CZE,0.49119903635917456
2019,GMB,FRA,0.48801226673308945
2019,IRN,EST,0.4865735918386656
2019,VUT,FIN,0.4858204142549844
2019,MNE,ITA,0.48474616038806656
2019,MNG,FIN,0.4835618495303391
2019,KNA,ITA,0.4815048391849473
2019,PAN,SVK,0.4762761706342798
2019,KEN,DNK,0.47582745336478444
2019,XKV,ROU,0.4720164340079554
2019,QAT,PRT,0.47191240924099714
2019,GRC,FRA,0.47058250819786357
2019,GUM,DNK,0.4690718812972001
2019,XKV,CZE,0.46822329230841797
2019,DOM,ESP,0.4674477533532965
2019,PRY,DNK,0.4668026709673126
2019,GRL,DNK,0.46336689620789834
2019,UGA,LUX,0.4617045068756697
2019,TUR,FRA,0.45982937954441117
2019,ISR,PRT,0.45805826050899384
2019,AGO,ROU,0.4568292920362644
2019,MHL,SVN,0.4549388593659132
2019,EGY,PRT,0.4545904330724594
2019,QAT,BGR,0.45404644083195933
2019,MYS,PRT,0.45399064945847867
2019,AGO,CZE,0.4531581947770455
2019,VGB,AUT,0.4483690709162878
2019,URY,ESP,0.4470957714274933
2019,SWZ,ROU,0.44620751521457575
2019,MRT,DEU,0.44528383527266224
2019,SWZ,CZE,0.4426217749507551
2019,KAZ,SVK,0.4416800577292358
2019,ISR,BGR,0.44071679151707915
2019,EGY,BGR,0.43738025135804776
2019,MYS,BGR,0.4368031747441157
2019,IDN,PRT,0.43377473223594204
2019,DZA,SVK,0.42782711465292383
2019,SDN,FIN,0.42572051376295433
2019,PRI,LVA,0.4243182462890525
2019,JOR,ESP,0.42117887089445405
2019,TGO,ESP,0.42037013668636164
2019,IDN,BGR,0.4173526049279727
2019,SYC,FIN,0.40992033304218495
2019,HUN,AUT,0.40859504772813754
2019,XKV,SVK,0.4078155805157688
2019,IMN,SVN,0.40426464482335345
2019,CUB,FIN,0.40099689719975307
2019,SLB,ITA,0.4003873611599427
2019,TJK,ITA,0.3991416209777247
2019,MUS,FIN,0.3978228294180974
2019,SWE,AUT,0.3963404598739667
2019,AGO,SVK,0.3946941028015921
2019,DOM,ROU,0.3943991934128136
2019,MRT,FRA,0.39431399218627716
2019,DOM,CZE,0.3912297867586952
2019,TLS,LVA,0.39035560424199955
2019,IRN,SVN,0.3897065677016714
2019,BHR,POL,0.3897047446094963
2019,DJI,POL,0.38949346419027236
2019,PRI,HRV,0.3890616403485931
2019,SSD,PRT,0.386380759691282
2019,SWZ,SVK,0.3855170365628923
2019,AZE,FIN,0.3851549777798618
2019,FSM,FIN,0.3835705272416786
2019,GIN,AUT,0.38351847505288866
2019,CAF,ESP,0.3802528066049822
2019,NCL,FIN,0.3797201636719219
2019,CPV,AUT,0.3780217516976384
2019,URY,ROU,0.37722763745108817
2019,URY,CZE,0.3741962220622554
2019,SSD,BGR,0.3717529043704036
2019,JPN,LVA,0.3709851062293811
2019,BLZ,AUT,0.367495640879053
2019,TLS,HRV,0.35792095445784955
2019,BHS,LVA,0.3568861434260234
2019,BEL,AUT,0.3554059425983189
2019,JOR,ROU,0.35536079865966214
2019,TGO,ROU,0.3546784462104978
2019,IRQ,FIN,0.35403444196242095
2019,JOR,CZE,0.3525051060043633
2019,TGO,CZE,0.35182823696497506
2019,CYP,PRT,0.3508320384105457
2019,MNE,ESP,0.3485069537234598
2019,UKR,DNK,0.3483574901033672
2019,GHA,FIN,0.34730107321254233
2019,LCA,DNK,0.34679015088628523
2019,KNA,ESP,0.3461766145256537
2019,YEM,FIN,0.3456574380526863
2019,PRK,ITA,0.34363383869352443
2019,OMN,FIN,0.34292099177174107
2019,DOM,SVK,0.3407553729662869
2019,JPN,HRV,0.34015995125549225
2019,FRO,LUX,0.3380726472415918
2019,CYP,BGR,0.3375500098129035
2019,LTU,POL,0.33404713411909637
2019,MDG,FIN,0.33300216557357276
2019,CMR,DNK,0.3329609446405049
2019,GAB,ITA,0.32871610268475565
2019,BGD,FIN,0.3278436175826032
2019,BHS,HRV,0.32723247136637285
2019,VCT,AUT,0.3265783132468397
2019,URY,SVK,0.32591938938955395
2019,GUY,AUT,0.32290215521378435
2019,ARE,PRT,0.32201801109793016
2019,CAF,ROU,0.32083029417111203
2019,PNG,LUX,0.3204306694101179
2019,SLE,POL,0.3184844598295991
2019,CAF,CZE,0.31825208994003906
2019,KEN,DEU,0.31574463598061764
2019,PAN,FIN,0.31523088958519013
2019,LIE,AUT,0.31498056429263105
2019,VUT,PRT,0.3135542818705418
2019,MNG,PRT,0.3120965772959403
2019,GUM,DEU,0.31126184368219817
2019,GMB,POL,0.3110795339553565
2019,LAO,AUT,0.3101912905691993
2019,ARE,BGR,0.3098268427777965
2019,PRY,DEU,0.30975606467657923
2019,GRL,DEU,0.3074761889715283
2019,JOR,SVK,0.30702674728375
2019,TGO,SVK,0.3064372043354051
2019,VUT,BGR,0.3016835389429982
2019,MNG,BGR,0.30028102110086985
2019,GRC,POL,0.29996907314995636
2019,THA,AUT,0.29993119587655587
2019,MNE,ROU,0.2940453996436348
2019,TUR,POL,0.29311457690446036
2019,KAZ,FIN,0.29233290702871884
2019,KNA,ROU,0.2920792250425166
2019,MNE,CZE,0.29168243982574293
2019,KNA,CZE,0.2897320654771811
2019,SLB,ESP,0.2878574209551624
2019,TJK,ESP,0.28696179938760186
2019,DZA,FIN,0.2831641183330693
2019,KEN,FRA,0.2796026221088469
2019,ECU,DNK,0.2794403591568589
2019,CAF,SVK,0.27719287558159844
2019,WSM,AUT,0.276436149586291
2019,GUM,FRA,0.2756329569485355
2019,SDN,PRT,0.2747650902550185
2019,PRY,FRA,0.27429953838710874
2019,JEY,AUT,0.27330341830573385
2019,GRL,FRA,0.27228063085053344
2019,XKV,FIN,0.26991916908520175
2019,BFA,AUT,0.26939657320177723
2019,VGB,EST,0.26699399064831364
2019,SYC,PRT,0.26456746542502246
2019,SDN,BGR,0.2643628538944661
2019,AGO,FIN,0.261234512267281
2019,CUB,PRT,0.2588081736470465
2019,GGY,LUX,0.2573906541421176
2019,MUS,PRT,0.2567595924950756
2019,SWZ,FIN,0.25516052634781966
2019,SYC,BGR,0.2545512974099771
2019,MNE,SVK,0.2540511022792886
2019,KNA,SVK,0.25235235499300906
2019,MRT,POL,0.25135231485578985
2019,CUB,BGR,0.24901004466413693
2019,AZE,PRT,0.24858361016349578
2019,FSM,PRT,0.24756098691407696
2019,PRK,ESP,0.2470546279799418
2019,MUS,BGR,0.24703902003627456
2019,NCL,PRT,0.24507591640524093
2019,NGA,AUT,0.24382104883451663
2019,HUN,EST,0.24330942838927797
2019,SLB,ROU,0.24287363417233582
2019,TJK,ROU,0.24211797234421695
2019,SLB,CZE,0.24092189257369107
2019,TJK,CZE,0.24017230327225658
2019,AZE,BGR,0.2391725693872454
2019,FSM,BGR,0.23818866127714206
2019,GAB,ESP,0.2363295616303605
2019,UZB,AUT,0.23624503509868436
2019,SWE,EST,0.23601208892683698
2019,NCL,BGR,0.235797672191756
2019,LBY,AUT,0.23561379477429664
2019,HKG,LVA,0.235051889081054
2019,NER,AUT,0.23326974749899362
2019,BHR,ITA,0.23151718346713807
2019,DJI,ITA,0.2313916652427461
2019,UKR,DEU,0.23115944262149568
2019,MLT,AUT,0.2307889742922096
2019,LCA,DEU,0.23011940395399932
2019,CUW,AUT,0.22915005948065656
2019,NPL,LVA,0.22850819094935182
2019,IRQ,PRT,0.228498045676404
2019,GIN,EST,0.22837687696090972
2019,MLI,AUT,0.2277985087433204
2019,FJI,LUX,0.2262936840448814
2019,DOM,FIN,0.2255343138583734
2019,CPV,EST,0.22510369823538148
2019,GHA,PRT,0.22415224928541572
2019,BTN,LUX,0.223670233522439
2019,LBR,LVA,0.2232974898614645
2019,YEM,PRT,0.22309142757623296
2019,TWN,AUT,0.22168717704785876
2019,OMN,PRT,0.22132529255324326
2019,CMR,DEU,0.22094276300758614
2019,IRQ,BGR,0.21984741732749627
2019,BLZ,EST,0.21883562910269766
2019,GNQ,AUT,0.2173636896634838
2019,URY,FIN,0.21571488431492905
2019,GHA,BGR,0.21566614693648833
2019,HKG,HRV,0.2155214260350553
2019,MDG,PRT,0.21492356398377843
2019,YEM,BGR,0.21464548650887555
2019,VGB,SVN,0.21384085252005694
2019,OMN,BGR,0.21294621497984983
2019,BEL,EST,0.21163647778052738
2019,BGD,PRT,0.2115941756679671
2019,SLB,SVK,0.20983941442660925
2019,NPL,HRV,0.20952144382516522
2019,TJK,SVK,0.2091865332027688
2019,PRK,ROU,0.20844713725802871
2019,MDG,BGR,0.2067868472344397
2019,PRK,CZE,0.20677204827485723
2019,LBR,HRV,0.20474369992574634
2019,UKR,FRA,0.20469955437709253
2019,LCA,FRA,0.20377856473740025
2019,BGD,BGR,0.20358350507742165
2019,PAN,PRT,0.20345377079074084
2019,JOR,FIN,0.20321049139160494
2019,TGO,FIN,0.20282029310012217
2019,GAB,ROU,0.1993980884879157
2019,LTU,ITA,0.1984519118801561
2019,GAB,CZE,0.1977957179987585
2019,PYF,AUT,0.19767075027746633
2019,ABW,DNK,0.19765778997885755
2019,PAN,BGR,0.1957512849682273
2019,CMR,FRA,0.19565233683553956
2019,HUN,SVN,0.1948714106508283
2019,VCT,EST,0.1944702540136813
2019,GUY,EST,0.19228118218164456
2019,TCD,AUT,0.1909077504064126
2019,COD,LVA,0.19034147308838817
2019,SLE,ITA,0.18920638287759994
2019,TTO,LUX,0.1890786840449454
2019,SWE,SVN,0.1890268248307973
2019,KAZ,PRT,0.18867514011547606
2019,BRB,LVA,0.18852975354282797
2019,LIE,EST,0.18756404777270796
2019,ECU,DEU,0.18542812915974013
2019,GMB,ITA,0.18480723812531966
2019,LAO,EST,0.18471213985427598
2019,CAF,FIN,0.1834644732275738
2019,GIN,SVN,0.1829116301329666
2019,DZA,PRT,0.18275749468368443
2019,UGA,DNK,0.18185440929403704
2019,KAZ,BGR,0.18153215335169204
2019,CPV,SVN,0.18029007551513462
2019,PRK,SVK,0.18009540381024194
2019,THA,EST,0.1786024775155686
2019,KEN,POL,0.17823046531305192
2019,GRC,ITA,0.17820669597573457
2019,DZA,BGR,0.17583854200815488
2019,GUM,POL,0.1757000338624346
2019,BLZ,SVN,0.17526985298603168
2019,PRY,POL,0.174850056816913
2019,COD,HRV,0.17452599880818864
2019,XKV,PRT,0.17420904668115325
2019,TUR,ITA,0.17413455241886436
2019,GRL,POL,0.17356312028193385
2019,BRB,HRV,0.17286481505186468
2019,GAB,SVK,0.1722771525558016
2019,COG,AUT,0.1710776975673308
2019,BEL,SVN,0.16950390802069504
2019,AGO,PRT,0.1686038657296463
2019,MNE,FIN,0.16814772585608384
2019,XKV,BGR,0.16761372673697136
2019,GIB,LVA,0.16737804204647866
2019,KNA,FIN,0.16702338319262203
2019,BHR,ESP,0.16644865898509537
2019,DJI,ESP,0.16635841799384216
2019,SWZ,PRT,0.1646836428711872
2019,WSM,EST,0.1646116905135011
2019,ECU,FRA,0.16420291975754708
2019,JEY,EST,0.16274621744571025
2019,AGO,BGR,0.16222075038921202
2019,MAC,AUT,0.16194610508688004
2019,BFA,EST,0.16041977650048958
2019,SWZ,BGR,0.15844894188980368
2019,VCT,SVN,0.1557551344399155
2019,GUY,SVN,0.15400186281888123
2019,GIB,HRV,0.15347059940612995
2019,LIE,SVN,0.15022381507702257
2019,MRT,ITA,0.14932427895295303
2019,LAO,SVN,0.14793966471429212
2019,MHL,LVA,0.14622027017567002
2019,DOM,PRT,0.14556253245857118
2019,NGA,EST,0.14519011023518869
2019,QAT,AUT,0.1446789110074587
2019,THA,SVN,0.14304631336976767
2019,LTU,ESP,0.14267647053579902
2019,UZB,EST,0.14067875949370554
2019,BHR,ROU,0.14043754917514809
2019,ISR,AUT,0.14043150595467485
2019,DJI,ROU,0.14036141024003135
2019,LBY,EST,0.1403028696649937
2019,DOM,BGR,0.14005173097185655
2019,EGY,AUT,0.1393683393855089
2019,BHR,CZE,0.13930898778283837
2019,DJI,CZE,0.13923346070304898
2019,URY,PRT,0.13922495567395898
2019,MYS,AUT,0.1391844577193107
2019,NER,EST,0.13890704069975648
2019,SLB,FIN,0.13888552348030161
2019,TJK,FIN,0.13845340375297915
2019,MLT,EST,0.13742979442802078
2019,CUW,EST,0.13645385644689526
2019,SLE,ESP,0.1360294222215571
2019,MLI,EST,0.1356490374967665
2019,MHL,HRV,0.13407082694249053
2019,URY,BGR,0.13395408631110148
2019,FRO,DNK,0.1331587642031545
2019,IDN,AUT,0.13298666162092523
2019,GMB,ESP,0.13286666888406107
2019,TWN,EST,0.13200987292590902
2019,WSM,SVN,0.13184081090627042
2019,ABW,DEU,0.13115970191354792
2019,JOR,PRT,0.1311544715439073
2019,TGO,PRT,0.13090263291901005
2019,UKR,POL,0.13048410115338901
2019,JEY,SVN,0.1303467160384385
2019,IMN,LVA,0.1299332522856609
2019,LCA,POL,0.12989702364033565
2019,GNQ,EST,0.12943533060096032
2019,BFA,SVN,0.12848342273413768
2019,GRC,ESP,0.12812122678373858
2019,PNG,DNK,0.12621000929705367
2019,JOR,BGR,0.1261891398437382
2019,TGO,BGR,0.12594683549009233
2019,IRN,LVA,0.12525419283372155
2019,TUR,ESP,0.1251935700798808
2019,CMR,POL,0.1247170243639887
2019,BHR,SVK,0.12133607331584896
2019,DJI,SVK,0.12127029034350446
2019,UGA,DEU,0.12067305881150227
2019,LTU,ROU,0.12038026601825652
2019,LTU,CZE,0.11941288570279157
2019,PRK,FIN,0.11919898129209594
2019,IMN,HRV,0.1191370974785985
2019,SSD,AUT,0.11845661705797941
2019,CAF,PRT,0.11841015622994472
2019,PYF,EST,0.11770861523336572
2019,NGA,SVN,0.1162856769726697
2019,ABW,FRA,0.11614638030555151
2019,IRN,HRV,0.11484682110801792
2019,SLE,ROU,0.11477195904724917
2019,GAB,FIN,0.1140243484847153
2019,CAF,BGR,0.11392730714802309
2019,SLE,CZE,0.11384964729614523
2019,TCD,EST,0.11368139649448931
2019,UZB,SVN,0.1126724455054249
2019,LBY,SVN,0.11237138778787037
2019,GMB,ROU,0.11210345255358473
2019,NER,SVN,0.11125344031956319
2019,GMB,CZE,0.11120258502036671
2019,MLT,SVN,0.11007028409435009
2019,CUW,SVN,0.10928863575318767
2019,MCO,LUX,0.10904239160456387
2019,MLI,SVN,0.10864404008269364
2019,MNE,PRT,0.10852454504165203
2019,GRC,ROU,0.10809958576135345
2019,KNA,PRT,0.10779888089483185
2019,CYP,AUT,0.10755808974254688
2019,MRT,ESP,0.10735629042050465
2019,GRC,CZE,0.10723089345127342
2019,UGA,FRA,0.10686010090655135
2019,KEN,ITA,0.10588378999250635
2019,TWN,SVN,0.10572936004662496
2019,TUR,ROU,0.10562943709915967
2019,TUR,CZE,0.10478059499602067
2019,ECU,POL,0.1046698438427246
2019,MNE,BGR,0.1044159518888723
2019,GUM,ITA,0.10438050225863328
2019,LTU,SVK,0.10400686190525847
2019,PRY,ITA,0.10387554486636941
2019,KNA,BGR,0.10371776040958273
2019,GNQ,SVN,0.10366735736154888
2019,GRL,ITA,0.10311099702341744
2019,COG,EST,0.10187303305975572
2019,GGY,DNK,0.10138004864532367
2019,SLE,SVK,0.09916136332023792
2019,ARE,AUT,0.09872428496925585
2019,GMB,SVK,0.09685581112667697
2019,MAC,EST,0.09643536914518816
2019,VUT,AUT,0.0961294747805388
2019,MNG,AUT,0.0956825716979029
2019,PYF,SVN,0.09427519536802453
2019,GRC,SVK,0.09339652635915954
2019,TUR,SVK,0.09126235255067765
2019,TCD,SVN,0.09104971495060034
2019,MRT,ROU,0.09057960819342592
2019,MRT,CZE,0.08985170707767695
2019,SLB,PRT,0.08963837109204692
2019,TJK,PRT,0.08935947587314082
2019,FJI,DNK,0.0891316927301191
2019,FRO,DEU,0.0883601087613613
2019,BTN,DNK,0.0880983780494821
2019,SLB,BGR,0.08624478305577583
2019,QAT,EST,0.08615313213641736
2019,TJK,BGR,0.08597644643434
2019,SDN,AUT,0.08423748403840169
2019,PNG,DEU,0.08374912620280908
2019,ISR,EST,0.08362389517851332
2019,EGY,EST,0.08299080270305466
2019,MYS,EST,0.08288130518627682
2019,COG,SVN,0.08159215937933584
2019,SYC,AUT,0.08111109611900073
2019,BHR,FIN,0.0803081923649278
2019,DJI,FIN,0.08026465286795044
2019,CUB,AUT,0.07934541238978512
2019,IDN,EST,0.07919065295161046
2019,MUS,AUT,0.07871735836032176
2019,MRT,SVK,0.07825951140012702
2019,FRO,FRA,0.07824588380660916
2019,UKR,ITA,0.07751845981897143
2019,MAC,SVN,0.07723702507693007
2019,LCA,ITA,0.07716968671785047
2019,PRK,PRT,0.07693244228128858
2019,AZE,AUT,0.0762107656177158
2019,KEN,ESP,0.07612486722832715
2019,FSM,AUT,0.07589724977197912
2019,NCL,AUT,0.0751353768312497
2019,GUM,ESP,0.07504408253828954
2019,PRY,ESP,0.07468104477354036
2019,TTO,DNK,0.0744735905433705
2019,PNG,FRA,0.0741627018077596
2019,GRL,ESP,0.07413137514952577
2019,CMR,ITA,0.07409233428781173
2019,ABW,POL,0.07403658538733762
2019,PRK,BGR,0.07401988360193901
2019,GAB,PRT,0.07359267263338244
2019,GAB,BGR,0.07080655313608136
2019,SSD,EST,0.0705383287084803
2019,IRQ,AUT,0.07005293306222878
2019,QAT,SVN,0.06900177482867614
2019,LTU,FIN,0.0688385806866964
2019,VGB,LVA,0.06872982289017694
2019,GHA,AUT,0.06872059876248113
2019,GUF,LUX,0.06849027825140286
2019,YEM,AUT,0.06839537203257912
2019,UGA,POL,0.06811712052027892
2019,OMN,AUT,0.06785391034008145
2019,GGY,DEU,0.06727271898428062
2019,ISR,SVN,0.0669760581225056
2019,EGY,SVN,0.06646900163652483
2019,MYS,SVN,0.06638130287491695
2019,MDG,AUT,0.06589126833309299
2019,SLE,FIN,0.06563151108376912
2019,BGD,AUT,0.06487054443090258
2019,SEN,LUX,0.06473909448501095
2019,KEN,ROU,0.06422875287800979
2019,GMB,FIN,0.06410554502925621
2019,CYP,EST,0.06404849368442204
2019,KEN,CZE,0.06371260822011689
2019,IDN,SVN,0.06342538533422719
2019,GUM,ROU,0.06331686356643236
2019,SMR,LUX,0.06325665736151359
2019,VGB,HRV,0.06301906144357672
2019,PRY,ROU,0.06301055810112992
2019,GUM,CZE,0.06280804688511803
2019,HUN,LVA,0.06263292248675517
2019,GRL,ROU,0.06254678593664796
2019,PRY,CZE,0.06250420290197918
2019,PAN,AUT,0.06237485902459778
2019,ECU,ITA,0.06218263384166726
2019,GRL,CZE,0.06204415762793883
2019,GRC,FIN,0.061815962887993965
2019,IOT,LUX,0.06091382442931977
2019,SWE,LVA,0.06075443508108279
2019,TUR,FIN,0.06040342631854683
2019,GGY,FRA,0.05957228241100227
2019,FJI,DEU,0.059145082269627926
2019,GIN,LVA,0.05878897224473616
2019,ARE,EST,0.05878815584664676
2019,BTN,DEU,0.05845940605362987
2019,CPV,LVA,0.05794638775979254
2019,KAZ,AUT,0.05784402628867196
2019,HUN,HRV,0.05742875253571661
2019,VUT,EST,0.05724300304240749
2019,MNG,EST,0.0569768820157672
2019,SSD,SVN,0.056495564974082715
2019,BLZ,LVA,0.056332856008359966
2019,DZA,AUT,0.056029794494731895
2019,UKR,ESP,0.05573168907045401
2019,SWE,HRV,0.05570634866122659
2019,KEN,SVK,0.05549274189107567
2019,LCA,ESP,0.05548093958351626
2019,GUM,SVK,0.054704882312100064
2019,BEL,LVA,0.0544796442782724
2019,PRY,SVK,0.05444023868499838
2019,GRL,SVK,0.0540395460377545
2019,GIN,HRV,0.053904196145182534
2019,XKV,AUT,0.05340901122310892
2019,CMR,ESP,0.05326848529596151
2019,CPV,HRV,0.053131622010764754
2019,FJI,FRA,0.052374983461149244
2019,BHR,PRT,0.051831863887238684
2019,DJI,PRT,0.05180376297729922
2019,MRT,FIN,0.05179729097995895
2019,BTN,FRA,0.05176779383363488
2019,AGO,AUT,0.051690574792568625
2019,BLZ,HRV,0.051652158623420215
2019,CYP,SVN,0.05129772568605487
2019,PLW,LUX,0.05054597629358755
2019,SWZ,AUT,0.050488712830556164
2019,SDN,EST,0.05016158224211149
2019,VCT,LVA,0.050060700180228776
2019,BEL,HRV,0.04995293026846053
2019,FRO,POL,0.04987721565162563
2019,BHR,BGR,0.04986957930930116
2019,DJI,BGR,0.04984254226197562
2019,GUY,LVA,0.04949718742496255
2019,TTO,DEU,0.04941841116985535
2019,SYC,EST,0.048299886507368474
2019,LIE,LVA,0.048282898625098054
2019,REU,LUX,0.047755795416944594
2019,LAO,LVA,0.04754875803392981
2019,PNG,POL,0.047274423796084576
2019,CUB,EST,0.047248460404041
2019,ARE,SVN,0.04708461540202952
2019,UKR,ROU,0.047022438463423126
2019,MUS,EST,0.04687446794437716
2019,LCA,ROU,0.04681087386676503
2019,UKR,CZE,0.04664456439104171
2019,LCA,CZE,0.046434699935387
2019,THA,LVA,0.045976003495752725
2019,VCT,HRV,0.04590115626526952
2019,VUT,SVN,0.045847071470310426
2019,MNG,SVN,0.04563392979220715
2019,GUY,HRV,0.04538446578863165
2019,AZE,EST,0.04538184670288341
2019,FSM,EST,0.04519515486302556
2019,CMR,ROU,0.0449441621749991
2019,NCL,EST,0.044741476163920345
2019,ECU,ESP,0.04470603805775761
2019,DOM,AUT,0.044626562614586945
2019,CMR,CZE,0.04458298920852165
2019,LTU,PRT,0.044429239897843566
2019,LIE,HRV,0.04427107225332189
2019,ABW,ITA,0.04398391849084762
2019,TTO,FRA,0.04376168513720337
2019,LAO,HRV,0.04359793140881569
2019,MCO,DNK,0.042949201097135736
2019,LTU,BGR,0.04274720869690714
2019,URY,AUT,0.04268358826242153
2019,WSM,LVA,0.04237448306298429
2019,SLE,PRT,0.04235935897734581
2019,THA,HRV,0.042155857055802756
2019,JEY,LVA,0.041894271380150776
2019,IRQ,EST,0.041714991885324994
2019,GMB,PRT,0.04137448231028486
2019,BFA,LVA,0.041295396949527025
2019,GHA,EST,0.04092161590414884
2019,SLE,BGR,0.04075569068107544
2019,YEM,EST,0.04072795048850233
2019,UKR,SVK,0.04062672749844282
2019,UGA,ITA,0.04046726170744773
2019,LCA,SVK,0.04044393865342296
2019,OMN,EST,0.04040552187457563
2019,JOR,AUT,0.040209339159464445
2019,SDN,SVN,0.04017541924581072
2019,TGO,AUT,0.04013213047139805
2019,GRC,PRT,0.03989675872555648
2019,GMB,BGR,0.03980810011854565
2019,MDG,EST,0.03923681141783295
2019,TUR,PRT,0.03898509079919303
2019,WSM,HRV,0.038853586980036714
2019,CMR,SVK,0.038831125926185865
2019,SYC,SVN,0.0386843497199247
2019,BGD,EST,0.03862899262373327
2019,JEY,HRV,0.03841327608916238
2019,GRC,BGR,0.0383863211590593
2019,GGY,POL,0.037973877118148536
2019,BFA,HRV,0.037864162139010483
2019,CUB,SVN,0.03784224142471013
2019,ECU,ROU,0.03771977771671069
2019,MUS,SVN,0.03754270334815494
2019,TUR,BGR,0.037509167752875855
2019,ECU,CZE,0.037416660173663185
2019,NGA,LVA,0.037374963150440525
2019,PAN,EST,0.037142866462822215
2019,KEN,FIN,0.03672874577904838
2019,AZE,SVN,0.03634723300069308
2019,CAF,AUT,0.03630218684676022
2019,UZB,LVA,0.03621364735938206
2019,GUM,FIN,0.03620728850013824
2019,FSM,SVN,0.03619770775446262
2019,LBY,LVA,0.03611688547612449
2019,PRY,FIN,0.03603212994479163
2019,NCL,SVN,0.03583434736739444
2019,GRL,FIN,0.035766925201348936
2019,NER,LVA,0.03575756998242074
2019,MLT,LVA,0.03537729597559747
2019,CUW,LVA,0.0351260691804487
2019,MLI,LVA,0.03491889199355138
2019,KAZ,EST,0.03444485450884712
2019,NGA,HRV,0.03426947721068052
2019,TWN,LVA,0.03398209511727749
2019,MRT,PRT,0.03343058854570126
2019,IRQ,SVN,0.03341037528958892
2019,FJI,POL,0.033386016206278867
2019,DZA,EST,0.033364519093125405
2019,GNQ,LVA,0.033319354215928645
2019,MNE,AUT,0.0332714560726624
2019,UZB,HRV,0.03320465515651851
2019,LBY,HRV,0.033115933218792165
2019,KNA,AUT,0.03304898195148393
2019,BTN,POL,0.03299896801256409
2019,NER,HRV,0.03278647325187899
2019,GHA,SVN,0.03277494452288258
2019,YEM,SVN,0.03261983399966465
2019,ECU,SVK,0.032589359052288575
2019,MLT,HRV,0.03243779621484249
2019,OMN,SVN,0.0323615944433678
2019,CUW,HRV,0.03220744385579377
2019,MRT,BGR,0.03216495147586099
2019,MLI,HRV,0.032017481022750365
2019,XKV,EST,0.03180389988519257
2019,LBN,LUX,0.031775237743758025
2019,ABW,ESP,0.03162212039760103
2019,MDG,SVN,0.031425550752601165
2019,TWN,HRV,0.031158522605232126
2019,BGD,SVN,0.030938736465911117
2019,AGO,EST,0.030780608516482025
2019,GNQ,HRV,0.030550848849837605
2019,PYF,LVA,0.03030065305212631
2019,SWZ,EST,0.03006492596328908
2019,PAN,SVN,0.02974846815901061
2019,FRO,ITA,0.029631234021588647
2019,ATG,LUX,0.02944738942543338
2019,TCD,LVA,0.02926396293789986
2019,UGA,ESP,0.029093829421778777
2019,MCO,DEU,0.028499784470563512
2019,PNG,ITA,0.028084958160487956
2019,TTO,POL,0.027895537767348554
2019,PYF,HRV,0.027782971586056016
2019,KAZ,SVN,0.027587576166848527
2019,SLB,AUT,0.027481332679804345
2019,TJK,AUT,0.02739582898088399
2019,GUF,DNK,0.026976689437313895
2019,UKR,FIN,0.02688943986681888
2019,TCD,HRV,0.026832420060399133
2019,LCA,FIN,0.026768458189013918
2019,DZA,SVN,0.026722313822386837
2019,ABW,ROU,0.026680497851041332
2019,DOM,EST,0.02657414352206731
2019,ABW,CZE,0.02646609237345261
2019,COG,LVA,0.0262242438583753
2019,CMR,FIN,0.025700992667771917
2019,SEN,DNK,0.025499187490003947
2019,XKV,SVN,0.025472382537142603
2019,URY,EST,0.025417144724287126
2019,MCO,FRA,0.025237529191139498
2019,WLF,LUX,0.024990936732588034
2019,SMR,DNK,0.024915290812812185
2019,MAC,LVA,0.024824475732969007
2019,AGO,SVN,0.024652807916267665
2019,UGA,ROU,0.02454730560779283
2019,UGA,CZE,0.02435004254277285
2019,SWZ,SVN,0.024079603377330686
2019,COG,HRV,0.024045271259654163
2019,IOT,DNK,0.023992504717779646
2019,JOR,EST,0.02394378341391284
2019,TGO,EST,0.023897807326183504
2019,KEN,PRT,0.023705169994587265
2019,PRK,AUT,0.023585948901625204
2019,GUM,PRT,0.02336861525580467
2019,PRY,PRT,0.02325556583790524
2019,GRL,PRT,0.02308439953768635
2019,ABW,SVK,0.023051576037686775
2019,KEN,BGR,0.022807724176336093
2019,MAC,HRV,0.022761809877210434
2019,GAB,AUT,0.022562042290540388
2019,GGY,ITA,0.022559656245731828
2019,GUM,BGR,0.02248391094681085
2019,PRY,BGR,0.022375141427658094
2019,GRL,BGR,0.022210455253099223
2019,QAT,LVA,0.022177613431642887
2019,CAF,EST,0.021617159532591516
2019,ECU,FIN,0.021569780892843785
2019,ISR,LVA,0.021526535076875686
2019,EGY,LVA,0.021363563866903055
2019,MYS,LVA,0.021335376921883125
2019,FRO,ESP,0.02130329633898225
2019,DOM,SVN,0.021283765570718156
2019,UGA,SVK,0.021208527850475854
2019,IDN,LVA,0.020385326046873077
2019,URY,SVN,0.02035710198296763
2019,QAT,HRV,0.020334875382318877
2019,PNG,ESP,0.02019160545000871
2019,PLW,DNK,0.019908856258004943
2019,FJI,ITA,0.019834083485463314
2019,MNE,EST,0.01981242553900143
2019,ISR,HRV,0.01973789513243202
2019,KNA,EST,0.019679947058030323
2019,BTN,ITA,0.019604144515218854
2019,EGY,HRV,0.019588465201393054
2019,MYS,HRV,0.01956262030982457
2019,JOR,SVN,0.019177057301379603
2019,TGO,SVN,0.019140234128799186
2019,REU,DNK,0.01880987046170198
2019,IDN,HRV,0.01869150916841439
2019,SSD,LVA,0.018158037292640303
2019,FRO,ROU,0.01797420745496346
2019,GUF,DEU,0.017900911193992994
2019,FRO,CZE,0.017829766052288892
2019,UKR,PRT,0.01735476476481764
2019,CAF,SVN,0.01731361747987957
2019,LCA,PRT,0.017276681748973604
2019,PNG,ROU,0.017036241689184804
2019,SEN,DEU,0.016920485808246302
2019,PNG,CZE,0.016899337814449047
2019,UKR,BGR,0.01669773673808446
2019,SSD,HRV,0.01664928585176383
2019,LCA,BGR,0.01662260984008567
2019,CMR,PRT,0.0165877267871944
2019,FLK,LUX,0.016576944028530625
2019,TTO,ITA,0.016572280488063473
2019,SMR,DEU,0.016533029719938457
2019,CYP,LVA,0.016487418374563134
2019,SLB,EST,0.016364533498085077
2019,TJK,EST,0.01631361791253123
2019,GGY,ESP,0.01621920443671858
2019,MCO,POL,0.016087462045822495
2019,CMR,BGR,0.01595973778551841
2019,IOT,DEU,0.0159206969139945
2019,BHR,AUT,0.015890613333846292
2019,DJI,AUT,0.015881998156604186
2019,MNE,SVN,0.015868169757164433
2019,GUF,FRA,0.015851866152637655
2019,KNA,SVN,0.015762065079517443
2019,FRO,SVK,0.015529463212361885
2019,ABW,FIN,0.015257048890402004
2019,ARE,LVA,0.015133297680479732
2019,CYP,HRV,0.015117478670835476
2019,SEN,FRA,0.014983666102982084
2019,VUT,LVA,0.01473554311560823
2019,PNG,SVK,0.01471907394259232
2019,MNG,LVA,0.01466703801186441
2019,SMR,FRA,0.01464056054900662
2019,HTI,LUX,0.014619985637101693
2019,FJI,ESP,0.014259661200579504
2019,IOT,FRA,0.014098319007472696
2019,BTN,ESP,0.014094347193763951
2019,PRK,EST,0.014044917522082727
2019,UGA,FIN,0.014037198401495235
2019,ECU,PRT,0.013921393501613602
2019,ARE,HRV,0.013875871874338743
2019,GGY,ROU,0.013684612027228222
2019,LTU,AUT,0.013621116799296736
2019,GGY,CZE,0.013574641973682175
2019,VUT,HRV,0.0135111667389399
2019,MNG,HRV,0.0134483537247273
2019,GAB,EST,0.013435203494337564
2019,ECU,BGR,0.013394348288054499
2019,NRU,LUX,0.013212904616785051
2019,PLW,DEU,0.013210911912548008
2019,SLB,SVN,0.013106683734065703
2019,TJK,SVN,0.01306590441841536
2019,SLE,AUT,0.01298653268659162
2019,SDN,LVA,0.012912637677799146
2019,GMB,AUT,0.012684589188440745
2019,LBN,DNK,0.012515509387532929
2019,REU,DEU,0.012481658340170529
2019,SYC,LVA,0.012433398359290186
2019,GRC,AUT,0.01223154867748576
2019,CUB,LVA,0.012162739346747118
2019,MUS,LVA,0.012066465885863065
2019,FJI,ROU,0.012031288706607466
2019,TUR,AUT,0.011952049515768797
2019,FJI,CZE,0.011934604821038693
2019,TTO,ESP,0.011914596671631347
2019,BTN,ROU,0.011891808496294816
2019,SDN,HRV,0.011839726526229277
2019,GGY,SVK,0.011823312910166792
2019,BTN,CZE,0.011796245478907483
2019,PLW,FRA,0.011698712156187424
2019,AZE,LVA,0.011682234041090533
2019,FSM,LVA,0.011634175666977638
2019,ATG,DNK,0.011598625375029575
2019,NCL,LVA,0.011517389305745938
2019,SYC,HRV,0.011400307205921233
2019,PRK,SVN,0.011248856684763836
2019,CUB,HRV,0.01115213725255231
2019,MUS,HRV,0.01106386315418118
2019,REU,FRA,0.011052933296363804
2019,GAB,SVN,0.010760524467361223
2019,IRQ,LVA,0.010738309117676254
2019,AZE,HRV,0.010711557135977259
2019,FSM,HRV,0.010667491932492909
2019,NCL,HRV,0.010560409350802099
2019,GHA,LVA,0.010534077589696348
2019,YEM,LVA,0.01048422407170137
2019,OMN,LVA,0.010401224220371019
2019,FJI,SVK,0.010394864743533998
2019,FRO,FIN,0.010278419969434807
2019,BTN,SVK,0.010274355797571839
2019,MRT,AUT,0.010249150160958079
2019,GUF,POL,0.010104645869039697
2019,MDG,LVA,0.010100373768618241
2019,TTO,ROU,0.01005268991758062
2019,TTO,CZE,0.00997190612580643
2019,BGD,LVA,0.009943908531455586
2019,ABW,PRT,0.009847081077541744
2019,IRQ,HRV,0.00984606294080351
2019,WLF,DNK,0.009843334794289268
2019,PNG,FIN,0.00974205105960767
2019,GHA,HRV,0.009658801011858243
2019,YEM,HRV,0.009613089823009055
2019,PAN,LVA,0.009561348655917352
2019,MCO,ITA,0.0095572967830183
2019,SEN,POL,0.009551218659853197
2019,OMN,HRV,0.009536986429884457
2019,ABW,BGR,0.009474283846514171
2019,BHR,EST,0.009462513235318708
2019,DJI,EST,0.009457383085401559
2019,SMR,POL,0.009332508756221701
2019,MDG,HRV,0.009261133644192994
2019,BGD,HRV,0.009117669104639431
2019,UGA,PRT,0.009059775042604641
2019,IOT,POL,0.008986861202809147
2019,KAZ,LVA,0.008866824096386935
2019,PAN,HRV,0.008766896131734876
2019,UGA,BGR,0.008716784157994309
2019,TTO,SVK,0.008685383133109431
2019,DZA,LVA,0.008588723223763388
2019,LBN,DEU,0.008304911639154804
2019,XKV,LVA,0.008186987283940243
2019,KAZ,HRV,0.008130079622531039
2019,LTU,EST,0.008111077608227836
2019,AGO,LVA,0.007923570738999491
2019,DZA,HRV,0.00787508615328582
2019,GGY,FIN,0.007825445983477232
2019,SWZ,LVA,0.0077393391201263425
2019,SLE,EST,0.007733196626591635
2019,ATG,DEU,0.007696495275792141
2019,BHR,SVN,0.00757871700523854
2019,DJI,SVN,0.007574608165076353
2019,GMB,EST,0.007553395867014564
2019,XKV,HRV,0.007506730455406869
2019,PLW,POL,0.007457250920733651
2019,LBN,FRA,0.007354281929376966
2019,GRC,EST,0.007283620135833933
2019,KEN,AUT,0.007267531247121998
2019,AGO,HRV,0.007265201192958436
2019,GUM,AUT,0.007164350292038024
2019,PRY,AUT,0.007129691600400686
2019,TUR,EST,0.007117184488483932
2019,SWZ,HRV,0.007096277380537615
2019,GRL,AUT,0.007077215434417524
2019,REU,POL,0.007045604328124482
2019,FJI,FIN,0.006880005052232833
2019,MCO,ESP,0.006871192925002746
2019,DOM,LVA,0.006840738899384533
2019,ATG,FRA,0.0068155085310520865
2019,BTN,FIN,0.006800244307142365
2019,FRO,PRT,0.0066338146724901695
2019,URY,LVA,0.006542903272962795
2019,WLF,DEU,0.006531737795876055
2019,FLK,DNK,0.006529263455989041
2019,LTU,SVN,0.006496325053564421
2019,FRO,BGR,0.006382667381066446
2019,PNG,PRT,0.006287635789504278
2019,DOM,HRV,0.0062723418581861765
2019,SLE,SVN,0.006193672581619313
2019,JOR,LVA,0.0061636293362371955
2019,TGO,LVA,0.006151794132159578
2019,MRT,EST,0.0061031451090856155
2019,GMB,SVN,0.006049666540066268
2019,PNG,BGR,0.006049594364479043
2019,GUF,ITA,0.006003004027772661
2019,URY,HRV,0.005999253395968704
2019,GRC,SVN,0.005833597735653076
2019,MCO,ROU,0.005797424263919189
2019,WLF,FRA,0.005784076137928482
2019,HTI,DNK,0.005758464152567576
2019,MCO,CZE,0.0057508359459264085
2019,TTO,FIN,0.005748557707164098
2019,TUR,SVN,0.005700296081062909
2019,SEN,ITA,0.005674222019092402
2019,JOR,HRV,0.005651493333198722
2019,TGO,HRV,0.005640641516307582
2019,CAF,LVA,0.005564707814044949
2019,SMR,ITA,0.005544290060127232
2019,IOT,ITA,0.005338946529812842
2019,UKR,AUT,0.005320623950115659
2019,LCA,AUT,0.005296685258359993
2019,NRU,DNK,0.005204248449736155
2019,CAF,HRV,0.0051023362043170735
2019,MNE,LVA,0.00510013163597391
2019,CMR,AUT,0.005085465439487849
2019,KNA,LVA,0.00506602891137028
2019,GGY,PRT,0.005050636045067645
2019,MCO,SVK,0.005008893274352733
2019,MRT,SVN,0.004888131564352597
2019,GGY,BGR,0.004859425764812766
2019,LBN,POL,0.0046879284622944615
2019,MNE,HRV,0.004676361664009255
2019,KNA,HRV,0.004645092535022504
2019,FJI,PRT,0.0044404372070835285
2019,PLW,ITA,0.004430230202370254
2019,BTN,PRT,0.004388958672187761
2019,ATG,POL,0.004344491649157725
2019,FLK,DEU,0.004332620782080719
2019,KEN,EST,0.00432765615582056
2019,GUF,ESP,0.004315843668021784
2019,FJI,BGR,0.00427232823323462
2019,ECU,AUT,0.0042680209549039155
2019,GUM,EST,0.0042662141502413705
2019,PRY,EST,0.004245575656216812
2019,BTN,BGR,0.004222798606356912
2019,GRL,EST,0.004214327245301369
2019,SLB,LVA,0.004212572298997019
2019,TJK,LVA,0.004199465565137697
2019,REU,ITA,0.004185677727649378
2019,SEN,ESP,0.004079466723452472
2019,SMR,ESP,0.003986052489549057
2019,SLB,HRV,0.0038625496383163883
2019,TJK,HRV,0.003850531943061666
2019,IOT,ESP,0.0038384213083976723
2019,FLK,FRA,0.003836683171230235
2019,HTI,DEU,0.003821141791635953
2019,TTO,PRT,0.0037101876141317673
2019,WLF,POL,0.0036870132822566792
2019,GRD,LUX,0.003670927762636601
2019,GUF,ROU,0.0036414021660236663
2019,PRK,LVA,0.0036154547578240996
2019,GUF,CZE,0.0036121397221645663
2019,TTO,BGR,0.003569724906629981
2019,KEN,SVN,0.0034661067821309998
2019,GAB,LVA,0.003458501647985085
2019,NRU,DEU,0.003453381095804274
2019,SEN,ROU,0.003441964099179303
2019,GUM,SVN,0.003416896645147421
2019,SEN,CZE,0.003414304347076927
2019,PRY,SVN,0.0034003668605398166
2019,HTI,FRA,0.0033837511160654987
2019,GRL,SVN,0.003375339380281441
2019,SMR,ROU,0.0033631478074322824
2019,SMR,CZE,0.003336121425995182
2019,MCO,FIN,0.003315214953140977
2019,PRK,HRV,0.003315046597659029
2019,IOT,ROU,0.0032385871087210402
2019,IOT,CZE,0.003212561701712718
2019,PLW,ESP,0.0031851021385825773
2019,DMA,LUX,0.003171423047468596
2019,GAB,HRV,0.0031711347227730696
2019,UKR,EST,0.003168315375271726
2019,LCA,EST,0.003154060407082945
2019,GUF,SVK,0.0031461204128398865
2019,NRU,FRA,0.0030580865024965012
2019,CMR,EST,0.0030282836173738787
2019,ABW,AUT,0.003018918212369664
2019,REU,ESP,0.0030092817918628105
2019,SEN,SVK,0.002973808719544678
2019,SMR,SVK,0.002905712548612694
2019,IOT,SVK,0.0027980938514774183
2019,LBN,ITA,0.002785021247235279
2019,UGA,AUT,0.0027775459205337653
2019,PLW,ROU,0.002687362823722805
2019,PLW,CZE,0.0026657670756640036
2019,ATG,ITA,0.0025809910813823543
2019,ECU,EST,0.002541513277424924
2019,REU,ROU,0.0025390181104700538
2019,UKR,SVN,0.0025375674533174714
2019,LCA,SVN,0.0025261503628326507
2019,REU,CZE,0.002518614466069524
2019,FLK,POL,0.0024456631404583804
2019,BHR,LVA,0.0024358483019794428
2019,DJI,LVA,0.0024345276943719477
2019,CMR,SVN,0.0024254132043920675
2019,PLW,SVK,0.00232184379833381
2019,BHR,HRV,0.002233453650171036
2019,DJI,HRV,0.0022322427718585373
2019,REU,SVK,0.002193676046126699
2019,WLF,ITA,0.0021903939901202676
2019,HTI,POL,0.0021569452080643786
2019,MCO,PRT,0.002139679217623441
2019,LTU,LVA,0.0020879605795932924
2019,GUF,FIN,0.0020823093776891595
2019,MCO,BGR,0.002058673843407878
2019,ECU,SVN,0.0020355490571750904
2019,FRO,AUT,0.002033794966707562
2019,LBN,ESP,0.002002283566623939
2019,SLE,LVA,0.001990686132036035
2019,SEN,FIN,0.00196826216787171
2019,NRU,POL,0.0019493528930330773
2019,GMB,LVA,0.0019444016657405789
2019,PNG,AUT,0.001927663441400288
2019,SMR,FIN,0.001923191643953524
2019,LTU,HRV,0.0019144719209797606
2019,GRC,LVA,0.001874955764808164
2019,ATG,ESP,0.0018555966253345623
2019,IOT,FIN,0.001851962513197784
2019,TUR,LVA,0.0018321117572063406
2019,SLE,HRV,0.0018252800079248395
2019,ABW,EST,0.0017976998710331185
2019,GMB,HRV,0.0017828413182454368
2019,GRC,HRV,0.0017191656776889721
2019,LBN,ROU,0.0016893845739875857
2019,TUR,HRV,0.0016798815789671891
2019,LBN,CZE,0.0016758086164309057
2019,UGA,EST,0.001653967942116844
2019,WLF,ESP,0.001574777892701347
2019,MRT,LVA,0.0015710768673180748
2019,ATG,ROU,0.001565620557766082
2019,ATG,CZE,0.0015530391724679266
2019,GGY,AUT,0.0015484240477394167
2019,PLW,FIN,0.0015367489098854032
2019,LBN,SVK,0.0014596045839020946
2019,FLK,ITA,0.0014529282740852792
2019,REU,FIN,0.0014519190631799171
2019,GRD,DNK,0.0014458910188094136
2019,MRT,HRV,0.001440536079836898
2019,ABW,SVN,0.0014398139526042046
2019,FJI,AUT,0.0013613492820651065
2019,ATG,SVK,0.0013526742092671196
2019,BTN,AUT,0.0013455669923368968
2019,GUF,PRT,0.0013439472743336258
2019,WLF,ROU,0.0013286856685699405
2019,UGA,SVN,0.001324696162352911
2019,WLF,CZE,0.0013180083008939132
2019,GUF,BGR,0.0012930672400805001
2019,HTI,ITA,0.0012814056959054956
2019,SEN,PRT,0.0012703398467238001
2019,DMA,DNK,0.001249148007719585
2019,SMR,PRT,0.0012412507937609523
2019,SEN,BGR,0.001222246490571517
2019,FRO,EST,0.0012110804904807723
2019,IOT,PRT,0.0011952786643751813
2019,SMR,BGR,0.001194258709986988
2019,NRU,ITA,0.0011580785135956433
2019,IOT,BGR,0.0011500270235207481
2019,WLF,SVK,0.0011479657872287138
2019,PNG,EST,0.0011478814847655189
2019,TTO,AUT,0.0011374693547671014
2019,KEN,LVA,0.0011140289727004373
2019,GUM,LVA,0.0010982125187374815
2019,PRY,LVA,0.0010928997398409097
2019,GRL,LVA,0.0010848557470057045
2019,FLK,ESP,0.0010445788913000954
2019,KEN,HRV,0.001021464297859662
2019,GUM,HRV,0.0010069620331629567
2019,PRY,HRV,0.001002090693100664
2019,GRL,HRV,0.0009947150756842843
2019,PLW,PRT,0.000991836050350805
2019,FRO,SVN,0.0009699787022395773
2019,LBN,FIN,0.0009660622970351944
2019,GRD,DEU,0.0009594493343611903
2019,PLW,BGR,0.0009542864729387328
2019,REU,PRT,0.0009370858568956441
2019,GGY,EST,0.000922052707330807
2019,HTI,ESP,0.0009212631931037946
2019,PNG,SVN,0.0009193613485390168
2019,REU,BGR,0.0009016090480895762
2019,ATG,FIN,0.0008952887433741525
2019,FLK,ROU,0.0008813414316988572
2019,FLK,CZE,0.000874258939024353
2019,GRD,FRA,0.0008496250421953146
2019,NRU,ESP,0.0008325974456872578
2019,DMA,DEU,0.0008288966519150494
2019,UKR,LVA,0.0008155904710585127
2019,LCA,LVA,0.000811920944877264
2019,FJI,EST,0.0008106537695429959
2019,BTN,EST,0.0008012557606493596
2019,CMR,LVA,0.0007795433754068487
2019,HTI,ROU,0.0007772964094372993
2019,HTI,CZE,0.0007710500264491011
2019,FLK,SVK,0.0007614666390933553
2019,WLF,FIN,0.0007597992480697602
2019,UKR,HRV,0.0007478230533281061
2019,LCA,HRV,0.0007444584281019591
2019,GGY,SVN,0.0007384905425222225
2019,DMA,FRA,0.0007340161982891735
2019,CMR,HRV,0.0007147711110967904
2019,NRU,ROU,0.0007024865531195253
2019,NRU,CZE,0.0006968413449318013
2019,TTO,EST,0.0006773381617264415
2019,HTI,SVK,0.0006715731987461952
2019,MCO,AUT,0.0006559828753156621
2019,ECU,LVA,0.0006542385355052238
2019,FJI,SVN,0.0006492688946172239
2019,BTN,SVN,0.0006417418404354936
2019,LBN,PRT,0.0006235081130824849
2019,NRU,SVK,0.000606938531848093
2019,LBN,BGR,0.000599902935441518
2019,ECU,HRV,0.0005998778511860822
2019,ATG,PRT,0.0005778300185799204
2019,ATG,BGR,0.0005559541520937086
2019,TTO,SVN,0.0005424937452571287
2019,GRD,POL,0.0005415867185721251
2019,FLK,FIN,0.0005039886956997522
2019,WLF,PRT,0.0004903834845220217
2019,WLF,BGR,0.00047181822607315964
2019,DMA,POL,0.00046789278148281495
2019,ABW,LVA,0.00046276544818774014
2019,HTI,FIN,0.00044449130549698295
2019,UGA,LVA,0.00042576585132755716
2019,ABW,HRV,0.00042431426398271103
2019,GUF,AUT,0.0004120273684151711
2019,NRU,FIN,0.00040171183257647745
2019,MCO,EST,0.0003906234774837619
2019,UGA,HRV,0.0003903889638747038
2019,SEN,AUT,0.0003894608025438095
2019,SMR,AUT,0.0003805426804039997
2019,IOT,AUT,0.0003664485445305124
2019,FLK,PRT,0.00032528030711378346
2019,GRD,ITA,0.0003217477678201523
2019,FLK,BGR,0.00031296563265899676
2019,MCO,SVN,0.0003128581929377761
2019,FRO,LVA,0.000311757382308027
2019,PLW,AUT,0.00030407710594745506
2019,PNG,LVA,0.0002954886398576917
2019,REU,AUT,0.0002872917911063376
2019,HTI,PRT,0.0002868799828153293
2019,FRO,HRV,0.00028585345931345546
2019,DMA,ITA,0.0002779674110512914
2019,HTI,BGR,0.00027601909293449865
2019,PNG,HRV,0.00027093648678283165
2019,NRU,PRT,0.0002592696014546376
2019,NRU,BGR,0.00024945400343622047
2019,GUF,EST,0.0002453533004064603
2019,GGY,LVA,0.00023735560158628905
2019,SEN,EST,0.00023191540321852562
2019,GRD,ESP,0.00023131969594262876
2019,SMR,EST,0.00022660485623023557
2019,IOT,EST,0.0002182121060926943
2019,GGY,HRV,0.00021763372305272293
2019,FJI,LVA,0.00020867919113330924
2019,BTN,LVA,0.00020625994759448842
2019,DMA,ESP,0.00019984392569985412
2019,GUF,SVN,0.00019650838882226537
2019,GRD,ROU,0.00019517111986484787
2019,GRD,CZE,0.00019360271745347694
2019,FJI,HRV,0.00019134003573731672
2019,LBN,AUT,0.0001911551233632034
2019,BTN,HRV,0.00018912180716042167
2019,SEN,SVN,0.00018574570692157078
2019,SMR,SVN,0.00018149238311991413
2019,PLW,EST,0.00018107127642811688
2019,ATG,AUT,0.00017715113270706467
2019,IOT,SVN,0.00017477046087723843
2019,TTO,LVA,0.00017436097261655872
2019,REU,EST,0.00017107598798290867
2019,GRD,SVK,0.00016862511093470561
2019,DMA,ROU,0.00016861410187354552
2019,DMA,CZE,0.00016725911265099693
2019,TTO,HRV,0.0001598733182281364
2019,WLF,AUT,0.00015034177344647266
2019,DMA,SVK,0.0001456802197644373
2019,PLW,SVN,0.00014502362403087278
2019,REU,SVN,0.00013701819665358551
2019,LBN,EST,0.00011382870168834909
2019,GRD,FIN,0.00011160718718208899
2019,ATG,EST,0.00010548963105922836
2019,MCO,LVA,0.000100554631806555
2019,FLK,AUT,9.972443971347362e-05
2019,DMA,FIN,9.642074935252762e-05
2019,MCO,HRV,9.219954677286395e-05
2019,LBN,SVN,9.116769464055184e-05
2019,WLF,EST,8.95252430583303e-05
2019,HTI,AUT,8.795166791717956e-05
2019,ATG,SVN,8.448876539489314e-05
2019,NRU,AUT,7.948687693151692e-05
2019,GRD,PRT,7.203260793833967e-05
2019,WLF,SVN,7.170256623069648e-05
2019,GRD,BGR,6.930555038984922e-05
2019,GUF,LVA,6.315905778069955e-05
2019,DMA,PRT,6.223110008049877e-05
2019,DMA,BGR,5.9875114422299914e-05
2019,SEN,LVA,5.969986271979007e-05
2019,FLK,EST,5.938372615634461e-05
2019,SMR,LVA,5.833281714296317e-05
2019,GUF,HRV,5.791117124454546e-05
2019,IOT,LVA,5.617234817842185e-05
2019,SEN,HRV,5.4739400724532555e-05
2019,SMR,HRV,5.3485942973886476e-05
2019,HTI,EST,5.2373297634901556e-05
2019,IOT,HRV,5.150498739015211e-05
2019,FLK,SVN,4.756161963142125e-05
2019,NRU,EST,4.733269944946628e-05
2019,PLW,LVA,4.661152383686186e-05
2019,REU,LVA,4.403852808176159e-05
2019,PLW,HRV,4.273857200749111e-05
2019,HTI,SVN,4.194682654968874e-05
2019,REU,HRV,4.037936648700227e-05
2019,NRU,SVN,3.790971016902709e-05
2019,LBN,LVA,2.930188236769752e-05
2019,ATG,LVA,2.7155231628418923e-05
2019,LBN,HRV,2.686718876451965e-05
2019,ATG,HRV,2.489890324961791e-05
2019,WLF,LVA,2.3045665127736644e-05
2019,GRD,AUT,2.2083757641185668e-05
2019,WLF,HRV,2.1130800657140904e-05
2019,DMA,AUT,1.907881126695441e-05
2019,FLK,LVA,1.5286609902244674e-05
2019,FLK,HRV,1.4016445382565212e-05
2019,HTI,LVA,1.3481979357965158e-05
2019,GRD,EST,1.3150395429998781e-05
2019,HTI,HRV,1.2361761602357767e-05
2019,NRU,LVA,1.2184424234330012e-05
2019,DMA,EST,1.1361015483472594e-05
2019,NRU,HRV,1.1172020342679971e-05
2019,GRD,SVN,1.0532415965237612e-05
2019,DMA,SVN,9.099265607365051e-06
2019,GRD,LVA,3.385186110911883e-06
2019,GRD,HRV,3.103910974168804e-06
2019,DMA,LVA,2.924562384852167e-06
2019,DMA,HRV,2.6815604766080825e-06
2020,CHE,MLT,6951.474467963703
2020,CHE,DEU,5088.077592036073
2020,SGP,MLT,2860.791092743128
2020,ASM,MLT,2422.1430703733336
2020,BMU,MLT,2216.8237631257634
2020,SGP,DEU,2093.9337577322026
2020,IRL,MLT,2070.599081991078
2020,CHE,FRA,1993.9075946268426
2020,ASM,DEU,1772.8687543726385
2020,CYM,MLT,1751.903497210415
2020,BMU,DEU,1622.5868866576368
2020,IRL,DEU,1515.5588702399984
2020,CHE,POL,1311.0424122900256
2020,CYM,DEU,1282.292119268485
2020,TLS,MLT,1076.926529920479
2020,PRI,MLT,1064.5828455278856
2020,HKG,MLT,902.059080111208
2020,SGP,FRA,820.567364916506
2020,TLS,DEU,788.2479854324574
2020,PRI,DEU,779.2131217858222
2020,ASM,FRA,694.7489321218617
2020,JPN,MLT,677.8065067625341
2020,HKG,DEU,660.2551175809734
2020,CHE,ITA,649.2250633997489
2020,BMU,FRA,635.8567175375829
2020,NPL,MLT,630.3184737091716
2020,CHE,ESP,623.4183476733235
2020,LBR,MLT,596.81422188039
2020,IRL,FRA,593.9147520481025
2020,NLD,MLT,558.2804533557119
2020,SGP,POL,539.5428657003235
2020,COD,MLT,509.1446244524221
2020,CHE,ROU,507.7945735148278
2020,CYM,FRA,502.5025560029736
2020,JPN,DEU,496.11519321381246
2020,NPL,DEU,461.35669730302175
2020,ASM,POL,456.8142066159431
2020,CHE,CZE,444.4264556432161
2020,LBR,DEU,436.8335211403833
2020,VGB,MLT,421.6806441009918
2020,BRB,MLT,420.56572919763744
2020,BMU,POL,418.0911528085653
2020,NLD,DEU,408.6290294069119
2020,MHL,MLT,403.33840181794875
2020,IRL,POL,390.51329726516224
2020,COD,DEU,372.66444215839084
2020,MUS,MLT,357.2237026202693
2020,IRN,MLT,349.21591092803095
2020,CYM,POL,330.40757002951085
2020,BHS,MLT,322.8344467878453
2020,CHE,DNK,318.3704939070193
2020,TLS,FRA,308.89734210482993
2020,VGB,DEU,308.6458629940259
2020,BRB,DEU,307.8298097145486
2020,PRI,FRA,305.3567743922539
2020,MHL,DEU,295.2204016220321
2020,CHE,SVK,285.1452503214534
2020,SGP,ITA,267.18033521076177
2020,MUS,DEU,261.4671067300596
2020,HKG,FRA,258.7397046374698
2020,SGP,ESP,256.5599088791467
2020,IRN,DEU,255.60586597333332
2020,BHS,DEU,236.29615878022014
2020,ASM,ITA,226.21330131807667
2020,ASM,ESP,217.22131581141537
2020,SGP,ROU,208.97641206183596
2020,BMU,ITA,207.03773779132987
2020,MDA,MLT,204.23108025875717
2020,TLS,POL,203.1074647764128
2020,PRI,POL,200.77945597235362
2020,BMU,ESP,198.80798150951915
2020,JPN,FRA,194.41681728814544
2020,IRL,ITA,193.3812497587869
2020,ARE,MLT,188.10623044203038
2020,IRL,ESP,185.6943392855339
2020,SGP,CZE,182.89806738741376
2020,NPL,FRA,180.79571428397563
2020,ASM,ROU,176.93384519794003
2020,LBR,FRA,171.1856117824747
2020,HKG,POL,170.12760643333698
2020,CYM,ITA,163.61703754913543
2020,BMU,ROU,161.9355839601798
2020,CHE,PRT,161.72453186771355
2020,NLD,FRA,160.1328813056475
2020,CPV,MLT,157.19032224567707
2020,GIN,MLT,157.1336171893212
2020,CYM,ESP,157.1132554032041
2020,CHE,AUT,156.12250700189676
2020,ASM,CZE,154.85411976807944
2020,IRL,ROU,151.2540947399684
2020,MDA,DEU,149.4853484467015
2020,BEL,MLT,148.59350635277133
2020,COD,FRA,146.039137184157
2020,BMU,CZE,141.72750434056312
2020,ARE,DEU,137.682890219236
2020,LIE,MLT,136.96149641801205
2020,CHE,BGR,135.22930083360475
2020,LAO,MLT,132.6949949690689
2020,IRL,CZE,132.3789672692209
2020,SGP,DNK,131.02133617247242
2020,CYM,ROU,127.97386990413428
2020,JPN,POL,127.83375408874022
2020,VGB,FRA,120.95164021028185
2020,BRB,FRA,120.63184657464296
2020,NPL,POL,118.8775498048703
2020,SGP,SVK,117.34790885257736
2020,WSM,MLT,116.66566471669826
2020,MHL,FRA,115.69049218201924
2020,CPV,DEU,115.05423201783599
2020,GIN,DEU,115.01272719350999
2020,LBR,POL,112.55867524926177
2020,CYM,CZE,112.00390154381921
2020,ASM,DNK,110.93170077543452
2020,BFA,MLT,110.40169844258139
2020,BEL,DEU,108.76185958532002
2020,NLD,POL,105.29123794886723
2020,MUS,FRA,102.46330572281039
2020,BMU,DNK,101.52828434079082
2020,TLS,ITA,100.5783302357869
2020,LIE,DEU,100.24790051488894
2020,UZB,MLT,100.21358719859079
2020,IRN,FRA,100.16641220116578
2020,PRI,ITA,99.42550585021229
2020,ASM,SVK,99.35483404261049
2020,LAO,DEU,97.12506801096463
2020,TLS,ESP,96.58033859473517
2020,COD,POL,96.0242607122941
2020,SWE,MLT,95.9043276264465
2020,NER,MLT,95.59181480266969
2020,PRI,ESP,95.47333901303554
2020,IRL,DNK,94.83134196276852
2020,MLI,MLT,93.83315328096676
2020,BHS,FRA,92.5993554639351
2020,BMU,SVK,90.9327610664746
2020,GNQ,MLT,89.17517826252033
2020,BLZ,MLT,88.10610138700596
2020,WSM,DEU,85.39252458463108
2020,IRL,SVK,84.93471367415808
2020,HKG,ITA,84.24678335142754
2020,PYF,MLT,84.23310295977883
2020,CHE,FIN,83.93129798942098
2020,HKG,ESP,80.89797118846064
2020,BFA,DEU,80.80766326010408
2020,CYM,DNK,80.23540678380674
2020,VGB,POL,79.52862538817895
2020,BRB,POL,79.31835334717124
2020,TLS,ROU,78.66783521798132
2020,TCD,MLT,78.21631493634153
2020,PRI,ROU,77.76614796002976
2020,MHL,POL,76.06929346077378
2020,VCT,MLT,75.72287882180817
2020,UZB,DEU,73.35055458990504
2020,CYM,SVK,71.86201482193256
2020,ISR,MLT,71.63933167186029
2020,COG,MLT,70.407174707082
2020,SWE,DEU,70.19642561074518
2020,NER,DEU,69.96768428353312
2020,TLS,CZE,68.85080897389918
2020,MLI,DEU,68.68044568087535
2020,PRI,CZE,68.06164403781825
2020,MUS,POL,67.37209882145223
2020,SGP,PRT,66.55567856537553
2020,HKG,ROU,65.89403557205735
2020,IRN,POL,65.86183584261349
2020,CHE,LUX,65.51074663000266
2020,GNQ,DEU,65.27107714692697
2020,BLZ,DEU,64.48857465489637
2020,SGP,AUT,64.25023632987397
2020,JPN,ITA,63.30296893898715
2020,PYF,DEU,61.6537636227359
2020,BHS,POL,60.88631323291549
2020,JPN,ESP,60.786674026568946
2020,CYP,MLT,59.58451444654012
2020,NPL,ITA,58.867878022393484
2020,MDA,FRA,58.580075905258504
2020,HKG,CZE,57.6710626791728
2020,TCD,DEU,57.24982249353112
2020,NPL,ESP,56.52787810682279
2020,ASM,PRT,56.35062834194662
2020,LBR,ITA,55.73878647239983
2020,SGP,BGR,55.651902497166354
2020,VCT,DEU,55.42477135078457
2020,ASM,AUT,54.398681920891576
2020,ARE,FRA,53.95494771699271
2020,LBR,ESP,53.52316803971548
2020,ISR,DEU,52.43585082098524
2020,HUN,MLT,52.150415551695495
2020,NLD,ITA,52.139968922431365
2020,BMU,PRT,51.57391960180169
2020,COG,DEU,51.53398312784301
2020,TWN,MLT,50.4166542518136
2020,NLD,ESP,50.06740359520934
2020,BMU,AUT,49.78743503634778
2020,JPN,ROU,49.51272821518092
2020,TLS,DNK,49.32214493665396
2020,PRI,DNK,48.75681668653763
2020,SSD,MLT,48.51461910908431
2020,IRL,PRT,48.17203440276996
2020,COD,ITA,47.55098398377532
2020,ASM,BGR,47.11873940342535
2020,IRL,AUT,46.50338876537193
2020,NPL,ROU,46.04380006151772
2020,COD,ESP,45.660830945389755
2020,CPV,FRA,45.08726584150245
2020,GIN,FRA,45.07100099826051
2020,TLS,SVK,44.17487057849214
2020,PRI,SVK,43.66854016006998
2020,CYP,DEU,43.61242124745921
2020,LBR,ROU,43.59636572988977
2020,JPN,CZE,43.33399263719421
2020,BMU,BGR,43.12459593146317
2020,BEL,FRA,42.62142113798378
2020,HKG,DNK,41.313392747372504
2020,MNG,MLT,41.22641603982022
2020,NLD,ROU,40.78153289923134
2020,CYM,PRT,40.75765138309704
2020,VUT,MLT,40.748180486432474
2020,NPL,CZE,40.297954986097714
2020,IRL,BGR,40.28003950165977
2020,VGB,ITA,39.38238486850223
2020,CYM,AUT,39.34583479668598
2020,LIE,FRA,39.28498466589739
2020,BRB,ITA,39.27825865727159
2020,MDA,POL,38.51781508527536
2020,HUN,DEU,38.17109046531232
2020,LBR,CZE,38.155938071863844
2020,LAO,FRA,38.06121412905097
2020,VGB,ESP,37.81693388974923
2020,BRB,ESP,37.71694669853552
2020,MHL,ITA,37.66933198109223
2020,COD,ROU,37.19223578000414
2020,HKG,SVK,37.00191425408446
2020,TWN,DEU,36.90207738606951
2020,MHL,ESP,36.171974905951366
2020,NLD,CZE,35.692370630607684
2020,SSD,DEU,35.509897578233584
2020,ARE,POL,35.4766815676364
2020,SGP,FIN,34.540860474575005
2020,CYM,BGR,34.080350312371806
2020,WSM,FRA,33.463484039660884
2020,SYC,MLT,33.42492280287221
2020,MUS,ITA,33.36250202030496
2020,NCL,MLT,33.2411043665446
2020,SDN,MLT,32.72527647515899
2020,IRN,ITA,32.614623409364974
2020,COD,CZE,32.550984959809504
2020,CHE,EST,32.53029987200217
2020,QAT,MLT,32.31521014860244
2020,MUS,ESP,32.03634156517451
2020,FSM,MLT,32.02452455906603
2020,CHE,SVN,31.947367717506793
2020,BFA,FRA,31.666776019800075
2020,IRN,ESP,31.31819115143218
2020,JPN,DNK,31.042851890757486
2020,VGB,ROU,30.80312584294729
2020,BRB,ROU,30.721683015175532
2020,MNG,DEU,30.175354109242924
2020,BHS,ITA,30.150756526457847
2020,VUT,DEU,29.82531332090065
2020,CPV,POL,29.64596650902854
2020,GIN,POL,29.635271981670858
2020,MHL,ROU,29.463253109421757
2020,ASM,FIN,29.244675032528196
2020,YEM,MLT,29.073119786903046
2020,BHS,ESP,28.952263050958944
2020,NPL,DNK,28.86794804732862
2020,UZB,FRA,28.744496368495163
2020,BEL,POL,28.024614046584706
2020,JPN,SVK,27.803210229861964
2020,SWE,FRA,27.508461419691873
2020,NER,FRA,27.418822639370003
2020,LBR,DNK,27.333487228710528
2020,MDG,MLT,27.062801821881106
2020,SGP,LUX,26.960116346793157
2020,VGB,CZE,26.959177500374118
2020,MLI,FRA,26.91438166347893
2020,BRB,CZE,26.887897992533716
2020,BMU,FIN,26.765673485590874
2020,MUS,ROU,26.094644892594097
2020,NPL,SVK,25.855280026754844
2020,LIE,POL,25.83082646455025
2020,MHL,CZE,25.786508627896794
2020,GNQ,FRA,25.578323851907477
2020,NLD,DNK,25.56867963661788
2020,IRN,ROU,25.509687962104657
2020,BLZ,FRA,25.27167804443859
2020,TLS,PRT,25.05445998686506
2020,LAO,POL,25.026167772723127
2020,IRL,FIN,25.000173613256823
2020,PRI,PRT,24.767286871418122
2020,LBR,SVK,24.480956015557048
2020,SYC,DEU,24.465111900015057
2020,NCL,DEU,24.330567427300394
2020,TLS,AUT,24.186590986255815
2020,PYF,FRA,24.160776894817005
2020,SDN,DEU,23.953011219965994
2020,PRI,AUT,23.90936534702012
2020,XKV,MLT,23.782261711852897
2020,QAT,DEU,23.65286636623511
2020,BHS,ROU,23.58256237263436
2020,FSM,DEU,23.440101313113757
2020,COD,DNK,23.318308411266376
2020,NLD,SVK,22.90032429167805
2020,MUS,CZE,22.83827190316618
2020,ASM,LUX,22.826294150415723
2020,PAN,MLT,22.755162955599644
2020,TCD,FRA,22.434967587672173
2020,IRN,CZE,22.32631224687859
2020,WSM,POL,22.003049166978258
2020,VCT,FRA,21.719769505826772
2020,YEM,DEU,21.279843578516946
2020,CYM,FIN,21.152280016378796
2020,HKG,PRT,20.98620704432215
2020,TLS,BGR,20.94980314772939
2020,BMU,LUX,20.89136348537031
2020,COD,SVK,20.884802506055372
2020,BFA,POL,20.821670239044543
2020,PRI,BGR,20.709677427953853
2020,BHS,CZE,20.63967430315385
2020,ISR,FRA,20.548476176214216
2020,HKG,AUT,20.25925948513776
2020,COG,FRA,20.195053727327128
2020,MDG,DEU,19.808407002315015
2020,IRL,LUX,19.513341012438264
2020,VGB,DNK,19.312546647788935
2020,BRB,DNK,19.261484673803263
2020,MDA,ITA,19.073929802986246
2020,UZB,POL,18.90020077187505
2020,MHL,DNK,18.4724905184128
2020,MDA,ESP,18.315740521700945
2020,KAZ,MLT,18.261739470250824
2020,SWE,POL,18.08747793290261
2020,NER,POL,18.028538269347177
2020,MLI,POL,17.696856141412894
2020,ARE,ITA,17.567967766756187
2020,HKG,BGR,17.548049593826153
2020,XKV,DEU,17.407241220791317
2020,VGB,SVK,17.297083283844813
2020,BRB,SVK,17.251350153317006
2020,CYP,FRA,17.09076490529225
2020,ARE,ESP,16.869640521542415
2020,GNQ,POL,16.8183658538179
2020,PAN,DEU,16.655464286187808
2020,BLZ,POL,16.6167388274572
2020,MHL,SVK,16.54469567293453
2020,CYM,LUX,16.509951472149506
2020,TGO,MLT,16.454739009044786
2020,MUS,DNK,16.360483975398118
2020,BGD,MLT,16.02859374129279
2020,IRN,DNK,15.993735221890972
2020,PYF,POL,15.886294484429248
2020,JPN,PRT,15.769020012695446
2020,JPN,AUT,15.222792169581693
2020,HUN,FRA,14.958425023451355
2020,MDA,ROU,14.918767921310831
2020,CAF,MLT,14.874652454186414
2020,CUW,MLT,14.813193777362084
2020,BHS,DNK,14.78549086927069
2020,TCD,POL,14.751533172877505
2020,MNE,MLT,14.721228920296504
2020,CPV,ITA,14.680611630825817
2020,GIN,ITA,14.675315726485323
2020,NPL,PRT,14.664221318509453
2020,MUS,SVK,14.653098788443248
2020,TWN,FRA,14.461126236116922
2020,URY,MLT,14.415290084044644
2020,IRN,SVK,14.324624048713067
2020,VCT,POL,14.28127315630774
2020,LTU,MLT,14.246562301788714
2020,NPL,AUT,14.156262930778107
2020,CPV,ESP,14.097056878544942
2020,GIN,ESP,14.091971486560693
2020,SWZ,MLT,14.016521116762506
2020,SSD,FRA,13.915561070940386
2020,LBR,PRT,13.884752233560787
2020,BEL,ITA,13.877721773597782
2020,ARE,ROU,13.740872314643374
2020,ISR,POL,13.511119495981346
2020,LBR,AUT,13.403794110697048
2020,SGP,EST,13.387432054446935
2020,KAZ,DEU,13.366537965204111
2020,BEL,ESP,13.326081917203108
2020,JOR,MLT,13.299520338358771
2020,COG,POL,13.278735697858
2020,BHS,SVK,13.242472451844261
2020,JPN,BGR,13.185591119176658
2020,SGP,SVN,13.147533724540182
2020,MDA,CZE,13.057042149817846
2020,TLS,FIN,13.00268625196377
2020,IDN,MLT,12.98987907735218
2020,NLD,PRT,12.988272543608346
2020,PRI,FIN,12.853650035573034
2020,TJK,MLT,12.806187646767011
2020,LIE,ITA,12.791363415789881
2020,IMN,MLT,12.769084822740313
2020,NLD,AUT,12.53836785127128
2020,LAO,ITA,12.392898358275742
2020,LIE,ESP,12.282906336674575
2020,NPL,BGR,12.26179091860562
2020,SLB,MLT,12.05602775127535
2020,TGO,DEU,12.043918052287346
2020,ARE,CZE,12.026137140405318
2020,CHE,HRV,11.996155143915903
2020,LAO,ESP,11.90028027713801
2020,COD,PRT,11.845138239664859
2020,MNG,FRA,11.825068828185278
2020,CHE,LVA,11.798111799843396
2020,BGD,DEU,11.732004342786764
2020,VUT,FRA,11.687895411766224
2020,LBR,BGR,11.610021776585546
2020,CPV,ROU,11.482512524969936
2020,GIN,ROU,11.478370307366882
2020,COD,AUT,11.434830921465798
2020,ASM,EST,11.33472341375332
2020,CYP,POL,11.237590803955712
2020,ASM,SVN,11.131608939980051
2020,WSM,ITA,10.895857263280645
2020,HKG,FIN,10.891356906480132
2020,CAF,DEU,10.887386005697323
2020,NLD,BGR,10.860411805335428
2020,BEL,ROU,10.854528277880794
2020,CUW,DEU,10.842401805895225
2020,AGO,MLT,10.781445779215835
2020,MNE,DEU,10.775088845077107
2020,URY,DEU,10.551159296829386
2020,CHE,GRC,10.539472411422155
2020,WSM,ESP,10.462746610533008
2020,LTU,DEU,10.427660310821915
2020,BMU,EST,10.373905868489182
2020,CUB,MLT,10.370890965708403
2020,BFA,ITA,10.310841246867268
2020,SWZ,DEU,10.259283457224678
2020,BMU,SVN,10.188008925569966
2020,TLS,LUX,10.148963556707812
2020,CPV,CZE,10.049599994794374
2020,GIN,CZE,10.04597468805845
2020,PRI,LUX,10.03263658399856
2020,LIE,ROU,10.00482775014922
2020,PRK,MLT,9.998073198372843
2020,COD,BGR,9.90455649448108
2020,BFA,ESP,9.900984998304104
2020,HUN,POL,9.835525818575029
2020,VGB,PRT,9.810307882046429
2020,BRB,PRT,9.784369630867015
2020,JOR,DEU,9.734480322165888
2020,LAO,ROU,9.693166347427976
2020,IRL,EST,9.689629065356135
2020,SYC,FRA,9.587348372436088
2020,NCL,FRA,9.534623302680718
2020,IRL,SVN,9.515994135166315
2020,TWN,POL,9.508539852157735
2020,IDN,DEU,9.507840812956998
2020,BEL,CZE,9.499982437438867
2020,VGB,AUT,9.470485666691392
2020,BRB,AUT,9.445445898422424
2020,SDN,FRA,9.386667188493137
2020,MHL,PRT,9.383579630320828
2020,TJK,DEU,9.373389301106272
2020,UZB,ITA,9.35933416750069
2020,MDA,DNK,9.353576740128815
2020,IMN,DEU,9.34623217805252
2020,QAT,FRA,9.269046910005462
2020,FSM,FRA,9.18566888606301
2020,SSD,POL,9.149817576290026
2020,MHL,AUT,9.05853898365859
2020,UZB,ESP,8.987300353857561
2020,KWT,MLT,8.96092685652764
2020,SWE,ITA,8.95687576362902
2020,NER,ITA,8.927688983361785
2020,SLB,DEU,8.824315608570172
2020,MLI,ITA,8.763440787790012
2020,LIE,CZE,8.75631676317997
2020,ARE,DNK,8.615074941123916
2020,SWE,ESP,8.600839683600855
2020,NER,ESP,8.572813078723927
2020,WSM,ROU,8.522248298783367
2020,HKG,LUX,8.501011420641698
2020,LAO,CZE,8.483547852686382
2020,MLI,ESP,8.415093753848401
2020,MDA,SVK,8.37743456761384
2020,YEM,FRA,8.339110588660887
2020,GNQ,ITA,8.328414500834352
2020,MUS,PRT,8.310731247674063
2020,BLZ,ITA,8.228569280157258
2020,VGB,BGR,8.203091148451728
2020,CYM,EST,8.198252956794386
2020,JPN,FIN,8.183757296445815
2020,BRB,BGR,8.181402345081391
2020,IRN,PRT,8.124431726804099
2020,BFA,ROU,8.064675146880791
2020,CYM,SVN,8.051342990455115
2020,MUS,AUT,8.022853319910615
2020,GNQ,ESP,7.997359774836301
2020,BLZ,ESP,7.901483404673331
2020,AGO,DEU,7.8913952617953305
2020,PYF,ITA,7.866854990469271
2020,MHL,BGR,7.846273524926302
2020,IRN,AUT,7.843007084366945
2020,MNG,POL,7.775268424563582
2020,MDG,FRA,7.762486409640316
2020,ARE,SVK,7.716003045628652
2020,VUT,POL,7.68507358943244
2020,OMN,MLT,7.658987173392241
2020,NPL,FIN,7.610392282807092
2020,CUB,DEU,7.590892863845558
2020,PYF,ESP,7.554147268840468
2020,BHS,PRT,7.510672738301882
2020,WSM,CZE,7.4587496658806325
2020,UZB,ROU,7.320449209217339
2020,PRK,DEU,7.318011802908764
2020,TCD,ITA,7.3049239060668025
2020,BHS,AUT,7.25050827869228
2020,LBR,FIN,7.2058658248428715
2020,CPV,DNK,7.199157640784569
2020,GIN,DNK,7.196560606603943
2020,VCT,ITA,7.072052271854306
2020,BFA,CZE,7.058277457818292
2020,TCD,ESP,7.014552961883215
2020,SWE,ROU,7.005664391019958
2020,NER,ROU,6.982835807415284
2020,MUS,BGR,6.9491892359177685
2020,MLI,ROU,6.854368274162345
2020,XKV,FRA,6.82152145752717
2020,BEL,DNK,6.805432175134709
2020,IRN,BGR,6.793411051483214
2020,VCT,ESP,6.790937982109473
2020,NLD,FIN,6.740613564533912
2020,ISR,ITA,6.690674023320312
2020,COG,ITA,6.575598122910518
2020,KWT,DEU,6.5588806162915185
2020,PAN,FRA,6.526916331670316
2020,DJI,MLT,6.519761266720878
2020,GNQ,ROU,6.5141103261780255
2020,CPV,SVK,6.447851314338963
2020,GIN,SVK,6.445525307451704
2020,BLZ,ROU,6.436015896203745
2020,ISR,ESP,6.42471953038403
2020,UZB,CZE,6.406924109585124
2020,JPN,LUX,6.3876535162898636
2020,COG,ESP,6.314217900464174
2020,SYC,POL,6.303913166054122
2020,BHS,BGR,6.280203822270854
2020,LIE,DNK,6.2726978947849075
2020,NCL,POL,6.269245158957647
2020,LBY,MLT,6.239351997716698
2020,SDN,POL,6.171960439555267
2020,PYF,ROU,6.153099287124477
2020,COD,FIN,6.147353254560095
2020,SWE,CZE,6.131421557296289
2020,NER,CZE,6.111441772107654
2020,BEL,SVK,6.095215160520487
2020,QAT,POL,6.094622264978745
2020,LAO,DNK,6.0772964472481315
2020,FSM,POL,6.039799199990146
2020,MLI,CZE,5.99900581188532
2020,NPL,LUX,5.940125942729298
2020,TCD,ROU,5.713582128229488
2020,GNQ,CZE,5.701208943398916
2020,BLZ,CZE,5.632859983939361
2020,LBR,LUX,5.624381626512876
2020,LIE,SVK,5.618077195060886
2020,OMN,DEU,5.60593600598293
2020,CYP,ITA,5.564828058777278
2020,VCT,ROU,5.531440435240313
2020,TTO,MLT,5.5218143491003255
2020,YEM,POL,5.48316666829154
2020,LAO,SVK,5.443067903253459
2020,PYF,CZE,5.385248779775863
2020,CYP,ESP,5.343625976671468
2020,WSM,DNK,5.3431693475997495
2020,SLE,MLT,5.325571965808898
2020,NLD,LUX,5.261239107878433
2020,KAZ,FRA,5.238057219175277
2020,ISR,ROU,5.233143564124436
2020,PRY,MLT,5.20248779876091
2020,GMB,MLT,5.1983046153002
2020,COG,ROU,5.143136383156368
2020,MDG,POL,5.104022340497671
2020,VGB,FIN,5.091323281056193
2020,BRB,FIN,5.077861927581108
2020,BFA,DNK,5.056286033031283
2020,TLS,EST,5.03961326764249
2020,TCD,CZE,5.000579341955705
2020,PRI,EST,4.981849442619906
2020,TLS,SVN,4.9493050740048785
2020,SGP,HRV,4.936865400432405
2020,PRI,SVN,4.892576357515104
2020,HUN,ITA,4.870528835127923
2020,MHL,FIN,4.869861171118645
2020,SGP,LVA,4.855363175643878
2020,VCT,CZE,4.841167266163463
2020,COD,LUX,4.79818269408116
2020,WSM,SVK,4.785554535641772
2020,DJI,DEU,4.772088476985316
2020,MDA,PRT,4.75139137745552
2020,TGO,FRA,4.719751072803375
2020,TWN,ITA,4.708606167494853
2020,HUN,ESP,4.676925167969265
2020,BGD,FRA,4.597518834204088
2020,UZB,DNK,4.5896808511123615
2020,MDA,AUT,4.586806497621052
2020,ISR,CZE,4.580095115979056
2020,LBY,DEU,4.566845096635633
2020,SSD,ITA,4.530967755411511
2020,BFA,SVK,4.528610452847577
2020,TWN,ESP,4.521438931227185
2020,COG,CZE,4.501320007881317
2020,XKV,POL,4.485315152650451
2020,PAK,MLT,4.4531039803886525
2020,SWE,DNK,4.392321124815473
2020,NER,DNK,4.378008353831902
2020,ARE,PRT,4.37625027608696
2020,CYP,ROU,4.352557610749886
2020,SSD,ESP,4.350861651347707
2020,SGP,GRC,4.33738610934446
2020,MUS,FIN,4.313077631469577
2020,MLI,DNK,4.2974634363672415
2020,PAN,POL,4.291605165328466
2020,CAF,FRA,4.266531170116635
2020,CUW,FRA,4.248902834856181
2020,ARE,AUT,4.224660022075713
2020,MNE,FRA,4.222524340942854
2020,HKG,EST,4.221299022749031
2020,IRN,FIN,4.216392481598726
2020,MRT,MLT,4.212018221548093
2020,ASM,HRV,4.179890782432927
2020,HKG,SVN,4.145654748217821
2020,URY,FRA,4.134771192757507
2020,ASM,LVA,4.110885377077637
2020,UZB,SVK,4.110700332576144
2020,LTU,FRA,4.086374610418739
2020,GNQ,DNK,4.0841328956217255
2020,TTO,DEU,4.041649003606369
2020,BLZ,DNK,4.03517025691095
2020,SWZ,FRA,4.02039136211443
2020,VGB,LUX,3.973921498494474
2020,MDA,BGR,3.9729738373006938
2020,BRB,LUX,3.963414532226488
2020,SWE,SVK,3.9339371285879774
2020,NER,SVK,3.9211180428278003
2020,SLE,DEU,3.898010919681225
2020,BHS,FIN,3.8978657376177814
2020,PYF,DNK,3.8577908494399176
2020,MNG,ITA,3.85029430670369
2020,MLI,SVK,3.8489788179557585
2020,BMU,HRV,3.825571382263327
2020,JOR,FRA,3.814732360703849
2020,HUN,ROU,3.809508061309408
2020,CYP,CZE,3.8093982346819866
2020,PRY,DEU,3.8079204223086953
2020,VUT,ITA,3.8056300403096963
2020,GMB,DEU,3.8048585737572975
2020,MHL,LUX,3.8010640720062865
2020,BMU,LVA,3.762415400997466
2020,IDN,FRA,3.7259172374122103
2020,MNG,ESP,3.697244992624768
2020,TWN,ROU,3.682859451160958
2020,TJK,FRA,3.673228597009431
2020,ASM,GRC,3.6723302637972655
2020,IMN,FRA,3.6625863076721292
2020,ARE,BGR,3.659291872875441
2020,GNQ,SVK,3.657911518673129
2020,CPV,PRT,3.6569984391763004
2020,GIN,PRT,3.655679208452524
2020,VUT,ESP,3.6543561321584557
2020,BLZ,SVK,3.61405863613917
2020,TCD,DNK,3.582228048542989
2020,IRL,HRV,3.5732315414359817
2020,SSD,ROU,3.543918694266347
2020,CPV,AUT,3.530322566605055
2020,GIN,AUT,3.529049033112446
2020,IRL,LVA,3.51424141375576
2020,VCT,DNK,3.46803119851239
2020,SLB,FRA,3.4580584888980437
2020,BEL,PRT,3.4569953992111158
2020,PYF,SVK,3.455190598701096
2020,KAZ,POL,3.4441491626024656
2020,MUS,LUX,3.3664788068254285
2020,BMU,GRC,3.361035561609865
2020,BEL,AUT,3.3372474922996527
2020,HUN,CZE,3.3341163016240114
2020,IRN,LUX,3.2910133188870487
2020,ISR,DNK,3.2810088726715905
2020,PAK,DEU,3.259414773375306
2020,COG,DNK,3.224577330952594
2020,TWN,CZE,3.2232722795407946
2020,TCD,SVK,3.208385617257106
2020,LIE,PRT,3.1863792342450967
2020,JPN,EST,3.1718808753157073
2020,IRL,GRC,3.1393371291707597
2020,SYC,ITA,3.1216827057099286
2020,JPN,SVN,3.1150418249618608
2020,VCT,SVK,3.1061063859493
2020,NCL,ITA,3.1045151916049973
2020,TGO,POL,3.103350350122224
2020,SSD,CZE,3.1016700581865044
2020,AGO,FRA,3.092467176468412
2020,LAO,PRT,3.087120011942958
2020,MRT,DEU,3.082953930000449
2020,LIE,AUT,3.076005282340482
2020,CPV,BGR,3.0578746240175256
2020,GIN,BGR,3.056771522055478
2020,SDN,ITA,3.0563400314959406
2020,BHS,LUX,3.0423942063547313
2020,CYM,HRV,3.0232587700003775
2020,BGD,POL,3.022979700356576
2020,QAT,ITA,3.0180423526245446
2020,MNG,ROU,3.0115266116510284
2020,SYC,ESP,2.9975957246058877
2020,FSM,ITA,2.990894102110801
2020,NCL,ESP,2.981110619701112
2020,LAO,AUT,2.980184330194865
2020,VUT,ROU,2.9765922362186896
2020,CUB,FRA,2.974706784132127
2020,CYM,LVA,2.9733480886508565
2020,NPL,EST,2.9496546465239977
2020,ISR,SVK,2.9386017680962717
2020,SDN,ESP,2.9348504236501256
2020,QAT,ESP,2.898075078661591
2020,NPL,SVN,2.8967978162801606
2020,BEL,BGR,2.890637959630638
2020,COG,SVK,2.888059439590828
2020,FSM,ESP,2.8720059719193607
2020,PRK,FRA,2.8677705965465963
2020,CAF,POL,2.8053473152185546
2020,GUY,MLT,2.7943456218198275
2020,CUW,POL,2.7937562589194544
2020,LBR,EST,2.792867282346767
2020,MNE,POL,2.7764117619197433
2020,LBR,SVN,2.742820029523277
2020,CYP,DNK,2.728910446406599
2020,URY,POL,2.718711947047182
2020,YEM,ITA,2.7152510052172687
2020,WSM,PRT,2.7142011523305745
2020,LTU,POL,2.686890024994729
2020,LIE,BGR,2.6643566752763252
2020,CYM,GRC,2.656147075187613
2020,SWZ,POL,2.643504445211227
2020,MNG,CZE,2.6357156375799846
2020,WSM,AUT,2.620183119502866
2020,NLD,EST,2.612543661641117
2020,YEM,ESP,2.607319696387949
2020,VUT,CZE,2.605140752649572
2020,LAO,BGR,2.5813590305888443
2020,KWT,FRA,2.5702834983381537
2020,BFA,PRT,2.5684713481019408
2020,NLD,SVN,2.565727748127069
2020,MDG,ITA,2.5274996419187508
2020,JOR,POL,2.5082786834732835
2020,BFA,AUT,2.4795012939423495
2020,MDA,FIN,2.465862420252883
2020,IDN,POL,2.4498805943131394
2020,CYP,SVK,2.44412050500099
2020,SYC,ROU,2.4416394676656905
2020,NCL,ROU,2.4282118121504017
2020,MDG,ESP,2.42703145540717
2020,TJK,POL,2.415236540396053
2020,IMN,POL,2.408238978060334
2020,SDN,ROU,2.3905313739469176
2020,HUN,DNK,2.3884362422916534
2020,COD,EST,2.3826063647338565
2020,QAT,ROU,2.36057665622966
2020,COD,SVN,2.339910851105835
2020,FSM,ROU,2.339342518688652
2020,UZB,PRT,2.3314471701172637
2020,TWN,DNK,2.3090317297808034
2020,SLB,POL,2.2737569962329975
2020,ARE,FIN,2.271172850257411
2020,WSM,BGR,2.2695352394135027
2020,UZB,AUT,2.25068746798983
2020,SWE,PRT,2.231193189438307
2020,NER,PRT,2.2239226470000246
2020,SSD,DNK,2.2219204456050567
2020,XKV,ITA,2.221117323932281
2020,OMN,FRA,2.1968451099914335
2020,MLI,PRT,2.183007771656394
2020,SWE,AUT,2.1539062152030155
2020,BFA,BGR,2.1476802597832263
2020,NER,AUT,2.1468875192784123
2020,HUN,SVK,2.1391782945312365
2020,SYC,CZE,2.1369451962872654
2020,XKV,ESP,2.132827843742473
2020,NCL,CZE,2.1251931893547145
2020,PAN,ITA,2.125192602030561
2020,YEM,ROU,2.123746915992128
2020,MLI,AUT,2.1073899066494097
2020,SDN,CZE,2.092214925168186
2020,GNQ,PRT,2.0746410024506057
2020,TWN,SVK,2.0680604615979754
2020,QAT,CZE,2.0659982822199816
2020,BLZ,PRT,2.0497691629552635
2020,FSM,CZE,2.0474139708109993
2020,GUY,DEU,2.0452995128313267
2020,PAN,ESP,2.0407161324110645
2020,AGO,POL,2.0333718763550017
2020,GNQ,AUT,2.0027768866658833
2020,SSD,SVK,1.9900401380834134
2020,BLZ,AUT,1.9787665903248322
2020,MDG,ROU,1.976896264611322
2020,VGB,EST,1.9733076581150883
2020,BRB,EST,1.9680902734717256
2020,PYF,PRT,1.9596647023182703
2020,CUB,POL,1.955941573538147
2020,UZB,BGR,1.9494876077510288
2020,VGB,SVN,1.937946641181541
2020,BRB,SVN,1.9328227503357438
2020,MDA,LUX,1.9246752058808019
2020,CPV,FIN,1.8978977536717783
2020,GIN,FIN,1.8972131033857929
2020,PYF,AUT,1.8917832852922487
2020,MNG,DNK,1.8881281226166422
2020,MHL,EST,1.8874728263046376
2020,PRK,POL,1.885628446836069
2020,DJI,FRA,1.8700782927102828
2020,VUT,DNK,1.8662254183720048
2020,SWE,BGR,1.8656581753425272
2020,NER,BGR,1.8595787614202526
2020,YEM,CZE,1.8587227272329874
2020,TLS,HRV,1.8584514394842355
2020,MHL,SVN,1.8536499410094365
2020,PRI,HRV,1.8371499510441207
2020,TLS,LVA,1.827770447661744
2020,MLI,BGR,1.8253669450525352
2020,TCD,PRT,1.8196854459860956
2020,PRI,LVA,1.8068206233968416
2020,BEL,FIN,1.7941007937903986
2020,LBY,FRA,1.7896478496945036
2020,ARE,LUX,1.772714502341043
2020,VCT,PRT,1.7616762005773177
2020,TCD,AUT,1.7566528126641614
2020,XKV,ROU,1.7372578290898812
2020,GNQ,BGR,1.7347538372942004
2020,MDG,CZE,1.7301976938709216
2020,BLZ,BGR,1.7139567360346841
2020,KAZ,ITA,1.7055344186333838
2020,VCT,AUT,1.7006529670135666
2020,MNG,SVK,1.691082485551366
2020,KWT,POL,1.690023493070221
2020,MUS,EST,1.671673286175258
2020,VUT,SVK,1.6714655543216212
2020,ISR,PRT,1.666673369993879
2020,PAN,ROU,1.662229836497396
2020,LIE,FIN,1.6536572524166258
2020,MUS,SVN,1.6417174568666815
2020,PYF,BGR,1.6386140340140871
2020,COG,PRT,1.6380075079189107
2020,KAZ,ESP,1.6377393743804407
2020,IRN,EST,1.6341998168758234
2020,TLS,GRC,1.6327812902908223
2020,PRI,GRC,1.6140664231485213
2020,ISR,AUT,1.6089409681493794
2020,IRN,SVN,1.6049154996738393
2020,LAO,FIN,1.6021440078332159
2020,TTO,FRA,1.5838348565517744
2020,COG,AUT,1.5812680715218264
2020,HKG,HRV,1.5566827906600917
2020,TGO,ITA,1.5367716627034875
2020,HKG,LVA,1.530983667747464
2020,SYC,DNK,1.5308276295333407
2020,SLE,FRA,1.5275461971837903
2020,NCL,DNK,1.5224089312222786
2020,TCD,BGR,1.5215674935393766
2020,XKV,CZE,1.5204639430797282
2020,BHS,EST,1.5107444343526244
2020,SDN,DNK,1.498784535950702
2020,BGD,ITA,1.4969723093794098
2020,PRY,FRA,1.4922416791874533
2020,GMB,FRA,1.4910418069430156
2020,BHS,SVN,1.483672396545588
2020,CPV,LUX,1.4813627555970175
2020,GIN,LUX,1.4808283667279092
2020,QAT,DNK,1.4800039132896952
2020,TGO,ESP,1.4756849430563201
2020,VCT,BGR,1.47306186728763
2020,FSM,DNK,1.4666908075394172
2020,PAN,CZE,1.4547987576660641
2020,OMN,POL,1.4444787312070664
2020,BGD,ESP,1.4374676152196004
2020,WSM,FIN,1.4086077299999666
2020,BEL,LUX,1.4003462992494615
2020,ISR,BGR,1.393623292269707
2020,CAF,ITA,1.3892012733590935
2020,CYP,PRT,1.3862206859625386
2020,CUW,ITA,1.3834614100334603
2020,MNE,ITA,1.3748724566489505
2020,SYC,SVK,1.3710699828538901
2020,COG,BGR,1.3696537408267548
2020,HKG,GRC,1.367656147213021
2020,NCL,SVK,1.3635298625122432
2020,URY,ITA,1.346299646480773
2020,SDN,SVK,1.342370916465647
2020,CYP,AUT,1.3382029692773305
2020,KAZ,ROU,1.333992126227476
2020,CAF,ESP,1.3339804811108253
2020,BFA,FIN,1.3329773263537326
2020,YEM,DNK,1.3315194565744592
2020,LTU,ITA,1.3305415068749618
2020,CUW,ESP,1.3284687775244013
2020,QAT,SVK,1.3255502454161827
2020,MNE,ESP,1.3202212352943234
2020,FSM,SVK,1.3136264995151956
2020,SWZ,ITA,1.309057071648813
2020,URY,ESP,1.2927841951866148
2020,LIE,LUX,1.2907261518770572
2020,LTU,ESP,1.2776524421023816
2020,PAK,FRA,1.277294175081809
2020,SWZ,ESP,1.257022013820328
2020,LAO,LUX,1.250518610771015
2020,JOR,ITA,1.2420935982213992
2020,MDG,DNK,1.2394489287484869
2020,DJI,POL,1.2296216548114125
2020,HUN,PRT,1.2132680024465738
2020,IDN,ITA,1.2131750042979623
2020,UZB,FIN,1.2099672506195078
2020,MRT,FRA,1.2081429859745318
2020,TGO,ROU,1.2019935074066828
2020,TJK,ITA,1.1960193517501105
2020,JOR,ESP,1.192720340468447
2020,YEM,SVK,1.1925616727022919
2020,IMN,ITA,1.1925541756364595
2020,LCA,MLT,1.1810225479148426
2020,LBY,POL,1.1767366954897662
2020,TWN,PRT,1.172932425313124
2020,HUN,AUT,1.171241245960643
2020,BGD,ROU,1.1708642476372983
2020,JPN,HRV,1.169690265015226
2020,KAZ,CZE,1.1675221111789276
2020,IDN,ESP,1.164951261520113
2020,CYP,BGR,1.1591169997457749
2020,SWE,FIN,1.1579377494064573
2020,NER,FIN,1.1541645057501928
2020,JPN,LVA,1.1503799636033476
2020,TJK,ESP,1.148477546675167
2020,IMN,ESP,1.14515011141588
2020,MLI,FIN,1.1329306301284336
2020,TWN,AUT,1.1323028650562939
2020,SSD,PRT,1.1286819940598043
2020,SLB,ITA,1.1259590202398682
2020,MDG,SVK,1.1100996537444905
2020,WSM,LUX,1.0994580843098865
2020,SSD,AUT,1.0895852378453872
2020,XKV,DNK,1.0892035124810784
2020,NPL,HRV,1.0877401960603708
2020,CAF,ROU,1.086570602246268
2020,CUW,ROU,1.0820811399414545
2020,SLB,ESP,1.0812021154420584
2020,GNQ,FIN,1.0766907789857412
2020,MNE,ROU,1.075363247847168
2020,GRL,MLT,1.0736825493205449
2020,NPL,LVA,1.069782800267675
2020,BLZ,FIN,1.0637828685523623
2020,URY,ROU,1.053014883972411
2020,TGO,CZE,1.0519957125680295
2020,PAN,DNK,1.0421634291395336
2020,TTO,POL,1.0414096804678024
2020,LTU,ROU,1.0406895776470249
2020,BFA,LUX,1.0404264199667734
2020,LBR,HRV,1.029921929623347
2020,JPN,GRC,1.0276557888874425
2020,BGD,CZE,1.0247510996720224
2020,SWZ,ROU,1.023885421064192
2020,PYF,FIN,1.017020733899312
2020,HUN,BGR,1.014499048473604
2020,LBR,LVA,1.0129190498981993
2020,KNA,MLT,1.0124497259271892
2020,AGO,ITA,1.0069208844555744
2020,SLE,POL,1.0043985271118294
2020,PRY,POL,0.9811849536426352
2020,TWN,BGR,0.9807716242449901
2020,GMB,POL,0.9803960086554019
2020,XKV,SVK,0.975533895764
2020,JOR,ROU,0.9715096112763185
2020,CUB,ITA,0.9685775839001581
2020,AGO,ESP,0.9668957491225815
2020,NLD,HRV,0.9634242293682254
2020,MNG,PRT,0.9591235449903888
2020,MDA,EST,0.9557250500765275
2020,NPL,GRC,0.9556568458509404
2020,CAF,CZE,0.9509765301742098
2020,IDN,ROU,0.9488907909382652
2020,VUT,PRT,0.9479974995232625
2020,NLD,LVA,0.9475191536289098
2020,CUW,CZE,0.9470473116989875
2020,GGY,MLT,0.9456370177770134
2020,UZB,LUX,0.9444135845001046
2020,TCD,FIN,0.9443747318372168
2020,SSD,BGR,0.9437707140499516
2020,MNE,CZE,0.9411677510881056
2020,MDA,SVN,0.9385987750425306
2020,TJK,ROU,0.9354724129981319
2020,PRK,ITA,0.9337586919153786
2020,PAN,SVK,0.9334029301240616
2020,IMN,ROU,0.9327621084735794
2020,CUB,ESP,0.9300765959133334
2020,MNG,AUT,0.925900175063917
2020,URY,CZE,0.9216082585997655
2020,VUT,AUT,0.9151595280434286
2020,VCT,FIN,0.9142692728427327
2020,LTU,CZE,0.9108210377616359
2020,LBR,GRC,0.9048594014465703
2020,SWE,LUX,0.9038030905258166
2020,NER,LUX,0.9008579673708053
2020,PRK,ESP,0.8966417559284179
2020,SWZ,CZE,0.8961138862092098
2020,MLI,LUX,0.8842843282260204
2020,SLB,ROU,0.8806743804433635
2020,ARE,EST,0.880266785452738
2020,COD,HRV,0.878630560145207
2020,FRO,MLT,0.8680794088076176
2020,ISR,FIN,0.8649649972857049
2020,ARE,SVN,0.8644926974242314
2020,LCA,DEU,0.8644402550032118
2020,COD,LVA,0.864125334741907
2020,JOR,CZE,0.8502740983903901
2020,COG,FIN,0.8500880767335043
2020,NLD,GRC,0.8464364593577188
2020,GNQ,LUX,0.8403875373151688
2020,PAK,POL,0.8398517769910244
2020,KWT,ITA,0.836895587167975
2020,KAZ,DNK,0.8363691820403333
2020,IDN,CZE,0.8304778999314514
2020,PNG,MLT,0.8304507308543095
2020,BLZ,LUX,0.8303125489594492
2020,TJK,CZE,0.8187340128175405
2020,IMN,CZE,0.8163619295059307
2020,KWT,ESP,0.8036289624975632
2020,MNG,BGR,0.8019909218731964
2020,GUY,FRA,0.8015086559025988
2020,MRT,POL,0.7943831995984522
2020,PYF,LUX,0.7938133832308295
2020,VUT,BGR,0.7926876496226198
2020,AGO,ROU,0.7875681176074099
2020,GRL,DEU,0.7858735790995866
2020,SYC,PRT,0.7776235125254576
2020,NCL,PRT,0.7733470168408744
2020,COD,GRC,0.7719392119715422
2020,SLB,CZE,0.7707742734765567
2020,SDN,PRT,0.7613463938589298
2020,CUB,ROU,0.7575777166658186
2020,TGO,DNK,0.7536103900781873
2020,QAT,PRT,0.7518062905322613
2020,SYC,AUT,0.7506871769979897
2020,KAZ,SVK,0.7490854345430973
2020,NCL,AUT,0.7465588161380179
2020,FSM,PRT,0.7450435539207526
2020,KNA,DEU,0.7410546909571261
2020,TCD,LUX,0.7371111285442353
2020,CPV,EST,0.7355919011418611
2020,GIN,EST,0.7353265426922234
2020,SDN,AUT,0.7349738863571835
2020,BGD,DNK,0.7340933681865592
2020,PRK,ROU,0.730343949206069
2020,VGB,HRV,0.7276940239275141
2020,BRB,HRV,0.7257700159757421
2020,QAT,AUT,0.725764245548732
2020,CPV,SVN,0.7224103389229704
2020,GIN,SVN,0.7221497356084949
2020,CYP,FIN,0.719416529631945
2020,FSM,AUT,0.7192357654116192
2020,VGB,LVA,0.715680594938704
2020,OMN,ITA,0.7153024090269023
2020,BRB,LVA,0.7137883502447607
2020,VCT,LUX,0.7136129682201073
2020,MHL,HRV,0.6960408278856199
2020,BEL,EST,0.6953620189450072
2020,GGY,DEU,0.6921516496284369
2020,AGO,CZE,0.6892868205800946
2020,OMN,ESP,0.6868691168315603
2020,MHL,LVA,0.6845499583935414
2020,BEL,SVN,0.6829013628350789
2020,CAF,DNK,0.6812440253300392
2020,CUW,DNK,0.6784292801438765
2020,YEM,PRT,0.6763797679383788
2020,ISR,LUX,0.6751295897764735
2020,TGO,SVK,0.674963375803448
2020,MNE,DNK,0.6742173827829654
2020,COG,LUX,0.6635177334573596
2020,CUB,CZE,0.6630389473475518
2020,URY,DNK,0.6602056937734284
2020,BGD,SVK,0.6574831563756925
2020,KWT,ROU,0.6545819958597853
2020,YEM,AUT,0.6529504450337649
2020,LTU,DNK,0.6524781321431271
2020,SYC,BGR,0.6502259285969404
2020,NCL,BGR,0.646650048581921
2020,SWZ,DNK,0.6419424787312827
2020,LIE,EST,0.6409285641383077
2020,VGB,GRC,0.6393307686613707
2020,PRK,CZE,0.639203704953819
2020,BRB,GRC,0.6376403913293184
2020,SDN,BGR,0.6366154803152867
2020,FRO,DEU,0.6353839618367743
2020,HUN,FIN,0.629658080183334
2020,MDG,PRT,0.6296101605267782
2020,LIE,SVN,0.6294433374345622
2020,QAT,BGR,0.6286383262753479
2020,FSM,BGR,0.622983524662169
2020,LAO,EST,0.6209629335115856
2020,UGA,MLT,0.6203621573299216
2020,MUS,HRV,0.6164607203070294
2020,MHL,GRC,0.6115211928085543
2020,CAF,SVK,0.6101491873473068
2020,LAO,SVN,0.6098354842683273
2020,JOR,DNK,0.6091045688742994
2020,DJI,ITA,0.6089056992505939
2020,TWN,FIN,0.60872484695727
2020,PNG,DEU,0.6078419440972985
2020,MDG,AUT,0.6078009041677801
2020,CUW,SVK,0.607628189842639
2020,MUS,LVA,0.6062836309751304
2020,MNE,SVK,0.6038558473979398
2020,IRN,HRV,0.6026416791894991
2020,IDN,DNK,0.5949233125588261
2020,IRN,LVA,0.592692727046721
2020,URY,SVK,0.5913064226035128
2020,TJK,DNK,0.5865104309822046
2020,SSD,FIN,0.5857598948328718
2020,IMN,DNK,0.5848111591996261
2020,DJI,ESP,0.5847016794574074
2020,LTU,SVK,0.5843853117040514
2020,LBY,ITA,0.5827171940225161
2020,SWZ,SVK,0.5749491623531704
2020,KWT,CZE,0.5728961503747381
2020,BTN,MLT,0.571044117537371
2020,YEM,BGR,0.5655688846953653
2020,CYP,LUX,0.5615249033810311
2020,LBY,ESP,0.5595541680969753
2020,OMN,ROU,0.5594772940894525
2020,BHS,HRV,0.5571152030141466
2020,MCO,MLT,0.555056337688245
2020,XKV,PRT,0.5532891129544087
2020,SLB,DNK,0.5521538671283668
2020,BHS,LVA,0.5479178429837944
2020,WSM,EST,0.5459516647138569
2020,JOR,SVK,0.5455382269637321
2020,MUS,GRC,0.5416044287903812
2020,WSM,SVN,0.5361683924595518
2020,XKV,AUT,0.5341235643950124
2020,IDN,SVK,0.5328369309600602
2020,IRN,GRC,0.5294634218708112
2020,PAN,PRT,0.5293938852149582
2020,GUY,POL,0.5270113041033565
2020,MDG,BGR,0.5264615134295989
2020,TJK,SVK,0.5253020203166414
2020,IMN,SVK,0.5237800850648495
2020,BFA,EST,0.5166386459831962
2020,TTO,ITA,0.5157035802112968
2020,PAN,AUT,0.511056050660511
2020,BFA,SVN,0.5073806532753651
2020,MNG,FIN,0.49776297469270414
2020,SLE,ITA,0.4973757456891029
2020,TTO,ESP,0.49520434744304775
2020,SLB,SVK,0.4945309181329426
2020,AGO,DNK,0.49377930302118705
2020,VUT,FIN,0.4919888139839933
2020,HUN,LUX,0.49146590059435896
2020,OMN,CZE,0.4896596454427689
2020,BHS,GRC,0.48946518627923924
2020,PRY,ITA,0.48588043968985023
2020,GMB,ITA,0.485489756021226
2020,SLE,ESP,0.4776050448923683
2020,DJI,ROU,0.47625858472336813
2020,TWN,LUX,0.47512692132357154
2020,CUB,DNK,0.47497630815230796
2020,UZB,EST,0.4689620968677947
2020,PRY,ESP,0.46656667765108273
2020,GMB,ESP,0.46619152366999445
2020,XKV,BGR,0.46264409635064896
2020,UZB,SVN,0.46055845206342894
2020,PRK,DNK,0.45790163179825627
2020,SSD,LUX,0.4572021281173326
2020,LBY,ROU,0.45577511667356124
2020,UGA,DEU,0.4540692490786276
2020,SWE,EST,0.44879637422086793
2020,NER,EST,0.4473339311207519
2020,PAN,BGR,0.4426636091410226
2020,AGO,SVK,0.4422483416589783
2020,SWE,SVN,0.4407540924594432
2020,NER,SVN,0.4393178558532891
2020,MLI,EST,0.4391040531375984
2020,MLI,SVN,0.4312354545464292
2020,CUB,SVK,0.4254076331722007
2020,KAZ,PRT,0.4248553714074984
2020,BTN,DEU,0.4179712939889462
2020,GNQ,EST,0.41730647266101456
2020,DJI,CZE,0.4168258697866535
2020,PAK,ITA,0.41589258902081205
2020,BLZ,EST,0.4123035928393336
2020,KWT,DNK,0.41040137920740694
2020,KAZ,AUT,0.4101386779812503
2020,PRK,SVK,0.4101148753434686
2020,GNQ,SVN,0.4098284794623562
2020,MCO,DEU,0.406269163056633
2020,BLZ,SVN,0.40491524958317837
2020,SYC,FIN,0.4035686484889076
2020,TTO,ROU,0.40336008933811374
2020,NCL,FIN,0.4013492459684116
2020,PAK,ESP,0.3993608461435679
2020,LBY,CZE,0.3988985511829014
2020,SDN,FIN,0.3951211997225881
2020,PYF,EST,0.39417940913958427
2020,MRT,ITA,0.3933766583661911
2020,QAT,FIN,0.3901701063670331
2020,SLE,ROU,0.38902488350685444
2020,MNG,LUX,0.3885180486664261
2020,PYF,SVN,0.38711584522742937
2020,FSM,FIN,0.3866604022101598
2020,VUT,LUX,0.3840111532859095
2020,TGO,PRT,0.38281590121738585
2020,PRY,ROU,0.38003377343364586
2020,GMB,ROU,0.37972819828248117
2020,MRT,ESP,0.37773992440723636
2020,BGD,PRT,0.3729017248433739
2020,TGO,AUT,0.36955542568604194
2020,KWT,SVK,0.3675717638599475
2020,TCD,EST,0.366023092149468
2020,BGD,AUT,0.3599846694594245
2020,TCD,SVN,0.3594640800733025
2020,KAZ,BGR,0.3552515760430981
2020,VCT,EST,0.3543547439607116
2020,TTO,CZE,0.3530244398077136
2020,MDA,HRV,0.352441447535269
2020,YEM,FIN,0.3510254826601532
2020,OMN,DNK,0.35077385962617125
2020,VCT,SVN,0.34800482480332756
2020,MDA,LVA,0.34662302638096776
2020,CAF,PRT,0.34605553338857425
2020,CUW,PRT,0.3446257107251335
2020,MNE,PRT,0.34248616845597096
2020,SLE,CZE,0.34047813653707315
2020,LCA,FRA,0.33875544513116157
2020,URY,PRT,0.3353685683984571
2020,ISR,EST,0.3352452710076768
2020,CAF,AUT,0.33406841133227405
2020,CUW,AUT,0.3326881167275749
2020,PRY,CZE,0.3326090347574389
2020,GMB,CZE,0.33234159258997986
2020,LTU,PRT,0.3314431534776121
2020,MNE,AUT,0.33062268670876116
2020,COG,EST,0.32947923737864804
2020,ISR,SVN,0.329237787250016
2020,MDG,FIN,0.3267531362747441
2020,SWZ,PRT,0.3260912956623944
2020,PAK,ROU,0.3252924321249834
2020,ARE,HRV,0.3246148042863782
2020,URY,AUT,0.3237516353476426
2020,COG,SVN,0.32357507902590166
2020,TGO,BGR,0.32009940651402347
2020,LTU,AUT,0.31996219405888215
2020,ARE,LVA,0.31925577044552944
2020,SYC,LUX,0.3149967188914651
2020,SWZ,AUT,0.31479572086164986
2020,OMN,SVK,0.3141669907341929
2020,NCL,LUX,0.3132644125924665
2020,BGD,BGR,0.31180946358504774
2020,MDA,GRC,0.30964478771546783
2020,JOR,PRT,0.3094104294993202
2020,SDN,LUX,0.3084032467415403
2020,GRL,FRA,0.3079668636020548
2020,MRT,ROU,0.3076814863241853
2020,QAT,LUX,0.3045387786572014
2020,IDN,PRT,0.30220669334032246
2020,FSM,LUX,0.3017993555185747
2020,JOR,AUT,0.29869266825567625
2020,DJI,DNK,0.29859846629772846
2020,TJK,PRT,0.2979331524165364
2020,IMN,PRT,0.2970699633371056
2020,IDN,AUT,0.29173846448748797
2020,KNA,FRA,0.29040331040666767
2020,CAF,BGR,0.289361467238722
2020,CUW,BGR,0.2881658915467714
2020,TJK,AUT,0.2876129560374623
2020,XKV,FIN,0.2871442747576736
2020,IMN,AUT,0.2867796672250537
2020,MNE,BGR,0.2863768691775526
2020,LBY,DNK,0.2857560056254795
2020,ARE,GRC,0.28519710966314504
2020,PAK,CZE,0.2846989121136135
2020,SLB,PRT,0.28048084665271183
2020,URY,BGR,0.2804253411794494
2020,CYP,EST,0.27883323625892315
2020,LTU,BGR,0.27714302458160706
2020,PAN,FIN,0.2747432032766605
2020,YEM,LUX,0.2739852951889554
2020,CYP,SVN,0.27383663740195335
2020,SWZ,BGR,0.2726679583553852
2020,CPV,HRV,0.2712632408378319
2020,GGY,FRA,0.2712392658845785
2020,GIN,HRV,0.27116538495752557
2020,SLB,AUT,0.27076518595987964
2020,MRT,CZE,0.26928565125775494
2020,DJI,SVK,0.2674366376518996
2020,CPV,LVA,0.2667849827047069
2020,GIN,LVA,0.2666887423174932
2020,GUY,ITA,0.26097473591357523
2020,JOR,BGR,0.2587199082823351
2020,BEL,HRV,0.2564277210254159
2020,LBY,SVK,0.25593442016248197
2020,MDG,LUX,0.2550400438672063
2020,TTO,DNK,0.25289350765621144
2020,IDN,BGR,0.2526963558075142
2020,BEL,LVA,0.2521943810280984
2020,AGO,PRT,0.2508279760698851
2020,GUY,ESP,0.25060098233999567
2020,TJK,BGR,0.2491229464766397
2020,FRO,FRA,0.24899323646192037
2020,IMN,BGR,0.24840117313557292
2020,HUN,EST,0.24404443462526687
2020,SLE,DNK,0.24390580515051785
2020,AGO,AUT,0.24213947011003872
2020,CUB,PRT,0.24127650820123087
2020,HUN,SVN,0.23967123952320907
2020,CPV,GRC,0.23832398037076732
2020,PRY,DNK,0.2382686748933624
2020,GIN,GRC,0.23823800704528003
2020,PNG,FRA,0.23820011521942136
2020,GMB,DNK,0.2380770893253469
2020,LIE,HRV,0.23635436875230906
2020,TWN,EST,0.2359310803647352
2020,SLB,BGR,0.234529841280288
2020,CUB,AUT,0.23291885841940094
2020,PRK,PRT,0.232602984451388
2020,LIE,LVA,0.23245241775115066
2020,TWN,SVN,0.23170327387261597
2020,LAO,HRV,0.22899166986890845
2020,SSD,EST,0.22703026747313654
2020,TTO,SVK,0.22650146268379084
2020,BEL,GRC,0.2252899248841337
2020,LAO,LVA,0.22521126893864987
2020,PRK,AUT,0.2245457794762904
2020,XKV,LUX,0.22412420968727112
2020,SSD,SVN,0.22296196058772474
2020,LCA,POL,0.2227398888283268
2020,KAZ,FIN,0.22049012829529616
2020,SLE,SVK,0.21845171960191712
2020,PAN,LUX,0.21444482343691665
2020,PRY,SVK,0.21340288200850407
2020,GMB,SVK,0.21323129036984645
2020,AGO,BGR,0.2097349823289877
2020,KWT,PRT,0.20847400183248743
2020,LIE,GRC,0.20765406239743806
2020,GUY,ROU,0.20412267207832815
2020,PAK,DNK,0.20394765458599848
2020,GRL,POL,0.202495652682337
2020,CUB,BGR,0.2017483255930184
2020,WSM,HRV,0.20132986467251673
2020,KWT,AUT,0.2012526079681526
2020,LAO,GRC,0.20118540966460263
2020,TGO,FIN,0.19867261391392896
2020,WSM,LVA,0.19800612976053267
2020,PRK,BGR,0.19449577992842915
2020,BGD,FIN,0.19352738528375726
2020,MNG,EST,0.19292420372164912
2020,MRT,DNK,0.19290617087347883
2020,KNA,POL,0.19094719215602365
2020,VUT,EST,0.19068624024600775
2020,BFA,HRV,0.19052014198895278
2020,MNG,SVN,0.18946706615537182
2020,BFA,LVA,0.18737486372437506
2020,VUT,SVN,0.1872692062408925
2020,AZE,MLT,0.18503269089075935
2020,PAK,SVK,0.1826636140357342
2020,CAF,FIN,0.17959483176913693
2020,CUW,FIN,0.1788527868199178
2020,GUY,CZE,0.17865002975567415
2020,GGY,POL,0.17834636991773165
2020,OMN,PRT,0.17818466008989306
2020,UGA,FRA,0.17793992089300753
2020,MNE,FIN,0.1777424137820108
2020,WSM,GRC,0.17688255352278576
2020,KWT,BGR,0.17431983375812807
2020,URY,FIN,0.1740485436900858
2020,UZB,HRV,0.17293852478390728
2020,MRT,SVK,0.1727744229913965
2020,KAZ,LUX,0.17209876738699503
2020,OMN,AUT,0.17201246787512636
2020,LTU,FIN,0.17201134397988316
2020,UZB,LVA,0.17008349970659814
2020,SWZ,FIN,0.16923385334257238
2020,BFA,GRC,0.16738544610530393
2020,GAB,MLT,0.1656039034388943
2020,SWE,HRV,0.16550203823402715
2020,NER,HRV,0.16496273504939094
2020,BTN,FRA,0.1637939127982269
2020,FRO,POL,0.16371906815271936
2020,SMR,MLT,0.1631481590451734
2020,SWE,LVA,0.16276978138093817
2020,NER,LVA,0.16223938149947478
2020,MLI,HRV,0.16192781396074835
2020,JOR,FIN,0.1605768689476518
2020,MLI,LVA,0.15925456362425186
2020,MCO,FRA,0.15920810070766872
2020,IDN,FIN,0.15683829620784898
2020,PNG,POL,0.15662233019553595
2020,SYC,EST,0.15641613401400664
2020,NCL,EST,0.1555559325008892
2020,TGO,LUX,0.15506958171999463
2020,TJK,FIN,0.15462042713998445
2020,IMN,FIN,0.15417245193789095
2020,GNQ,HRV,0.15388954938317073
2020,SYC,SVN,0.15361320891471797
2020,SDN,EST,0.15314205094720618
2020,NCL,SVN,0.15276842192662227
2020,BLZ,HRV,0.15204464408738821
2020,UZB,GRC,0.15193874945477406
2020,DJI,PRT,0.15168081873981942
2020,GNQ,LVA,0.15134900196509973
2020,QAT,EST,0.15122309395013003
2020,BGD,LUX,0.15105358557530144
2020,SDN,SVN,0.15039779632755146
2020,IOT,MLT,0.15013660838234857
2020,FSM,EST,0.1498627941404036
2020,BLZ,LVA,0.14953455402918714
2020,OMN,BGR,0.14899277632746208
2020,QAT,SVN,0.14851322640163947
2020,FSM,SVN,0.14717730271208296
2020,DJI,AUT,0.14642670108410738
2020,SLB,FIN,0.14556308340400623
2020,SWE,GRC,0.14540526902791215
2020,PYF,HRV,0.14536101312257954
2020,LBY,PRT,0.14515715847607788
2020,NER,GRC,0.1449314529620414
2020,PYF,LVA,0.14296126246987448
2020,MLI,GRC,0.14226505971346673
2020,PLW,MLT,0.14061513032105027
2020,CAF,LUX,0.14017883437914705
2020,LBY,AUT,0.14012901585700102
2020,CUW,LUX,0.13959964735570204
2020,MNE,LUX,0.13873296986478226
2020,YEM,EST,0.1360513239660415
2020,URY,LUX,0.13584980001666738
2020,AZE,DEU,0.13543323688437456
2020,GNQ,GRC,0.1352028746437731
2020,TCD,HRV,0.13497784579169933
2020,LTU,LUX,0.1342597081528835
2020,YEM,SVN,0.1336133294897062
2020,BLZ,GRC,0.13358199460068293
2020,TCD,LVA,0.1327495098260838
2020,SWZ,LUX,0.1320917983294109
2020,VCT,HRV,0.13067492464752553
2020,AGO,FIN,0.13017392822521898
2020,VCT,LVA,0.12851762518339313
2020,TTO,PRT,0.12846380214502376
2020,GUY,DNK,0.12797820086452782
2020,PYF,GRC,0.12770995115704226
2020,DJI,BGR,0.12683104307782164
2020,MDG,EST,0.12664378797614187
2020,JOR,LUX,0.12533477770824747
2020,CUB,FIN,0.12521693693476874
2020,MDG,SVN,0.12437437341590518
2020,TTO,AUT,0.12401390573374553
2020,SLE,PRT,0.12389826605384294
2020,ISR,HRV,0.1236279498835342
2020,IDN,LUX,0.12241671618195098
2020,ISR,LVA,0.12158698823190194
2020,COG,HRV,0.12150161737965223
2020,LBY,BGR,0.12137615008073849
2020,GAB,DEU,0.12121248723912356
2020,PRY,PRT,0.12103473984974047
2020,GMB,PRT,0.12093741900219684
2020,PRK,FIN,0.12071557837117212
2020,TJK,LUX,0.1206856067860054
2020,IMN,LUX,0.12033594949886836
2020,SLE,AUT,0.11960651662504908
2020,COG,LVA,0.11949575914195777
2020,SMR,DEU,0.11941502425784618
2020,TCD,GRC,0.1185876028450922
2020,REU,MLT,0.11772435914137115
2020,UGA,POL,0.11699979666004746
2020,PRY,AUT,0.11684218096930708
2020,GMB,AUT,0.11674823124797175
2020,VCT,GRC,0.1148071816898569
2020,GUY,SVK,0.11462235609014287
2020,SLB,LUX,0.11361609440096761
2020,XKV,EST,0.11129208755443132
2020,LCA,ITA,0.11030025961832392
2020,IOT,DEU,0.10989132109670169
2020,XKV,SVN,0.10929777035994923
2020,ISR,GRC,0.10861591496997432
2020,KWT,FIN,0.10819319350487959
2020,BTN,POL,0.10769845459844288
2020,TTO,BGR,0.10741765609628105
2020,COG,GRC,0.10674778118099609
2020,PAN,EST,0.10648564962632567
2020,LCA,ESP,0.10591582099296493
2020,MCO,POL,0.10468317236484503
2020,PAN,SVN,0.10457746220094818
2020,PAK,PRT,0.10360048935022097
2020,SLE,BGR,0.10360008898750137
2020,PLW,DEU,0.1029221493921919
2020,CYP,HRV,0.10282495933340827
2020,AGO,LUX,0.1016044245004926
2020,PRY,BGR,0.10120569252811802
2020,CYP,LVA,0.1011274322044068
2020,GMB,BGR,0.10112431569543921
2020,GRL,ITA,0.10027536235172639
2020,PAK,AUT,0.10001184073428028
2020,GUF,MLT,0.09824471118561956
2020,MRT,PRT,0.09799168194279291
2020,CUB,LUX,0.0977353529115277
2020,GRL,ESP,0.09628941369314555
2020,MRT,AUT,0.09459731849930639
2020,KNA,ITA,0.09455659235078556
2020,PRK,LUX,0.09422191552387121
2020,OMN,FIN,0.09247372448962489
2020,KNA,ESP,0.09079796497112493
2020,CYP,GRC,0.0903390135504952
2020,HUN,HRV,0.0899959395177182
2020,HUN,LVA,0.08851020541364774
2020,GGY,ITA,0.08831669534985287
2020,TWN,HRV,0.08700398872630674
2020,PAK,BGR,0.08662768461317524
2020,LCA,ROU,0.08627189005636784
2020,REU,DEU,0.0861674277226368
2020,TWN,LVA,0.08556764844325002
2020,KAZ,EST,0.08545810876374481
2020,GGY,ESP,0.0848061040629795
2020,KWT,LUX,0.08444784075283086
2020,KAZ,SVN,0.0839267278771018
2020,SSD,HRV,0.08372164786948351
2020,SSD,LVA,0.08233949542843721
2020,MRT,BGR,0.08193776468910798
2020,FRO,ITA,0.08107329053950066
2020,HUN,GRC,0.07906781050327315
2020,DJI,FIN,0.0787188427748523
2020,GRL,ROU,0.07843086739873299
2020,FRO,ESP,0.07785062481091258
2020,PNG,ITA,0.077559002895567
2020,TGO,EST,0.07700202262795013
2020,TWN,GRC,0.07643916970594179
2020,TGO,SVN,0.07562217199246166
2020,LCA,CZE,0.0755059473243331
2020,LBY,FIN,0.07533321372244788
2020,BGD,EST,0.0750078222014228
2020,PNG,ESP,0.07447603020614314
2020,KNA,ROU,0.0739579033414765
2020,BGD,SVN,0.07366370697432913
2020,SSD,GRC,0.07355540065741314
2020,OMN,LUX,0.07217835158150496
2020,GUF,DEU,0.07190945112771673
2020,MNG,HRV,0.07114440038879659
2020,VUT,HRV,0.07031910959326605
2020,MNG,LVA,0.06996988448799345
2020,CAF,EST,0.06960780868238435
2020,CUW,EST,0.06932020506734618
2020,VUT,LVA,0.06915821833694427
2020,GGY,ROU,0.06907733724045081
2020,MNE,EST,0.06888984394154239
2020,GRL,CZE,0.0686434125708989
2020,CAF,SVN,0.06836045990156826
2020,CUW,SVN,0.06807801004765784
2020,MNE,SVN,0.06765536085009521
2020,URY,EST,0.06745816464362796
2020,TTO,FIN,0.06666974721873063
2020,LTU,EST,0.06666858174595372
2020,URY,SVN,0.06624933676903902
2020,SWZ,EST,0.06559207506146533
2020,LTU,SVN,0.06547390293428472
2020,GUY,PRT,0.06500983922879687
2020,KNA,CZE,0.06472863351285141
2020,SWZ,SVN,0.06441668689154838
2020,SLE,FIN,0.06430033940085055
2020,WLF,MLT,0.0635844964282024
2020,FRO,ROU,0.06341187257522841
2020,PRY,FIN,0.06281423541673989
2020,GMB,FIN,0.06276372814390113
2020,GUY,AUT,0.06275794378859013
2020,MNG,GRC,0.06250539744854686
2020,JOR,EST,0.06223677965796156
2020,VUT,GRC,0.061780320999756
2020,DJI,LUX,0.06144227823904694
2020,JOR,SVN,0.061121517265741984
2020,IDN,EST,0.060787774397320804
2020,PNG,ROU,0.06066315522594005
2020,GGY,CZE,0.06045711741767608
2020,TJK,EST,0.05992816722356346
2020,IMN,EST,0.05975453988777319
2020,IDN,SVN,0.0596984776974491
2020,TJK,SVN,0.05885427439834983
2020,LBY,LUX,0.058799699220869486
2020,IMN,SVN,0.05868375840667044
2020,UGA,ITA,0.05793801916117839
2020,SYC,HRV,0.057681368386601255
2020,NCL,HRV,0.05736415302593779
2020,BLR,MLT,0.05729926018343195
2020,SYC,LVA,0.05672911235548829
2020,SDN,HRV,0.056473989156223786
2020,SLB,EST,0.05641769955735021
2020,NCL,LVA,0.05641713387197948
2020,QAT,HRV,0.05576633795282245
2020,UGA,ESP,0.05563498116320745
2020,SDN,LVA,0.055541665629940826
2020,FRO,CZE,0.05549865091948466
2020,SLB,SVN,0.05540671314517317
2020,FSM,HRV,0.05526470201267048
2020,QAT,LVA,0.05484569697057775
2020,GUY,BGR,0.05435931707260251
2020,FSM,LVA,0.05435234248876829
2020,LCA,DNK,0.05408963718816871
2020,PAK,FIN,0.053766261946058866
2020,BTN,ITA,0.05333201684345007
2020,PNG,CZE,0.053092948352295714
2020,AZE,FRA,0.05307335721674587
2020,TTO,LUX,0.05203761913086455
2020,MCO,ITA,0.05183885630117873
2020,BTN,ESP,0.0512120675756437
2020,MRT,FIN,0.05085542040308762
2020,SYC,GRC,0.050677169765680034
2020,AGO,EST,0.05045313276599874
2020,NCL,GRC,0.05039847359160733
2020,SLE,LUX,0.05018822946409383
2020,YEM,HRV,0.05017146464230691
2020,MCO,ESP,0.049778260209675386
2020,SDN,GRC,0.04961640154986204
2020,AGO,SVN,0.049549029406975066
2020,YEM,LVA,0.04934318887264771
2020,GRL,DNK,0.04917357390894101
2020,PRY,LUX,0.049028283366498844
2020,QAT,GRC,0.048994679819384046
2020,GMB,LUX,0.04898886101472811
2020,FSM,GRC,0.04855395709711324
2020,CUB,EST,0.0485318898327419
2020,LCA,SVK,0.04844482585852128
2020,CUB,SVN,0.04766221450809844
2020,GAB,FRA,0.047500552909804025
2020,SMR,FRA,0.04679616603193109
2020,PRK,EST,0.04678724215764388
2020,MDG,HRV,0.046702260186742124
2020,WLF,DEU,0.046540176903218045
2020,KNA,DNK,0.04636917258129368
2020,PRK,SVN,0.045948830339088045
2020,MDG,LVA,0.045931257171845506
2020,UGA,ROU,0.04531650638405696
2020,YEM,GRC,0.044079187130754795
2020,GRL,SVK,0.044041804469356724
2020,GGY,DNK,0.043309218180099134
2020,IOT,FRA,0.043064032683237635
2020,PAK,LUX,0.04196608473795527
2020,BLR,DEU,0.04193974718934221
2020,KWT,EST,0.041933785287901884
2020,BTN,ROU,0.041713899038167995
2020,ATG,MLT,0.041690675783981335
2020,KNA,SVK,0.04153007133491822
2020,KWT,SVN,0.0411823458022468
2020,XKV,HRV,0.04104103416957094
2020,MDG,GRC,0.041031245168487676
2020,MCO,ROU,0.04054601618290462
2020,XKV,LVA,0.04036349177756061
2020,PLW,FRA,0.04033296497868246
2020,FRO,DNK,0.03975715819805807
2020,MRT,LUX,0.039694090769439375
2020,UGA,CZE,0.039661420906876854
2020,PAN,HRV,0.0392685704879563
2020,GGY,SVK,0.038789454725026984
2020,PAN,LVA,0.03862028952434055
2020,PNG,DNK,0.03803380283794379
2020,BTN,CZE,0.036508386003952883
2020,XKV,GRC,0.036057456924921814
2020,OMN,EST,0.03584119464359496
2020,FRO,SVK,0.03560808882548569
2020,MCO,CZE,0.03548624424615794
2020,OMN,SVN,0.03519893235595891
2020,AZE,POL,0.03489701451625937
2020,PAN,GRC,0.034500221973513275
2020,PNG,SVK,0.034064583365786515
2020,REU,FRA,0.03376715182459957
2020,GUY,FIN,0.033738605550700615
2020,NRU,MLT,0.03354127454322598
2020,KAZ,HRV,0.03151427238818211
2020,GAB,POL,0.031232761056629706
2020,KAZ,LVA,0.030994006368370516
2020,SMR,POL,0.030769609667848922
2020,ATG,DEU,0.030515165412878843
2020,DJI,EST,0.03051004359977494
2020,DJI,SVN,0.029963313765763423
2020,LBY,EST,0.02919783312563261
2020,LBY,SVN,0.02867461766689132
2020,UGA,DNK,0.02841195883557728
2020,TGO,HRV,0.02839593282185625
2020,IOT,POL,0.02831564183019954
2020,GUF,FRA,0.028179759080998235
2020,TGO,LVA,0.02792714716289861
2020,KAZ,GRC,0.02768752157809012
2020,BGD,HRV,0.027660534199685092
2020,LCA,PRT,0.027476231059608853
2020,BGD,LVA,0.027203889164170034
2020,LCA,AUT,0.026524473599950468
2020,PLW,POL,0.026519898837316515
2020,GUY,LUX,0.02633393373899849
2020,BTN,DNK,0.026153242535943106
2020,TTO,EST,0.025840025370383907
2020,CAF,HRV,0.025669178441867987
2020,CUW,HRV,0.025563119241690788
2020,UGA,SVK,0.02544687799070846
2020,MCO,DNK,0.025421018402703364
2020,MNE,HRV,0.02540441554534104
2020,TTO,SVN,0.025376980709847678
2020,CAF,LVA,0.025245408502480395
2020,CUW,LVA,0.025141100223195826
2020,MNE,LVA,0.024985016550542395
2020,GRL,PRT,0.024978989488292407
2020,TGO,GRC,0.024947839285351017
2020,SLE,EST,0.02492168443343783
2020,URY,HRV,0.024876457086867195
2020,LTU,HRV,0.024585283658501874
2020,NRU,DEU,0.02455027465010739
2020,SLE,SVN,0.024475096137061832
2020,URY,LVA,0.024465774106274197
2020,PRY,EST,0.024345696579059717
2020,GMB,EST,0.02432612084544757
2020,BGD,GRC,0.024301739481139856
2020,SWZ,HRV,0.024188301729303616
2020,LTU,LVA,0.02417940763136744
2020,GRL,AUT,0.02411373473305928
2020,PRY,SVN,0.02390942979346711
2020,GMB,SVN,0.023890204850490628
2020,SWZ,LVA,0.023788979437749595
2020,KNA,PRT,0.023554421255485583
2020,BTN,SVK,0.023423882025346066
2020,LCA,BGR,0.022974816948443774
2020,JOR,HRV,0.022950973934217973
2020,MCO,SVK,0.022768073029977815
2020,KNA,AUT,0.022738512549185613
2020,JOR,LVA,0.02257207856539985
2020,CAF,GRC,0.02255219232881877
2020,CUW,GRC,0.02245901180548984
2020,IDN,HRV,0.02241662620365932
2020,MNE,GRC,0.022319579361577406
2020,REU,POL,0.02220271807158228
2020,TJK,HRV,0.022099630016726185
2020,IDN,LVA,0.022046552328910573
2020,IMN,HRV,0.02203560169649673
2020,GGY,PRT,0.022000038225209337
2020,URY,GRC,0.02185573044159373
2020,TJK,LVA,0.021734789400814566
2020,IMN,LVA,0.021671818117819246
2020,LTU,GRC,0.021599913950528096
2020,SWZ,GRC,0.021251137193273487
2020,GGY,AUT,0.021237972261788564
2020,FLK,MLT,0.021145496463625183
2020,GRL,BGR,0.02088669693472832
2020,PAK,EST,0.020838860663424608
2020,SLB,HRV,0.020805079554010068
2020,PAK,SVN,0.020465435211106102
2020,SLB,LVA,0.02046161054421984
2020,FRO,PRT,0.020195677429358076
2020,JOR,GRC,0.020164057041029474
2020,MRT,EST,0.019710669505405447
2020,KNA,BGR,0.01969551484325806
2020,IDN,GRC,0.01969459469273822
2020,FRO,AUT,0.019496113264078425
2020,TJK,GRC,0.019416091078319538
2020,IMN,GRC,0.019359837661577898
2020,MRT,SVN,0.019357460863414992
2020,PNG,PRT,0.019320254473430522
2020,PNG,AUT,0.018651014348113
2020,AGO,HRV,0.018605534241583257
2020,GUF,POL,0.01852887236242152
2020,GGY,BGR,0.01839578543310393
2020,AGO,LVA,0.01829837730877821
2020,SLB,GRC,0.01827873675743031
2020,WLF,FRA,0.01823808904326657
2020,CUB,HRV,0.017897040056556162
2020,CUB,LVA,0.01760157958449002
2020,AZE,ITA,0.017280918030871867
2020,PRK,HRV,0.017253668668517987
2020,PRK,LVA,0.016968829551347576
2020,FRO,BGR,0.016887031961650877
2020,AZE,ESP,0.016594001021261944
2020,BLR,FRA,0.016435280108237457
2020,AGO,GRC,0.016346280327858995
2020,PNG,BGR,0.016155029012583113
2020,CUB,GRC,0.01572381797828416
2020,FLK,DEU,0.015477281435022755
2020,GAB,ITA,0.0154663884913694
2020,KWT,HRV,0.01546386587472819
2020,SMR,ITA,0.015237037032617074
2020,KWT,LVA,0.015208574435647968
2020,PRK,GRC,0.015158570620845165
2020,GAB,ESP,0.014851599085333385
2020,SMR,ESP,0.014631364353939776
2020,UGA,PRT,0.014432589797314682
2020,LCA,FIN,0.014259529522562214
2020,IOT,ITA,0.01402183803520552
2020,UGA,AUT,0.013932654963749512
2020,KWT,GRC,0.013586102030640165
2020,AZE,ROU,0.013516354953210009
2020,IOT,ESP,0.013464469553092991
2020,BTN,PRT,0.01328521639691724
2020,OMN,HRV,0.013217109377399353
2020,PLW,ITA,0.013132590404865526
2020,GUY,EST,0.013076492108650868
2020,OMN,LVA,0.01299890942010722
2020,GRL,FIN,0.012963518805739269
2020,MCO,PRT,0.012913264198341249
2020,GUY,SVN,0.012842165719157661
2020,BTN,AUT,0.012825025776831447
2020,PLW,ESP,0.012610569542708408
2020,MCO,AUT,0.012465957742712475
2020,KNA,FIN,0.012224200784699801
2020,GAB,ROU,0.012097111757612104
2020,UGA,BGR,0.012068107447703291
2020,WLF,POL,0.011991984141732196
2020,ATG,FRA,0.011958233530728378
2020,SMR,ROU,0.011917723387156616
2020,AZE,CZE,0.011829637491971632
2020,OMN,GRC,0.011612167229472612
2020,GGY,FIN,0.011417511881061304
2020,DJI,HRV,0.011251147942400196
2020,LCA,LUX,0.011129965197647248
2020,BTN,BGR,0.011108707528971494
2020,DJI,LVA,0.011065403848860565
2020,REU,ITA,0.01099473282675237
2020,IOT,ROU,0.010967249520059013
2020,BLR,POL,0.010806593714689405
2020,MCO,BGR,0.010797692031346827
2020,LBY,HRV,0.01076724584216684
2020,LBY,LVA,0.010589490440752662
2020,GAB,CZE,0.010587502865070366
2020,REU,ESP,0.010557691867393583
2020,FRO,FIN,0.010481090288813959
2020,SMR,CZE,0.010430500522344826
2020,PLW,ROU,0.010271720116383585
2020,GRL,LUX,0.010118392259620511
2020,PNG,FIN,0.010026765987286
2020,DJI,GRC,0.009884930789336858
2020,NRU,FRA,0.009620721812820367
2020,IOT,CZE,0.009598637099677993
2020,KNA,LUX,0.009541333680573916
2020,TTO,HRV,0.009528991570490851
2020,LBY,GRC,0.009459788502157843
2020,TTO,LVA,0.009371678386923378
2020,SLE,HRV,0.009190336212318274
2020,GUF,ITA,0.009175453228249836
2020,SLE,LVA,0.009038613856713257
2020,PLW,CZE,0.008989903403428512
2020,PRY,HRV,0.008977929942184933
2020,GMB,HRV,0.008970711025101745
2020,GGY,LUX,0.008911690226446027
2020,PRY,LVA,0.008829714180779016
2020,GMB,LVA,0.008822614440087145
2020,GUF,ESP,0.00881072868745256
2020,REU,ROU,0.008599584306609743
2020,AZE,DNK,0.008474309940908422
2020,TTO,GRC,0.008371894374573675
2020,FRO,LUX,0.008180786747790048
2020,SLE,GRC,0.008074361643325999
2020,PRY,GRC,0.007887747682667213
2020,GMB,GRC,0.00788140535243508
2020,ATG,POL,0.00786282743347877
2020,PNG,LUX,0.007826173809372217
2020,PAK,HRV,0.0076847187552686325
2020,AZE,SVK,0.007589928324537604
2020,GAB,DNK,0.007584491142670541
2020,PAK,LVA,0.007557852490011802
2020,REU,CZE,0.0075264348473388955
2020,UGA,FIN,0.007490180871436035
2020,SMR,DNK,0.00747202053529919
2020,HTI,MLT,0.0074069987381950525
2020,MRT,HRV,0.007268677211943043
2020,GUF,ROU,0.007176625829023991
2020,MRT,LVA,0.0071486793355595496
2020,BTN,FIN,0.006894720568278909
2020,IOT,DNK,0.006876104686063075
2020,GAB,SVK,0.0067929712923373246
2020,PAK,GRC,0.006751570010477012
2020,MCO,FIN,0.006701685965204356
2020,SMR,SVK,0.006692238152468917
2020,PLW,DNK,0.0064400306291028464
2020,MRT,GRC,0.006386048031536167
2020,NRU,POL,0.006325857009342412
2020,GUF,CZE,0.006281048571657404
2020,IOT,SVK,0.006158512266267354
2020,FLK,FRA,0.006065211946801248
2020,WLF,ITA,0.005938401833321148
2020,UGA,LUX,0.005846297543776658
2020,PLW,SVK,0.005767947033275218
2020,WLF,ESP,0.005702350182481783
2020,LCA,EST,0.005526743688166054
2020,LCA,SVN,0.005427706279406747
2020,HTI,DEU,0.005421495033569401
2020,REU,DNK,0.005391656480571764
2020,BTN,LUX,0.005381523973215794
2020,BLR,ITA,0.00535139933215411
2020,MCO,LUX,0.005230855018061138
2020,BLR,ESP,0.0051386810483277055
2020,GRL,EST,0.005024432652050627
2020,GRL,SVN,0.0049343964899955205
2020,REU,SVK,0.004828981536363493
2020,GUY,HRV,0.0048222004927959165
2020,GUY,LVA,0.004742591259677108
2020,KNA,EST,0.004737885946574672
2020,KNA,SVN,0.004652984606179493
2020,WLF,ROU,0.004644750174184588
2020,GUF,DNK,0.004499508322740125
2020,GGY,EST,0.004425227467945108
2020,GGY,SVN,0.004345928863500287
2020,AZE,PRT,0.004304745051203093
2020,GUY,GRC,0.004236644862161945
2020,BLR,ROU,0.004185623283470701
2020,AZE,AUT,0.004155631688255984
2020,WLF,CZE,0.004065127838946452
2020,FRO,EST,0.0040622868732903775
2020,GUF,SVK,0.004029938237259833
2020,FRO,SVN,0.003989492043591819
2020,FLK,POL,0.003988023378421781
2020,ATG,ITA,0.003893653318266778
2020,PNG,EST,0.003886198737852447
2020,GAB,PRT,0.003852738563962034
2020,PNG,SVN,0.003816559348976008
2020,SMR,PRT,0.0037956062081875024
2020,ATG,ESP,0.00373888048217882
2020,GAB,AUT,0.003719282390136402
2020,SMR,AUT,0.003664129059275378
2020,BLR,CZE,0.0036632957844640796
2020,AZE,BGR,0.0035995013052026
2020,IOT,PRT,0.0034928953301549175
2020,IOT,AUT,0.00337190387470134
2020,PLW,PRT,0.0032713802272442056
2020,GAB,BGR,0.0032215467640086867
2020,SMR,BGR,0.0031737743670993152
2020,PLW,AUT,0.003158061900290853
2020,GRD,MLT,0.0031527116722807344
2020,NRU,ITA,0.0031325492443638457
2020,ATG,ROU,0.0030454400756035837
2020,NRU,ESP,0.003008030318022658
2020,IOT,BGR,0.0029206564268689666
2020,WLF,DNK,0.00291210557212991
2020,UGA,EST,0.0029030628106580733
2020,UGA,SVN,0.0028510408906170345
2020,REU,PRT,0.002738831446379736
2020,PLW,BGR,0.0027354320076373667
2020,BTN,EST,0.0026722728349565634
2020,ATG,CZE,0.0026653970114448
2020,REU,AUT,0.0026439602373633424
2020,BTN,SVN,0.002624386594521952
2020,BLR,DNK,0.00262424811443633
2020,WLF,SVK,0.0026081973305289853
2020,MCO,EST,0.0025974560065014666
2020,MCO,SVN,0.002550910458749538
2020,NRU,ROU,0.0024501387842700935
2020,BLR,SVK,0.002350380766488647
2020,GRD,DEU,0.0023076027521656338
2020,REU,BGR,0.0022901303674693913
2020,GUF,PRT,0.0022856417006487675
2020,AZE,FIN,0.002234063289523375
2020,GUF,AUT,0.002206468668001774
2020,NRU,CZE,0.0021443838759244633
2020,HTI,FRA,0.002124566680859119
2020,LCA,HRV,0.0020380898726654545
2020,LCA,LVA,0.0020044432476376277
2020,GAB,FIN,0.001999482359001266
2020,FLK,ITA,0.0019748596280520646
2020,SMR,FIN,0.0019698319854804932
2020,GUF,BGR,0.0019111864202994771
2020,ATG,DNK,0.0019093907489459044
2020,FLK,ESP,0.0018963588986534632
2020,GRL,HRV,0.0018528533041907802
2020,GRL,LVA,0.0018222647314326294
2020,IOT,FIN,0.0018127320290584564
2020,LCA,GRC,0.0017906063840672048
2020,KNA,HRV,0.0017471838591382298
2020,AZE,LUX,0.001743749442952774
2020,KNA,LVA,0.0017183397728437362
2020,ATG,SVK,0.001710126137595703
2020,PLW,FIN,0.0016977708051993323
2020,GGY,HRV,0.0016318852104488869
2020,GRL,GRC,0.0016278629317190174
2020,GGY,LVA,0.001604944578192753
2020,GAB,LUX,0.0015606524067839642
2020,FLK,ROU,0.0015446461621905672
2020,SMR,LUX,0.0015375094535146235
2020,NRU,DNK,0.0015361564214628927
2020,KNA,GRC,0.0015350248358874143
2020,FRO,HRV,0.001498044093132581
2020,WLF,PRT,0.0014792793911976474
2020,FRO,LVA,0.0014733130307035902
2020,GGY,GRC,0.0014337268022793798
2020,PNG,HRV,0.0014331083071106897
2020,WLF,AUT,0.0014280381859378415
2020,REU,FIN,0.001421390283923809
2020,IOT,LUX,0.0014148885041514226
2020,PNG,LVA,0.0014094492631792487
2020,HTI,POL,0.0013969539179501625
2020,NRU,SVK,0.0013758426604032954
2020,FLK,CZE,0.0013518884503502962
2020,BLR,PRT,0.0013330547457576071
2020,PLW,LUX,0.0013251580247126396
2020,FRO,GRC,0.0013161378959551278
2020,BLR,AUT,0.0012868786601199769
2020,PNG,GRC,0.001259087206206518
2020,WLF,BGR,0.0012369299542808227
2020,GUF,FIN,0.0011861952695656354
2020,BLR,BGR,0.0011146612029718193
2020,REU,LUX,0.0011094352283723401
2020,UGA,HRV,0.0010705585871085103
2020,UGA,LVA,0.001052884840806218
2020,BTN,HRV,0.0009854504766677967
2020,ATG,PRT,0.0009699244463150646
2020,BTN,LVA,0.0009691817717806216
2020,FLK,DNK,0.0009684423332141671
2020,MCO,HRV,0.0009578603749763106
2020,MCO,LVA,0.0009420471523613077
2020,UGA,GRC,0.0009405615847977505
2020,ATG,AUT,0.0009363269407080299
2020,GUF,LUX,0.0009258588824399773
2020,GRD,FRA,0.0009042996239142733
2020,FLK,SVK,0.000867375390656947
2020,AZE,EST,0.0008658837702043783
2020,BTN,GRC,0.0008657880785186907
2020,AZE,SVN,0.0008503674210254935
2020,MCO,GRC,0.0008415482189872618
2020,ATG,BGR,0.0008110223181470987
2020,NRU,PRT,0.0007803304102962005
2020,GAB,EST,0.0007749643134946852
2020,WLF,FIN,0.0007677118490210062
2020,SMR,EST,0.0007634723484583624
2020,GAB,SVN,0.0007610772107412522
2020,NRU,AUT,0.0007533003097199437
2020,SMR,SVN,0.0007497911778962822
2020,IOT,EST,0.0007025831591486549
2020,BLR,FIN,0.0006918246342114167
2020,HTI,ITA,0.0006917682352957254
2020,IOT,SVN,0.0006899931026079468
2020,HTI,ESP,0.000664270427211481
2020,PLW,EST,0.0006580262039320079
2020,NRU,BGR,0.0006524893569633
2020,PLW,SVN,0.0006462345932096414
2020,WLF,LUX,0.0005992207630627272
2020,GRD,POL,0.000594598848795403
2020,REU,EST,0.0005509059585498112
2020,HTI,ROU,0.0005410699244628606
2020,REU,SVN,0.0005410339069977081
2020,BLR,LUX,0.0005399886503593801
2020,ATG,FIN,0.0005033683930987209
2020,FLK,PRT,0.0004919453466239835
2020,FLK,AUT,0.0004749047032992919
2020,HTI,CZE,0.0004735493471695205
2020,GUF,EST,0.00045974849370951284
2020,GUF,SVN,0.000451509953609403
2020,FLK,BGR,0.0004113502416981655
2020,NRU,FIN,0.000404973465932491
2020,ATG,LUX,0.0003928932359177658
2020,HTI,DNK,0.0003392330443729022
2020,AZE,HRV,0.00031931079900405585
2020,NRU,LUX,0.00031609321855026457
2020,AZE,LVA,0.0003140393284641554
2020,HTI,SVK,0.00030383057854372106
2020,WLF,EST,0.00029755165548721037
2020,GRD,ITA,0.0002944439262131338
2020,WLF,SVN,0.0002922196287832048
2020,GAB,HRV,0.0002857825526435376
2020,GRD,ESP,0.00028273977132212613
2020,SMR,HRV,0.0002815446760784083
2020,GAB,LVA,0.0002810645966214526
2020,AZE,GRC,0.00028053716514988777
2020,SMR,LVA,0.00027689668274325565
2020,BLR,EST,0.0002681391012512668
2020,BLR,SVN,0.0002633341377368854
2020,IOT,HRV,0.000259090651233246
2020,FLK,FIN,0.00025530827639544737
2020,IOT,LVA,0.00025481334918333215
2020,GAB,GRC,0.0002510802247151631
2020,SMR,GRC,0.00024735694983205644
2020,PLW,HRV,0.0002426594424948523
2020,PLW,LVA,0.00023865340165210575
2020,GRD,ROU,0.00023030076373278772
2020,IOT,GRC,0.00022762949778247206
2020,PLW,GRC,0.00021319351649454673
2020,REU,HRV,0.00020315685297937232
2020,GRD,CZE,0.00020156133502812997
2020,REU,LVA,0.00019980295649732433
2020,FLK,LUX,0.00019927531455063378
2020,ATG,EST,0.00019509676563864397
2020,ATG,SVN,0.00019160069648538368
2020,REU,GRC,0.0001784876922214013
2020,HTI,PRT,0.00017232220430354815
2020,GUF,HRV,0.00016954083667909055
2020,GUF,LVA,0.0001667419037001513
2020,HTI,AUT,0.00016635308346398081
2020,NRU,EST,0.00015696061663014523
2020,NRU,SVN,0.00015414793458346413
2020,GUF,GRC,0.00014895363967470468
2020,GRD,DNK,0.00014439100321466983
2020,HTI,BGR,0.00014409076308309035
2020,GRD,SVK,0.00012932231329149894
2020,WLF,HRV,0.00010972772573872671
2020,WLF,LVA,0.00010791624151881901
2020,FLK,EST,9.895301264130029e-05
2020,BLR,HRV,9.888129748010201e-05
2020,BLR,LVA,9.72488758763251e-05
2020,FLK,SVN,9.717980756542435e-05
2020,WLF,GRC,9.640358300783864e-05
2020,HTI,FIN,8.943124529447099e-05
2020,BLR,GRC,8.687422714149487e-05
2020,GRD,PRT,7.334714694893135e-05
2020,ATG,HRV,7.194557313908115e-05
2020,GRD,AUT,7.080645299051118e-05
2020,ATG,LVA,7.075783075623082e-05
2020,HTI,LUX,6.980361071063336e-05
2020,ATG,GRC,6.320928448544384e-05
2020,GRD,BGR,6.133072877376994e-05
2020,NRU,HRV,5.7882156512196906e-05
2020,NRU,LVA,5.692658568968903e-05
2020,NRU,GRC,5.085357636303301e-05
2020,GRD,FIN,3.806547575775427e-05
2020,FLK,HRV,3.649077002897758e-05
2020,FLK,LVA,3.588834749962368e-05
2020,HTI,EST,3.4661983039061475e-05
2020,HTI,SVN,3.404085183118618e-05
2020,FLK,GRC,3.2059727419165145e-05
2020,GRD,LUX,2.971117804029509e-05
2020,GRD,EST,1.4753511155352953e-05
2020,GRD,SVN,1.4489133142300468e-05
2020,HTI,HRV,1.2782253092300522e-05
2020,HTI,LVA,1.257123213460107e-05
2020,HTI,GRC,1.123011516656168e-05
2020,GRD,HRV,5.440632562057439e-06
2020,GRD,LVA,5.3508136948009505e-06
2020,GRD,GRC,4.779981260710128e-06
2021,IRL,LUX,19877.7305405188
2021,USA,LUX,14610.148764507148
2021,GIB,LUX,13639.471183469734
2021,SGP,LUX,12818.834371554174
2021,CYM,LUX,6709.062132773418
2021,CHE,LUX,5975.469594255751
2021,IRL,DEU,4958.941105858007
2021,HKG,LUX,4054.4898913658617
2021,IRL,FRA,4028.897831721347
2021,IRL,SWE,3803.011813925962
2021,USA,DEU,3644.8259082359073
2021,GIB,DEU,3402.6688396847794
2021,SGP,DEU,3197.9427714199405
2021,USA,FRA,2961.2433148977007
2021,USA,SWE,2795.2169007109555
2021,GIB,FRA,2764.5025051975963
2021,GIB,SWE,2609.50665070663
2021,SGP,FRA,2598.1725579524705
2021,SGP,SWE,2452.5022339148954
2021,IRL,NLD,2250.8331390500575
2021,IRL,POL,2206.7741855710783
2021,IRL,ESP,2036.1813827294832
2021,CYM,DEU,1673.7244689049478
2021,IRL,ITA,1664.4754758165457
2021,USA,NLD,1654.3642614820178
2021,USA,POL,1621.980893399618
2021,VGB,LUX,1551.7687459292565
2021,GIB,NLD,1544.4506442167879
2021,GIB,POL,1514.2187812218947
2021,USA,ESP,1496.5950389838204
2021,CHE,DEU,1490.7135267458016
2021,SGP,NLD,1451.5267298082106
2021,PRI,LUX,1427.8170478101908
2021,SGP,POL,1423.1138068097935
2021,GIB,ESP,1397.1633852991897
2021,CYM,FRA,1359.8195138281183
2021,SGP,ESP,1313.1012035023875
2021,CYM,SWE,1283.5792546483876
2021,USA,ITA,1223.390882927164
2021,CHE,FRA,1211.132047631907
2021,CHE,SWE,1143.2281675409454
2021,GIB,ITA,1142.1105262351202
2021,SGP,ITA,1073.393936823597
2021,HKG,DEU,1011.4825002077515
2021,BRB,LUX,885.7862434282804
2021,HKG,FRA,821.7802076933525
2021,IRL,CZE,803.9535689058805
2021,IRL,ROU,784.2871173816308
2021,HKG,SWE,775.7059049008178
2021,CYM,NLD,759.6933336836618
2021,CYM,POL,744.8227097060953
2021,CYM,ESP,687.2448231694386
2021,MLT,LUX,682.08756112
2021,CHE,NLD,676.6257826425797
2021,CHE,POL,663.3811651883028
2021,IRL,HUN,629.4372791802399
2021,CHE,ESP,612.0990480320747
2021,USA,CZE,590.9065533174693
2021,USA,ROU,576.451694808669
2021,CYM,ITA,561.7879447036385
2021,GIB,CZE,551.6475592415999
2021,GIB,ROU,538.1530610492972
2021,PER,LUX,536.846912647365
2021,SGP,CZE,518.4569546919399
2021,SGP,ROU,505.7743708199192
2021,MYS,LUX,501.42606234937256
2021,CHE,ITA,500.3600675566132
2021,JPN,LUX,463.56494052215913
2021,USA,HUN,462.6369327224971
2021,HKG,NLD,459.10574101139633
2021,IMN,LUX,455.022405197995
2021,HKG,POL,450.1189715640217
2021,GIB,HUN,431.8999904783096
2021,HKG,ESP,415.3229070308436
2021,SGP,HUN,405.9141566813195
2021,IDN,LUX,403.0176134506675
2021,VGB,DEU,387.12315801286036
2021,PRI,DEU,356.20065558278696
2021,HKG,ITA,339.5055072996492
2021,VGB,FRA,314.518688291071
2021,IRL,PRT,307.7760389968685
2021,CYP,LUX,305.84001079062136
2021,VGB,SWE,296.88474049995915
2021,PRI,FRA,289.3956629652106
2021,MUS,LUX,278.89149781628186
2021,IRL,BGR,275.42870000148446
2021,PRI,SWE,273.17027413559674
2021,CYM,CZE,271.34759849268545
2021,CYM,ROU,264.7098465149929
2021,IRL,AUT,247.35377951317238
2021,CHE,CZE,241.6774941383777
2021,CHE,ROU,235.7655373951009
2021,USA,PRT,226.2156490515361
2021,BRB,DEU,220.97904006628127
2021,LBY,LUX,216.4218002504717
2021,NOR,LUX,213.65492748819116
2021,CYM,HUN,212.44547037681397
2021,GIB,PRT,211.1862018807043
2021,USA,BGR,202.4403275229965
2021,SGP,PRT,198.47990490623104
2021,IRL,SVK,196.71622769833007
2021,IRL,DNK,196.1958244854907
2021,CHE,HUN,189.2159326521601
2021,GIB,BGR,188.99047902440918
2021,USA,AUT,181.80523721176414
2021,BRB,FRA,179.5346942772096
2021,SGP,BGR,177.61961705309255
2021,VGB,NLD,175.712841582194
2021,VGB,POL,172.27334898782226
2021,MLT,DEU,170.16188230027814
2021,GIB,AUT,169.72635487311453
2021,BRB,SWE,169.46882047244648
2021,AGO,LUX,164.06630816398666
2021,HKG,CZE,163.98359015944908
2021,PRI,NLD,161.67730622773192
2021,HKG,ROU,159.97219515932215
2021,SGP,AUT,159.51454439398645
2021,VGB,ESP,158.95590416229493
2021,PRI,POL,158.51255234610895
2021,PRI,ESP,146.25887420943997
2021,USA,SVK,144.58659378679008
2021,USA,DNK,144.2040969850746
2021,NGA,LUX,143.0595713281918
2021,MLT,FRA,138.24823162980385
2021,GIB,SVK,134.9804653777249
2021,GIB,DNK,134.62338112150968
2021,PER,DEU,133.92837865738062
2021,IRL,FIN,130.6784694147021
2021,MLT,SWE,130.4971434130128
2021,VGB,ITA,129.9384261434118
2021,QAT,LUX,128.41602939421634
2021,HKG,HUN,128.38724624438473
2021,SGP,SVK,126.85918726595312
2021,SGP,DNK,126.52358745599423
2021,MYS,DEU,125.09186132009644
2021,BHR,LUX,123.61983847110025
2021,PRI,ITA,119.55924521606958
2021,JPN,DEU,115.64656408356564
2021,IMN,DEU,113.51543902978291
2021,IRL,GRC,112.38384329181206
2021,DZA,LUX,109.8501612785199
2021,PER,FRA,108.81027680309913
2021,CYM,PRT,103.87949290286498
2021,TWN,LUX,103.34230798217283
2021,PER,SWE,102.70967034722274
2021,MYS,FRA,101.63103736867707
2021,IDN,DEU,100.54168938709977
2021,BRB,NLD,100.30103923377754
2021,BRB,POL,98.33769564120928
2021,KAZ,LUX,97.32449996780612
2021,USA,FIN,96.04878557816816
2021,ISR,LUX,96.03537559622667
2021,MYS,SWE,95.93294541537081
2021,JPN,FRA,93.95719395253543
2021,CYM,BGR,92.96173210982364
2021,CHE,PRT,92.52094242435888
2021,IMN,FRA,92.22575876808254
2021,BRB,ESP,90.73578365850393
2021,GIB,FIN,89.66744036742742
2021,JPN,SWE,88.68934719353756
2021,IMN,SWE,87.05498744142935
2021,SGP,FIN,84.27248029852575
2021,CYM,AUT,83.48598307776926
2021,CHE,BGR,82.79696813926647
2021,USA,GRC,82.6022198999775
2021,IDN,FRA,81.68521983267249
2021,MLT,NLD,77.235441096922
2021,GIB,GRC,77.11424545884009
2021,IDN,SWE,77.10541915481328
2021,CYP,DEU,76.29857936921631
2021,MLT,POL,75.72359526207089
2021,CHE,AUT,74.35733095849814
2021,BRB,ITA,74.17192199062563
2021,TTO,LUX,72.58457659669466
2021,SGP,GRC,72.4745649539748
2021,COG,LUX,69.90892830753212
2021,MLT,ESP,69.86984708907589
2021,MUS,DEU,69.57567463631453
2021,CYM,SVK,66.3949735842658
2021,CYM,DNK,66.21932891085014
2021,HKG,PRT,62.77753068308066
2021,VGB,CZE,62.761189908647765
2021,CYP,FRA,61.98887512919308
2021,ISL,LUX,61.52080903093863
2021,VGB,ROU,61.22591480485983
2021,PER,NLD,60.78927466695919
2021,PER,POL,59.599354464476825
2021,CHE,SVK,59.13511277919671
2021,CHE,DNK,58.978673714448554
2021,IRL,EST,58.673599098402114
2021,LTU,LUX,58.62279653508215
2021,CYP,SWE,58.513378669515845
2021,PRI,CZE,57.74797122799217
2021,MLT,ITA,57.115072343370635
2021,MYS,NLD,56.77843331353918
2021,MUS,FRA,56.526842868059646
2021,PRI,ROU,56.33533034833953
2021,HKG,BGR,56.17959644194437
2021,MYS,POL,55.66702336112205
2021,BGD,LUX,55.279276994697156
2021,PER,ESP,54.99207702208019
2021,SWZ,LUX,54.419322118214076
2021,LBY,DEU,53.991221949517595
2021,MUS,SWE,53.35758319275136
2021,NOR,DEU,53.300964123173515
2021,JPN,NLD,52.49127047487444
2021,URY,LUX,51.63061278233899
2021,IMN,NLD,51.52396580395437
2021,JPN,POL,51.463779629915116
2021,MYS,ESP,51.36373143251683
2021,IMN,POL,50.51540947295642
2021,HKG,AUT,50.4531136782943
2021,VGB,HUN,49.137455373170155
2021,LBR,LUX,49.044381183988584
2021,COD,LUX,48.281482637643116
2021,JPN,ESP,47.4854158855443
2021,IMN,ESP,46.61035867753377
2021,IDN,NLD,45.63525992700941
2021,PRI,HUN,45.2124690949429
2021,PER,ITA,44.95324647589495
2021,IDN,POL,44.74197212204408
2021,CYM,FIN,44.10614023224831
2021,LBY,FRA,43.86523501709559
2021,NOR,FRA,43.304434192782274
2021,USA,EST,43.12514497715562
2021,MYS,ITA,41.9872571476163
2021,LBY,SWE,41.40586680486248
2021,IDN,ESP,41.28323199409356
2021,IRL,SVN,41.066665927226246
2021,AGO,DEU,40.92998232279721
2021,NOR,SWE,40.87650809456434
2021,GIB,EST,40.25997145407649
2021,HKG,SVK,40.12449786683182
2021,HKG,DNK,40.018350459229595
2021,CHE,FIN,39.283419151885354
2021,JPN,ITA,38.81692999986462
2021,IMN,ITA,38.10161491299472
2021,CYM,GRC,37.93140196903782
2021,SGP,EST,37.837677057360736
2021,BRB,CZE,35.82556923388663
2021,NGA,DEU,35.689385536226325
2021,BRB,ROU,34.94919795087119
2021,CYP,NLD,34.63146007194999
2021,CYP,POL,33.953566245994
2021,CHE,GRC,33.783848568977476
2021,IDN,ITA,33.746957810066
2021,GHA,LUX,33.29984786856055
2021,AGO,FRA,33.25361473599894
2021,QAT,DEU,32.036228960644166
2021,MUS,NLD,31.579974595420296
2021,AGO,SWE,31.38920245160814
2021,CYP,ESP,31.328814665046465
2021,MUS,POL,30.961812099308222
2021,BHR,DEU,30.839712674657598
2021,USA,SVN,30.184034200286163
2021,NGA,FRA,28.995885398298295
2021,MUS,ESP,28.568335529928767
2021,GIB,SVN,28.1786497394064
2021,BRB,HUN,28.04881985205896
2021,IRL,LVA,28.00544565559
2021,MLT,CZE,27.58698876367904
2021,DZA,DEU,27.40456105584005
2021,NGA,SWE,27.37018890296807
2021,MLT,ROU,26.91215106383616
2021,HKG,FIN,26.65467932473765
2021,SGP,SVN,26.483244032309987
2021,QAT,FRA,26.027873822416726
2021,TWN,DEU,25.781032597379184
2021,CYP,ITA,25.609724231183314
2021,IRL,HRV,25.28555500540444
2021,BHR,FRA,25.05576268672771
2021,QAT,SWE,24.568583213671133
2021,LBY,NLD,24.506286521173447
2021,BEL,LUX,24.334919245113074
2021,KAZ,DEU,24.27975681195816
2021,NOR,NLD,24.192982701495374
2021,VGB,PRT,24.026748782397945
2021,LBY,POL,24.026587995748947
2021,ISR,DEU,23.95815612299833
2021,NOR,POL,23.719416944500708
2021,BHR,SWE,23.650974902939957
2021,KWT,LUX,23.636122026747934
2021,MUS,ITA,23.35317191178854
2021,HKG,GRC,22.923097566428954
2021,DZA,FRA,22.26486950746833
2021,LBY,ESP,22.169233031333167
2021,PRI,PRT,22.107547664531
2021,NOR,ESP,21.8858075771319
2021,PER,CZE,21.71273981701172
2021,EGY,LUX,21.611736132415835
2021,MLT,HUN,21.59860944683341
2021,VGB,BGR,21.50153145113888
2021,PER,ROU,21.181599012884135
2021,DZA,SWE,21.016557209703475
2021,TWN,FRA,20.94583180437806
2021,USA,LVA,20.584026250403696
2021,MYS,CZE,20.28014574130952
2021,CYM,EST,19.803308083999422
2021,MYS,ROU,19.784049301724117
2021,PRI,BGR,19.78403885276001
2021,TWN,SWE,19.77147327424839
2021,KAZ,FRA,19.72611843662835
2021,ISR,FRA,19.46483355931861
2021,VGB,AUT,19.309843417668112
2021,GIB,LVA,19.2164527143086
2021,JPN,CZE,18.748855036179854
2021,KAZ,SWE,18.620144910785342
2021,USA,HRV,18.584904321398717
2021,AGO,NLD,18.57786947379869
2021,IMN,CZE,18.4033527290947
2021,ISR,SWE,18.373509350214526
2021,JPN,ROU,18.290217295189386
2021,CUW,LUX,18.279073638199495
2021,AGO,POL,18.214216801068766
2021,LBY,ITA,18.122228702853494
2021,TTO,DEU,18.10783377926069
2021,SGP,LVA,18.060269437136657
2021,IMN,ROU,17.9531667254142
2021,NOR,ITA,17.89054270388429
2021,PRI,AUT,17.767417789937145
2021,CHE,EST,17.637944466717922
2021,COG,DEU,17.440333922629648
2021,GIB,HRV,17.350149613470485
2021,PER,HUN,16.99949897923558
2021,AGO,ESP,16.806182251827064
2021,CPV,LUX,16.7429141146081
2021,JOR,LUX,16.55644012078181
2021,SGP,HRV,16.306254929172734
2021,IDN,CZE,16.300022178343617
2021,NGA,NLD,16.199194538200302
2021,IDN,ROU,15.901288211093675
2021,NGA,POL,15.882103259343126
2021,MYS,HUN,15.877881821161507
2021,VGB,SVK,15.356788006414163
2021,ISL,DEU,15.347731379459562
2021,VGB,DNK,15.316162370639539
2021,TTO,FRA,14.71173193895215
2021,JPN,HUN,14.678992367405444
2021,NGA,ESP,14.654350765342551
2021,LTU,DEU,14.624757835689119
2021,QAT,NLD,14.541049037592217
2021,IMN,HUN,14.408489143670597
2021,GIN,LUX,14.302955312359778
2021,QAT,POL,14.256415142716646
2021,COG,FRA,14.16942085526571
2021,PRI,SVK,14.130123301352295
2021,PRI,DNK,14.092742747394558
2021,BHR,NLD,13.997957589151698
2021,TTO,SWE,13.886897286557092
2021,CYM,SVN,13.86067754213651
2021,BGD,DEU,13.790642670818698
2021,AGO,ITA,13.738205465159117
2021,BHR,POL,13.723954442707246
2021,BRB,PRT,13.71503556930482
2021,SWZ,DEU,13.576107838611255
2021,COG,SWE,13.37499166268046
2021,ASM,LUX,13.307335871086709
2021,QAT,ESP,13.15433508687259
2021,URY,DEU,12.880402394281388
2021,IDN,HUN,12.761734019636279
2021,BHR,ESP,12.663035808730237
2021,ISL,FRA,12.469283332181773
2021,DZA,NLD,12.438763209496287
2021,CYP,CZE,12.369680114544686
2021,CHE,SVN,12.345102127498427
2021,BRB,BGR,12.273581886490456
2021,LBR,DEU,12.235209515940161
2021,DZA,POL,12.195280527428379
2021,CYP,ROU,12.067090855970664
2021,COD,DEU,12.044887539628013
2021,NGA,ITA,11.979191868569734
2021,HKG,EST,11.96774017786417
2021,LTU,FRA,11.88190258280208
2021,ISL,SWE,11.77017482302767
2021,TWN,NLD,11.701853538966473
2021,TWN,POL,11.47279550185727
2021,MUS,CZE,11.279749192185921
2021,DZA,ESP,11.252534731226694
2021,LTU,SWE,11.21572642982797
2021,BGD,FRA,11.204224685965901
2021,SWZ,FRA,11.029925596329965
2021,BRB,AUT,11.02251460276821
2021,KAZ,NLD,11.020433611497022
2021,MUS,ROU,11.00382201271495
2021,ISR,NLD,10.874461019203679
2021,KAZ,POL,10.804714034873033
2021,QAT,ITA,10.753004785566988
2021,ISR,POL,10.661598784397471
2021,TWN,ESP,10.585900796505353
2021,BGD,SWE,10.57604353009969
2021,MLT,PRT,10.561075238575448
2021,URY,FRA,10.464698848049727
2021,SWZ,SWE,10.411516772478041
2021,BHR,ITA,10.351392430847328
2021,VGB,FIN,10.201504854402481
2021,MLI,LUX,9.973629539098972
2021,BFA,LUX,9.972672293164866
2021,KAZ,ESP,9.969464799512814
2021,LBR,FRA,9.940511096450836
2021,URY,SWE,9.877980284078607
2021,ISR,ESP,9.83741295183924
2021,COD,FRA,9.785883771519082
2021,CYP,HUN,9.684561517930685
2021,OMN,LUX,9.505513064186855
2021,CYM,LVA,9.452300129351629
2021,MLT,BGR,9.451103578626206
2021,PRI,FIN,9.386632243138582
2021,LBR,SWE,9.383181881311925
2021,COD,SWE,9.237223962289695
2021,DZA,ITA,9.198379014640599
2021,NER,LUX,9.008507772726857
2021,MUS,HUN,8.831224732328051
2021,VGB,GRC,8.773322246830984
2021,BRB,SVK,8.766017227122457
2021,LBY,CZE,8.753166179898377
2021,BRB,DNK,8.742827154894174
2021,TWN,ITA,8.653439430622129
2021,NOR,CZE,8.641260184019744
2021,LBY,ROU,8.539044711919887
2021,CYM,HRV,8.534292144021117
2021,MLT,AUT,8.487736356926717
2021,NOR,ROU,8.42987617990526
2021,CHE,LVA,8.418752263868459
2021,HKG,SVN,8.376428160882595
2021,PER,PRT,8.312247516662003
2021,GHA,DEU,8.307386201740572
2021,TTO,NLD,8.219035369995185
2021,KAZ,ITA,8.149534126258132
2021,PRI,GRC,8.07252955881402
2021,TTO,POL,8.058151788388807
2021,ISR,ITA,8.041588407937946
2021,COG,NLD,7.9160612540409785
2021,MYS,PRT,7.763810209878155
2021,COG,POL,7.761108241986191
2021,CHE,HRV,7.601122512486381
2021,GNQ,LUX,7.462069975551982
2021,PER,BGR,7.438628215070624
2021,TTO,ESP,7.4352232131442495
2021,JPN,PRT,7.17758905730721
2021,COG,ESP,7.161142365634052
2021,IMN,PRT,7.04532105620403
2021,ISL,NLD,6.96624171586102
2021,MYS,BGR,6.947831806967759
2021,LBY,HUN,6.8530936581149
2021,ISL,POL,6.829880954879877
2021,TCD,LUX,6.784830821212458
2021,NOR,HUN,6.7654793874728
2021,MLT,SVK,6.750151467742883
2021,GHA,FRA,6.749346189235178
2021,MLT,DNK,6.73229427033692
2021,PER,AUT,6.680396063958207
2021,LTU,NLD,6.638088431472818
2021,AGO,CZE,6.635651575856731
2021,LTU,POL,6.508151109901729
2021,AGO,ROU,6.473329117078424
2021,JPN,BGR,6.423222644759292
2021,GHA,SWE,6.370934276824529
2021,IMN,BGR,6.304856043790675
2021,ISL,ESP,6.301902812491976
2021,BGD,NLD,6.259488642768591
2021,IDN,PRT,6.240106960951899
2021,MYS,AUT,6.239627376762287
2021,SWZ,NLD,6.162112590199096
2021,BGD,POL,6.1369622261589925
2021,TTO,ITA,6.077919580480066
2021,BEL,DEU,6.070885763661064
2021,SWZ,POL,6.041492262004358
2021,SDN,LUX,6.008031498296652
2021,LTU,ESP,6.005044019736334
2021,KWT,DEU,5.896555286459632
2021,COG,ITA,5.853872325681868
2021,URY,NLD,5.846336129925071
2021,BRB,FIN,5.823259867813125
2021,NGA,CZE,5.786035417926707
2021,JPN,AUT,5.768492527566093
2021,URY,POL,5.731896970885697
2021,HKG,LVA,5.712311879986983
2021,BGD,ESP,5.662549577171743
2021,IMN,AUT,5.662191237549631
2021,NGA,ROU,5.644496416838486
2021,LCA,LUX,5.603610350123478
2021,IDN,BGR,5.584270152176084
2021,SWZ,ESP,5.574459837454575
2021,LBR,NLD,5.553487015436895
2021,COD,NLD,5.4671010305606424
2021,LBR,POL,5.444780234017054
2021,EGY,DEU,5.391527290177087
2021,COD,POL,5.360085212376977
2021,PER,SVK,5.3128046630985395
2021,PER,DNK,5.298749896757126
2021,URY,ESP,5.28879754718567
2021,AGO,HUN,5.195233450085356
2021,QAT,CZE,5.193778279957915
2021,HKG,HRV,5.157531789557704
2021,ISL,ITA,5.151487373050879
2021,QAT,ROU,5.066727175614286
2021,LBR,ESP,5.0238761256353826
2021,IDN,AUT,5.0150559036001265
2021,BRB,GRC,5.0080195105053775
2021,BHR,CZE,4.999796637942332
2021,MYS,SVK,4.962268869372739
2021,MYS,DNK,4.949141428424886
2021,COD,ESP,4.945728380659487
2021,BEL,FRA,4.93229864354481
2021,LTU,ITA,4.908820298048003
2021,BHR,ROU,4.877490746141866
2021,TLS,LUX,4.810662112353043
2021,KWT,FRA,4.7906636318343265
2021,CYP,PRT,4.735461470112081
2021,BEL,SWE,4.655762145052392
2021,BGD,ITA,4.628848383420219
2021,JPN,SVK,4.58758338668675
2021,VGB,EST,4.580394985558904
2021,JPN,DNK,4.575447157960052
2021,CUW,DEU,4.5601206564654015
2021,SWZ,ITA,4.55683946875578
2021,NGA,HUN,4.530045678703436
2021,KWT,SWE,4.522068106310691
2021,IMN,SVK,4.503043789949393
2021,IMN,DNK,4.491131206614175
2021,MLT,FIN,4.484121480179916
2021,DZA,CZE,4.442882904803057
2021,EGY,FRA,4.380353011936519
2021,DZA,ROU,4.334200333253386
2021,URY,ITA,4.323324969236682
2021,MUS,PRT,4.318205256522143
2021,SSD,LUX,4.3096538705254
2021,CYP,BGR,4.237763280309677
2021,PRI,EST,4.2145236287569015
2021,TWN,CZE,4.179673185119556
2021,CPV,DEU,4.176891565439912
2021,EGY,SWE,4.134762148198578
2021,JOR,DEU,4.130371488549154
2021,LBR,ITA,4.10676508271134
2021,TWN,ROU,4.077429295345888
2021,QAT,HUN,4.066351336248449
2021,COD,ITA,4.04288324678748
2021,IDN,SVK,3.9883881337657923
2021,IDN,DNK,3.9778370469380953
2021,BOL,LUX,3.9708012435572613
2021,KAZ,CZE,3.936283316226895
2021,BHR,HUN,3.9144777931937518
2021,ISR,CZE,3.8841447616176423
2021,MUS,BGR,3.8643607995603966
2021,MLT,GRC,3.8563568121596883
2021,KAZ,ROU,3.8399932716044893
2021,CYP,AUT,3.805800790045078
2021,ISR,ROU,3.789130139353474
2021,GHA,NLD,3.7706719564941475
2021,CUW,FRA,3.7048756645885526
2021,GHA,POL,3.6968629044443007
2021,GIN,DEU,3.5681896828781476
2021,PER,FIN,3.5292928793738914
2021,CUW,SWE,3.497156420950304
2021,PAN,LUX,3.480908015593382
2021,DZA,HUN,3.478454770866286
2021,MUS,AUT,3.4704598655429053
2021,GHA,ESP,3.4110800596413244
2021,CPV,FRA,3.393520715835236
2021,JOR,FRA,3.3557254218569956
2021,LBY,PRT,3.3509582141625702
2021,ASM,DEU,3.319810313661105
2021,MDG,LUX,3.313975064862252
2021,NOR,PRT,3.308117451357824
2021,MYS,FIN,3.2964321665840832
2021,TWN,HUN,3.2723806688048374
2021,VGB,SVN,3.2058976026206047
2021,CPV,SWE,3.2032580403286057
2021,JOR,SWE,3.167581794488278
2021,KAZ,HUN,3.0818240710347395
2021,JPN,FIN,3.047528830228932
2021,ISR,HUN,3.0410033679208754
2021,PER,GRC,3.0352015880118635
2021,CYP,SVK,3.0266882368341705
2021,CYP,DNK,3.018681280310344
2021,LBY,BGR,2.9987716642733298
2021,IMN,FIN,2.991369227964112
2021,NOR,BGR,2.960433476398661
2021,PRI,SVN,2.9498179174979984
2021,TTO,CZE,2.9356786622841438
2021,GIN,FRA,2.8989801188677156
2021,SYC,LUX,2.8804761729812487
2021,TTO,ROU,2.863865582106942
2021,NPL,LUX,2.8481133491647115
2021,MYS,GRC,2.834940734236932
2021,COG,CZE,2.827462234517185
2021,GHA,ITA,2.7883857270657155
2021,MUS,SVK,2.759997338515291
2021,COG,ROU,2.758296363349457
2021,BEL,NLD,2.75553804099298
2021,MUS,DNK,2.752695899792127
2021,CIV,LUX,2.7434592240713958
2021,GIN,SWE,2.736444581341007
2021,BEL,POL,2.701599736881772
2021,ASM,FRA,2.6971839932995505
2021,LBY,AUT,2.693101717616997
2021,KWT,NLD,2.6764105000815013
2021,NOR,AUT,2.658671407084964
2021,IDN,FIN,2.6494837911976616
2021,KWT,POL,2.624021078729944
2021,JPN,GRC,2.620883180050432
2021,BRB,EST,2.6145976185686886
2021,IMN,GRC,2.5725857675652053
2021,ASM,SWE,2.545962449106759
2021,AGO,PRT,2.540314064355633
2021,BEL,ESP,2.492754865356546
2021,ISL,CZE,2.488205274821546
2021,MLI,DEU,2.4881432714474605
2021,BFA,DEU,2.4879044652013764
2021,EGY,NLD,2.4471813711374257
2021,ISL,ROU,2.4273383661936556
2021,KWT,ESP,2.421173359437757
2021,EGY,POL,2.399278997427453
2021,OMN,DEU,2.371361226080703
2021,LTU,CZE,2.3709953406176165
2021,LTU,ROU,2.312995641712197
2021,TTO,HUN,2.2984232687098682
2021,IDN,GRC,2.2785633511610013
2021,AGO,BGR,2.2733264182013793
2021,NER,DEU,2.247372224186043
2021,BGD,CZE,2.235766901851945
2021,NGA,PRT,2.215057101927677
2021,EGY,ESP,2.2138047737183326
2021,COG,HUN,2.213697662044623
2021,SWZ,CZE,2.2009860806391157
2021,VGB,LVA,2.186264432731897
2021,BGD,ROU,2.1810751844501146
2021,SWZ,ROU,2.1471451777131594
2021,LBY,SVK,2.141777706975755
2021,LBY,DNK,2.1361117382199533
2021,NOR,SVK,2.1143958702410433
2021,NOR,DNK,2.108802338802574
2021,URY,CZE,2.088196905906726
2021,CUW,NLD,2.069810968215384
2021,AGO,AUT,2.0416023515567674
2021,BEL,ITA,2.0377012459697843
2021,URY,ROU,2.0371150713189494
2021,CUW,POL,2.029295434843874
2021,MLI,FRA,2.02149507674225
2021,BFA,FRA,2.0213010583124054
2021,MLT,EST,2.0133350751276065
2021,PRI,LVA,2.011630686765996
2021,CYP,FIN,2.0106271394727973
2021,PRY,LUX,1.9926562996406423
2021,QAT,PRT,1.9883244110836906
2021,LBR,CZE,1.9835969306091086
2021,NGA,BGR,1.982254044211684
2021,KWT,ITA,1.9791869789529
2021,VGB,HRV,1.9739342929958845
2021,COD,CZE,1.95274154660049
2021,ISL,HUN,1.9480840919171887
2021,LBR,ROU,1.9350738387437851
2021,OMN,FRA,1.926615359617498
2021,MHL,LUX,1.917556662569219
2021,BHR,PRT,1.9140627823942178
2021,MLI,SWE,1.9081570145846427
2021,BFA,SWE,1.9079738740803072
2021,COD,ROU,1.9049732444858898
2021,CPV,NLD,1.895865619901158
2021,JOR,NLD,1.8747504405792699
2021,CUW,ESP,1.872422475985112
2021,GNQ,DEU,1.8615789896701052
2021,CPV,POL,1.8587549813111852
2021,LTU,HUN,1.8563172226207187
2021,JOR,POL,1.8380531212564177
2021,MUS,FIN,1.8334645392800586
2021,TGO,LUX,1.8305175395026738
2021,BRB,SVN,1.830002055197016
2021,NER,FRA,1.8258803417523766
2021,OMN,SWE,1.8185968668225387
2021,PRI,HRV,1.8162609874636364
2021,EGY,ITA,1.8096736299397296
2021,NGA,AUT,1.7801994846157596
2021,QAT,BGR,1.779351016118477
2021,BGD,HUN,1.7504431723564793
2021,CYP,GRC,1.7291448727004535
2021,NER,SWE,1.7235097042738121
2021,SWZ,HUN,1.7232123143584837
2021,CPV,ESP,1.715065507267608
2021,BHR,BGR,1.712894303254801
2021,DZA,PRT,1.700860541023695
2021,JOR,ESP,1.6959639869095202
2021,TCD,DEU,1.6926266500604583
2021,URY,HUN,1.6349065787907482
2021,AGO,SVK,1.6236514107394089
2021,GIN,NLD,1.619579545954103
2021,AGO,DNK,1.6193561199005888
2021,TWN,PRT,1.600096457023282
2021,QAT,AUT,1.597978710697676
2021,GIN,POL,1.5878770715979573
2021,PER,EST,1.584624586075322
2021,MUS,GRC,1.5767845490265775
2021,LBR,HUN,1.5530123918624474
2021,BHR,AUT,1.5382960447272693
2021,CUW,ITA,1.530610837560619
2021,COD,HUN,1.5288548662171824
2021,DZA,BGR,1.5220996709972743
2021,GNQ,FRA,1.5124421514504383
2021,KAZ,PRT,1.506919969378981
2021,ASM,NLD,1.5068416643467473
2021,SDN,DEU,1.4988368164797217
2021,ISR,PRT,1.486959864172288
2021,MYS,EST,1.4800719679646892
2021,ASM,POL,1.4773459786658178
2021,GIN,ESP,1.4651275841411333
2021,TWN,BGR,1.4319259175318313
2021,GNQ,SWE,1.4276448820714185
2021,LBY,FIN,1.4227816172000438
2021,NGA,SVK,1.415762184242164
2021,NGA,DNK,1.4120168542410927
2021,MLT,SVN,1.4091680108317073
2021,NOR,FIN,1.4045918798503485
2021,CPV,ITA,1.4019794604148268
2021,LCA,DEU,1.3979449842020768
2021,JOR,ITA,1.386364931936903
2021,TCD,FRA,1.3751766142748807
2021,JPN,EST,1.3683163387706283
2021,DZA,AUT,1.3669494370590387
2021,ASM,ESP,1.363141003405904
2021,KAZ,BGR,1.3485423021398764
2021,GHA,CZE,1.3468102650542018
2021,IMN,EST,1.3431011215770832
2021,ISR,BGR,1.3306800090033133
2021,GHA,ROU,1.3138643589540555
2021,TCD,SWE,1.2980753369185436
2021,CAF,LUX,1.286402223599085
2021,TWN,AUT,1.2859672491735856
2021,QAT,SVK,1.270845121224225
2021,QAT,DNK,1.267483162265148
2021,GAB,LUX,1.2486892850703668
2021,BRB,LVA,1.2479713643483406
2021,LBY,GRC,1.2235961059388656
2021,BHR,SVK,1.2233805183716433
2021,BHR,DNK,1.2201441247109128
2021,SDN,FRA,1.2177318244182804
2021,KAZ,AUT,1.211083068924535
2021,NOR,GRC,1.2079528817644218
2021,TLS,DEU,1.2001264453562006
2021,GIN,ITA,1.1976678273505499
2021,ISR,AUT,1.1950415100090073
2021,IDN,EST,1.1895972647882616
2021,SDN,SWE,1.149457918241059
2021,LCA,FRA,1.1357621305613363
2021,MLI,NLD,1.1293530635930737
2021,BFA,NLD,1.1292446708937003
2021,BRB,HRV,1.1267683066525653
2021,TTO,PRT,1.1238603638206084
2021,ASM,ITA,1.1142989467901063
2021,PER,SVN,1.109106131145731
2021,MLI,POL,1.107246531915124
2021,BFA,POL,1.1071402609496168
2021,DZA,SVK,1.0871114936745492
2021,DZA,DNK,1.0842355930910428
2021,COG,PRT,1.082432071465575
2021,AGO,FIN,1.0785906363750846
2021,OMN,NLD,1.076346405085468
2021,SSD,DEU,1.0751388186395392
2021,LCA,SWE,1.0720839745119708
2021,OMN,POL,1.0552774527201492
2021,GHA,HUN,1.0544546620539714
2021,MYS,SVN,1.035927946992321
2021,TWN,SVK,1.02270774555743
2021,MLI,ESP,1.021651779832615
2021,BFA,ESP,1.021553724053775
2021,NER,NLD,1.0200685529422826
2021,TWN,DNK,1.0200022219572116
2021,TTO,BGR,1.0057423573296913
2021,NER,POL,1.0001012118987695
2021,BOL,DEU,0.9906045093895447
2021,BEL,CZE,0.984224287388616
2021,TLS,FRA,0.9750442141317684
2021,OMN,ESP,0.9737001261354256
2021,COG,BGR,0.968668188905734
2021,KAZ,SVK,0.9631536385538194
2021,MLT,LVA,0.9609832514009683
2021,KAZ,DNK,0.9606056624471916
2021,BEL,ROU,0.9601480223087062
2021,JPN,SVN,0.9577082509088664
2021,KWT,CZE,0.955961477582387
2021,ISL,PRT,0.9525549650061249
2021,ISR,SVK,0.9503960612793834
2021,ISR,DNK,0.9478818347229544
2021,NGA,FIN,0.9404899507106198
2021,IMN,SVN,0.9400596846596218
2021,KWT,ROU,0.9325765822537798
2021,AGO,GRC,0.9275909153000514
2021,NER,ESP,0.9227892377155407
2021,TLS,SWE,0.9203769418642673
2021,LTU,PRT,0.9076837054264659
2021,TTO,AUT,0.9032253113079571
2021,CYP,EST,0.9027556815302088
2021,EGY,CZE,0.8740853166557918
2021,SSD,FRA,0.8734978622955074
2021,COG,AUT,0.8699301765528489
2021,PAN,DEU,0.8683897695992274
2021,MLT,HRV,0.8676524973535427
2021,BGD,PRT,0.8559144554936984
2021,EGY,ROU,0.8527032901645554
2021,ISL,BGR,0.8524411989533268
2021,GNQ,NLD,0.8449593555283442
2021,QAT,FIN,0.8442216346248752
2021,SWZ,PRT,0.8425993788525048
2021,MLI,ITA,0.8351487479353082
2021,BFA,ITA,0.8350685922868354
2021,IDN,SVN,0.8326196826458542
2021,GNQ,POL,0.8284196910410143
2021,MDG,DEU,0.8267446396576901
2021,SSD,SWE,0.824523933963745
2021,MUS,EST,0.8232110754026918
2021,BHR,FIN,0.8126909280597615
2021,LTU,BGR,0.8122859200247406
2021,NGA,GRC,0.8088239456093209
2021,BOL,FRA,0.8048178582436271
2021,URY,PRT,0.7994205103413501
2021,OMN,ITA,0.7959506920642595
2021,BEL,HUN,0.7705761644918169
2021,TCD,NLD,0.7682729184855243
2021,BGD,BGR,0.7659576312615626
2021,ISL,AUT,0.7655504033265565
2021,GNQ,ESP,0.7643794109127225
2021,BOL,SWE,0.7596945742482146
2021,LBR,PRT,0.7593766977116186
2021,PER,LVA,0.7563558126955399
2021,NER,ITA,0.7543336112159227
2021,SWZ,BGR,0.7540419725193906
2021,TCD,POL,0.7532343533482618
2021,KWT,HUN,0.7484484362317984
2021,COD,PRT,0.7475643888430555
2021,CUW,CZE,0.7392959904436018
2021,LTU,AUT,0.7294882209529046
2021,QAT,GRC,0.7260329288687334
2021,DZA,FIN,0.7221674985267456
2021,CUW,ROU,0.7212112038085747
2021,SYC,DEU,0.7185987187785102
2021,TTO,SVK,0.7183196325192562
2021,TTO,DNK,0.7164193528677887
2021,URY,BGR,0.7154012139329714
2021,NPL,DEU,0.7105250940255067
2021,MYS,LVA,0.7064518915173567
2021,PAN,FRA,0.7055243418185305
2021,BHR,GRC,0.6989164344579474
2021,TCD,ESP,0.6950062118490429
2021,COG,SVK,0.6918405816528284
2021,COG,DNK,0.6900103510425867
2021,BGD,AUT,0.6878822542403289
2021,CIV,DEU,0.6844167995315767
2021,EGY,HUN,0.6843453462567194
2021,PER,HRV,0.682898488414272
2021,SDN,NLD,0.6803128943345522
2021,LBR,BGR,0.67956601606748
2021,TWN,FIN,0.679384128151112
2021,SWZ,AUT,0.6771811790609829
2021,CPV,CZE,0.6771661145564812
2021,MDG,FRA,0.6716897045156173
2021,JOR,CZE,0.6696241855349971
2021,COD,BGR,0.6689951838276206
2021,SDN,POL,0.6669961034793733
2021,PAN,SWE,0.6659680932643179
2021,CPV,ROU,0.6606011597122436
2021,JOR,ROU,0.6532437226654667
2021,JPN,LVA,0.6531099072485618
2021,URY,AUT,0.642479139369566
2021,IMN,LVA,0.6410744533875602
2021,DJI,LUX,0.6398434556536039
2021,KAZ,FIN,0.639822371392916
2021,LBY,EST,0.6388176918972974
2021,MYS,HRV,0.6378412392115816
2021,WSM,LUX,0.636769070711629
2021,LCA,NLD,0.6345187066839387
2021,MDG,SWE,0.6340304441212263
2021,CYP,SVN,0.6318543017129516
2021,ISR,FIN,0.6313475206336806
2021,NOR,EST,0.6306506437084001
2021,GNQ,ITA,0.6248415757430363
2021,LCA,POL,0.6220983145658769
2021,DZA,GRC,0.6210660359612286
2021,BEN,LUX,0.6198554961090034
2021,SDN,ESP,0.61543453659095
2021,LBR,AUT,0.6102966847757496
2021,ISL,SVK,0.6088291343343535
2021,ISL,DNK,0.6072185064706286
2021,COD,AUT,0.6008033556233597
2021,JPN,HRV,0.5896798318227009
2021,TWN,GRC,0.5842722197088184
2021,SYC,FRA,0.5838264174068165
2021,LTU,SVK,0.5801494978514339
2021,CUW,HUN,0.5788150892432435
2021,IMN,HRV,0.5788132620005342
2021,LTU,DNK,0.5786147405711548
2021,GIN,CZE,0.5784821333518714
2021,NPL,FRA,0.5772669909955849
2021,MUS,SVN,0.5761796573013648
2021,LCA,ESP,0.5740075330900362
2021,MRT,LUX,0.5731052701918656
2021,TCD,ITA,0.568132488085213
2021,IDN,LVA,0.5678056581324232
2021,GIN,ROU,0.5643312031573677
2021,IRN,LUX,0.5642412445741135
2021,CIV,FRA,0.5560552748587915
2021,SLE,LUX,0.5544471123467066
2021,SYC,SWE,0.5510933400193895
2021,KAZ,GRC,0.5502490000324967
2021,BGD,SVK,0.5470609845586571
2021,BGD,DNK,0.5456137613309935
2021,NPL,SWE,0.5449016773919373
2021,TLS,NLD,0.5447300777714523
2021,ISR,GRC,0.542960605058839
2021,SWZ,SVK,0.5385506026039514
2021,ASM,CZE,0.5382143672981984
2021,SWZ,DNK,0.537125893177836
2021,TLS,POL,0.5340672539757878
2021,CPV,HUN,0.5301719069169102
2021,ASM,ROU,0.5250484741751292
2021,CIV,SWE,0.5248792269771538
2021,JOR,HUN,0.5242671240206617
2021,GHA,PRT,0.5155968512246664
2021,IDN,HRV,0.5126603367663776
2021,URY,SVK,0.5109526643190839
2021,URY,DNK,0.5096009638964414
2021,SDN,ITA,0.5030866610483347
2021,PRY,DEU,0.49711234459047
2021,TLS,ESP,0.49278163881980563
2021,SSD,NLD,0.487998955909015
2021,LBR,SVK,0.4853585089428115
2021,AGO,EST,0.48427866406309616
2021,LBR,DNK,0.48407451661341355
2021,GMB,LUX,0.48325121546778244
2021,SSD,POL,0.47844661596734356
2021,MHL,DEU,0.4783770731494285
2021,COD,SVK,0.4778086267342913
2021,TTO,FIN,0.4771792913399008
2021,COD,DNK,0.47654460725107817
2021,LCA,ITA,0.4692221772903087
2021,GHA,BGR,0.4614074926707128
2021,COG,FIN,0.4595892740888319
2021,TGO,DEU,0.4566632319082111
2021,GIN,HUN,0.4529095138751853
2021,BOL,NLD,0.4496293482478505
2021,LBY,SVN,0.4471195417473974
2021,SSD,ESP,0.4414607069597014
2021,NOR,SVN,0.4414032835880416
2021,BOL,POL,0.4408280745356657
2021,CYP,LVA,0.4308935461240163
2021,NGA,EST,0.4222725485784008
2021,ASM,HUN,0.4213827764070199
2021,GHA,AUT,0.41437543439438995
2021,TTO,GRC,0.4103755036329493
2021,BOL,ESP,0.40675023490077716
2021,ISL,FIN,0.4044448205457672
2021,PRY,FRA,0.40387953889521494
2021,MLI,CZE,0.40338282313260765
2021,BFA,CZE,0.4033441073806522
2021,TLS,ITA,0.4028241097307115
2021,COG,GRC,0.39524804039360717
2021,PAN,NLD,0.3941568228582129
2021,MLI,ROU,0.39351520260864037
2021,BFA,ROU,0.39347743392811846
2021,MUS,LVA,0.3929261778641723
2021,CYP,HRV,0.3890451377201286
2021,MHL,FRA,0.38865804445230756
2021,PAN,POL,0.3864413965920698
2021,LTU,FIN,0.38539295561927345
2021,OMN,CZE,0.38444988157259935
2021,PRY,SWE,0.38123544502125883
2021,QAT,EST,0.37904883613983326
2021,BEL,PRT,0.37678874051051947
2021,MDG,NLD,0.3752543522396917
2021,OMN,ROU,0.3750454019460697
2021,TGO,FRA,0.37101660729312474
2021,MDG,POL,0.3679089325542988
2021,MHL,SWE,0.36686736580708507
2021,KWT,PRT,0.3659689419680226
2021,BHR,EST,0.36489179830049434
2021,NER,CZE,0.3643485336335128
2021,BGD,FIN,0.3634122765319385
2021,SSD,ITA,0.36087183907263903
2021,SWZ,FIN,0.3577588350188117
2021,PAN,ESP,0.35656787287147146
2021,NER,ROU,0.35543577666374576
2021,MUS,HRV,0.35476516266273794
2021,TGO,SWE,0.3502150214853279
2021,ISL,GRC,0.3478236586025304
2021,MDG,ESP,0.3394680452150919
2021,URY,FIN,0.3394255415418826
2021,AGO,SVN,0.33895500563053427
2021,BEL,BGR,0.33718814925376606
2021,EGY,PRT,0.3346244446327446
2021,BOL,ITA,0.33249778065813357
2021,LTU,GRC,0.33143900233967577
2021,GHA,SVK,0.32954569146003415
2021,GHA,DNK,0.32867389436113814
2021,KWT,BGR,0.327505514255438
2021,SYC,NLD,0.3261675779925862
2021,DZA,EST,0.3242474944819567
2021,NPL,NLD,0.322503008932702
2021,LBR,FIN,0.322423359822221
2021,CAF,DEU,0.32092158872308324
2021,SYC,POL,0.31978300781019076
2021,COD,FIN,0.31740797770141443
2021,NPL,POL,0.3161901708902546
2021,MLI,HUN,0.31581946580096254
2021,BFA,HUN,0.31578915417786046
2021,BGD,GRC,0.31253555783911796
2021,GAB,DEU,0.31151325909956096
2021,CIV,NLD,0.3106526132138266
2021,SWZ,GRC,0.3076735825809414
2021,TWN,EST,0.3050380996004464
2021,LBY,LVA,0.30491352889832213
2021,CIV,POL,0.30457174084872185
2021,BEL,AUT,0.3028179820204692
2021,GNQ,CZE,0.30180295361393183
2021,NOR,LVA,0.3010153220772754
2021,OMN,HUN,0.3009963470496789
2021,EGY,BGR,0.2994553314621522
2021,NGA,SVN,0.29555585389647365
2021,SYC,ESP,0.2950624541803055
2021,GNQ,ROU,0.2944201974614821
2021,KWT,AUT,0.29412231463914673
2021,PYF,LUX,0.2941190401314061
2021,URY,GRC,0.29190689974204526
2021,NPL,ESP,0.2917473584648533
2021,PAN,ITA,0.2914762333515969
2021,UZB,LUX,0.2906953569581699
2021,KAZ,EST,0.28727518375014993
2021,NER,HUN,0.28525845092732816
2021,ISR,EST,0.2834700427954594
2021,CUW,PRT,0.28302329933637815
2021,CIV,ESP,0.281027081282985
2021,MDG,ITA,0.2774979875940505
2021,LBR,GRC,0.2772849766772929
2021,LBY,HRV,0.2753003077211011
2021,PNG,LUX,0.274435103435483
2021,TCD,CZE,0.27441205835935467
2021,COD,GRC,0.2729717342522951
2021,NOR,HRV,0.27178069499262636
2021,EGY,AUT,0.2689313351590954
2021,TCD,ROU,0.267699343033346
2021,QAT,SVN,0.2653028306266349
2021,CAF,FRA,0.260733141482891
2021,CPV,PRT,0.2592382353184042
2021,JOR,PRT,0.25635097275697677
2021,BHR,SVN,0.2553940751999874
2021,CUW,BGR,0.25327747949587054
2021,GAB,FRA,0.25308933244963766
2021,LSO,LUX,0.24698141888470185
2021,CAF,SWE,0.24611475861571175
2021,SDN,CZE,0.24299445831146027
2021,SYC,ITA,0.2411986589127016
2021,BEL,SVK,0.24082595875239166
2021,BEL,DNK,0.24018886539138
2021,GAB,SWE,0.23889951085539898
2021,NPL,ITA,0.2384887355408662
2021,SDN,ROU,0.23705028576235734
2021,GNQ,HUN,0.23628980244449027
2021,KWT,SVK,0.23391044329942445
2021,KWT,DNK,0.23329164459819898
2021,CPV,BGR,0.23199223167971647
2021,AGO,LVA,0.231150637032425
2021,CIV,ITA,0.22972545019972615
2021,JOR,BGR,0.22940842113862037
2021,CUW,AUT,0.22746047096230698
2021,DZA,SVN,0.22694642459717948
2021,LCA,CZE,0.22663767025901743
2021,PRY,NLD,0.22563626289356864
2021,GIN,PRT,0.22145923162677186
2021,PRY,POL,0.22121954384073203
2021,LCA,ROU,0.22109362029381394
2021,GHA,FIN,0.21891700072780784
2021,MHL,NLD,0.21713243739364915
2021,TCD,HUN,0.2148447199793232
2021,TTO,EST,0.21424972731573053
2021,EGY,SVK,0.2138764884308358
2021,TWN,SVN,0.21350143716867456
2021,EGY,DNK,0.21331068858283905
2021,MHL,POL,0.2128821765493728
2021,AGO,HRV,0.20870127257021595
2021,CPV,AUT,0.20834486501720456
2021,TGO,NLD,0.20727665721830713
2021,COG,EST,0.20635194870732054
2021,ASM,PRT,0.20604359816908524
2021,JOR,AUT,0.20602442672271074
2021,PRY,ESP,0.2041183550222832
2021,TGO,POL,0.2032193184315173
2021,NGA,LVA,0.2015545508163987
2021,KAZ,SVN,0.2010688654102221
2021,ISR,SVN,0.1984055815007041
2021,GIN,BGR,0.19818381076413166
2021,MHL,ESP,0.19642550082331575
2021,TLS,CZE,0.19456692835949818
2021,SDN,HUN,0.19024701999096139
2021,TLS,ROU,0.18980739844036149
2021,GHA,GRC,0.18826922303192747
2021,TGO,ESP,0.18750962173963776
2021,ASM,BGR,0.1843883642544272
2021,NGA,HRV,0.18197956011602934
2021,ISL,EST,0.18159252526000078
2021,QAT,LVA,0.1809234774148674
2021,CUW,SVK,0.1808954198567552
2021,CUW,DNK,0.1804168698215962
2021,FSM,LUX,0.17941141968723723
2021,GIN,AUT,0.17798259451744536
2021,LCA,HUN,0.17744084241298388
2021,SSD,CZE,0.1743036813430668
2021,BHR,LVA,0.17416619373113074
2021,LTU,EST,0.17303838860856366
2021,SSD,ROU,0.1700398344839791
2021,PRY,ITA,0.1668564495188408
2021,CPV,SVK,0.1656931055881427
2021,ASM,AUT,0.16559334156657712
2021,CPV,DNK,0.16525477253599802
2021,JOR,SVK,0.16384770072391155
2021,JOR,DNK,0.16341424960058162
2021,QAT,HRV,0.16335217786579087
2021,BGD,EST,0.16316923756587612
2021,SWZ,EST,0.16063088704529568
2021,BOL,CZE,0.1605988080312537
2021,MHL,ITA,0.1605679296149562
2021,BEL,FIN,0.15998053670158846
2021,DJI,DEU,0.1596231525066281
2021,WSM,DEU,0.1588561789412649
2021,BHR,HRV,0.15725116200003758
2021,BOL,ROU,0.1566702121581148
2021,KWT,FIN,0.15538656402744117
2021,DZA,LVA,0.1547662956630004
2021,BEN,DEU,0.15463671232896786
2021,MLI,PRT,0.1544262906526918
2021,BFA,PRT,0.15441146917388443
2021,TGO,ITA,0.15327964861700571
2021,URY,EST,0.15239938329080138
2021,TLS,HUN,0.15233177977147158
2021,VUT,LUX,0.1502624946309802
2021,TTO,SVN,0.14995708652401452
2021,OMN,PRT,0.14717822809625733
2021,CAF,NLD,0.14566435283556928
2021,TWN,LVA,0.14559747573892054
2021,LBR,EST,0.14476553818620472
2021,COG,SVN,0.14442929479719682
2021,MRT,DEU,0.14297383076730888
2021,CAF,POL,0.14281304465381905
2021,COD,EST,0.142513671285716
2021,EGY,FIN,0.1420780200949844
2021,GIN,SVK,0.14154651147171504
2021,GAB,NLD,0.14139396937110055
2021,GIN,DNK,0.14117205705990593
2021,PAN,CZE,0.14078510705560385
2021,IRN,DEU,0.14076250282372652
2021,DZA,HRV,0.1397353832570903
2021,NER,PRT,0.13948286671411989
2021,GAB,POL,0.13862625184879737
2021,SLE,DEU,0.13831913914095126
2021,MLI,BGR,0.13819604872150248
2021,BFA,BGR,0.1381827849838401
2021,BEL,GRC,0.1375837017906527
2021,PAN,ROU,0.1373411973693599
2021,KAZ,LVA,0.13711907349030436
2021,SSD,HUN,0.13646712842507916
2021,ISR,LVA,0.13530284489932043
2021,MDG,CZE,0.13403351430034866
2021,KWT,GRC,0.13363287264939744
2021,CAF,ESP,0.13177300361603062
2021,OMN,BGR,0.13170975936007334
2021,ASM,SVK,0.1316935506263546
2021,TWN,HRV,0.1314570397029075
2021,ASM,DNK,0.13134516174325098
2021,MDG,ROU,0.13075476324610558
2021,DJI,FRA,0.12968602758092407
2021,WSM,FRA,0.12906289895960832
2021,GAB,ESP,0.12790986727037648
2021,ISL,SVN,0.12709974646735003
2021,BOL,HUN,0.12573720756579704
2021,BEN,FRA,0.12563478809432255
2021,NER,BGR,0.12482318239186008
2021,MLI,AUT,0.12410948809933722
2021,BFA,AUT,0.12409757635723759
2021,KAZ,HRV,0.1238020604159581
2021,DJI,SWE,0.12241499178961898
2021,EGY,GRC,0.12218748824562861
2021,ISR,HRV,0.12216222406039753
2021,WSM,SWE,0.12182679978092595
2021,LTU,SVN,0.12111255840392038
2021,GMB,DEU,0.12055774234157043
2021,CUW,FIN,0.12016871646838395
2021,BEN,SWE,0.11859089093819421
2021,OMN,AUT,0.11828435735385963
2021,SYC,CZE,0.11650067872165583
2021,MRT,FRA,0.11615926555184201
2021,GNQ,PRT,0.11553865946172077
2021,NPL,CZE,0.11519176633580062
2021,IRN,FRA,0.11436266943042422
2021,BGD,SVN,0.11420496904374385
2021,SYC,ROU,0.11365081892970325
2021,SWZ,SVN,0.11242833365002863
2021,SLE,FRA,0.11237755558585545
2021,NPL,ROU,0.11237392538545969
2021,NER,AUT,0.11209974100492164
2021,CIV,CZE,0.11095903678963899
2021,PAN,HUN,0.11022451813327588
2021,CPV,FIN,0.11006982842326499
2021,MRT,SWE,0.10964662735115284
2021,JOR,FIN,0.10884392710373587
2021,CIV,ROU,0.10824473760296997
2021,IRN,SWE,0.10795076000480064
2021,CAF,ITA,0.10771777738167614
2021,URY,SVN,0.10666696192647722
2021,SLE,SWE,0.10607694445568369
2021,TCD,PRT,0.10505265433395596
2021,MDG,HUN,0.1049385111567979
2021,GAB,ITA,0.10455985846462103
2021,GNQ,BGR,0.10339551733518716
2021,CUW,GRC,0.10334542683771027
2021,TTO,LVA,0.1022633550228057
2021,LBR,SVN,0.1013239018199224
2021,COD,SVN,0.09974778126253415
2021,MLI,SVK,0.09870215190777895
2021,BFA,SVK,0.09869267870314158
2021,COG,LVA,0.09849367303607838
2021,MLI,DNK,0.09844104016540793
2021,BFA,DNK,0.09843159202167268
2021,GHA,EST,0.09829200168978183
2021,GMB,FRA,0.09794728679947377
2021,CPV,GRC,0.09466035532923946
2021,OMN,SVK,0.09406952511567898
2021,GIN,FIN,0.09402926076073449
2021,TCD,BGR,0.09401159397987181
2021,OMN,DNK,0.09382066876217293
2021,JOR,GRC,0.09360607682106398
2021,SDN,PRT,0.09302511335209512
2021,GNQ,AUT,0.09285623465325307
2021,GMB,SWE,0.0924557296806022
2021,TTO,HRV,0.0923315315266273
2021,SYC,HUN,0.09121157374424828
2021,NPL,HUN,0.09018679037030387
2021,NER,SVK,0.0891510055752904
2021,COG,HRV,0.08892796129244858
2021,NER,DNK,0.0889151609260102
2021,ASM,FIN,0.08748394491394418
2021,CIV,HUN,0.08687287042257902
2021,LCA,PRT,0.08676327481788305
2021,ISL,LVA,0.08667577370021612
2021,TCD,AUT,0.0844288307240813
2021,SDN,BGR,0.08324815057587696
2021,LTU,LVA,0.08259280601451918
2021,GIN,GRC,0.08086542299974646
2021,PRY,CZE,0.0805928594531128
2021,PRY,ROU,0.078621382958777
2021,ISL,HRV,0.07825781708620448
2021,BGD,LVA,0.07788216992878566
2021,LCA,BGR,0.07764443284424816
2021,MHL,CZE,0.07755545932717613
2021,SWZ,LVA,0.07667059200189331
2021,MHL,ROU,0.07565828424108928
2021,ASM,GRC,0.07523643336039934
2021,SDN,AUT,0.07476252359435986
2021,LTU,HRV,0.07457138747991926
2021,TLS,PRT,0.07448569276428499
2021,TGO,CZE,0.07403516743665325
2021,GNQ,SVK,0.07384697430219032
2021,GNQ,DNK,0.07365161572331264
2021,PYF,DEU,0.07337452306992907
2021,URY,LVA,0.07274161994968197
2021,UZB,DEU,0.07252040930746571
2021,DJI,NLD,0.07245197588596798
2021,TGO,ROU,0.07222410634084374
2021,WSM,NLD,0.07210385125999581
2021,BEL,EST,0.07182999553038961
2021,DJI,POL,0.07103376403381478
2021,WSM,POL,0.07069245377645773
2021,BGD,HRV,0.07031824866823665
2021,BEN,NLD,0.07018866108585677
2021,KWT,EST,0.06976733813809535
2021,LCA,AUT,0.06973000243648526
2021,SWZ,HRV,0.06922433926609665
2021,LBR,LVA,0.0690979158390576
2021,BEN,POL,0.06881475250956899
2021,GHA,SVN,0.06879627053290066
2021,PNG,DEU,0.06846392814021372
2021,COD,LVA,0.06802307916507937
2021,TCD,SVK,0.06714480418172741
2021,TCD,DNK,0.0669671758679351
2021,SSD,PRT,0.066728351861601
2021,TLS,BGR,0.06665722774795255
2021,URY,HRV,0.06567694922765044
2021,MLI,FIN,0.0655677789786911
2021,BFA,FIN,0.06556148593466037
2021,DJI,ESP,0.06554255927795478
2021,WSM,ESP,0.06522763371995748
2021,MRT,NLD,0.06489495024004992
2021,IRN,NLD,0.06389124196635357
2021,EGY,EST,0.06379190718321927
2021,MRT,POL,0.06362466345421837
2021,BEN,ESP,0.06349508655361613
2021,PRY,HUN,0.06309835808622624
2021,SLE,NLD,0.06278221408508972
2021,IRN,POL,0.06264060227713263
2021,OMN,FIN,0.06249032784187109
2021,LBR,HRV,0.06238712189029399
2021,LSO,DEU,0.061614997144363
2021,SLE,POL,0.06155328307208282
2021,BOL,PRT,0.061481740880566176
2021,COD,HRV,0.06141667342195198
2021,MHL,HUN,0.060720294296232505
2021,TLS,AUT,0.05986274202810931
2021,SSD,BGR,0.05971518532236811
2021,PYF,FRA,0.05961322197410461
2021,SDN,SVK,0.05945735554813575
2021,SDN,DNK,0.05930006400581505
2021,NER,FIN,0.05922295832769991
2021,UZB,FRA,0.05891929619193169
2021,MRT,ESP,0.05870621292154663
2021,TGO,HUN,0.05796416131145514
2021,IRN,ESP,0.05779822375738558
2021,SLE,ESP,0.05679495883935153
2021,MLI,GRC,0.05638847034815636
2021,BFA,GRC,0.056383058312973015
2021,PYF,SWE,0.05627091996444318
2021,PNG,FRA,0.05562360305295613
2021,UZB,SWE,0.05561590014070545
2021,LCA,SVK,0.05545507759654131
2021,LCA,DNK,0.05530837388588582
2021,BOL,BGR,0.05501999447310697
2021,GMB,NLD,0.05472042434843848
2021,CUW,EST,0.05395480315782045
2021,PAN,PRT,0.0538964988466847
2021,OMN,GRC,0.05374185390209875
2021,GMB,POL,0.053649298910976986
2021,SSD,AUT,0.05362831391114166
2021,DJI,ITA,0.05357773303779471
2021,WSM,ITA,0.05332029729437793
2021,PNG,SWE,0.052504984831829575
2021,CAF,CZE,0.0520284575043823
2021,BEN,ITA,0.05190402746030012
2021,MDG,PRT,0.05131179923777525
2021,NER,GRC,0.050931907128910214
2021,CAF,ROU,0.05075572836060358
2021,GAB,CZE,0.050503160063495485
2021,YEM,LUX,0.05049297994753987
2021,BEL,SVN,0.05027505514112903
2021,LSO,FRA,0.05005918059869555
2021,GMB,ESP,0.049501985456092766
2021,CPV,EST,0.04942048230792923
2021,BOL,AUT,0.04941171192996053
2021,GAB,ROU,0.049267743010043184
2021,GNQ,FIN,0.049056499738882466
2021,JOR,EST,0.048870062312359845
2021,KWT,SVN,0.04883136558819041
2021,PAN,BGR,0.04823196328199191
2021,MRT,ITA,0.047989365051060724
2021,TLS,SVK,0.04760781425949803
2021,TLS,DNK,0.047481870102339355
2021,LSO,SWE,0.04725253981706319
2021,IRN,ITA,0.047247129752736115
2021,GHA,LVA,0.046915671682007165
2021,SLE,ITA,0.04642701133598866
2021,MDG,BGR,0.04591891625111657
2021,FSM,DEU,0.04475816100504211
2021,EGY,SVN,0.044649058203508674
2021,TCD,FIN,0.04460425223827387
2021,SYC,PRT,0.044599736631800065
2021,NPL,PRT,0.04409864815468725
2021,PAN,AUT,0.04331559641779145
2021,SSD,SVK,0.042649680272461195
2021,SSD,DNK,0.04253685261762024
2021,CIV,PRT,0.04247824023033964
2021,GHA,HRV,0.04235921868624502
2021,GIN,EST,0.04221839430860176
2021,GNQ,GRC,0.042188724766921114
2021,MDG,AUT,0.04123832224383771
2021,CAF,HUN,0.04073450507355984
2021,GMB,ITA,0.04046537380940207
2021,SYC,BGR,0.03991229311073907
2021,GAB,HUN,0.03954030791060803
2021,SDN,FIN,0.039497484825661316
2021,NPL,BGR,0.03946386915841733
2021,BOL,SVK,0.03929628887866166
2021,ASM,EST,0.03927959926694674
2021,BOL,DNK,0.03919233245765669
2021,TCD,GRC,0.038359779664902144
2021,CIV,BGR,0.038013766513878104
2021,CUW,SVN,0.03776389910452599
2021,VUT,DEU,0.03748631463614196
2021,LCA,FIN,0.03683877403699865
2021,FSM,FRA,0.036363823238801836
2021,SYC,AUT,0.03584396451758896
2021,NPL,AUT,0.03544124918897427
2021,CPV,SVN,0.034590249585650455
2021,PAN,SVK,0.03444815253917504
2021,PAN,DNK,0.03435702162706107
2021,FSM,SWE,0.034325032590263906
2021,BEL,LVA,0.03428511404070971
2021,JOR,SVN,0.03420500111913311
2021,CIV,AUT,0.03413895799779887
2021,SDN,GRC,0.033967945637481164
2021,PYF,NLD,0.033304248742275396
2021,KWT,LVA,0.03330058879607424
2021,UZB,NLD,0.03291657171203194
2021,MDG,SVK,0.03279613193856164
2021,MDG,DNK,0.03270937136659854
2021,PYF,POL,0.03265233442640233
2021,MAF,LUX,0.03235696554134649
2021,UZB,POL,0.03227224598366633
2021,LCA,GRC,0.031681447043109816
2021,TLS,FIN,0.031625841814896936
2021,PNG,NLD,0.031075359637866055
2021,BEL,HRV,0.03095534160049651
2021,PRY,PRT,0.030853213435780246
2021,PNG,POL,0.03046707473176897
2021,VUT,FRA,0.030455802666897208
2021,EGY,LVA,0.030448460931975483
2021,PYF,ESP,0.03012817346532982
2021,KWT,HRV,0.030066433509777717
2021,PRK,LUX,0.029939927142395968
2021,UZB,ESP,0.029777467436616054
2021,MHL,PRT,0.029690411234551607
2021,GIN,SVN,0.029549383738119363
2021,MLI,EST,0.029439414119243865
2021,BFA,EST,0.029436588592252146
2021,VUT,SWE,0.02874825378615327
2021,SYC,SVK,0.02850609155651652
2021,SYC,DNK,0.028430680077732712
2021,TGO,PRT,0.028342744483532096
2021,SSD,FIN,0.02833215644811268
2021,NPL,SVK,0.028185818947635048
2021,PNG,ESP,0.028111843414101643
2021,NPL,DNK,0.028111254734461178
2021,OMN,EST,0.028057662901499775
2021,LSO,NLD,0.027966671608819455
2021,PRY,BGR,0.027610532955009363
2021,ASM,SVN,0.027492470304160233
2021,EGY,HRV,0.027491304483908387
2021,LSO,POL,0.027419237744443842
2021,TLS,GRC,0.027198310987388577
2021,CIV,SVK,0.027150129050367285
2021,CIV,DNK,0.027078304704444587
2021,NER,EST,0.026590639834582427
2021,MHL,BGR,0.026569941557163322
2021,BOL,FIN,0.026104500601833572
2021,DJI,CZE,0.025878428559297718
2021,WSM,CZE,0.02575408525253778
2021,CUW,LVA,0.025753121180792655
2021,TGO,BGR,0.025363914920137478
2021,LSO,ESP,0.02529961687467449
2021,DJI,ROU,0.025245385955260505
2021,WSM,ROU,0.02512408435601868
2021,BEN,CZE,0.025070016785213547
2021,PRY,AUT,0.024796143904966185
2021,PYF,ITA,0.024628260669472313
2021,BEN,ROU,0.02445674969008824
2021,SSD,GRC,0.024365732508538015
2021,UZB,ITA,0.024341576197761557
2021,MHL,AUT,0.02386162177570105
2021,CPV,LVA,0.023588848354548123
2021,JOR,LVA,0.023326127854859394
2021,CUW,HRV,0.02325197642579918
2021,MRT,CZE,0.0231792068209359
2021,PNG,ITA,0.022980012654886126
2021,PAN,FIN,0.0228838866048558
2021,IRN,CZE,0.022820701859026953
2021,TGO,AUT,0.022778527505349797
2021,MRT,ROU,0.022612193046825935
2021,BOL,GRC,0.022449942350774247
2021,SLE,CZE,0.022424578793443114
2021,IRN,ROU,0.022262457895422565
2021,GNQ,EST,0.02202598034505468
2021,SLE,ROU,0.02187602486091545
2021,MDG,FIN,0.02178645033304614
2021,CPV,HRV,0.021297897913080177
2021,JOR,HRV,0.02106069284490799
2021,LSO,ITA,0.020681159445138056
2021,MLI,SVN,0.02060515467443312
2021,BFA,SVN,0.02060317703926466
2021,FSM,NLD,0.020315456441714685
2021,DJI,HUN,0.02026093084454175
2021,WSM,HUN,0.020163579062401186
2021,GIN,LVA,0.020151225860423075
2021,TCD,EST,0.020026956434630903
2021,CAF,PRT,0.019917956938244965
2021,FSM,POL,0.01991779135728844
2021,PRY,SVK,0.019719948892837222
2021,PAN,GRC,0.019680205451031788
2021,PRY,DNK,0.01966778072714528
2021,OMN,SVN,0.01963804311956721
2021,BEN,HUN,0.019628003114362864
2021,GMB,CZE,0.019545065195520468
2021,GAB,PRT,0.019334030175798857
2021,GMB,ROU,0.019066950423632434
2021,MHL,SVK,0.018976739436602257
2021,SYC,FIN,0.018936579138318674
2021,MHL,DNK,0.01892653739537988
2021,ASM,LVA,0.018748512099946973
2021,MDG,GRC,0.018736407237399423
2021,NPL,FIN,0.01872382224066066
2021,NER,SVN,0.018611248323911492
2021,FSM,ESP,0.01837806342487444
2021,GIN,HRV,0.018194137532617727
2021,MRT,HUN,0.018147636181006864
2021,TGO,SVK,0.01811537309918663
2021,TGO,DNK,0.018067449760716267
2021,CIV,FIN,0.01803581407709028
2021,IRN,HUN,0.017866952822509323
2021,CAF,BGR,0.01782457466171424
2021,SDN,EST,0.017734058260980404
2021,SLE,HUN,0.01755681721982651
2021,GAB,BGR,0.017302018748652268
2021,VUT,NLD,0.01701480970286431
2021,ASM,HRV,0.016927655421118938
2021,VUT,POL,0.01668175315764721
2021,LCA,EST,0.016540318147316053
2021,SYC,GRC,0.016285510167785695
2021,NPL,GRC,0.01610253865034488
2021,CAF,AUT,0.016007685149608528
2021,GAB,AUT,0.015538394258346506
2021,CIV,GRC,0.01551084973644426
2021,GNQ,SVN,0.015416364266882782
2021,VUT,ESP,0.015392184407893948
2021,GMB,HUN,0.0153023671190507
2021,FSM,ITA,0.015023138961568904
2021,SXM,LUX,0.014232140315666848
2021,TLS,EST,0.014199752813970276
2021,MLI,LVA,0.01405170170089917
2021,BFA,LVA,0.01405035305101522
2021,TCD,SVN,0.01401721288753359
2021,OMN,LVA,0.0133921792030006
2021,PRY,FIN,0.01309994995534369
2021,CAF,SVK,0.012730638048107427
2021,SSD,EST,0.012720914137388477
2021,CAF,DNK,0.012696959764321456
2021,NER,LVA,0.012691955671337794
2021,MLI,HRV,0.012686999544558247
2021,BFA,HRV,0.012685781875636171
2021,MHL,FIN,0.012606236369374278
2021,YEM,DEU,0.012596594631802693
2021,VUT,ITA,0.012582333618944116
2021,SDN,SVN,0.012412373833012106
2021,GAB,SVK,0.012357419033609464
2021,GAB,DNK,0.012324728082574381
2021,IOT,LUX,0.012269701167976255
2021,OMN,HRV,0.012091529913294324
2021,TGO,FIN,0.012034031239701705
2021,PYF,CZE,0.011895626189057111
2021,UZB,CZE,0.011757155537172803
2021,BOL,EST,0.011720714283202805
2021,PYF,ROU,0.011604633319759857
2021,LCA,SVN,0.011576854498846734
2021,REU,LUX,0.011547116336964754
2021,UZB,ROU,0.01146954996095831
2021,NER,HRV,0.011459312135234993
2021,PRY,GRC,0.011265993009452035
2021,PNG,CZE,0.011099510600079429
2021,MHL,GRC,0.010841397966939373
2021,PNG,ROU,0.010827992448283134
2021,GNQ,LVA,0.010513201934825935
2021,TGO,GRC,0.010349299980852475
2021,PAN,EST,0.010274684073668404
2021,YEM,FRA,0.010234118880579379
2021,LSO,CZE,0.00998914804489607
2021,TLS,SVN,0.009938652375534757
2021,DJI,PRT,0.009906990335627868
2021,WSM,PRT,0.00985938822039324
2021,MDG,EST,0.009781943868364463
2021,LSO,ROU,0.009744791774345696
2021,YEM,SWE,0.009660328117910438
2021,BEN,PRT,0.009597507570292714
2021,TCD,LVA,0.009559049533271234
2021,GNQ,HRV,0.00949215909916807
2021,PYF,HUN,0.00931341170955345
2021,UZB,HUN,0.009204999241794909
2021,SSD,SVN,0.008903587630493405
2021,MRT,PRT,0.008873652333113819
2021,DJI,BGR,0.008865763163249418
2021,WSM,BGR,0.008823164042281046
2021,IRN,PRT,0.008736406550018134
2021,PNG,HUN,0.008690110999636767
2021,TCD,HRV,0.008630674039092463
2021,BEN,BGR,0.008588807114276441
2021,SLE,PRT,0.008584759498750472
2021,SYC,EST,0.008502374244458911
2021,SDN,LVA,0.008464628257216951
2021,CAF,FIN,0.008456955047706887
2021,NPL,EST,0.008406848080320951
2021,GAB,FIN,0.008209025885269663
2021,BOL,SVN,0.008203530468439713
2021,CIV,EST,0.008097937857033513
2021,MAF,DEU,0.008072163276222092
2021,DJI,AUT,0.007962060695514242
2021,MRT,BGR,0.007941029244318613
2021,WSM,AUT,0.007923803776117648
2021,LCA,LVA,0.007894845179412965
2021,LSO,HUN,0.007820777728824389
2021,IRN,BGR,0.007818208027495053
2021,BEN,AUT,0.007713335252333731
2021,SLE,BGR,0.007682499119401218
2021,SDN,HRV,0.0076425430264645015
2021,GMB,PRT,0.007482400701323444
2021,PRK,DEU,0.007469179397023169
2021,CAF,GRC,0.0072730046124986295
2021,FSM,CZE,0.007256283651999869
2021,PAN,SVN,0.007191428936436652
2021,MRT,AUT,0.007131586493332953
2021,LCA,HRV,0.007128097317149907
2021,FSM,ROU,0.007078779183822095
2021,GAB,GRC,0.007059784850562236
2021,IRN,AUT,0.0070212846541072285
2021,SLE,AUT,0.006899408788119279
2021,MDG,SVN,0.006846551551870672
2021,TLS,LVA,0.006777671931928336
2021,GMB,BGR,0.006695998508437103
2021,MAF,FRA,0.006558239032613969
2021,DJI,SVK,0.0063320906104986155
2021,DJI,DNK,0.006315339372757585
2021,WSM,SVK,0.00630166553722151
2021,WSM,DNK,0.006284994787532074
2021,MAF,SWE,0.006190541820943925
2021,BEN,SVK,0.006134283522159947
2021,TLS,HRV,0.006119424005993353
2021,BEN,DNK,0.006118055573450525
2021,VUT,CZE,0.006077357200563214
2021,SSD,LVA,0.006071808701671441
2021,PRK,FRA,0.006068344034547213
2021,GMB,AUT,0.0060134638789187764
2021,SYC,SVN,0.0059509586602972805
2021,VUT,ROU,0.005928691835543334
2021,NPL,SVN,0.005884098247262387
2021,PRY,EST,0.0058817739091340466
2021,PRK,SWE,0.00572811349859674
2021,YEM,NLD,0.005717517516581977
2021,FSM,HUN,0.005681143309172323
2021,MRT,SVK,0.005671628690024165
2021,CIV,SVN,0.00566788664381235
2021,MHL,EST,0.0056601004143162015
2021,MRT,DNK,0.00565662467217137
2021,YEM,POL,0.005605599918645486
2021,BOL,LVA,0.005594404160420302
2021,IRN,SVK,0.0055839075249650445
2021,IRN,DNK,0.005569135569187985
2021,SLE,SVK,0.005486981734496822
2021,SSD,HRV,0.0054821142572234515
2021,SLE,DNK,0.005472466191184342
2021,TGO,EST,0.005403184837245015
2021,YEM,ESP,0.005172263781226929
2021,BOL,HRV,0.0050510752751594026
2021,PAN,LVA,0.004904200711650445
2021,GMB,SVK,0.0047824049100413015
2021,GMB,DNK,0.004769753290449953
2021,VUT,HUN,0.004758129485182722
2021,MDG,LVA,0.004669011303568956
2021,PYF,PRT,0.004553980293710258
2021,UZB,PRT,0.0045009698334018775
2021,PAN,HRV,0.004427904428909844
2021,PNG,PRT,0.004249204853888937
2021,YEM,ITA,0.004228064499227445
2021,MDG,HRV,0.004215556630989836
2021,DJI,FIN,0.004206403909107649
2021,WSM,FIN,0.004186192551589247
2021,PRY,SVN,0.004116755199911736
2021,PYF,BGR,0.004075355821126012
2021,BEN,FIN,0.00407500078163859
2021,SYC,LVA,0.004058261015270951
2021,UZB,BGR,0.004027916773509423
2021,NPL,LVA,0.004012665503157132
2021,MHL,SVN,0.003961602090225423
2021,CIV,LVA,0.003865219827356273
2021,LSO,PRT,0.0038241268365727605
2021,PNG,BGR,0.003802612356573136
2021,CAF,EST,0.003797105921769669
2021,TGO,SVN,0.0037817824381637124
2021,MRT,FIN,0.0037676594603952025
2021,IRN,FIN,0.0037093863442454783
2021,GAB,EST,0.0036857876889590264
2021,SYC,HRV,0.003664122449250853
2021,MAF,NLD,0.0036639057044820273
2021,PYF,AUT,0.003659947802139335
2021,SLE,FIN,0.0036449986010816497
2021,NPL,HRV,0.003622955176152185
2021,DJI,GRC,0.003617518936826746
2021,UZB,AUT,0.0036173442981312
2021,WSM,GRC,0.0036001371137442104
2021,MAF,POL,0.0035921865493902957
2021,SXM,DEU,0.0035505233100849385
2021,BEN,GRC,0.003504511885614106
2021,CIV,HRV,0.00348982943369404
2021,LSO,BGR,0.0034222101456336603
2021,PNG,AUT,0.0034150055474131314
2021,PRK,NLD,0.0033902149974053466
2021,PRK,POL,0.0033238532035153477
2021,MAF,ESP,0.003314495621248599
2021,MRT,GRC,0.0032401975036166885
2021,IRN,GRC,0.0031900824633745713
2021,GMB,FIN,0.0031769486487100767
2021,SLE,GRC,0.003134708827074366
2021,LSO,AUT,0.003073378387242316
2021,PRK,ESP,0.0030669055566155535
2021,IOT,DEU,0.0030609493047732716
2021,PYF,SVK,0.0029106938516429794
2021,PYF,DNK,0.0029029937526236465
2021,SXM,FRA,0.002884627052452617
2021,REU,DEU,0.002880684479587706
2021,UZB,SVK,0.0028768120140106393
2021,UZB,DNK,0.0028692015477448777
2021,PRY,LVA,0.002807424499295913
2021,FSM,PRT,0.0027779094796352684
2021,GMB,GRC,0.0027321845800758852
2021,SXM,SWE,0.002722896240473956
2021,PNG,SVK,0.002715895468337515
2021,MAF,ITA,0.0027094328251220275
2021,PNG,DNK,0.002708710698966957
2021,MHL,LVA,0.002701617712124152
2021,CAF,SVN,0.002657660051126029
2021,GAB,SVN,0.002579746496329825
2021,TGO,LVA,0.002578989556662361
2021,PRY,HRV,0.0025347672546784652
2021,PRK,ITA,0.002507040447835328
2021,IOT,FRA,0.0024868720466233976
2021,FSM,BGR,0.002485950495663916
2021,LSO,SVK,0.0024442052343723736
2021,MHL,HRV,0.002439236429356903
2021,LSO,DNK,0.0024377392083017803
2021,IOT,SWE,0.002347441947662955
2021,REU,FRA,0.002340415666557135
2021,TGO,HRV,0.002328517928095649
2021,VUT,PRT,0.0023265832743351133
2021,FSM,AUT,0.002232553291584355
2021,REU,SWE,0.002209196857596013
2021,VUT,BGR,0.002082058787889713
2021,YEM,CZE,0.0020421854170309247
2021,YEM,ROU,0.0019922291234576194
2021,PYF,FIN,0.0019335721405291952
2021,UZB,FIN,0.0019110644565696311
2021,DJI,EST,0.0018886420824666213
2021,WSM,EST,0.0018795673428130223
2021,VUT,AUT,0.0018698309593385132
2021,BEN,EST,0.00182964311763387
2021,CAF,LVA,0.001812393396258104
2021,PNG,FIN,0.0018041676939684673
2021,FSM,SVK,0.0017755114254584352
2021,FSM,DNK,0.001770814396336575
2021,GAB,LVA,0.001759260185284863
2021,MRT,EST,0.001691649295470393
2021,IRN,EST,0.001665485127260455
2021,PYF,GRC,0.0016628773615724555
2021,UZB,GRC,0.0016435206914315922
2021,SLE,EST,0.001636575539887982
2021,CAF,HRV,0.001636373635188652
2021,LSO,FIN,0.001623684038171989
2021,SXM,NLD,0.0016115608870346022
2021,YEM,HUN,0.0015988829233345874
2021,GAB,HRV,0.00158840072501968
2021,SXM,POL,0.0015800153739894346
2021,PNG,GRC,0.0015515891814408603
2021,VUT,SVK,0.0014870445621593337
2021,VUT,DNK,0.0014831106580943893
2021,SXM,ESP,0.0014578736283844503
2021,GMB,EST,0.0014264248135558123
2021,LSO,GRC,0.0013963727408090362
2021,IOT,NLD,0.0013893462303871914
2021,IOT,POL,0.0013621504601326899
2021,DJI,SVN,0.001321893230491631
2021,WSM,SVN,0.0013155416633906273
2021,MAF,CZE,0.001308675448281389
2021,REU,NLD,0.0013075251251005353
2021,REU,POL,0.0012819309628057177
2021,BEN,SVN,0.0012805988354644005
2021,MAF,ROU,0.0012766624026777382
2021,IOT,ESP,0.001256850576526398
2021,PRK,CZE,0.001210918481355118
2021,SXM,ITA,0.001191738084763732
2021,MRT,SVN,0.0011840145747084774
2021,REU,ESP,0.0011828323792604063
2021,PRK,ROU,0.0011812967836172768
2021,FSM,FIN,0.0011794711510177763
2021,IRN,SVN,0.0011657018212443636
2021,BTN,LUX,0.0011486604221319816
2021,SLE,SVN,0.001145467501465749
2021,IOT,ITA,0.001027411889303188
2021,MAF,HUN,0.0010245978690252607
2021,FSM,GRC,0.0010143484354912552
2021,GMB,SVN,0.0009983793765635527
2021,VUT,FIN,0.0009878427906437903
2021,REU,ITA,0.0009669057501358393
2021,PRK,HUN,0.0009480612608642635
2021,DJI,LVA,0.0009014661451852155
2021,WSM,LVA,0.0008971346889235796
2021,BEN,LVA,0.0008733053994878432
2021,PYF,EST,0.000868158596510815
2021,UZB,EST,0.0008580528244491135
2021,VUT,GRC,0.0008495475182552748
2021,DJI,HRV,0.0008139156962510567
2021,PNG,EST,0.0008100570235963058
2021,WSM,HRV,0.000810004911295016
2021,MRT,LVA,0.0008074396856609978
2021,IRN,LVA,0.0007949512887979001
2021,BEN,HRV,0.0007884899239537327
2021,YEM,PRT,0.0007818060182335347
2021,SLE,LVA,0.0007811524782506301
2021,LSO,EST,0.0007290212897723132
2021,MRT,HRV,0.0007290210924121609
2021,IRN,HRV,0.0007177455694408581
2021,SLE,HRV,0.0007052869002451223
2021,YEM,BGR,0.0006996380093695019
2021,GMB,LVA,0.0006808456138991193
2021,YEM,AUT,0.000628322705323323
2021,GMB,HRV,0.0006147218448922714
2021,PYF,SVN,0.0006076392040475693
2021,UZB,SVN,0.0006005659995472187
2021,SXM,CZE,0.0005756180252381565
2021,PNG,SVN,0.0005669729091314372
2021,SXM,ROU,0.0005615371573526681
2021,FSM,EST,0.0005295732171711682
2021,LSO,SVN,0.0005102545986774232
2021,MAF,PRT,0.0005009977707452044
2021,YEM,SVK,0.0004996942945916513
2021,YEM,DNK,0.000498372377638558
2021,IOT,CZE,0.0004962472966064115
2021,IOT,ROU,0.00048410800923931664
2021,REU,CZE,0.0004670223982939613
2021,PRK,PRT,0.00046357365419347115
2021,REU,ROU,0.00045559801545393396
2021,SXM,HUN,0.0004506671251501397
2021,MAF,BGR,0.0004483427792161473
2021,VUT,EST,0.00044353359914666736
2021,PLW,LUX,0.00042563060505676167
2021,PRK,BGR,0.0004148519467129296
2021,PYF,LVA,0.0004143800409148421
2021,UZB,LVA,0.0004095564634518829
2021,MAF,AUT,0.000402642429623188
2021,IOT,HUN,0.0003885256067730163
2021,PNG,LVA,0.0003866476285903032
2021,PYF,HRV,0.00037413542517944416
2021,PRK,AUT,0.0003725653752034094
2021,FSM,SVN,0.00037065744607044337
2021,UZB,HRV,0.0003697803138642225
2021,REU,HUN,0.0003656446330581507
2021,PNG,HRV,0.0003490963864907413
2021,LSO,LVA,0.00034796853143857445
2021,YEM,FIN,0.0003319466134366636
2021,MAF,SVK,0.000320214633561101
2021,MAF,DNK,0.0003193675213220491
2021,LSO,HRV,0.00031417380569638055
2021,VUT,SVN,0.00031043683059409446
2021,PRK,SVK,0.00029629486691196784
2021,PRK,DNK,0.0002955110332522189
2021,BTN,DEU,0.0002865588389163176
2021,YEM,GRC,0.000285475000991377
2021,WLF,LUX,0.00027184778726852855
2021,FSM,LVA,0.0002527701416316731
2021,BTN,FRA,0.00023281508292298655
2021,FSM,HRV,0.00022822108951784474
2021,SXM,PRT,0.00022036277048200997
2021,BTN,SWE,0.00021976196662152234
2021,MAF,FIN,0.00021271838468824814
2021,VUT,LVA,0.0002117026447704059
2021,SXM,BGR,0.00019720258796105636
2021,PRK,FIN,0.000196828498373129
2021,VUT,HRV,0.00019114207054452678
2021,IOT,PRT,0.00018997742309954978
2021,NRU,LUX,0.00018709368374582303
2021,MAF,GRC,0.0001829383961808317
2021,REU,PRT,0.00017878931001618685
2021,SXM,AUT,0.00017710138944011003
2021,IOT,BGR,0.00017001074821966034
2021,PRK,GRC,0.00016927305022475063
2021,REU,BGR,0.00015999850863121205
2021,IOT,AUT,0.00015268126063031445
2021,YEM,EST,0.00014904140372999988
2021,REU,AUT,0.00014368958582089644
2021,SXM,SVK,0.00014084570415442564
2021,SXM,DNK,0.0001404731036942898
2021,BTN,NLD,0.00013006731016801544
2021,BTN,POL,0.0001275213064379268
2021,IOT,SVK,0.00012142479363175266
2021,IOT,DNK,0.0001211035702458446
2021,BTN,ESP,0.000117663380226216
2021,REU,SVK,0.00011427386853701558
2021,REU,DNK,0.00011397156257565157
2021,PLW,DEU,0.00010618300207987942
2021,YEM,SVN,0.00010431665400378419
2021,BTN,ITA,9.618387263991273e-05
2021,MAF,EST,9.550887211917227e-05
2021,LAO,LUX,9.428711029530941e-05
2021,SXM,FIN,9.356371488966155e-05
2021,PRK,EST,8.837443885294063e-05
2021,PLW,FRA,8.626851130373937e-05
2021,PLW,SWE,8.143174172221537e-05
2021,IOT,FIN,8.066241594021891e-05
2021,SXM,GRC,8.046505226955543e-05
2021,REU,FIN,7.591206078541965e-05
2021,YEM,LVA,7.113882558308976e-05
2021,IOT,GRC,6.936989967181724e-05
2021,WLF,DEU,6.781846469216022e-05
2021,MAF,SVN,6.684831005212763e-05
2021,REU,GRC,6.528458116687501e-05
2021,YEM,HRV,6.422981835113357e-05
2021,PRK,SVN,6.185479692140844e-05
2021,WLF,FRA,5.5099195476660035e-05
2021,WLF,SWE,5.2009978929157106e-05
2021,PLW,NLD,4.819581736973692e-05
2021,PLW,POL,4.7252407910130865e-05
2021,NRU,DEU,4.667467229633474e-05
2021,BTN,CZE,4.645749895600705e-05
2021,MAF,LVA,4.5587258475047554e-05
2021,BTN,ROU,4.532104756566169e-05
2021,PLW,ESP,4.3599600677243304e-05
2021,PRK,LVA,4.218192820400363e-05
2021,SXM,EST,4.200936789496535e-05
2021,MAF,HRV,4.115982105381426e-05
2021,PRK,HRV,3.8085216673688545e-05
2021,NRU,FRA,3.792089520661307e-05
2021,BTN,HUN,3.6372848969604256e-05
2021,IOT,EST,3.6216786716148214e-05
2021,NRU,SWE,3.5794805053118614e-05
2021,PLW,ITA,3.5640472257626604e-05
2021,REU,EST,3.408391482702918e-05
2021,WLF,NLD,3.078238771343483e-05
2021,WLF,POL,3.0179837588901608e-05
2021,SXM,SVN,2.940308253910179e-05
2021,WLF,ESP,2.784681089443603e-05
2021,IOT,SVN,2.5348754872447704e-05
2021,REU,SVN,2.3855920979828893e-05
2021,LAO,DEU,2.3522012537743873e-05
2021,WLF,ITA,2.276336195126073e-05
2021,NRU,NLD,2.1185349234091114e-05
2021,NRU,POL,2.0770656425394207e-05
2021,SXM,LVA,2.005145564080761e-05
2021,NRU,ESP,1.916499848375446e-05
2021,LAO,FRA,1.9110488164315813e-05
2021,SXM,HRV,1.8104057003030275e-05
2021,LAO,SWE,1.8039030845250766e-05
2021,BTN,PRT,1.7785237311453423e-05
2021,IOT,LVA,1.728660364771802e-05
2021,PLW,CZE,1.721460321003133e-05
2021,PLW,ROU,1.679349660309131e-05
2021,REU,LVA,1.6268564381354257e-05
2021,BTN,BGR,1.5916004403323136e-05
2021,NRU,ITA,1.5666418640715276e-05
2021,IOT,HRV,1.560772761006757e-05
2021,REU,HRV,1.4688560381526634e-05
2021,BTN,AUT,1.4293658735959811e-05
2021,PLW,HUN,1.3477784570862535e-05
2021,BTN,SVK,1.136750217473656e-05
2021,BTN,DNK,1.1337430000605794e-05
2021,WLF,CZE,1.0994866759472428e-05
2021,WLF,ROU,1.0725908423439387e-05
2021,LAO,NLD,1.0676498104517079e-05
2021,LAO,POL,1.0467510896560897e-05
2021,LAO,ESP,9.658328863213357e-06
2021,WLF,HUN,8.608182469355744e-06
2021,LAO,ITA,7.895196207245507e-06
2021,NRU,CZE,7.56699234153502e-06
2021,BTN,FIN,7.551424723032556e-06
2021,NRU,ROU,7.381887263549365e-06
2021,PLW,PRT,6.5902343043227305e-06
2021,BTN,GRC,6.494246041480854e-06
2021,NRU,HUN,5.924405656306151e-06
2021,PLW,BGR,5.897599023825454e-06
2021,PLW,AUT,5.2964466251649155e-06
2021,PLW,SVK,4.212173358978365e-06
2021,WLF,PRT,4.2091442483849744e-06
2021,PLW,DNK,4.201030259221439e-06
2021,LAO,CZE,3.81343628082796e-06
2021,WLF,BGR,3.7667621307687118e-06
2021,LAO,ROU,3.720151341674343e-06
2021,BTN,EST,3.390529968750357e-06
2021,WLF,AUT,3.3828095967040103e-06
2021,LAO,HUN,2.985643760743815e-06
2021,NRU,PRT,2.896857505299462e-06
2021,PLW,FIN,2.798144179059764e-06
2021,WLF,SVK,2.69029057973171e-06
2021,WLF,DNK,2.683173546848633e-06
2021,NRU,BGR,2.592397053957446e-06
2021,PLW,GRC,2.406411693799417e-06
2021,BTN,SVN,2.3730905157088224e-06
2021,NRU,AUT,2.3281495693503687e-06
2021,NRU,SVK,1.851537509155816e-06
2021,NRU,DNK,1.8466393567271567e-06
2021,WLF,FIN,1.7871583821710096e-06
2021,BTN,LVA,1.6183309741105227e-06
2021,WLF,GRC,1.5369611264895834e-06
2021,BTN,HRV,1.4611585677321114e-06
2021,LAO,PRT,1.4598906689070048e-06
2021,LAO,BGR,1.3064557929587397e-06
2021,PLW,EST,1.2563446030322818e-06
2021,NRU,FIN,1.2299752317914444e-06
2021,LAO,AUT,1.1732865099152023e-06
2021,NRU,GRC,1.0577820839314808e-06
2021,LAO,SVK,9.330946820142152e-07
2021,LAO,DNK,9.306262254151583e-07
2021,PLW,SVN,8.793372981206035e-07
2021,WLF,EST,8.02419977143178e-07
2021,LAO,FIN,6.198542249986982e-07
2021,PLW,LVA,5.996647733490164e-07
2021,WLF,SVN,5.616276083457241e-07
2021,NRU,EST,5.522491499504523e-07
2021,PLW,HRV,5.414252927017204e-07
2021,LAO,GRC,5.330763391860171e-07
2021,NRU,SVN,3.865287232776475e-07
2021,WLF,LVA,3.830023964467357e-07
2021,WLF,HRV,3.458051795230975e-07
2021,LAO,EST,2.7830964396750595e-07
2021,NRU,LVA,2.635935718097845e-07
2021,NRU,HRV,2.3799334747372419e-07
2021,LAO,SVN,1.9479372918594495e-07
2021,LAO,LVA,1.32839739326147e-07
2021,LAO,HRV,1.1993833545599804e-07
2022,IRL,DEU,3660.3732643766057
2022,SGP,DEU,2716.311917328268
2022,IRL,FRA,2303.40830717074
2022,IRL,LUX,2180.0276505425163
2022,IRL,POL,1840.4404065611727
2022,CHE,DEU,1730.9667229625534
2022,SGP,FRA,1709.3271596459438
2022,IRL,ESP,1700.5990812899345
2022,IRL,ITA,1634.931375341728
2022,SGP,LUX,1617.7680961950443
2022,SGP,POL,1365.7651415301784
2022,ASM,DEU,1317.1082283132985
2022,SGP,ESP,1261.9908455953796
2022,SGP,ITA,1213.2597574337738
2022,CHE,FRA,1089.2668154670018
2022,CHE,LUX,1030.920904966779
2022,CHE,POL,870.3323047289339
2022,ASM,FRA,828.8329674095347
2022,CHE,ESP,804.2022510277792
2022,ASM,LUX,784.4370366334947
2022,CHE,ITA,773.1484197489099
2022,ASM,POL,662.2437189106811
2022,IRL,CZE,619.0106181065718
2022,ASM,ESP,611.9247632004763
2022,TLS,DEU,604.4028476367458
2022,HKG,DEU,592.9747596476557
2022,ASM,ITA,588.2956222381075
2022,IRL,ROU,563.1732076257208
2022,SGP,CZE,459.35914112354334
2022,SGP,ROU,417.9229780420394
2022,IRL,HUN,409.04488676997676
2022,TLS,FRA,380.3400471949501
2022,IRL,DNK,376.98806576720466
2022,HKG,FRA,373.1485530745734
2022,TLS,LUX,359.96736527883667
2022,HKG,LUX,353.1610791408867
2022,LBR,DEU,330.88188968288534
2022,COD,DEU,318.0244623548203
2022,TLS,POL,303.89453268524767
2022,SGP,HUN,303.5465020654687
2022,HKG,POL,298.1484752791487
2022,CHE,CZE,292.7260975078292
2022,IRL,BGR,288.4281275024998
2022,TLS,ESP,280.8038561048559
2022,SGP,DNK,279.7575825667578
2022,HKG,ESP,275.4943986994356
2022,TLS,ITA,269.9607683631942
2022,CHE,ROU,266.32094905496655
2022,HKG,ITA,264.85633275949044
2022,IRL,FIN,262.0457443923422
2022,PRI,DEU,255.6918464311618
2022,IRL,BEL,252.21925780686064
2022,MHL,DEU,224.66831360851089
2022,ASM,CZE,222.73793398507956
2022,BRB,DEU,215.30931404527024
2022,SGP,BGR,214.03848827454155
2022,IRL,SVK,211.48892096557557
2022,IRN,DEU,210.83252675191355
2022,LBR,FRA,208.21813469280505
2022,IRL,PRT,205.9094345615745
2022,ASM,ROU,202.64601781145367
2022,COD,FRA,200.1271825474224
2022,LBR,LUX,197.06505770670296
2022,SGP,FIN,194.4604899465907
2022,CHE,HUN,193.4346680125808
2022,COD,LUX,189.4074924625211
2022,SGP,BEL,187.16839138457266
2022,MLT,DEU,183.29812683745985
2022,CHE,DNK,178.2752057413974
2022,LBR,POL,166.36784163470043
2022,IRL,AUT,161.1521347717313
2022,PRI,FRA,160.9023672195543
2022,COD,POL,159.90311056224658
2022,NLD,DEU,159.600467671224
2022,SGP,SVK,156.94297682494042
2022,LBR,ESP,153.72679149595544
2022,SGP,PRT,152.80251782878932
2022,PRI,LUX,152.2837303679018
2022,LBR,ITA,147.79071529117442
2022,COD,ESP,147.75326707027546
2022,ASM,HUN,147.18618763760773
2022,NOR,DEU,146.63937262158728
2022,COD,ITA,142.04785525298928
2022,MHL,FRA,141.37980543140606
2022,IRL,GRC,138.1366151216001
2022,AUS,DEU,137.0821503013633
2022,CHE,BGR,136.3957866079147
2022,ASM,DNK,135.6512157462893
2022,BRB,FRA,135.49035214789035
2022,MHL,LUX,133.80688265701386
2022,IRN,FRA,132.67318889808982
2022,IDN,DEU,132.4430963339361
2022,PRI,POL,128.56219074157437
2022,BRB,LUX,128.2328943351549
2022,MDA,DEU,127.0172596742905
2022,KOR,DEU,125.66039481140133
2022,IRN,LUX,125.56663071114247
2022,CHE,FIN,123.91972913023294
2022,SGP,AUT,119.58875026312265
2022,CHE,BEL,119.2728474997052
2022,PRI,ESP,118.79370974703478
2022,MLT,FRA,115.3462768825428
2022,MWI,DEU,114.77821400143164
2022,PRI,ITA,114.20655544006685
2022,MHL,POL,112.96351835568379
2022,MLT,LUX,109.16782413619947
2022,BRB,POL,108.25780128338133
2022,CPV,DEU,108.25100215058431
2022,IRN,POL,106.00686684823528
2022,MHL,ESP,104.38026401186235
2022,ASM,BGR,103.78478711657799
2022,SGP,GRC,102.50925432275396
2022,TLS,CZE,102.2113738896823
2022,NLD,FRA,100.43375811970434
2022,MHL,ITA,100.34967705027942
2022,HKG,CZE,100.27875464597035
2022,BRB,ESP,100.03209924573416
2022,CHE,SVK,100.01173596950517
2022,AGO,DEU,98.81581789460483
2022,IRN,ESP,97.95219651223262
2022,CHE,PRT,97.3732331177495
2022,BRB,ITA,96.16941429492962
2022,LIE,DEU,95.37696281211345
2022,NLD,LUX,95.05408531663545
2022,GIN,DEU,94.88960578770752
2022,ASM,FIN,94.29164219196596
2022,IRN,ITA,94.16982587101882
2022,BHS,DEU,93.42227662912207
2022,TLS,ROU,92.9914699449856
2022,NOR,FRA,92.27756970637667
2022,MLT,POL,92.16253499657489
2022,HKG,ROU,91.23318123916397
2022,ASM,BEL,90.75578794914674
2022,ISR,DEU,90.74565296810572
2022,NOR,LUX,87.33477814528608
2022,IMN,DEU,86.26739414543933
2022,AUS,FRA,86.26337833957606
2022,MLT,ESP,85.15979207247274
2022,LAO,DEU,84.31514346447136
2022,IDN,FRA,83.34410353501457
2022,MLT,ITA,81.87139315120336
2022,NGA,DEU,81.77609243791674
2022,AUS,LUX,81.64273325925211
2022,NLD,POL,80.24732135021934
2022,MDA,FRA,79.92972026519583
2022,KOR,FRA,79.07586914916237
2022,IDN,LUX,78.8798276234323
2022,CHE,AUT,76.20779698590411
2022,ASM,SVK,76.09983405566717
2022,MDA,LUX,75.6483337043636
2022,KOR,LUX,74.84021860092982
2022,NLD,ESP,74.14992654891223
2022,ASM,PRT,74.09217338237146
2022,NOR,POL,73.73046601341967
2022,MYS,DEU,72.68541601698188
2022,GUY,DEU,72.35736652053353
2022,MWI,FRA,72.22790478395243
2022,GNQ,DEU,72.0233422914514
2022,NLD,ITA,71.28666757960734
2022,PER,DEU,69.05140995920391
2022,AUS,POL,68.92508228280056
2022,MWI,LUX,68.35906125700046
2022,NOR,ESP,68.12823839256033
2022,CPV,FRA,68.120445540321
2022,TLS,HUN,67.54171679186094
2022,IDN,POL,66.59255995428197
2022,HKG,HUN,66.26463365856719
2022,BFA,DEU,66.25556279622023
2022,NOR,ITA,65.49750362693969
2022,CHE,GRC,65.32390735262847
2022,MLI,DEU,64.62899274558279
2022,CPV,LUX,64.4716155545963
2022,LBY,DEU,64.21925813462597
2022,MDA,POL,63.86444227158619
2022,AUS,ESP,63.687979893342884
2022,WSM,DEU,63.60589888622422
2022,KOR,POL,63.18220886544486
2022,TLS,DNK,62.24847686771985
2022,AGO,FRA,62.18305057396064
2022,IDN,ESP,61.53268852132902
2022,AUS,ITA,61.22870328777221
2022,HKG,DNK,61.07147865599288
2022,LIE,FRA,60.019039749912615
2022,GIN,FRA,59.71235457397721
2022,NER,DEU,59.453464856953005
2022,VGB,DEU,59.4291982843688
2022,IDN,ITA,59.15663731650522
2022,MDA,ESP,59.01186013248053
2022,AGO,LUX,58.85225351680101
2022,BHS,FRA,58.788990225829174
2022,KOR,ESP,58.38146454913368
2022,ASM,AUT,57.987201683446294
2022,MWI,POL,57.71063429432424
2022,ISR,FRA,57.1046381855722
2022,LIE,LUX,56.80415660848839
2022,MDA,ITA,56.733149340929934
2022,GIN,LUX,56.51389883635597
2022,KOR,ITA,56.12709613919066
2022,LBR,CZE,55.95587888432354
2022,BHS,LUX,55.639993934554006
2022,CYM,DEU,55.20591842121464
2022,CPV,POL,54.42874374250636
2022,IMN,FRA,54.286548928342526
2022,ISR,LUX,54.04586318075895
2022,EGY,DEU,53.9705906145843
2022,CYP,DEU,53.786583531579154
2022,COD,CZE,53.781542153405105
2022,MWI,ESP,53.32563407742435
2022,LAO,FRA,53.058032022707444
2022,NGA,FRA,51.46025201381746
2022,IMN,LUX,51.37872315033875
2022,MWI,ITA,51.266493803491116
2022,LBR,ROU,50.908418813868266
2022,CPV,ESP,50.29310988516108
2022,LAO,LUX,50.21601100108327
2022,ASM,GRC,49.70555166564218
2022,AGO,POL,49.68472090826357
2022,COD,ROU,48.93021657404992
2022,NGA,LUX,48.70381510076431
2022,PYF,DEU,48.60772144040289
2022,CPV,ITA,48.35106887885024
2022,LIE,POL,47.95566012975762
2022,GIN,POL,47.710616388217
2022,TLS,BGR,47.625411128866034
2022,BHS,POL,46.972841391478795
2022,HKG,BGR,46.72490678639745
2022,AGO,ESP,45.90954992594128
2022,MYS,FRA,45.739649749133186
2022,ISR,POL,45.62703155649981
2022,GUY,FRA,45.53321398952467
2022,TCD,DEU,45.36500458545361
2022,GNQ,FRA,45.3230184360952
2022,SAU,DEU,44.416534422125864
2022,LIE,ESP,44.311867566360924
2022,AGO,ITA,44.13677769648409
2022,GIN,ESP,44.085442869177456
2022,PER,FRA,43.45283385981974
2022,BHS,ESP,43.403725886014726
2022,IMN,POL,43.375357234515604
2022,MYS,LUX,43.28963339622493
2022,TLS,FIN,43.26913751207179
2022,PRI,CZE,43.24039011117625
2022,GUY,LUX,43.09425524177168
2022,MUS,DEU,43.02749725737729
2022,GNQ,LUX,42.89531868455304
2022,LIE,ITA,42.60078896977808
2022,HKG,FIN,42.45100187185524
2022,LAO,POL,42.39376306980084
2022,GIN,ITA,42.383107538775135
2022,BMU,DEU,42.367125844108266
2022,ISR,ESP,42.1601740922174
2022,BHS,ITA,41.7277146850811
2022,BFA,FRA,41.693456573499965
2022,BLZ,DEU,41.67869988080761
2022,TLS,BEL,41.646582639777684
2022,PER,LUX,41.12530940082928
2022,NGA,POL,41.11712493317419
2022,IRL,SVN,40.960065670843456
2022,HKG,BEL,40.85912637163922
2022,MLI,FRA,40.66988474182463
2022,ISR,ITA,40.53218196551761
2022,LBY,FRA,40.41204598100797
2022,IRL,EST,40.09879604593347
2022,IMN,ESP,40.07958769035435
2022,WSM,FRA,40.02606982884928
2022,BFA,LUX,39.46017208237242
2022,PRI,ROU,39.33992161941574
2022,LAO,ESP,39.17257753737008
2022,DZA,DEU,38.67414460016778
2022,IMN,ITA,38.53193627272618
2022,MLI,LUX,38.49142724958612
2022,LBY,LUX,38.247399464233396
2022,MHL,CZE,37.993958984795135
2022,NGA,ESP,37.99294160102181
2022,WSM,LUX,37.88209788850474
2022,LAO,ITA,37.65994982207922
2022,NER,FRA,37.413016364852155
2022,VGB,FRA,37.397745838913984
2022,LBR,HUN,36.975886152589496
2022,VCT,DEU,36.55455484192992
2022,MYS,POL,36.5463210834988
2022,NGA,ITA,36.5258648839917
2022,BRB,CZE,36.41124605196877
2022,GUY,POL,36.38137737284191
2022,GNQ,POL,36.21342955889734
2022,SDN,DEU,36.160193894002475
2022,IRN,CZE,35.654170565552675
2022,COD,HUN,35.539075061014316
2022,NER,LUX,35.40901103450418
2022,VGB,LUX,35.39455846494459
2022,SWE,DEU,35.13032741720976
2022,TLS,SVK,34.921167007536376
2022,CYM,FRA,34.74011034174483
2022,PER,POL,34.71913814248208
2022,MHL,ROU,34.56674106385573
2022,HKG,SVK,34.2608753315387
2022,LBR,DNK,34.078088375009656
2022,TLS,PRT,33.9998791422391
2022,EGY,FRA,33.962740350666635
2022,CYP,FRA,33.84694794017745
2022,MYS,ESP,33.76943900903171
2022,GUY,ESP,33.61702813943349
2022,GNQ,ESP,33.461841425927
2022,HKG,PRT,33.3570072365636
2022,BFA,POL,33.31338257667616
2022,BRB,ROU,33.12679562017825
2022,CYM,LUX,32.87927758710125
2022,JEY,DEU,32.86716535847708
2022,COD,DNK,32.753880074636996
2022,MLI,POL,32.49554105367367
2022,MYS,ITA,32.46545054092144
2022,IRN,ROU,32.43801158703207
2022,GUY,ITA,32.318924933921686
2022,LBY,POL,32.28952596190406
2022,GNQ,ITA,32.169730670712106
2022,EGY,LUX,32.14354694395964
2022,PER,ESP,32.08109005746329
2022,CYP,LUX,32.03395688309047
2022,WSM,POL,31.981128139342424
2022,XKV,DEU,31.720352737114617
2022,SWZ,DEU,31.582414065456586
2022,MLT,CZE,30.997791371628505
2022,PER,ITA,30.842296263223762
2022,BFA,ESP,30.782147361353623
2022,PYF,FRA,30.58798140837522
2022,SGP,SVN,30.395893118077723
2022,MLI,ESP,30.026447509459185
2022,NER,POL,29.893278944445655
2022,VGB,POL,29.881077680397702
2022,LBY,ESP,29.836085966349046
2022,SGP,EST,29.756756948839453
2022,BFA,ITA,29.593511530828263
2022,WSM,ESP,29.551120991742728
2022,MNG,DEU,29.440459856663477
2022,KAZ,DEU,28.959844251488963
2022,PYF,LUX,28.949554899558475
2022,MLI,ITA,28.86699261652534
2022,SSD,DEU,28.697982935092565
2022,LBY,ITA,28.683981780571482
2022,PRI,HUN,28.573436318455183
2022,TCD,FRA,28.54739691001674
2022,WSM,ITA,28.410020573028113
2022,MLT,ROU,28.201657750994208
2022,SAU,FRA,27.950541372201847
2022,CYM,POL,27.75760710869118
2022,NER,ESP,27.621911868722226
2022,VGB,ESP,27.610637687631357
2022,EGY,POL,27.136482691463677
2022,MUS,FRA,27.0764447942957
2022,CYP,POL,27.043963692390008
2022,TCD,LUX,27.018273061318503
2022,NLD,CZE,26.990248536876436
2022,BMU,FRA,26.660884716326162
2022,TLS,AUT,26.609529171982757
2022,NER,ITA,26.55530680802405
2022,VGB,ITA,26.544467973286604
2022,SAU,LUX,26.453387725199313
2022,PRI,DNK,26.334137984407278
2022,NCL,DEU,26.255918926851297
2022,BLZ,FRA,26.227670405050507
2022,HKG,AUT,26.106394479757675
2022,LBR,BGR,26.07265351720267
2022,CYM,ESP,25.648513790266094
2022,MUS,LUX,25.626111595670817
2022,BMU,LUX,25.23281073901638
2022,MHL,HUN,25.106571997773095
2022,EGY,ESP,25.074583980021664
2022,COD,BGR,25.05952086080817
2022,CYP,ESP,24.989094808915855
2022,BLZ,LUX,24.822801287261086
2022,NOR,CZE,24.798380418918235
2022,CYM,ITA,24.658110419996042
2022,NLD,ROU,24.555612453987315
2022,PYF,POL,24.44002514181381
2022,DZA,FRA,24.336956782990935
2022,EGY,ITA,24.106342596329572
2022,BRB,HUN,24.060708464159386
2022,CYP,ITA,24.02415454293675
2022,MNE,DEU,23.919580942229317
2022,IRL,LVA,23.80945786622228
2022,LBR,FIN,23.687800348597342
2022,IRN,HUN,23.560429716817964
2022,VUT,DEU,23.38462469495818
2022,AUS,CZE,23.18214577055613
2022,TTO,DEU,23.151806287499564
2022,MHL,DNK,23.138971593618876
2022,DZA,LUX,23.033362583529897
2022,VCT,FRA,23.00313634876519
2022,BRA,DEU,22.880396960063774
2022,TCD,POL,22.809582917528243
2022,TLS,GRC,22.809193902418965
2022,LBR,BEL,22.799528520696363
2022,COD,FIN,22.767338452554323
2022,SDN,FRA,22.75497196282121
2022,PYF,ESP,22.583010107091997
2022,NOR,ROU,22.561460233369747
2022,OMN,DEU,22.49319865352081
2022,IDN,CZE,22.397629149873207
2022,HKG,GRC,22.377916194353425
2022,SAU,POL,22.33269089397573
2022,BRB,DNK,22.175072316679124
2022,SWE,FRA,22.106895161198896
2022,COD,BEL,21.91358314196939
2022,VCT,LUX,21.770987424762524
2022,IRN,DNK,21.71400038202189
2022,PYF,ITA,21.710979489497504
2022,MUS,POL,21.634281212892613
2022,COG,DEU,21.569796637676525
2022,SDN,LUX,21.536115812311714
2022,MDA,CZE,21.48005865586936
2022,BMU,POL,21.302245613095604
2022,KOR,CZE,21.250597424240798
2022,AUS,ROU,21.091016876552874
2022,TCD,ESP,21.076453014109482
2022,BLZ,POL,20.956104149295985
2022,SWE,LUX,20.922752848041107
2022,JEY,FRA,20.682727211636973
2022,SAU,ESP,20.635796454822547
2022,MLT,HUN,20.483474258504856
2022,IDN,ROU,20.37726701704784
2022,TCD,ITA,20.262597276923085
2022,PRI,BGR,20.147868853029884
2022,MUS,ESP,19.99045371089031
2022,XKV,FRA,19.96105826477769
2022,SWZ,FRA,19.874255892661875
2022,SAU,ITA,19.838956430321034
2022,GIB,DEU,19.703236942370886
2022,BMU,ESP,19.683647017254735
2022,JEY,LUX,19.574869583317213
2022,MDA,ROU,19.54246531378869
2022,DZA,POL,19.44540987227993
2022,MWI,CZE,19.410297273683874
2022,CHE,SVN,19.36974880037702
2022,BLZ,ESP,19.36380625890393
2022,KOR,ROU,19.333702468593426
2022,URY,DEU,19.327446027976155
2022,SYC,DEU,19.245004431017033
2022,TWN,DEU,19.22702270374936
2022,MUS,ITA,19.218533244449596
2022,LBR,SVK,19.11768247711805
2022,CHE,EST,18.96245999332375
2022,BMU,ITA,18.92357372394393
2022,XKV,LUX,18.89185639204173
2022,MLT,DNK,18.878185721579488
2022,SWZ,LUX,18.809703535878082
2022,BLZ,ITA,18.616083442022703
2022,LBR,PRT,18.613321071470462
2022,MNG,FRA,18.526361904327423
2022,VCT,POL,18.37967740331039
2022,COD,SVK,18.37480648180097
2022,CPV,CZE,18.306471748121346
2022,PRI,FIN,18.304952908816926
2022,KAZ,FRA,18.223918984560495
2022,SDN,POL,18.181392209174856
2022,PAN,DEU,18.097387561272114
2022,SSD,FRA,18.059134278753486
2022,DZA,ESP,17.967898360748325
2022,COD,PRT,17.890043580400352
2022,NLD,HUN,17.8352726653219
2022,MHL,BGR,17.7032931679123
2022,SGP,LVA,17.668666410762732
2022,SWE,POL,17.66357401404745
2022,MWI,ROU,17.65940527809708
2022,PRI,BEL,17.618533159381688
2022,YEM,DEU,17.608736818369557
2022,MNG,LUX,17.534008664316904
2022,FSM,DEU,17.386142394708273
2022,DZA,ITA,17.274077765969515
2022,KAZ,LUX,17.24776591449693
2022,SSD,LUX,17.091807800632594
2022,VCT,ESP,16.98314294505037
2022,BRB,BGR,16.965827744483153
2022,TJK,DEU,16.806715700296216
2022,SDN,ESP,16.79992396236658
2022,AGO,CZE,16.71087512001682
2022,CPV,ROU,16.655149545309033
2022,IRN,BGR,16.613068262597427
2022,JEY,POL,16.525653206892507
2022,NCL,FRA,16.52238648913056
2022,NLD,DNK,16.4375235139204
2022,NOR,HUN,16.386876757562884
2022,VCT,ITA,16.32734814352314
2022,SWE,ESP,16.32145090571691
2022,SDN,ITA,16.15120406192061
2022,LIE,CZE,16.129325737906345
2022,MHL,FIN,16.083981394433305
2022,GIN,CZE,16.04690813971982
2022,BGD,DEU,16.011146445350263
2022,XKV,POL,15.949034339180042
2022,SWZ,POL,15.879678596852477
2022,BHS,CZE,15.798766143311576
2022,SWE,ITA,15.691206981374833
2022,NCL,LUX,15.637374966098346
2022,MHL,BEL,15.480846137342853
2022,BRB,FIN,15.413971581175998
2022,ISR,CZE,15.34611873629185
2022,AUS,HUN,15.318861929715185
2022,JEY,ESP,15.269992204674706
2022,AGO,ROU,15.203482570879684
2022,NOR,DNK,15.102638298649982
2022,IRN,FIN,15.093478840670304
2022,MNE,FRA,15.052170220612014
2022,BRB,BEL,14.83596110700229
2022,MNG,POL,14.802701253248701
2022,IDN,HUN,14.80044996247303
2022,PRI,SVK,14.773354736168331
2022,ASM,SVN,14.738616974492887
2022,XKV,ESP,14.737186299528075
2022,VUT,FRA,14.715531693626412
2022,JEY,ITA,14.680349784565095
2022,LIE,ROU,14.67439143522565
2022,SWZ,ESP,14.673100382231345
2022,GIN,ROU,14.599408257590525
2022,IMN,CZE,14.58879439758618
2022,TTO,FRA,14.56902317794536
2022,LBR,AUT,14.56745501849324
2022,KAZ,POL,14.561047106007607
2022,IRN,BEL,14.527486564397982
2022,MLT,BGR,14.443427399322402
2022,SSD,POL,14.429382897796504
2022,ASM,EST,14.42870723911008
2022,BRA,FRA,14.39823007726804
2022,PRI,PRT,14.383605091054049
2022,BHS,ROU,14.373649732653847
2022,LAO,CZE,14.258646673995816
2022,MNE,LUX,14.24590993244798
2022,MDA,HUN,14.194115421764621
2022,XKV,ITA,14.16811788883172
2022,OMN,FRA,14.154573015160906
2022,AUS,DNK,14.11832372295547
2022,SWZ,ITA,14.106506614276341
2022,KOR,HUN,14.042486450040835
2022,COD,AUT,14.001392021105742
2022,ISR,ROU,13.961833061536783
2022,VUT,LUX,13.927303242187348
2022,NGA,CZE,13.829264359178977
2022,TTO,LUX,13.788642365507194
2022,MNG,ESP,13.677954505965353
2022,IDN,DNK,13.64053966765424
2022,BRA,LUX,13.62699769276753
2022,COG,FRA,13.573492420224323
2022,KAZ,ESP,13.454661853118218
2022,OMN,LUX,13.39639197211006
2022,SSD,ESP,13.333001825048665
2022,IMN,ROU,13.272822623643984
2022,NCL,POL,13.201509959285843
2022,MNG,ITA,13.149787753229386
2022,MLT,FIN,13.122293991245312
2022,MDA,DNK,13.081723525214473
2022,MHL,SVK,12.980878120448113
2022,LAO,ROU,12.972455639546947
2022,KOR,DNK,12.941977706080044
2022,KAZ,ITA,12.93511742437906
2022,COG,LUX,12.846436603705829
2022,MWI,HUN,12.826408171755585
2022,SSD,ITA,12.818155231935094
2022,MHL,PRT,12.638417472134416
2022,MLT,BEL,12.630219425505919
2022,NGA,ROU,12.58180544961511
2022,NLD,BGR,12.576111973862938
2022,LBR,GRC,12.486951724475775
2022,BRB,SVK,12.440134164576124
2022,GIB,FRA,12.398899339830011
2022,MYS,CZE,12.291927911802183
2022,GUY,CZE,12.236451022725783
2022,NCL,ESP,12.198425783505648
2022,IRN,SVK,12.181474501836604
2022,GNQ,CZE,12.1799637386231
2022,URY,FRA,12.162420748315784
2022,BRB,PRT,12.111939386720602
2022,SYC,FRA,12.110541706049748
2022,TWN,FRA,12.099226122371782
2022,CPV,HUN,12.096995502715068
2022,MNE,POL,12.026796202049857
2022,COD,GRC,12.001733042666462
2022,IRN,PRT,11.860103665703086
2022,MWI,DNK,11.821203402867514
2022,TGO,DEU,11.789752723364483
2022,JOR,DEU,11.762805672320395
2022,VUT,POL,11.757819509754023
2022,GIB,LUX,11.73475988298551
2022,NCL,ITA,11.727390225392407
2022,PER,CZE,11.677376287266897
2022,TTO,POL,11.640758113680517
2022,NOR,BGR,11.554810563995568
2022,URY,LUX,11.510948122535803
2022,BRA,POL,11.504293153182699
2022,SYC,LUX,11.461847949426444
2022,TWN,LUX,11.451138478064724
2022,NLD,FIN,11.425781016186777
2022,PAN,FRA,11.388366659874526
2022,OMN,POL,11.309609344389473
2022,CHE,LVA,11.259337854777163
2022,PRI,AUT,11.257127052348592
2022,BFA,CZE,11.204566834380463
2022,MYS,ROU,11.183143337941829
2022,CPV,DNK,11.14895475695714
2022,GUY,ROU,11.132670702002532
2022,MNE,ESP,11.112969753952992
2022,GNQ,ROU,11.081278812998303
2022,YEM,FRA,11.080867369717133
2022,AGO,HUN,11.042618367683106
2022,NLD,BEL,10.997324205546464
2022,FSM,FRA,10.940792626635265
2022,MLI,CZE,10.929495397749205
2022,VUT,ESP,10.864430592252349
2022,LBY,CZE,10.86020462971295
2022,COG,POL,10.845321617779906
2022,AUS,BGR,10.8017256901728
2022,PAN,LUX,10.778355767735226
2022,WSM,CZE,10.756478626911642
2022,TTO,ESP,10.756263817654586
2022,MNE,ITA,10.683848488369126
2022,LIE,HUN,10.658328027261877
2022,BRA,ESP,10.630167810620877
2022,PER,ROU,10.624026903558553
2022,GIN,HUN,10.603866122842241
2022,MLT,SVK,10.59059288765396
2022,TJK,FRA,10.576169631954826
2022,NOR,FIN,10.497897558650815
2022,YEM,LUX,10.487327488911005
2022,OMN,ESP,10.450276570896143
2022,VUT,ITA,10.444906530834203
2022,BHS,HUN,10.439892821165836
2022,IDN,BGR,10.436180006012648
2022,FSM,LUX,10.354755763737282
2022,TTO,ITA,10.34091655723898
2022,MLT,PRT,10.311192582629975
2022,BRA,ITA,10.219689678738995
2022,BFA,ROU,10.193866889515029
2022,AGO,DNK,10.177209088985032
2022,ISR,HUN,10.14078146194965
2022,NOR,BEL,10.104235567401714
2022,BGD,FRA,10.075531937814025
2022,NER,CZE,10.054254954773743
2022,VGB,CZE,10.050151202230015
2022,OMN,ITA,10.046744841116242
2022,COG,ESP,10.021266602134528
2022,TJK,LUX,10.00966357667153
2022,MDA,BGR,10.008637841636546
2022,MLI,ROU,9.943608075267726
2022,GIB,POL,9.906812991369621
2022,KOR,BGR,9.901720332571056
2022,MHL,AUT,9.891280407366464
2022,LBY,ROU,9.880567631449184
2022,LIE,DNK,9.823035557389495
2022,AUS,FIN,9.813696998669748
2022,SLB,DEU,9.796179765593578
2022,WSM,ROU,9.786198158611239
2022,GIN,DNK,9.772841828854508
2022,URY,POL,9.717864834086972
2022,SYC,POL,9.6764130926207
2022,TWN,POL,9.667371856917972
2022,PRI,GRC,9.649400110075401
2022,IMN,HUN,9.64033827194176
2022,COG,ITA,9.634300858298896
2022,BHS,DNK,9.621719104097869
2022,BGD,LUX,9.53584223430112
2022,IDN,FIN,9.481587603706789
2022,BRB,AUT,9.479239708232793
2022,AUS,BEL,9.445691930947582
2022,LAO,HUN,9.422175231982186
2022,ISR,DNK,9.34604908252559
2022,IRL,HRV,9.338722015035614
2022,CYM,CZE,9.335946696375247
2022,IRN,AUT,9.282144008659033
2022,NLD,SVK,9.221390348871143
2022,GIB,ESP,9.1540682390872
2022,NER,ROU,9.147318071031666
2022,VGB,ROU,9.143584494553732
2022,NGA,HUN,9.13843754605602
2022,EGY,CZE,9.127038758873766
2022,IDN,BEL,9.126036348284012
2022,PAN,POL,9.099389847782442
2022,CYP,CZE,9.095921074976467
2022,MDA,FIN,9.093152516972474
2022,MWI,BGR,9.044232090945583
2022,KOR,FIN,8.996014701412518
2022,URY,ESP,8.97947684153867
2022,NLD,PRT,8.97811225258785
2022,SYC,ESP,8.941174708416565
2022,TWN,ESP,8.932820448710588
2022,IMN,DNK,8.884825592562894
2022,YEM,POL,8.853695622910223
2022,GIB,ITA,8.800588887035437
2022,MDA,BEL,8.752167238104578
2022,FSM,POL,8.741774859099488
2022,LAO,DNK,8.683759975765433
2022,KOR,BEL,8.658672005803345
2022,URY,ITA,8.632739241074004
2022,CAF,DEU,8.603634522051141
2022,SYC,ITA,8.595916123930868
2022,TWN,ITA,8.587884459406686
2022,ASM,LVA,8.567331963785662
2022,CPV,BGR,8.529904355500097
2022,CYM,ROU,8.493804295801594
2022,MHL,GRC,8.478621748496282
2022,NOR,SVK,8.472524643491564
2022,TJK,POL,8.450438368525012
2022,NGA,DNK,8.422258793713695
2022,PAN,ESP,8.407995151742739
2022,EGY,ROU,8.303740749523415
2022,CYP,ROU,8.275430014066355
2022,NOR,PRT,8.249003071580857
2022,PYF,CZE,8.220116780549219
2022,MWI,FIN,8.216960499833373
2022,YEM,ESP,8.18096939659936
2022,LTU,DEU,8.169374952570186
2022,BRB,GRC,8.125428118444246
2022,MYS,HUN,8.122558989775204
2022,GUY,HUN,8.085899622153985
2022,PAN,ITA,8.08332500502022
2022,FSM,ESP,8.077552656000062
2022,MLT,AUT,8.069910445197987
2022,BGD,POL,8.050425119256111
2022,GNQ,HUN,8.048572581140697
2022,IRN,GRC,7.956481347539174
2022,AUS,SVK,7.92032777996308
2022,MWI,BEL,7.90883165648092
2022,YEM,ITA,7.865065725582634
2022,TJK,ESP,7.808352650147702
2022,AGO,BGR,7.7864357715504475
2022,FSM,ITA,7.765642366013887
2022,CPV,FIN,7.749678076778874
2022,PER,HUN,7.716460625192607
2022,AUS,PRT,7.711374228345457
2022,TCD,CZE,7.671736596412832
2022,IDN,SVK,7.652292678892768
2022,CUB,DEU,7.58943351589554
2022,QAT,DEU,7.588590663366482
2022,LIE,BGR,7.515462714827401
2022,SAU,CZE,7.511339538612458
2022,TJK,ITA,7.506837371554901
2022,MYS,DNK,7.48599457339587
2022,PYF,ROU,7.478627020195809
2022,GIN,BGR,7.477060217644226
2022,CPV,BEL,7.45907191624054
2022,GUY,DNK,7.452208198015646
2022,IDN,PRT,7.450410411176868
2022,BGD,ESP,7.438733421084181
2022,TGO,FRA,7.41908335600075
2022,GNQ,DNK,7.417806474763386
2022,BFA,HUN,7.404026099091459
2022,JOR,FRA,7.402126052265423
2022,BHS,BGR,7.361438402306577
2022,MDA,SVK,7.3387988744079555
2022,MUS,CZE,7.2764376059893525
2022,KOR,SVK,7.260401982882904
2022,MLI,HUN,7.222257707145852
2022,LBY,HUN,7.17647006871682
2022,BMU,CZE,7.164761313113471
2022,BGD,ITA,7.1514907874163285
2022,ISR,BGR,7.150527247947211
2022,MDA,PRT,7.145187179031619
2022,PER,DNK,7.11172211106508
2022,WSM,HUN,7.1079274786062605
2022,AGO,FIN,7.074214209227614
2022,KOR,PRT,7.068858548994606
2022,BLZ,CZE,7.048340677761704
2022,NLD,AUT,7.0265937974401576
2022,TGO,LUX,7.0216846954188386
2022,JOR,LUX,7.00563569928273
2022,TCD,ROU,6.979713078714271
2022,SGP,HRV,6.930135281265448
2022,MLT,GRC,6.917377264738787
2022,SAU,ROU,6.833784522898105
2022,LIE,FIN,6.828026928624604
2022,BFA,DNK,6.8237730583245675
2022,AGO,BEL,6.808937353879339
2022,IMN,BGR,6.797651813284894
2022,GIN,FIN,6.79313708952317
2022,TLS,SVN,6.763348582992706
2022,BHS,FIN,6.688091146429824
2022,ISL,DEU,6.669113286467101
2022,MLI,DNK,6.656249843358373
2022,NER,HUN,6.643895046762916
2022,LAO,BGR,6.643819412145071
2022,VGB,HUN,6.641183269379007
2022,HKG,SVN,6.635466752174824
2022,MWI,SVK,6.6316517131628725
2022,TLS,EST,6.621135268589843
2022,MUS,ROU,6.620071751253758
2022,LBY,DNK,6.614050579156068
2022,LIE,BEL,6.5719818813179804
2022,WSM,DNK,6.550879667346124
2022,DZA,CZE,6.540236315973076
2022,GIN,BEL,6.5384003807155935
2022,BMU,ROU,6.518469138576391
2022,ISR,FIN,6.496471934658359
2022,HKG,EST,6.495942416284504
2022,MWI,PRT,6.456695926350355
2022,NOR,AUT,6.455966709608445
2022,NGA,BGR,6.443748632383441
2022,BHS,BEL,6.437293568757766
2022,BLZ,ROU,6.412550143446019
2022,CPV,SVK,6.254522690643767
2022,ISR,BEL,6.252859910097874
2022,VCT,CZE,6.181789657227023
2022,IMN,FIN,6.175873847521187
2022,CYM,HUN,6.169233850931916
2022,SLB,FRA,6.164563070714352
2022,NER,DNK,6.1232134268138285
2022,VGB,DNK,6.120714171246001
2022,SDN,CZE,6.115098749906337
2022,CPV,PRT,6.089516296187562
2022,LAO,FIN,6.036112422665017
2022,AUS,AUT,6.035199026055157
2022,EGY,HUN,6.03118658463134
2022,NLD,GRC,6.023065622976021
2022,CYP,HUN,6.01062388487467
2022,DZA,ROU,5.950278972537193
2022,IMN,BEL,5.944283971268775
2022,SWE,CZE,5.940936652676816
2022,TGO,POL,5.927902901765961
2022,JOR,POL,5.91435388968518
2022,NGA,FIN,5.8543420216026645
2022,PRK,DEU,5.847655845744928
2022,SLB,LUX,5.8343620216328445
2022,IDN,AUT,5.830959349886643
2022,LAO,BEL,5.809763477799229
2022,MYS,BGR,5.727426391878845
2022,AGO,SVK,5.709376938206869
2022,GUY,BGR,5.701576923763235
2022,CYM,DNK,5.6857513978319005
2022,GNQ,BGR,5.67525666187294
2022,NGA,BEL,5.634809308047249
2022,VCT,ROU,5.6241657385086565
2022,MDA,AUT,5.592080662531373
2022,SDN,ROU,5.563490636827615
2022,AGO,PRT,5.558752542107995
2022,EGY,DNK,5.558522886755633
2022,JEY,CZE,5.558210290181091
2022,CYP,DNK,5.539571684432994
2022,NOR,GRC,5.533934687655667
2022,KOR,AUT,5.532343129373376
2022,LIE,SVK,5.510686887159043
2022,GIN,SVK,5.482528389712975
2022,TGO,ESP,5.477485819579052
2022,JOR,ESP,5.464966295765719
2022,PER,BGR,5.4410759333672996
2022,PYF,HUN,5.431888629020019
2022,CAF,FRA,5.414115391679513
2022,SWE,ROU,5.405038707127945
2022,BHS,SVK,5.397749095898684
2022,LIE,PRT,5.365304318543946
2022,XKV,CZE,5.364271274040098
2022,SWZ,CZE,5.340944280797408
2022,GIN,PRT,5.337888696672353
2022,TGO,ITA,5.265975692299228
2022,BHS,PRT,5.255346044451474
2022,JOR,ITA,5.2539396030692895
2022,ISR,SVK,5.243099225786138
2022,BFA,BGR,5.220770269502198
2022,MYS,FIN,5.203541434422794
2022,GUY,FIN,5.180056404813668
2022,AUS,GRC,5.173260448738892
2022,GNQ,FIN,5.156143644711642
2022,KWT,DEU,5.142081791392785
2022,LTU,FRA,5.140843507211964
2022,CAF,LUX,5.124111613362463
2022,ISR,PRT,5.10477613674894
2022,MLI,BGR,5.092600675837301
2022,TCD,HUN,5.069516637707345
2022,LBY,BGR,5.060314627919353
2022,JEY,ROU,5.056835902676967
2022,MWI,AUT,5.053242627365624
2022,WSM,BGR,5.011983475131035
2022,MYS,BEL,5.008413174580512
2022,PYF,DNK,5.006191872699464
2022,IDN,GRC,4.998189993858394
2022,GUY,BEL,4.985808813073625
2022,IMN,SVK,4.984354541076617
2022,MNG,CZE,4.978715539907834
2022,SAU,HUN,4.963525569982405
2022,GNQ,BEL,4.962792760593809
2022,PER,FIN,4.943383315630806
2022,SLB,POL,4.925531842885954
2022,KAZ,CZE,4.8974379921434785
2022,XKV,ROU,4.880391016904271
2022,LAO,SVK,4.87155746816866
2022,LTU,LUX,4.865477370184424
2022,SWZ,ROU,4.859168218418305
2022,SSD,CZE,4.8531542747154575
2022,IMN,PRT,4.852857636805284
2022,MUS,HUN,4.808301359571002
2022,MDA,GRC,4.793427622309989
2022,CUB,FRA,4.775896594308421
2022,QAT,FRA,4.7753662020842045
2022,CPV,AUT,4.765874632929536
2022,PER,BEL,4.758010758062345
2022,BFA,FIN,4.743228905652606
2022,LAO,PRT,4.743036368643163
2022,KOR,GRC,4.742221719032016
2022,BMU,HUN,4.7345051834827245
2022,NGA,SVK,4.724856265013077
2022,NER,BGR,4.684782207627424
2022,VGB,BGR,4.682870063267862
2022,TCD,DNK,4.672218950627475
2022,BLZ,HUN,4.657573925419952
2022,MLI,FIN,4.626782923524559
2022,NGA,PRT,4.600205426703724
2022,LBY,FIN,4.597450064994414
2022,SAU,DNK,4.57453439594266
2022,BFA,BEL,4.565361963675181
2022,WSM,FIN,4.553539739675518
2022,SLB,ESP,4.551277453491269
2022,MNG,ROU,4.52961406226345
2022,CUB,LUX,4.520078615376996
2022,QAT,LUX,4.519576633287747
2022,KAZ,ROU,4.455668097616806
2022,MLI,BEL,4.453282604191467
2022,NCL,CZE,4.440173564275621
2022,MUS,DNK,4.431475096741241
2022,LBY,BEL,4.425049702241531
2022,CHE,HRV,4.416220935811446
2022,SSD,ROU,4.415378961275633
2022,WSM,BEL,4.3827859757777725
2022,SLB,ITA,4.375532357076267
2022,BMU,DNK,4.363462322142789
2022,AGO,AUT,4.350479815244274
2022,CYM,BGR,4.350086323777834
2022,MWI,GRC,4.3315456721763255
2022,CAF,POL,4.325918553654472
2022,DZA,HUN,4.321816371258938
2022,BLZ,DNK,4.292560161738982
2022,NER,FIN,4.256267415885397
2022,VGB,FIN,4.254530174457435
2022,EGY,BGR,4.252745626427167
2022,CYP,BGR,4.238246335080329
2022,MYS,SVK,4.1996154744572145
2022,LIE,AUT,4.199080272714699
2022,ISL,FRA,4.196755313184518
2022,DJI,DEU,4.192373567243162
2022,GUY,SVK,4.180661441899287
2022,GIN,AUT,4.177623820269435
2022,GNQ,SVK,4.161362201444101
2022,BHS,AUT,4.113022969689481
2022,LTU,POL,4.107572281052482
2022,NER,BEL,4.096661104539238
2022,VGB,BEL,4.094989008147793
2022,MYS,PRT,4.088821503147575
2022,CPV,GRC,4.085219167709519
2022,VCT,HUN,4.0849532728708375
2022,GUY,PRT,4.0703675145942
2022,GNQ,PRT,4.051577425394955
2022,MNE,CZE,4.04507232308758
2022,SDN,HUN,4.04088363361809
2022,NCL,ROU,4.039650880718039
2022,CAF,ESP,3.9972243012343127
2022,ISR,AUT,3.995181540469345
2022,PER,SVK,3.989649997050439
2022,DZA,DNK,3.9831159051210827
2022,ISL,LUX,3.971958682627644
2022,VUT,CZE,3.954605156663318
2022,CYM,FIN,3.9521860047280937
2022,TLS,LVA,3.9314307846914898
2022,SWE,HUN,3.9257965684579155
2022,TTO,CZE,3.9152329244076305
2022,PER,PRT,3.8843953207599067
2022,BRA,CZE,3.8693345300632673
2022,EGY,FIN,3.8637490144879374
2022,HKG,LVA,3.8570950380844935
2022,CYP,FIN,3.8505759663977828
2022,CAF,ITA,3.842873665090621
2022,PYF,BGR,3.8301651401680816
2022,BFA,SVK,3.8281116355290536
2022,CUB,POL,3.8159769774033245
2022,QAT,POL,3.8155531900627406
2022,CYM,BEL,3.8039824807638114
2022,OMN,CZE,3.8038549066063965
2022,IMN,AUT,3.798021055128532
2022,LTU,ESP,3.7954685316553176
2022,VCT,DNK,3.764815752250155
2022,MLI,SVK,3.7341317269136898
2022,AGO,GRC,3.729150449567029
2022,BFA,PRT,3.7271186533628193
2022,SDN,DNK,3.7241998477411364
2022,EGY,BEL,3.7188618004308065
2022,LAO,AUT,3.71207097787565
2022,LBY,SVK,3.7104580946104377
2022,CYP,BEL,3.70618273014078
2022,LBR,SVN,3.7026125347934835
2022,MNE,ROU,3.680189464664488
2022,PRK,FRA,3.679826640537544
2022,WSM,SVK,3.675019444986589
2022,JEY,HUN,3.6728893370927884
2022,LTU,ITA,3.6489085845081286
2022,COG,CZE,3.647697156752989
2022,MLI,PRT,3.635618116338055
2022,LBR,EST,3.624757490940403
2022,SWE,DNK,3.6181321483447215
2022,LBY,PRT,3.6125690402005177
2022,SLE,DEU,3.6032208809545647
2022,NGA,AUT,3.600286341809765
2022,LIE,GRC,3.599373575276048
2022,MRT,DEU,3.598332388511257
2022,VUT,ROU,3.5978828243425443
2022,GIN,GRC,3.5809815029804826
2022,WSM,PRT,3.578065330633338
2022,TCD,BGR,3.5746472782067813
2022,TTO,ROU,3.562062136163327
2022,COD,SVN,3.5587362058843515
2022,XKV,HUN,3.544733598601053
2022,ARG,DEU,3.531526890011913
2022,SWZ,HUN,3.5293190208369
2022,CUB,ESP,3.5260293780014536
2022,QAT,ESP,3.5256377910967704
2022,BHS,GRC,3.5256068543868944
2022,BRA,ROU,3.5203039736832533
2022,SAU,BGR,3.499910235440405
2022,COD,EST,3.483906457762698
2022,PRK,LUX,3.482718978047074
2022,PYF,FIN,3.4798217635422737
2022,OMN,ROU,3.460730892870637
2022,NER,SVK,3.4351002540182694
2022,VGB,SVK,3.433698180819529
2022,ISR,GRC,3.4245953711904797
2022,MUS,BGR,3.3904576306039296
2022,CUB,ITA,3.3898736768095508
2022,QAT,ITA,3.389497210819605
2022,JEY,DNK,3.3850452401480338
2022,ASM,HRV,3.360342434920711
2022,ISL,POL,3.353238776985336
2022,PYF,BEL,3.349331486134379
2022,NER,PRT,3.3444756715286967
2022,VGB,PRT,3.3431105877302247
2022,BMU,BGR,3.3384220384857577
2022,GIB,CZE,3.332040750350748
2022,COG,ROU,3.3186592412573557
2022,MNG,HUN,3.2899567062529886
2022,BLZ,BGR,3.2841758189946075
2022,URY,CZE,3.268490246236263
2022,XKV,DNK,3.2669330584936622
2022,IMN,GRC,3.255593067129849
2022,SYC,CZE,3.25454843751746
2022,SWZ,DNK,3.2527265201799493
2022,TWN,CZE,3.251507523570537
2022,TCD,FIN,3.2476759984153674
2022,KAZ,HUN,3.2362481520703392
2022,KWT,FRA,3.235821338145069
2022,SSD,HUN,3.2069852805601453
2022,MYS,AUT,3.200058877029013
2022,GMB,DEU,3.193642591001041
2022,CYM,SVK,3.1896856616902176
2022,GUY,AUT,3.185616121374024
2022,LAO,GRC,3.1819182581800898
2022,SAU,FIN,3.1797751172669866
2022,GNQ,AUT,3.1709103212563314
2022,BEN,DEU,3.1285073924796687
2022,TCD,BEL,3.125890984480405
2022,EGY,SVK,3.1183109340345356
2022,CYP,SVK,3.1076793791017323
2022,CYM,PRT,3.105535590371189
2022,ISL,ESP,3.0984511985052987
2022,NGA,GRC,3.086098545517804
2022,MUS,FIN,3.0803340899358136
2022,KWT,LUX,3.062496548011643
2022,SAU,BEL,3.0605363270812176
2022,PAN,CZE,3.0604734138569114
2022,DZA,BGR,3.047424484914397
2022,PER,AUT,3.040067588795171
2022,EGY,PRT,3.036043865951449
2022,BMU,FIN,3.0330581685838482
2022,MNG,DNK,3.032123014522895
2022,GIB,ROU,3.0314763954365227
2022,CYP,PRT,3.025692791981574
2022,BLZ,FIN,2.9837738248892287
2022,KAZ,DNK,2.9826235962161296
2022,ISL,ITA,2.9788061954961362
2022,YEM,CZE,2.9778370332052067
2022,URY,ROU,2.9736584191345
2022,MUS,BEL,2.964824251438927
2022,SYC,ROU,2.960974221308801
2022,TWN,ROU,2.9582076108315185
2022,SSD,DNK,2.9556540540308345
2022,PRK,POL,2.940208914460401
2022,FSM,CZE,2.9401937925229986
2022,NCL,HUN,2.9340858455605265
2022,BMU,BEL,2.9193211358543616
2022,BFA,AUT,2.9169772080421463
2022,VCT,BGR,2.880406188995841
2022,BLZ,BEL,2.871884912011154
2022,PRI,SVN,2.8612259091842316
2022,SDN,BGR,2.8493315467242986
2022,MLI,AUT,2.845365594394152
2022,TJK,CZE,2.842206169308146
2022,LBY,AUT,2.827326557805133
2022,PYF,SVK,2.8084552627659014
2022,PRI,EST,2.801062749647601
2022,WSM,AUT,2.800322712808259
2022,PAN,ROU,2.7844055964776646
2022,DZA,FIN,2.7686780222983702
2022,SWE,BGR,2.768180680945174
2022,MYS,GRC,2.7430310004193528
2022,PYF,PRT,2.7343627860380155
2022,GUY,GRC,2.7306509386718973
2022,GNQ,GRC,2.7180454000993532
2022,PRK,ESP,2.716804391441532
2022,YEM,ROU,2.7092233714932967
2022,BGD,CZE,2.707666388613253
2022,NCL,DNK,2.704141729889932
2022,FSM,ROU,2.674975712438156
2022,MNE,HUN,2.6730012409720234
2022,DZA,BEL,2.6648550141868608
2022,DJI,FRA,2.6381867105008374
2022,TCD,SVK,2.621097679503992
2022,NER,AUT,2.617507038016742
2022,VCT,FIN,2.6169368101631587
2022,VGB,AUT,2.6164386743026924
2022,VUT,HUN,2.61322014713618
2022,PRK,ITA,2.6118964717214688
2022,PER,GRC,2.6058894413771956
2022,JEY,BGR,2.589849251965583
2022,SDN,FIN,2.5887045505833384
2022,TTO,HUN,2.5872028062153225
2022,TJK,ROU,2.5858269927565356
2022,KWT,POL,2.585445368324613
2022,SAU,SVK,2.5662970029275303
2022,BRA,HUN,2.5568729492333198
2022,TCD,PRT,2.5519480578614866
2022,VCT,BEL,2.5188039649999894
2022,SWE,FIN,2.5149765157508503
2022,MHL,SVN,2.5140684337091823
2022,OMN,HUN,2.51360373158309
2022,BFA,GRC,2.5003786544717874
2022,XKV,BGR,2.499483326666393
2022,SAU,PRT,2.4985931290267627
2022,DJI,LUX,2.4968738535331294
2022,SDN,BEL,2.4916303905008297
2022,SWZ,BGR,2.4886141092661607
2022,MUS,SVK,2.48604126124874
2022,MNE,DNK,2.4635183086741472
2022,BGD,ROU,2.463423276841344
2022,MHL,EST,2.461204974106869
2022,BMU,SVK,2.4478863443751018
2022,MLI,GRC,2.438994510062271
2022,CYM,AUT,2.430503930349286
2022,LBY,GRC,2.4235317831304104
2022,SWE,BEL,2.420667092592177
2022,MUS,PRT,2.4204546888950014
2022,COG,HUN,2.410414016837285
2022,BRB,SVN,2.4093399787030996
2022,VUT,DNK,2.40842225524934
2022,BLZ,SVK,2.408110492671645
2022,WSM,GRC,2.4003845890307454
2022,KWT,ESP,2.3889966784164995
2022,TTO,DNK,2.3844438916335267
2022,BMU,PRT,2.3833063724568384
2022,EGY,AUT,2.376117205607632
2022,CYP,AUT,2.368016082553328
2022,IRN,SVN,2.35924413101596
2022,BRB,EST,2.3586786502664276
2022,BRA,DNK,2.35649098355801
2022,JEY,FIN,2.352956977434144
2022,BLZ,PRT,2.3445798845818686
2022,ECU,DEU,2.3206004872308936
2022,MNG,BGR,2.3198335513785726
2022,OMN,DNK,2.31661277166291
2022,IRN,EST,2.3096361708110136
2022,KWT,ITA,2.2967468747352577
2022,KAZ,BGR,2.281962260929025
2022,XKV,FIN,2.270856780176081
2022,SLE,FRA,2.267443320749784
2022,JEY,BEL,2.2647231454801546
2022,MRT,FRA,2.2643670787137484
2022,SSD,BGR,2.2613282534936068
2022,SWZ,FIN,2.2609817649018464
2022,NER,GRC,2.243678389993156
2022,VGB,GRC,2.242762608471635
2022,DZA,SVK,2.2345134006843175
2022,ARG,FRA,2.22232755730601
2022,COG,DNK,2.221510028107613
2022,GIB,HUN,2.201826901789134
2022,XKV,BEL,2.185701633925966
2022,SWZ,BEL,2.1761969231012412
2022,DZA,PRT,2.1755626193301225
2022,URY,HUN,2.159832454522304
2022,LBR,LVA,2.1522718701319064
2022,SYC,HUN,2.150619647177908
2022,TWN,HUN,2.1486101981237042
2022,SLE,LUX,2.145989106613943
2022,MRT,LUX,2.143077641600362
2022,PYF,AUT,2.140010734081419
2022,VCT,SVK,2.1120478163074314
2022,DJI,POL,2.1079308461912807
2022,MNG,FIN,2.1076394840585038
2022,ARG,LUX,2.1032899414348574
2022,SDN,SVK,2.0892624429795723
2022,CYM,GRC,2.0833828013123545
2022,KAZ,FIN,2.0732322624644017
2022,NCL,BGR,2.0688998047358718
2022,COD,LVA,2.0686387671325823
2022,VCT,PRT,2.0563279137144934
2022,SSD,FIN,2.0544856378372165
2022,MLT,SVN,2.0511305187569744
2022,EGY,GRC,2.0367635115709937
2022,SDN,PRT,2.0341436625641576
2022,CYP,GRC,2.029819379437775
2022,SWE,SVK,2.029758852994575
2022,GIB,DNK,2.0292698716130437
2022,MNG,BEL,2.0286048438846738
2022,PAN,HUN,2.0223740343305328
2022,GMB,FRA,2.0097029299821756
2022,MLT,EST,2.0080012809591765
2022,TCD,AUT,1.997246402169944
2022,KAZ,BEL,1.9954878630545352
2022,TGO,CZE,1.9937808506139874
2022,URY,DNK,1.9905665264298342
2022,JOR,CZE,1.9892237987730488
2022,SYC,DNK,1.9820757261940087
2022,TWN,DNK,1.9802237575306576
2022,SSD,BEL,1.9774442204805376
2022,SWE,PRT,1.9762098922642524
2022,BEN,FRA,1.9687144988777603
2022,YEM,HUN,1.967767557514108
2022,SAU,AUT,1.9554889144636758
2022,DJI,ESP,1.9477649195681555
2022,FSM,HUN,1.9428927416836341
2022,GMB,LUX,1.9020544221787838
2022,JEY,SVK,1.8989979531623769
2022,MUS,AUT,1.8943349587851614
2022,MNE,BGR,1.8848022984308015
2022,NCL,FIN,1.8796585274107296
2022,TJK,HUN,1.87814209755837
2022,DJI,ITA,1.872553039589122
2022,BMU,AUT,1.865261349263906
2022,PAN,DNK,1.863880713631367
2022,BEN,LUX,1.8632615113076159
2022,MMR,DEU,1.8591595020510798
2022,JEY,PRT,1.8488987176444087
2022,VUT,BGR,1.8426491032367982
2022,BLZ,AUT,1.8349526059731918
2022,PYF,GRC,1.8343774319131971
2022,XKV,SVK,1.8327374528461728
2022,SWZ,SVK,1.824767637004632
2022,TTO,BGR,1.8243036033488684
2022,TGO,ROU,1.8139332736772265
2022,YEM,DNK,1.8135537428288644
2022,SLE,POL,1.8117041143352173
2022,JOR,ROU,1.8097872874412746
2022,MRT,POL,1.809246174018749
2022,NCL,BEL,1.8091729740287474
2022,BRA,BGR,1.8029172368651893
2022,FSM,DNK,1.7906283646868826
2022,BGD,HUN,1.7892376300894044
2022,NLD,SVN,1.7859505478668758
2022,XKV,PRT,1.7843862973644955
2022,SWZ,PRT,1.7766267406652645
2022,ARG,POL,1.7756562830600209
2022,OMN,BGR,1.7724069925643675
2022,NLD,EST,1.7483972643631334
2022,TJK,DNK,1.7309522243035638
2022,MNE,FIN,1.7124003321084424
2022,TCD,GRC,1.7120024996897913
2022,DZA,AUT,1.7026736107605955
2022,MNG,SVK,1.7010098801703772
2022,COG,BGR,1.6996452562261586
2022,CIV,DEU,1.690073237654
2022,SAU,GRC,1.676208757237069
2022,VUT,FIN,1.6741028695524283
2022,SLE,ESP,1.6740462453573386
2022,KAZ,SVK,1.6732408882135184
2022,MRT,ESP,1.671775065573875
2022,PRI,LVA,1.6631867311423352
2022,SSD,SVK,1.6581110740532317
2022,TTO,FIN,1.6574354237800304
2022,SLB,CZE,1.6566450615292414
2022,MNG,PRT,1.6561339525986114
2022,BGD,DNK,1.6490151941310385
2022,MNE,BEL,1.6481868149934913
2022,NOR,SVN,1.640914163308543
2022,ARG,ESP,1.6407374196379352
2022,BRA,FIN,1.6380052580275082
2022,KAZ,PRT,1.6290975603087647
2022,MUS,GRC,1.6237887228968961
2022,SSD,PRT,1.614366899882002
2022,VUT,BEL,1.6113254738403922
2022,OMN,FIN,1.6102857712055036
2022,SLE,ITA,1.6094038626856744
2022,VCT,AUT,1.609356238539404
2022,MRT,ITA,1.6072203832707554
2022,NOR,EST,1.6064105680921847
2022,GMB,POL,1.605767620968038
2022,BMU,GRC,1.5988673651108383
2022,TTO,BEL,1.595283042729753
2022,SDN,AUT,1.5919940451129548
2022,ARG,ITA,1.5773812391034396
2022,BRA,BEL,1.5765814912257226
2022,BEN,POL,1.5730175589962752
2022,BLZ,GRC,1.572887273610969
2022,GIB,BGR,1.5525650873733978
2022,OMN,BEL,1.5499014609537354
2022,SWE,AUT,1.5466529912701157
2022,COG,FIN,1.5441795161494325
2022,TLS,HRV,1.5420149180159575
2022,AUS,SVN,1.5339675691791888
2022,URY,BGR,1.522953716635287
2022,NCL,SVK,1.5170135835163552
2022,SYC,BGR,1.516457527934902
2022,TWN,BGR,1.515040613442724
2022,HKG,HRV,1.5128584005831225
2022,SLB,ROU,1.507208577540275
2022,AUS,EST,1.501712746065673
2022,COG,BEL,1.4862741327355384
2022,GMB,ESP,1.4837573285438532
2022,IDN,SVN,1.4820559357385028
2022,NCL,PRT,1.4769918337940986
2022,MHL,LVA,1.4613894158819012
2022,ECU,FRA,1.4603129391019796
2022,DZA,GRC,1.4595001771493732
2022,CAF,CZE,1.4549721404887757
2022,BEN,ESP,1.453495699260549
2022,IDN,EST,1.450892661486779
2022,JEY,AUT,1.4470146837104432
2022,GMB,ITA,1.4264628486036386
2022,PAN,BGR,1.4260282299034128
2022,MDA,SVN,1.4213400988971463
2022,GIB,FIN,1.4105527001169391
2022,KOR,SVN,1.406156599872255
2022,BRB,LVA,1.4005123714723546
2022,BEN,ITA,1.3973697556291873
2022,XKV,AUT,1.3965249416083625
2022,MDA,EST,1.391453499991665
2022,SWZ,AUT,1.3904520332463641
2022,YEM,BGR,1.387523790984642
2022,URY,FIN,1.383649867322039
2022,ECU,LUX,1.3820921700146258
2022,MNE,SVK,1.3820247275471154
2022,LTU,CZE,1.381533923916925
2022,VCT,GRC,1.379510259864461
2022,SYC,FIN,1.3777478819004167
2022,KOR,EST,1.3765892652622727
2022,TWN,FIN,1.3764605719003202
2022,IRN,LVA,1.3713924236586803
2022,FSM,BGR,1.3699839150834732
2022,SDN,GRC,1.3646277103132969
2022,GIB,BEL,1.357658205615776
2022,VUT,SVK,1.3511160438343806
2022,MNE,PRT,1.345564244689966
2022,TTO,SVK,1.3376642698709043
2022,URY,BEL,1.331764205558013
2022,SYC,BEL,1.326083539435843
2022,SWE,GRC,1.3257622015642643
2022,TWN,BEL,1.3248445024366176
2022,TJK,BGR,1.3243265614685555
2022,CAF,ROU,1.3237274182331595
2022,BRA,SVK,1.3219827910561572
2022,TGO,HUN,1.3174989869772125
2022,VUT,PRT,1.3154709917797216
2022,JOR,HUN,1.3144876674622363
2022,TTO,PRT,1.30237410160683
2022,OMN,SVK,1.2996112605766241
2022,MNG,AUT,1.2961500404169275
2022,PAN,FIN,1.2955901085836201
2022,BRA,PRT,1.2871063305051964
2022,MWI,SVN,1.2843835432945772
2022,CUB,CZE,1.2834592519496322
2022,QAT,CZE,1.2833167160312153
2022,KAZ,AUT,1.274990386691921
2022,OMN,PRT,1.2653250042291617
2022,SSD,AUT,1.2634616416423086
2022,BGD,BGR,1.2616377223996527
2022,YEM,FIN,1.260607652308473
2022,MWI,EST,1.2573767376545828
2022,LTU,ROU,1.256913643510541
2022,PAN,BEL,1.2470066108748452
2022,COG,SVK,1.2462589705659484
2022,FSM,FIN,1.2446721404814187
2022,JEY,GRC,1.2403540959736425
2022,TGO,DNK,1.2142466776026366
2022,COG,PRT,1.2133802507238396
2022,YEM,BEL,1.2133359661618817
2022,JOR,DNK,1.211471355000948
2022,CPV,SVN,1.2113431709751312
2022,TJK,FIN,1.2031910432021609
2022,FSM,BEL,1.1979980221127913
2022,XKV,GRC,1.1970752273305236
2022,MLT,LVA,1.192290707171154
2022,SWZ,GRC,1.1918696431397937
2022,CPV,EST,1.1858721893881639
2022,MMR,FRA,1.1699362693572743
2022,CUB,ROU,1.167685727246992
2022,QAT,ROU,1.1675560486792445
2022,ECU,POL,1.1668009232147691
2022,TJK,BEL,1.158072429758488
2022,NCL,AUT,1.155946970390792
2022,BGD,FIN,1.1462363223115637
2022,GIB,SVK,1.1384129484894938
2022,ISL,CZE,1.1278226671185756
2022,URY,SVK,1.1167005139223745
2022,SYC,SVK,1.111937206159954
2022,MNG,GRC,1.1110357273673985
2022,TWN,SVK,1.1108982585384233
2022,GIB,PRT,1.1083794151051622
2022,MMR,LUX,1.1072693489171999
2022,AGO,SVN,1.1057621990828435
2022,BGD,BEL,1.1032534611660596
2022,SLB,HUN,1.0947182031934122
2022,KAZ,GRC,1.0928980654192164
2022,URY,PRT,1.0872397965177734
2022,LSO,DEU,1.0871442900054469
2022,SSD,GRC,1.0830158394095568
2022,SYC,PRT,1.082602154018465
2022,AGO,EST,1.0825112745824552
2022,TWN,PRT,1.0815906158427926
2022,ECU,ESP,1.078144432709362
2022,LIE,SVN,1.0672809514510258
2022,CIV,FRA,1.0635332667369848
2022,GIN,SVN,1.0618273612614435
2022,MNE,AUT,1.053087008693897
2022,PAN,SVK,1.0456302380082838
2022,BHS,SVN,1.0454077520152156
2022,LIE,EST,1.0448391743279946
2022,GIN,EST,1.039500257088762
2022,ARE,DEU,1.0383614578831104
2022,NLD,LVA,1.0381456578293946
2022,ECU,ITA,1.03651247350405
2022,VUT,AUT,1.0295349458219976
2022,ISL,ROU,1.0260882293376294
2022,BHS,EST,1.023425903897793
2022,TTO,AUT,1.0192848481772425
2022,PAN,PRT,1.018044491814377
2022,YEM,SVK,1.0173969921392756
2022,ISR,SVN,1.0154559757856307
2022,SLB,DNK,1.0089252092622063
2022,BRA,AUT,1.007335740981289
2022,CIV,LUX,1.0065657580293579
2022,FSM,SVK,1.0045359391610906
2022,ISR,EST,0.9941039253664332
2022,NCL,GRC,0.9908562612343547
2022,YEM,PRT,0.9905560935276805
2022,OMN,AUT,0.9902888910639148
2022,PRK,CZE,0.9889049007043148
2022,FSM,PRT,0.9780343399790132
2022,TJK,SVK,0.9710578434782106
2022,IMN,SVN,0.9653436614889932
2022,CAF,HUN,0.9614518669811223
2022,NOR,LVA,0.9538382322759011
2022,COG,AUT,0.9496350573267782
2022,TJK,PRT,0.9454394611513787
2022,IMN,EST,0.9450453255458532
2022,LAO,SVN,0.9434977156460861
2022,MMR,POL,0.9347877996807787
2022,TGO,BGR,0.9290026060488807
2022,JOR,BGR,0.9268792467865886
2022,AFG,DEU,0.9265180512790353
2022,BGD,SVK,0.9250914703437042
2022,LAO,EST,0.9236587356457105
2022,NGA,SVN,0.9150853955689391
2022,LTU,HUN,0.9129235766682574
2022,MNE,GRC,0.9026866135875959
2022,BGD,PRT,0.9006857697629149
2022,PRK,ROU,0.8997014407765151
2022,NGA,EST,0.8958438430349234
2022,AUS,LVA,0.891671817619213
2022,CAF,DNK,0.8861029470961346
2022,VUT,GRC,0.8824982229785376
2022,TTO,GRC,0.8737120297623079
2022,KWT,CZE,0.8695843287410442
2022,GIB,AUT,0.8674576240838859
2022,MMR,ESP,0.8637602541603038
2022,BRA,GRC,0.8634694771326935
2022,IDN,LVA,0.8614963814003058
2022,URY,AUT,0.8509129977005856
2022,CIV,POL,0.849771007481071
2022,OMN,GRC,0.8488572341772556
2022,CUB,HUN,0.8481154103518643
2022,QAT,HUN,0.8480212220020945
2022,SYC,AUT,0.8472834117582855
2022,TWN,AUT,0.8464917455737817
2022,LBR,HRV,0.844180023286342
2022,TGO,FIN,0.844027181233893
2022,JOR,FIN,0.8420980446295065
2022,LTU,DNK,0.8413778157187458
2022,MMR,ITA,0.8304066230758258
2022,MDA,LVA,0.8262031967969486
2022,KOR,LVA,0.8173772617215489
2022,COG,GRC,0.8140095233968865
2022,MYS,SVN,0.8133595123597861
2022,TGO,BEL,0.8123768989772235
2022,COD,HRV,0.8113768278270475
2022,JOR,BEL,0.8105201033108993
2022,GUY,SVN,0.809688594683553
2022,GNQ,SVN,0.8059508189512228
2022,GAB,DEU,0.8001774381279937
2022,PAN,AUT,0.7967582616979562
2022,MYS,EST,0.796256955743874
2022,GUY,EST,0.7926632266619046
2022,KWT,ROU,0.7911440957444764
2022,GNQ,EST,0.7890040453519772
2022,CIV,ESP,0.785203253241603
2022,CUB,DNK,0.7816486611546517
2022,QAT,DNK,0.7815618543396884
2022,YEM,AUT,0.775244851810795
2022,PER,SVN,0.7726944992521191
2022,SLB,BGR,0.7719141143244146
2022,FSM,AUT,0.7654448767890104
2022,PER,EST,0.7564470081741299
2022,CIV,ITA,0.7548830578994219
2022,MWI,LVA,0.7465924518746457
2022,ISL,HUN,0.7452700837010621
2022,GIB,GRC,0.7435685547827638
2022,BFA,SVN,0.7414085961132336
2022,TJK,AUT,0.739934951433315
2022,URY,GRC,0.729386808507557
2022,SYC,GRC,0.7262755948889942
2022,BFA,EST,0.7258189554956886
2022,TWN,GRC,0.7255969933477332
2022,MLI,SVN,0.7232070600183393
2022,LBY,SVN,0.7186220750017178
2022,WSM,SVN,0.7117585030980382
2022,GRL,DEU,0.7111755668372898
2022,DJI,CZE,0.7089779008193078
2022,MLI,EST,0.7080001441330059
2022,BGD,AUT,0.7049091017362266
2022,CPV,LVA,0.7041352038504819
2022,LBY,EST,0.7035115678564782
2022,SLB,FIN,0.701307498844209
2022,WSM,EST,0.6967923166686522
2022,ISL,DNK,0.6868633160218934
2022,LSO,FRA,0.684120718797311
2022,PAN,GRC,0.6829663752020757
2022,TGO,SVK,0.6811879286141489
2022,JOR,SVK,0.6796309828228598
2022,CAF,BGR,0.6779445744131515
2022,SLB,BEL,0.6750090800483964
2022,PNG,DEU,0.6706387315402002
2022,NER,SVN,0.6652922117533602
2022,VGB,SVN,0.6650206655653446
2022,YEM,GRC,0.6645254800457969
2022,TGO,PRT,0.6632168747692483
2022,JOR,PRT,0.6617010042164853
2022,FSM,GRC,0.6561251235770285
2022,PRK,HUN,0.6534726243827207
2022,ARE,FRA,0.6534225433266619
2022,PRI,HRV,0.652347425485435
2022,NER,EST,0.6513030746685476
2022,VGB,EST,0.6510372382976349
2022,LSO,LUX,0.6474762110756809
2022,DJI,ROU,0.6450250558891353
2022,LTU,BGR,0.6437260219790555
2022,AGO,LVA,0.6427626044521944
2022,TJK,GRC,0.6342584896312112
2022,LIE,LVA,0.6203940454881491
2022,ARE,LUX,0.6184223645913718
2022,CYM,SVN,0.6177615998780625
2022,GIN,LVA,0.6172239571664663
2022,CAF,FIN,0.6159333078820622
2022,SLE,CZE,0.6093455021107127
2022,MRT,CZE,0.6085188026157755
2022,BHS,LVA,0.607679490180756
2022,CYM,EST,0.6047718916660099
2022,BGD,GRC,0.6042349821811416
2022,EGY,SVN,0.6039381167439688
2022,PRK,DNK,0.6022600175818718
2022,CYP,SVN,0.6018790529110143
2022,CUB,BGR,0.5980281079796576
2022,QAT,BGR,0.597961693338538
2022,ARG,CZE,0.5972212354191582
2022,CAF,BEL,0.5928363466950396
2022,EGY,EST,0.5912390756961128
2022,ISR,LVA,0.5902689821047288
2022,CYP,EST,0.5892233079152038
2022,LTU,FIN,0.58484471010117
2022,AFG,FRA,0.5830414610525358
2022,KWT,HUN,0.5746250756971472
2022,MHL,HRV,0.5731969869838
2022,SLB,SVK,0.5660033386138925
2022,LTU,BEL,0.5629135441830756
2022,IMN,LVA,0.5611394625035434
2022,FRO,DEU,0.5561677958692276
2022,SLE,ROU,0.5543799265118813
2022,MRT,ROU,0.5536277988541516
2022,AFG,LUX,0.5518112019264412
2022,SLB,PRT,0.5510710768292222
2022,BRB,HRV,0.5493193414686425
2022,LAO,LVA,0.5484407492916472
2022,UGA,DEU,0.5480899825913244
2022,LSO,POL,0.5466175536141777
2022,PYF,SVN,0.5439268944742576
2022,ARG,ROU,0.5433493206336201
2022,CUB,FIN,0.5433267624764342
2022,QAT,FIN,0.5432664227508275
2022,GMB,CZE,0.5400811697283859
2022,IRN,HRV,0.5378976997306318
2022,PYF,EST,0.532489712802067
2022,NGA,LVA,0.5319251034624953
2022,KWT,DNK,0.5295917461259442
2022,BEN,CZE,0.5290660691948955
2022,ISL,BGR,0.5255092085930608
2022,CUB,BEL,0.5229524833390705
2022,QAT,BEL,0.5228944063004829
2022,ARE,POL,0.5220894825952433
2022,TGO,AUT,0.5190573973128931
2022,BRN,DEU,0.5190495045228452
2022,JOR,AUT,0.5178710224576781
2022,TCD,SVN,0.5076404598028761
2022,LSO,ESP,0.5050841669087887
2022,GAB,FRA,0.5035375425048418
2022,CAF,SVK,0.4971005004214129
2022,SAU,SVN,0.49702695200714675
2022,TCD,EST,0.49696627505139074
2022,GMB,ROU,0.49136353373799635
2022,SAU,EST,0.4865759380862862
2022,LSO,ITA,0.4855806172970231
2022,CAF,PRT,0.48398602865211
2022,ARE,ESP,0.4824198008734042
2022,MUS,SVN,0.48148344062784115
2022,BEN,ROU,0.4813420424770862
2022,ISL,FIN,0.47744113219195566
2022,GAB,LUX,0.4765658621311092
2022,BMU,SVN,0.4740937963208271
2022,MYS,LVA,0.4727934079804577
2022,LTU,SVK,0.4720098659054425
2022,MUS,EST,0.47135926100268255
2022,GUY,LVA,0.4706595598454226
2022,DJI,HUN,0.4684956552928162
2022,GNQ,LVA,0.46848684814794966
2022,MLT,HRV,0.4676490971756964
2022,BLZ,SVN,0.466390217852277
2022,AFG,POL,0.46585447325210544
2022,BMU,EST,0.464124999165796
2022,ARE,ITA,0.46379142339402935
2022,PRK,BGR,0.4607804461588167
2022,LTU,PRT,0.45955733355835826
2022,ISL,BEL,0.45953750665619025
2022,BLZ,EST,0.4565834042788005
2022,PER,LVA,0.44915545964324166
2022,GRL,FRA,0.4475302353594426
2022,TGO,GRC,0.44492635496385663
2022,JOR,GRC,0.44390941648521404
2022,CUB,SVK,0.43850202946176364
2022,QAT,SVK,0.4384533311572386
2022,DZA,SVN,0.4327688430038716
2022,DJI,DNK,0.43177968145216594
2022,SLB,AUT,0.4312880593891853
2022,BFA,LVA,0.43096944405972054
2022,AFG,ESP,0.4304576700245385
2022,CUB,PRT,0.4269334985886641
2022,QAT,PRT,0.42688608503951414
2022,DZA,EST,0.4236689879869888
2022,GRL,LUX,0.4235585521247607
2022,PNG,FRA,0.4220211201884709
2022,MLI,LVA,0.42038917033080436
2022,PRK,FIN,0.41863307875226613
2022,LBY,LVA,0.4177239888721667
2022,AFG,ITA,0.4138357818856362
2022,WSM,LVA,0.4137342998085388
2022,VCT,SVN,0.4090503505381978
2022,NLD,HRV,0.40718918356133255
2022,KWT,BGR,0.4051830005945335
2022,SDN,SVN,0.40463739886402617
2022,PRK,BEL,0.40293470386685354
2022,SLE,HUN,0.40265813642595566
2022,GAB,POL,0.40233024972664166
2022,MRT,HUN,0.4021118498334353
2022,VCT,EST,0.40044922560816365
2022,PNG,LUX,0.3994158171001146
2022,SDN,EST,0.396129065319233
2022,ARG,HUN,0.3946463686937871
2022,SWE,SVN,0.3931130554501547
2022,ECU,CZE,0.39243985195697023
2022,NER,LVA,0.38672415742104144
2022,VGB,LVA,0.3865663117873395
2022,ISL,SVK,0.3853277988009569
2022,SWE,EST,0.3848470449282091
2022,CAF,AUT,0.37878488609834116
2022,ISL,PRT,0.37516210688348983
2022,NOR,HRV,0.3741215003124696
2022,GAB,ESP,0.3717601779558273
2022,SLE,DNK,0.3711018446296098
2022,MRT,DNK,0.370598370481589
2022,SLB,GRC,0.3696921095756804
2022,KWT,FIN,0.3681211049882683
2022,JEY,SVN,0.3677879697678781
2022,ARG,DNK,0.36371795861021367
2022,JEY,EST,0.36005447125950363
2022,LTU,AUT,0.3596661100576611
2022,CYM,LVA,0.3590953418352739
2022,GRL,POL,0.35757999385051986
2022,GAB,ITA,0.3574048614571622
2022,ECU,ROU,0.35704009553632493
2022,GMB,HUN,0.3568879667910802
2022,XKV,SVN,0.35495498337812564
2022,KWT,BEL,0.3543168850098515
2022,SWZ,SVN,0.35341143122057705
2022,EGY,LVA,0.3510599631351875
2022,FRO,FRA,0.34998658023588186
2022,CYP,LVA,0.34986306091416663
2022,AUS,HRV,0.34973812844351737
2022,BEN,HUN,0.34960914084094796
2022,XKV,EST,0.34749132480270445
2022,SWZ,EST,0.34598022900395276
2022,UGA,FRA,0.34490335487491164
2022,IDN,HRV,0.33790249522103266
2022,PRK,SVK,0.3378656589563028
2022,BTN,DEU,0.3374502498316041
2022,PNG,POL,0.3371980206892158
2022,CUB,AUT,0.33413352258297346
2022,QAT,AUT,0.33409641503285614
2022,FRO,LUX,0.3312397632055962
2022,GRL,ESP,0.33041015990627914
2022,DJI,BGR,0.33034840177613906
2022,MNG,SVN,0.3294426775664201
2022,PRK,PRT,0.3289521100010249
2022,GMB,DNK,0.328918680193205
2022,BRN,FRA,0.3266286944521208
2022,UGA,LUX,0.3264288177009039
2022,CAF,GRC,0.324687365134577
2022,KAZ,SVN,0.3240645247583531
2022,MDA,HRV,0.3240595407998121
2022,MNG,EST,0.3225154676928543
2022,BEN,DNK,0.3222102953563604
2022,SSD,SVN,0.32113426165632575
2022,KOR,HRV,0.32059776713595883
2022,GRL,ITA,0.31765155180061816
2022,KAZ,EST,0.3172504016090356
2022,PYF,LVA,0.31617636017387013
2022,MMR,CZE,0.31440494982397466
2022,SSD,EST,0.314381753315516
2022,PNG,ESP,0.31157686070820606
2022,BRN,LUX,0.30913302828226913
2022,LTU,GRC,0.3082991056103181
2022,DJI,FIN,0.300131591193368
2022,PNG,ITA,0.2995454901786324
2022,KWT,SVK,0.2970990254360312
2022,TCD,LVA,0.29508361231632263
2022,NCL,SVN,0.2938072392667114
2022,ISL,AUT,0.29361536803043176
2022,MWI,HRV,0.2928340244349888
2022,KWT,PRT,0.2892609790480972
2022,SAU,LVA,0.28891414304090784
2022,DJI,BEL,0.28887691861099174
2022,NCL,EST,0.2876293377762066
2022,CUB,GRC,0.28641304611724694
2022,QAT,GRC,0.2863812382148825
2022,MMR,ROU,0.2860442759889579
2022,CIV,CZE,0.285810545516524
2022,SLE,BGR,0.2839246646745001
2022,MRT,BGR,0.28353946387122253
2022,MUS,LVA,0.27987893830630806
2022,FRO,POL,0.27964188633645265
2022,FJI,DEU,0.27907246992225065
2022,ARG,BGR,0.2782753600634054
2022,CPV,HRV,0.27618112796633026
2022,BMU,LVA,0.27558345142432633
2022,UGA,POL,0.27558035138372106
2022,BLZ,LVA,0.2711054794298467
2022,MNE,SVN,0.26766330520109627
2022,MNE,EST,0.26203513369558
2022,VUT,SVN,0.261677073350781
2022,BRN,POL,0.2609787614903512
2022,LCA,DEU,0.2608427518482939
2022,CIV,ROU,0.2600292094894019
2022,ECU,HUN,0.2593259471037515
2022,TTO,SVN,0.25907180427844495
2022,FRO,ESP,0.2583939872753217
2022,SLE,FIN,0.2579542111590024
2022,MRT,FIN,0.25760424448928326
2022,PRK,AUT,0.2574497612370365
2022,VUT,EST,0.2561747746820365
2022,BRA,SVN,0.25603469765775094
2022,UGA,ESP,0.25464105803913534
2022,ALB,DEU,0.2543579169131606
2022,TTO,EST,0.25362428675030585
2022,ARG,FIN,0.25282164574337546
2022,AGO,HRV,0.25210911220095467
2022,OMN,SVN,0.25170189689724154
2022,ISL,GRC,0.2516816370124899
2022,GMB,BGR,0.25165093445505204
2022,DZA,LVA,0.25156188996662476
2022,BRA,EST,0.25065104154284873
2022,FRO,ITA,0.24841624439525983
2022,SLE,BEL,0.2482811534968743
2022,MRT,BEL,0.24794431027166416
2022,BEN,BGR,0.24651844604823855
2022,OMN,EST,0.24640934682977103
2022,UGA,ITA,0.24480823247452876
2022,ARG,BEL,0.24334105480236393
2022,LIE,HRV,0.2433355502317633
2022,DJI,SVK,0.24222681622385303
2022,GIN,HRV,0.24209215469686093
2022,COG,SVN,0.24136890501970074
2022,BRN,ESP,0.24114893394236311
2022,ECU,DNK,0.23900258960300333
2022,BHS,HRV,0.23834855312214032
2022,VCT,LVA,0.23777469412690336
2022,COG,EST,0.23629362735872694
2022,DJI,PRT,0.23583640474681197
2022,SDN,LVA,0.2352095130113209
2022,BRN,ITA,0.231837099390601
2022,ISR,HRV,0.23151967461612386
2022,BHR,DEU,0.22993152285762467
2022,GMB,FIN,0.2286325436333566
2022,SWE,LVA,0.22851058896287224
2022,KWT,AUT,0.22638605355318137
2022,BEN,FIN,0.2239695214905635
2022,PRK,GRC,0.22068115096038257
2022,GIB,SVN,0.2204818527503772
2022,IMN,HRV,0.2200942785606796
2022,GMB,BEL,0.22005902289854187
2022,URY,SVN,0.21627670223146253
2022,GIB,EST,0.2158457683225891
2022,BEN,BEL,0.21557086001415884
2022,SYC,SVN,0.21535416975142332
2022,TWN,SVN,0.2151529518218402
2022,LAO,HRV,0.2151134951551575
2022,JEY,LVA,0.21378950513072764
2022,BTN,FRA,0.21235148783421612
2022,URY,EST,0.21172903974223334
2022,SYC,EST,0.21082590540499582
2022,TWN,EST,0.21062891849623505
2022,NGA,HRV,0.20863560615139146
2022,SLE,SVK,0.20818677251580625
2022,MRT,SVK,0.20790432536702902
2022,MMR,HUN,0.20776014714262392
2022,XKV,LVA,0.20632988699437024
2022,SWZ,LVA,0.20543264380255497
2022,ARG,SVK,0.20404443956530058
2022,SLE,PRT,0.20269440316879034
2022,PAN,SVN,0.20251218371486393
2022,MRT,PRT,0.20241940752158233
2022,BTN,LUX,0.20097701031609547
2022,ARG,PRT,0.198661352965923
2022,PAN,EST,0.1982539485374736
2022,YEM,SVN,0.19704411664252833
2022,PRY,DEU,0.19542935954244633
2022,FSM,SVN,0.1945532553142964
2022,KWT,GRC,0.1940539180127536
2022,YEM,EST,0.1929008588217228
2022,MNG,LVA,0.19149997497285778
2022,MMR,DNK,0.1914779980096708
2022,FSM,EST,0.19046237297596955
2022,CIV,HUN,0.18886484142400314
2022,KAZ,LVA,0.18837373724387566
2022,TJK,SVN,0.18806939322145066
2022,SSD,LVA,0.18667042025153185
2022,MYS,HRV,0.18544253432727842
2022,GUY,HRV,0.18460558059790919
2022,DJI,AUT,0.184574058798038
2022,GMB,SVK,0.1845221721221224
2022,TJK,EST,0.18411484741924047
2022,LSO,CZE,0.18384842482503266
2022,GNQ,HRV,0.18375338351406453
2022,ECU,BGR,0.1828574314339463
2022,BEN,SVK,0.18075879285525145
2022,GMB,PRT,0.17965412066159364
2022,BGD,SVN,0.1791668670104141
2022,PER,HRV,0.17617108305075851
2022,BEN,PRT,0.17599002661191868
2022,FJI,FRA,0.1756153810261879
2022,ARE,CZE,0.17559869484286939
2022,BGD,EST,0.1753995151319673
2022,CIV,DNK,0.17406351616345578
2022,NCL,LVA,0.17078564132018403
2022,BTN,POL,0.169670421603852
2022,BFA,HRV,0.16903802924290393
2022,LSO,ROU,0.1672645090359729
2022,FJI,LUX,0.16620865059217252
2022,ECU,FIN,0.16613154948754033
2022,MLI,HRV,0.1648881558710492
2022,LCA,FRA,0.1641437411096823
2022,LBY,HRV,0.16384279864781093
2022,WSM,HRV,0.16227793323588122
2022,ALB,FRA,0.16006294891135958
2022,ECU,BEL,0.15990176145472884
2022,ARE,ROU,0.15975894005185395
2022,SLE,AUT,0.15863593548533889
2022,MRT,AUT,0.15842071399393484
2022,DJI,GRC,0.15821345313067892
2022,BTN,ESP,0.156778433071202
2022,AFG,CZE,0.15668470677315155
2022,MNE,LVA,0.1555885734835558
2022,ARG,AUT,0.15547952523528172
2022,LCA,LUX,0.15535148204884675
2022,VUT,LVA,0.15210886873496265
2022,NER,HRV,0.1516838150177922
2022,VGB,HRV,0.15162190363355524
2022,ALB,LUX,0.1514892749877856
2022,BTN,ITA,0.1507245193914821
2022,TTO,LVA,0.15059446578682212
2022,BRA,LVA,0.14882904229600694
2022,MMR,BGR,0.1464970523973047
2022,OMN,LVA,0.14631045167705886
2022,AZE,DEU,0.14590918091625504
2022,BHR,FRA,0.14469185014137398
2022,AFG,ROU,0.14255107476062606
2022,CYM,HRV,0.14084703621292038
2022,GMB,AUT,0.14060378110793367
2022,FJI,POL,0.1403179984408533
2022,COG,LVA,0.1403040420019042
2022,BEN,AUT,0.13773612922317777
2022,EGY,HRV,0.1376953404293678
2022,CYP,HRV,0.13722588257005428
2022,BHR,LUX,0.13694151971857407
2022,SLE,GRC,0.1359797758536253
2022,MRT,GRC,0.1357952919908078
2022,GAB,CZE,0.13531907671577303
2022,ECU,SVK,0.1340795753845708
2022,ARG,GRC,0.13327415964509273
2022,CIV,BGR,0.1331734837052609
2022,MMR,FIN,0.13309703696080388
2022,TGO,SVN,0.1319289074947001
2022,JOR,SVN,0.1316273663947409
2022,LCA,POL,0.13115207264032092
2022,ECU,PRT,0.13054229709832801
2022,FJI,ESP,0.12965628139126933
2022,TGO,EST,0.12915483087124324
2022,JOR,EST,0.12885963029310216
2022,GIB,LVA,0.12816271891535352
2022,MMR,BEL,0.1281060143006362
2022,ALB,POL,0.12789148925647537
2022,URY,LVA,0.1257183294237495
2022,SYC,LVA,0.1251820754443192
2022,TWN,LVA,0.12506511054844144
2022,FJI,ITA,0.12464967480514702
2022,PYF,HRV,0.12401303515517786
2022,GAB,ROU,0.1231127160953684
2022,PRY,FRA,0.12298024756548796
2022,LSO,HUN,0.1214878322207502
2022,LCA,ESP,0.12118680585705081
2022,CIV,FIN,0.12099216873556859
2022,GMB,GRC,0.12052294822566241
2022,GRL,CZE,0.12026785123107289
2022,ALB,ESP,0.11817396986015069
2022,BEN,GRC,0.11806485032166403
2022,PAN,LVA,0.11771722595132329
2022,LCA,ITA,0.11650724344908642
2022,CIV,BEL,0.11645506806337338
2022,PRY,LUX,0.11639288585037422
2022,ARE,HUN,0.1160363750603564
2022,TCD,HRV,0.11573988127315177
2022,BHR,POL,0.1156098667662482
2022,YEM,LVA,0.11453872243976457
2022,ALB,ITA,0.11361074647088347
2022,PNG,CZE,0.11341261280018865
2022,SAU,HRV,0.11332004631230883
2022,FSM,LVA,0.11309082295831045
2022,LSO,DNK,0.11196683876140538
2022,SMR,DEU,0.11059159578802023
2022,MUS,HRV,0.1097761913518368
2022,SLB,SVN,0.10962055985578227
2022,GRL,ROU,0.10941917565038492
2022,TJK,LVA,0.10932185338314943
2022,BMU,HRV,0.10809138365333945
2022,MMR,SVK,0.10741845396432367
2022,SLB,EST,0.10731556212389098
2022,ARE,DNK,0.10694261194185507
2022,BHR,ESP,0.10682553616505734
2022,BLZ,HRV,0.1063350002916298
2022,MMR,PRT,0.1045845475795523
2022,BGD,LVA,0.10414695145725976
2022,AFG,HUN,0.10353793015159002
2022,PNG,ROU,0.10318230910362153
2022,BHR,ITA,0.10270052635302954
2022,ECU,AUT,0.10216710030889942
2022,DZA,HRV,0.09866946879576435
2022,PRY,POL,0.09826213447429537
2022,CIV,SVK,0.09764899357746648
2022,CAF,SVN,0.09627581931624901
2022,AFG,DNK,0.09542366934252261
2022,CIV,PRT,0.09507282443563922
2022,CAF,EST,0.09425142220085493
2022,FRO,CZE,0.09405427977592148
2022,VCT,HRV,0.09326175266726425
2022,UGA,CZE,0.09268822996926167
2022,SDN,HRV,0.09225561831967674
2022,AZE,FRA,0.09181807295060636
2022,LTU,SVN,0.0914163967384367
2022,PRY,ESP,0.09079592852713238
2022,SWE,HRV,0.08962811668399062
2022,LTU,EST,0.08949417897730697
2022,GAB,HUN,0.08941942964133709
2022,BRN,CZE,0.08777715588448765
2022,ECU,GRC,0.08757573974090478
2022,PRY,ITA,0.08728989327084404
2022,AZE,LUX,0.08689989405209451
2022,LSO,BGR,0.08566421215643652
2022,FRO,ROU,0.08557018067695454
2022,CUB,SVN,0.08492677461092879
2022,QAT,SVN,0.08491734297856576
2022,UGA,ROU,0.08432735441696841
2022,JEY,HRV,0.08385410408610335
2022,CUB,EST,0.08314101450249138
2022,QAT,EST,0.08313178118959717
2022,IOT,DEU,0.08286258651109168
2022,GAB,DNK,0.08241163479315392
2022,PLW,DEU,0.08218795787985517
2022,MMR,AUT,0.08185163124004685
2022,ARE,BGR,0.08182024873875743
2022,XKV,HRV,0.0809282373777904
2022,SWZ,HRV,0.0805763140036705
2022,BRN,ROU,0.07985928026071286
2022,GRL,HUN,0.07947351491216745
2022,LSO,FIN,0.0778285475716039
2022,TGO,LVA,0.07668825019896791
2022,JOR,LVA,0.07651296898306098
2022,REU,DEU,0.07568387827064509
2022,MNG,HRV,0.07511153938094878
2022,PNG,HUN,0.07494354378450017
2022,LSO,BEL,0.07491004500079004
2022,ISL,SVN,0.07462826833495352
2022,CIV,AUT,0.07440741435283617
2022,ARE,FIN,0.07433618965240643
2022,KAZ,HRV,0.07388534325049012
2022,AZE,POL,0.0733633246805649
2022,GRL,DNK,0.07324518075031507
2022,SSD,HRV,0.07321725563655283
2022,ISL,EST,0.073059055502312
2022,AFG,BGR,0.07300727202562758
2022,ARE,BEL,0.07154864745389045
2022,MMR,GRC,0.07016169719189393
2022,SMR,FRA,0.06959333981606343
2022,PNG,DNK,0.06907022316342093
2022,AZE,ESP,0.0677889933884132
2022,NCL,HRV,0.06698680992276772
2022,AFG,FIN,0.06632933171139486
2022,SMR,LUX,0.06586561514965213
2022,PRK,SVN,0.06543604986771652
2022,AZE,ITA,0.0651713583835897
2022,PRK,EST,0.06406012233434646
2022,AFG,BEL,0.06384203969374579
2022,CIV,GRC,0.0637806528173535
2022,SLB,LVA,0.06372074991607796
2022,GAB,BGR,0.06305195221348849
2022,LSO,SVK,0.06281298551291216
2022,FRO,HUN,0.06215147381292565
2022,UGA,HUN,0.06124878220773721
2022,LSO,PRT,0.06115585757891011
2022,MNE,HRV,0.06102610335114732
2022,ARE,SVK,0.059994412711169544
2022,VUT,HRV,0.05966126776672978
2022,TTO,HRV,0.05906727741924275
2022,ARE,PRT,0.058411644174124124
2022,BRA,HRV,0.05837482993420673
2022,BRN,HUN,0.0580035232668324
2022,KWT,SVN,0.05754058197017437
2022,OMN,HRV,0.057386969656489095
2022,GAB,FIN,0.05728462024921886
2022,FRO,DNK,0.057280666878233834
2022,BTN,CZE,0.05706666305357068
2022,UGA,DNK,0.056448719155059744
2022,KWT,EST,0.05633067288826996
2022,GRL,BGR,0.05603883053804969
2022,CAF,LVA,0.055963656942522116
2022,SMR,POL,0.05560559724747554
2022,GAB,BEL,0.055136497013183565
2022,COG,HRV,0.055031091140487015
2022,AFG,SVK,0.053532328199185096
2022,BRN,DNK,0.05345779094494032
2022,LTU,LVA,0.05313894913930807
2022,PNG,BGR,0.0528446307515402
2022,IOT,FRA,0.05214396356263656
2022,AFG,PRT,0.052120041938523286
2022,BTN,ROU,0.05191900549085979
2022,PLW,FRA,0.05171943166897185
2022,SMR,ESP,0.05138054307899261
2022,GRL,FIN,0.05091298546495705
2022,GIB,HRV,0.050268931420719296
2022,SMR,ITA,0.049396511433032204
2022,CUB,LVA,0.049366631344354164
2022,QAT,LVA,0.04936114888113836
2022,IOT,LUX,0.04935090405880131
2022,URY,HRV,0.049310174859069515
2022,SYC,HRV,0.049099841349104945
2022,TWN,HRV,0.04905396451082255
2022,GRL,BEL,0.04900379296935535
2022,PLW,LUX,0.04894911195626999
2022,PNG,FIN,0.04801095760782135
2022,LSO,AUT,0.04786277531974961
2022,REU,FRA,0.04762652913682918
2022,FJI,CZE,0.047194318618902026
2022,DJI,SVN,0.046913220108505405
2022,GUF,DEU,0.04686765687176462
2022,GAB,SVK,0.04623262458439717
2022,PNG,BEL,0.04621058862269095
2022,PAN,HRV,0.046171922759321894
2022,DJI,EST,0.04592677316745635
2022,ARE,AUT,0.045715055136883405
2022,REU,LUX,0.04507544324401024
2022,GAB,PRT,0.04501291861061751
2022,YEM,HRV,0.044925226556281846
2022,FSM,HRV,0.044357320691352564
2022,LCA,CZE,0.04411146661506675
2022,FRO,BGR,0.043824611413523125
2022,ISL,LVA,0.04338026762039655
2022,UGA,BGR,0.04318810021923178
2022,ALB,CZE,0.043014807506395324
2022,FJI,ROU,0.04293718883145465
2022,TJK,HRV,0.04287902751293085
2022,IOT,POL,0.04166341555692591
2022,PLW,POL,0.041324211409514394
2022,GRL,SVK,0.041090277516578746
2022,LSO,GRC,0.04102708153609675
2022,BRN,BGR,0.04089978421807789
2022,BGD,HRV,0.04084928912860939
2022,AFG,AUT,0.040791020774103987
2022,SLE,SVN,0.04032052286765595
2022,MRT,SVN,0.04026581998435767
2022,LCA,ROU,0.040132423289716584
2022,GRL,PRT,0.040006236595221456
2022,FRO,FIN,0.0398159951319667
2022,ARG,SVN,0.03951825753428263
2022,SLE,EST,0.039472700945555855
2022,MRT,EST,0.03941914830288851
2022,UGA,FIN,0.039237705312709426
2022,ARE,GRC,0.03918609570795541
2022,ALB,ROU,0.039134687532304875
2022,BHR,CZE,0.03888402733990673
2022,PNG,SVK,0.038748141636673936
2022,ARG,EST,0.03868730489086742
2022,IOT,ESP,0.03849772367902745
2022,FRO,BEL,0.03832293008349914
2022,PLW,ESP,0.03818429312218829
2022,REU,POL,0.03805395177867876
2022,PRK,LVA,0.03803697202972122
2022,UGA,BEL,0.037766325627477317
2022,PNG,PRT,0.03772589078563611
2022,BTN,HUN,0.03770989712339542
2022,BRN,FIN,0.03715870048360488
2022,IOT,ITA,0.03701115507738379
2022,PLW,ITA,0.03670982747053922
2022,WLF,DEU,0.03588250872465918
2022,BRN,BEL,0.035765281663990796
2022,GMB,SVN,0.03573728710393794
2022,BHR,ROU,0.03537652143900924
2022,GAB,AUT,0.03522873025149322
2022,REU,ESP,0.03516251610406142
2022,BEN,SVN,0.035008415533684785
2022,GMB,EST,0.03498583714029155
2022,AFG,GRC,0.03496530495901331
2022,BTN,DNK,0.03475457495407705
2022,BEN,EST,0.034272291593901834
2022,REU,ITA,0.0338047347237674
2022,KWT,LVA,0.03344745765366262
2022,PRY,CZE,0.03304932035862849
2022,FRO,SVK,0.03213424384035265
2022,UGA,SVK,0.03166752422174673
2022,GRL,AUT,0.03131032070108948
2022,FRO,PRT,0.03128648039349443
2022,FJI,HUN,0.031186209333054472
2022,UGA,PRT,0.030832073740289262
2022,GAB,GRC,0.030197412891031904
2022,TGO,HRV,0.03007923382596917
2022,PRY,ROU,0.030068130031679723
2022,JOR,HRV,0.0300104837284655
2022,BRN,SVK,0.02998962447561984
2022,PNG,AUT,0.029525639994181133
2022,GUF,FRA,0.029492989479158002
2022,BRN,PRT,0.029198440231741393
2022,LCA,HUN,0.02914904742992813
2022,FJI,DNK,0.028742148148867375
2022,ALB,HUN,0.028424370360084168
2022,GUF,LUX,0.027913215543056584
2022,DJI,LVA,0.02726993522223204
2022,LCA,DNK,0.026864638490749812
2022,GRL,GRC,0.026838625043017175
2022,BTN,BGR,0.026590223634134356
2022,ALB,DNK,0.026196754315436922
2022,ECU,SVN,0.02596782936806772
2022,BHR,HUN,0.02569473300646112
2022,ECU,EST,0.02542180234654655
2022,PNG,GRC,0.02530882990704613
2022,SLB,HRV,0.02499302476349381
2022,AZE,CZE,0.024674896723074175
2022,FRO,AUT,0.024485925648044235
2022,BTN,FIN,0.024158028574051596
2022,UGA,AUT,0.024130290645819057
2022,BHR,DNK,0.02368103846255318
2022,GUF,POL,0.023565118428524632
2022,SLE,LVA,0.023437701445016695
2022,MRT,LVA,0.023405903498072037
2022,BTN,BEL,0.02325212359831891
2022,ARG,LVA,0.022971356913101558
2022,BRN,AUT,0.022851750262773148
2022,WLF,FRA,0.022580229585570124
2022,AZE,ROU,0.022449115296071753
2022,FJI,BGR,0.021990202671552137
2022,CAF,HRV,0.021950480269963185
2022,PRY,HUN,0.02183913346312331
2022,GUF,ESP,0.0217745810226567
2022,WLF,LUX,0.021370733403581584
2022,FRO,GRC,0.020988880426133404
2022,GUF,ITA,0.020933767453207623
2022,LTU,HRV,0.02084255244161304
2022,MMR,SVN,0.020804243118509962
2022,GMB,LVA,0.020773536800259184
2022,UGA,GRC,0.020684036711244143
2022,LCA,BGR,0.020553747132948677
2022,MMR,EST,0.02036679111803698
2022,BEN,LVA,0.020349854937019816
2022,PRY,DNK,0.02012760200306454
2022,ALB,BGR,0.020042758590958585
2022,FJI,FIN,0.019978769332597113
2022,ATG,DEU,0.019946151199688636
2022,BRN,GRC,0.019588095654922394
2022,BTN,SVK,0.019497188964580716
2022,CUB,HRV,0.019362945999610665
2022,QAT,HRV,0.01936079562725789
2022,FJI,BEL,0.01922958292891616
2022,BTN,PRT,0.01898281544445753
2022,CIV,SVN,0.01891214523845359
2022,SMR,CZE,0.018702292668448244
2022,LCA,FIN,0.018673705696261627
2022,CIV,EST,0.018514478487461034
2022,NRU,DEU,0.018218794578790005
2022,ALB,FIN,0.018209457032231487
2022,BHR,BGR,0.01811802070489595
2022,WLF,POL,0.018041771747257507
2022,LCA,BEL,0.017973458039307465
2022,ALB,BEL,0.017526618294777235
2022,SMR,ROU,0.01701526572235898
2022,ISL,HRV,0.01701493005514667
2022,WLF,ESP,0.016670912216906385
2022,BHR,FIN,0.016460774001624302
2022,AZE,HUN,0.016305278198657756
2022,FJI,SVK,0.01612423959858274
2022,WLF,ITA,0.016027174034643113
2022,BHR,BEL,0.015843509350795145
2022,FJI,PRT,0.015698851000426377
2022,PRY,BGR,0.015399337761647773
2022,ECU,LVA,0.01509470087730761
2022,LCA,SVK,0.015070963572749795
2022,AZE,DNK,0.015027434613465339
2022,PRK,HRV,0.01491914305966563
2022,BTN,AUT,0.014856634613977985
2022,ALB,SVK,0.014696283002213829
2022,LCA,PRT,0.014673362431444431
2022,ALB,PRT,0.014308566658370216
2022,IOT,CZE,0.014013002824966207
2022,PRY,FIN,0.013990767689136424
2022,PLW,CZE,0.013898915474892295
2022,PRY,BEL,0.01346612611811343
2022,BHR,SVK,0.013284975643983236
2022,KWT,HRV,0.01311900971841785
2022,BHR,PRT,0.01293449231537826
2022,REU,CZE,0.012799001873650002
2022,IOT,ROU,0.01274896991838971
2022,BTN,GRC,0.012734831099695218
2022,PLW,ROU,0.012645173736205996
2022,ATG,FRA,0.0125517609956839
2022,SMR,HUN,0.012358555674383124
2022,FJI,AUT,0.012286485840577191
2022,LSO,SVN,0.012165289793167954
2022,MMR,LVA,0.012093187397436313
2022,LSO,EST,0.011909489554435885
2022,ATG,LUX,0.011879433597772323
2022,REU,ROU,0.011644477055400218
2022,ARE,SVN,0.011619403386776849
2022,AZE,BGR,0.011497273309984754
2022,LCA,AUT,0.011483901576153746
2022,NRU,FRA,0.011464765953744668
2022,SMR,DNK,0.01139001647509158
2022,ARE,EST,0.011375081532485225
2022,PRY,SVK,0.011291510834937908
2022,ALB,AUT,0.011198399274077177
2022,PRY,PRT,0.010993618960051368
2022,CIV,LVA,0.010993339923655567
2022,NRU,LUX,0.01085066278017429
2022,FLK,DEU,0.010799543223689622
2022,DJI,HRV,0.010696016089040838
2022,FJI,GRC,0.01053174733403854
2022,AZE,FIN,0.01044562320979271
2022,AFG,SVN,0.010367860730201912
2022,AFG,EST,0.010149855134361858
2022,BHR,AUT,0.010122999236290174
2022,AZE,BEL,0.010053921460977657
2022,ATG,POL,0.010028950593796224
2022,LCA,GRC,0.009843787017568929
2022,ALB,GRC,0.009599059749921215
2022,ATG,ESP,0.00926692551701761
2022,IOT,HUN,0.009259852716870241
2022,SLE,HRV,0.00919290895644142
2022,PLW,HUN,0.009184463303784543
2022,MRT,HRV,0.009180436930037733
2022,NRU,POL,0.00916043345304931
2022,ARG,HRV,0.009009995848076791
2022,GAB,SVN,0.008954092396265994
2022,ATG,ITA,0.008909088242735508
2022,GAB,EST,0.008765814187399964
2022,SMR,BGR,0.008714337196451054
2022,BHR,GRC,0.008677246822453896
2022,PRY,AUT,0.008604001890692733
2022,IOT,DNK,0.008534158665538246
2022,PLW,DNK,0.008464677515821578
2022,NRU,ESP,0.008464400509213363
2022,REU,HUN,0.00845763565121033
2022,AZE,SVK,0.008430335652177032
2022,AZE,PRT,0.008207927107380763
2022,GMB,HRV,0.008147950555478714
2022,NRU,ITA,0.008137552300377887
2022,BEN,HRV,0.007981770915193082
2022,GRL,SVN,0.00795814957033235
2022,GUF,CZE,0.007925852134191747
2022,SMR,FIN,0.007917240933827098
2022,HTI,DEU,0.007909056263179485
2022,REU,DNK,0.007794811298806244
2022,GRL,EST,0.007790813107776417
2022,SMR,BEL,0.007620351312472304
2022,PNG,SVN,0.007504536969667774
2022,PRY,GRC,0.007375190526415718
2022,PNG,EST,0.0073467386450037165
2022,GUF,ROU,0.0072109063059907835
2022,LSO,LVA,0.0070714963469161824
2022,FLK,FRA,0.006795961990322514
2022,ARE,LVA,0.006754180952523043
2022,IOT,BGR,0.006529361609103121
2022,PLW,BGR,0.006476202584377191
2022,FLK,LUX,0.0064319404444349955
2022,AZE,AUT,0.006423819181581152
2022,SMR,SVK,0.006389757429575376
2022,FRO,SVN,0.006223591911928024
2022,SMR,PRT,0.006221183281386386
2022,UGA,SVN,0.0061332001025571625
2022,FRO,EST,0.006092728091673103
2022,WLF,CZE,0.006068139039543711
2022,AFG,LVA,0.006026678404334692
2022,UGA,EST,0.006004236956006657
2022,REU,BGR,0.005963697610890246
2022,IOT,FIN,0.005932124020218449
2022,ECU,HRV,0.005920555444199039
2022,PLW,FIN,0.005883827426102965
2022,BRN,SVN,0.00580823327461805
2022,IOT,BEL,0.005709674549637414
2022,BRN,EST,0.00568610322399704
2022,PLW,BEL,0.005663189035626669
2022,WLF,ROU,0.0055207668935823235
2022,AZE,GRC,0.005506378424051047
2022,FLK,POL,0.005430024285970555
2022,REU,FIN,0.0054182010378409536
2022,GUF,HUN,0.005237437281290511
2022,REU,BEL,0.0052150232303201744
2022,GAB,LVA,0.0052048765583623735
2022,FLK,ESP,0.005017437282502212
2022,HTI,FRA,0.004977029549359648
2022,SMR,AUT,0.004868921954626703
2022,GUF,DNK,0.00482697966436401
2022,FLK,ITA,0.0048236916785524536
2022,IOT,SVK,0.004787631682320252
2022,PLW,SVK,0.004748653012395725
2022,MMR,HRV,0.0047432795830520316
2022,HTI,LUX,0.004710438006754539
2022,IOT,PRT,0.0046613247071987576
2022,GRL,LVA,0.004625950270944018
2022,PLW,PRT,0.004623374369906962
2022,REU,SVK,0.004372860523740798
2022,PNG,LVA,0.004362272224382713
2022,CIV,HRV,0.0043118892559690725
2022,REU,PRT,0.00425749601326237
2022,SMR,GRC,0.004173549416866667
2022,WLF,HUN,0.00400985245443285
2022,HTI,POL,0.003976683707692932
2022,BTN,SVN,0.003776113362061463
2022,BTN,EST,0.003696712812143026
2022,WLF,DNK,0.0036956005800375465
2022,GUF,BGR,0.0036930524664005723
2022,HTI,ESP,0.003674525203736049
2022,IOT,AUT,0.0036481204905871563
2022,PLW,AUT,0.0036184191906787674
2022,FRO,LVA,0.0036176785114163303
2022,UGA,LVA,0.0035651351391971027
2022,HTI,ITA,0.003532635417229059
2022,BRN,LVA,0.00337623690695516
2022,ATG,CZE,0.003373120305278261
2022,GUF,FIN,0.0033552507205786503
2022,REU,AUT,0.0033320696197346677
2022,GUF,BEL,0.003229431748501281
2022,IOT,GRC,0.003127101088913779
2022,FJI,SVN,0.0031228582085293544
2022,PLW,GRC,0.0031016416865926864
2022,NRU,CZE,0.003081004716958597
2022,ATG,ROU,0.003068850398465953
2022,FJI,EST,0.0030571936917895364
2022,LCA,SVN,0.002918865228704824
2022,LCA,EST,0.0028574900839262135
2022,REU,GRC,0.0028561881558171265
2022,ALB,SVN,0.0028462990597316494
2022,WLF,BGR,0.0028274506598190276
2022,NRU,ROU,0.002803084888054084
2022,ALB,EST,0.0027864497679053984
2022,LSO,HRV,0.002773634703706426
2022,GUF,SVK,0.002707917871780883
2022,ARE,HRV,0.0026491749081084385
2022,GUF,PRT,0.0026364777656998077
2022,BHR,SVN,0.0025729644481078135
2022,WLF,FIN,0.002568825097956074
2022,GRD,DEU,0.0025373058262909407
2022,BHR,EST,0.002518862578669016
2022,WLF,BEL,0.0024724963999875242
2022,AFG,HRV,0.0023638284671716452
2022,ATG,HUN,0.0022289724488966842
2022,BTN,LVA,0.002194996773554489
2022,PRY,SVN,0.0021868806328506412
2022,PRY,EST,0.0021408969697014166
2022,WLF,SVK,0.0020732183587862736
2022,GUF,AUT,0.0020634023939960625
2022,ATG,DNK,0.0020542880239705443
2022,GAB,HRV,0.0020414952568104687
2022,NRU,HUN,0.0020359412079892945
2022,WLF,PRT,0.0020185228523145362
2022,NRU,DNK,0.0018763846287785093
2022,FLK,CZE,0.001826325197821942
2022,FJI,LVA,0.0018152695734346212
2022,GRL,HRV,0.0018144244979643987
2022,GUF,GRC,0.0017687101864592954
2022,PNG,HRV,0.0017110027404368157
2022,LCA,LVA,0.0016966915834194679
2022,FLK,ROU,0.001661582838386763
2022,ALB,LVA,0.0016545099825264345
2022,AZE,SVN,0.001632743220608849
2022,AZE,EST,0.0015984114362682517
2022,GRD,FRA,0.0015966817851584968
2022,WLF,AUT,0.0015797686367728728
2022,ATG,BGR,0.0015717061146188122
2022,GRD,LUX,0.0015111565022697005
2022,BHR,LVA,0.0014956247656145267
2022,NRU,BGR,0.0014355947948953335
2022,ATG,FIN,0.0014279429067392637
2022,FRO,HRV,0.0014189526761889835
2022,UGA,HRV,0.0013983437253407562
2022,ATG,BEL,0.0013743962946756144
2022,WLF,GRC,0.001354148317477636
2022,HTI,CZE,0.0013375110822049408
2022,BRN,HRV,0.0013242526607751173
2022,NRU,FIN,0.0013042816244433686
2022,GRD,POL,0.001275760647679256
2022,PRY,LVA,0.00127120016615058
2022,NRU,BEL,0.0012553722024796457
2022,SMR,SVN,0.0012375347263640763
2022,HTI,ROU,0.0012168618507778528
2022,SMR,EST,0.0012115130134558528
2022,FLK,HUN,0.001206843569231984
2022,GRD,ESP,0.0011788251212344174
2022,ATG,SVK,0.001152448040119974
2022,GRD,ITA,0.0011333054321570465
2022,ATG,PRT,0.001122044233897833
2022,FLK,DNK,0.0011122633177033249
2022,NRU,SVK,0.001052644888503738
2022,NRU,PRT,0.001024874082275057
2022,AZE,LVA,0.0009490885886230063
2022,IOT,SVN,0.0009272434093489374
2022,PLW,SVN,0.0009196942248688169
2022,IOT,EST,0.0009077462095693314
2022,PLW,EST,0.0009003557622196106
2022,HTI,HUN,0.0008838330929566016
2022,ATG,AUT,0.000878152203107895
2022,BTN,HRV,0.0008609379015389496
2022,FLK,BGR,0.0008509766094637898
2022,REU,SVN,0.0008469127054225998
2022,REU,EST,0.0008291046239123682
2022,HTI,DNK,0.0008145671513115006
2022,NRU,AUT,0.0008021033450094552
2022,FLK,FIN,0.0007731381853022556
2022,ATG,GRC,0.0007527357491771766
2022,FLK,BEL,0.000744146178489806
2022,SMR,LVA,0.000719359953231873
2022,FJI,HRV,0.0007119984849679374
2022,NRU,GRC,0.0006875480812852082
2022,LCA,HRV,0.000665488946948419
2022,ALB,HRV,0.0006489441668403402
2022,FLK,SVK,0.0006239756380933447
2022,HTI,BGR,0.0006232135696383098
2022,FLK,PRT,0.000607513955026096
2022,BHR,HRV,0.0005866250295724588
2022,HTI,FIN,0.0005662085219821852
2022,HTI,BEL,0.000544976196844659
2022,IOT,LVA,0.0005389923703745666
2022,PLW,LVA,0.0005346041452372296
2022,GUF,SVN,0.000524455339565753
2022,GUF,EST,0.0005134275873834275
2022,DMA,DEU,0.0005096043319381809
2022,PRY,HRV,0.0004985995499708082
2022,REU,LVA,0.0004922973644175919
2022,FLK,AUT,0.0004754622874106169
2022,HTI,SVK,0.000456969181595399
2022,HTI,PRT,0.00044491345156416
2022,GRD,CZE,0.00042908718166622593
2022,TON,DEU,0.00041943530529281535
2022,FLK,GRC,0.0004075574369145566
2022,WLF,SVN,0.0004015300647342491
2022,WLF,EST,0.000393087069280511
2022,GRD,ROU,0.00039038167905618246
2022,AZE,HRV,0.0003722585598795507
2022,HTI,AUT,0.0003482052809327835
2022,DMA,FRA,0.00032068501400676544
2022,GUF,LVA,0.0003048578439900963
2022,DMA,LUX,0.0003035077174433155
2022,HTI,GRC,0.0002984750958692113
2022,GRD,HUN,0.00028354266066707787
2022,SMR,HRV,0.00028215269199858417
2022,TON,FRA,0.0002639432365913937
2022,GRD,DNK,0.00026132144090943886
2022,DMA,POL,0.0002562297165115407
2022,TON,LUX,0.00024980527861761837
2022,DMA,ESP,0.00023676073343384464
2022,WLF,LVA,0.0002334032673467329
2022,DMA,ITA,0.0002276183468512162
2022,ATG,SVN,0.00022320009573093666
2022,ATG,EST,0.00021850685465376487
2022,IOT,HRV,0.00021140758195481888
2022,TON,POL,0.00021089261341512066
2022,PLW,HRV,0.00020968639977052736
2022,NRU,SVN,0.0002038707444547837
2022,GRD,BGR,0.0001999332624081212
2022,NRU,EST,0.00019958394274363116
2022,TON,ESP,0.00019486845830270943
2022,REU,HRV,0.0001930925206639333
2022,TON,ITA,0.00018734371907452158
2022,GRD,FIN,0.00018164546235551016
2022,GRD,BEL,0.00017483391613754308
2022,GRD,SVK,0.00014660036903458505
2022,GRD,PRT,0.00014273276801739918
2022,ATG,LVA,0.00012974279186337751
2022,FLK,SVN,0.0001208483309509626
2022,GUF,HRV,0.00011957360285659963
2022,NRU,LVA,0.00011850693646975265
2022,FLK,EST,0.00011830724623919608
2022,GRD,AUT,0.0001117078016209297
2022,GRD,GRC,9.575385160393954e-05
2022,WLF,HRV,9.154715925911238e-05
2022,HTI,SVN,8.850339583862084e-05
2022,HTI,EST,8.664242991269342e-05
2022,DMA,CZE,8.617987011676089e-05
2022,DMA,ROU,7.840607651429389e-05
2022,TON,CZE,7.093126542908526e-05
2022,FLK,LVA,7.024728102495203e-05
2022,TON,ROU,6.453296131629837e-05
2022,DMA,HUN,5.694802994105136e-05
2022,DMA,DNK,5.248501656201508e-05
2022,HTI,LVA,5.144566640031569e-05
2022,ATG,HRV,5.088867934223779e-05
2022,TON,HUN,4.687168618308926e-05
2022,NRU,HRV,4.6481668871366894e-05
2022,TON,DNK,4.319835520483321e-05
2022,DMA,BGR,4.015552857916653e-05
2022,DMA,FIN,3.648252155263347e-05
2022,DMA,BEL,3.5114458852463285e-05
2022,TON,BGR,3.305043802265055e-05
2022,TON,FIN,3.002733023693527e-05
2022,DMA,SVK,2.9443901617870667e-05
2022,TON,BEL,2.8901331574162512e-05
2022,DMA,PRT,2.8667114597502855e-05
2022,GRD,SVN,2.8392791053125167e-05
2022,GRD,EST,2.7795774224661447e-05
2022,FLK,HRV,2.7552909162824215e-05
2022,TON,SVK,2.423411868798897e-05
2022,TON,PRT,2.3594775808393915e-05
2022,DMA,AUT,2.2435915697451758e-05
2022,HTI,HRV,2.0178400536888594e-05
2022,DMA,GRC,1.923164999327836e-05
2022,TON,AUT,1.8466120792760657e-05
2022,GRD,LVA,1.6504293907054083e-05
2022,TON,GRC,1.5828815574499088e-05
2022,GRD,HRV,6.4734364687522765e-06
2022,DMA,SVN,5.70254053199384e-06
2022,DMA,EST,5.582632888668931e-06
2022,TON,SVN,4.693537081768057e-06
2022,TON,EST,4.594845811241287e-06
2022,DMA,LVA,3.3147993369449166e-06
2022,TON,LVA,2.7282811089694054e-06
2022,DMA,HRV,1.3001551617548261e-06
2022,TON,HRV,1.070106635719922e-06
