year,iso_responsible,iso_affected,shifted_profit_musd
2016,NLD,BEL,20242.553712930458
2016,NLD,DEU,3171.48536269702
2016,NLD,LUX,2898.8882542999554
2016,NLD,FRA,2555.4368275479724
2016,ESP,ITA,1956.1738816784532
2016,NLD,IRL,1467.9194159295898
2016,NLD,POL,1312.5617749797345
2016,NLD,ITA,1169.3461939258927
2016,SWE,DEU,1158.0067501933431
2016,GBR,BEL,1154.5086278915642
2016,CHL,ITA,1058.9297532102826
2016,NLD,GRC,933.315259994183
2016,LUX,ITA,913.0256033917269
2016,SWE,POL,879.4948772969669
2016,DNK,DEU,863.9110688174135
2016,SWE,FRA,763.234903963849
2016,DEU,ITA,691.578053094269
2016,NLD,CYP,673.2424587691961
2016,SWE,ROU,672.5377858605647
2016,IRL,ITA,662.9687576960795
2016,NLD,ROU,651.6364480932006
2016,GBR,ITA,604.7646234131007
2016,SWE,BEL,563.567202432473
2016,NLD,EST,563.2717561040187
2016,SWE,ESP,558.271164555063
2016,LUX,POL,518.4453811581636
2016,SWE,CYP,493.8821584714944
2016,SWE,HRV,487.4695350295506
2016,SWE,EST,421.1119168813262
2016,CHE,POL,398.24133463081495
2016,DNK,ESP,388.82733442242477
2016,SWE,ITA,367.35963422269873
2016,SWE,LVA,347.36282343513096
2016,KAZ,ITA,340.4564492930946
2016,HKG,POL,331.779584534444
2016,NLD,PRT,276.71047281021197
2016,PAN,IRL,251.22008891242075
2016,LUX,CYP,250.55830672050374
2016,NLD,SWE,244.0399092175488
2016,VGB,IRL,230.64497449614058
2016,HKG,IRL,223.02587960126647
2016,NLD,ESP,222.99481055587967
2016,IRL,POL,221.47059767255055
2016,LUX,EST,211.25257812300967
2016,CHE,CYP,193.42605474240463
2016,SWE,SVK,191.65307565667987
2016,ESP,PRT,185.96094307241762
2016,ESP,BEL,184.82210836691718
2016,HRV,ITA,182.93809532556048
2016,BMU,ITA,176.56231633503623
2016,NLD,HRV,176.5106289578825
2016,SVK,ITA,169.91238088819998
2016,SWE,CZE,167.8149293414026
2016,GBR,LUX,167.0458121255558
2016,CYM,IRL,164.20345981119164
2016,CHE,EST,163.1246606189346
2016,HKG,CYP,162.6281739506555
2016,PAN,BEL,162.23864839786108
2016,SWE,AUT,161.06741671693572
2016,LUX,IRL,159.13886589779784
2016,CHE,ITA,158.55293742793842
2016,DEU,POL,157.542738612382
2016,GBR,DEU,152.7671866287994
2016,VGB,BEL,148.79645435502204
2016,DNK,POL,147.72909713218775
2016,CHE,IRL,142.11195214310538
2016,NLD,FIN,139.31638135059882
2016,BGR,ITA,138.18355152356148
2016,HKG,EST,137.02324841260065
2016,HKG,ITA,131.18962793249267
2016,SWE,FIN,128.84937625845714
2016,PAN,DEU,128.79174862985792
2016,DNK,FRA,127.06839453897904
2016,GBR,FRA,126.48203725038582
2016,NLD,DNK,124.46386155099039
2016,BMU,IRL,116.88277528622126
2016,PAN,POL,114.00245439107137
2016,VGB,DEU,113.01688623431406
2016,SWE,DNK,107.52240844202004
2016,SWE,PRT,106.99125953623273
2016,IRL,CYP,106.13145425144712
2016,NLD,LVA,105.05779498572907
2016,CYM,BEL,100.59844424255192
2016,AUT,ITA,99.72706924192181
2016,VGB,POL,99.33741999655889
2016,SWE,BGR,98.86971756971674
2016,LUX,DEU,98.5802822028144
2016,CHL,PRT,96.67730939489795
2016,PAN,FRA,94.91055496607058
2016,IRL,EST,89.46719908234284
2016,MLT,IRL,86.6870853635775
2016,NLD,SVK,86.44517970591708
2016,SWE,HUN,86.28142391522496
2016,DNK,ITA,85.66989789906877
2016,PAN,ITA,84.01676303795878
2016,VGB,FRA,83.84987514487486
2016,SWE,LTU,81.49984542217943
2016,ASM,IRL,79.35837267501638
2016,DNK,BEL,79.31218414846168
2016,BMU,BEL,78.72485800362477
2016,CHL,POL,78.10646156032516
2016,PAN,CYP,77.32072527762254
2016,DNK,AUT,76.97204249812
2016,CYM,DEU,75.76189700132664
2016,PAN,ROU,75.63629667813758
2016,HKG,DEU,75.20952793696969
2016,LUX,PRT,73.63648194715554
2016,NLD,LTU,73.05731392700832
2016,LUX,ROU,72.73819469301775
2016,JEY,IRL,71.99571852806137
2016,LUX,FRA,69.6912307276846
2016,DEU,CYP,68.37274167893602
2016,ASM,ITA,67.88958327672653
2016,VGB,CYP,67.649110045762
2016,GBR,IRL,67.24950432313946
2016,CYM,POL,67.03085997380083
2016,GBR,PRT,66.5787627032461
2016,PAN,EST,66.18555167649666
2016,DNK,CZE,66.15335904602163
2016,VGB,ROU,65.72651006821287
2016,LUX,SWE,64.08454645398533
2016,CHE,DEU,63.14765026393789
2016,BMU,DEU,60.416041128699746
2016,MLT,POL,59.19248346050424
2016,DEU,PRT,58.8293277314477
2016,VGB,EST,57.91454322253224
2016,DEU,EST,57.22791234501456
2016,IRL,PRT,57.00214341876979
2016,BIH,IRL,56.857713043786084
2016,CYM,FRA,56.420896878804044
2016,NLD,BGR,55.79611577452527
2016,HRV,IRL,55.436010014544244
2016,HKG,FRA,55.32413268340363
2016,DNK,LTU,55.01141769073784
2016,SGP,ITA,54.30650069928072
2016,GBR,GRC,54.12702258158983
2016,BMU,POL,53.63217807927421
2016,NLD,SVN,53.20471710370758
2016,LUX,FIN,51.41250214405575
2016,HKG,BEL,50.957582428285626
2016,DNK,HUN,50.605740744098
2016,SWE,GRC,50.13140505985914
2016,HKG,ROU,48.95191590668643
2016,CHE,SWE,48.487068315390324
2016,CHE,FRA,48.41760681490241
2016,ASM,POL,47.158369582498004
2016,ASM,DEU,45.98179887214717
2016,LUX,ESP,45.98097230966837
2016,PAN,ESP,45.931033509729545
2016,CYM,CYP,45.864244193918715
2016,JEY,DEU,44.9919745416946
2016,MCO,ITA,44.932251229232435
2016,BMU,FRA,44.72376527116865
2016,CHE,ROU,44.63525169174227
2016,CYM,ROU,44.11071582971474
2016,IRL,DEU,43.411396545386886
2016,NLD,HUN,42.693989494263896
2016,JEY,POL,42.63430519680212
2016,MLT,DEU,42.375020229100215
2016,HKG,SWE,41.37838687879187
2016,DNK,FIN,41.26631583201766
2016,NLD,AUT,40.102261881043376
2016,VGB,ESP,39.817676465631386
2016,CYM,EST,39.2694950421662
2016,LVA,IRL,39.19242103349054
2016,CHE,FIN,38.375897612779774
2016,KAZ,IRL,38.28230198904181
2016,LUX,BEL,38.094536199291575
2016,MLT,CYP,37.471505785768095
2016,BMU,ROU,37.25493169117196
2016,AUT,POL,36.342002551940794
2016,SVK,IRL,36.295036479860485
2016,BMU,CYP,36.28083714963132
2016,MUS,IRL,35.78623902227758
2016,BIH,ITA,35.45114133037746
2016,NLD,CZE,35.12763463592845
2016,PAN,SWE,34.39850930988475
2016,HKG,FIN,33.902265983668464
2016,CHL,CYP,33.89780428318729
2016,HKG,ESP,33.09159029553486
2016,KAZ,PRT,32.574910899304705
2016,BHR,IRL,32.371362546285575
2016,IRL,ROU,32.29673958798137
2016,MLT,EST,32.05530862449799
2016,DNK,PRT,31.85889782945628
2016,JEY,FRA,31.691469882180733
2016,SWE,SVN,31.126547150182198
2016,BMU,EST,31.05280148675144
2016,SGP,POL,30.902104739302686
2016,ASM,BEL,30.572909578920445
2016,ASM,FRA,30.52241187399931
2016,JEY,CYP,29.996397257089708
2016,VGB,SWE,29.71568139630705
2016,IRL,SWE,29.613709197113685
2016,ASM,CYP,29.312026987297518
2016,MLT,FRA,29.211097491476632
2016,VGB,ITA,29.126964036276068
2016,CHE,ESP,28.714517257955173
2016,CHL,EST,28.372426270633778
2016,ESP,ROU,28.100151573746995
2016,DNK,SVK,27.778153180490307
2016,LUX,SVN,27.66568844724292
2016,JEY,ROU,27.604456844228594
2016,TLS,IRL,27.511218388591487
2016,IRL,FRA,27.39515955987818
2016,BHR,ITA,27.270956497914945
2016,ESP,LUX,26.74190425695887
2016,JEY,ITA,26.69679808765869
2016,NLD,MLT,26.55660970682486
2016,BIH,DEU,26.493727856313452
2016,CYM,ESP,26.435408633435177
2016,ASM,ROU,26.22099769356312
2016,JEY,EST,25.799065612517104
2016,GBR,ROU,25.72311051061584
2016,CHE,BEL,25.156303595575945
2016,DNK,CYP,25.00800669418755
2016,ASM,EST,24.981573937489717
2016,MLT,ROU,24.88404970354335
2016,SRB,ITA,24.769151022788225
2016,ESP,DEU,24.456078404178836
2016,TLS,ITA,24.156591631964286
2016,BIH,POL,23.539709279613604
2016,GTM,IRL,22.915413060897723
2016,IRL,FIN,22.590534954132504
2016,LUX,DNK,22.00256888026156
2016,GTM,ITA,21.767106091910456
2016,AUT,CYP,21.590910419311605
2016,BMU,ESP,21.432200980168833
2016,CHE,SVN,21.228156707850175
2016,DNK,LVA,20.961888537510223
2016,IRL,ESP,20.39850657671375
2016,CYM,SWE,20.31947052534568
2016,ESP,FRA,20.248161192048613
2016,GHA,IRL,20.02711288242095
2016,BMU,PRT,19.743978233582922
2016,SVK,POL,19.712013444608043
2016,CUW,IRL,19.52172017049601
2016,CYM,ITA,19.386215531226384
2016,GHA,DEU,19.03937942213634
2016,AUT,EST,18.638166100890473
2016,ASM,ESP,18.600721379111373
2016,AUT,DEU,18.24096761820237
2016,MLT,ITA,18.10946901146041
2016,NPL,IRL,17.902596023281347
2016,JEY,ESP,17.887726799325762
2016,BRB,IRL,17.683011281126806
2016,HRV,PRT,17.47046615321217
2016,JEY,BEL,17.382472698941363
2016,BIH,FRA,17.226207762728308
2016,BIH,CYP,17.21205104086101
2016,HKG,SVN,17.055008052202282
2016,HRV,POL,16.872054809193784
2016,BMU,SWE,16.769649483909284
2016,PAN,LUX,16.674872565541556
2016,LBR,IRL,16.52979134013019
2016,DNK,EST,16.47062730828561
2016,PAN,HRV,16.43763399955165
2016,MLT,ESP,16.398307880144504
2016,SVK,PRT,16.20345895949816
2016,LUX,LTU,16.154266779540905
2016,BHR,DEU,16.122369008899486
2016,CHE,DNK,15.922151130760767
2016,DEU,FIN,15.679593257210332
2016,VGB,LUX,15.584323815641364
2016,MLT,BEL,15.296676785279208
2016,GGY,IRL,15.148508285461066
2016,DEU,SWE,15.131132059087335
2016,MLT,SWE,15.108318587473914
2016,DNK,GRC,14.890553166430179
2016,AUT,ROU,14.80208600589912
2016,BIH,EST,14.798451816467802
2016,NPL,ITA,14.77940351749
2016,MMR,IRL,14.654947912349108
2016,AUT,FRA,14.591726312739324
2016,BIH,ROU,14.53368001351717
2016,PAN,PRT,14.512027177656698
2016,IRL,BEL,14.497502230414314
2016,HKG,DNK,14.470073376764587
2016,VGB,HRV,14.394135368659764
2016,TLS,DEU,14.338238345193155
2016,ESP,GRC,14.235230972413344
2016,PAN,FIN,14.16774125572864
2016,BHR,POL,13.998016416469726
2016,CHL,ROU,13.839201842018817
2016,PRY,IRL,13.690760131264147
2016,DNK,ROU,13.443652295374763
2016,SGP,CYP,13.411355187078788
2016,CUW,BEL,13.191652438121087
2016,BGR,PRT,12.88180543287138
2016,JEY,SWE,12.80414848152615
2016,TLS,POL,12.731060233579303
2016,GBR,POL,12.498394810581523
2016,VGB,FIN,12.273589708408407
2016,MCO,POL,12.176077810822184
2016,SVK,CYP,12.027447754247863
2016,CYP,ITA,11.886809354729941
2016,MMR,ITA,11.876341149493662
2016,IRL,SVN,11.843450503201192
2016,CHE,LTU,11.83209692834057
2016,HRV,CYP,11.613413252501877
2016,ASM,SWE,11.565940645121858
2016,GHA,POL,11.47355867040141
2016,CHL,SWE,11.336936822993577
2016,MUS,POL,11.266419347489181
2016,BRB,BEL,11.256951765205368
2016,SGP,EST,11.225290082384548
2016,HKG,LTU,10.896635022183325
2016,KAZ,ROU,10.84456922999824
2016,ESP,IRL,10.76578803774877
2016,SVK,DEU,10.7093222138009
2016,HRV,DEU,10.61376351168787
2016,CYM,LUX,10.584510443057123
2016,BHR,FRA,10.554495345464925
2016,MUS,DEU,10.491571019505082
2016,ESP,SWE,10.460427115014474
2016,PAN,GRC,10.360721477282231
2016,SVK,EST,10.294757045075723
2016,KAZ,POL,10.272548742143684
2016,CUW,DEU,10.232909839256768
2016,LUX,HRV,10.154070812271893
2016,PAN,LTU,10.107938352149258
2016,IMN,IRL,10.10036373700623
2016,DEU,SVN,10.100363474847756
2016,KAZ,DEU,10.091569313271247
2016,BIH,ESP,10.07794062302559
2016,HRV,EST,9.958052547522977
2016,HKG,HRV,9.938640279954013
2016,AUT,PRT,9.722690025108783
2016,AZE,DEU,9.722495911414702
2016,SVK,ROU,9.574465789902138
2016,TLS,FRA,9.453151233888633
2016,GGY,DEU,9.419481734723078
2016,BHR,ROU,9.339472472467552
2016,GIB,IRL,9.32503901517826
2016,BHR,CYP,9.318212046115375
2016,DEU,ROU,9.285153855771483
2016,NPL,DEU,9.249977170097264
2016,VGB,GRC,9.229475462070488
2016,CUW,POL,9.171319120714042
2016,HRV,ROU,9.146904021023238
2016,LVA,POL,9.132381592899733
2016,CYM,HRV,9.098649923670731
2016,IRL,DNK,9.024578357919788
2016,BIH,BEL,9.000350451343854
2016,GGY,POL,8.928395072923283
2016,VGB,LTU,8.835406442180075
2016,CHL,FIN,8.73434085755181
2016,IRN,IRL,8.71298136377635
2016,GTM,POL,8.655850110014091
2016,PAN,LVA,8.65500042617864
2016,BRB,DEU,8.65364902078314
2016,VGB,PRT,8.569520709387653
2016,HRV,FRA,8.54266518379223
2016,GTM,DEU,8.513981293729739
2016,UGA,IRL,8.457458393060291
2016,SWE,LUX,8.42872266031182
2016,TLS,CYP,8.39340573967761
2016,SVK,FRA,8.372187667100922
2016,LVA,DEU,8.362219392256883
2016,TLS,ROU,8.353185095006321
2016,ASM,PRT,8.333476168904632
2016,CYM,FIN,8.274580444824508
2016,PAN,AUT,8.245825010338908
2016,BMU,LUX,8.204042265662505
2016,GHA,ESP,8.196714527560047
2016,BIH,SWE,8.147083758761674
2016,CRI,IRL,8.116046455220996
2016,PAN,CZE,8.083378052332915
2016,MUS,CYP,8.059735911229751
2016,NPL,POL,8.04772219988143
2016,BHR,EST,7.959505036811388
2016,MUS,FRA,7.936645280710235
2016,AUT,SWE,7.912556336547267
2016,BMU,HRV,7.85041611507884
2016,DNK,HRV,7.727308490039313
2016,VGB,LVA,7.628002846360389
2016,BRB,POL,7.627418736366642
2016,KHM,IRL,7.605355978657633
2016,CUW,FRA,7.568787440872742
2016,KAZ,FRA,7.457688379265987
2016,GBR,HRV,7.456815330628442
2016,LVA,CYP,7.3297064719376
2016,LUX,LVA,7.303680537547822
2016,GIB,POL,7.293423800258934
2016,KAZ,CYP,7.212600207759299
2016,DEU,DNK,7.2033152398519515
2016,TLS,EST,7.168255277226592
2016,BHR,BEL,7.1546509956136735
2016,PAN,BGR,7.1287412719181
2016,VGB,AUT,7.108487720642962
2016,MUS,ROU,7.005206934186253
2016,VGB,CZE,6.978993081424086
2016,IRL,LTU,6.951289909485833
2016,ASM,HRV,6.9426375442469475
2016,MUS,EST,6.9131440612778245
2016,AUT,ESP,6.887814307401851
2016,TLS,BEL,6.848535765176243
2016,BMU,FIN,6.844136615192227
2016,LVA,FRA,6.7114000423120395
2016,AUT,BEL,6.631315941499476
2016,BHR,ESP,6.630674021543802
2016,GGY,FRA,6.625292216647228
2016,MMR,DEU,6.572533482701222
2016,BRB,FRA,6.4195180972175185
2016,GTM,FRA,6.359929925879231
2016,LVA,EST,6.318578854531182
2016,LUX,GRC,6.314700696369717
2016,LUX,CZE,6.299475755266158
2016,HKG,LVA,6.297434763784989
2016,GGY,CYP,6.291619894044438
2016,CYM,GRC,6.225508328267002
2016,VGB,BGR,6.204929680823611
2016,KHM,ITA,6.204863154372281
2016,CUW,CYP,6.181204675642587
2016,KAZ,EST,6.164747249789536
2016,MLT,FIN,6.162832029300723
2016,NPL,FRA,6.094142012392043
2016,GIB,DEU,6.09116294929054
2016,GTM,CYP,6.011949026269425
2016,GTM,BEL,6.000540499473533
2016,CUW,ROU,5.9788346867133715
2016,CYM,LTU,5.966401364629055
2016,ASM,FIN,5.960918106008005
2016,GHA,FRA,5.951909328732786
2016,GHA,CYP,5.9464490815656905
2016,TLS,ESP,5.894559530545641
2016,COD,IRL,5.8383976226523195
2016,GGY,ROU,5.769004873725959
2016,LUX,AUT,5.7298728136148025
2016,GGY,ITA,5.715159876005759
2016,CYM,PRT,5.7052918595881135
2016,MMR,POL,5.698811650129646
2016,MCO,CYP,5.696062487836769
2016,LBR,POL,5.683585666499429
2016,GTM,ROU,5.676302714745873
2016,HKG,PRT,5.59545293741223
2016,LUX,BGR,5.452132994069356
2016,GBR,LVA,5.430251551122413
2016,GGY,EST,5.411557395638201
2016,LVA,ROU,5.383368068943639
2016,BMU,GRC,5.383259012532547
2016,SVK,SWE,5.377190756605452
2016,LBR,DEU,5.353754543731105
2016,BWA,IRL,5.327294054564764
2016,NPL,CYP,5.327189269575237
2016,NPL,ROU,5.306691569809197
2016,CUW,EST,5.289831219342419
2016,HKG,AUT,5.2195830078938155
2016,BRB,CYP,5.196318287002077
2016,GTM,EST,5.152510820377018
2016,NPL,BEL,5.113090104377589
2016,HRV,SWE,5.109653247035315
2016,KAZ,SWE,5.0687683547422
2016,BRB,ROU,5.049141943115044
2016,CHL,SVN,5.007553242009625
2016,PAN,HUN,5.002231274795699
2016,GHA,EST,4.993177791041118
2016,SVN,IRL,4.991741410530805
2016,HKG,CZE,4.894873463549908
2016,JEY,HRV,4.887179175892578
2016,LIE,IRL,4.834213474543986
2016,MCO,EST,4.792449576895065
2016,GIB,CYP,4.787390050365031
2016,JEY,FIN,4.778011873043831
2016,CYM,LVA,4.73309015313186
2016,BMU,LTU,4.71791998921393
2016,JEY,PRT,4.682715783014409
2016,PAN,SVK,4.681640785265723
2016,GBR,DNK,4.6703958332768
2016,SVN,HRV,4.6534306867599415
2016,GBR,SVK,4.653288528574875
2016,BFA,POL,4.616583126179317
2016,LUX,SVK,4.597848471984068
2016,CYM,AUT,4.5942131520004414
2016,PAN,DNK,4.57195499870871
2016,NPL,EST,4.5501189030047025
2016,SVN,ITA,4.532814442767196
2016,CYM,CZE,4.50477328112455
2016,GIB,FRA,4.493408595850031
2016,AZE,ITA,4.484404491062853
2016,CHE,PRT,4.464694191408968
2016,BIH,PRT,4.450224719568824
2016,BRB,EST,4.4487145982355205
2016,VGB,HUN,4.316251240922939
2016,AZE,ESP,4.3113613738392775
2016,HKG,BGR,4.302503432342562
2016,MLT,LTU,4.292962735806191
2016,MUS,BEL,4.286115594852579
2016,MHL,ITA,4.263709031847674
2016,MMR,FRA,4.245524522990116
2016,KAZ,BEL,4.235843491477045
2016,SVK,BEL,4.2221494834390505
2016,HRV,BEL,4.206232928503152
2016,GBR,CYP,4.192385415064078
2016,BMU,LVA,4.161656045662626
2016,AZE,IRL,4.1511877649411515
2016,IMN,DEU,4.1501996176550815
2016,VGB,SVK,4.131645213580783
2016,GIB,ITA,4.116281766086941
2016,GIB,EST,4.105657651759663
2016,HKG,GRC,4.0892566083189585
2016,CYM,BGR,4.083730714830054
2016,JEY,LTU,4.057799314559835
2016,ASM,LVA,4.0528116201963575
2016,LBR,CYP,4.046748311760208
2016,MUS,SWE,4.036455852257117
2016,LUX,HUN,4.034871749079695
2016,BHR,SWE,4.030748000269204
2016,LBR,FRA,4.019401670628064
2016,GIB,ROU,3.9797919545545635
2016,VGB,DNK,3.9788677142966486
2016,SVK,ESP,3.9750036381058647
2016,KAZ,ESP,3.922282383755456
2016,MUS,ESP,3.920338209946483
2016,IRN,DEU,3.892117308100958
2016,BMU,AUT,3.8703401223468923
2016,MCO,PRT,3.8701326521960495
2016,SGP,PRT,3.869921798204715
2016,IMN,POL,3.8537985550126934
2016,KWT,IRL,3.850882516618474
2016,ASM,LTU,3.8298962086957427
2016,MMR,CYP,3.8062040229446485
2016,BMU,CZE,3.798932315766508
2016,MMR,ROU,3.775747121000096
2016,NPL,ESP,3.750312952366203
2016,IRN,POL,3.7364133120389154
2016,GGY,ESP,3.735932732175268
2016,ASM,AUT,3.65622324883263
2016,GHA,ROU,3.65314115640035
2016,CUW,ESP,3.643730468168161
2016,GGY,BEL,3.624035502312814
2016,BGR,POL,3.6163796161853115
2016,HRV,ESP,3.5778963148243412
2016,TLS,SWE,3.5760717958004142
2016,SRB,IRL,3.5756373801052628
2016,CHL,DNK,3.571256091165737
2016,LBR,ROU,3.5689320111354013
2016,GHA,ITA,3.5610090795835667
2016,ESP,MLT,3.540352512495047
2016,IMN,ITA,3.5364846368782215
2016,ASM,CZE,3.518018868946718
2016,JOR,IRL,3.5004866281226183
2016,CUW,ITA,3.4807720936581976
2016,IRL,GRC,3.471736937288538
2016,LBR,EST,3.4688457113800917
2016,SWE,IRL,3.393245324564866
2016,BMU,BGR,3.357519926099954
2016,BHR,PRT,3.3457182751596015
2016,GHA,BEL,3.3435891436274225
2016,LVA,ITA,3.315656970543534
2016,LVA,BEL,3.3128884235050986
2016,CHE,BGR,3.2646261124433424
2016,MMR,EST,3.2496310676004283
2016,GTM,ESP,3.171598079824016
2016,GBR,SWE,3.1336532317702264
2016,GBR,EST,3.112801141804585
2016,CHL,GRC,3.071892252286644
2016,BRB,ESP,3.0553069951153184
2016,KHM,DEU,3.053547058699242
2016,DNK,IRL,3.0241338924529177
2016,LVA,SWE,2.9859111719491627
2016,HKG,LUX,2.974233694706914
2016,SGP,FIN,2.966420573512302
2016,TLS,PRT,2.9626126435832436
2016,HKG,HUN,2.954391036596065
2016,JEY,CZE,2.941136512861365
2016,ESP,FIN,2.937809439200429
2016,GTM,SWE,2.9321361151750143
2016,CHE,GRC,2.836564873774046
2016,IMN,CYP,2.81727419150395
2016,CYM,HUN,2.8124872165155086
2016,MLT,PRT,2.8016389979215495
2016,IRN,FRA,2.792519200319162
2016,IMN,FRA,2.7836641324431977
2016,LVA,ESP,2.7797192316121486
2016,GBR,FIN,2.768194026221035
2016,AUT,FIN,2.7634242169713406
2016,AZE,POL,2.752467123704595
2016,LIE,DEU,2.7514488508193584
2016,MUS,ITA,2.7285252213319713
2016,HKG,SVK,2.7282377681163617
2016,MCO,IRL,2.7277606308722606
2016,UGA,POL,2.724509712188016
2016,CHE,CZE,2.7149940304964795
2016,MMR,ESP,2.714241061079748
2016,JEY,LVA,2.7141017578789013
2016,GGY,SWE,2.7083942750276244
2016,CUW,SWE,2.7073065961845937
2016,DEU,LTU,2.6818530561009024
2016,JEY,AUT,2.680472827001151
2016,BIH,FIN,2.6715385135386827
2016,DNK,BGR,2.652157768889951
2016,BRB,ITA,2.612067851053282
2016,LIE,POL,2.603252945132157
2016,ASM,BGR,2.5869743390237367
2016,DEU,ESP,2.5788450484246535
2016,ASM,GRC,2.5783489574373597
2016,KHM,POL,2.578098558111526
2016,CYM,SVK,2.5622034126242648
2016,IRL,CZE,2.5620676239680744
2016,CYM,DNK,2.546604083380517
2016,SVN,DEU,2.5433517607707867
2016,WSM,ITA,2.538729315606856
2016,SGP,SWE,2.5322846122109683
2016,IRN,CYP,2.520604654484116
2016,UGA,DEU,2.516840617776049
2016,JEY,BGR,2.501608318567568
2016,GIB,BEL,2.487677142700587
2016,GBR,MLT,2.4781410119099836
2016,MMR,BEL,2.4747890524254155
2016,IRN,ROU,2.471120498212909
2016,GTM,PRT,2.4575423320454597
2016,GIB,ESP,2.452599463754606
2016,BIH,LTU,2.4459373988065365
2016,IMN,EST,2.426654156348302
2016,MKD,ITA,2.422002603871394
2016,GNQ,IRL,2.4104333421602178
2016,WSM,IRL,2.387022919988639
2016,SRB,POL,2.373199755994695
2016,BMU,HUN,2.3434323614975097
2016,IMN,ROU,2.342463731962659
2016,BHR,HRV,2.3386611321963895
2016,NPL,SWE,2.292811691406113
2016,BRB,SWE,2.2892832444716555
2016,SVN,POL,2.2737604963976343
2016,SRB,PRT,2.2630938450329996
2016,CHE,HRV,2.2550311713110145
2016,BMU,SVK,2.249449524671886
2016,IRL,AUT,2.245973939449445
2016,ASM,SVK,2.2355408673484476
2016,CHE,AUT,2.226694653853353
2016,AUT,LTU,2.221996656006493
2016,AZE,FRA,2.2059452531641783
2016,JEY,SVK,2.1981108679149375
2016,BMU,DNK,2.1947028173001897
2016,LBR,BEL,2.194180807648174
2016,GHA,SWE,2.190662394175068
2016,BFA,CYP,2.178595259999404
2016,SVK,FIN,2.1554469749672243
2016,IRN,EST,2.1552854453293797
2016,TLS,HRV,2.151965049879636
2016,ASM,DNK,2.1363704618057575
2016,ASM,HUN,2.1313656578609845
2016,MHL,IRL,2.115250062048273
2016,IRL,BGR,2.114065937769953
2016,LBR,SWE,2.079343146420188
2016,UZB,IRL,2.0605615514612103
2016,MKD,DEU,2.053814600530654
2016,MLT,CZE,2.0410789310113544
2016,LBR,ESP,2.0253986904079264
2016,ESP,POL,2.0008336224497887
2016,IRL,HRV,1.9926477957619033
2016,SGP,SVN,1.9811924862669703
2016,ASM,LUX,1.9629004257848743
2016,CHE,HUN,1.9628579947186482
2016,JEY,GRC,1.9567583635822
2016,UGA,CYP,1.9507270890005513
2016,MLT,BGR,1.9387566321582979
2016,KHM,FRA,1.9264365926034666
2016,PRY,POL,1.9234895364386049
2016,LIE,FRA,1.920106542723902
2016,GUY,IRL,1.9173829489409575
2016,UGA,FRA,1.9137488050277376
2016,BHR,FIN,1.8905255187010142
2016,HRV,FIN,1.8885694531797081
2016,GIB,SWE,1.8806812793920213
2016,BFA,ITA,1.87711523402441
2016,JEY,HUN,1.8694828510491655
2016,DEU,GRC,1.8692840874096894
2016,LIE,CYP,1.8575679288250573
2016,BFA,IRL,1.8500318206930317
2016,IRL,HUN,1.846083927891977
2016,LIE,ITA,1.8367215625480047
2016,NPL,PRT,1.8367104258441103
2016,BFA,EST,1.8333546590781356
2016,UZB,ITA,1.8316093866974965
2016,MLT,AUT,1.8173421929581897
2016,BWA,POL,1.8126295555398497
2016,BGR,ROU,1.7906872876664477
2016,KAZ,FIN,1.773567894926982
2016,MLT,GRC,1.7517798282222012
2016,SVN,FRA,1.7461786946563373
2016,LBR,ITA,1.7373692305134287
2016,CHL,MLT,1.7336774762288105
2016,KHM,CYP,1.7175888836436217
2016,TLS,FIN,1.7028965778358807
2016,KHM,ROU,1.7015879164071324
2016,UGA,ROU,1.690763283183633
2016,UGA,EST,1.6752257749324042
2016,MMR,SWE,1.6655957603492761
2016,LIE,ROU,1.6607643549342188
2016,IRN,BEL,1.6378943640817591
2016,BWA,DEU,1.6344635598962438
2016,CHE,LVA,1.633356858309413
2016,GHA,FIN,1.627674942819787
2016,PRY,DEU,1.6176426254708338
2016,IRN,ESP,1.607411972505927
2016,MLT,HRV,1.6054092659957684
2016,LIE,EST,1.5978200316277753
2016,LKA,DEU,1.5949733122581944
2016,SVN,CYP,1.579468488517599
2016,BGR,CYP,1.5694902315921444
2016,MCO,DEU,1.566321473623659
2016,IMN,ESP,1.5542142332011306
2016,MCO,SWE,1.5073739384199392
2016,CHE,SVK,1.5068775741105453
2016,MCO,ROU,1.4829943215022487
2016,IRL,LVA,1.4755890273326024
2016,MLT,HUN,1.4734338888455512
2016,KHM,EST,1.4648844364683635
2016,PRY,CYP,1.4544973688385352
2016,GHA,AUT,1.449568018817819
2016,KAZ,GRC,1.449276215173488
2016,GHA,LTU,1.4490147206708923
2016,CRI,POL,1.4332007659557118
2016,MMR,PRT,1.4291509064451626
2016,IMN,BEL,1.4266402296767995
2016,IRL,SVK,1.4143718463275061
2016,SGP,DNK,1.412934699324982
2016,SVN,ROU,1.4023210870292222
2016,JOR,DEU,1.3942342255306663
2016,MLT,DNK,1.3692541591729936
2016,CUW,LUX,1.3676858215141776
2016,SVN,EST,1.344198869803915
2016,BHR,LVA,1.339067509386073
2016,CUW,HRV,1.3388136351574604
2016,BHR,LTU,1.338511821563207
2016,NPL,HRV,1.3341855552965702
2016,AZE,BEL,1.3333860901412709
2016,CHL,LTU,1.3296077907606112
2016,GBR,BGR,1.3267014347971087
2016,MUS,FIN,1.32454687463031
2016,PRY,FRA,1.3158415090867002
2016,BGR,EST,1.3136616609829874
2016,BWA,CYP,1.3014251623781967
2016,BHR,AUT,1.2936518405590265
2016,SRB,CYP,1.2931330191030626
2016,IMN,SWE,1.2826545911463443
2016,CHL,ESP,1.2785385313149824
2016,GHA,CZE,1.2759570638171989
2016,BWA,FRA,1.2619410712093715
2016,KHM,ESP,1.2611162409662395
2016,BIH,CZE,1.2535135962398287
2016,PRY,EST,1.2504786249951558
2016,HRV,LTU,1.2480583756961214
2016,TLS,LVA,1.2395135634662227
2016,WSM,DEU,1.2376149819979476
2016,JEY,DNK,1.2340192586544565
2016,MLT,SVN,1.2313686092637621
2016,SVK,LTU,1.2304695812229665
2016,BHR,CZE,1.2304584826291087
2016,MCO,FIN,1.223782750852137
2016,ESP,HRV,1.1937410408326055
2016,LUX,MLT,1.1925099437900746
2016,TLS,LTU,1.1880101176375915
2016,LTU,ITA,1.186891131419181
2016,BRB,LUX,1.17250036445332
2016,KAZ,HRV,1.1616865905729559
2016,ZMB,IRL,1.1605293031712958
2016,TLS,AUT,1.1599558731974886
2016,BIH,AUT,1.1573857099447618
2016,GBR,HUN,1.1564120415307393
2016,VUT,IRL,1.1501508251917278
2016,AZE,CYP,1.149151604554503
2016,PNG,ITA,1.1419885307240152
2016,MLT,SVK,1.1379298296143614
2016,GBR,LTU,1.1356248456617086
2016,CUW,FIN,1.1323190475939837
2016,BIH,GRC,1.1291632911076088
2016,KHM,BEL,1.1274102345906774
2016,BWA,EST,1.1211178971130766
2016,CYP,PRT,1.1207023651051071
2016,BWA,ROU,1.1178779162004044
2016,WSM,POL,1.1153558606333809
2016,AUT,GRC,1.11356078016596
2016,TLS,CZE,1.1082794894107537
2016,BRB,HRV,1.0983360448281485
2016,IRN,ITA,1.0894126113490514
2016,SRB,EST,1.088635287699445
2016,SSD,IRL,1.0803784552436937
2016,PRY,ROU,1.0790729111486252
2016,LIE,ESP,1.0751542871711752
2016,BIH,BGR,1.0729502292187065
2016,NPL,FIN,1.0709336091546724
2016,GTM,FIN,1.0566758631552524
2016,DEU,MLT,1.0549639938063513
2016,IRN,SWE,1.0478491275837603
2016,MCO,FRA,1.0433918167377565
2016,LVA,FIN,1.03821600615647
2016,LIE,BEL,1.0364214081061474
2016,CRI,DEU,1.025618298583635
2016,FSM,IRL,1.025350960376851
2016,AZE,ROU,1.0250202126027723
2016,UGA,BEL,1.0217709971921198
2016,SVN,ESP,1.0119290797699525
2016,CRI,CYP,1.0108596696660057
2016,BGR,SWE,1.0024206603297101
2016,MUS,LTU,1.0005095391505558
2016,GGY,FIN,0.9994439850605906
2016,SVN,BEL,0.9956355375292469
2016,CPV,IRL,0.9904278122585698
2016,GGY,PRT,0.9900235037054488
2016,HRV,GRC,0.9872013386056109
2016,AUT,BGR,0.9832316376325565
2016,GGY,HRV,0.9807677913820969
2016,IRL,MLT,0.9702166240293834
2016,SVK,GRC,0.9677162338200869
2016,GHA,HUN,0.9636958470923032
2016,UGA,SWE,0.9610397861953324
2016,AUT,SVN,0.9556186701124382
2016,GUY,BEL,0.9548800564349926
2016,VUT,ITA,0.9446638197987381
2016,UZB,DEU,0.9430429514263956
2016,BRB,FIN,0.9423857965349991
2016,UGA,ESP,0.9354582558441525
2016,AZE,EST,0.9343753465834778
2016,COD,POL,0.9321018364547546
2016,KWT,DEU,0.9273343847167654
2016,BIH,HUN,0.9263933126265593
2016,MKD,ESP,0.9245935794698074
2016,KAZ,LTU,0.9183691631152437
2016,SVN,SWE,0.9147071773109463
2016,MMR,HRV,0.912135740362317
2016,LVA,LTU,0.9080012815201697
2016,BHR,BGR,0.8987518598682902
2016,FSM,ITA,0.8874968507914226
2016,ESP,LVA,0.869314023641434
2016,ASM,SVN,0.8681380586444369
2016,CRI,EST,0.8680644832617235
2016,GNQ,POL,0.8575190659543895
2016,GGY,LTU,0.8512466331262838
2016,CUW,PRT,0.8498864650535747
2016,AZE,AUT,0.8492016483261524
2016,CRI,FRA,0.8337493898272592
2016,LIE,SWE,0.8315450350504006
2016,WSM,FRA,0.8280028340294707
2016,CUW,GRC,0.8266484227760025
2016,GUY,DEU,0.8238622532943645
2016,UZB,POL,0.8228521960555811
2016,BIH,SVK,0.8174126513011165
2016,TLS,BGR,0.8128821166025928
2016,KWT,POL,0.8117163503601669
2016,GNQ,DEU,0.8078843626194693
2016,PAN,SVN,0.807165929799408
2016,GHA,PRT,0.8068745517480739
2016,GBR,SVN,0.805662121420719
2016,CUW,LTU,0.8008389626701721
2016,GIB,FIN,0.7934357528659216
2016,GIB,HRV,0.7887682693111565
2016,COD,DEU,0.7854144113246726
2016,MCO,ESP,0.7751525319950884
2016,SGP,ROU,0.7720667973212335
2016,MMR,FIN,0.7704381815218361
2016,GTM,HRV,0.76741043576916
2016,BHR,GRC,0.7645006388388452
2016,NPL,LVA,0.7625328805051561
2016,NPL,LTU,0.75901777952717
2016,GTM,LTU,0.7566870577633297
2016,GUY,POL,0.7524507703624057
2016,WSM,ROU,0.7506811128492035
2016,BHR,HUN,0.7479907954237286
2016,ESP,DNK,0.7476708133318146
2016,ESP,SVK,0.7449321520112325
2016,BHR,SVK,0.7441057547101833
2016,WSM,CYP,0.7400803915280016
2016,AZE,CZE,0.7370930158462276
2016,MUS,PRT,0.736542632904299
2016,BIH,HRV,0.7350370812163588
2016,KHM,SWE,0.7348763607575298
2016,NPL,AUT,0.7308216209311872
2016,KHM,PRT,0.7261372962652572
2016,AZE,PRT,0.719408308389254
2016,LKA,ESP,0.7179948955778638
2016,CUW,LVA,0.7099395001005202
2016,AUT,CZE,0.7077863154017319
2016,BRB,GRC,0.7022429133726681
2016,TLS,GRC,0.7013633531219434
2016,COD,CYP,0.7000883625776705
2016,NPL,CZE,0.6970881165292949
2016,ROU,DEU,0.691954023031997
2016,BRB,PRT,0.6917453518655543
2016,CRI,ROU,0.6911288259801421
2016,MCO,SVN,0.6879324059218594
2016,TLS,SVK,0.6858307240182034
2016,AUT,DNK,0.6815222587830422
2016,ZMB,POL,0.6796989708046108
2016,BRB,LTU,0.6782965391753845
2016,LBR,FIN,0.6774027946127352
2016,KAZ,AUT,0.6770482772625069
2016,VGB,SVN,0.6753888007665436
2016,IRN,HRV,0.6735277945299742
2016,DEU,LVA,0.6713697674584362
2016,ESP,CYP,0.671147441239939
2016,TLS,HUN,0.6701464053298006
2016,CUW,AUT,0.6599417103310296
2016,LVA,PRT,0.6590182937747008
2016,ROU,CYP,0.6579774661242981
2016,PRY,BEL,0.6544502401083152
2016,UGA,ITA,0.6532149597994208
2016,BWA,BEL,0.6519462170346771
2016,AZE,LTU,0.6517141643620279
2016,CUW,CZE,0.6477975273891627
2016,GIB,PRT,0.6427255704491744
2016,COD,FRA,0.6389599628767791
2016,WSM,EST,0.6323142642586247
2016,UZB,FRA,0.6140725405568841
2016,GUY,FRA,0.613696241404488
2016,BWA,SWE,0.6107005773405735
2016,KAZ,CZE,0.6102624310772907
2016,GNQ,CYP,0.6099515260220969
2016,GNQ,FRA,0.6063770250465214
2016,GGY,CZE,0.6062302670839946
2016,COD,EST,0.6041407952616519
2016,FSM,POL,0.6004612495618163
2016,BWA,ESP,0.5974914001010012
2016,VUT,DEU,0.5963179011407662
2016,FSM,DEU,0.5894764847220174
2016,AUT,HUN,0.5889926796313456
2016,BHR,DNK,0.5870390537077868
2016,KWT,FRA,0.5860613923795852
2016,JOR,ESP,0.582288307198819
2016,BRB,LVA,0.5801683123811797
2016,AZE,FIN,0.5798414232544445
2016,ZMB,DEU,0.5768788993578875
2016,GIB,LTU,0.5736273875142204
2016,BFA,DEU,0.573373010620423
2016,PRY,SWE,0.5730826697124864
2016,CUW,BGR,0.5713742617711615
2016,KAZ,MLT,0.5710929797024865
2016,KWT,CYP,0.5624252267610548
2016,KAZ,BGR,0.5599804078948735
2016,HRV,SVK,0.5575351944988218
2016,ROU,EST,0.5569787822811388
2016,KAZ,LVA,0.5534475551076693
2016,TLS,DNK,0.5525722802336344
2016,JOR,POL,0.5524587927246143
2016,GGY,AUT,0.5518286605795617
2016,MMR,LTU,0.5505688129001983
2016,SVN,PRT,0.5502087054608265
2016,UZB,ROU,0.5492817541670447
2016,UZB,CYP,0.5488729969854478
2016,LKA,ITA,0.5481752130075226
2016,MUS,BGR,0.5476501000277588
2016,AZE,HUN,0.5471437399405876
2016,BRB,AUT,0.5444431774603975
2016,MCO,BEL,0.5428903763730554
2016,EST,ITA,0.5419853989170956
2016,GNQ,ROU,0.5401099102847147
2016,GTM,GRC,0.5395895118428602
2016,GGY,LVA,0.5373052083349662
2016,BRB,CZE,0.534474279647813
2016,COD,ROU,0.5320666184355483
2016,MUS,HRV,0.5280679752404907
2016,ROU,FRA,0.5273105304246056
2016,MMR,AUT,0.5263958917543488
2016,SGP,LTU,0.5260471207051594
2016,BGR,FIN,0.5240219603562781
2016,GNQ,EST,0.5229529831400891
2016,VUT,POL,0.5215072564141241
2016,MLT,LVA,0.5208962324500584
2016,GGY,BGR,0.5187554619514331
2016,GUY,CYP,0.5178857757255543
2016,BFA,SWE,0.5174540282333336
2016,MMR,LVA,0.5174014424809013
2016,PRY,ESP,0.5158166028973006
2016,WSM,ESP,0.5157529133350871
2016,SVK,BGR,0.5145939113315203
2016,NPL,BGR,0.5124450138563454
2016,IMN,PRT,0.5084402954438061
2016,MCO,DNK,0.5062756493309476
2016,SGP,ESP,0.5058420368641947
2016,MUS,AUT,0.5045210178977101
2016,YEM,IRL,0.5044465974901357
2016,LBR,LTU,0.5014327470539527
2016,YEM,ITA,0.501402975876097
2016,ESP,EST,0.498319766571122
2016,ROU,SVK,0.49813998866633585
2016,MMR,CZE,0.49389159597784793
2016,GUY,ROU,0.49153090489088996
2016,SRB,ROU,0.49146872112419554
2016,ZMB,CYP,0.48803325199099046
2016,SVK,SVN,0.4875445815192621
2016,WSM,BEL,0.4852313493329901
2016,IRN,FIN,0.4845319496098507
2016,GTM,AUT,0.48396790017813246
2016,KWT,EST,0.4796347361812105
2016,NPL,GRC,0.4791269679382427
2016,KWT,ROU,0.47818210882813494
2016,MUS,CZE,0.4779440766964974
2016,BRB,BGR,0.4758421941447367
2016,BWA,ITA,0.47323219333163885
2016,GTM,CZE,0.4712502567408775
2016,UZB,EST,0.46862296174531237
2016,LVA,SVK,0.46839882060386484
2016,GTM,BGR,0.4675232221164069
2016,MUS,GRC,0.4665146252739803
2016,ZMB,FRA,0.4637287410939658
2016,GHA,GRC,0.4631328637182651
2016,GHA,SVK,0.4482878937869882
2016,BFA,FIN,0.44685149320474277
2016,GIB,LVA,0.4467996283911139
2016,GGY,SVK,0.4448024780994677
2016,GUY,EST,0.4435737744322791
2016,BFA,FRA,0.43648843145440464
2016,SRB,SWE,0.4352985900962478
2016,SVK,DNK,0.43459153668009437
2016,SRB,DEU,0.4258762526196554
2016,ZMB,EST,0.4252741034979787
2016,NPL,HUN,0.4245420689117081
2016,NPL,SVK,0.4241963037200776
2016,KHM,HRV,0.42343355220855966
2016,DNK,SWE,0.419175713360283
2016,CYM,SVN,0.4191039440370669
2016,GIB,CZE,0.418877857900628
2016,ZMB,ROU,0.41828584155554166
2016,BFA,ROU,0.4180010973312981
2016,CRI,BEL,0.4115759069590871
2016,JOR,FRA,0.4112534583141536
2016,LBR,PRT,0.41049758374428175
2016,AZE,SWE,0.4100074975064913
2016,GGY,GRC,0.40959453047216227
2016,BGR,GRC,0.4093154697041035
2016,BMU,SVN,0.4080962991015445
2016,MHL,PRT,0.40717761370617767
2016,IMN,FIN,0.4057732766875677
2016,CUW,HUN,0.39916039935950887
2016,SVK,CZE,0.39523484718512125
2016,IMN,LTU,0.3945642119083295
2016,VUT,FRA,0.39164422139001465
2016,FSM,FRA,0.3915076118422801
2016,UZB,ESP,0.39044779037272764
2016,GGY,HUN,0.38791072999381615
2016,FSM,BEL,0.3850574293890455
2016,CUW,SVK,0.3832232496095486
2016,GTM,LUX,0.3818938323729281
2016,IRN,LVA,0.3808669010272606
2016,SSD,POL,0.38007002681867774
2016,GIB,AUT,0.3785422170481911
2016,CRI,SWE,0.37835262802449965
2016,CUW,DNK,0.3773781371747096
2016,FSM,CYP,0.3745037820780024
2016,HRV,BGR,0.3736036458402848
2016,GHA,LVA,0.3735765667797136
2016,GIB,BGR,0.3712783093482512
2016,KAZ,HUN,0.37099190094675916
2016,LVA,GRC,0.36479891375403817
2016,KWT,ESP,0.36074012160718955
2016,UZB,BEL,0.3588723914027128
2016,PRY,ITA,0.3571256987681222
2016,MMR,BGR,0.35629352451391205
2016,KHM,FIN,0.35572538744832094
2016,SSD,DEU,0.3553101194462137
2016,MKD,POL,0.3530780266481777
2016,BMU,MLT,0.34472924321531984
2016,VUT,CYP,0.3442931665102622
2016,NPL,DNK,0.34275520067354326
2016,VUT,ROU,0.34247936780499255
2016,SRB,FRA,0.34167050080281136
2016,FSM,ROU,0.33716093393543084
2016,HRV,SVN,0.3343896090088568
2016,CRI,ESP,0.3332737658321007
2016,IRN,LTU,0.33300428325832465
2016,CHL,LVA,0.33285137351697286
2016,VCT,IRL,0.3310606874242055
2016,GNQ,BEL,0.3307225662080365
2016,BRB,HUN,0.33068515894976447
2016,GHA,HRV,0.32941181514136864
2016,GIB,SVK,0.3291985321107673
2016,MUS,HUN,0.3287114380044319
2016,MCO,LTU,0.3279476395009014
2016,KWT,BEL,0.3271585064798932
2016,GNQ,ITA,0.3261283635509018
2016,AZE,SVK,0.32594365213547893
2016,CRI,ITA,0.3218998400641151
2016,IRN,AUT,0.3214421173685995
2016,FSM,EST,0.3192202590374151
2016,WSM,SWE,0.3163793993775671
2016,JOR,CYP,0.3150365623316554
2016,GNQ,SWE,0.3140631664918602
2016,BRB,SVK,0.31389011833796565
2016,GTM,LVA,0.3138384739492991
2016,ROU,BEL,0.3121505504158347
2016,COD,BEL,0.3115779734604266
2016,AZE,LVA,0.3115453504526596
2016,KAZ,DNK,0.3114659960715174
2016,VUT,BEL,0.3097546361594497
2016,UGA,FIN,0.3096069944210394
2016,IRN,CZE,0.3093400008004145
2016,LVA,BGR,0.30808754514235515
2016,GNQ,ESP,0.3060970810771745
2016,MKD,FRA,0.303842921232159
2016,GTM,HUN,0.30373986229599953
2016,BRB,DNK,0.3037111178599451
2016,MMR,HUN,0.30173094809917966
2016,HRV,MLT,0.30133369550746314
2016,IRN,PRT,0.3010294280759906
2016,LIE,PRT,0.30092555058592513
2016,WSM,PRT,0.299793265350737
2016,LBR,HRV,0.29855363077110325
2016,SVK,HUN,0.29770320382006643
2016,VUT,EST,0.2940263698041113
2016,MMR,GRC,0.2933708573818192
2016,GUY,ESP,0.29303458291857465
2016,GHA,BGR,0.29249861293636026
2016,LIE,FIN,0.28926875266686064
2016,LBR,BGR,0.28912005525321305
2016,MMR,SVK,0.2889092546434926
2016,CPV,POL,0.28823252437747865
2016,MKD,PRT,0.2850337526668136
2016,SVN,FIN,0.2812955130732336
2016,KAZ,SVK,0.28115856367101316
2016,SVK,AUT,0.2806191153721551
2016,LBR,AUT,0.2787613489794552
2016,BFA,ESP,0.27856560698173904
2016,SVK,MLT,0.2771426468899385
2016,COD,SWE,0.27551436158835846
2016,GIB,GRC,0.2749290242513252
2016,AZE,HRV,0.27434704551019695
2016,SWZ,POL,0.27328156967533185
2016,LKA,POL,0.2717169258045078
2016,SSD,CYP,0.2708288170081495
2016,SSD,FRA,0.26802363544311064
2016,JOR,EST,0.26335509909355265
2016,ROU,SWE,0.26273838816747896
2016,SRB,FIN,0.2586694518837735
2016,LBR,CZE,0.25847441703977586
2016,GIB,HUN,0.2575315912548727
2016,BFA,SVN,0.2560932771340844
2016,GIB,DNK,0.2559584299659195
2016,KHM,LTU,0.25455027996431817
2016,COD,ESP,0.253684126935565
2016,LIE,LTU,0.2513718316059298
2016,FRO,DEU,0.25004611521846976
2016,SVK,HRV,0.24962666605382525
2016,GGY,DNK,0.24930893267653131
2016,IRN,BGR,0.2492258069074728
2016,KHM,LVA,0.24837370861077324
2016,KHM,AUT,0.24780268336913364
2016,CPV,DEU,0.24398797695951235
2016,SVN,LTU,0.24376299840221055
2016,VUT,ESP,0.24337988856206222
2016,PRI,POL,0.24320225192354325
2016,UGA,LTU,0.24288166615397616
2016,NPL,LUX,0.2408063447347772
2016,LBR,GRC,0.24007623016958596
2016,BIH,DNK,0.23992664624512175
2016,FSM,ESP,0.23866600512911706
2016,SSD,ROU,0.23849967360088292
2016,HRV,DNK,0.238477929296296
2016,UZB,SWE,0.2383490403346476
2016,PAN,MLT,0.23392710204145684
2016,LKA,FRA,0.2338715317445963
2016,GUY,SWE,0.23268248774215267
2016,SWZ,DEU,0.23254334433267754
2016,SSD,EST,0.23240234934794415
2016,BFA,BEL,0.23210562418698738
2016,GUY,ITA,0.23187162257117688
2016,BGR,SVN,0.23185294928998562
2016,GTM,DNK,0.23147384953301514
2016,BGR,MLT,0.23100452496984397
2016,GHA,DNK,0.2307929683765787
2016,KWT,SWE,0.22964513080706486
2016,KHM,CZE,0.22945629023800193
2016,MMR,DNK,0.22924422167946046
2016,YEM,DEU,0.22921619500214596
2016,JOR,BEL,0.22809788578755225
2016,GHA,SVN,0.22525427228079092
2016,JEY,SVN,0.22507458563598587
2016,HRV,CZE,0.22295556429765456
2016,LIE,HRV,0.22235262927282545
2016,UZB,PRT,0.21755570730065846
2016,ZMB,BEL,0.2146701411914058
2016,JOR,ROU,0.2132329485880311
2016,ESP,BGR,0.2123879808507123
2016,AZE,GRC,0.2123119697675037
2016,CPV,CYP,0.2106268307118518
2016,PRI,DEU,0.20694796608029042
2016,TLS,LUX,0.2038889541625373
2016,ZMB,ESP,0.20356709984729632
2016,IRN,SVK,0.20147270268857537
2016,ZMB,SWE,0.20042907212303332
2016,YEM,POL,0.1997120487256952
2016,KWT,ITA,0.19721221305264824
2016,CPV,FRA,0.19710405334310785
2016,WSM,HRV,0.19635991673735015
2016,SVN,CZE,0.19484874431010685
2016,SWZ,CYP,0.1927815630989859
2016,BIH,LVA,0.19213383793457794
2016,PRY,FIN,0.19209492168566208
2016,BFA,DNK,0.1914596697069947
2016,BWA,FIN,0.19140604884873433
2016,MKD,BEL,0.19003164283856713
2016,MHL,POL,0.18983224994730571
2016,HRV,HUN,0.18978409140875954
2016,LVA,CZE,0.18803241978170812
2016,SWZ,FRA,0.18602131791328347
2016,ESP,HUN,0.1851268206171228
2016,SRB,BEL,0.18386992415938974
2016,MKD,AUT,0.1833262668310826
2016,MCO,GRC,0.18315290313461557
2016,IMN,CZE,0.18298137367436823
2016,CPV,EST,0.18291038554831412
2016,ESP,LTU,0.18179905564877724
2016,PRY,LTU,0.1817256353394115
2016,SVN,SVK,0.18134148157725652
2016,SVN,LVA,0.18113339877048737
2016,MUS,DNK,0.1807143348074728
2016,IRN,HUN,0.17970066251637046
2016,ROU,ESP,0.17911926030470254
2016,COD,ITA,0.178341104930361
2016,UGA,PRT,0.17680501875646473
2016,LBR,HUN,0.175705479788342
2016,IMN,GRC,0.17293887087594886
2016,SWZ,ROU,0.1726734682679101
2016,CPV,ROU,0.1725761893729364
2016,PRI,CYP,0.17156264994640852
2016,SVN,AUT,0.17006033482157637
2016,IRN,GRC,0.16923425968906802
2016,SWZ,EST,0.16858117467555225
2016,IRN,DNK,0.16857116628857333
2016,IMN,BGR,0.1667368560995687
2016,PRI,FRA,0.16554648553886586
2016,BGR,DNK,0.1653514635571418
2016,BWA,LTU,0.16335882148456152
2016,LIE,CZE,0.161526935720061
2016,LVA,HUN,0.16113537735082822
2016,MHL,DEU,0.15881505825544737
2016,KHM,BGR,0.1581470435516727
2016,MKD,CZE,0.15768023063963318
2016,GTM,SVK,0.155891710199055
2016,IMN,AUT,0.15550207129025484
2016,MHL,ROU,0.15415942365743507
2016,BHR,LUX,0.15390308924261512
2016,PRI,ROU,0.15366779538076883
2016,CYP,ROU,0.1533173462962572
2016,WSM,FIN,0.15204973398547286
2016,SRB,ESP,0.15194726041295953
2016,PRI,EST,0.15002592879468288
2016,YEM,FRA,0.14982844957491429
2016,MHL,CYP,0.1494972855601834
2016,AUT,MLT,0.1494782738808113
2016,ZMB,ITA,0.14895553365245504
2016,FSM,SWE,0.14852642446469072
2016,VUT,SWE,0.14726770122819324
2016,LIE,AUT,0.14702648089587583
2016,LKA,BEL,0.1460940751171358
2016,SSD,BEL,0.14480844579006286
2016,LIE,BGR,0.14256270465835613
2016,LKA,AUT,0.14219598401255476
2016,KHM,SVK,0.14070162142212644
2016,KHM,HUN,0.1400798320514588
2016,SSD,ITA,0.13892752769312994
2016,VGB,MLT,0.13891029903984303
2016,IMN,HUN,0.13744610349340883
2016,SSD,SWE,0.1372000964272614
2016,UZB,HRV,0.13651323317986103
2016,KHM,GRC,0.13538009392375064
2016,YEM,ROU,0.1348097316381645
2016,SSD,ESP,0.13377747588198613
2016,CRI,FIN,0.1331584713236778
2016,YEM,CYP,0.13273212433363263
2016,SGP,LVA,0.13168959138032466
2016,SRB,SVN,0.1315802101766297
2016,MHL,FRA,0.13115670138821206
2016,MKD,LTU,0.13084702448039862
2016,UGA,BGR,0.13006574753260106
2016,ESP,SVN,0.12897623137237063
2016,MHL,EST,0.1280047397924278
2016,GMB,IRL,0.12608417291803395
2016,ROU,ITA,0.12418224103225052
2016,BFA,LTU,0.1234792659862613
2016,SGP,GRC,0.12296559413234598
2016,LKA,CZE,0.122194629224365
2016,GBR,AUT,0.12214633833915435
2016,JOR,ITA,0.12156963763662565
2016,TLS,SVN,0.12133259295681174
2016,MKD,HUN,0.12042326442615149
2016,BWA,PRT,0.11980799023901843
2016,GIB,SVN,0.11925584872499102
2016,LIE,GRC,0.11913695644462564
2016,CRI,LTU,0.11866067579478176
2016,KWT,FIN,0.1182188241617884
2016,VUT,PRT,0.11754769659387998
2016,UGA,HRV,0.11527979050956375
2016,SVN,BGR,0.11453584475223029
2016,WSM,LVA,0.11361593814789722
2016,SRB,SVK,0.11336331482183103
2016,YEM,EST,0.11326131575905377
2016,SVN,HUN,0.11312882987694244
2016,FRO,ESP,0.11256102720098245
2016,UZB,FIN,0.11255510182180586
2016,UGA,AUT,0.11204326007372205
2016,UGA,GRC,0.11198491839629304
2016,LTU,PRT,0.11190149167946953
2016,UGA,CZE,0.11160527360706596
2016,LIE,SVK,0.11156196411254382
2016,BHR,SVN,0.11091422786178728
2016,LIE,LVA,0.11047008453644941
2016,IMN,SVK,0.11040601301622997
2016,PNG,PRT,0.10974330670591752
2016,JOR,SWE,0.1095926928100575
2016,FSM,PRT,0.10866108052486129
2016,LIE,HUN,0.10710943912773796
2016,ASM,MLT,0.10667639714021786
2016,SVN,GRC,0.10625518135692996
2016,AZE,BGR,0.1058956651935566
2016,KHM,DNK,0.1052403115347313
2016,JOR,LTU,0.10422994569832818
2016,WSM,LTU,0.10385399829200687
2016,HRV,AUT,0.10351831258187463
2016,WSM,AUT,0.10237831495140332
2016,LBR,DNK,0.10227736444194443
2016,GNQ,FIN,0.10203156793590881
2016,JOR,AUT,0.10181401912570107
2016,LKA,LTU,0.10151316577472416
2016,MKD,FIN,0.10139722559407359
2016,WSM,CZE,0.09828147804447362
2016,PRY,PRT,0.0971492110401804
2016,XKV,DEU,0.09707792124790096
2016,LKA,PRT,0.09557418789403582
2016,YEM,ESP,0.0954442615039234
2016,IMN,HRV,0.09503824937321567
2016,CYM,MLT,0.09434464582670744
2016,GUY,HRV,0.09432637660283788
2016,GUY,LUX,0.09389497508009524
2016,SRB,DNK,0.09383956682237381
2016,LKA,HUN,0.09347400908230744
2016,XKV,ITA,0.09314816311007638
2016,CPV,BEL,0.0929252835950356
2016,LVA,AUT,0.09261017177470013
2016,GUY,FIN,0.09178952484617184
2016,JOR,FIN,0.0912856454825463
2016,FSM,HRV,0.08897145570231525
2016,PRK,ITA,0.08894174244475327
2016,YEM,BEL,0.08829738330582604
2016,COD,LTU,0.08811071394847972
2016,VUT,HRV,0.08749777128021072
2016,SRB,GRC,0.08738335618924778
2016,SVN,DNK,0.08593062014725945
2016,JOR,CZE,0.0850898771966634
2016,CPV,SWE,0.08496048708024098
2016,SWZ,ESP,0.08469819395694732
2016,SWZ,BEL,0.0845387382204484
2016,CPV,ESP,0.08327935584652411
2016,KWT,LTU,0.08308405801449784
2016,BWA,BGR,0.0817255403176582
2016,SWZ,SWE,0.08061620943415394
2016,SRB,LTU,0.08028535261637545
2016,UZB,LTU,0.07895230276149441
2016,MHL,SWE,0.07853676368783784
2016,UZB,LVA,0.07824187287381301
2016,UGA,HUN,0.07771380515251966
2016,LKA,FIN,0.07664919342773464
2016,UZB,AUT,0.07649721127126127
2016,MCO,CZE,0.07625923602815604
2016,FSM,FIN,0.07613256877022723
2016,KWT,HRV,0.07601556774970457
2016,GNQ,LTU,0.07561781889466614
2016,PNG,DEU,0.07541364242940704
2016,PRI,ESP,0.07537570692622528
2016,PRI,BEL,0.0752338020248273
2016,SWE,MLT,0.07512911045217724
2016,CUW,SVN,0.0745721670823319
2016,WSM,BGR,0.07316137443188767
2016,BWA,GRC,0.07301101919675033
2016,UZB,CZE,0.07204787024846894
2016,PRI,SWE,0.07174301472001535
2016,NPL,SVN,0.0704933855765675
2016,VUT,FIN,0.06946406369895322
2016,SGP,MLT,0.06939783800673792
2016,MCO,BGR,0.06915486108810881
2016,COD,FIN,0.06859362567870761
2016,GNQ,PRT,0.06808703931288214
2016,MCO,MLT,0.06757922659169498
2016,MCO,AUT,0.06729281753190673
2016,GUY,LTU,0.06698793472876069
2016,MHL,BEL,0.06676508081553412
2016,PRY,GRC,0.06673209795549669
2016,MKD,SVK,0.06647535332813609
2016,BWA,CZE,0.06626892418480093
2016,DNK,MLT,0.06565338759515374
2016,JOR,HUN,0.06539325183895246
2016,CYP,SWE,0.06366602951550789
2016,AUT,LVA,0.06351984123442629
2016,GUY,PRT,0.06346120096524234
2016,ZMB,LTU,0.06294560274643961
2016,SWZ,ITA,0.06271712875314808
2016,CRI,PRT,0.06266442830857444
2016,ROU,LTU,0.06254776435001276
2016,WSM,SVK,0.06218420729088317
2016,MKD,ROU,0.06207818461027458
2016,GUY,GRC,0.06198043955376302
2016,BGR,LTU,0.06156169945445729
2016,MKD,CYP,0.06042425066938788
2016,CPV,ITA,0.060146235123766746
2016,KWT,AUT,0.05930843177073608
2016,BGR,ESP,0.059197159758465435
2016,LIE,DNK,0.05900018793619678
2016,WSM,HUN,0.05876212640449179
2016,YEM,PRT,0.058301550191816376
2016,WSM,GRC,0.05776355371735424
2016,KWT,PRT,0.057411149885191255
2016,SVK,LVA,0.057061565777166284
2016,YEM,SWE,0.056694057747072035
2016,MCO,LVA,0.05639657085390012
2016,MCO,HUN,0.05621211247459656
2016,BWA,AUT,0.05581744153552104
2016,PRI,ITA,0.055814034459277496
2016,BWA,HRV,0.05416381937118133
2016,KWT,CZE,0.05251927559777899
2016,ROU,FIN,0.052471571295529505
2016,JOR,PRT,0.052231949676568225
2016,UZB,BGR,0.05222718541767845
2016,FSM,LVA,0.05186926438186486
2016,MUS,LVA,0.051579511119311826
2016,BRB,SVN,0.051307461137615716
2016,LKA,SVK,0.051263770700949285
2016,EST,PRT,0.05109902079628531
2016,AZE,DNK,0.05093985275378099
2016,MKD,LVA,0.05065164725513468
2016,VUT,LVA,0.050241186049086846
2016,BIH,MLT,0.05017699124671526
2016,GUY,AUT,0.04953047419450071
2016,WSM,DNK,0.04917841180657933
2016,FSM,LTU,0.04911298098861171
2016,VUT,LTU,0.04905743456241499
2016,COD,PRT,0.048711525592993875
2016,GUY,CZE,0.04850585849276064
2016,BWA,HUN,0.04811392140658419
2016,VUT,AUT,0.04773676750037064
2016,GUY,LVA,0.04743877122859651
2016,PRY,BGR,0.047328585285597594
2016,MCO,HRV,0.047286858761035166
2016,FSM,AUT,0.04688733331033601
2016,MHL,ESP,0.0459149788646039
2016,KWT,LVA,0.04571300853117763
2016,KAZ,SVN,0.045644301250669206
2016,GMB,POL,0.04551805490122293
2016,VUT,CZE,0.045504863379528776
2016,LKA,CYP,0.04523286113503871
2016,FSM,CZE,0.045107643415596796
2016,GNQ,HRV,0.04495854218821229
2016,GUY,BGR,0.04469949933461844
2016,GGY,SVN,0.04425808370759035
2016,SSD,FIN,0.0442084733349515
2016,GNQ,BGR,0.04387750956480275
2016,UZB,HUN,0.04371335596996001
2016,XKV,ESP,0.04370070106729126
2016,UZB,SVK,0.04347422076608266
2016,UZB,GRC,0.042740034885145314
2016,GMB,DEU,0.042655111639571815
2016,CRI,GRC,0.042617313675912497
2016,FRO,POL,0.04259742856783546
2016,MKD,HRV,0.04250883168777466
2016,MMR,SVN,0.04229357079275681
2016,MKD,GRC,0.04208905426020579
2016,GNQ,AUT,0.04196775117333541
2016,BFA,PRT,0.04173532222083437
2016,ZMB,PRT,0.04168073909701356
2016,BHR,MLT,0.04063417802451593
2016,ZMB,FIN,0.04026291263923441
2016,SRB,MLT,0.04025285227568065
2016,MKD,EST,0.03992072490483508
2016,UGA,DNK,0.03980228065749786
2016,GNQ,CZE,0.0392466474957383
2016,LKA,LVA,0.03872708413172888
2016,KWT,BGR,0.03681901751422187
2016,FRO,FRA,0.03666435514844702
2016,GNQ,GRC,0.03647214440794778
2016,GTM,SVN,0.036363215702620744
2016,TLS,MLT,0.03630420194869982
2016,GTM,MLT,0.03630266790230946
2016,YEM,HRV,0.03575837849669985
2016,CYP,GRC,0.035609978536156696
2016,MCO,SVK,0.03553611516993373
2016,JOR,SVK,0.034919853210199046
2016,NER,POL,0.03481726258433942
2016,KWT,GRC,0.03465704180691727
2016,KWT,HUN,0.03444194105008494
2016,UZB,DNK,0.034144967219175655
2016,PNG,ESP,0.0339482860967665
2016,SSD,LTU,0.033650926196364624
2016,VUT,BGR,0.033249315862389626
2016,FSM,BGR,0.03321300742498892
2016,FSM,GRC,0.032828883551637676
2016,COD,GRC,0.03274615971173698
2016,IRN,SVN,0.03267182372414998
2016,GMB,CYP,0.032399926919680855
2016,GMB,FRA,0.03212795786877525
2016,CRI,BGR,0.031551396628890324
2016,JOR,GRC,0.0306797295756787
2016,GUY,HUN,0.030407853288305996
2016,IMN,DNK,0.0300984123170897
2016,VUT,GRC,0.029994419217953934
2016,BFA,BGR,0.029754404214597272
2016,VCT,POL,0.029706563542400623
2016,NER,DEU,0.02962703519117753
2016,LKA,EST,0.029592833212582114
2016,SSD,PRT,0.029502324244246956
2016,LBR,LVA,0.029181410902440755
2016,LKA,ROU,0.029159205413853043
2016,GMB,ROU,0.02865838065620635
2016,LKA,GRC,0.02863196068099015
2016,FSM,SVK,0.028602837109920405
2016,VUT,SVK,0.027923505891110312
2016,YEM,FIN,0.027915688420782736
2016,GMB,EST,0.027802760480603237
2016,KWT,SVK,0.02769943093750538
2016,VUT,HUN,0.027632456620216066
2016,ZMB,BGR,0.02760905133536461
2016,FSM,HUN,0.027322164286608813
2016,FSM,DNK,0.027115670741616762
2016,CPV,LTU,0.026923201245120362
2016,GNQ,HUN,0.02671377622997834
2016,HKG,MLT,0.02651072300817125
2016,GUY,DNK,0.02644852434687686
2016,JOR,LVA,0.026380113570419802
2016,ROU,GRC,0.0261265470190727
2016,ZMB,GRC,0.026069942400507223
2016,IMN,LVA,0.025781270078033613
2016,BFA,GRC,0.025608669640590033
2016,BFA,HRV,0.02544689554047637
2016,BFA,CZE,0.025414833742773812
2016,JEY,MLT,0.02539553436717782
2016,GUY,SVK,0.025363491475493244
2016,SWZ,LTU,0.0250921911281306
2016,COD,BGR,0.024977823265723096
2016,BFA,AUT,0.024907268499788814
2016,VCT,DEU,0.02485114794869625
2016,NER,CYP,0.02456121103157828
2016,ALB,DEU,0.024557613805411313
2016,FSM,LUX,0.0240897662541166
2016,NER,FRA,0.023699926342512903
2016,VCT,CYP,0.02339552095799574
2016,PRY,CZE,0.023375201665486747
2016,NPL,MLT,0.0231396445566289
2016,FRO,BEL,0.022903365002236217
2016,VUT,DNK,0.022477485545242887
2016,PRI,LTU,0.022330365693183307
2016,FRO,AUT,0.022292256007510686
2016,HRV,LVA,0.02222683120264417
2016,NER,ROU,0.02199935214502359
2016,NER,EST,0.02147797611243344
2016,YEM,LVA,0.020911253625338928
2016,ROU,PRT,0.020883599936434516
2016,VCT,FRA,0.02052384000265505
2016,PRY,AUT,0.020457119189717467
2016,KHM,SVN,0.02027687168854418
2016,PRY,HUN,0.02024858098962654
2016,CYP,MLT,0.020097129927383123
2016,VCT,EST,0.02003213813041291
2016,ESP,AUT,0.019554071087688463
2016,BFA,LVA,0.01952893805429965
2016,GMB,ITA,0.019321868873618187
2016,YEM,AUT,0.019260736717571274
2016,FRO,CZE,0.019156616667682293
2016,YEM,LTU,0.01906920631330179
2016,SSD,BGR,0.019020524013322264
2016,ZMB,CZE,0.01900381094430688
2016,BWA,DNK,0.01885278548620315
2016,KWT,DNK,0.018834857157134434
2016,MHL,GRC,0.0186651454730002
2016,MHL,LTU,0.018409174166734196
2016,MHL,FIN,0.018360453398773385
2016,SSD,HRV,0.01833676221287487
2016,YEM,CZE,0.018085706815073706
2016,BFA,HUN,0.017798757613405845
2016,SWZ,PRT,0.017683815517437328
2016,CPV,FIN,0.01747265463783495
2016,GMB,BEL,0.01738710325669749
2016,SSD,AUT,0.01735282671789254
2016,MMR,MLT,0.017336111437679554
2016,SSD,CZE,0.016755340961337687
2016,CPV,PRT,0.016686690875560448
2016,FRO,ITA,0.01655992271680335
2016,XKV,POL,0.01653802864426971
2016,GMB,SWE,0.016509022778077708
2016,CRI,CZE,0.016405698676934685
2016,GMB,ESP,0.016102566013761845
2016,SSD,GRC,0.016015992318948655
2016,CYP,FIN,0.01594824573892768
2016,FRO,LTU,0.015914355776624617
2016,ZMB,HUN,0.01581976416205055
2016,SWZ,FIN,0.01581477461472353
2016,PNG,ROU,0.015773894366107235
2016,PRI,PRT,0.015737408715672595
2016,VCT,ROU,0.015579944698812784
2016,GNQ,DNK,0.015433812489092045
2016,BGR,LVA,0.015411233569662848
2016,LTU,ROU,0.01530864954432386
2016,FRO,HUN,0.014654046350051618
2016,MKD,SWE,0.01456781390568664
2016,LKA,HRV,0.014276200613798317
2016,XKV,FRA,0.014234571805269557
2016,PRI,FIN,0.014074087778892136
2016,CRI,HUN,0.0140671072385741
2016,CRI,SVN,0.013766651998409256
2016,COD,CZE,0.013539478440036041
2016,CUW,MLT,0.013449989089451176
2016,DJI,IRL,0.013017875063483404
2016,YEM,BGR,0.012990748990106299
2016,BTN,IRL,0.012909407474114265
2016,PNG,POL,0.012847339154300383
2016,SWZ,BGR,0.01253464059881395
2016,VUT,LUX,0.01249728618335958
2016,FRO,FIN,0.01192331421165981
2016,YEM,SVK,0.01157497448988595
2016,SSD,HUN,0.011515552094155754
2016,CRI,AUT,0.011499079056768358
2016,XKV,PRT,0.011453576070293355
2016,COD,HUN,0.011399363044601575
2016,UGA,LVA,0.011325510346267829
2016,PRI,BGR,0.011154988696477016
2016,BRB,MLT,0.011092629519278419
2016,PNG,FRA,0.011057930520751939
2016,ALB,ESP,0.011054881749020449
2016,YEM,HUN,0.010826943516933257
2016,SWZ,GRC,0.010819590883448044
2016,BTN,ITA,0.010799082971256353
2016,NER,ESP,0.010790918915321706
2016,NER,BEL,0.010770603559789834
2016,FSM,SVN,0.010767427464975558
2016,CPV,GRC,0.010694410880643535
2016,YEM,GRC,0.010583725429630635
2016,VCT,BEL,0.010446951897354825
2016,NER,SWE,0.010270856303107664
2016,CPV,BGR,0.010176402378041956
2016,WSM,SVN,0.010113152625427634
2016,CRI,DNK,0.009818016390085846
2016,JOR,HRV,0.00972466174486769
2016,JOR,BGR,0.009663768013447503
2016,PRI,GRC,0.009628709579179225
2016,KHM,MLT,0.009255293289639912
2016,AZE,SVN,0.009189231090490326
2016,SWZ,CZE,0.009023150542308914
2016,XKV,BEL,0.008892004029162322
2016,YEM,DNK,0.008873371927763773
2016,SRB,LVA,0.008746118427163592
2016,VCT,SWE,0.008741122569675987
2016,DJI,POL,0.00872708053206657
2016,XKV,AUT,0.00865474703034026
2016,LIE,SVN,0.008622399964630769
2016,ROU,AUT,0.008464935731181691
2016,FRO,PRT,0.008442231774333002
2016,PRK,PRT,0.008385532075076245
2016,FRO,SVK,0.008036690405229646
2016,PRI,CZE,0.008029998268605353
2016,NER,ITA,0.007990435443299086
2016,SWZ,HUN,0.007508720500784285
2016,XKV,CZE,0.007437366193898469
2016,DJI,DEU,0.00740933805543215
2016,VCT,ESP,0.007183818938759578
2016,MHL,MLT,0.007156700456065538
2016,FRO,CYP,0.007091216586576979
2016,EST,ROU,0.0069905860028134795
2016,PNG,BEL,0.006907630527271856
2016,BTN,DEU,0.006771141625536088
2016,PNG,AUT,0.006723320704368351
2016,PRI,HUN,0.006682257193650964
2016,SVN,MLT,0.006676464664273062
2016,CPV,CZE,0.006582423702013683
2016,MKD,BGR,0.006551402731586872
2016,COD,AUT,0.006451963128076065
2016,UZB,SVN,0.006451960945353454
2016,LTU,SWE,0.006357016719087854
2016,SSD,DNK,0.0063215503368672
2016,DJI,CYP,0.006252289549415222
2016,AZE,MLT,0.006196976979778305
2016,XKV,LTU,0.006178590598955746
2016,PNG,SWE,0.0060946686196799325
2016,FRO,LVA,0.006071297159930207
2016,DJI,FRA,0.005952381758181883
2016,BTN,POL,0.005907706736801703
2016,PNG,CZE,0.0057776152141839005
2016,XKV,HUN,0.005689287979101233
2016,GGY,MLT,0.005551029696741051
2016,CPV,HUN,0.005482352059538364
2016,DJI,EST,0.005450652885193098
2016,DJI,ROU,0.005388777818325788
2016,BWA,LVA,0.005349525855112611
2016,IOT,IRL,0.005279837126466252
2016,GMB,FIN,0.005265323405082794
2016,SRB,AUT,0.005176328728725273
2016,PNG,FIN,0.005121536445241128
2016,STP,DEU,0.0048679644429992135
2016,LKA,BGR,0.004860561066159341
2016,VCT,ITA,0.004811290389109076
2016,PNG,LTU,0.004799752777539201
2016,VUT,SVN,0.004773577193245796
2016,XKV,FIN,0.004745457052165807
2016,PNG,GRC,0.004697250650530583
2016,FRO,EST,0.004639308335910528
2016,IMN,MLT,0.004432101377527312
2016,PNG,HUN,0.004419644794805916
2016,GNQ,LVA,0.004400340694387875
2016,BTN,FRA,0.004396229550484521
2016,SRB,BGR,0.00431749784079993
2016,FRO,GRC,0.004280830774769109
2016,ALB,POL,0.004183593090252611
2016,GUY,SVN,0.004145382438418353
2016,SMR,IRL,0.004039033248408858
2016,GMB,LTU,0.004025113754210798
2016,BTN,ROU,0.003918672800065286
2016,MKD,MLT,0.003905346329117129
2016,BTN,CYP,0.0038862209990677262
2016,GMB,PRT,0.00379548594410527
2016,WSM,MLT,0.0037392830176245224
2016,FRO,ROU,0.0036764798637159706
2016,ALB,FRA,0.0036008920729415053
2016,LTU,GRC,0.0035556360376700945
2016,KWT,SVN,0.003513183886118001
2016,STP,POL,0.0034954679740246135
2016,IOT,POL,0.0033351608971132424
2016,BTN,EST,0.0033173074018268637
2016,STP,FRA,0.0032344535181273457
2016,NER,LTU,0.0031968544690462357
2016,GIB,MLT,0.003189351633441561
2016,GUF,IRL,0.0031229259050340992
2016,XKV,SVK,0.0031201652446029133
2016,EST,SWE,0.002902886500042978
2016,VCT,LTU,0.002880771975673244
2016,BTN,ESP,0.0028404623749216356
2016,XKV,CYP,0.002753094423170947
2016,DJI,BEL,0.00274913334858953
2016,UZB,MLT,0.0026977713294415798
2016,PLW,IRL,0.0026888720670432023
2016,STP,ROU,0.0026714069017705786
2016,DJI,ESP,0.0026252318990896977
2016,ROU,BGR,0.0025950985097490547
2016,BTN,BEL,0.0025948089491082725
2016,DJI,SWE,0.0025735600737802084
2016,XKV,ROU,0.002545866988396818
2016,LKA,SWE,0.002473946219801158
2016,PNG,SVK,0.0024238572793114396
2016,XKV,LVA,0.0023571208336884172
2016,GMB,BGR,0.0023007436836516423
2016,STP,ESP,0.0022959726533218093
2016,PLW,ITA,0.0022953140443957103
2016,LVA,MLT,0.0022803502200358134
2016,NER,PRT,0.002252995140122721
2016,ALB,BEL,0.0022493930452703345
2016,GMB,HRV,0.0022449646272901286
2016,STP,CYP,0.002243396608195792
2016,FRO,HRV,0.0022380992058768302
2016,MHL,BGR,0.002206869535639298
2016,ALB,AUT,0.0021893746015829744
2016,STP,BEL,0.0021425241370311796
2016,PNG,CYP,0.00213870338110374
2016,GMB,AUT,0.002112000730993261
2016,SMR,DEU,0.0020791902852994705
2016,GUF,BEL,0.0020697436658785005
2016,GMB,CZE,0.00203724412032372
2016,NER,FIN,0.002014871186253573
2016,LTU,MLT,0.0020066869557639985
2016,IOT,CYP,0.0019937048850839616
2016,VCT,FIN,0.0019840736628219126
2016,SMR,POL,0.0019485540569345536
2016,LIE,MLT,0.0019414213863761997
2016,STP,HRV,0.001937442294390462
2016,GMB,GRC,0.0019323989544567798
2016,MHL,AUT,0.0019270880289765154
2016,DJI,ITA,0.0019239438012880797
2016,PNG,MLT,0.0019238728729615087
2016,XKV,GRC,0.0019217788027520867
2016,STP,EST,0.0019112270697984348
2016,IOT,DEU,0.0019039429446553143
2016,ALB,CZE,0.0018814161281098675
2016,PNG,LVA,0.0018310967666968624
2016,XKV,EST,0.0018011653925706966
2016,SSD,LVA,0.0017996972137514656
2016,YEM,SVN,0.0017435052658377583
2016,SMR,ITA,0.0017233872178559699
2016,IOT,EST,0.001696725670751182
2016,BTN,SWE,0.001628153468285314
2016,EST,GRC,0.0016236559236704091
2016,GUF,DEU,0.001608766071323205
2016,NER,BGR,0.0015969678220441696
2016,LTU,FIN,0.001592423236913019
2016,IOT,ITA,0.0015810376703288749
2016,ALB,LTU,0.0015629861027146887
2016,STP,ITA,0.0015099727705895699
2016,VUT,MLT,0.0014487535615007457
2016,ALB,HUN,0.0014392081662086271
2016,GUF,POL,0.001436049043627713
2016,SMR,CYP,0.0014247270243032651
2016,SMR,FRA,0.0014240050568585963
2016,IOT,FRA,0.0014118655694227713
2016,PNG,EST,0.0013992104602722532
2016,GMB,HUN,0.0013966006735572605
2016,FSM,MLT,0.0013907159591394144
2016,STP,LVA,0.0013805353711104356
2016,NER,GRC,0.0013784630163376126
2016,BTN,PRT,0.0013439238361440818
2016,ALB,ITA,0.0013283720553690472
2016,IOT,ROU,0.0012727667233446006
2016,VCT,PRT,0.001265602419216608
2016,SMR,EST,0.0012252739531058514
2016,SMR,ROU,0.0012166332677568514
2016,GUF,FRA,0.0011913932021816768
2016,ALB,FIN,0.0011706167342126071
2016,WLF,ITA,0.0011512636275650438
2016,NER,CZE,0.0011495886903124454
2016,PRK,ROU,0.00114718016581705
2016,WLF,IRL,0.0011063021950599716
2016,BTN,HRV,0.0010828547618058479
2016,ZMB,AUT,0.001054817852531956
2016,PLW,DEU,0.0010339050675736987
2016,STP,SVK,0.0009731779716123992
2016,GUF,CYP,0.000972402313112151
2016,NER,HUN,0.0009566437050943858
2016,GUF,ROU,0.0009414911963524702
2016,VCT,GRC,0.0009364224819745714
2016,EST,MLT,0.0009163393351174773
2016,CRI,LVA,0.0009150674600839106
2016,ATG,IRL,0.0009063426395516477
2016,CPV,AUT,0.0009002107358768738
2016,PLW,POL,0.0008985819947654034
2016,NRU,IRL,0.000880736756637992
2016,GUY,MLT,0.0008698098690638064
2016,XKV,HRV,0.0008689197921082194
2016,IOT,SWE,0.0008400006847656861
2016,GUF,EST,0.0008323015598390042
2016,DJI,LTU,0.0008073268364769201
2016,ALB,PRT,0.0008010339643176386
2016,BTN,FIN,0.0008008175012299369
2016,SMR,ESP,0.0007914291146914904
2016,ALB,SVK,0.0007893021616146508
2016,LKA,MLT,0.0007809379506003513
2016,IOT,BEL,0.0007762013902439376
2016,GMB,DNK,0.000775320524861745
2016,ABW,POL,0.0007695652212439587
2016,FRO,BGR,0.0007619967074273802
2016,SMR,BEL,0.0007513315824785847
2016,IOT,ESP,0.0007502023450352033
2016,YEM,MLT,0.0007495028310102746
2016,NRU,ITA,0.0007317943141600428
2016,EST,FIN,0.0007271687524290211
2016,ALB,CYP,0.0006964449665276038
2016,SMR,SWE,0.0006931945042286981
2016,PNG,HRV,0.000675008340305812
2016,STP,CZE,0.0006673667516933217
2016,PLW,FRA,0.0006650714079705373
2016,ABW,DEU,0.0006548457345396348
2016,STP,AUT,0.000644081710035866
2016,BTN,LVA,0.0006351399285061003
2016,PLW,CYP,0.0006055864307039121
2016,ALB,LVA,0.0005962762941595323
2016,PLW,ROU,0.000592377657728833
2016,BTN,AUT,0.0005760787813768064
2016,GLP,DEU,0.000574257541952329
2016,GUF,ESP,0.000571228464355361
2016,BTN,LTU,0.0005597848635151403
2016,LBR,MLT,0.0005562017572696282
2016,GUF,ITA,0.0005483844503828065
2016,BTN,CZE,0.0005474420978165772
2016,ABW,CYP,0.0005428759298853625
2016,DJI,PRT,0.0005388999467626185
2016,STP,FIN,0.0005343449115908743
2016,ATG,BEL,0.0005266568043003521
2016,ABW,FRA,0.0005238389725516528
2016,PLW,EST,0.0005167964598255742
2016,DJI,FIN,0.0005154538046934182
2016,ABW,ROU,0.00048625121689847655
2016,FLK,IRL,0.0004803979658644025
2016,WLF,DEU,0.00048028350921965973
2016,PRK,SWE,0.0004763740572145326
2016,ABW,EST,0.00047472725343639756
2016,XKV,SWE,0.00047077848770076555
2016,ALB,EST,0.00045563732249138603
2016,STP,PRT,0.0004321010038128434
2016,MKD,DNK,0.00043088709778984607
2016,GUF,SWE,0.0004302479235802927
2016,WLF,POL,0.00042724049491021113
2016,STP,DNK,0.00042674279661438196
2016,PLW,ESP,0.0004218407098557208
2016,ALB,GRC,0.000419537617544231
2016,ATG,DEU,0.0004100375926655561
2016,STP,BGR,0.00039409539390287306
2016,NRU,DEU,0.0003927250646643575
2016,BTN,BGR,0.0003899677637897776
2016,PLW,BEL,0.00038515157965888954
2016,ATG,POL,0.0003690837370103557
2016,IOT,FIN,0.00036688317175769767
2016,DJI,BGR,0.00036027678463716403
2016,ALB,ROU,0.00035723183499551295
2016,BTN,SVK,0.00035177248034485507
2016,STP,LTU,0.0003504355819155346
2016,VCT,BGR,0.0003450678977420558
2016,STP,HUN,0.00034285885089699124
2016,MAF,DEU,0.0003410651366092045
2016,NRU,POL,0.0003408741698419864
2016,DJI,GRC,0.00033609159289537175
2016,BTN,HUN,0.0003275613720329922
2016,WLF,FRA,0.000318121040269418
2016,ATG,FRA,0.0003062687452974163
2016,VCT,AUT,0.0003009047013395489
2016,BTN,GRC,0.0003005415316992738
2016,XKV,BGR,0.00029583765494682233
2016,WLF,ROU,0.00028798984862839737
2016,WLF,CYP,0.000286371327544419
2016,PLW,SWE,0.0002723196721814459
2016,BTN,DNK,0.0002709675752847475
2016,PRK,GRC,0.0002664477442944569
2016,PLW,PRT,0.0002638635568972708
2016,NRU,FRA,0.0002584400464847306
2016,SOM,DEU,0.00025726514019763335
2016,ATG,CYP,0.00025413177395479706
2016,SMR,PRT,0.00025314896054165844
2016,GLP,ESP,0.00024977619493718315
2016,DJI,CZE,0.0002495803173895704
2016,SOM,CYP,0.00024463282159647705
2016,WLF,EST,0.0002445327934312893
2016,ATG,ROU,0.00024177996479503061
2016,MUS,SVK,0.00023965926395036233
2016,ABW,ESP,0.0002385114534027266
2016,ABW,BEL,0.000238062423527484
2016,PNG,BGR,0.00022981739658744862
2016,NRU,CYP,0.00022929556646164207
2016,ABW,SWE,0.00022701652044354484
2016,NRU,ROU,0.00022566822278296292
2016,GMB,LVA,0.00022059246968079573
2016,ALB,HRV,0.00021980895767206515
2016,ATG,EST,0.0002176210049910852
2016,GUF,LUX,0.00021444849047501445
2016,SMR,FIN,0.0002141852126496328
2016,NRU,BEL,0.00020888153541891077
2016,DJI,HUN,0.0002077531069726163
2016,SOM,EST,0.00020708200218678155
2016,GUF,HRV,0.00020511601138443566
2016,STP,GRC,0.0001999723516046848
2016,IOT,LTU,0.00019844542003532193
2016,WLF,ESP,0.00019799200645886664
2016,SOM,FRA,0.00019605149044866742
2016,NRU,EST,0.00019591046274149233
2016,SMR,LTU,0.00019268051863905955
2016,GNQ,MLT,0.00019124910372366095
2016,WLF,BEL,0.00018557653690576785
2016,SOM,SVK,0.00018520602490429677
2016,IOT,PRT,0.00018278061141950642
2016,GUF,FIN,0.00017771460187174522
2016,ABW,ITA,0.00017661242623146037
2016,FLK,POL,0.00017513084910628305
2016,FLK,DEU,0.0001674512979566724
2016,SXM,DEU,0.00016725281619887328
2016,MHL,HRV,0.00016700081466139904
2016,NRU,ESP,0.00015710688881405733
2016,PRK,MLT,0.00015037456230159777
2016,XKV,MLT,0.00014860823749083684
2016,MAF,ESP,0.0001470997508583893
2016,ATG,ESP,0.00014274715648638294
2016,ATG,ITA,0.00013578099500478557
2016,GUF,PRT,0.0001339242241891772
2016,WLF,PRT,0.00013151616410101392
2016,GUF,GRC,0.0001298700510521563
2016,PLW,HRV,0.00012892517783675753
2016,LBR,SVK,0.00012720099825036245
2016,GUF,LTU,0.00012614786731028954
2016,WLF,SWE,0.00012568234992538617
2016,FLK,FRA,0.00012503654109935532
2016,STP,SVN,0.0001236469716231599
2016,FLK,CYP,0.0001234774540594877
2016,PLW,FIN,0.0001226758822097333
2016,PRK,FIN,0.00011933099308881494
2016,ATG,SWE,0.00011675782960469774
2016,SOM,BEL,0.00011605605638885733
2016,GLP,FRA,0.00011229572547344512
2016,IOT,HRV,0.0001122732260788648
2016,STP,SWE,0.00011173787263912474
2016,FLK,ROU,0.00011111272684096798
2016,GUF,LVA,0.00010745682829482588
2016,FLK,EST,0.00010591032362942696
2016,IOT,AUT,0.00010474632388753524
2016,IOT,BGR,0.00010469927047711959
2016,NRU,SWE,0.0001029184960710001
2016,GUF,AUT,0.00010242609870698361
2016,SMR,CZE,0.0001005806774985587
2016,GUF,CZE,0.00010041479919522977
2016,IOT,DNK,9.995485965793948e-05
2016,SOM,SWE,9.768485479862737e-05
2016,IOT,CZE,9.627567768122149e-05
2016,SMR,BGR,9.55156269746356e-05
2016,SMR,AUT,9.291230031008158e-05
2016,GLP,POL,9.005329626996708e-05
2016,SMR,GRC,8.964995122920385e-05
2016,GUF,BGR,8.935185076549356e-05
2016,BWA,MLT,8.835049929784487e-05
2016,PLW,LTU,8.752309671748918e-05
2016,NRU,PRT,8.751219063977882e-05
2016,IOT,GRC,8.641355253021947e-05
2016,IOT,SVN,8.62013440049482e-05
2016,PLW,AUT,7.971808000497984e-05
2016,SSD,MLT,7.71595277454389e-05
2016,SMR,HRV,7.512897534533399e-05
2016,ALB,BGR,7.483747886123674e-05
2016,PLW,CZE,7.337155753872679e-05
2016,SXM,ESP,7.266401578717493e-05
2016,SMR,HUN,7.261162743963168e-05
2016,PLW,LVA,7.126858653603778e-05
2016,MAF,FRA,7.071076606315892e-05
2016,ABW,LTU,7.066000696628235e-05
2016,WLF,HRV,6.972583561954621e-05
2016,GLP,BEL,6.90107080423001e-05
2016,FLK,BEL,6.871060024024859e-05
2016,SOM,ESP,6.659566977075704e-05
2016,IOT,HUN,6.514259480213267e-05
2016,FLK,ESP,6.43613761354779e-05
2016,GUF,HUN,6.213749231311321e-05
2016,FLK,SWE,6.029009577319057e-05
2016,FLK,ITA,6.0205764930404313e-05
2016,WLF,FIN,5.908643380465499e-05
2016,GLP,CYP,5.8396241107675256e-05
2016,GUF,SVK,5.794824310596176e-05
2016,SMR,SVK,5.787609647925561e-05
2016,GUF,DNK,5.770866291031748e-05
2016,BTN,SVN,5.7202362576441234e-05
2016,ATG,LUX,5.4629010921565235e-05
2016,PLW,BGR,5.319039496858349e-05
2016,MAF,POL,5.237319479806966e-05
2016,GLP,SVK,4.985097184850543e-05
2016,ABW,PRT,4.9797904107773535e-05
2016,NRU,HRV,4.919722622393947e-05
2016,GLP,AUT,4.76854590014048e-05
2016,PLW,GRC,4.702151818871189e-05
2016,GLP,EST,4.6550158645829593e-05
2016,SOM,ITA,4.617035321108453e-05
2016,ATG,FIN,4.581116787249958e-05
2016,PLW,HUN,4.543369527507236e-05
2016,NRU,FIN,4.529822103930443e-05
2016,ABW,FIN,4.453465537307196e-05
2016,ATG,HRV,4.4053438917478846e-05
2016,MAF,BEL,4.333294677443565e-05
2016,MAF,CYP,4.0702469300740255e-05
2016,WLF,LTU,4.0541679643753044e-05
2016,GLP,CZE,4.049813649098028e-05
2016,PLW,SVK,4.0101215916288254e-05
2016,WLF,LVA,3.973072358693411e-05
2016,WLF,AUT,3.8571437827740934e-05
2016,GLP,LTU,3.7769928873240576e-05
2016,GLP,ITA,3.6785642178184755e-05
2016,WLF,CZE,3.630049559258204e-05
2016,ABW,BGR,3.529774611987123e-05
2016,MAF,SVK,3.4095321289709476e-05
2016,ATG,PRT,3.355612729425424e-05
2016,ATG,GRC,3.313628545845217e-05
2016,SXM,FRA,3.297460535038504e-05
2016,PLW,DNK,3.2841535462876736e-05
2016,MAF,EST,3.277838463229785e-05
2016,ATG,LTU,3.276155318870132e-05
2016,NRU,LTU,3.27244531292141e-05
2016,GLP,HUN,3.097945631655964e-05
2016,ABW,GRC,3.046813900359928e-05
2016,NRU,AUT,2.922542113908377e-05
2016,GLP,FIN,2.865934213603711e-05
2016,MAF,AUT,2.7819624198602385e-05
2016,NRU,CZE,2.7564625182718822e-05
2016,NRU,LVA,2.6966503529485244e-05
2016,WLF,BGR,2.6918876109017645e-05
2016,SXM,POL,2.6153770150512152e-05
2016,ABW,CZE,2.5409334598228146e-05
2016,SMR,DNK,2.525230713560381e-05
2016,UGA,SVK,2.506024780985801e-05
2016,ATG,AUT,2.386813357379943e-05
2016,BFA,MLT,2.369170452030335e-05
2016,MAF,CZE,2.3552905659804107e-05
2016,SOM,LTU,2.325495456193117e-05
2016,ATG,CZE,2.3245114342391592e-05
2016,MAF,ITA,2.2665928044159303e-05
2016,WLF,GRC,2.2637510867530994e-05
2016,MAF,LTU,2.2606980002131827e-05
2016,WLF,HUN,2.1955273821145942e-05
2016,WLF,SVK,2.190673742794916e-05
2016,ATG,BGR,2.1884999585473668e-05
2016,ATG,LVA,2.1315469229829442e-05
2016,ABW,HUN,2.114467565562548e-05
2016,NRU,BGR,2.06725858098786e-05
2016,FLK,FIN,2.0390990822421247e-05
2016,NRU,GRC,2.029843043290301e-05
2016,SXM,BEL,2.0256206831099493e-05
2016,SOM,FIN,1.950867499343998e-05
2016,GLP,PRT,1.862017013829822e-05
2016,MAF,HUN,1.8017031775732697e-05
2016,WLF,DNK,1.747596695637825e-05
2016,SXM,CYP,1.7410294804311775e-05
2016,GLP,SWE,1.7332151692033486e-05
2016,MAF,FIN,1.7205223606548227e-05
2016,NRU,HUN,1.7131379359274086e-05
2016,IOT,LVA,1.710076727721082e-05
2016,SRB,HUN,1.7007668230913554e-05
2016,GNQ,SVK,1.6666413095281943e-05
2016,FRO,SWE,1.6252381073776206e-05
2016,FLK,LTU,1.55316557561517e-05
2016,BTN,MLT,1.5293371453764646e-05
2016,NRU,SVK,1.5101184576806974e-05
2016,SXM,SVK,1.4819084884948908e-05
2016,ATG,HUN,1.4785923669521336e-05
2016,SXM,EST,1.3900733606656893e-05
2016,SXM,AUT,1.385486767779207e-05
2016,GMB,MLT,1.3679472255652982e-05
2016,FLK,PRT,1.3585146569264912e-05
2016,SMR,LVA,1.355061589717415e-05
2016,FLK,HRV,1.310429582035341e-05
2016,GLP,LVA,1.283505460935354e-05
2016,MAF,SWE,1.2771549763243547e-05
2016,ATG,DNK,1.274034314543416e-05
2016,NRU,DNK,1.2682585686476197e-05
2016,MHL,HUN,1.2419391556056971e-05
2016,DJI,AUT,1.1832089876119291e-05
2016,SXM,CZE,1.1761689990046538e-05
2016,ATG,SVK,1.1411081959370285e-05
2016,MAF,PRT,1.1043051889938062e-05
2016,SXM,LTU,1.1012177611378122e-05
2016,SXM,ITA,1.0768518912837771e-05
2016,GLP,GRC,1.0754191849275304e-05
2016,GUF,SVN,1.0643886080708694e-05
2016,SOM,GRC,9.713723105893392e-06
2016,FLK,AUT,9.36936321024963e-06
2016,FLK,BGR,9.346267446275892e-06
2016,NRU,LUX,9.259857189536578e-06
2016,FLK,CZE,9.085449727163403e-06
2016,SXM,HUN,8.997222905224686e-06
2016,SXM,FIN,8.359331739910918e-06
2016,SOM,PRT,7.764420881515236e-06
2016,GLP,ROU,7.689539489121887e-06
2016,FLK,GRC,7.483597635362584e-06
2016,MAF,LVA,7.464610882030743e-06
2016,MAF,GRC,6.522065597754375e-06
2016,MHL,LVA,6.223262811957442e-06
2016,FLK,HUN,5.925404810599155e-06
2016,PLW,SVN,5.719067329750607e-06
2016,SXM,PRT,5.42207122021866e-06
2016,SXM,SWE,5.213604055379351e-06
2016,FRO,MLT,5.130306013342054e-06
2016,MHL,CZE,4.851404332764861e-06
2016,GLP,HRV,4.731464260746238e-06
2016,SSD,SVK,4.724827969035682e-06
2016,MAF,ROU,4.472082269636357e-06
2016,PSE,DEU,4.375214187676827e-06
2016,FLK,LVA,4.290792553609982e-06
2016,MHL,SVK,4.2772692995674395e-06
2016,PSE,CYP,4.1603809633831084e-06
2016,FLK,DNK,3.924716918211174e-06
2016,SXM,LVA,3.727626661393577e-06
2016,PSE,EST,3.521767905609409e-06
2016,PLW,MLT,3.460377822447799e-06
2016,PSE,FRA,3.3341760250426984e-06
2016,WLF,SVN,3.2923344697419803e-06
2016,PSE,SVK,3.1497311574433095e-06
2016,SOM,AUT,3.147221932613451e-06
2016,SXM,GRC,3.141180867507362e-06
2016,MHL,DNK,2.9773278984930562e-06
2016,BFA,SVK,2.8428937299273392e-06
2016,MAF,HRV,2.7517249192666105e-06
2016,SXM,ROU,2.233238056704551e-06
2016,NRU,SVN,2.1991156144756127e-06
2016,GUF,MLT,2.12075903040566e-06
2016,SMR,MLT,2.086256371010691e-06
2016,PSE,BEL,1.973722922927984e-06
2016,FLK,SVK,1.92079018050559e-06
2016,ATG,SVN,1.8688799311986188e-06
2016,GLP,BGR,1.7820944969668616e-06
2016,WLF,MLT,1.7406600596258603e-06
2016,PSE,SWE,1.6612906136749769e-06
2016,VCT,HUN,1.5747039583312853e-06
2016,SXM,HRV,1.3741376926386798e-06
2016,NRU,MLT,1.1575757934030154e-06
2016,PSE,ESP,1.1325682095717425e-06
2016,MAF,BGR,1.063014930654108e-06
2016,SOM,BGR,9.648450037357292e-07
2016,IOT,MLT,8.488359354661278e-07
2016,PSE,ITA,7.852023179821612e-07
2016,IOT,SVK,5.708759741234217e-07
2016,ATG,MLT,5.395430182379572e-07
2016,SXM,BGR,5.193425692297884e-07
2016,GMB,SVK,4.718274063244787e-07
2016,BDI,DEU,4.4557172489011415e-07
2016,BDI,CYP,4.236931136482073e-07
2016,PSE,LTU,3.9548851062751636e-07
2016,BDI,EST,3.5865677268665356e-07
2016,BDI,FRA,3.3955241934209827e-07
2016,PSE,FIN,3.3177690358089145e-07
2016,BDI,SVK,3.2076855773485046e-07
2016,FLK,SVN,3.1180284319828153e-07
2016,BDI,BEL,2.0100390278061943e-07
2016,BDI,SWE,1.6918580268911672e-07
2016,PSE,GRC,1.6519773769357326e-07
2016,PSE,PRT,1.3204666739459086e-07
2016,BDI,ESP,1.1534072368752903e-07
2016,BDI,ITA,7.996498827336268e-08
2016,PSE,AUT,5.3523652838313006e-08
2016,BDI,LTU,4.0276541969273076e-08
2016,BDI,FIN,3.378815318884643e-08
2016,FLK,MLT,2.6339531817982886e-08
2016,BDI,GRC,1.6823734284687562e-08
2016,PSE,BGR,1.640876624796793e-08
2016,BDI,PRT,1.3447629952087036e-08
2016,BDI,AUT,5.450847728725721e-09
2016,BDI,BGR,1.6710684247227535e-09
2017,GBR,BEL,51346.66069652087
2017,GBR,FRA,8884.018132925645
2017,GBR,DEU,6848.232019826998
2017,GBR,NLD,5100.167880611456
2017,SWE,LUX,3999.448192719493
2017,DNK,DEU,2349.5096453212336
2017,LUX,BEL,2141.478348571286
2017,NLD,LUX,1564.3866800878852
2017,GBR,ITA,1416.0906309938887
2017,SWE,ITA,1328.6101070272769
2017,CAN,LUX,1234.01454387855
2017,LUX,FRA,1135.4833550906958
2017,SWE,DEU,925.3576706559185
2017,SWE,POL,897.327028968157
2017,SWE,FRA,810.666106942379
2017,LUX,POL,787.2507296373334
2017,NLD,FRA,782.7252382523917
2017,NLD,POL,777.0988821582353
2017,CHE,NLD,749.5191983041844
2017,LUX,NLD,735.5959978449832
2017,GBR,POL,705.6987891238695
2017,CHE,DEU,698.2147767145517
2017,LUX,DEU,697.4559562224459
2017,KAZ,LUX,697.3043078956993
2017,NLD,ITA,664.5376828449494
2017,SWE,ROU,654.1157382126623
2017,GBR,HRV,630.2737417789763
2017,NLD,DEU,628.2627756737445
2017,GBR,SWE,581.4912399786705
2017,CHE,POL,566.9825303355597
2017,SWE,CYP,556.7791776318952
2017,DNK,ESP,512.8313269463589
2017,NLD,ROU,508.7995032317415
2017,IRL,DEU,491.94396324822236
2017,NLD,ESP,483.39802034431693
2017,MLT,FRA,475.97457936077893
2017,SWE,EST,471.8669598271074
2017,DNK,POL,468.57634498914365
2017,GBR,LVA,468.04083911409316
2017,IRL,POL,453.0785354161084
2017,GBR,CYP,452.36762037235786
2017,DNK,FRA,440.48592752704684
2017,HKG,GRC,436.1978179725712
2017,MUS,LUX,430.47871843438287
2017,HKG,NLD,421.47378163534796
2017,IRL,FRA,411.89477928315057
2017,SWE,ESP,410.51340069342865
2017,SGP,NLD,408.78588997601156
2017,SWE,BEL,408.4407787786805
2017,NLD,CYP,393.03957291011034
2017,FIN,LUX,392.7680069004649
2017,DEU,LUX,388.8943435896244
2017,CHE,FRA,388.38954496718895
2017,LUX,AUT,388.3711963408348
2017,GBR,EST,376.7139612225601
2017,MLT,POL,361.23443974649007
2017,LUX,ITA,346.7872266319246
2017,ASM,FRA,343.68557707049285
2017,LUX,ROU,339.6755971305405
2017,HKG,DEU,335.96236718254187
2017,NLD,EST,333.4781048929652
2017,CAN,ITA,328.14997822946776
2017,GBR,ROU,325.04071959620705
2017,GBR,SVK,321.6971102824777
2017,IRL,ESP,304.82894310488444
2017,PAN,BEL,298.23496293829857
2017,FIN,DEU,278.6944785154782
2017,NLD,SWE,276.07658870718154
2017,FIN,FRA,275.13759636780156
2017,IRL,ROU,269.215250239637
2017,LUX,ESP,268.19580581640315
2017,SGP,DEU,264.2801610406218
2017,ASM,POL,260.7049874015821
2017,NLD,BEL,253.90402765096772
2017,HKG,POL,252.96633709561794
2017,VGB,BEL,250.7973246212996
2017,DNK,SWE,248.29201398376856
2017,FIN,POL,248.13842699223068
2017,NLD,AUT,239.8108249249193
2017,MLT,AUT,237.70755992143546
2017,CHE,ITA,230.6612574982927
2017,SGP,GRC,229.17803687383375
2017,GBR,CZE,227.95608075740768
2017,LUX,SWE,222.89779486395182
2017,GBR,ESP,218.10413711972276
2017,FIN,ITA,214.17580849321644
2017,IRL,SWE,208.57686228740897
2017,IRL,BEL,207.43009586756827
2017,CHE,AUT,203.4350713199264
2017,ESP,LUX,202.2620664527633
2017,GBR,AUT,196.86988484766127
2017,AUT,POL,194.99902612022112
2017,IRL,CYP,191.25157074527147
2017,DNK,BEL,191.08140170107166
2017,FIN,HRV,189.9946782354051
2017,KAZ,ITA,188.63548044721105
2017,SWE,AUT,188.18751182711566
2017,FIN,ROU,187.7136296093701
2017,AUT,DEU,187.3716003143358
2017,MLT,ESP,185.7918640479318
2017,CHE,ESP,185.15381184122765
2017,FIN,ESP,183.7531276443104
2017,DEU,FRA,174.44012626870446
2017,IRL,ITA,172.59510442653507
2017,ASM,AUT,167.11552538754123
2017,CHE,BEL,162.08768230380724
2017,FIN,NLD,161.76532360614553
2017,GTM,LUX,161.71529961633703
2017,LUX,DNK,160.81739769836298
2017,MLT,ROU,160.59091505223012
2017,IRL,EST,159.20240227959167
2017,LUX,HUN,158.90494314961492
2017,GBR,FIN,153.20421424160443
2017,CYM,ESP,152.88674284432543
2017,CYM,BEL,150.54664342636667
2017,FIN,SWE,148.77559692962447
2017,CHE,SWE,147.64721720766775
2017,SGP,POL,146.84575026989458
2017,TLS,FRA,146.80322030801696
2017,BMU,BEL,143.72420541766616
2017,DEU,ITA,142.04182325407874
2017,MLT,ITA,141.84120470979815
2017,AUT,FRA,141.29591511465551
2017,CHE,ROU,139.11189542982763
2017,ESP,FRA,138.42837049142284
2017,GBR,DNK,138.02126177524943
2017,DNK,CZE,135.6391181562625
2017,PAN,DEU,132.6908291264984
2017,SWE,HRV,132.38397696199794
2017,AUT,ROU,129.75284439512959
2017,FIN,LVA,128.73478167910883
2017,FIN,BEL,128.3609091405216
2017,IRL,AUT,127.79561037842615
2017,GBR,PRT,127.44974307681224
2017,IRL,NLD,126.64440904096607
2017,ASM,GRC,126.53233469234704
2017,AUT,CYP,125.91729144452425
2017,LUX,SVK,125.25516516254169
2017,HKG,FRA,124.8701676083343
2017,ESP,PRT,123.17384460707224
2017,ESP,ROU,122.81734517433009
2017,BMU,ESP,122.02068009616794
2017,HKG,ITA,121.55106906497286
2017,IRL,HRV,121.51353059773217
2017,ASM,ROU,121.06392425103282
2017,MUS,ITA,120.81951842481561
2017,PAN,GRC,120.33588067372236
2017,VGB,DEU,118.67861222612032
2017,PRY,LUX,117.9870097597863
2017,ASM,ESP,117.32873284730607
2017,GBR,HUN,117.2239729324312
2017,PAN,FRA,117.1786294378855
2017,GBR,BGR,116.59712089372984
2017,LUX,CYP,112.73128969862854
2017,SWE,CZE,110.88876633949602
2017,VGB,GRC,110.1510717137426
2017,DNK,AUT,110.1143249675729
2017,AUT,EST,109.54877356934679
2017,TLS,POL,108.62619466780743
2017,DEU,POL,106.38426377858738
2017,DNK,ITA,106.32548673753223
2017,GBR,IRL,105.48791427647255
2017,FIN,AUT,104.22101490726459
2017,ASM,ITA,104.00547881310764
2017,MLT,HUN,101.5389243829305
2017,FIN,SVK,100.0500843158408
2017,HKG,BEL,100.0268756060716
2017,CYP,LUX,99.56826311126409
2017,DNK,HUN,99.392107141601
2017,VGB,FRA,96.50560834179804
2017,GBR,LTU,96.31830044947675
2017,NLD,HUN,96.25514614583177
2017,CHE,DNK,95.42812523067784
2017,PAN,POL,93.98113070348593
2017,LUX,HRV,90.06270010114355
2017,LUX,GRC,88.01660448527848
2017,FIN,CYP,87.75609952971786
2017,SWE,FIN,87.64562465205127
2017,DEU,AUT,86.58418739716564
2017,MLT,DNK,86.5436465390416
2017,LUX,PRT,85.7089302639758
2017,CYM,GRC,85.24144847014468
2017,MLT,SWE,84.7181628506818
2017,GBR,MLT,84.25402060917925
2017,LUX,EST,84.04211718110918
2017,HKG,ESP,83.44984468783595
2017,CYM,DEU,83.3209297547298
2017,SWE,LTU,82.43397151651197
2017,HKG,SWE,80.97441915474508
2017,VGB,POL,80.01682046317714
2017,KAZ,GRC,79.98331063929368
2017,SWE,PRT,79.9390359189411
2017,IRL,LVA,79.7821252180053
2017,DNK,PRT,79.18587150552422
2017,CHE,HUN,78.96305266682826
2017,URY,LUX,78.47818030755566
2017,NLD,HRV,78.4535066025377
2017,IMN,FRA,78.15887150938825
2017,MLT,SVK,78.0212637791449
2017,AUT,ESP,77.76308933867607
2017,NLD,DNK,75.45802169602909
2017,AUT,BEL,75.00917009227817
2017,DNK,LTU,73.68268199128396
2017,TLS,AUT,73.107400308483
2017,AUT,SWE,73.00355988156252
2017,SWE,BGR,72.94874778914932
2017,BMU,DEU,72.701388092734
2017,BMU,FRA,71.52528781782452
2017,SGP,BEL,71.46337271325349
2017,FIN,EST,71.43019765599209
2017,ASM,HUN,71.25580036721595
2017,HKG,ROU,71.08098415193537
2017,SGP,ITA,69.9281062113574
2017,KAZ,ESP,69.22473318027211
2017,CHE,CYP,68.90725839516104
2017,SWE,IRL,68.47750997310644
2017,FIN,IRL,68.01562743911167
2017,PAN,ROU,67.99510624091131
2017,NLD,BGR,66.806507572606
2017,ASM,SWE,66.59449390245322
2017,IRL,SVK,66.01828938873396
2017,CYM,FRA,65.72495325955869
2017,VGB,ESP,65.41704271126301
2017,ASM,DEU,65.32878638964515
2017,DEU,ROU,64.92626538245821
2017,PRT,NLD,64.70288693051806
2017,MLT,DEU,64.5954537316648
2017,IRL,DNK,64.01982152037843
2017,HKG,AUT,62.384674111504516
2017,PAN,CYP,61.4144545488129
2017,ASM,DNK,60.91690413365801
2017,ESP,POL,60.84301944539027
2017,SWE,HUN,59.11013385418609
2017,NLD,PRT,59.0722059991597
2017,PRT,ESP,58.26669659267043
2017,IRL,HUN,57.96093817644067
2017,NLD,GRC,57.64437901790146
2017,LUX,BGR,57.40242152135398
2017,CHE,SVK,56.74494053406461
2017,BMU,GRC,56.69243779151706
2017,NLD,CZE,56.66473765841071
2017,CYM,LUX,56.32303593144486
2017,NLD,LTU,56.18729136651501
2017,IMN,POL,55.98698183318412
2017,FIN,MLT,55.60159242892073
2017,VGB,ROU,55.59314750029677
2017,ASM,SVK,55.55952886076913
2017,CHE,EST,55.42152014682276
2017,BMU,POL,55.33436922852239
2017,IRL,CZE,55.18550395794216
2017,ESP,BEL,55.10566610740135
2017,TLS,GRC,55.024525746159405
2017,DNK,EST,54.762826907257356
2017,NLD,SVK,54.510995735555284
2017,ESP,ITA,53.72892008931135
2017,CYM,POL,53.71965522946522
2017,FIN,CZE,53.71500347678572
2017,AUT,ITA,53.46486796390663
2017,VGB,CYP,52.825403993672126
2017,PAN,EST,52.82354973913873
2017,NLD,FIN,51.873205594267624
2017,BHR,GRC,51.859599229673826
2017,FIN,DNK,51.81190330921193
2017,HKG,CYP,51.40587769451141
2017,ROU,HUN,51.15183351411259
2017,DNK,SVK,50.7759339969256
2017,GBR,SVN,50.65454404400278
2017,GBR,GRC,49.96909889982497
2017,TLS,ROU,49.69522217232526
2017,IRL,FIN,49.58357576107997
2017,TLS,ESP,49.23903095890537
2017,IRL,PRT,49.19952064047487
2017,JEY,DEU,49.144875719432264
2017,BMU,LUX,48.939240087264594
2017,LUX,SVN,48.28031505767675
2017,SWE,LVA,47.98201358956772
2017,CAN,FRA,47.53436603225194
2017,JEY,POL,47.133463391739674
2017,FIN,HUN,46.712488475375196
2017,HKG,LUX,46.32630831914028
2017,DNK,GRC,46.278606855408434
2017,PAN,ITA,45.72348905265801
2017,MLT,CYP,45.519846623442156
2017,VGB,EST,45.438999708605984
2017,GTM,ITA,45.283630434316564
2017,SWE,DNK,44.69164370068879
2017,PRT,DEU,44.642002708288516
2017,ESP,SWE,44.616990835786346
2017,JEY,BEL,44.257644870319105
2017,JEY,FRA,43.68104502956616
2017,HKG,EST,43.35816766771898
2017,DEU,ESP,43.16470019402721
2017,PAN,ESP,43.08874238506659
2017,TLS,ITA,42.8886101888498
2017,MLT,GRC,42.852767232246556
2017,SGP,SWE,42.06976299564799
2017,GNQ,ESP,41.958799321585644
2017,SWE,GRC,41.774367092503624
2017,MLT,HRV,41.506238762276695
2017,PAN,SWE,40.989281331910526
2017,IMN,ESP,39.853026473094644
2017,IRL,BGR,39.63947873593308
2017,IMN,AUT,39.51200161887105
2017,LUX,FIN,39.02219006794211
2017,CUW,LUX,38.74831351937302
2017,MUS,FRA,38.057709840053
2017,HKG,DNK,37.84039692603987
2017,ASM,CYP,37.714008234850866
2017,DNK,FIN,37.15959128953068
2017,BMU,ROU,37.053917971490215
2017,CYM,ROU,37.0351140566699
2017,PAN,LUX,36.92728507868438
2017,JEY,ROU,36.782450646308774
2017,KAZ,FRA,36.69081347740713
2017,MLT,BGR,35.516891151623156
2017,FIN,BGR,35.392761514537
2017,BRB,LUX,35.28397359236336
2017,VGB,SWE,35.15211133557029
2017,CHE,HRV,34.798635442645164
2017,CHE,GRC,34.62523794640246
2017,ASM,BEL,34.554716713893605
2017,IRL,LTU,34.11208789937316
2017,ASM,HRV,33.95428102593223
2017,CUW,FRA,33.94323661152591
2017,BHS,LUX,33.74449287822525
2017,CYM,ITA,33.51108951346117
2017,CYM,CYP,33.41245018887915
2017,DEU,HUN,32.552075160048105
2017,BMU,ITA,32.51449489800071
2017,VGB,ITA,32.36420657272861
2017,PRY,ITA,31.672803333261584
2017,DNK,LVA,31.48265848409411
2017,IRL,GRC,31.3802777072274
2017,LUX,LVA,31.279507477357086
2017,TLS,HUN,31.167291458360513
2017,CAN,AUT,30.722838929380224
2017,MLT,NLD,30.48685896998192
2017,MLT,EST,30.349282317361855
2017,BMU,CYP,29.824998224344586
2017,KAZ,DEU,29.816314447206768
2017,HKG,HRV,28.88976021684691
2017,ESP,GRC,28.775211909194407
2017,DEU,SWE,28.747962713159332
2017,CYM,EST,28.669272927307542
2017,ESP,AUT,28.666064078945986
2017,LUX,LTU,28.585226714138983
2017,FIN,PRT,28.539970381340236
2017,JEY,CYP,28.436308927954784
2017,BIH,DEU,28.280711040698804
2017,DEU,DNK,27.574923572384947
2017,CHE,BGR,27.5497852903208
2017,BIH,ESP,27.516358384662027
2017,TLS,SWE,27.289506038685335
2017,PAN,NLD,27.044920548944884
2017,PRT,LUX,27.03613456604961
2017,CYM,SWE,26.780838998069818
2017,ASM,EST,26.60344442129552
2017,TLS,DNK,26.479301752214866
2017,CYP,ITA,26.397189791941603
2017,MMR,GRC,26.286302149548103
2017,CUW,ESP,26.27443315099374
2017,NLD,IRL,26.150769330715196
2017,URY,ESP,25.81791360683498
2017,IMN,ROU,25.63935141465319
2017,DNK,CYP,25.583479774568872
2017,BMU,EST,25.351008665518734
2017,ESP,FIN,25.10123994921673
2017,ASM,BGR,25.096303102712984
2017,CUW,BEL,24.79905084349116
2017,MLT,SVN,24.612888104665956
2017,TLS,SVK,24.44695874027873
2017,JEY,EST,24.36924318438599
2017,DEU,SVK,24.321604082099743
2017,PRT,POL,24.24532605479771
2017,JEY,ESP,24.175732204387018
2017,BMU,SWE,24.08108838105115
2017,MCO,NLD,24.04490178276552
2017,CUW,POL,23.724507130557935
2017,MLT,BEL,23.20593672781019
2017,BIH,POL,23.09001565440724
2017,BOL,LUX,23.0200062274098
2017,VGB,NLD,22.872085649048355
2017,IMN,ITA,22.493283163319724
2017,CHE,FIN,21.872590395832862
2017,SGP,ESP,21.645657254557605
2017,CAN,IRL,21.23555487528362
2017,SGP,DNK,21.23322609863869
2017,URY,ITA,20.430009629442843
2017,ASM,NLD,20.37317909586783
2017,IRL,LUX,20.27713697138176
2017,FIN,GRC,19.880661525458358
2017,HKG,HUN,19.723146426591047
2017,TLS,DEU,19.53150724697356
2017,CHE,LTU,19.474052240209623
2017,FIN,LTU,19.339919118841546
2017,CUW,ITA,19.32403359322617
2017,BRB,BEL,19.227851071325556
2017,SGP,AUT,19.190206113033373
2017,MUS,POL,19.164632202822578
2017,KAZ,AUT,18.99238794158965
2017,DNK,ROU,18.944290759001667
2017,HKG,SVK,18.93553088150591
2017,AUT,LTU,18.748901389496705
2017,PAN,HRV,18.72979741262026
2017,MUS,AUT,18.70507474032926
2017,NLD,SVN,18.627946489687663
2017,FIN,SVN,18.549865825270608
2017,DEU,PRT,18.505268289283702
2017,LUX,CZE,18.332441008416513
2017,CHE,SVN,18.211147465288786
2017,ESP,SVN,17.868520926233884
2017,KWT,GRC,17.7449664204361
2017,ASM,SVN,17.637680873867534
2017,DNK,LUX,17.626616704574403
2017,BHR,DEU,17.61199002368882
2017,VIR,FRA,17.604847724342566
2017,MUS,ROU,17.571187767431823
2017,IRL,SVN,17.56122166975616
2017,CAN,ROU,17.47030496752801
2017,PRT,ITA,17.39888248124373
2017,KAZ,ROU,17.385801212796682
2017,PRY,GRC,17.17443768127578
2017,DEU,GRC,17.164251891430098
2017,AUT,CZE,17.089215547543056
2017,IMN,HUN,16.929205484793915
2017,DNK,SVN,16.926407972260282
2017,VGB,HRV,16.59746054365278
2017,LVA,LUX,16.503944672988464
2017,DNK,HRV,16.46767110158067
2017,HKG,LVA,16.43187103342008
2017,MCO,DEU,16.147834725187245
2017,CHE,CZE,16.124078084484946
2017,AUT,PRT,16.067542319168044
2017,AUT,FIN,16.016207662466996
2017,JOR,GRC,15.590524734826115
2017,IRN,GRC,15.540475729896329
2017,JEY,SWE,15.392996290092691
2017,HKG,FIN,15.150518168882966
2017,GTM,GRC,14.438643726530298
2017,BIH,FRA,14.34108305528717
2017,BHS,ESP,14.290577945404237
2017,TLS,HRV,14.236722770359048
2017,IMN,DNK,14.217693722155856
2017,JEY,ITA,14.035429913774076
2017,MLT,LTU,14.004024099222105
2017,CYM,NLD,13.87046497617115
2017,BMU,AUT,13.867298222872515
2017,CUW,AUT,13.866887404656072
2017,BHR,POL,13.786054841328035
2017,WSM,FRA,13.720620597450425
2017,IMN,SWE,13.649227660209975
2017,TLS,CYP,13.391545781181721
2017,CAN,GRC,13.334146084035075
2017,BIH,ROU,13.306786053147931
2017,IMN,SVK,13.181607194513257
2017,LVA,CYP,13.16337762522802
2017,BIH,CYP,12.991291084719093
2017,BMU,NLD,12.987620262554941
2017,GGY,FRA,12.9850617143353
2017,GGY,POL,12.902272434977705
2017,CUW,ROU,12.863323726307877
2017,ESP,HUN,12.820450452459664
2017,AUT,BGR,12.731118758197871
2017,KAZ,POL,12.521692393917917
2017,CUW,DEU,12.390544261336476
2017,SVK,DEU,12.379245923181607
2017,KAZ,IRL,12.30687462634017
2017,VIR,POL,12.091392916164681
2017,GTM,FRA,12.072259859909625
2017,GNQ,FRA,12.017581126332615
2017,PYF,FRA,11.870924417656424
2017,CYM,HRV,11.738932477411062
2017,BRB,ITA,11.722256476427102
2017,PAN,AUT,11.688334288702048
2017,CHE,PRT,11.604214177020044
2017,DEU,HRV,11.592553127006623
2017,PAN,PRT,11.555096467597695
2017,SGP,CYP,11.554867902049846
2017,AZE,GRC,11.539283708339097
2017,PYF,POL,11.416237469713424
2017,PNG,GRC,11.321131437270266
2017,HKG,BGR,11.306992534468655
2017,NER,FRA,11.306544312551672
2017,SGP,FRA,11.299474688133241
2017,CUW,GRC,11.265338492982991
2017,GGY,DEU,11.230370449734847
2017,BHR,FRA,11.159091795021007
2017,BIH,EST,11.153126788963991
2017,SVK,NLD,11.112843424666853
2017,JEY,PRT,10.98992514378556
2017,DNK,BGR,10.903848910775142
2017,ASM,LTU,10.7742859549212
2017,SVK,POL,10.7231530553223
2017,TLS,BGR,10.71435354432084
2017,AZE,DEU,10.696552480340564
2017,BMU,HRV,10.683444528268549
2017,CYM,CZE,10.613664958970805
2017,BIH,NLD,10.551938657561001
2017,AUT,HUN,10.42136162271485
2017,DEU,SVN,10.375428779136632
2017,PRT,BEL,10.325770585418503
2017,SGP,HRV,10.313494314615609
2017,LVA,DEU,10.310562528390513
2017,DEU,BGR,10.257319971676427
2017,PAN,FIN,10.255149277345689
2017,GTM,BEL,10.224531832000897
2017,ASM,LUX,10.200481339735699
2017,BIH,BEL,10.146254952304167
2017,VIR,ESP,10.142995477552823
2017,SGP,EST,10.126281008982826
2017,WSM,POL,10.121089046280993
2017,PAN,CZE,10.028634682205036
2017,MUS,DEU,9.947608066847778
2017,MHL,GRC,9.857847508821903
2017,VGB,CZE,9.842067031434803
2017,JEY,GRC,9.841351776135802
2017,MCO,POL,9.824421427373522
2017,BHR,ROU,9.804063555527577
2017,GNQ,LUX,9.80046336696606
2017,SGP,ROU,9.794123171143447
2017,MUS,ESP,9.631401411867124
2017,CYM,AUT,9.361759893375378
2017,HKG,CZE,9.30623820593176
2017,VIR,AUT,9.262944603825522
2017,PAN,LVA,9.155174266875012
2017,SGP,FIN,9.092083637728997
2017,AZE,FRA,9.0547213734508
2017,ROU,NLD,9.046234493419886
2017,VGB,AUT,9.019967450832478
2017,CHE,LVA,8.976680051292117
2017,TLS,EST,8.93753325927685
2017,GGY,ROU,8.928499705002045
2017,ESP,DNK,8.888323190118374
2017,BRB,FRA,8.88688314485227
2017,BHS,ITA,8.792591995473652
2017,BRB,DEU,8.779107241354959
2017,BHR,CYP,8.768614096440595
2017,BMU,CZE,8.73950103054154
2017,NLD,LVA,8.657378960650036
2017,SRB,NLD,8.65472089089876
2017,ASM,LVA,8.640901506925312
2017,GNQ,POL,8.624510057417623
2017,BRB,GRC,8.521845652412805
2017,BGR,NLD,8.435129479376245
2017,MMR,DEU,8.420952537067134
2017,BIH,ITA,8.37385445186655
2017,CRI,GRC,8.371657188737572
2017,VGB,FIN,8.358739969518961
2017,PYF,NLD,8.345595807929715
2017,AUT,GRC,8.345313556351861
2017,GGY,BEL,8.32956806848976
2017,PAN,LTU,8.302757837941767
2017,SGP,LVA,8.296500307358396
2017,DEU,BEL,8.278909689229586
2017,KAZ,SWE,8.254914389675648
2017,VCT,FRA,8.252262573696376
2017,GTM,DEU,8.209138181309937
2017,VGB,LVA,8.14022907006589
2017,GIB,BEL,8.126907783460528
2017,HKG,LTU,7.988053685959627
2017,GIB,DEU,7.965505842824982
2017,CYM,BGR,7.940259098252815
2017,NER,POL,7.872393972756268
2017,BHR,ESP,7.859384314480394
2017,LBR,BEL,7.8558885351354535
2017,GGY,ESP,7.7892979639470745
2017,LVA,ITA,7.733181498820387
2017,TLS,SVN,7.699328803901301
2017,PAN,BGR,7.619395842345992
2017,BHR,EST,7.615231953633657
2017,MLT,LUX,7.508017089772795
2017,SVK,FRA,7.449624229906022
2017,PRT,SWE,7.385499634264762
2017,VGB,PRT,7.378165148022116
2017,MUS,IRL,7.363704494693182
2017,IMN,GRC,7.34693919748819
2017,CUW,SWE,7.320990200628985
2017,VGB,BGR,7.305350014723263
2017,BMU,BGR,7.288900335217649
2017,VGB,LTU,7.226889822039353
2017,LKA,GRC,7.218273603286798
2017,SWE,SVN,7.184343978485255
2017,GIB,POL,7.134122632306344
2017,VGB,LUX,7.119861582614999
2017,LVA,POL,7.095166567522211
2017,LVA,FRA,7.079645447846903
2017,BMU,HUN,7.055890330419904
2017,TLS,BEL,7.022927804318654
2017,MLT,LVA,6.975826994248246
2017,BIH,SWE,6.973856163365311
2017,PRY,ESP,6.89173124237465
2017,LBR,DEU,6.886007478456033
2017,WSM,AUT,6.847114352703729
2017,KAZ,CYP,6.8461803999216
2017,SVK,ROU,6.823048512834874
2017,AZE,ROU,6.816240490516676
2017,BHR,BEL,6.772364348592691
2017,SSD,FRA,6.736765765687751
2017,HKG,PRT,6.706799813109938
2017,MHL,FRA,6.70418721770271
2017,MUS,SWE,6.660723321588494
2017,DEU,IRL,6.658547631675987
2017,KAZ,CZE,6.609413109606338
2017,GTM,ROU,6.580126743152503
2017,BMU,SVK,6.5396123998959075
2017,IMN,HRV,6.5378646362658515
2017,KAZ,BEL,6.529976089964506
2017,VEN,LUX,6.501562328501085
2017,MUS,CYP,6.4761632712406865
2017,GIB,FRA,6.43731469698186
2017,VIR,ITA,6.41151405740006
2017,GTM,POL,6.363783873301506
2017,AZE,PRT,6.346208011945995
2017,KAZ,EST,6.3457333785336605
2017,SWE,MLT,6.34324113574946
2017,VIR,LUX,6.334443945650394
2017,PYF,AUT,6.285122039205147
2017,PYF,DEU,6.281506693807149
2017,ASM,PRT,6.249562568369671
2017,CYP,FRA,6.248899788721191
2017,BRB,POL,6.1840777828024756
2017,GGY,CYP,6.123974168150175
2017,BOL,ITA,6.085469253458501
2017,GNQ,AUT,6.06199900940151
2017,LBR,FRA,6.02770543375788
2017,AZE,POL,6.009981796434456
2017,LVA,ROU,5.99847202912853
2017,VUT,FRA,5.9617905736611
2017,BHR,SWE,5.958813065858405
2017,CYM,SVK,5.947708142490688
2017,CUW,CYP,5.940833541120665
2017,PAN,HUN,5.939634670259821
2017,IMN,BGR,5.9243487799757215
2017,NER,AUT,5.911249115709985
2017,LVA,SWE,5.856754456544931
2017,LBR,POL,5.822413003108492
2017,MMR,POL,5.801906111740316
2017,CUW,HUN,5.753624974004081
2017,IRN,DEU,5.734036951223913
2017,IMN,DEU,5.6961058053440965
2017,BMU,PRT,5.64172162741701
2017,VCT,POL,5.6272252508090395
2017,JEY,FIN,5.619758478456626
2017,JEY,HRV,5.617660684650335
2017,DEU,CYP,5.610928941865077
2017,PAN,DNK,5.56835269700873
2017,BHR,ITA,5.557513636073913
2017,LAO,GRC,5.508474071583891
2017,BMU,DNK,5.493810563974371
2017,LUX,MLT,5.478450475852308
2017,MUS,EST,5.458509824980973
2017,SVK,BEL,5.44764466630615
2017,WSM,GRC,5.418474309100815
2017,CYM,HUN,5.4110779300763046
2017,CYM,LVA,5.387234583240277
2017,LVA,ESP,5.282805218994782
2017,PRY,FRA,5.266911478761132
2017,VGB,HUN,5.261404547311589
2017,SRB,DEU,5.256271320522977
2017,GNQ,ITA,5.256138503561599
2017,VIR,ROU,5.238137557265553
2017,CYM,FIN,5.236096577671766
2017,GGY,EST,5.183653487674462
2017,AUT,DNK,5.182183137763728
2017,GIB,ROU,5.181447686131304
2017,BGR,DEU,5.122906876635165
2017,MLT,CZE,5.079297393444069
2017,IMN,CYP,5.0535029734115575
2017,LVA,HRV,5.011097989004661
2017,ASM,FIN,5.006734996608904
2017,PRT,AUT,4.979646841977147
2017,JEY,AUT,4.946288250018411
2017,BRB,ROU,4.9224598090825396
2017,BMU,FIN,4.9127481972550555
2017,ASM,CZE,4.89266833021819
2017,MMR,FRA,4.820804409712879
2017,SSD,POL,4.818056193267894
2017,BIH,LUX,4.810419192727937
2017,MHL,POL,4.802970615590762
2017,CUW,DNK,4.778795233407569
2017,MUS,BEL,4.757269366689208
2017,CYM,LTU,4.74680941770546
2017,VCT,LUX,4.723806121480879
2017,PYF,ITA,4.7161024112105885
2017,MCO,BEL,4.710556366069371
2017,VCT,ESP,4.706454940213209
2017,GTM,AUT,4.704958358890096
2017,GNQ,DEU,4.696365927511726
2017,PAN,SVK,4.68655626861085
2017,CUW,EST,4.665573445320211
2017,HKG,SVN,4.664981753066306
2017,VGB,SVK,4.661591678848206
2017,VGB,DNK,4.659576085301222
2017,CUW,SVK,4.657355968405625
2017,WSM,ROU,4.635274700426703
2017,CYM,PRT,4.615194340615202
2017,WSM,ESP,4.561100881152912
2017,SVK,ITA,4.543411036173745
2017,BMU,LVA,4.533073767492117
2017,JEY,CZE,4.493857570740061
2017,LVA,BEL,4.476573966206369
2017,IRN,POL,4.4618219331849085
2017,BMU,LTU,4.448033391727868
2017,BGR,POL,4.441176263255681
2017,PYF,GRC,4.431847738364758
2017,SYC,FRA,4.41030903036963
2017,VUT,POL,4.401327458442313
2017,SVK,LUX,4.392841105071364
2017,HKG,MLT,4.385241634713518
2017,MLT,FIN,4.344604049475009
2017,VCT,AUT,4.344407851591145
2017,SVK,SWE,4.334003110616565
2017,IMN,SVN,4.310378005145849
2017,KAZ,HRV,4.305175521385517
2017,TLS,LTU,4.286681060331031
2017,LBR,ROU,4.271771974407843
2017,TLS,NLD,4.265751947580568
2017,MCO,ITA,4.25866535870426
2017,PYF,ESP,4.2142195409346925
2017,BFA,NLD,4.1924105073633315
2017,HKG,IRL,4.171229497512688
2017,GIB,CYP,4.1657379093938465
2017,PRT,FRA,4.164086335984728
2017,LUX,IRL,4.162284914128771
2017,GGY,ITA,4.153907546677569
2017,YEM,FRA,4.123057997715483
2017,GTM,CYP,4.107078470828104
2017,AZE,BEL,4.060402008172722
2017,BRB,CYP,4.040905065277821
2017,UZB,GRC,4.03756912696299
2017,MMR,ROU,4.0374862352037875
2017,JEY,LTU,4.030386225828028
2017,IMN,LUX,3.9944953436904083
2017,CYM,DNK,3.9901792763568946
2017,GGY,SWE,3.9825091882771
2017,WSM,ITA,3.965785127068794
2017,GNQ,ROU,3.9540628405942195
2017,PYF,ROU,3.9409588839798317
2017,CAN,CZE,3.9281457165299174
2017,ESP,MLT,3.922325457689064
2017,VIR,HUN,3.911120755057089
2017,SVK,CYP,3.843919527529516
2017,AZE,SWE,3.7914954817724795
2017,DEU,FIN,3.771134863377247
2017,PRT,DNK,3.759410364538038
2017,CYP,ROU,3.6438903481855704
2017,GTM,EST,3.5989508294879715
2017,BRB,ESP,3.5848087903581063
2017,MUS,HUN,3.5741130681605946
2017,GIB,EST,3.564672689453589
2017,MMR,CYP,3.5540000533449567
2017,MLT,PRT,3.5476821404983254
2017,AUT,HRV,3.5458899854596364
2017,SGP,SVK,3.5247812147620556
2017,MMR,ESP,3.521381671477667
2017,SVK,PRT,3.5145095539703717
2017,CUW,HRV,3.5120855455994824
2017,TLS,LVA,3.497765385760918
2017,NER,ESP,3.4946521583760437
2017,BRB,EST,3.4858957815888894
2017,BGR,FRA,3.4662642713277423
2017,ESP,IRL,3.4630784061444224
2017,BHS,GRC,3.4623811417537307
2017,VCT,ITA,3.4590667664283576
2017,BHR,HRV,3.4313632630712396
2017,HRV,LUX,3.417277569354821
2017,SSD,AUT,3.4127807054640216
2017,JEY,BGR,3.3920726024010106
2017,NER,ROU,3.372846036344443
2017,DEU,LTU,3.370596602197717
2017,MHL,AUT,3.366364642602944
2017,SVK,EST,3.338821871062936
2017,LBR,CYP,3.3240848265561
2017,BGR,PRT,3.265541233872754
2017,VIR,DNK,3.2626683366424056
2017,KAZ,BGR,3.1842964565970324
2017,BGR,ROU,3.1828279742814836
2017,DNK,MLT,3.1699382034832886
2017,JEY,HUN,3.1663345202031223
2017,SYC,POL,3.1441216561685876
2017,BFA,DEU,3.143222711141398
2017,NER,ITA,3.130520274851557
2017,MMR,EST,3.1123594743105385
2017,VIR,SVK,3.108097631982015
2017,PRY,AUT,3.103074822005665
2017,GGY,AUT,3.1026244903628686
2017,GNQ,SWE,3.0971792441834296
2017,ABW,FRA,3.0928365449813975
2017,BHR,LUX,3.036470315416819
2017,IRN,FRA,3.0112924037269044
2017,MUS,DNK,3.0029247825036025
2017,GTM,SWE,2.9945871123818697
2017,VUT,AUT,2.974054472364644
2017,YEM,POL,2.956429309407256
2017,GTM,ESP,2.9347510116031033
2017,JEY,NLD,2.9184298705182368
2017,WSM,HUN,2.916837686116561
2017,CYP,AUT,2.9050384079790224
2017,SRB,POL,2.901752278732314
2017,IMN,EST,2.898737571130553
2017,GTM,IRL,2.8975643082198266
2017,GIB,ESP,2.893045043156997
2017,BOL,ESP,2.8894116035527024
2017,GNQ,HUN,2.8858455676705588
2017,MMR,BEL,2.882568944652106
2017,LBR,EST,2.8697019542319495
2017,VIR,SWE,2.8593574072449033
2017,PYF,SWE,2.8431590499951995
2017,CYP,ESP,2.8408278702938827
2017,URY,FRA,2.835152006030884
2017,NLD,MLT,2.821525625941624
2017,KAZ,LVA,2.819706644985337
2017,ZMB,DEU,2.8022651900282223
2017,BGR,BEL,2.7899288441193653
2017,AZE,ESP,2.7334808417297416
2017,MMR,SWE,2.726848898455188
2017,IRN,ROU,2.722628289034745
2017,BRB,SWE,2.719986129986927
2017,CUW,BGR,2.7041297726702207
2017,MCO,SWE,2.692885070390672
2017,SVK,ESP,2.677293558895629
2017,URY,DEU,2.668076137057802
2017,LVA,CZE,2.6651086134129347
2017,LBR,SWE,2.6593377298499914
2017,SGP,CZE,2.6431336340387612
2017,LKA,DEU,2.639882910745316
2017,GNQ,SVK,2.639592669335955
2017,CPV,ESP,2.57200543170287
2017,KAZ,SVK,2.550708834686367
2017,LBR,ESP,2.547323057500802
2017,WSM,SWE,2.542902700511892
2017,PYF,HUN,2.5391855940695494
2017,MMR,ITA,2.53848045025068
2017,PYF,DNK,2.5373111690255397
2017,JEY,DNK,2.5219978100616247
2017,MHL,ESP,2.5164635542673404
2017,NER,HUN,2.5085937236098834
2017,WSM,DNK,2.483022434527948
2017,IRN,NLD,2.4790812061816205
2017,BIH,CZE,2.4780823329700343
2017,VCT,ROU,2.4720603480411185
2017,MUS,SVK,2.4638974124425794
2017,IRN,CYP,2.445842421087755
2017,GGY,PRT,2.4087846961664297
2017,MUS,PRT,2.388169710862191
2017,CYP,PRT,2.3498593964935233
2017,PRY,ROU,2.326525584083732
2017,DEU,EST,2.3228674332730037
2017,IMN,BEL,2.315512739837292
2017,SGP,MLT,2.3129256240396368
2017,WSM,SVK,2.2909077883540876
2017,MCO,ESP,2.28355387985169
2017,PRT,CZE,2.272904958659551
2017,GIB,SWE,2.2679121026969806
2017,SYC,AUT,2.2421406125987366
2017,CUW,NLD,2.2373945656838856
2017,MHL,ROU,2.2308401444195654
2017,GIB,ITA,2.227957716302947
2017,URY,GRC,2.2042621782916814
2017,UGA,POL,2.2032237286159333
2017,IRN,BEL,2.193026929844833
2017,VUT,GRC,2.1905504217700624
2017,LVA,EST,2.183912856049414
2017,SSD,ROU,2.174531556122465
2017,GNQ,DNK,2.1452284911809576
2017,SSD,ESP,2.134115400744779
2017,PRY,IRL,2.1304135335604943
2017,MUS,CZE,2.1287942234236694
2017,BFA,POL,2.1279073828842368
2017,GGY,GRC,2.1206102989299818
2017,IRN,ESP,2.120454822766934
2017,IRN,EST,2.1182100613341692
2017,NER,DNK,2.113994531211814
2017,ABW,POL,2.109568456329563
2017,YEM,AUT,2.1025935185834563
2017,PAN,IRL,2.1006392224948534
2017,JEY,LVA,2.096686391840277
2017,CAN,MLT,2.091754695352627
2017,UGA,DEU,2.080131226485804
2017,MUS,HRV,2.0551184136250438
2017,BHR,LVA,2.045168889254568
2017,MHL,ITA,2.043270238633588
2017,MUS,GRC,2.0413180857852242
2017,IMN,LTU,2.0182429396761035
2017,VUT,ROU,2.008098412597308
2017,VUT,ESP,2.000406741799707
2017,PYF,SVK,1.996098631008001
2017,MUS,BGR,1.9686503806207993
2017,IRN,ITA,1.9674555983263167
2017,GEO,GRC,1.9656045108210483
2017,PRY,DEU,1.9593878954459694
2017,NER,SVK,1.9588620341273597
2017,BIH,HRV,1.9564799867871132
2017,BIH,BGR,1.9191406081348057
2017,MMR,LUX,1.917993519430795
2017,BIH,FIN,1.9120035755746947
2017,UGA,FRA,1.9103034231456575
2017,KAZ,MLT,1.8956210087473686
2017,BGR,SWE,1.8925852091358988
2017,LVA,AUT,1.8854556115081094
2017,SSD,ITA,1.8772389449852047
2017,GNQ,BGR,1.8710210902753235
2017,DEU,LVA,1.8635083295937054
2017,URY,AUT,1.8592165230186912
2017,BIH,AUT,1.8579715462263378
2017,SGP,IRL,1.840405539523874
2017,TLS,PRT,1.839814168225256
2017,VCT,HUN,1.8155792117888456
2017,LBR,ITA,1.815262188126383
2017,IRN,SWE,1.796124217070226
2017,NER,SWE,1.7913090742704751
2017,KWT,DEU,1.7824810819261079
2017,BIH,LTU,1.7812588114423786
2017,UGA,ROU,1.7768477297271361
2017,MCO,FRA,1.7712297025342794
2017,IMN,PRT,1.7616009361251812
2017,VUT,ITA,1.7600822535958884
2017,PYF,BEL,1.7544421862807522
2017,PAN,MLT,1.7493280586572248
2017,BRB,NLD,1.7477451433390596
2017,BHR,AUT,1.7422874570408198
2017,AZE,AUT,1.7415420886144666
2017,PRT,BGR,1.738057806972444
2017,VEN,ITA,1.7318198584568667
2017,KAZ,HUN,1.7248173428412155
2017,WSM,DEU,1.7190256883182429
2017,BHR,CZE,1.7054589008911154
2017,CYP,IRL,1.692282316187446
2017,GIB,GRC,1.6899784644361213
2017,LVA,SVK,1.689162986512492
2017,GTM,NLD,1.6641647488062357
2017,GIB,NLD,1.6557568787096701
2017,BHS,DEU,1.6446588629256575
2017,MCO,ROU,1.6359564536783389
2017,BIH,PRT,1.6274252334300716
2017,ABW,AUT,1.625801945621351
2017,GNQ,CZE,1.6206099535120213
2017,VIR,GRC,1.6096572176563826
2017,PRT,SVK,1.6053128006457427
2017,TLS,CZE,1.5971083079308421
2017,YEM,GRC,1.58908417955409
2017,BRB,AUT,1.5858894076471168
2017,SGP,PRT,1.5688178416655534
2017,IMN,NLD,1.5685553941897936
2017,MMR,HRV,1.5585801781080142
2017,GGY,HUN,1.553247608990791
2017,CUW,CZE,1.5532113479126493
2017,TLS,FIN,1.5457760926827118
2017,TLS,LUX,1.5449239148305836
2017,SGP,LTU,1.5318525961982947
2017,VCT,DNK,1.516573834802054
2017,ISL,FRA,1.5116030731696042
2017,AZE,FIN,1.5063298591827112
2017,BHR,FIN,1.5019230420557868
2017,ABW,LUX,1.4991842869615444
2017,SVK,AUT,1.4933013033296045
2017,BMU,SVN,1.4861737063377303
2017,LKA,LUX,1.473649004104856
2017,VIR,HRV,1.4682683100129037
2017,GGY,HRV,1.4663027123876278
2017,SGP,BGR,1.4616583325793602
2017,KAZ,FIN,1.4613401869183633
2017,SSD,HUN,1.4540261240378713
2017,VCT,SVK,1.447642211545948
2017,VGB,MLT,1.4418865391639313
2017,KAZ,PRT,1.4380444523834468
2017,MHL,HUN,1.4362481715816464
2017,JOR,DEU,1.419678073650701
2017,GIB,PRT,1.414660482807014
2017,SYC,ROU,1.411089207292829
2017,SYC,ESP,1.3934297623034786
2017,CUW,SVN,1.3803784165912185
2017,VIR,BGR,1.3695338546597142
2017,SRB,ITA,1.3657900644461356
2017,SRB,BEL,1.3635844590176438
2017,BHS,FRA,1.3582666757262642
2017,UGA,CYP,1.3515164772598998
2017,KAZ,LTU,1.3496365542380526
2017,YEM,ESP,1.3429116961622307
2017,MHL,SWE,1.341349800921193
2017,VCT,SWE,1.340783859776592
2017,BHR,PRT,1.334371902286462
2017,BGR,ITA,1.331136634037936
2017,CYM,IRL,1.3302095118921335
2017,WSM,HRV,1.3300798943409473
2017,YEM,ROU,1.3169021306623052
2017,AUT,LVA,1.3107186440901542
2017,VGB,IRL,1.3086116296580368
2017,PRT,HUN,1.2980801306561565
2017,URY,CZE,1.2888288222599684
2017,JEY,SVN,1.2848022739768024
2017,SVK,FIN,1.28178879119112
2017,GGY,DNK,1.2716519921822578
2017,PRT,ROU,1.2686311084409434
2017,VUT,HUN,1.2674122280079403
2017,PAN,SVN,1.2620111365097362
2017,BRB,HRV,1.2602376967042184
2017,GTM,HRV,1.2546472634386365
2017,BHR,LTU,1.2515506020050962
2017,GEO,DEU,1.249498822385996
2017,UZB,DEU,1.2481601704905743
2017,URY,IRL,1.2475747831401023
2017,MCO,DNK,1.2436088387015005
2017,ISL,ESP,1.2410536717351532
2017,ABW,ITA,1.2390397115853093
2017,MCO,CYP,1.2373525717583396
2017,MHL,DNK,1.2342673548759002
2017,GNQ,HRV,1.234169985811166
2017,CUW,LTU,1.2299559443127908
2017,SYC,ITA,1.2275224975718706
2017,BIH,DNK,1.2267495479859747
2017,BIH,HUN,1.226627778900165
2017,MHL,SVK,1.2244657245615607
2017,SSD,DNK,1.2221258728532383
2017,KWT,POL,1.2125716457713323
2017,GGY,FIN,1.2086094538639987
2017,BRN,GRC,1.2077900600213034
2017,MCO,AUT,1.20628448671592
2017,WSM,CYP,1.205489731985104
2017,LBR,PRT,1.2042741525435918
2017,GNQ,GRC,1.199184145689106
2017,SGP,HUN,1.1963924565930402
2017,JEY,LUX,1.19595461256055
2017,DEU,CZE,1.1894737419684998
2017,VCT,GRC,1.1887667795037924
2017,MHL,DEU,1.1778743545121846
2017,JOR,ESP,1.1778692861298117
2017,SSD,SWE,1.1731068257403923
2017,YEM,ITA,1.1724330545223343
2017,BHR,BGR,1.1718112094287592
2017,ESP,LTU,1.170462760234357
2017,UGA,EST,1.168799261672454
2017,KAZ,NLD,1.1667117130473146
2017,IRN,LUX,1.164463433538288
2017,CYP,POL,1.1607378288050891
2017,PYF,HRV,1.1594367175654918
2017,DEU,MLT,1.1578810740308478
2017,MUS,FIN,1.1451931236672939
2017,KWT,FRA,1.1450746682703412
2017,SSD,SVK,1.1231873086829196
2017,PRT,FIN,1.1195890120874572
2017,GTM,CZE,1.1182750413582057
2017,LVA,FIN,1.1101376151334543
2017,PYF,CYP,1.1081380216002972
2017,VUT,SWE,1.1029984314468482
2017,GGY,NLD,1.0972680582710739
2017,MUS,LTU,1.0964088268765182
2017,BMU,IRL,1.0957202798034464
2017,ASM,MLT,1.0924970459282106
2017,CYM,MLT,1.0825248355415904
2017,VUT,DNK,1.0755057200484115
2017,URY,ROU,1.075375584823767
2017,MCO,EST,1.062365309382946
2017,CYP,BEL,1.0580742663247389
2017,CAN,DEU,1.0507922318535832
2017,UGA,BEL,1.0456068866579453
2017,IMN,LVA,1.0389096510802258
2017,NER,GRC,1.036010500819694
2017,CUW,LVA,1.0313936570538615
2017,CAN,BGR,1.0309357267075583
2017,GGY,CZE,1.0219807083642962
2017,GGY,BGR,1.020048839392584
2017,KWT,ROU,1.0124238753588837
2017,ISL,POL,1.0084964783119705
2017,LVA,DNK,1.004293439379753
2017,UGA,SWE,1.0000015796754624
2017,WSM,BGR,0.9983730742690264
2017,MUS,SVN,0.9967531914503738
2017,VUT,SVK,0.9944435164952534
2017,MMR,LVA,0.9889383137191243
2017,IRN,HRV,0.9811238659845085
2017,AZE,EST,0.9803516569379606
2017,CUW,PRT,0.9774504558906099
2017,SVK,GRC,0.9766881956532495
2017,LVA,SVN,0.9741309083565168
2017,GNQ,BEL,0.9725131633740921
2017,ASM,IRL,0.9703933374233648
2017,BGR,AUT,0.96870587122761
2017,BIH,GRC,0.9662172397050643
2017,PRT,CYP,0.9625273412768917
2017,PNG,DEU,0.9581252780920375
2017,VIR,SVN,0.9579041959090997
2017,BHR,SVK,0.9556165062026627
2017,SYC,HUN,0.9549255895960447
2017,GGY,LTU,0.9520754183290747
2017,BHR,HUN,0.9456705560882203
2017,GNQ,CYP,0.9452134262280375
2017,AZE,SVN,0.9425780989369104
2017,ABW,ESP,0.9380401508694867
2017,NER,HRV,0.9343147617718139
2017,AZE,CYP,0.9322379045177074
2017,AZE,HUN,0.9320719542134827
2017,BOL,FRA,0.9296151541449893
2017,ABW,ROU,0.9270054379038197
2017,SVK,DNK,0.9238795062402148
2017,KAZ,DNK,0.9215506474463402
2017,CYP,SWE,0.9215343116752217
2017,IMN,CZE,0.9202368800093504
2017,LVA,BGR,0.9141620834880857
2017,HRV,ITA,0.9077660317968779
2017,HRV,FRA,0.9063940317377923
2017,ZMB,POL,0.9051462440228448
2017,BFA,BEL,0.9048708447342244
2017,LVA,PRT,0.9037534033937036
2017,BHR,DNK,0.9018983519782912
2017,AZE,ITA,0.8994542109529796
2017,MHL,HRV,0.8963573280809176
2017,YEM,HUN,0.8945161329403707
2017,JOR,FRA,0.8865472680579688
2017,LBR,AUT,0.8816919141639237
2017,BFA,ITA,0.8803736371586361
2017,ESP,EST,0.8774169651148315
2017,JOR,POL,0.8751436140903057
2017,UZB,POL,0.8722928450722545
2017,PYF,BGR,0.8661451171885219
2017,GIB,HRV,0.8608341466594214
2017,UGA,ESP,0.8599633565554246
2017,LAO,DEU,0.8566407255276389
2017,CUW,FIN,0.844192301432838
2017,GGY,SVK,0.841675231567029
2017,LVA,IRL,0.8407372153621688
2017,DJI,FRA,0.8350082128783776
2017,BMU,MLT,0.8266561485158676
2017,BHS,AUT,0.8247967929524226
2017,KWT,ESP,0.8185761865411489
2017,PRY,POL,0.817435940207001
2017,ISL,ROU,0.8144813940399823
2017,BGR,FIN,0.8114327639924815
2017,ZMB,FRA,0.8104984958794175
2017,MMR,AUT,0.8100533851298529
2017,PRY,CZE,0.8075604210669551
2017,GIB,FIN,0.8055292755349521
2017,NER,BGR,0.8045694851720742
2017,MCO,PRT,0.8035635649265922
2017,SYC,DNK,0.8027207864435799
2017,LKA,FRA,0.7981220033898884
2017,CYM,SVN,0.797576897693831
2017,WSM,EST,0.7950112657268127
2017,BRB,CZE,0.7937065887236971
2017,MMR,CZE,0.785841074788253
2017,VUT,DEU,0.7764412137119974
2017,KWT,SWE,0.7744183460173077
2017,JOR,ROU,0.7649454899840534
2017,KWT,HRV,0.7636826083998449
2017,BGR,GRC,0.762878201152661
2017,SYC,SWE,0.7603218023812954
2017,HRV,ROU,0.7598422383504294
2017,JEY,SVK,0.7592212307894131
2017,YEM,DNK,0.7576655587761613
2017,BHR,NLD,0.7559564444337993
2017,LKA,POL,0.7556186974745911
2017,URY,BGR,0.7546144324297338
2017,BRB,PRT,0.7527830993603094
2017,PRT,HRV,0.7517885340310926
2017,KWT,CYP,0.7508192384437303
2017,PRY,SWE,0.7506963153551824
2017,LIE,ESP,0.7481817823373765
2017,KWT,BEL,0.7472363046208748
2017,BFA,FRA,0.747100619407708
2017,PRT,EST,0.7462741795770668
2017,PRY,HRV,0.7423564231927512
2017,GIB,AUT,0.7417512757960546
2017,VGB,SVN,0.7415009525716296
2017,PYF,EST,0.7400125406603162
2017,SYC,SVK,0.7385595149747929
2017,HRV,PRT,0.7316108093779491
2017,MUS,MLT,0.7307980427627335
2017,SRB,SWE,0.728191384202699
2017,YEM,SWE,0.7253504073030582
2017,WSM,SVN,0.7253395074502567
2017,LKA,ESP,0.7210829056801218
2017,LVA,HUN,0.7172503303517788
2017,CAN,EST,0.7124280783667281
2017,UZB,FRA,0.7120603118628193
2017,URY,SWE,0.7115067715046839
2017,CUW,IRL,0.7095528723667585
2017,YEM,SVK,0.707404597602451
2017,BHS,CZE,0.7061709567588903
2017,BRB,IRL,0.7013938507973945
2017,AZE,CZE,0.7000358619342671
2017,VCT,HRV,0.6989262236385935
2017,VIR,CYP,0.6976715384885749
2017,MCO,FIN,0.6817473875192648
2017,JOR,LUX,0.6775668460911143
2017,BRB,FIN,0.6760964687546259
2017,LBR,HRV,0.6756991141269115
2017,ABW,HUN,0.6735473387693706
2017,ZMB,ESP,0.6725049626009192
2017,SWZ,FRA,0.6714148280294642
2017,LVA,MLT,0.6711301794665208
2017,MUS,NLD,0.6695255146601905
2017,LKA,ITA,0.6675253387704038
2017,KWT,EST,0.6673320017202087
2017,CRI,DEU,0.6597252112153708
2017,JOR,HRV,0.6573765335725712
2017,GNQ,SVN,0.6501607570321529
2017,MMR,FIN,0.6449873276590207
2017,CPV,LUX,0.6405343044830757
2017,WSM,BEL,0.6398234317246021
2017,VCT,BGR,0.638834081934294
2017,GTM,FIN,0.6387495668934462
2017,GIB,CZE,0.6380889049270013
2017,BGR,DNK,0.6359830784713495
2017,BFA,SWE,0.6356188526729646
2017,CAN,POL,0.6352811678401078
2017,LBR,FIN,0.6288483109426362
2017,GTM,LVA,0.625701498282019
2017,GTM,BGR,0.6243001178651018
2017,PYF,SVN,0.6242375015156546
2017,BRB,LVA,0.6206645795427627
2017,NER,SVN,0.6194326348096837
2017,SSD,GRC,0.6190351793785905
2017,ESP,CZE,0.6186395379813606
2017,IMN,FIN,0.6155947290696597
2017,JOR,ITA,0.6149005529812167
2017,GGY,LUX,0.6137875646681371
2017,JOR,SWE,0.6119242184675084
2017,UZB,ROU,0.6044929514909542
2017,ISL,AUT,0.6035730856548982
2017,BOL,AUT,0.6014074434150549
2017,BHS,ROU,0.6006346538818437
2017,UGA,ITA,0.5999259668169903
2017,GNQ,EST,0.5959727625237143
2017,LIE,FRA,0.5948606426076077
2017,IRN,LVA,0.5906156314067614
2017,MMR,PRT,0.5900329310560556
2017,GIB,LTU,0.5872815389401613
2017,KWT,LVA,0.5866115475573292
2017,LAO,FRA,0.5857143794467978
2017,PRY,BEL,0.5830916554570689
2017,DJI,POL,0.582216019726857
2017,ESP,NLD,0.58000476060291
2017,LAO,POL,0.5799211002818967
2017,VUT,HRV,0.5766494920256546
2017,JOR,BEL,0.5751784679582598
2017,KWT,ITA,0.5716857531700112
2017,PNG,FRA,0.5704940755260104
2017,UGA,PRT,0.5701742543450218
2017,ABW,DNK,0.5685320518471755
2017,PRY,LVA,0.5677278278033155
2017,SSD,HRV,0.5640609440016476
2017,IRN,AUT,0.5637476392967493
2017,LIE,PRT,0.5604136917405613
2017,CYP,GRC,0.5566758183805397
2017,ISL,PRT,0.554597220457224
2017,PNG,POL,0.552495884186067
2017,GTM,PRT,0.5513341434777939
2017,CAN,HRV,0.5496303954070481
2017,BRB,BGR,0.5480370634896775
2017,SWZ,POL,0.547401422275563
2017,BRB,LTU,0.5472843982685797
2017,LIE,ROU,0.546192528136746
2017,AZE,HRV,0.5434051271430865
2017,BHS,IRL,0.5428595381125185
2017,MMR,LTU,0.5415745329942746
2017,AZE,DNK,0.5395386024591755
2017,VUT,CYP,0.5381433490455032
2017,GTM,LTU,0.5341926833947975
2017,JOR,CYP,0.5293541637841597
2017,ABW,SVK,0.5277982964561727
2017,UZB,CYP,0.5268254020813732
2017,BHR,MLT,0.5257031264400753
2017,LBR,NLD,0.524558657328124
2017,SVK,LTU,0.5207597266524161
2017,JOR,LVA,0.5156169610169374
2017,MHL,CYP,0.5124984164639411
2017,SVK,HUN,0.5065035966941429
2017,MHL,BGR,0.5040280588123367
2017,LBR,CZE,0.4994391888091489
2017,CAN,ESP,0.4966378036430796
2017,GGY,SVN,0.4941129669444657
2017,MMR,BGR,0.49301203673610555
2017,CPV,DEU,0.49117360768736473
2017,IRL,MLT,0.4894754611828825
2017,BFA,ROU,0.4884171387884678
2017,PRT,GRC,0.48643049173020814
2017,MMR,SVK,0.48627797702745196
2017,BHS,SWE,0.48511431282684525
2017,URY,SVK,0.485054146659271
2017,PNG,ROU,0.4838634495073676
2017,ESP,LVA,0.48283210363800927
2017,PRY,CYP,0.48261383188560564
2017,LBR,LTU,0.48207212246903125
2017,ABW,SWE,0.4820252391539631
2017,SSD,BGR,0.48052804735004306
2017,GIB,BGR,0.48046604094392104
2017,LBR,GRC,0.4802941998196341
2017,LBR,HUN,0.47969420027921683
2017,CYP,FIN,0.47887101962650636
2017,NER,CYP,0.4769363592251364
2017,UZB,ESP,0.47685089813221493
2017,JOR,EST,0.47415364859741516
2017,AZE,LVA,0.4738942838360429
2017,BGR,SVN,0.4737238823637777
2017,PRY,EST,0.47077233198870566
2017,LKA,SWE,0.46848193538880467
2017,PNG,HRV,0.46706224230638155
2017,SGP,SVN,0.4665429392474177
2017,SSD,CYP,0.46428728294310767
2017,GGY,LVA,0.4639936278988266
2017,VIR,DEU,0.46385884959854096
2017,CAN,SWE,0.46307693379574505
2017,BHR,IRL,0.4619318532507497
2017,UZB,EST,0.46127637177189695
2017,AZE,LTU,0.4544417633653939
2017,IRN,FIN,0.4492559006697488
2017,TLS,MLT,0.44808407769900577
2017,IRN,CZE,0.44625820328097837
2017,SVK,SVN,0.44594407175785605
2017,GIB,HUN,0.44530203056969175
2017,VCT,SVN,0.4450263394732176
2017,BFA,ESP,0.44384729707645154
2017,CAN,BEL,0.44154061808172346
2017,CAN,LVA,0.4412172009110409
2017,MMR,HUN,0.439510321701723
2017,WSM,NLD,0.43908646202083707
2017,SVK,CZE,0.43812927724077033
2017,PNG,ESP,0.4357151857191163
2017,UZB,BEL,0.435643872482933
2017,DJI,AUT,0.4353900648113035
2017,VUT,BGR,0.43529393674911976
2017,LVA,GRC,0.4286848450740795
2017,ZMB,SWE,0.4268209136697085
2017,SVK,HRV,0.42533043074131927
2017,LVA,NLD,0.42363385380607543
2017,BHS,BGR,0.42229681529290874
2017,CYP,CZE,0.4175816704543994
2017,LAO,ESP,0.4172998055317846
2017,GIB,DNK,0.41299322758675205
2017,CRI,FRA,0.41275913605083003
2017,ABW,GRC,0.41195554448173344
2017,GTM,MLT,0.41142014339872046
2017,SRB,DNK,0.4107610204940342
2017,LBR,BGR,0.40867691451457744
2017,UZB,SWE,0.40655138941239227
2017,LKA,BEL,0.40636052449139765
2017,SYC,GRC,0.40533229286259637
2017,VIR,LTU,0.4041234894141144
2017,PNG,SWE,0.40009993063653915
2017,CRI,POL,0.39885239910382325
2017,BRB,HUN,0.397984703581111
2017,LAO,ROU,0.3966382153380918
2017,SSD,DEU,0.3945993918844648
2017,MUS,LVA,0.3938611411576492
2017,MMR,DNK,0.3936679621439154
2017,WSM,LTU,0.39359068178993145
2017,ISL,SWE,0.39314498795608877
2017,MHL,LVA,0.3916955160699165
2017,SVK,BGR,0.3906384443666623
2017,YEM,HRV,0.39057077363765547
2017,MMR,NLD,0.3834669596847108
2017,GTM,DNK,0.3818881163483691
2017,GNQ,LTU,0.3817963108638782
2017,BOL,IRL,0.38154195539314206
2017,PNG,BEL,0.380214703774262
2017,ZMB,BEL,0.37788970051673587
2017,BFA,AUT,0.37672691295338356
2017,PNG,LVA,0.37545070286902155
2017,CAN,CYP,0.3750697316519227
2017,PRY,SVK,0.37374404132416084
2017,BRB,DNK,0.3701448836333792
2017,SYC,HRV,0.3686926501202059
2017,BRN,FRA,0.3680296113825406
2017,BIH,LVA,0.3668378291879555
2017,BFA,CYP,0.3665740927843527
2017,PRY,BGR,0.36526604431702153
2017,SSD,SVN,0.3625148721188065
2017,LBR,DNK,0.3623306517746765
2017,TLS,IRL,0.3621033857251063
2017,IRN,DNK,0.36159193730394745
2017,HRV,POL,0.3613868743274126
2017,MHL,SVN,0.3601659282389438
2017,VUT,EST,0.35783395310102256
2017,PRY,MLT,0.3577399864892284
2017,CRI,ROU,0.3574544912016106
2017,GTM,HUN,0.3570565061446667
2017,IRN,PRT,0.353495134581182
2017,SRB,AUT,0.3504137837457821
2017,AZE,SVK,0.34943917017500403
2017,PYF,LTU,0.3474008090052353
2017,LIE,POL,0.34706709670136704
2017,ISL,ITA,0.346663332762881
2017,ZMB,ROU,0.34512053057606984
2017,CRI,HRV,0.34507775915003885
2017,LKA,ROU,0.3431530104757634
2017,MHL,BEL,0.34274067694344396
2017,CYP,SVN,0.34184225605766533
2017,GIB,LVA,0.3373912145341305
2017,MHL,EST,0.33728684546767557
2017,JEY,MLT,0.3368413828772003
2017,VCT,CYP,0.3359201741156997
2017,IRN,LTU,0.3319815642968447
2017,BOL,ROU,0.3298687167565134
2017,WSM,LVA,0.3294411444405819
2017,BRB,SVK,0.3290559738327945
2017,BIH,SVK,0.32889442709576966
2017,HRV,BEL,0.3273089438001687
2017,IRN,BGR,0.32391742728558137
2017,ROU,ESP,0.3211801776179028
2017,PNG,CYP,0.31912979626634075
2017,UZB,ITA,0.318807880291704
2017,MHL,LUX,0.31624864714418427
2017,SYC,BGR,0.31434605141846167
2017,LAO,SWE,0.3129069012946697
2017,BFA,EST,0.3122679561359494
2017,VUT,SVN,0.3120881405864134
2017,CRI,ESP,0.3118071013220265
2017,GTM,SVK,0.31150766143635855
2017,GEO,POL,0.3113657686630136
2017,LKA,HRV,0.31039497096892915
2017,YEM,DEU,0.30941509068482137
2017,GEO,ESP,0.3063945490772591
2017,XKV,ESP,0.30139027173228866
2017,BHS,SVK,0.3013566598589207
2017,GEO,FRA,0.3012218859585182
2017,YEM,BGR,0.2990793972901452
2017,PNG,ITA,0.29677032794870745
2017,ISL,BEL,0.294368164567967
2017,CRI,SWE,0.2907363784165592
2017,PYF,LVA,0.29018937263846517
2017,SWZ,AUT,0.2899406320204826
2017,SYC,CYP,0.28942844256091294
2017,PNG,EST,0.28886872448603035
2017,LIE,BEL,0.28550026122502997
2017,AZE,MLT,0.2852117957882992
2017,YEM,CYP,0.28225522317015894
2017,SRB,ESP,0.27986620841768034
2017,ISL,NLD,0.27918478054222545
2017,LAO,CYP,0.2786485684543005
2017,BOL,DEU,0.278149781617355
2017,CRI,BEL,0.2772151037035067
2017,CRI,LVA,0.27701205075472074
2017,CYP,DEU,0.27591917695157925
2017,BFA,DNK,0.2751035879910859
2017,LAO,BEL,0.2750224714856004
2017,SSD,EST,0.27489840119836445
2017,ZMB,CYP,0.2745470682671791
2017,VUT,BEL,0.27444920312523374
2017,ZMB,EST,0.27300815390768257
2017,BGR,ESP,0.2727653190281081
2017,KWT,SVK,0.27264455988861347
2017,SWZ,ROU,0.2717071090774716
2017,BRN,POL,0.27139393348542973
2017,MMR,MLT,0.2685457901458329
2017,VEN,FRA,0.2674672207967677
2017,LKA,LVA,0.26528866336229345
2017,HRV,SWE,0.2650097744493393
2017,IRN,SVK,0.2649365232332232
2017,KAZ,SVN,0.2641174728332906
2017,ISL,DEU,0.2615866369332639
2017,NER,LTU,0.26144187742954067
2017,KWT,NLD,0.26084318451684874
2017,VIR,EST,0.2604766142505
2017,DJI,ESP,0.25832946228751424
2017,UGA,FIN,0.2565632849048957
2017,ISL,HUN,0.2563543473657827
2017,ABW,HRV,0.2561030379585076
2017,LAO,HRV,0.2548643208049177
2017,BGR,HUN,0.25294760567493174
2017,PRY,NLD,0.2524612819875109
2017,DNK,IRL,0.25073513385783225
2017,DJI,ROU,0.25054018845803666
2017,JOR,SVK,0.2491554659462402
2017,VCT,DEU,0.24869386853831268
2017,LAO,EST,0.24696762958990878
2017,LAO,ITA,0.2464114312916226
2017,KWT,AUT,0.24474057343679662
2017,PYF,FIN,0.2442236900839627
2017,ISL,LUX,0.24349541016733967
2017,PRT,LTU,0.24237311536329292
2017,MMR,IRL,0.24088843388185585
2017,IRN,HUN,0.24065787560107488
2017,LIE,SWE,0.23898538934576885
2017,SYC,SVN,0.2379765146561796
2017,SWZ,ESP,0.23695484054783944
2017,URY,HUN,0.236297703173514
2017,CRI,CYP,0.2354822870150754
2017,SYC,DEU,0.23505804206341693
2017,UZB,HRV,0.23403599109573794
2017,URY,HRV,0.23258634771990672
2017,KWT,CZE,0.23181036909120722
2017,DJI,ITA,0.23103893358425354
2017,LKA,EST,0.23096931473806379
2017,CHE,MLT,0.2303880611549151
2017,JOR,NLD,0.22928824802637274
2017,MCO,GRC,0.22887050240022577
2017,MCO,LUX,0.22880393539125876
2017,ISL,DNK,0.226218550999907
2017,CYP,MLT,0.2254688259490914
2017,HRV,AUT,0.22514542649477315
2017,LKA,CYP,0.2244753902995428
2017,VIR,LVA,0.22269185192063481
2017,LBR,SVK,0.22095727186794384
2017,PRT,IRL,0.22072396262237234
2017,PRT,SVN,0.22030192092988232
2017,YEM,SVN,0.22029364041706692
2017,BHS,HRV,0.2202881638644993
2017,LKA,AUT,0.22024745068105078
2017,LBR,LVA,0.2189963146861894
2017,CRI,ITA,0.21735918443823243
2017,ABW,BGR,0.21728303580168667
2017,UGA,AUT,0.21710012926949535
2017,ISL,GRC,0.21677252246379303
2017,JOR,AUT,0.21418747998486937
2017,JOR,CZE,0.21313299581833528
2017,CRI,EST,0.21249546359215946
2017,MNE,ESP,0.21118109831882123
2017,ZMB,ITA,0.2108520683554585
2017,LIE,NLD,0.20951117119053508
2017,VIR,CZE,0.20941367455367635
2017,LKA,CZE,0.20702184290121556
2017,CYP,HUN,0.2068703354879941
2017,CAN,SVK,0.20508050541411213
2017,LIE,DEU,0.19925253669740023
2017,SWZ,ITA,0.1975863814233246
2017,MHL,LTU,0.19620488017747667
2017,CAN,NLD,0.1962036291367643
2017,WSM,PRT,0.19449775012034776
2017,KWT,FIN,0.19201684159249718
2017,LIE,LUX,0.1905276309180558
2017,UGA,GRC,0.19026199976911162
2017,NER,EST,0.18975221514757662
2017,VCT,LTU,0.1893585707775654
2017,MCO,HRV,0.18869292593933576
2017,XKV,FRA,0.18785417228870538
2017,CUW,MLT,0.18749948645409617
2017,LAO,LVA,0.18655188316679044
2017,ZMB,PRT,0.18562621516362085
2017,DJI,HUN,0.18490158282163255
2017,BOL,CZE,0.18436473638497597
2017,BHS,POL,0.18421235006131556
2017,GEO,SWE,0.18328965863365584
2017,GNQ,PRT,0.17971174600349185
2017,KWT,MLT,0.1789065903382469
2017,UGA,LTU,0.17833711611164887
2017,XKV,PRT,0.17697598842595616
2017,ISL,SVK,0.1769545693208648
2017,BRN,AUT,0.17671974017628542
2017,SSD,LTU,0.17627235375535613
2017,PNG,SVK,0.17552294205021887
2017,ZMB,CZE,0.17366534062875985
2017,VUT,LTU,0.17360161567238847
2017,XKV,ROU,0.17248360247169367
2017,UGA,HRV,0.17201160023405815
2017,BRB,MLT,0.17194865823943123
2017,GNQ,LVA,0.17120154008743257
2017,HRV,GRC,0.17091498720418255
2017,CYP,DNK,0.16956773440009784
2017,YEM,EST,0.16761162875850988
2017,LAO,AUT,0.16746103575721044
2017,SYC,EST,0.16705415544125884
2017,ABW,SVN,0.166862004510133
2017,CPV,ITA,0.166790444423066
2017,PNG,NLD,0.16656423083432603
2017,BHS,BEL,0.16643710003623322
2017,KWT,DNK,0.16637356364056322
2017,CPV,POL,0.16616354242261785
2017,VEN,AUT,0.1661269561953697
2017,SWZ,DEU,0.16572413215228368
2017,AZE,BGR,0.16473253274027008
2017,MCO,LTU,0.16440140574451306
2017,LBR,SVN,0.16426049849451874
2017,SSD,BEL,0.16356900861349882
2017,GIB,SVN,0.1624028062317582
2017,MCO,CZE,0.16238859754757132
2017,PRT,LVA,0.16081601128778367
2017,UGA,CZE,0.1601315426638274
2017,JOR,MLT,0.15811817235142064
2017,IRN,MLT,0.15737312087183128
2017,BHR,SVN,0.15576768088212445
2017,DJI,DNK,0.15573651014746323
2017,PRY,FIN,0.15549438986310682
2017,LKA,SVK,0.15523284581141478
2017,ESP,BGR,0.15503726269938337
2017,VUT,NLD,0.1539985598937821
2017,GEO,BEL,0.15356326559308792
2017,JOR,FIN,0.15253937480216948
2017,CYP,BGR,0.15146790143655114
2017,FRO,FRA,0.15082441798349894
2017,KWT,PRT,0.15076818314763363
2017,SRB,FIN,0.1497573117956769
2017,UZB,LVA,0.14931710246471894
2017,PRY,DNK,0.14912545890974963
2017,HRV,FIN,0.14909284137569367
2017,SWZ,SWE,0.14861448561416074
2017,AZE,NLD,0.14628196964443765
2017,BHS,HUN,0.14510303369241853
2017,NER,LVA,0.144690829237602
2017,PRY,HUN,0.1442656943852308
2017,DJI,SVK,0.1442255433893637
2017,WSM,FIN,0.14415384674603088
2017,UGA,BGR,0.1434733837925372
2017,IRN,IRL,0.1430960997609119
2017,KWT,IRL,0.14235679543416024
2017,BRN,ROU,0.1423414626532539
2017,VUT,LUX,0.14172908169707715
2017,VUT,LVA,0.1407065408799987
2017,PNG,AUT,0.14019019234854707
2017,MHL,CZE,0.13992917722914894
2017,JOR,DNK,0.13988601971946538
2017,KWT,BGR,0.139658311997012
2017,BRN,ESP,0.13945219635607964
2017,WSM,CZE,0.13936209322064416
2017,MCO,HUN,0.1387802387973689
2017,BFA,PRT,0.13785296240768732
2017,MHL,NLD,0.1366138236561406
2017,URY,MLT,0.13551884224525362
2017,CPV,FRA,0.13498853084171275
2017,JOR,IRL,0.13435922673317308
2017,PNG,CZE,0.13435437670182282
2017,DJI,SWE,0.13309548206270835
2017,LIE,GRC,0.1329341320500871
2017,VCT,EST,0.13254338289499973
2017,BFA,FIN,0.13241366015046127
2017,URY,BEL,0.13220672338224876
2017,SWZ,HUN,0.13180492020630377
2017,UGA,HUN,0.1315418238776076
2017,ISL,SVN,0.13146394612450213
2017,CPV,SWE,0.1299960668007712
2017,ZMB,HUN,0.12897575686600138
2017,CRI,SVK,0.12875692801022942
2017,ZMB,AUT,0.12750413783219572
2017,MCO,BGR,0.12710406956284415
2017,SWZ,CYP,0.1267620233654466
2017,LKA,HUN,0.12522198747989088
2017,ABW,CYP,0.12505122553366915
2017,JOR,BGR,0.12380264254797256
2017,CRI,NLD,0.12318370535071703
2017,JEY,IRL,0.12250881948921802
2017,FRO,DEU,0.1215297504376338
2017,CAN,FIN,0.12084452459945008
2017,CPV,CZE,0.11986736531299122
2017,LKA,PRT,0.1190384192877744
2017,VCT,LVA,0.11789212104486221
2017,ISL,FIN,0.11785064145108376
2017,LIE,FIN,0.11783036312810327
2017,LIE,AUT,0.11766027666833355
2017,PRY,PRT,0.11744985383683121
2017,JOR,PRT,0.11727628133869172
2017,GIB,SVK,0.11724525531178594
2017,UZB,AUT,0.11705165932115816
2017,BRN,ITA,0.1163454658329117
2017,CAN,DNK,0.11589482555279795
2017,LAO,SVK,0.1155229163758213
2017,PYF,CZE,0.11500971145952255
2017,PNG,MLT,0.1143312652316568
2017,ZMB,LTU,0.1139416833940288
2017,SYC,LTU,0.11389818339014252
2017,UZB,CZE,0.11341429061498089
2017,BHS,LVA,0.11312863419982293
2017,FRO,POL,0.11273378475422323
2017,KWT,LTU,0.11142340732308419
2017,VEN,IRL,0.11131805632615971
2017,BGR,EST,0.11129320433467758
2017,KWT,HUN,0.11005818066737968
2017,VEN,DEU,0.10937813121119642
2017,SRB,CYP,0.10905412951901608
2017,YEM,LTU,0.10888538970563964
2017,SWZ,DNK,0.10778333947186183
2017,VCT,CZE,0.10715333441294966
2017,YEM,BEL,0.10643529958028783
2017,BGR,CYP,0.10628715984601107
2017,HRV,SVN,0.106132946478462
2017,LKA,NLD,0.10561118674310432
2017,PYF,PRT,0.1049724658094564
2017,CPV,ROU,0.10450722850148185
2017,PNG,FIN,0.10363467415006536
2017,MCO,SVN,0.10329815306069944
2017,URY,POL,0.10168814871806088
2017,CRI,AUT,0.10139550516657952
2017,BFA,HUN,0.09993853785626561
2017,SWZ,EST,0.09938565698290773
2017,BOL,BGR,0.09931056787945015
2017,UGA,DNK,0.09881803810495346
2017,PNG,DNK,0.09838723453185631
2017,GEO,ITA,0.09802358031982628
2017,UZB,FIN,0.09791436439919403
2017,LKA,FIN,0.09785223802312476
2017,LKA,LTU,0.09756652365767196
2017,SVK,MLT,0.09682728999835645
2017,CRI,CZE,0.09655117475491841
2017,SWZ,SVK,0.0961371229982629
2017,BHS,EST,0.09606213741514211
2017,BHS,CYP,0.09602281756445098
2017,SYC,BEL,0.0959906755318131
2017,BGR,MLT,0.09548253598929107
2017,UZB,PRT,0.09535329655686697
2017,UZB,NLD,0.09476135629103596
2017,MHL,MLT,0.09470228996543546
2017,GNQ,FIN,0.093160613088854
2017,BRN,DEU,0.09293994682098333
2017,YEM,LVA,0.09273890232249409
2017,JOR,HUN,0.09238066659961436
2017,SRB,EST,0.09199051967128133
2017,GEO,ROU,0.09175606993062697
2017,LAO,CZE,0.09163478724157072
2017,CAN,PRT,0.09127770952818336
2017,MHL,FIN,0.09092414024796314
2017,PNG,IRL,0.09090346822536509
2017,ISL,BGR,0.09089342870964309
2017,VEN,ROU,0.0899178672264219
2017,BRN,SWE,0.08974442482107653
2017,SSD,LVA,0.08935869631474838
2017,CPV,CYP,0.0889966180206042
2017,GEO,HRV,0.08778904632870015
2017,VIR,IRL,0.08744321147869721
2017,XKV,POL,0.08741915574298283
2017,PRY,LTU,0.086898223087596
2017,GEO,CZE,0.08550053204342348
2017,ZMB,FIN,0.08470946838524554
2017,CRI,MLT,0.08448898808818413
2017,BOL,SWE,0.08400197942541766
2017,BHS,MLT,0.08347609544444344
2017,BRB,SVN,0.08303428534250142
2017,LKA,IRL,0.08281981592824131
2017,JOR,LTU,0.08257859903953613
2017,ROU,LUX,0.08253727066298104
2017,ISL,HRV,0.08232831880698928
2017,LIE,SVN,0.08154679835372321
2017,ZMB,GRC,0.08115995894782878
2017,LAO,NLD,0.08066497117830504
2017,SSD,PRT,0.0805982894429531
2017,LAO,DNK,0.08047792304538037
2017,XKV,BEL,0.07989623854909172
2017,AZE,IRL,0.079834953165222
2017,PYF,LUX,0.07978085812802223
2017,PNG,PRT,0.07971674031103022
2017,UZB,LTU,0.07970020865707846
2017,LAO,HUN,0.07961528689265357
2017,MHL,IRL,0.07917383133006603
2017,CPV,EST,0.07915821205237175
2017,GEO,LVA,0.07902316979370975
2017,MMR,SVN,0.07843527662988396
2017,MHL,PRT,0.0780071766204945
2017,LKA,MLT,0.07754699020185628
2017,XKV,LUX,0.07745163670328176
2017,DJI,GRC,0.07660185496956824
2017,URY,EST,0.0759546351193802
2017,CRI,FIN,0.0758705451932785
2017,CPV,BGR,0.07582681157150041
2017,SVK,IRL,0.07521308092711029
2017,BRN,HUN,0.07502404096399067
2017,GEO,EST,0.07490739351483644
2017,GEO,AUT,0.07476980668373912
2017,VCT,IRL,0.07474663026872459
2017,BRN,HRV,0.0742683839876604
2017,CPV,BEL,0.073903276902795
2017,BFA,GRC,0.07321633525822684
2017,CRI,DNK,0.07276294585059503
2017,PNG,BGR,0.07249369862181253
2017,UZB,SVK,0.07200773628881248
2017,BRN,SVK,0.07196388778542306
2017,UZB,BGR,0.07195721187426726
2017,FRO,AUT,0.07194841260968737
2017,XKV,SWE,0.07156921453081137
2017,MCO,LVA,0.07156656613335499
2017,URY,LVA,0.07062472904045033
2017,LIE,ITA,0.07006792156988711
2017,ABW,LTU,0.0696810433314093
2017,CAN,HUN,0.06960907776180797
2017,DJI,HRV,0.06882174535437485
2017,FRO,ESP,0.06863896411108153
2017,BFA,HRV,0.06856615329717933
2017,BRN,DNK,0.06832019685410344
2017,LAO,FIN,0.06795983725543961
2017,GGY,MLT,0.0678914857870829
2017,CRI,IRL,0.06722827577770651
2017,BHS,PRT,0.06703972418705911
2017,GEO,CYP,0.06662545398356812
2017,VUT,PRT,0.0657949523744774
2017,UZB,HUN,0.06476539559335993
2017,BOL,SVK,0.06475180198532196
2017,VUT,CZE,0.06434006202858028
2017,SWZ,BEL,0.06309346257874668
2017,LKA,DNK,0.06238309718259218
2017,PNG,HUN,0.06188710388160821
2017,CAN,LTU,0.06156590080491527
2017,ALB,ESP,0.061443627664123354
2017,UZB,DNK,0.06117131018513383
2017,UGA,SVN,0.06089236037139148
2017,URY,CYP,0.06003663981026947
2017,VUT,FIN,0.059838600378351633
2017,LAO,BGR,0.05976757850550242
2017,DJI,BGR,0.05935931150649351
2017,LAO,PRT,0.059281197011464726
2017,HRV,IRL,0.058509736233700496
2017,SYC,LVA,0.058453474889888536
2017,SWZ,GRC,0.05776999370862872
2017,BOL,POL,0.05771275626866474
2017,CRI,PRT,0.057307433736459905
2017,HRV,HUN,0.05667030034668434
2017,LKA,BGR,0.056547077080578885
2017,GEO,HUN,0.05650054429871472
2017,BFA,LTU,0.055698237169101994
2017,LAO,MLT,0.055652169382890596
2017,BIH,SVN,0.05446562378751206
2017,MNE,LUX,0.054269574168996235
2017,BFA,SVK,0.05415863239595773
2017,GEO,SVK,0.05350781406147771
2017,CRI,BGR,0.05339299810021746
2017,PNG,LTU,0.05335483122763815
2017,BFA,BGR,0.052901497685387114
2017,NER,DEU,0.05289470169655339
2017,HRV,DNK,0.05279362143707845
2017,ZMB,SVK,0.05239788273056106
2017,LIE,DNK,0.05038349348504073
2017,GEO,PRT,0.05027412664777313
2017,BHS,NLD,0.05023072697203648
2017,LAO,LTU,0.05020374130390087
2017,GIB,MLT,0.04994577632184346
2017,CYP,SVK,0.049913713368845605
2017,LIE,HUN,0.04989514289678681
2017,SWZ,BGR,0.049890377637863616
2017,GNQ,NLD,0.04921774831682806
2017,ABW,EST,0.048880403205126696
2017,SWZ,HRV,0.04873242213930325
2017,SYC,PRT,0.048209012503601156
2017,URY,LTU,0.04703310335480915
2017,CPV,SVK,0.046347598480533436
2017,DJI,SVN,0.04574922025213349
2017,BRN,CYP,0.045591270626246835
2017,CYP,EST,0.045522781885823205
2017,WSM,MLT,0.04517419829994092
2017,GTM,SVN,0.04501005083052851
2017,YEM,NLD,0.04418929606172442
2017,LAO,IRL,0.04402341131512549
2017,IMN,MLT,0.04373048338626767
2017,CRI,HUN,0.043703086239901705
2017,BOL,HUN,0.04352055048560416
2017,GEO,LTU,0.04319660099794104
2017,ABW,LVA,0.04315143384283928
2017,BRN,LVA,0.042988070522759006
2017,BFA,CZE,0.04261642682913974
2017,UZB,LUX,0.0425913618202319
2017,XKV,GRC,0.042162607255702145
2017,BGR,LTU,0.041295943460719034
2017,SVK,LVA,0.04125355531744827
2017,UZB,MLT,0.04105941794804431
2017,FRO,ROU,0.04071578459635062
2017,IRN,SVN,0.040515328657350684
2017,ISL,CYP,0.040500154076896486
2017,FRO,ITA,0.040267771481600864
2017,BHS,FIN,0.03983747059315868
2017,SSD,FIN,0.03907777053509813
2017,BRN,BEL,0.039053164193487803
2017,ISL,CZE,0.03844841850448072
2017,CRI,LTU,0.03792616041785803
2017,PRY,SVN,0.03702768656270282
2017,BHS,LTU,0.03643191287765086
2017,DJI,CYP,0.036382756392645516
2017,KWT,SVN,0.036087458083221516
2017,XKV,FIN,0.03606542253268812
2017,ZMB,BGR,0.03604401882546035
2017,EST,ESP,0.03566973729663436
2017,ZMB,LVA,0.03548321043965542
2017,BOL,MLT,0.03534317511566305
2017,CPV,HUN,0.03512424048996704
2017,GEO,FIN,0.03496550094104719
2017,PYF,MLT,0.034961705658836724
2017,XKV,AUT,0.03461781682677776
2017,BRN,EST,0.034544136607109255
2017,WSM,IRL,0.03370164909151718
2017,FRO,SWE,0.03359527397315235
2017,FRO,HUN,0.03322662524132452
2017,LBR,MLT,0.03290303010367749
2017,UZB,IRL,0.032872759263818156
2017,BHS,DNK,0.03282197464707347
2017,JOR,SVN,0.03190331343147442
2017,URY,NLD,0.03140591100239274
2017,LVA,LTU,0.031365081204159984
2017,SMR,FRA,0.031266472129194124
2017,BFA,SVN,0.03122007545284987
2017,ROU,DEU,0.03119505098783971
2017,SWZ,SVN,0.03040427492942633
2017,LIE,CZE,0.030084698866275485
2017,BRN,BGR,0.029562139732857987
2017,LKA,SVN,0.02955436994011868
2017,SSD,CZE,0.02942348400913721
2017,XKV,DEU,0.029272930115608553
2017,CPV,PRT,0.028717487660706725
2017,GEO,NLD,0.028604964152606063
2017,SWZ,LTU,0.028480814306310605
2017,PYF,IRL,0.028332532712743566
2017,YEM,CZE,0.028127200462651616
2017,ISL,LTU,0.02803689181987276
2017,ZMB,SVN,0.02796826532326551
2017,BGR,LVA,0.02763896079563454
2017,CAN,SVN,0.027144624289738996
2017,HRV,MLT,0.02681177829870298
2017,ABW,IRL,0.026743353358277034
2017,CYP,LTU,0.026535250630637917
2017,VEN,CZE,0.02617920394335835
2017,XKV,SVN,0.025774679791426842
2017,FRO,SVK,0.024469087846545574
2017,GIB,IRL,0.024326080010357284
2017,ZMB,HRV,0.02397958429511609
2017,YEM,FIN,0.02377935944405351
2017,FRO,DNK,0.02373381885954134
2017,PNG,SVN,0.02352014120497783
2017,VEN,ESP,0.02334507260082943
2017,SYC,FIN,0.023053395255378677
2017,BOL,HRV,0.022969912135305616
2017,SMR,POL,0.022748451606750864
2017,UGA,LVA,0.022110287203965594
2017,IOT,FRA,0.02202290260976007
2017,VEN,POL,0.021824385867122653
2017,AZE,LUX,0.021105622259853418
2017,GEO,MLT,0.02108850208550763
2017,YEM,PRT,0.020959987089762506
2017,LAO,SVN,0.020896875201552284
2017,CPV,LTU,0.020518969439019125
2017,MNE,DEU,0.020511244431656393
2017,PRT,MLT,0.02044620664363716
2017,ISL,EST,0.020367409873469022
2017,MCO,MLT,0.02002189948670615
2017,VCT,BEL,0.0199152469502538
2017,LIE,BGR,0.01975814931964259
2017,GGY,IRL,0.0197493208046721
2017,DJI,LTU,0.0194867556795715
2017,BRN,SVN,0.019421288376352607
2017,URY,FIN,0.019343334276713663
2017,PLW,FRA,0.01901804451400696
2017,URY,DNK,0.018551046139986958
2017,SRB,HRV,0.018504958371830343
2017,STP,LUX,0.018196045455712344
2017,CPV,GRC,0.018076610413701243
2017,BHS,SVN,0.018041230471315454
2017,BGR,HRV,0.01803544237238214
2017,VUT,MLT,0.017652299761376552
2017,SYC,CZE,0.017499071538659938
2017,BRN,NLD,0.017353720655022588
2017,GEO,BGR,0.017339245385618596
2017,CPV,HRV,0.017301990563043095
2017,CRI,SVN,0.017042372840271658
2017,GEO,DNK,0.01689656478321036
2017,IOT,POL,0.016467637195574817
2017,LIE,MLT,0.01638617204874489
2017,XKV,HUN,0.016345007449673266
2017,ISL,MLT,0.016216101794270327
2017,NER,BEL,0.01614014192638538
2017,ROU,ITA,0.016030806354654457
2017,CYP,HRV,0.01596084275623999
2017,ALB,LUX,0.015789857782140093
2017,CPV,FIN,0.01578876381882182
2017,VUT,IRL,0.015704113485723217
2017,MCO,SVK,0.015643613629665973
2017,GEO,IRL,0.01561133766180882
2017,BOL,DNK,0.015572861109029267
2017,SMR,AUT,0.01554119083788523
2017,ZMB,DNK,0.015398760537411071
2017,BOL,GRC,0.015397718414357171
2017,SRB,LVA,0.015224572085043091
2017,BFA,LVA,0.015107597902659376
2017,DJI,EST,0.015103255347357136
2017,XKV,ITA,0.015043048793207014
2017,SWZ,CZE,0.014771861205132608
2017,URY,PRT,0.014610635055818305
2017,FRO,GRC,0.014496290599362983
2017,ISL,LVA,0.014469577150090998
2017,STP,GRC,0.014129512853315497
2017,SWZ,PRT,0.013681096897496976
2017,BRN,CZE,0.013601816172364148
2017,SWZ,FIN,0.013456156755044442
2017,PLW,POL,0.013402231607928703
2017,CPV,AUT,0.01332913556253832
2017,ROU,CZE,0.013032802230181623
2017,LIE,SVK,0.013026614418851183
2017,STP,ESP,0.012995997311810567
2017,URY,SVN,0.012988786232297215
2017,UZB,SVN,0.012792087108216174
2017,XKV,DNK,0.012770728940373023
2017,BRN,LTU,0.012412324434017888
2017,YEM,MLT,0.01238162630571616
2017,XKV,CZE,0.012229770326176788
2017,UGA,MLT,0.011910314218952884
2017,BRN,MLT,0.0119025344588674
2017,GEO,SVN,0.011857454773198214
2017,LBR,IRL,0.011662388464360598
2017,VEN,SWE,0.01155104943913816
2017,LTU,CYP,0.011542278222399255
2017,VIR,BEL,0.011417093079111089
2017,FRO,HRV,0.01125698217710292
2017,LAO,LUX,0.011228353250764813
2017,FRO,BEL,0.01108861362732705
2017,VCT,MLT,0.011060513435865286
2017,SMR,ESP,0.010808393629909254
2017,BRN,FIN,0.010688396192335824
2017,DJI,LVA,0.010687015056735477
2017,SMR,ROU,0.010663914120041883
2017,IOT,AUT,0.01059517863187455
2017,ABW,DEU,0.010546360997259405
2017,MNE,ITA,0.010540511304342595
2017,SRB,LTU,0.010537443683015582
2017,VEN,MLT,0.01045822799851217
2017,HRV,CZE,0.010452098377791746
2017,PLW,AUT,0.00981554718846934
2017,YEM,IRL,0.009787981617478608
2017,UGA,SVK,0.009617692721013276
2017,FRO,BGR,0.009580376285458197
2017,BRN,IRL,0.009470901322894404
2017,CYP,LVA,0.009211270130293282
2017,EST,LUX,0.009166452249840326
2017,VEN,BEL,0.008898504580094864
2017,LTU,DEU,0.008843198936796831
2017,SMR,ITA,0.008786742567915758
2017,MNE,CZE,0.008569275693022483
2017,ROU,BGR,0.008559302975306087
2017,SWZ,LVA,0.008287693135412272
2017,FRO,SVN,0.008136200751797516
2017,VIR,MLT,0.00810008098004077
2017,WSM,LUX,0.008092240409391082
2017,BRN,PRT,0.008073285291161716
2017,XKV,BGR,0.008031911149371926
2017,BOL,EST,0.007989119531598117
2017,ROU,SWE,0.007953666251802143
2017,WLF,FRA,0.007821705643924877
2017,IOT,ROU,0.007330050355969964
2017,DJI,DEU,0.0071977892975731445
2017,FRO,CZE,0.007114259119425755
2017,IOT,ESP,0.007007890183629559
2017,HRV,LTU,0.0069542310121000804
2017,BOL,BEL,0.006846181655062151
2017,PLW,GRC,0.006730084599569632
2017,FRO,LTU,0.006680298733333082
2017,LIE,LTU,0.00665390738179116
2017,FRO,PRT,0.006638303829817806
2017,SMR,HUN,0.006630361983089714
2017,VCT,NLD,0.006510935128623323
2017,IOT,ITA,0.006499640069110179
2017,FRO,CYP,0.006352117604517954
2017,ABW,CZE,0.006128877020842751
2017,PLW,ESP,0.0061012866179648816
2017,BOL,LTU,0.006066546233516469
2017,LTU,POL,0.00601545880360199
2017,ALB,DEU,0.005967793878426844
2017,LIE,EST,0.005940051358612024
2017,PLW,ROU,0.005883497531605596
2017,HRV,EST,0.0058830956414976845
2017,IOT,BEL,0.005826685884448704
2017,ROU,SVK,0.005643177291032592
2017,MNE,BGR,0.005627878459296111
2017,WLF,POL,0.005606980972153868
2017,SMR,DNK,0.005603045837591237
2017,LTU,FRA,0.005530251079602249
2017,BOL,SVN,0.005526219554149176
2017,ABW,BEL,0.005484421634843569
2017,VEN,BGR,0.0054764858014400945
2017,SMR,SWE,0.005474205452859479
2017,PLW,ITA,0.005392769442000072
2017,ZMB,MLT,0.005363528490283254
2017,XKV,SVK,0.005295466083218799
2017,MNE,SWE,0.0052296626372601305
2017,XKV,MLT,0.005174675489882416
2017,LTU,SWE,0.005086183112338023
2017,SMR,SVK,0.005070836336267125
2017,STP,ITA,0.004993440801053064
2017,LTU,ROU,0.0049339409188831505
2017,FRO,EST,0.004705079034626012
2017,VEN,HUN,0.004624552795511369
2017,LIE,HRV,0.00461346652148125
2017,CPV,DNK,0.004585709228512507
2017,VEN,EST,0.004520738069457213
2017,IOT,HUN,0.004488090822403334
2017,LTU,HRV,0.004447898284703119
2017,GNQ,MLT,0.004436863678721207
2017,NRU,FRA,0.004356005400384324
2017,IOT,DEU,0.004349635980721102
2017,NER,CZE,0.004292848265896497
2017,LTU,ESP,0.004267850380405504
2017,IOT,SWE,0.00425405669175726
2017,PLW,HUN,0.0041698885654459245
2017,VCT,FIN,0.004010174856490019
2017,WLF,AUT,0.003968803926411616
2017,IOT,DNK,0.0038912260861560695
2017,LTU,BEL,0.0038582408300026783
2017,ABW,MLT,0.0037972018736184194
2017,NER,PRT,0.003714513816198808
2017,MNE,SVK,0.003710479230588934
2017,VEN,PRT,0.0036881567613085402
2017,CPV,SVN,0.0036539597508702553
2017,PLW,DNK,0.0035258698393314347
2017,FLK,FRA,0.003470225128142239
2017,IOT,SVK,0.0034660097034675324
2017,EST,DEU,0.003464470572075969
2017,VEN,LTU,0.0034371584855568535
2017,NER,FIN,0.0034218652111087725
2017,BOL,CYP,0.003330017288789517
2017,PLW,SVK,0.003304345256359844
2017,ABW,PRT,0.0032695085346182997
2017,FRO,LVA,0.003234452626954636
2017,PLW,SWE,0.003222538377530196
2017,NRU,POL,0.0031673418738830425
2017,ALB,ITA,0.0030667860766390802
2017,BFA,MLT,0.0030310070772845243
2017,VCT,PRT,0.00302901250115544
2017,WLF,GRC,0.0030132611364568087
2017,SMR,GRC,0.0029199293601222635
2017,IOT,NLD,0.002919771590678156
2017,LTU,ITA,0.002900335890866046
2017,HRV,LVA,0.0028678587346455176
2017,ATG,LUX,0.002812322106602732
2017,LIE,CYP,0.0026399532332371583
2017,SMR,HRV,0.0026222280922818474
2017,HRV,BGR,0.0026194005110716377
2017,LIE,LVA,0.002565331426582068
2017,SMR,DEU,0.002564353230176756
2017,CPV,LVA,0.0025555879699909008
2017,WLF,ESP,0.00255488906759111
2017,WLF,ROU,0.002525696345761228
2017,SMR,CYP,0.0025022314286839015
2017,ALB,CZE,0.0024932505286926524
2017,DJI,BEL,0.0024911243623956638
2017,FRO,FIN,0.0024453792092090035
2017,FLK,POL,0.0024195928510600644
2017,STP,DEU,0.002387172302944676
2017,VEN,SVK,0.0023554398898682407
2017,LTU,CZE,0.002300429906528883
2017,SMR,BGR,0.002240764096534401
2017,WLF,ITA,0.0022157410247218455
2017,NRU,AUT,0.0021745365692975318
2017,VEN,GRC,0.002154002011741027
2017,XKV,LTU,0.002118176594787134
2017,IOT,CYP,0.002070039605964254
2017,YEM,LUX,0.0020500309686829854
2017,ABW,NLD,0.001969213550616585
2017,IOT,GRC,0.0019497995361415805
2017,IOT,HRV,0.0019016491709843487
2017,MNE,HUN,0.0018473781349332098
2017,FLK,ESP,0.0018123635842172976
2017,ROU,HRV,0.0018045114119674779
2017,EST,ITA,0.0017803547390898137
2017,FLK,AUT,0.001779214237222761
2017,PLW,HRV,0.0017638010998531086
2017,LTU,EST,0.0017545791196720405
2017,VEN,FIN,0.0017307430638353652
2017,FLK,LUX,0.0017270479182383822
2017,SMR,SVN,0.0017006438366975857
2017,XKV,HRV,0.0016933242544124518
2017,ABW,FIN,0.0016924568273792935
2017,WLF,HUN,0.001690288578122119
2017,SSD,MLT,0.0016682575132638392
2017,ALB,BGR,0.0016374442189417847
2017,SMR,EST,0.0015840615652383486
2017,NRU,GRC,0.001552922027987296
2017,IOT,BGR,0.0015374180396385527
2017,ALB,SWE,0.0015215824069996836
2017,LTU,SVK,0.001504381264436445
2017,VEN,LVA,0.0014663345562090453
2017,NRU,ROU,0.0014582591310056704
2017,DJI,PRT,0.001458145188706784
2017,NRU,ESP,0.0014540394203256333
2017,EST,CZE,0.0014474013783709189
2017,WLF,DNK,0.0014290606106897568
2017,IOT,EST,0.0014016705324454309
2017,FLK,ITA,0.001400441711051934
2017,WLF,SWE,0.0013870677627601156
2017,PLW,BGR,0.0013699221847211708
2017,WLF,SVK,0.0013351927630266853
2017,STP,FRA,0.0013073693332301603
2017,LTU,AUT,0.0012942967720765176
2017,SMR,BEL,0.0012884424115301644
2017,NRU,ITA,0.0012772139524078719
2017,ATG,ESP,0.0012714750927344312
2017,VEN,CYP,0.001191574735674835
2017,MNE,HRV,0.0011864950842685419
2017,XKV,EST,0.0011726013130212236
2017,GNQ,IRL,0.0011340068404216111
2017,IOT,SVN,0.0011232880516986892
2017,FLK,ROU,0.0011002638732118734
2017,ALB,SVK,0.0010795724906950655
2017,FRO,LUX,0.001071959820202098
2017,BOL,LVA,0.0010629181155573438
2017,PLW,CYP,0.0010455404350555874
2017,PLW,SVN,0.0010306101424098764
2017,SYC,MLT,0.0010014339982910403
2017,LTU,FIN,0.0009644635101104271
2017,EST,BGR,0.0009505819781153611
2017,NRU,HUN,0.0009275365019396577
2017,PLW,DEU,0.0009139081666531115
2017,LTU,DNK,0.0008867584888926003
2017,EST,SWE,0.0008833209690929416
2017,ROU,GRC,0.0008721671595806006
2017,LTU,SVN,0.0008706404856659349
2017,SMR,LTU,0.0008523882370526983
2017,STP,ROU,0.0008454823470046465
2017,SMR,PRT,0.0008444072291048115
2017,STP,SWE,0.0008355831754157365
2017,ATG,ITA,0.0008207590985562297
2017,NRU,SWE,0.00079904912431257
2017,VEN,SVN,0.0007881819114136683
2017,NRU,DNK,0.0007823558662398496
2017,LTU,PRT,0.0007817319083162209
2017,LTU,BGR,0.0007738931434670135
2017,ROU,BEL,0.0007678128832596979
2017,VEN,HRV,0.0007639604300273545
2017,FLK,HUN,0.0007454549945408561
2017,WLF,HRV,0.0007428519795914875
2017,STP,CZE,0.0007299139583577756
2017,NRU,SVK,0.0007283343486302443
2017,STP,POL,0.0007179207872355249
2017,FRO,NLD,0.000697811927397435
2017,XKV,LVA,0.0006937324158201534
2017,STP,HRV,0.000687460883900062
2017,ROU,AUT,0.0006688531243840739
2017,ATG,BEL,0.0006441084373738767
2017,DJI,FIN,0.000633542206654717
2017,IOT,LTU,0.0006275181495529632
2017,EST,SVK,0.0006267219010288176
2017,FLK,DNK,0.0006241178490685095
2017,LTU,HUN,0.0006228617494384541
2017,FLK,GRC,0.0006200639116294164
2017,SMR,NLD,0.0006190045415793787
2017,WLF,DEU,0.0006116888309786264
2017,FLK,SWE,0.0006018040829101603
2017,HTI,LUX,0.0006012144528398764
2017,FLK,SVK,0.0005902342516866741
2017,STP,AUT,0.0005784547837178698
2017,LTU,MLT,0.0005766328469579317
2017,MNE,GRC,0.0005734638421458151
2017,DJI,CZE,0.0005692000620683587
2017,WLF,BGR,0.0005670334626326192
2017,WLF,CYP,0.0005581313398240717
2017,CPV,MLT,0.0005544269352433768
2017,PLW,EST,0.0005461481561501345
2017,ALB,HUN,0.0005374989295032109
2017,ATG,GRC,0.0005373201143523657
2017,STP,BEL,0.0005266882818874319
2017,MNE,BEL,0.0005048492381837629
2017,LTU,IRL,0.0005003027953496056
2017,NRU,DEU,0.0004888296197342368
2017,PLW,LTU,0.0004740870163935178
2017,STP,LVA,0.000472817159434463
2017,STP,CYP,0.00047176981860386436
2017,ROU,LTU,0.0004654068734709572
2017,ATG,DEU,0.00045420608461332673
2017,STP,SVK,0.0004488279917016815
2017,MNE,AUT,0.00043978161563084755
2017,STP,BGR,0.00043904261819821994
2017,HTI,ESP,0.00043109904034470875
2017,SMR,LVA,0.00042644613228036714
2017,WLF,SVN,0.00041789700272970484
2017,NRU,HRV,0.0004175001612782359
2017,IOT,PRT,0.0004172288677003104
2017,PLW,LVA,0.00040679193361931
2017,ATG,FRA,0.0003899346596528474
2017,LTU,NLD,0.00037867333391875007
2017,STP,EST,0.0003766274699263161
2017,STP,IRL,0.0003761988033882793
2017,NRU,CYP,0.00037329207047841125
2017,LTU,GRC,0.0003664477468871569
2017,IOT,LVA,0.00036096723171067524
2017,ALB,HRV,0.00034521348152592507
2017,WLF,EST,0.0003386014044185308
2017,SMR,FIN,0.000331200628307227
2017,NRU,BGR,0.0003165985576236078
2017,EST,HUN,0.00031203309995637567
2017,MNE,LTU,0.00030601245516979545
2017,FLK,HRV,0.0003023441212682967
2017,PLW,BEL,0.00028873492044300894
2017,IOT,FIN,0.0002779028806268214
2017,FLK,BGR,0.00026531231488683245
2017,ATG,POL,0.0002569266698344389
2017,NRU,EST,0.00024442933106300806
2017,SMR,LUX,0.0002424119428274991
2017,FRO,MLT,0.00023683007228413405
2017,NRU,SVN,0.00022967544902007642
2017,FLK,DEU,0.00022829340948175145
2017,ATG,ROU,0.00022650086308062114
2017,SMR,CZE,0.00022186902869881657
2017,WLF,BEL,0.00022006402452074496
2017,FLK,CYP,0.0002198986043659719
2017,STP,NLD,0.00021793322037974572
2017,WLF,LTU,0.00020938244980828083
2017,EST,HRV,0.00020040604152798394
2017,PLW,LUX,0.00019661114435213964
2017,IOT,CZE,0.00019561678150934814
2017,STP,HUN,0.00018756091034794676
2017,SRB,ROU,0.00018442517019465912
2017,FLK,SVN,0.00018307589350546148
2017,WLF,LVA,0.00017798274720011111
2017,NRU,BEL,0.00017670852792246275
2017,STP,MLT,0.0001723686582924022
2017,MTQ,ESP,0.00017085442907095798
2017,ATG,CYP,0.00016701886671932517
2017,ALB,GRC,0.0001668506276184318
2017,ATG,SWE,0.00015463467210869182
2017,HTI,ITA,0.00015179500936864288
2017,NRU,LUX,0.00014991472049624553
2017,ALB,BEL,0.0001468870503298962
2017,ATG,EST,0.0001450841031346295
2017,FLK,BEL,0.0001396637703250893
2017,GRD,LUX,0.00013381119251260821
2017,STP,FIN,0.00013365982384439331
2017,STP,DNK,0.00012972877676146834
2017,ALB,AUT,0.00012795547546378173
2017,FLK,EST,0.0001256457078611715
2017,NRU,LTU,0.0001247291686638521
2017,ROU,SVN,0.00010786280317231647
2017,GRD,ESP,0.00010472249444601284
2017,STP,PRT,0.0001027379567810884
2017,NRU,LVA,0.0001012062397834233
2017,EST,GRC,9.686143675405239e-05
2017,ATG,AUT,9.541148612437715e-05
2017,PLW,CZE,9.315744429025177e-05
2017,ALB,LTU,8.903502967699738e-05
2017,FLK,LTU,8.756099841877968e-05
2017,EST,BEL,8.527202407686262e-05
2017,STP,LTU,8.276069984397562e-05
2017,ATG,CZE,8.049822498241e-05
2017,EST,AUT,7.428171755106215e-05
2017,PLW,NLD,7.376294596219973e-05
2017,MNE,SVN,7.092151642302017e-05
2017,PLW,FIN,6.948802634486379e-05
2017,PLW,PRT,6.209536860477414e-05
2017,ATG,NLD,5.9289789628071684e-05
2017,WLF,PRT,5.917012200203729e-05
2017,ATG,HRV,5.884832352338853e-05
2017,WLF,CZE,5.809648949276142e-05
2017,FLK,LVA,5.472378149134505e-05
2017,NRU,PRT,5.405665566255242e-05
2017,ATG,BGR,5.32278594067325e-05
2017,EST,LTU,5.168731469009452e-05
2017,WLF,FIN,5.1470178065946184e-05
2017,PLW,MLT,5.125300520080243e-05
2017,ATG,IRL,4.833555691046325e-05
2017,FLK,CZE,4.765938121033922e-05
2017,NRU,CZE,4.494502627229385e-05
2017,PLW,IRL,4.344232144363111e-05
2017,MTQ,LUX,4.2246843630432434e-05
2017,HTI,DEU,4.187106640298573e-05
2017,NRU,FIN,4.111517886561156e-05
2017,STP,SVN,3.8919703524260994e-05
2017,ATG,PRT,3.835471177913694e-05
2017,WLF,NLD,3.398479098962405e-05
2017,ATG,SVK,3.3881074429883856e-05
2017,GRD,ITA,3.362371987304088e-05
2017,DJI,MLT,3.200559984817745e-05
2017,ATG,FIN,2.9003299132960637e-05
2017,FLK,IRL,2.896068792210228e-05
2017,ATG,LVA,2.6377929699139666e-05
2017,ATG,HUN,2.6160557164323295e-05
2017,WLF,MLT,2.3937505919881277e-05
2017,ATG,LTU,2.3730717514220044e-05
2017,SSD,NLD,2.366105344144259e-05
2017,NER,MLT,2.1150763892528276e-05
2017,FLK,PRT,2.0980728158741883e-05
2017,MTQ,FRA,2.094882349269775e-05
2017,ALB,SVN,2.0634778790155994e-05
2017,SMR,MLT,1.9705212967839888e-05
2017,HTI,CZE,1.8993105149361802e-05
2017,HTI,FRA,1.8630136757644752e-05
2017,WLF,IRL,1.8548285395401108e-05
2017,SSD,IRL,1.7554368348278316e-05
2017,NRU,NLD,1.7138398077551568e-05
2017,MTQ,DEU,1.596724038171669e-05
2017,ATG,DNK,1.5574660712932587e-05
2017,IOT,MLT,1.5401703378265548e-05
2017,FLK,FIN,1.5169171066329327e-05
2017,MTQ,POL,1.454843326111539e-05
2017,MTQ,ITA,1.4000611123871699e-05
2017,BDI,LUX,1.3762735699570461e-05
2017,SWZ,MLT,1.3651754132258151e-05
2017,HTI,AUT,1.3043644020199547e-05
2017,NRU,MLT,1.2722120120958811e-05
2017,EST,SVN,1.1979063844382934e-05
2017,HTI,BGR,1.1864512645164158e-05
2017,NRU,IRL,1.1850016517370615e-05
2017,FLK,NLD,1.1699808970904309e-05
2017,MTQ,AUT,1.1323430634183565e-05
2017,HTI,SWE,1.0675683393055312e-05
2017,ATG,MLT,1.0563710309166349e-05
2017,GRD,DEU,1.0171311249798116e-05
2017,IOT,IRL,9.688943429709283e-06
2017,HTI,IRL,8.397016396831375e-06
2017,HTI,SVK,7.5744659359189535e-06
2017,MTQ,SWE,7.369192121774709e-06
2017,HTI,ROU,6.716890133527453e-06
2017,MTQ,CZE,6.670862187011746e-06
2017,MTQ,SVK,6.52718752048919e-06
2017,MTQ,ROU,6.218396452577677e-06
2017,MTQ,HUN,6.093730270957939e-06
2017,FLK,MLT,5.945475074871957e-06
2017,MTQ,BGR,5.8710782939351535e-06
2017,WLF,LUX,4.704850502023066e-06
2017,ATG,SVN,4.6698856356956475e-06
2017,GRD,CZE,4.576377209493843e-06
2017,GRD,FRA,4.060827255690482e-06
2017,MTQ,DNK,3.925661243324524e-06
2017,HTI,HUN,3.771184767308913e-06
2017,BDI,ITA,3.6559347957874655e-06
2017,GRD,BGR,2.872746215403823e-06
2017,GRD,AUT,2.865532620107729e-06
2017,MTQ,HRV,2.657986192403761e-06
2017,GRD,SWE,2.593334918914877e-06
2017,HTI,HRV,2.4220770526994475e-06
2017,MTQ,GRC,2.3675649102232626e-06
2017,MAF,DEU,2.2846081308387424e-06
2017,GRD,SVK,1.8399877816279201e-06
2017,GRD,IRL,1.8303050318050136e-06
2017,GRD,ROU,1.464086436000755e-06
2017,MTQ,SVN,1.2058357823461266e-06
2017,HTI,GRC,1.1706526483171402e-06
2017,HTI,BEL,1.0305847627101794e-06
2017,GRD,HUN,9.16095465055106e-07
2017,MTQ,CYP,8.394423939620232e-07
2017,HTI,MLT,7.778363998174332e-07
2017,MTQ,LTU,7.161305401205486e-07
2017,HTI,LTU,6.25145334130522e-07
2017,GRD,HRV,5.883704832567397e-07
2017,MAF,POL,5.743377517129209e-07
2017,MAF,ESP,5.539630066852267e-07
2017,MAF,FRA,5.359516143478825e-07
2017,BDI,FRA,5.228097711146412e-07
2017,MTQ,BEL,3.9300634193435496e-07
2017,MAF,SWE,3.570055747645281e-07
2017,MAF,CYP,3.4391961029542904e-07
2017,BDI,AUT,3.408449541020233e-07
2017,MTQ,EST,3.1154471415675064e-07
2017,GRD,GRC,2.843747120466227e-07
2017,MAF,BEL,2.7335251490744483e-07
2017,MTQ,LVA,2.6794411263654456e-07
2017,GRD,BEL,2.503494487085023e-07
2017,BDI,IRL,2.3564197502049336e-07
2017,BDI,ROU,1.8849329121916918e-07
2017,MAF,CZE,1.8139093599574013e-07
2017,GRD,MLT,1.6954568256460367e-07
2017,MAF,ITA,1.6923989767553974e-07
2017,MAF,ROU,1.537903409366044e-07
2017,GRD,LTU,1.518486986256639e-07
2017,HTI,EST,1.4862604254703706e-07
2017,HTI,SVN,1.4477715057432586e-07
2017,MAF,HRV,1.382110118014254e-07
2017,MAF,AUT,1.313064318920286e-07
2017,MAF,HUN,1.0353361611795249e-07
2017,MAF,EST,9.642902763566329e-08
2017,MAF,PRT,9.051322451003249e-08
2017,MAF,SVK,8.582202553041899e-08
2017,MAF,LTU,6.393339696226514e-08
2017,MAF,FIN,5.9132547435914484e-08
2017,MAF,GRC,5.035104192972577e-08
2017,BDI,CZE,4.2094756589121793e-08
2017,MAF,SVN,3.8953998907409494e-08
2017,GRD,SVN,3.516923706164194e-08
2017,GRD,EST,3.239614890281258e-08
2017,MAF,BGR,3.0755717505691825e-08
2017,MAF,LVA,2.732328836542799e-08
2017,MAF,DNK,2.471648126447666e-08
2017,BDI,MLT,2.1828099033482316e-08
2017,MAF,MLT,1.8803377809380004e-08
2017,MAF,IRL,1.394486190176354e-08
2017,MAF,NLD,1.0554702864866819e-08
2017,BDI,BGR,1.0549367498995689e-08
2017,BDI,EST,4.1708307510843366e-09
2017,BDI,LTU,1.2916656287401882e-11
2018,NLD,BEL,25995.746482373488
2018,GBR,BEL,18398.33567366593
2018,NLD,DEU,11828.534656324236
2018,NLD,FRA,7603.614707161866
2018,GBR,DEU,3703.9536649563843
2018,GBR,FRA,3702.316067176277
2018,LUX,DEU,2543.8938551082288
2018,NLD,ITA,2364.8971205692515
2018,NLD,IRL,1921.1438940230394
2018,NLD,POL,1784.367763147802
2018,DNK,DEU,1449.90286499909
2018,NLD,ESP,1293.5335592557608
2018,CHE,FRA,1275.1053800898922
2018,IRL,DEU,1247.4118953659786
2018,GBR,ESP,1228.8577501333375
2018,LUX,FRA,1209.4742562324666
2018,HKG,IRL,1175.3294247955905
2018,PAN,IRL,1120.5281066728292
2018,NLD,ROU,1068.0566106505587
2018,VGB,IRL,1034.6266201970152
2018,LUX,IRL,941.2574785332395
2018,SWE,DEU,834.9839924079415
2018,CHE,DEU,834.7560174757693
2018,CHE,IRL,792.9955367259449
2018,CYM,IRL,758.1169473832944
2018,PRT,ESP,708.4283631648032
2018,ASM,DEU,635.6163683894129
2018,NLD,CZE,630.3076203111423
2018,SWE,POL,624.7443979747385
2018,HKG,FRA,624.5806246809617
2018,IRL,ESP,612.5774825271101
2018,LUX,ITA,589.9674294406673
2018,CHE,POL,569.7067371352755
2018,DNK,ESP,557.6554145656087
2018,GBR,ITA,548.1992113435676
2018,LUX,BEL,527.4111825787636
2018,BMU,IRL,519.0640366520216
2018,NLD,HUN,517.5035090904098
2018,IRL,FRA,516.4297026775963
2018,FIN,DEU,515.1811053793541
2018,CHE,BEL,511.1548767099112
2018,LUX,POL,500.7049509759849
2018,SWE,FRA,495.24208325977213
2018,JEY,DEU,493.0521534238548
2018,NLD,AUT,491.38018477066817
2018,ESP,ITA,491.00897292530766
2018,MLT,IRL,472.38912234668834
2018,CHE,ESP,462.98015714568396
2018,HRV,IRL,423.38089160876336
2018,URY,ESP,418.62219875491957
2018,NLD,HRV,413.3451881457707
2018,SWE,ROU,401.754214225988
2018,GBR,POL,400.7480428785862
2018,JEY,IRL,399.3252427762092
2018,CYM,ESP,399.2218707943953
2018,DNK,FRA,396.7107016074056
2018,SWE,CYP,387.5725297849542
2018,IRL,POL,386.31249575015
2018,HKG,DEU,383.75081298426613
2018,NLD,SWE,381.8775822795251
2018,LUX,ESP,366.9053138051206
2018,DNK,POL,366.8428173485744
2018,ASM,IRL,361.5827664493157
2018,DNK,NLD,348.74298533005486
2018,NLD,SVK,345.3088606885838
2018,PAN,BEL,344.4889114964026
2018,SWE,EST,338.7223465270311
2018,NLD,DNK,333.0282310690275
2018,NLD,CYP,322.2698360019459
2018,JEY,FRA,322.10527347449914
2018,BIH,IRL,313.5772447318019
2018,GBR,CZE,306.74130628732246
2018,VGB,BEL,301.47552061407777
2018,LVA,IRL,299.60158407626835
2018,ASM,FRA,298.96982149243144
2018,CAN,DEU,296.15648585254155
2018,NLD,EST,288.6325031393178
2018,SWE,ESP,280.7488304077554
2018,IRL,BEL,273.1608738100705
2018,SVK,IRL,272.90951519147546
2018,LUX,ROU,272.28491125395175
2018,TLS,DEU,269.67060856689346
2018,IRL,ITA,264.08663419342565
2018,HKG,POL,260.4645928747854
2018,NLD,LVA,257.9381286958682
2018,GBR,IRL,255.55902339605043
2018,MLT,DEU,241.84952739924822
2018,HKG,BEL,241.53319837260787
2018,GBR,HRV,235.47658066857872
2018,KAZ,IRL,227.47175922433573
2018,SWE,BEL,227.4073952309698
2018,FIN,FRA,225.00593608371048
2018,NLD,PRT,218.43032783736362
2018,AUT,ITA,214.76970867455265
2018,NLD,MLT,214.7469998187092
2018,PAN,DEU,209.74680276183983
2018,GBR,SWE,209.47702896866656
2018,FIN,POL,206.37708435070192
2018,KAZ,DEU,204.8427262505375
2018,SVK,DEU,201.69493027641525
2018,VGB,DEU,197.1926033255508
2018,KAZ,FRA,194.25407903843822
2018,CYM,BEL,193.05491461283918
2018,SGP,FRA,188.79610946776455
2018,DNK,BEL,186.4596202291864
2018,ASM,POL,184.4822333626181
2018,DNK,FIN,181.41423542901353
2018,PAN,FRA,177.5527789484101
2018,MUS,IRL,175.98488970853515
2018,MLT,FRA,175.4771370329183
2018,DNK,SWE,173.02520393316547
2018,NLD,BGR,172.94369958246298
2018,GBR,LVA,171.69221457100764
2018,IRL,ROU,168.43019422187626
2018,SWE,ITA,165.91850767227157
2018,BMU,BEL,163.58163112986412
2018,BHR,IRL,160.11643439190652
2018,LUX,AUT,158.94117079567343
2018,VGB,FRA,157.45638094513066
2018,GBR,ROU,153.75206671895035
2018,GBR,CYP,150.49879473746614
2018,SRB,ITA,148.04778334667364
2018,BIH,FRA,146.50615431723912
2018,DNK,AUT,146.36577819966288
2018,FIN,ROU,143.27166532239212
2018,FIN,ESP,142.74994383734548
2018,NLD,SVN,136.9493784593315
2018,PRT,FRA,135.83877002626377
2018,CAN,FRA,135.7965325432619
2018,TLS,IRL,134.22260104951562
2018,CYM,DEU,133.97226163973627
2018,GTM,IRL,132.9857588218036
2018,MLT,ESP,131.5246174053069
2018,PRT,DEU,129.40872752066215
2018,BMU,DEU,129.06430607527957
2018,GBR,EST,126.30378998858968
2018,GBR,SVK,125.64525256771825
2018,NLD,FIN,123.37981932585062
2018,TLS,FRA,122.4985732011762
2018,CHE,AUT,122.08720732875379
2018,PRY,IRL,119.72983103310439
2018,HKG,ESP,117.51738005150895
2018,CHE,ROU,115.56475441945541
2018,LUX,CYP,112.72129380270066
2018,SRB,IRL,110.22533021339903
2018,IRL,AUT,109.9147005093432
2018,GTM,DEU,109.17112865819824
2018,GHA,IRL,108.0028558605441
2018,LUX,CZE,106.41840937769571
2018,CHE,CYP,105.65570183205723
2018,ASM,ESP,105.2573899469614
2018,NLD,LTU,104.70233282112011
2018,NLD,GRC,104.63205304887587
2018,LUX,EST,102.29075401821603
2018,VGB,ESP,101.10831750189261
2018,LUX,HUN,100.43956208464158
2018,SVK,FRA,99.39094010214417
2018,DNK,CZE,96.54498634824662
2018,MUS,FRA,95.40776537897673
2018,PRY,DEU,95.3486271091807
2018,PAN,NLD,95.04052474144878
2018,CHE,NLD,94.888340912898
2018,PAN,CYP,94.76405697945145
2018,IRL,HUN,94.45896201461429
2018,ASM,ITA,94.38920813776224
2018,ASM,ROU,93.7613705866519
2018,BMU,FRA,93.64279872628933
2018,GBR,HUN,93.4801299938758
2018,MLT,POL,91.63382254920917
2018,FIN,CYP,91.45008053938575
2018,ESP,DEU,90.93018852226385
2018,CYM,FRA,90.64013641508268
2018,LUX,DNK,90.39847578622413
2018,CHE,SWE,90.31093568022277
2018,JEY,POL,90.13095883469035
2018,CUW,IRL,89.80393805416485
2018,GBR,AUT,89.22530369466918
2018,CHE,EST,88.67749368588615
2018,PAN,ROU,87.98170735183604
2018,FIN,SWE,87.48112631008885
2018,BIH,POL,87.39792747791691
2018,FIN,ITA,86.56850465850827
2018,FIN,BEL,85.99678848012874
2018,DNK,ITA,83.78929663257846
2018,BRB,IRL,83.44247273805152
2018,PAN,EST,82.48194590918875
2018,VGB,CYP,81.841314798917
2018,DNK,HUN,80.90892141325962
2018,FIN,EST,79.86546057785988
2018,VGB,NLD,79.50710770873519
2018,ASM,BEL,79.39478131118938
2018,LBR,IRL,76.8657384480785
2018,TLS,POL,76.48605675412544
2018,GIB,DEU,76.06610460053817
2018,FIN,HRV,75.65491576996573
2018,MMR,IRL,75.37931524229599
2018,CHE,ITA,75.33666045407664
2018,DNK,PRT,74.99452865704572
2018,VGB,ROU,74.19370241712195
2018,SGP,BEL,73.78680222670828
2018,BGR,ITA,73.42286400173082
2018,LUX,NLD,73.24212712955266
2018,GGY,IRL,71.96603898042754
2018,VGB,EST,71.27087012264656
2018,LUX,SWE,70.81022300197817
2018,PAN,POL,70.63443726118312
2018,ESP,FRA,69.66024362825331
2018,LUX,PRT,63.696652229849754
2018,VGB,POL,63.228708176012546
2018,ESP,ROU,63.2225665385458
2018,SGP,IRL,59.45632602221417
2018,BIH,BEL,59.22239835433535
2018,SGP,DEU,58.820960046667864
2018,SGP,POL,57.56936267191057
2018,GBR,FIN,57.435007278803496
2018,LUX,SVK,57.284956655543624
2018,CRI,IRL,56.9921136706726
2018,GTM,FRA,56.754443138687535
2018,BMU,ESP,56.716593728103284
2018,HRV,POL,56.338691145570856
2018,SWE,LTU,56.042395016481464
2018,PAN,ITA,55.89093439030087
2018,IRL,DNK,55.67208465592111
2018,BIH,DEU,54.19336454698961
2018,IRL,SVK,54.084828706015884
2018,MLT,CYP,53.88945497189871
2018,SWE,CZE,53.72027966720222
2018,CHE,FIN,53.120696913632614
2018,CYM,CYP,53.111995583761434
2018,IMN,IRL,52.947317125603476
2018,ESP,PRT,52.32165506425675
2018,PAN,ESP,51.6883060468333
2018,CYM,NLD,51.57785357177567
2018,HKG,CYP,51.508187642616996
2018,IRL,CYP,51.17949927852924
2018,CYM,ROU,51.01987241473922
2018,CUW,DEU,50.95907007247454
2018,DNK,LTU,49.96191823910783
2018,GBR,DNK,49.11896702742696
2018,FIN,LVA,48.87295637807957
2018,PAN,SWE,48.3550478269703
2018,MMR,FRA,48.286158588954216
2018,GBR,MLT,48.18169061295839
2018,HKG,ROU,47.97867205507178
2018,MLT,ROU,47.83388895400502
2018,IRL,EST,47.799454122824216
2018,JEY,CYP,47.77508216678848
2018,JEY,BEL,47.52315475232147
2018,DOM,IRL,47.42452795092638
2018,MLT,EST,47.25350957977027
2018,DNK,IRL,46.99333519555686
2018,CAN,IRL,46.976570920817146
2018,JEY,ROU,46.64692378421234
2018,CYM,POL,46.47230884503067
2018,CYM,EST,46.44686741174243
2018,ASM,HUN,46.03603267319028
2018,ASM,NLD,45.9570364804536
2018,KAZ,BEL,45.68104286730688
2018,SWE,AUT,45.44765691422238
2018,PRT,BEL,45.36292999430102
2018,UGA,IRL,45.36047346075198
2018,LUX,MLT,44.959475374047564
2018,ASM,CYP,44.88611176898269
2018,IRN,IRL,44.88506114125987
2018,BMU,CYP,44.641291209914854
2018,SWE,PRT,44.294555948068236
2018,KAZ,POL,44.25013632399186
2018,BMU,NLD,44.243720408240854
2018,MLT,AUT,44.191480633011075
2018,PRY,FRA,44.119455208134916
2018,GBR,BGR,44.056646722394774
2018,TLS,ESP,43.88420141264828
2018,HKG,EST,43.01169312649658
2018,BMU,ROU,42.91012899849645
2018,GBR,PRT,42.808042370128845
2018,GIB,IRL,42.71049395161773
2018,SWE,FIN,42.19291028531162
2018,DNK,ROU,42.10017085981402
2018,IRL,MLT,41.620593354022326
2018,JEY,EST,41.6087483546505
2018,LUX,BGR,41.59870805533359
2018,AUT,IRL,41.27975324634628
2018,BHR,DEU,40.82565987986861
2018,ASM,AUT,40.657758235030606
2018,JEY,AUT,40.48150987360268
2018,IRL,NLD,40.44093377510817
2018,CHE,HUN,40.39323443032483
2018,ASM,EST,40.21042778008525
2018,VGB,SWE,40.101038590505915
2018,BRB,DEU,39.383765999753706
2018,ESP,POL,39.35231019970381
2018,SWE,BGR,39.12295046136845
2018,BMU,EST,38.913701246322034
2018,HRV,ITA,38.89294595983331
2018,SWE,HUN,38.817209511519124
2018,LVA,POL,38.68553079685665
2018,SVK,POL,38.606906828954024
2018,FIN,AUT,38.448954915217826
2018,LUX,HRV,38.32850201594244
2018,MCO,FRA,38.18597458083776
2018,CHE,SVK,38.03901721855368
2018,FIN,CZE,38.0209050286191
2018,TLS,ROU,37.56067175086396
2018,MUS,BEL,37.34112596487914
2018,TLS,ITA,37.28770301798708
2018,ZMB,ESP,37.119184691175015
2018,GIN,DEU,36.942462351121634
2018,KAZ,ITA,36.93140622412846
2018,BMU,POL,36.858029315717246
2018,JEY,CZE,36.34189302230126
2018,IRL,BGR,36.001451821743295
2018,LUX,SVN,35.939564016069184
2018,CYP,DEU,35.86853186605698
2018,ESP,IRL,35.8145786211701
2018,VGB,ITA,35.28202077452391
2018,MUS,POL,34.95767042197796
2018,FIN,SVK,34.71521982258277
2018,URY,DEU,34.70733856315285
2018,IRL,SWE,34.69190743378525
2018,GBR,GRC,34.280158676077335
2018,MLT,NLD,33.43329301114506
2018,MUS,DEU,32.936405272796705
2018,PRT,POL,32.80190877109979
2018,MLT,BEL,32.57132282432527
2018,UGA,FRA,32.15860166633812
2018,JEY,NLD,32.09732548736406
2018,LUX,GRC,32.04626964611922
2018,ZMB,FRA,31.967842639256563
2018,GBR,LTU,31.801743246431748
2018,GIB,FRA,31.765489083069454
2018,GIN,FRA,31.63085692314199
2018,VIR,DEU,31.575741786093523
2018,SWE,GRC,31.50136652493529
2018,FIN,HUN,31.080867571267355
2018,JEY,ESP,31.02529975345391
2018,IRL,SVN,30.515928110777704
2018,HKG,SWE,30.492823999026438
2018,IRL,HRV,30.25179913818833
2018,MMR,DEU,29.98683091120886
2018,DNK,EST,29.916368298701563
2018,DNK,SVK,29.912194616738415
2018,KWT,IRL,29.890273679539252
2018,VNM,FRA,29.82489809077911
2018,HKG,AUT,29.795998685279528
2018,JOR,IRL,29.627891469394168
2018,DNK,CYP,29.594348543484685
2018,HRV,AUT,29.397214581441748
2018,IRN,FRA,28.926173795125013
2018,LUX,LTU,28.887391581459564
2018,FIN,DNK,28.768138127740233
2018,BIH,CYP,28.754309568874472
2018,GHA,DEU,28.634754187149106
2018,ASM,DNK,28.56537055926115
2018,HKG,ITA,28.498503740721134
2018,CUW,BEL,27.942155698283756
2018,KAZ,NLD,27.840861720559744
2018,CUW,FRA,27.6484307227855
2018,GGY,DEU,27.647980677232727
2018,TLS,BEL,27.60969309617697
2018,AUT,ROU,27.550141791694152
2018,BHR,FRA,27.463131160535426
2018,SGP,NLD,27.439770538148952
2018,IRL,PRT,27.028290391554588
2018,ASM,SWE,26.98008780419123
2018,CYM,ITA,26.924966051528415
2018,BIH,AUT,26.9115034436858
2018,ESP,SWE,26.192165787561393
2018,CYM,SWE,25.964531024292107
2018,LUX,FIN,25.718960463113007
2018,ASM,SVK,25.659249042366845
2018,BHS,DEU,25.410308320984583
2018,JOR,FRA,25.344331234007672
2018,GBR,SVN,25.337861113918162
2018,SRB,POL,25.33047304803704
2018,BMU,ITA,25.151721999406696
2018,GIB,POL,25.086170863590603
2018,WSM,DEU,24.855003783661132
2018,KWT,ESP,24.80622542293898
2018,BIH,EST,24.786439541867853
2018,KAZ,ROU,24.750922327843128
2018,CHE,GRC,24.24205983890263
2018,DNK,GRC,23.95189316381249
2018,BRB,FRA,23.37380064104841
2018,BRB,BEL,23.099778539313565
2018,IRL,GRC,22.948281724324737
2018,LVA,DEU,22.930408334983085
2018,AUT,PRT,22.884319257072267
2018,BIH,ROU,22.848307183551487
2018,LVA,AUT,22.649406719962982
2018,ZMB,IRL,22.62820605547186
2018,FIN,BGR,22.561154425496184
2018,BMU,SWE,22.46847470214095
2018,KAZ,ESP,22.454561985313955
2018,CHE,CZE,22.32182793549121
2018,BOL,ESP,22.238402629484362
2018,CAN,CZE,22.015913342338585
2018,SVK,AUT,22.01168680411994
2018,BGR,IRL,21.922838624405248
2018,CHE,LTU,21.849294517361535
2018,UZB,ESP,21.803510298465437
2018,KAZ,CYP,21.778781866256896
2018,FIN,IRL,21.53360834151508
2018,PYF,DEU,21.44027373477325
2018,BIH,ESP,21.11693581412734
2018,SVK,ITA,21.111732379392194
2018,SWE,IRL,21.09067026886668
2018,JEY,ITA,20.823312300799508
2018,SRB,ROU,20.812581649918712
2018,BHR,NLD,20.713287160648026
2018,IRL,LTU,20.541345560348212
2018,GTM,BEL,20.50518985955415
2018,PAN,CZE,20.133651640345303
2018,FIN,PRT,20.08049861989078
2018,AUT,POL,19.940555451625528
2018,HRV,CYP,19.89178942983547
2018,SWE,DNK,19.886161183124408
2018,TLS,HUN,19.87661705548838
2018,LVA,CYP,19.68881838609287
2018,ASM,MLT,19.57165204492432
2018,CYP,ESP,19.10256880083736
2018,JEY,SWE,18.98775393045239
2018,IMN,FRA,18.965606403827913
2018,SGP,ESP,18.960295930386287
2018,MLT,CZE,18.932699380404742
2018,VGB,CZE,18.724667282209623
2018,CHE,PRT,18.565469645111957
2018,BHR,CYP,18.55491399096248
2018,CHE,DNK,18.532509435585826
2018,KAZ,EST,18.52745503466849
2018,SGP,CYP,18.491231122060793
2018,ASM,BGR,18.337384731781476
2018,SGP,SWE,17.973339082522415
2018,HRV,EST,17.948220026601962
2018,GNQ,DEU,17.929854944262452
2018,LVA,FRA,17.914060650357477
2018,BHR,ROU,17.869991094440927
2018,TLS,NLD,17.699439529362756
2018,FIN,LTU,17.66843235833397
2018,MLT,SWE,17.66714718360435
2018,BFA,FRA,17.55765423823261
2018,SGP,ROU,17.36032913369302
2018,KAZ,SWE,17.249336701859256
2018,CHE,HRV,17.16096462202431
2018,PRT,IRL,17.089436621998647
2018,SWZ,ESP,16.973674633973253
2018,HKG,SVK,16.96828616056917
2018,CHE,BGR,16.78702118784908
2018,TLS,AUT,16.75064347587489
2018,MHL,IRL,16.745960464133443
2018,BIH,ITA,16.69826271781666
2018,ASM,HRV,16.48678754915431
2018,MMR,BEL,16.40584449869297
2018,CYP,FRA,16.384172716336764
2018,TLS,CYP,16.305581380968952
2018,BHR,EST,16.170826348228747
2018,PAN,HRV,16.128589958352116
2018,BOL,DEU,16.084451695339336
2018,MMR,POL,16.027945177964426
2018,MCO,IRL,15.986012769435566
2018,IRN,DEU,15.907332270231901
2018,SWZ,FRA,15.903784138588017
2018,HRV,ROU,15.869569206438689
2018,HRV,FRA,15.827037632824002
2018,SRB,PRT,15.789238739831047
2018,JOR,DEU,15.73262008544191
2018,PRY,ESP,15.612315798719862
2018,GGY,POL,15.568067062819273
2018,MCO,BEL,15.502979513009855
2018,MLT,ITA,15.500478091906466
2018,IRL,FIN,15.322530436533455
2018,PAN,AUT,15.290594782232318
2018,CHE,SVN,15.285532593330345
2018,SVK,CYP,15.221927614030411
2018,SGP,EST,15.099867853876995
2018,VCT,DEU,15.068346994774712
2018,GGY,FRA,14.973249855298352
2018,HKG,FIN,14.812445601770575
2018,MDG,FRA,14.805359945773333
2018,GIN,POL,14.753596148671743
2018,TLS,EST,14.699403481319155
2018,ASM,SVN,14.678710667198011
2018,SVK,CZE,14.643437302792536
2018,KAZ,CZE,14.616946476313451
2018,MMR,ROU,14.543173088387174
2018,SVK,ROU,14.463589316356432
2018,GIN,IRL,14.395155996149747
2018,IRL,CZE,14.391379971552976
2018,HKG,HUN,14.335925994818613
2018,HRV,DEU,14.24524757589974
2018,VEN,DEU,14.09360973278941
2018,VGB,HRV,13.956881858358887
2018,LVA,EST,13.938660194808694
2018,MCO,POL,13.86178912013946
2018,SVK,EST,13.714510379541682
2018,CRI,ESP,13.612634040902632
2018,PRT,CZE,13.579409913394827
2018,PAN,LTU,13.576037178478977
2018,CYM,CZE,13.570852138509931
2018,MUS,CYP,13.539273228122529
2018,GHA,FRA,13.07198758223268
2018,HKG,SVN,13.017699788229846
2018,MCO,DEU,12.927977572686055
2018,VNM,BEL,12.907769702476164
2018,ZMB,BEL,12.78151562319881
2018,IMN,DEU,12.761848742443277
2018,AUT,FRA,12.730706852287199
2018,GIB,ESP,12.713305602991518
2018,BHS,ESP,12.712130537286345
2018,UGA,BEL,12.680000969664967
2018,ASM,LTU,12.67999449935868
2018,JEY,DNK,12.51125268413057
2018,BIH,NLD,12.424026793290617
2018,DNK,LVA,12.423614992283637
2018,MUS,NLD,12.408628004528573
2018,BHR,POL,12.37307459762893
2018,GHA,NLD,12.31203572306048
2018,TLS,DNK,12.27519474023829
2018,IMN,POL,12.250822911205182
2018,FIN,GRC,12.248703667589968
2018,WSM,IRL,12.153827139787978
2018,VGB,AUT,12.105197459018683
2018,ZMB,DEU,12.080562619402556
2018,CHE,MLT,11.994125605316407
2018,GIB,ROU,11.978632058073643
2018,LTU,LVA,11.96112208215341
2018,LUX,LVA,11.854074747643686
2018,HKG,NLD,11.848639790466166
2018,OMN,FRA,11.776374245990738
2018,BIH,SWE,11.755304812088761
2018,VGB,LTU,11.703221559573096
2018,PAN,PRT,11.661686570813462
2018,WSM,FRA,11.520506191310451
2018,AUT,SWE,11.519592456013156
2018,GNQ,IRL,11.403651965165158
2018,MUS,EST,11.400130412621943
2018,BHS,FRA,11.37939184904931
2018,LVA,ROU,11.310713464935276
2018,ASM,PRT,11.243826415506971
2018,HRV,GRC,11.231150930667186
2018,ESP,FIN,11.180691664057093
2018,UGA,POL,11.169166517455508
2018,UZB,IRL,11.167959399117748
2018,BHR,ESP,11.089935088465808
2018,TLS,SVK,11.076737974576412
2018,GIB,ITA,11.051673953560881
2018,SSD,DEU,11.0431029645618
2018,UGA,DEU,11.016174521761608
2018,VUT,DEU,11.004556904175109
2018,SRB,FRA,10.935489567175388
2018,LAO,IRL,10.924321445698649
2018,GHA,POL,10.922139757266256
2018,MUS,ROU,10.887172047422576
2018,BMU,CZE,10.867060443531631
2018,GIN,BEL,10.85755753610567
2018,PAN,FIN,10.787846212303446
2018,GHA,ESP,10.642290062007133
2018,MHL,FRA,10.511182027151742
2018,ROU,FRA,10.487322646021207
2018,ZMB,POL,10.485625917854254
2018,CUW,ESP,10.436430577065506
2018,DNK,SVN,10.283199502860356
2018,BFA,IRL,10.271395693170874
2018,CPV,FRA,10.248332333026639
2018,HKG,DNK,10.247974491700491
2018,TLS,SWE,10.212934019399192
2018,MMR,NLD,10.148846643367873
2018,MLT,GRC,10.002209109685143
2018,CYM,HRV,10.00139902597573
2018,MUS,ESP,9.98607281111865
2018,GGY,CYP,9.97750253923982
2018,GHA,ROU,9.97024776135712
2018,GGY,ROU,9.933810034199436
2018,IRN,BEL,9.85742108605976
2018,PYF,IRL,9.804855796981963
2018,FIN,SVN,9.682053775284478
2018,BGR,ROU,9.5820690417762
2018,DNK,BGR,9.53003570223243
2018,IRN,POL,9.51067554656838
2018,ASM,FIN,9.493203908066302
2018,MUS,SWE,9.168450435627351
2018,CYM,AUT,9.154103878385907
2018,VNM,POL,9.041599270717697
2018,KWT,DEU,8.949275761854086
2018,BHR,SWE,8.938283416050226
2018,ASM,CZE,8.896351745897672
2018,VGB,FIN,8.82081673803204
2018,ASM,GRC,8.81839065440521
2018,GGY,EST,8.786584369291273
2018,BGR,POL,8.756538232376611
2018,MMR,CYP,8.743741943541126
2018,BMU,AUT,8.73264240682161
2018,JOR,BEL,8.696051980218902
2018,LAO,FRA,8.693993857167015
2018,MCO,ITA,8.691530602151637
2018,TLS,MLT,8.555544029536994
2018,VGB,PRT,8.514491947177326
2018,PAN,BGR,8.481633807799339
2018,GIB,BEL,8.477056574970439
2018,KAZ,AUT,8.409446635581148
2018,LVA,GRC,8.403133771110141
2018,GHA,CYP,8.400620218425182
2018,LBR,DEU,8.390086163887151
2018,GTM,CZE,8.376806055313665
2018,BFA,ESP,8.33875644125775
2018,KWT,FRA,8.269772685492399
2018,HKG,HRV,8.264553982493993
2018,CUW,ROU,8.262006753123224
2018,BHS,IRL,8.23976795018553
2018,SRB,SWE,8.236244577026827
2018,PAN,HUN,8.158436873661461
2018,HKG,CZE,8.078600619480616
2018,PAN,LVA,8.066578305764642
2018,MHL,DEU,8.065578452033844
2018,MMR,ESP,7.9663528875852645
2018,BMU,HRV,7.942793624782081
2018,MUS,AUT,7.941884843438734
2018,GIB,AUT,7.883801328027406
2018,PAN,SVN,7.8492758241970275
2018,CYM,LTU,7.847597813909143
2018,BGR,PRT,7.824327353564462
2018,PYF,FRA,7.810531783600188
2018,JEY,GRC,7.780706534734655
2018,HKG,LTU,7.7691984756619465
2018,CUW,POL,7.743396194110952
2018,YEM,DEU,7.731511703891555
2018,TLS,BGR,7.730407320093932
2018,IRL,LVA,7.668079861399021
2018,CUW,CYP,7.633895722538359
2018,DNK,LUX,7.625364187875983
2018,BHR,ITA,7.61272622385646
2018,CUW,NLD,7.601886290152679
2018,JOR,POL,7.588583824254579
2018,GGY,AUT,7.516468866583808
2018,CAN,DNK,7.5017414641774955
2018,VGB,BGR,7.500347783473254
2018,FIN,MLT,7.454902168326184
2018,MMR,EST,7.412919365737399
2018,GHA,EST,7.410417498696013
2018,VGB,SVN,7.404430300948774
2018,GTM,ROU,7.286342885243841
2018,WSM,POL,7.264399910292695
2018,VGB,HUN,7.257861793980308
2018,UZB,FRA,7.255590706709642
2018,MLT,LTU,7.251712195181914
2018,BFA,BEL,7.238996880827498
2018,CYP,ITA,7.225096676911833
2018,CYM,HUN,7.214715353700743
2018,PRY,CZE,7.129835074505982
2018,BIH,GRC,7.101320668086732
2018,LVA,BEL,7.051158810943091
2018,GTM,NLD,7.030165174536288
2018,SGP,ITA,7.024984899124256
2018,GGY,ESP,7.001968545572616
2018,CPV,IRL,6.949097521462037
2018,VNM,DEU,6.938666733118049
2018,SYC,DEU,6.920545970594353
2018,VGB,LVA,6.911094942373579
2018,GTM,CYP,6.893520318622261
2018,PAN,DNK,6.8693995571982
2018,SWE,SVK,6.8691500681991675
2018,SWZ,DEU,6.853900797951205
2018,GHA,AUT,6.767226553849885
2018,TLS,HRV,6.766188539289411
2018,GGY,NLD,6.763797454923957
2018,LTU,EST,6.763791509758081
2018,VIR,FRA,6.7467208514836745
2018,ESP,CZE,6.7395931535281965
2018,CUW,EST,6.68598225439662
2018,GIB,CYP,6.663123358553498
2018,BGR,FRA,6.659347735753247
2018,BOL,FRA,6.6411017597460935
2018,CYM,BGR,6.610443575451888
2018,BMU,LTU,6.572876043077597
2018,HKG,BGR,6.527947803964445
2018,JEY,LTU,6.484359792237343
2018,LIE,FRA,6.47079741321464
2018,GEO,ITA,6.402351635805788
2018,IMN,BEL,6.397052991342512
2018,SVK,GRC,6.391732976742412
2018,ESP,SVN,6.36634748049861
2018,SWZ,BEL,6.363415246390494
2018,ABW,DEU,6.323135507253867
2018,TLS,SVN,6.316627281350512
2018,SGP,FIN,6.310221568624101
2018,CYM,SVN,6.307966874327049
2018,BRB,CYP,6.287035593955238
2018,LBR,FRA,6.25968067779539
2018,VIR,POL,6.248958049523402
2018,VGB,DNK,6.241809406475948
2018,JEY,FIN,6.237686355580452
2018,MDG,BEL,6.211991687411692
2018,KAZ,FIN,6.152272647502908
2018,BRB,NLD,6.143856802880347
2018,MLT,DNK,6.094814030810242
2018,MMR,SWE,6.070275546949417
2018,GTM,EST,6.043372997699466
2018,IRN,NLD,6.028799074462254
2018,BFA,DEU,6.025056636356686
2018,PRT,AUT,6.022542140932291
2018,PAN,GRC,6.018149460693307
2018,GIN,ESP,6.0000655801784575
2018,GIB,EST,5.996365855499183
2018,ABW,ESP,5.95941090518677
2018,BRB,ROU,5.945558374359921
2018,GTM,POL,5.888440438529792
2018,SWE,MLT,5.859540009847891
2018,HKG,MLT,5.84512423311676
2018,LVA,ESP,5.842119360536054
2018,UGA,ROU,5.825621529296747
2018,SSD,FRA,5.801980764995327
2018,BFA,POL,5.787348646354778
2018,LBR,NLD,5.760063539352611
2018,LBR,CYP,5.748737577302809
2018,GHA,SWE,5.73408664579858
2018,GGY,ITA,5.699529779930497
2018,KAZ,PRT,5.62979532151806
2018,LKA,IRL,5.61997039219524
2018,URY,CZE,5.615205616893238
2018,ESP,GRC,5.582408514874901
2018,IRN,CYP,5.555775250582434
2018,UZB,DEU,5.550604837588632
2018,CYP,IRL,5.528660267462932
2018,CYM,FIN,5.528483380106628
2018,PYF,POL,5.503825194513335
2018,CYM,PRT,5.502523485217139
2018,SSD,IRL,5.4913897720227585
2018,BRB,EST,5.483518236657764
2018,ESP,BEL,5.48277402499093
2018,MLT,FIN,5.474110369232431
2018,DNK,HRV,5.4724411850894805
2018,GIB,HUN,5.434713374151422
2018,CPV,ESP,5.421146641045229
2018,DOM,DEU,5.407787829442418
2018,VUT,IRL,5.391462897429974
2018,PRT,ROU,5.375971453185025
2018,SRB,AUT,5.310927951403279
2018,CHE,LVA,5.288551590223419
2018,BMU,PRT,5.283681171886074
2018,CUW,ITA,5.264711268700199
2018,ZMB,ROU,5.252490916956661
2018,GIB,NLD,5.187656454592094
2018,KWT,NLD,5.149260839037192
2018,UGA,ESP,5.146721314235664
2018,VGB,GRC,5.146612489603155
2018,BMU,HUN,5.12440408670256
2018,LIE,IRL,5.109455517985422
2018,IRN,ROU,5.099624211256316
2018,SWZ,POL,5.089989526557034
2018,JOR,NLD,5.074518825069543
2018,CAN,AUT,5.062562270965453
2018,TLS,LTU,5.0565383883011314
2018,LBR,EST,5.034325563067491
2018,IMN,CYP,5.032676891531578
2018,LBR,ROU,5.021778425188854
2018,BMU,FIN,5.014471170930945
2018,MDG,DEU,4.982469986355958
2018,KAZ,DNK,4.960710921651602
2018,SVK,DNK,4.9519132809085695
2018,VUT,FRA,4.942845999217742
2018,OMN,BEL,4.90877925089233
2018,GIN,ROU,4.896784342565584
2018,JEY,PRT,4.895560369784025
2018,AUT,FIN,4.8907077145391185
2018,PRY,POL,4.884925064670927
2018,BRB,POL,4.877287820820251
2018,BIH,FIN,4.868649640192036
2018,SSD,ESP,4.862355660147518
2018,SWE,SVN,4.858637414426674
2018,LBR,POL,4.7948835581537175
2018,PNG,FRA,4.758075926347813
2018,MDG,POL,4.737121528627346
2018,IRN,EST,4.7218414917173455
2018,IMN,AUT,4.673802570153134
2018,LAO,DEU,4.5885834693393575
2018,BMU,BGR,4.551090371021462
2018,ROU,BEL,4.538756347075535
2018,BHR,AUT,4.517845665798248
2018,SGP,AUT,4.50129901662903
2018,CYM,LVA,4.471306954456233
2018,LVA,ITA,4.454085120637204
2018,SRB,GRC,4.4488359034492735
2018,HRV,BEL,4.4434640313802065
2018,PRT,SWE,4.40047209363816
2018,MLT,PRT,4.386652972118765
2018,IMN,EST,4.370093783242334
2018,HRV,PRT,4.334544590407951
2018,GIN,ITA,4.330669421992381
2018,URY,FRA,4.3210887349360325
2018,ASM,LVA,4.319634689482975
2018,PRT,ITA,4.317989837498029
2018,BMU,DNK,4.309733565759726
2018,CYM,DNK,4.2853446636647075
2018,GNQ,POL,4.252741242003214
2018,TLS,PRT,4.238514767560576
2018,SRB,CYP,4.235186958890972
2018,GNQ,FRA,4.222765748523496
2018,PNG,DEU,4.204366415787409
2018,ROU,GRC,4.174772891281216
2018,WSM,ESP,4.118946082679112
2018,JEY,HRV,4.1046707065902295
2018,CPV,BEL,4.104252559679424
2018,PRT,SVK,4.101439880963423
2018,SGP,SVN,4.088463751171064
2018,MLT,HRV,4.065198131121028
2018,VIR,ESP,4.057705460982305
2018,BGR,SWE,4.053853147170553
2018,MLT,BGR,4.050323976516829
2018,CYM,SVK,4.036735017430392
2018,SRB,EST,4.025156269569384
2018,IMN,ROU,3.9577114110317013
2018,DOM,FRA,3.9548530198492036
2018,IRN,ESP,3.943423672005296
2018,BMU,SVN,3.937028159324796
2018,SVK,BEL,3.93304820400036
2018,UGA,CYP,3.9153352562150054
2018,MMR,ITA,3.8711865168064516
2018,BMU,LVA,3.8693865946008144
2018,CUW,SWE,3.864817442296024
2018,DOM,BEL,3.8501709279153262
2018,HKG,PRT,3.8455813154082836
2018,VIR,ITA,3.8064707524002586
2018,UGA,NLD,3.7919257433901556
2018,JEY,BGR,3.786579465208652
2018,VCT,FRA,3.775257426265258
2018,JOR,ESP,3.7496149430039893
2018,HKG,GRC,3.745163945298158
2018,MUS,ITA,3.7390723543461313
2018,BHR,CZE,3.7199775860896955
2018,MLT,SVN,3.7166817839493946
2018,LIE,DEU,3.6964450041143726
2018,WSM,ITA,3.693180444200597
2018,MDG,ESP,3.68759189174123
2018,LVA,SVN,3.6587061312289713
2018,TLS,GRC,3.6421067496568305
2018,KWT,CYP,3.619414691591118
2018,GHA,ITA,3.6181630423952122
2018,KWT,ROU,3.6059367388486105
2018,BIH,LTU,3.6005999239901185
2018,TLS,FIN,3.5954057708519604
2018,HRV,SWE,3.5687538436019364
2018,SYC,IRL,3.5451617282076033
2018,IMN,ESP,3.5373120574661634
2018,JOR,ROU,3.525240705509879
2018,CUW,CZE,3.525238026087224
2018,WSM,ROU,3.5245876124375393
2018,GNQ,ROU,3.5148645106174525
2018,SWE,HRV,3.50198970617541
2018,MHL,POL,3.498820119922294
2018,GTM,SWE,3.4779413477552072
2018,PYF,ESP,3.442155227630546
2018,OMN,POL,3.438869222152822
2018,MHL,BEL,3.4300818868509313
2018,IRN,SWE,3.4297506401082947
2018,PAN,SVK,3.417052732901745
2018,CPV,DEU,3.4156373435916216
2018,SSD,POL,3.4144749664853156
2018,YEM,FRA,3.39776963164077
2018,CYM,GRC,3.3975576607787925
2018,CPV,POL,3.3723282118995628
2018,SRB,FIN,3.3695887651832996
2018,GTM,ESP,3.3609761447270206
2018,BRB,ESP,3.3600936008156506
2018,SGP,HRV,3.3573735559710296
2018,JOR,CYP,3.353833301446431
2018,SYC,FRA,3.3391457932447404
2018,GIB,DNK,3.3383805842676115
2018,URY,ROU,3.3351590815489116
2018,GTM,ITA,3.3260774679866496
2018,GGY,SWE,3.2716287268864073
2018,UGA,EST,3.264161908733097
2018,URY,ITA,3.262725074554867
2018,VGB,SVK,3.221886006410682
2018,BRB,CZE,3.218640363030336
2018,VCT,IRL,3.211927357723678
2018,KAZ,LTU,3.204528529485164
2018,ROU,POL,3.1907305463916433
2018,ZMB,NLD,3.181831145561869
2018,TLS,CZE,3.169211639144307
2018,CAN,ROU,3.1564808894349548
2018,OMN,DEU,3.144323375919261
2018,LBR,ESP,3.1411065832658553
2018,KWT,EST,3.1363893320302143
2018,SGP,SVK,3.1155703296018693
2018,BRB,SWE,3.1042696893229564
2018,MLT,HUN,3.0979072077193033
2018,ZMB,CYP,3.0893393548668944
2018,GHA,BEL,3.0854447570026275
2018,SYC,ESP,3.084465967278399
2018,VUT,POL,3.0743098160693667
2018,MUS,FIN,3.05999803031016
2018,BMU,GRC,3.057751435027104
2018,VEN,POL,3.034572891702934
2018,GHA,FIN,3.027578994917692
2018,LAO,BEL,3.0048791067882727
2018,GIB,SWE,2.9921512432328052
2018,PYF,ROU,2.9729347715526324
2018,UGA,SWE,2.9644786429571433
2018,BHR,BEL,2.952265160603809
2018,VIR,ROU,2.932571596574506
2018,GNQ,ESP,2.927557983793268
2018,BIH,PRT,2.9221232243358948
2018,JOR,SWE,2.9219938521734403
2018,GIB,SVK,2.917408679160343
2018,YEM,IRL,2.9079731298491938
2018,LBR,AUT,2.8965956560063253
2018,PRY,ROU,2.895571608096135
2018,LKA,DEU,2.8827944509503025
2018,BRB,ITA,2.881127602558726
2018,PRT,BGR,2.8806931343252615
2018,GTM,DNK,2.871389057646489
2018,PYF,ITA,2.8520325273829497
2018,GIN,HUN,2.842174200608184
2018,CYP,CZE,2.823294453571733
2018,JOR,EST,2.820382416521026
2018,LVA,HRV,2.8176240510013946
2018,ZMB,AUT,2.7942693529002613
2018,MMR,HUN,2.7850393511886593
2018,AUT,SVN,2.780727588868775
2018,KAZ,HRV,2.7715769964060595
2018,SVK,ESP,2.7633108242868065
2018,JEY,HUN,2.763286819257301
2018,LBR,SWE,2.750412582439552
2018,SGP,CZE,2.748941976545425
2018,LVA,MLT,2.742548898622888
2018,BHR,LTU,2.7295882131425775
2018,LTU,POL,2.711301645877386
2018,VEN,FRA,2.702887697285391
2018,WSM,BEL,2.6983659940033555
2018,VCT,POL,2.6817789202492075
2018,ZMB,SWE,2.669204554835011
2018,SVK,SWE,2.6565994882075357
2018,GIN,AUT,2.6413437940704694
2018,MMR,AUT,2.620481285312499
2018,SVK,PRT,2.6129874785584204
2018,GNQ,ITA,2.5746888463923705
2018,LAO,POL,2.5732877691628864
2018,MCO,ROU,2.551261506399136
2018,AUT,BEL,2.549352659516617
2018,ZMB,EST,2.548857170402781
2018,UGA,AUT,2.5334676858188185
2018,SGP,LTU,2.525604084136454
2018,MCO,ESP,2.5233044921327163
2018,UZB,POL,2.5052587827433657
2018,URY,AUT,2.4924699120568836
2018,UZB,BEL,2.4870828749029035
2018,PRT,FIN,2.473100946652366
2018,GHA,HUN,2.470375221271431
2018,IMN,NLD,2.4586278191315873
2018,ROU,DEU,2.440694920368086
2018,GTM,AUT,2.4257467086209212
2018,JEY,SVN,2.4184659964999056
2018,VIR,HUN,2.4021907361931913
2018,PRY,DNK,2.3816108335191064
2018,BMU,SVK,2.3770074763196467
2018,SRB,BEL,2.3725081520795346
2018,DOM,ROU,2.3481869914993787
2018,SVK,SVN,2.3472177083084125
2018,MCO,SWE,2.34176318609051
2018,SRB,DEU,2.332706524002017
2018,PRY,CYP,2.323909987130624
2018,HRV,LTU,2.317590581763648
2018,DOM,CYP,2.3139137760686577
2018,GGY,BEL,2.3091714350901826
2018,LIE,POL,2.305432900008571
2018,LIE,BEL,2.304374914614659
2018,CUW,AUT,2.298349097123795
2018,ESP,DNK,2.296460956460994
2018,GIB,MLT,2.276728685376474
2018,BHR,FIN,2.271363467400857
2018,BIH,SVK,2.2626004114686475
2018,CRI,POL,2.2576553352623137
2018,BOL,IRL,2.2487956368746533
2018,DOM,NLD,2.2111516452183797
2018,KWT,SWE,2.1999708230887665
2018,VCT,ESP,2.194527294599003
2018,MMR,FIN,2.190212569776639
2018,LVA,SWE,2.177326945244254
2018,GIB,BGR,2.1751419494965947
2018,BHR,HRV,2.1680194459197195
2018,LBR,BEL,2.144414298465854
2018,BHR,PRT,2.142569042023639
2018,KWT,POL,2.129971571162881
2018,SGP,PRT,2.1241365794115223
2018,MCO,AUT,2.1202789347645794
2018,YEM,POL,2.1122223913570375
2018,LTU,FRA,2.108030264587643
2018,PRY,EST,2.103526862764531
2018,MCO,CYP,2.097000709072423
2018,SYC,POL,2.0841039677350723
2018,AUT,GRC,2.0837329796610513
2018,GHA,CZE,2.075991899129849
2018,MMR,CZE,2.058304039516115
2018,BIH,CZE,2.0393287857663074
2018,DOM,EST,2.0218881929307164
2018,KAZ,BGR,2.0164758765341384
2018,KAZ,SVN,2.0088314659047257
2018,SSD,ROU,1.9967190980973089
2018,BHS,CZE,1.9891914368508758
2018,KAZ,SVK,1.9851967182037291
2018,VEN,ESP,1.9730144184254328
2018,LBR,ITA,1.9283943549799407
2018,KAZ,HUN,1.9013189231524819
2018,IRN,ITA,1.9002525361936564
2018,SVK,LTU,1.8837363552066915
2018,GIB,HRV,1.8835436321209367
2018,MDG,IRL,1.879656584118697
2018,JEY,SVK,1.8675831307637556
2018,WSM,HUN,1.8665311177570767
2018,VEN,ITA,1.8508543190274616
2018,BGR,BEL,1.8423398462936087
2018,DOM,POL,1.838550413629705
2018,URY,BGR,1.828502574416744
2018,HKG,LVA,1.8274147265224017
2018,KAZ,GRC,1.8197218047834502
2018,LVA,LTU,1.816091448162469
2018,SVK,NLD,1.783478768670954
2018,SGP,BGR,1.7790312437637885
2018,VUT,ESP,1.7738742392195774
2018,GNQ,HUN,1.7732766614024442
2018,GIN,SVK,1.7704880541952708
2018,MUS,LTU,1.7695228026642322
2018,LKA,FRA,1.7642315026900528
2018,MUS,HRV,1.7575229665709327
2018,GHA,LTU,1.7561765388546702
2018,ESP,MLT,1.7396446866385828
2018,BHR,BGR,1.7253235893223786
2018,BGR,FIN,1.721690227832491
2018,IMN,SWE,1.7146182952194535
2018,PRT,HUN,1.7136587517687887
2018,PRT,DNK,1.712639331453512
2018,GIB,SVN,1.7084316554646608
2018,GIB,LTU,1.6912471667284823
2018,MUS,SVK,1.690523775546322
2018,PRY,AUT,1.686612459343391
2018,LKA,NLD,1.6808570257913265
2018,BHR,HUN,1.6770536060640198
2018,MCO,EST,1.6700561778599194
2018,LAO,NLD,1.66255456134114
2018,JEY,LVA,1.6570027541535777
2018,WSM,NLD,1.6463199058885551
2018,GEO,DEU,1.6457040989029994
2018,TLS,LVA,1.6416334781295019
2018,CUW,DNK,1.6295214217172918
2018,GHA,PRT,1.626235421962927
2018,PYF,HUN,1.6225202904901463
2018,VIR,AUT,1.6112913648443143
2018,GGY,CZE,1.6033109406391168
2018,GIN,SWE,1.5885259975762547
2018,SSD,BEL,1.5814531340448548
2018,WSM,AUT,1.5604460358290484
2018,GIN,DNK,1.5565839632297196
2018,YEM,ROU,1.555118294617207
2018,VCT,ITA,1.5504209365959645
2018,ESP,AUT,1.549770363380466
2018,GIB,GRC,1.5463688149557706
2018,UZB,NLD,1.532853734194411
2018,URY,SVK,1.529838380517738
2018,SGP,HUN,1.5177018120107912
2018,VIR,DNK,1.5159380994747937
2018,GGY,GRC,1.510488970746116
2018,VUT,ROU,1.5103130787399337
2018,WSM,CYP,1.5057313370316525
2018,MLT,LVA,1.5019713442199962
2018,CUW,HRV,1.496773076975596
2018,BHR,DNK,1.4839505891279101
2018,ABW,FRA,1.4757735767458093
2018,GGY,LTU,1.4740886250311527
2018,SSD,ITA,1.4627511461636313
2018,IRN,AUT,1.462029429082707
2018,KWT,BEL,1.4607396034496143
2018,VUT,ITA,1.4605422862518826
2018,URY,HUN,1.4599474538830908
2018,KWT,ITA,1.4575482244248166
2018,BIH,HRV,1.4359360001618653
2018,PRT,HRV,1.434774956296235
2018,MUS,SVN,1.422005322187883
2018,MLT,SVK,1.4209045361817696
2018,PNG,BEL,1.4148843667180913
2018,CUW,HUN,1.4142611453697642
2018,VEN,ROU,1.4125039559449826
2018,SRB,SVN,1.411241458490823
2018,GIB,PRT,1.40852710701647
2018,BIH,BGR,1.4014649773728611
2018,VNM,ESP,1.400821067068167
2018,CYP,ROU,1.394141451076126
2018,CYM,MLT,1.3936353550691087
2018,UGA,ITA,1.3897589702472652
2018,ZMB,ITA,1.3882361996511796
2018,PYF,NLD,1.3859898693145831
2018,UZB,ROU,1.385746673460879
2018,CAN,SVN,1.370108924384695
2018,CRI,DEU,1.3575847478325558
2018,WSM,EST,1.3568578661314232
2018,GNQ,AUT,1.3538435408932032
2018,GGY,HUN,1.3436729248958243
2018,GIN,CYP,1.337499793975851
2018,SWZ,AUT,1.323376193077035
2018,BOL,CZE,1.3230407080034818
2018,UZB,CYP,1.3219466706572884
2018,PYF,BEL,1.3194786718697848
2018,MUS,CZE,1.3179954799724043
2018,PYF,AUT,1.317915934226364
2018,BRB,AUT,1.3154916702226103
2018,JOR,ITA,1.311217822104807
2018,PRT,GRC,1.3040488932952443
2018,MMR,LTU,1.295745466316518
2018,YEM,ESP,1.2908236847542678
2018,HRV,ESP,1.28172261474886
2018,VIR,SVK,1.2770877036706618
2018,PNG,POL,1.2684232026536568
2018,LVA,FIN,1.2638101604205685
2018,CRI,CYP,1.250833038231318
2018,BHR,SVN,1.2495227100464439
2018,VNM,SWE,1.2490435983102806
2018,VCT,ROU,1.243231863389287
2018,IMN,ITA,1.2365748064995343
2018,PRY,SVN,1.2330524230674047
2018,PYF,CYP,1.2219684489061426
2018,GIB,CZE,1.2214021297431013
2018,SWZ,NLD,1.215482155824727
2018,LAO,CYP,1.2123037587796672
2018,BHR,GRC,1.2121949649761807
2018,BGR,GRC,1.2117165346155552
2018,CUW,LTU,1.205525569914475
2018,MHL,NLD,1.1945850544041245
2018,DJI,DEU,1.1852410895080934
2018,JOR,FIN,1.181754900829498
2018,AUT,EST,1.1761512713926068
2018,GIB,FIN,1.1758548331560903
2018,MHL,ESP,1.172306275056166
2018,URY,POL,1.171702098081795
2018,VEN,HUN,1.1680386868616628
2018,SWZ,ROU,1.1672147203920467
2018,ESP,EST,1.1670580829723434
2018,GIN,NLD,1.1622751597354994
2018,BGR,SVN,1.1582135406559144
2018,URY,IRL,1.1409422373089688
2018,WSM,DNK,1.1394826552761559
2018,GIN,EST,1.139475840026851
2018,ROU,SVN,1.138871444498169
2018,SGP,GRC,1.1385076225215462
2018,MCO,FIN,1.1380791134782016
2018,GIN,MLT,1.1343314694068947
2018,BIH,HUN,1.1331333811531494
2018,GGY,PRT,1.1311048368548664
2018,UZB,EST,1.13092425819313
2018,GHA,SVN,1.1204780560128866
2018,PYF,EST,1.1161203955818162
2018,LVA,PRT,1.1160568648289473
2018,LKA,ROU,1.1150852859784464
2018,CRI,EST,1.1138853881491086
2018,SWZ,SWE,1.109165108644666
2018,VIR,MLT,1.109035606106507
2018,LAO,ROU,1.1088211510259645
2018,BFA,SWE,1.1036217877694894
2018,MMR,HRV,1.0990627804162547
2018,IRN,FIN,1.0974787641341541
2018,BRB,DNK,1.0959390199042456
2018,VUT,BEL,1.094447057002235
2018,SGP,DNK,1.0875429063303905
2018,IRN,CZE,1.085923824258826
2018,MMR,PRT,1.0830807343341178
2018,MUS,PRT,1.0809907119575846
2018,IMN,GRC,1.0755679501281987
2018,LAO,ESP,1.0749573567110933
2018,UGA,FIN,1.071891079880073
2018,PRT,CYP,1.070767077645593
2018,UGA,HUN,1.0694308834931165
2018,CPV,NLD,1.0646857249723112
2018,BRB,HRV,1.0631304518033549
2018,GTM,HRV,1.0627010102684262
2018,LVA,CZE,1.0595070816158687
2018,ABW,POL,1.0587402208549854
2018,BRN,FRA,1.0576980497325392
2018,JOR,AUT,1.0548820962140786
2018,SWZ,CYP,1.054175547777533
2018,YEM,ITA,1.0513516605242574
2018,ZMB,HUN,1.0483894671696308
2018,WSM,SVK,1.0446560980310804
2018,GGY,DNK,1.0331823410806977
2018,KWT,CZE,1.0268166633141171
2018,MHL,CYP,1.0218194954395898
2018,HRV,FIN,1.0216851123419084
2018,ZMB,FIN,1.0207096194294836
2018,DOM,SWE,1.0193858816430572
2018,LAO,EST,1.0188729214701482
2018,SSD,HUN,1.0180956276885256
2018,BFA,CYP,1.01694764033426
2018,JOR,CZE,1.0158976384549878
2018,DOM,ESP,1.0143057976031977
2018,CPV,CYP,1.014161784119521
2018,MCO,PRT,1.011903532980209
2018,AUT,CYP,1.0013966107389127
2018,PYF,DNK,1.0009342281409468
2018,BRN,DEU,0.9996927483336033
2018,GGY,HRV,0.995489433437234
2018,LKA,CYP,0.9927715818308501
2018,CUW,BGR,0.9867553362091372
2018,BMU,MLT,0.9832772505457159
2018,CUW,PRT,0.981295306395247
2018,VCT,HUN,0.9773628269831945
2018,MCO,NLD,0.9762848618618744
2018,GGY,BGR,0.9755563992594589
2018,LVA,DNK,0.9701584326535533
2018,GTM,LTU,0.9699339981178744
2018,AFG,DEU,0.9694256377186892
2018,WSM,SWE,0.9678847361439898
2018,LAO,SWE,0.9601985057148489
2018,BFA,NLD,0.9576032057999313
2018,CAN,GRC,0.9552314284194384
2018,MHL,ROU,0.9409053999371434
2018,CPV,AUT,0.9332965146500186
2018,NLD,LUX,0.9319686316692218
2018,GHA,HRV,0.9254757260016716
2018,SVK,FIN,0.9252602474875135
2018,CAN,POL,0.9227322285287027
2018,PAN,MLT,0.9226521061910516
2018,GIN,BGR,0.9210023194943895
2018,LTU,BEL,0.915165030955596
2018,MUS,BGR,0.9097701890988871
2018,GNQ,NLD,0.909071237115452
2018,GGY,FIN,0.9052049520376155
2018,BRB,LTU,0.8993879477228951
2018,GNQ,DNK,0.8993276343768671
2018,GTM,SVN,0.8896250589583381
2018,SYC,ITA,0.8871726968699463
2018,GEO,POL,0.8861284142467494
2018,MUS,HUN,0.8855543964376114
2018,GNQ,CYP,0.8852707289194115
2018,CYP,DNK,0.8828779784647569
2018,KAZ,LVA,0.8806304381171968
2018,BFA,ROU,0.8735200800950691
2018,LKA,ESP,0.8712491920741451
2018,UZB,SWE,0.8703136382308096
2018,PYF,SVK,0.8666641176083486
2018,CUW,FIN,0.866561991360586
2018,LKA,EST,0.8627939791270457
2018,SGP,LVA,0.8580798520695995
2018,SYC,BEL,0.8579201905754913
2018,MHL,EST,0.8578393641677918
2018,CPV,ROU,0.8544258156338974
2018,SWZ,EST,0.8519095578112588
2018,CHE,LUX,0.8503698859077929
2018,SYC,ROU,0.8502830546716201
2018,BGR,DEU,0.8484131906616574
2018,VGB,MLT,0.8472952597073758
2018,GEO,ROU,0.8432597092148122
2018,LBR,LTU,0.8426425851291267
2018,CPV,SWE,0.8387064512662432
2018,CPV,EST,0.8386509822528043
2018,MMR,DNK,0.8358166553902342
2018,GIN,SVN,0.8315607088147925
2018,GIN,HRV,0.8314552314725515
2018,MHL,SWE,0.8302043235105954
2018,GNQ,EST,0.8301402136180192
2018,SSD,AUT,0.8239445330427125
2018,VIR,BGR,0.8226638622809612
2018,BFA,AUT,0.8197765888619335
2018,BHR,LVA,0.8131217361650706
2018,MMR,BGR,0.8104410746963597
2018,VUT,HUN,0.8067345131867545
2018,WSM,MLT,0.8052891530236514
2018,BFA,EST,0.8048326048400217
2018,CUW,SVN,0.8016095437763302
2018,ZMB,CZE,0.8008909578264886
2018,GEO,FRA,0.8006914421156144
2018,KWT,AUT,0.7973943991754019
2018,URY,HRV,0.7962410510971237
2018,LIE,AUT,0.7786593423727567
2018,IMN,CZE,0.771746442420789
2018,IRN,LTU,0.7671981773821167
2018,OMN,ESP,0.7637244255159521
2018,VEN,AUT,0.7619382510130626
2018,AUT,MLT,0.7608815958519468
2018,YEM,BEL,0.7604015308829793
2018,LBR,HRV,0.75758268419555
2018,GEO,PRT,0.7574555824456344
2018,CYP,PRT,0.7574350582743653
2018,YEM,HUN,0.7480799149357271
2018,DOM,ITA,0.7453130756869044
2018,GNQ,SVK,0.7445787731539586
2018,MMR,SVK,0.7442273857678036
2018,GHA,GRC,0.7356047301860503
2018,GTM,FIN,0.7354196634872884
2018,GGY,SVN,0.7349398521528261
2018,GIN,FIN,0.7314781977727405
2018,SWE,LVA,0.7280785216260308
2018,MDG,SWE,0.7254222510172779
2018,GHA,BGR,0.7243068525504808
2018,WSM,BGR,0.7238719963008734
2018,CRI,FRA,0.7201601590545896
2018,GTM,PRT,0.7141299715078671
2018,VUT,NLD,0.7105337015937557
2018,VEN,DNK,0.7051983688911272
2018,VNM,FIN,0.7041657553319405
2018,BGR,EST,0.702357023214962
2018,LBR,CZE,0.7017861197322274
2018,PYF,MLT,0.7011815479032926
2018,PYF,SWE,0.7010404052880242
2018,OMN,SWE,0.7008471889987835
2018,LTU,DEU,0.6991738943102296
2018,VCT,AUT,0.6946496491952404
2018,CUW,SVK,0.692890073778673
2018,GTM,GRC,0.6926369127586651
2018,CYP,AUT,0.6909483660794801
2018,LKA,SWE,0.6893793012572704
2018,CUW,LVA,0.6893069110816613
2018,VIR,SVN,0.6880612742019055
2018,BGR,CYP,0.6878465597853994
2018,BEN,ESP,0.6856557662446995
2018,BRB,FIN,0.6833172691437681
2018,VUT,AUT,0.6778794319612307
2018,BRB,PRT,0.6762986028493573
2018,LVA,BGR,0.6757912293620411
2018,CUW,GRC,0.6739572833806347
2018,VCT,DNK,0.6711345847501641
2018,IRN,HRV,0.6711174363269666
2018,ABW,ITA,0.6710503654135667
2018,MUS,GRC,0.664052991759908
2018,URY,SVN,0.6516065982354676
2018,VUT,CYP,0.6510647315144379
2018,ZMB,SVK,0.650010283782094
2018,UZB,ITA,0.6458389747999431
2018,CYP,POL,0.6458241167140916
2018,IMN,LTU,0.6447787092879844
2018,SWZ,ITA,0.6413887943590384
2018,GTM,HUN,0.6388621968384233
2018,BIH,DNK,0.63882702338911
2018,MCO,SVK,0.6373574562080241
2018,MUS,DNK,0.6372812842673627
2018,MMR,GRC,0.6336890818896236
2018,LBR,FIN,0.6329952086047183
2018,WSM,HRV,0.6326632776603638
2018,GTM,BGR,0.6320391768263632
2018,GMB,IRL,0.6296056816138113
2018,GNQ,MLT,0.6295641467785116
2018,LVA,HUN,0.6295353388580206
2018,PYF,BGR,0.6263613585166825
2018,IMN,FIN,0.6261992978512025
2018,BHS,DNK,0.6251379629265392
2018,PRT,EST,0.6234159303104468
2018,DJI,ESP,0.622635675589609
2018,VEN,SVK,0.6209697764327283
2018,VIR,HRV,0.6204356538467602
2018,CRI,SVN,0.6045662165719796
2018,CRI,ROU,0.6019843919667878
2018,WSM,SVN,0.6014929583200104
2018,GEO,ESP,0.5999280153943307
2018,LBR,SVN,0.5884084074184905
2018,VUT,EST,0.5875253921182906
2018,SVK,BGR,0.5855788818738282
2018,MMR,SVN,0.585436935087984
2018,BRB,BGR,0.5791675377687125
2018,OMN,NLD,0.5770712064676223
2018,MUS,LVA,0.5740593267900526
2018,IRN,PRT,0.5728228848660175
2018,LBR,PRT,0.5656042525802654
2018,BRB,SVN,0.5651099975450281
2018,BIH,LVA,0.5558587840457484
2018,JOR,LTU,0.5505346728972316
2018,UGA,SVK,0.5494495960838072
2018,VNM,SVK,0.5471608104845549
2018,BHS,POL,0.5424417759377127
2018,JOR,HUN,0.5397303806820405
2018,VEN,MLT,0.5392563019755537
2018,GNQ,BGR,0.5387571136423743
2018,ABW,ROU,0.5369531590536232
2018,ESP,CYP,0.5366961076263389
2018,PYF,HRV,0.5352696173156937
2018,LBR,HUN,0.5338358720015787
2018,BRB,HUN,0.5327777641413183
2018,GEO,SWE,0.5323840149564305
2018,BRB,LVA,0.5300616681101024
2018,KWT,LTU,0.5263767338943938
2018,SYC,HUN,0.5261153285221785
2018,SRB,MLT,0.5239278678915391
2018,VCT,SVK,0.5205843734968516
2018,GIB,LVA,0.5193394771918164
2018,GIN,LTU,0.5193383564836757
2018,UZB,CZE,0.5185288440060641
2018,KWT,FIN,0.5165214165397286
2018,AUT,DEU,0.5165107213623237
2018,PNG,IRL,0.5163042184037061
2018,SYC,AUT,0.5141532201236937
2018,UGA,LTU,0.5139105315779542
2018,GHA,DNK,0.5104893604870562
2018,PYF,SVN,0.5086177574671763
2018,SSD,DNK,0.5068147730152813
2018,KWT,HRV,0.5015895102709792
2018,UZB,AUT,0.5007987178194915
2018,SRB,LTU,0.5005169698568955
2018,VUT,DNK,0.5001831545228682
2018,GHA,SVK,0.4986977145303873
2018,SSD,SVK,0.49300357103871534
2018,ROU,ESP,0.4925704173396494
2018,JOR,PRT,0.4898990141713793
2018,BFA,FIN,0.4868410910835199
2018,UGA,HRV,0.4867248308714093
2018,PRY,BEL,0.4852584694088334
2018,BHS,AUT,0.4851857290236849
2018,GMB,FRA,0.4845048947243234
2018,ABW,IRL,0.48324400607851964
2018,GNQ,SWE,0.4822047839914386
2018,SSD,CYP,0.4817408288315327
2018,IRN,BGR,0.48043858733842854
2018,DOM,CZE,0.47952803041667275
2018,SSD,NLD,0.4791935825481871
2018,UGA,CZE,0.47820519111646864
2018,GGY,SVK,0.4768190442933655
2018,GNQ,SVN,0.475270158762194
2018,BRB,GRC,0.4727711338450136
2018,WSM,LTU,0.47086631384089717
2018,JOR,HRV,0.47065927406746366
2018,GTM,LVA,0.4692670981933082
2018,GNQ,HRV,0.4653641554036373
2018,YEM,AUT,0.4611040423070789
2018,LBR,BGR,0.4584454500938374
2018,ZMB,HRV,0.4545774265003047
2018,IMN,SVN,0.4534522567555083
2018,MDG,AUT,0.4520546942383227
2018,BGR,AUT,0.45194331991320447
2018,VCT,MLT,0.45061184418710803
2018,URY,DNK,0.4490874960596682
2018,VUT,SVK,0.4488976357965395
2018,SWZ,FIN,0.44717423522617894
2018,XKV,FRA,0.44697892537920003
2018,BRN,POL,0.4446307225096324
2018,SVK,HRV,0.44008720363308695
2018,ROU,SWE,0.43920093790620673
2018,MHL,ITA,0.4386314771573262
2018,SSD,EST,0.43496475113012645
2018,LAO,ITA,0.43401769106919635
2018,LKA,ITA,0.43282002744660075
2018,YEM,NLD,0.4308336969135861
2018,KWT,BGR,0.42665135699579443
2018,OMN,CYP,0.4245932159985928
2018,MHL,CZE,0.42054473226548195
2018,PRT,SVN,0.41881641223548116
2018,GIN,GRC,0.41657496484049994
2018,WSM,PRT,0.4159336561896228
2018,ABW,HUN,0.41591469953502597
2018,CUW,MLT,0.4156141782085603
2018,GHA,LVA,0.41446327224532836
2018,IRN,SVK,0.4128063398036645
2018,VIR,IRL,0.410953967566834
2018,ZMB,LTU,0.4092475911411003
2018,BFA,ITA,0.4083148406459795
2018,JOR,SVK,0.40799025755176405
2018,VUT,SWE,0.4059061758206548
2018,GMB,ESP,0.4045837632743506
2018,KWT,PRT,0.4040879218187258
2018,IRN,DNK,0.4037472387134511
2018,LKA,POL,0.4011654282433069
2018,PYF,LTU,0.4001987474088431
2018,GIN,PRT,0.39939373557429686
2018,IRN,HUN,0.39878095907129235
2018,VEN,BGR,0.3987312489532473
2018,GEO,NLD,0.3969833244050502
2018,BOL,DNK,0.39575510282406023
2018,SSD,SWE,0.39318735498441965
2018,BHS,ROU,0.3927644347632058
2018,BRN,BEL,0.3922840482261475
2018,BOL,AUT,0.39218201050426604
2018,SWZ,SVK,0.3896369484596559
2018,VNM,AUT,0.3881338199558385
2018,MCO,CZE,0.3817187124043816
2018,WLF,FRA,0.3813493101873536
2018,MMR,LVA,0.37909637246615974
2018,CYP,SWE,0.3785515138441796
2018,MDG,CYP,0.376697815319825
2018,UGA,SVN,0.3750946738793734
2018,GGY,LVA,0.37367905167905513
2018,MHL,AUT,0.3736293888659761
2018,BOL,ROU,0.3687895577408772
2018,MDG,ROU,0.36876665899676736
2018,GGY,MLT,0.3676591809142293
2018,BFA,SVK,0.3661801248063797
2018,MDG,FIN,0.365858965793674
2018,XKV,DEU,0.3648218408684584
2018,YEM,DNK,0.3646476009695644
2018,ZMB,BGR,0.36328869313489937
2018,MCO,GRC,0.3627538807331248
2018,YEM,CYP,0.36146116995266186
2018,HRV,SVN,0.35815532050944643
2018,SSD,MLT,0.3574742494415296
2018,DOM,SVN,0.3559844039447298
2018,OMN,ROU,0.35342389342256414
2018,MHL,FIN,0.35211088857045547
2018,GEO,FIN,0.34998028339197396
2018,VIR,LTU,0.34947268884295885
2018,LBR,DNK,0.34889886975132944
2018,UGA,PRT,0.3487928885359966
2018,VUT,MLT,0.3474528433823635
2018,LIE,CYP,0.34706931706120886
2018,VIR,GRC,0.34704629511949475
2018,IMN,PRT,0.34699298302860193
2018,PRY,GRC,0.34613141653960544
2018,KWT,HUN,0.3453579597277639
2018,WSM,FIN,0.344525329574514
2018,WSM,GRC,0.3390051764019196
2018,IRN,GRC,0.3386622634194009
2018,VCT,BGR,0.33865198010235015
2018,VEN,SVN,0.3345621873776647
2018,LIE,ITA,0.3307909669404983
2018,LBR,GRC,0.3300335989572024
2018,LAO,FIN,0.32934439845636626
2018,GNQ,LTU,0.3290179835172456
2018,VCT,SVN,0.3288088373905911
2018,YEM,EST,0.32765287639825635
2018,MDG,SVK,0.325976242558191
2018,ALB,ROU,0.3254956636423352
2018,LAO,AUT,0.32497741402491404
2018,IMN,HRV,0.3238559113806313
2018,CPV,FIN,0.3211790060764303
2018,YEM,SVK,0.3205370335972331
2018,PYF,PRT,0.3183209552285964
2018,OMN,FIN,0.3161511021994282
2018,SYC,DNK,0.3153773372530985
2018,DOM,LTU,0.31496348956403886
2018,JOR,DNK,0.3147091094897748
2018,SSD,BGR,0.3141977152621676
2018,LBR,LVA,0.31337241165876595
2018,VUT,BGR,0.31323905628894494
2018,CPV,ITA,0.3127060675466379
2018,IRN,SVN,0.31234576243384526
2018,JOR,BGR,0.31196288105080605
2018,SYC,SVK,0.31104605264256935
2018,SWZ,CZE,0.3108788862415184
2018,ABW,AUT,0.30932253085447686
2018,SVK,HUN,0.30765170415599247
2018,PNG,SVN,0.30683976133135926
2018,HRV,CZE,0.306086272564696
2018,OMN,EST,0.30575937356886124
2018,UZB,FIN,0.305372814032044
2018,KWT,SVN,0.30410492337462447
2018,PRY,HUN,0.30239474105647834
2018,MDG,NLD,0.30218285249662247
2018,DOM,HUN,0.3018535068383854
2018,VEN,HRV,0.30167997714859457
2018,FRO,DEU,0.30154952125882784
2018,CAN,BGR,0.30090843054881583
2018,MHL,SVN,0.29943406895802727
2018,JOR,SVN,0.2961812352592302
2018,ZMB,PRT,0.2936894052513679
2018,PYF,GRC,0.2927943953562822
2018,SYC,CYP,0.2907264393753903
2018,ZMB,SVN,0.29050507615829635
2018,LIE,EST,0.2874605669396465
2018,LAO,CZE,0.2850437402080104
2018,SYC,NLD,0.28421624027300263
2018,KWT,DNK,0.28170668503863583
2018,LKA,CZE,0.28057943980010974
2018,UGA,BGR,0.28055545683702743
2018,DOM,HRV,0.27957026316046557
2018,VIR,PRT,0.2784596910013423
2018,GEO,BEL,0.27821994666794503
2018,PRY,LTU,0.27622735486660943
2018,YEM,SWE,0.2737095978905738
2018,VUT,HRV,0.27353376472371604
2018,ABW,DNK,0.2731436112990222
2018,IMN,BGR,0.2699714624293841
2018,SSD,HRV,0.26959415810811416
2018,BHR,SVK,0.2683099875820533
2018,SYC,EST,0.26639514100695183
2018,SSD,SVN,0.26581650047884425
2018,BHS,SVN,0.2650091172908388
2018,LIE,ESP,0.26431432136014366
2018,DJI,POL,0.2619013251705593
2018,IMN,DNK,0.2609554389823316
2018,LIE,SWE,0.2606053752875945
2018,BGR,MLT,0.2600675027529696
2018,VCT,HRV,0.2595908965022134
2018,GNQ,PRT,0.25942917909899554
2018,MDG,ITA,0.2591559116424773
2018,VNM,CYP,0.25685792827403536
2018,MDG,EST,0.2562397399995087
2018,WSM,CZE,0.2552144550504666
2018,PNG,CZE,0.2550776199970016
2018,VUT,SVN,0.2545094778807918
2018,DOM,AUT,0.254324717711344
2018,JOR,GRC,0.2537460743058044
2018,GNQ,GRC,0.25338772638799595
2018,YEM,MLT,0.24838300755221923
2018,ROU,FIN,0.2476056565212014
2018,VCT,CZE,0.24687304755476638
2018,DJI,FRA,0.2467123412224395
2018,CRI,BEL,0.24382377663155294
2018,PYF,CZE,0.24373667231760243
2018,SWZ,HUN,0.2426520394291868
2018,MCO,LTU,0.240297126414476
2018,LIE,ROU,0.235396938614266
2018,IMN,SVK,0.2349670141721779
2018,UGA,DNK,0.23407110951481852
2018,KWT,GRC,0.2338404687216362
2018,SYC,MLT,0.23200554353873695
2018,BOL,ITA,0.23189985500362986
2018,ABW,SVK,0.2306350851380353
2018,IRN,LVA,0.2292835752963093
2018,ESP,HRV,0.2287940648812299
2018,PRY,SWE,0.22854305795107488
2018,PYF,FIN,0.22844404687716371
2018,HRV,LVA,0.22623157273822148
2018,BRB,SVK,0.22551740283151317
2018,PNG,ESP,0.22242530999159477
2018,YEM,BGR,0.2194891481190052
2018,UGA,GRC,0.21943625811170064
2018,PRY,ITA,0.217476659240342
2018,IMN,HUN,0.2165882515660485
2018,LKA,FIN,0.21490538292212377
2018,LKA,AUT,0.2140558460729055
2018,MCO,HRV,0.21251693555784948
2018,DOM,FIN,0.21199946504440625
2018,SWZ,HRV,0.2119665401949973
2018,UZB,BGR,0.2100349933148671
2018,OMN,SVK,0.20808332464227067
2018,SYC,SWE,0.20775145432604475
2018,AFG,POL,0.2077458220440287
2018,URY,MLT,0.20408676554950778
2018,VUT,LTU,0.2038353710289625
2018,GTM,SVK,0.2031725335966262
2018,UZB,HRV,0.20225520823731866
2018,BOL,POL,0.20172438151991448
2018,MHL,SVK,0.20066638567059997
2018,UZB,LTU,0.20027014598489642
2018,SVK,LVA,0.19967746309532655
2018,UZB,HUN,0.199202874721996
2018,SYC,BGR,0.19859464594169732
2018,MCO,SVN,0.1984913656400538
2018,ZMB,DNK,0.1979128707299085
2018,OMN,AUT,0.1977660167388944
2018,LIE,GRC,0.19396323227135723
2018,PRY,HRV,0.19374901475701004
2018,LTU,GRC,0.19301615568338926
2018,UZB,SVK,0.19265329268853676
2018,VIR,CZE,0.19259658081242223
2018,ROU,SVK,0.19239804076930175
2018,DJI,IRL,0.19206495185371064
2018,GMB,BEL,0.19148332339128954
2018,ROU,HRV,0.1900798234518929
2018,AFG,FRA,0.18972428554957727
2018,DOM,PRT,0.18818820435180983
2018,SWZ,BGR,0.18792757336295915
2018,BFA,CZE,0.1873910185499965
2018,CPV,SVK,0.1872931537238269
2018,MHL,DNK,0.18724915852553387
2018,ZMB,GRC,0.18675900998099884
2018,CAN,HRV,0.1865381048224695
2018,ABW,MLT,0.1860819272727464
2018,GMB,DEU,0.1858138794562395
2018,MHL,HUN,0.1855316749931184
2018,YEM,HRV,0.18477413194962183
2018,SSD,LTU,0.17985308959251967
2018,YEM,SVN,0.17965599742604516
2018,DOM,DNK,0.17664295456959517
2018,LAO,LTU,0.1761440830349
2018,BFA,HRV,0.17331852727668665
2018,SYC,SVN,0.17211817878657484
2018,LIE,CZE,0.1720387238340868
2018,MHL,HRV,0.17131025638829916
2018,VEN,LTU,0.16978069467589618
2018,SYC,HRV,0.1693511937251681
2018,LAO,HRV,0.16883626380772704
2018,LKA,LTU,0.16789993782446702
2018,LBR,SVK,0.1677637097697017
2018,GIN,LVA,0.16673019271359646
2018,CPV,CZE,0.16637391594111425
2018,MHL,LTU,0.16618985384692755
2018,GMB,POL,0.1658707359063026
2018,VUT,PRT,0.16557391442450708
2018,CRI,CZE,0.16550124697268623
2018,VEN,GRC,0.16468420526983624
2018,WLF,BEL,0.16373750606147486
2018,PRY,BGR,0.16342874615347178
2018,GNQ,BEL,0.16278185369180018
2018,CYP,FIN,0.16185232515522854
2018,GEO,AUT,0.1616063326671217
2018,DJI,ITA,0.16027575208777978
2018,ABW,BGR,0.15988509316202953
2018,DOM,BGR,0.1590762779439974
2018,PNG,SWE,0.15883574920043647
2018,JOR,LVA,0.1585382437417388
2018,LKA,HUN,0.15601955854872976
2018,SWZ,LTU,0.15555401006267064
2018,AFG,ROU,0.15500378952885444
2018,URY,EST,0.15463896821510378
2018,UZB,PRT,0.15429787613075321
2018,LKA,PRT,0.15326815589662107
2018,BRN,ESP,0.15300215849461354
2018,GIN,CZE,0.1517461353725793
2018,ABW,CZE,0.15163226225705428
2018,WSM,LVA,0.1511417506485945
2018,BIH,SVN,0.1510035472035426
2018,SSD,FIN,0.15008495370645206
2018,VCT,LTU,0.1490917482256032
2018,VCT,GRC,0.1489922613161262
2018,KWT,LVA,0.14887954288627622
2018,VUT,GRC,0.1475328019139337
2018,OMN,ITA,0.1471126983731607
2018,BFA,HUN,0.1465926558855749
2018,GNQ,CZE,0.1431011143133319
2018,DJI,ROU,0.1430179067932908
2018,AFG,ESP,0.14237793071303348
2018,VUT,FIN,0.14222844787712732
2018,CRI,LTU,0.14194981071030444
2018,SSD,PRT,0.14178595770543356
2018,SSD,GRC,0.14148434245605737
2018,AUT,LTU,0.14117802145747194
2018,ESP,LTU,0.1395402776759422
2018,LAO,PRT,0.13923329014326988
2018,LKA,HRV,0.13832717861447255
2018,UGA,LVA,0.1378639423495259
2018,ROU,AUT,0.13647941351954007
2018,CPV,HRV,0.13588222963743643
2018,BFA,LTU,0.13582097614975672
2018,XKV,BEL,0.13550827641278676
2018,VEN,PRT,0.13539794610004469
2018,LAO,SVK,0.13404481832911566
2018,CPV,LTU,0.1338787660136687
2018,HRV,MLT,0.13296629879991959
2018,VUT,CZE,0.13288531058838993
2018,AFG,ITA,0.13243785118557289
2018,YEM,LTU,0.13228341243873434
2018,HRV,BGR,0.13225718758973623
2018,CAN,EST,0.13167912229399897
2018,SWZ,DNK,0.13121005160572244
2018,LIE,FIN,0.130099143177842
2018,GNQ,FIN,0.12852709387866296
2018,PRT,LTU,0.12806996306767476
2018,KWT,SVK,0.12795929788390845
2018,MCO,DNK,0.12760715485096075
2018,PYF,LVA,0.1269689884754451
2018,MDG,HUN,0.12683052498949385
2018,URY,LTU,0.12597960172181122
2018,URY,GRC,0.12566640617285416
2018,MHL,PRT,0.12526681772159193
2018,ABW,SVN,0.1251656242288042
2018,BOL,BGR,0.12360226562061208
2018,DOM,GRC,0.12320183544092073
2018,ESP,LVA,0.1218008102232498
2018,WLF,POL,0.11762438998656397
2018,VIR,LVA,0.11739931137088393
2018,PNG,AUT,0.11671661983093513
2018,IRL,LUX,0.116146173472663
2018,CYP,GRC,0.11578355915560923
2018,SWZ,PRT,0.11516980847594996
2018,UZB,DNK,0.11487310775055576
2018,BOL,HUN,0.1146119878384161
2018,LKA,BEL,0.11340758795040248
2018,BFA,BGR,0.11328376092772321
2018,VCT,PRT,0.11314085337115573
2018,ABW,HRV,0.11313714454545058
2018,GNQ,LVA,0.11250524079983601
2018,LAO,HUN,0.11238317284303914
2018,SYC,LTU,0.11227917670228411
2018,CYP,BGR,0.11176873180658892
2018,BHS,EST,0.11125887845791578
2018,YEM,PRT,0.11096464325026498
2018,VIR,EST,0.11083977161797554
2018,GEO,CZE,0.10948028120458517
2018,LAO,BGR,0.10929682250238618
2018,BHS,CYP,0.10899830350695039
2018,SSD,CZE,0.10896955614392294
2018,SRB,LVA,0.10842307086958368
2018,BFA,SVN,0.10776924784430578
2018,MCO,BGR,0.10776427402514863
2018,LTU,ESP,0.10746523507736473
2018,ZMB,LVA,0.10632008883634232
2018,GHA,LUX,0.1061575013818577
2018,ROU,CYP,0.1060345527074405
2018,BGR,ESP,0.10564668844227194
2018,ALB,DEU,0.10551681458509529
2018,MHL,BGR,0.10540616080284536
2018,KAZ,MLT,0.10526394902787806
2018,MDG,HRV,0.1050549345520187
2018,YEM,GRC,0.1049614889781039
2018,LKA,BGR,0.10481050515402325
2018,BHR,MLT,0.10452766001172868
2018,IMN,LVA,0.10436372752855057
2018,LAO,DNK,0.10407411875362987
2018,LAO,SVN,0.10388509417308303
2018,BRN,ITA,0.10359208383576693
2018,YEM,FIN,0.10256723906844378
2018,CRI,HRV,0.10220120824385129
2018,ALB,HUN,0.10143856218348456
2018,WLF,DEU,0.10135697832706704
2018,UZB,SVN,0.10090000065756277
2018,BOL,SVK,0.10085595534446008
2018,DOM,LVA,0.10054159174404559
2018,PNG,FIN,0.10041530636301088
2018,CRI,SWE,0.10000044144110906
2018,VCT,EST,0.09993431534438556
2018,VNM,HRV,0.0996056846550969
2018,AUT,HRV,0.09955610143319557
2018,CPV,SVN,0.09847154849755224
2018,HRV,HUN,0.09832330945745126
2018,AFG,HUN,0.09736936396733285
2018,DJI,HUN,0.09669337136782281
2018,XKV,POL,0.09605010946058341
2018,LIE,SVK,0.09549119815398724
2018,BHS,ITA,0.09426006248880162
2018,ESP,BGR,0.09211520625245587
2018,GEO,HUN,0.09201672411934152
2018,LKA,SVN,0.09162566175942227
2018,DJI,AUT,0.09130604469772965
2018,UZB,GRC,0.09113295067759238
2018,LKA,DNK,0.09073647586052104
2018,LTU,SWE,0.09031879380521704
2018,BFA,PRT,0.09015486839050565
2018,CPV,PRT,0.09015136707859962
2018,CRI,ITA,0.08949079799580321
2018,OMN,HRV,0.08675240808397541
2018,CPV,BGR,0.08604369016464569
2018,SYC,GRC,0.08569058951218936
2018,GHA,MLT,0.0854655168197094
2018,FRO,FRA,0.08526988624260798
2018,MCO,HUN,0.08515225726605487
2018,BGR,LTU,0.08513177990625793
2018,SYC,PRT,0.08373086576959657
2018,YEM,CZE,0.08358774523123785
2018,SWZ,SVN,0.08296069842740292
2018,PNG,DNK,0.08244920153617424
2018,BHS,GRC,0.08241922227195946
2018,MHL,GRC,0.08233792111923366
2018,HRV,DNK,0.08194003719811088
2018,SRB,ESP,0.08186052890203172
2018,BFA,DNK,0.0796219281275665
2018,BRN,ROU,0.07905766905495389
2018,LAO,GRC,0.07894525377582193
2018,JEY,MLT,0.07889450428808938
2018,LKA,GRC,0.07872968356792756
2018,SWZ,GRC,0.0781827514482451
2018,CYP,BEL,0.07790004187631688
2018,BHS,BGR,0.07588708570187293
2018,SYC,FIN,0.07489566025796421
2018,LTU,CYP,0.07479304769244088
2018,CPV,HUN,0.07471823972117463
2018,MDG,DNK,0.07360154009545308
2018,FRO,POL,0.07233479580940548
2018,GEO,SVN,0.07118239414317364
2018,CYP,SVN,0.07045765692443198
2018,FRO,ESP,0.06939246525791049
2018,BGR,HRV,0.0693620492050877
2018,PRT,LVA,0.06819077376087365
2018,CRI,AUT,0.06779515913822509
2018,SVK,MLT,0.0672336413216542
2018,OMN,CZE,0.06639716581483991
2018,VUT,LVA,0.06620180106194506
2018,ROU,EST,0.06544922561904107
2018,BRN,HUN,0.06537497864033523
2018,MDG,BGR,0.06518475851710634
2018,MDG,CZE,0.06429174977388852
2018,SWZ,MLT,0.0634964687878888
2018,VCT,CYP,0.0634780129508071
2018,PNG,SVK,0.06287334203333143
2018,ABW,GRC,0.06122453412548843
2018,VNM,EST,0.06104328690095889
2018,LBR,MLT,0.061039474016576736
2018,ABW,LTU,0.06020501068458141
2018,DNK,MLT,0.05980998671741522
2018,CYP,SVK,0.059191098968262496
2018,BRB,MLT,0.0590764024303144
2018,SSD,LVA,0.059062875821549184
2018,LIE,DNK,0.05858113884938073
2018,BFA,GRC,0.05792124238516051
2018,ROU,LVA,0.057854859195972275
2018,GMB,NLD,0.057835472873225394
2018,DJI,DNK,0.05779782299629658
2018,UZB,LVA,0.05761404082942482
2018,LIE,SVN,0.05757935507169846
2018,GEO,LTU,0.057478129360867936
2018,VEN,LVA,0.05708411718772138
2018,GMB,CYP,0.05678561484993042
2018,BOL,GRC,0.05641084966450892
2018,SYC,CZE,0.05608752883114985
2018,GMB,ROU,0.05597757254826328
2018,ASM,LUX,0.054685686883866436
2018,BHS,HRV,0.05463706011545735
2018,MUS,MLT,0.054629212123766924
2018,BRN,AUT,0.054441484016071774
2018,CRI,BGR,0.05441107382008922
2018,AUT,LVA,0.05417335667382579
2018,PRI,SVN,0.053960050772465594
2018,XKV,GRC,0.053756699900592154
2018,VEN,EST,0.05336466599260309
2018,GTM,MLT,0.05319722705526153
2018,PNG,HRV,0.05303343870081824
2018,CPV,GRC,0.05294705268759753
2018,PRY,SVK,0.052678352618276074
2018,AFG,AUT,0.05266668300389367
2018,LTU,FIN,0.052011926005642445
2018,MCO,LVA,0.05182616438609293
2018,SMR,DEU,0.051700497226136725
2018,MDG,LTU,0.0514800284819567
2018,BRN,SVK,0.05138453498103759
2018,LAO,LVA,0.05134846550430557
2018,URY,PRT,0.05124266286805008
2018,DJI,SVK,0.051188555224476975
2018,ALB,ESP,0.05105513021671765
2018,OMN,LTU,0.04968972403794239
2018,LKA,LVA,0.04935389119732711
2018,AFG,DNK,0.04923186774214028
2018,MDG,SVN,0.048761829520639705
2018,BOL,HRV,0.04843367047681744
2018,SWZ,LVA,0.047771991555335964
2018,VCT,LVA,0.047700470491521894
2018,PNG,NLD,0.04753008818867517
2018,GMB,EST,0.047418303607580335
2018,MDG,MLT,0.04730390828254905
2018,ABW,PRT,0.04672195886587882
2018,CYP,HUN,0.04653144442826197
2018,XKV,IRL,0.046310584178241104
2018,PNG,ROU,0.044910757569743914
2018,OMN,PRT,0.044671585605238255
2018,GMB,SWE,0.04405770000438859
2018,PNG,CYP,0.04351017639493577
2018,DJI,MLT,0.0431746667132674
2018,MHL,LVA,0.04296539460001447
2018,AFG,SVK,0.0421912044400538
2018,CRI,SVK,0.04218002181457851
2018,ALB,ITA,0.0417710129496995
2018,MHL,MLT,0.041617089120877505
2018,CPV,DNK,0.04111300103508131
2018,SYR,DEU,0.0410549438393286
2018,ALB,FRA,0.04096108607035189
2018,YEM,LVA,0.04082606666994456
2018,BFA,LVA,0.03989640246418396
2018,BRN,DNK,0.03946986415948809
2018,BHS,SVK,0.039389727348973384
2018,GEO,EST,0.0391513977133051
2018,BGR,SVK,0.038709975184424476
2018,LTU,SVK,0.038413094541912614
2018,BRN,SWE,0.037960072921204624
2018,BEN,DEU,0.037715978387246094
2018,OMN,BGR,0.037531205429669
2018,LIE,PRT,0.037485521560406146
2018,MDG,PRT,0.03699678124640779
2018,BIH,MLT,0.03696164276317682
2018,MMR,LUX,0.03653336831584371
2018,SYC,LVA,0.03651349333524436
2018,AFG,MLT,0.03635103494944506
2018,IOT,DEU,0.03634751781643602
2018,GMB,AUT,0.036335910132923095
2018,DJI,BGR,0.03593259045967394
2018,CAN,LTU,0.0353890222342115
2018,LIE,LTU,0.03538453414763893
2018,DJI,NLD,0.03467031092408146
2018,CPV,LVA,0.03465060302213646
2018,PLW,DEU,0.034605832477460574
2018,KAZ,LUX,0.03409498946643707
2018,GEO,SVK,0.03382773782684951
2018,CRI,HUN,0.03315865688015542
2018,BFA,MLT,0.03225671380262707
2018,OMN,HUN,0.03191797885108137
2018,DJI,EST,0.031026777027630775
2018,GEO,CYP,0.03101972219295359
2018,BHS,HUN,0.030965144103273855
2018,DJI,SVN,0.03065001221914274
2018,DJI,CYP,0.030639289174051825
2018,LTU,AUT,0.030189017056469775
2018,BRN,MLT,0.03018210751053086
2018,FRO,NLD,0.02957936511191616
2018,MDG,GRC,0.029191108475340982
2018,MCO,MLT,0.029166568187280976
2018,CYP,EST,0.02900196044202162
2018,CYP,HRV,0.028269339279019853
2018,DJI,HRV,0.02809340505801687
2018,BOL,MLT,0.02801997934796459
2018,DOM,SVK,0.027845346256644084
2018,FRO,ITA,0.027619169781883727
2018,AFG,BGR,0.027370507771854558
2018,GEO,GRC,0.026684497511629025
2018,ABW,EST,0.026193771588673417
2018,OMN,DNK,0.025797018915319672
2018,CYP,MLT,0.025183986878521785
2018,LIE,HRV,0.024822794036866828
2018,BGR,LVA,0.024595287036892646
2018,PRY,FIN,0.024457845112866822
2018,OMN,GRC,0.023858975902094234
2018,IOT,IRL,0.023706320726787477
2018,FRO,BEL,0.022752275802897248
2018,AFG,SVN,0.022733410947861882
2018,PNG,EST,0.02267903758330328
2018,GEO,MLT,0.02241527924779517
2018,BRN,BGR,0.022316937937724306
2018,FRO,AUT,0.02190497631924311
2018,SMR,IRL,0.021832147975102422
2018,XKV,CZE,0.021703793787328635
2018,URY,LVA,0.02160403651920466
2018,BRN,FIN,0.02140052073216377
2018,BHS,BEL,0.021389169235850318
2018,OMN,LVA,0.021372227756029233
2018,IOT,FRA,0.021057886747544895
2018,FRO,HUN,0.020725692166666827
2018,AFG,HRV,0.020589725019139297
2018,BOL,SVN,0.020423012789298343
2018,FRO,ROU,0.020319013460947825
2018,TLS,LUX,0.020142469810133377
2018,CRI,GRC,0.020019375916127794
2018,SMR,FRA,0.019939300251415475
2018,BRN,HRV,0.019912137818331666
2018,WLF,ESP,0.019864236951343806
2018,MDG,LVA,0.0198245059665082
2018,ABW,LVA,0.019698096255972998
2018,GMB,ITA,0.01927353006168152
2018,BRN,SVN,0.01872540361864665
2018,OMN,IRL,0.01831963429403601
2018,DJI,LTU,0.017999905536100647
2018,UZB,MLT,0.01745765525115839
2018,ALB,POL,0.017348357691293902
2018,BHS,LTU,0.016710096745605075
2018,JOR,LUX,0.01664658279358299
2018,ALB,SWE,0.01628048321585481
2018,GMB,FIN,0.016226635432877577
2018,WLF,SWE,0.016170787772610135
2018,FRO,FIN,0.015734582528125148
2018,SMR,POL,0.015636660754403942
2018,BOL,EST,0.015570114994341792
2018,FRO,SWE,0.015281736679001064
2018,DJI,GRC,0.014950196791349499
2018,XKV,ESP,0.014706091969143026
2018,DJI,SWE,0.014611085566709285
2018,LKA,SVK,0.014506577039967435
2018,IOT,ESP,0.014353791840363853
2018,PLW,FRA,0.014276986486373076
2018,GEO,LVA,0.014087733019804967
2018,OMN,SVN,0.013952450248215011
2018,DJI,PRT,0.01379508950821615
2018,BOL,LTU,0.013679386180341905
2018,PNG,GRC,0.013670926373990654
2018,XKV,SWE,0.013112702587107934
2018,LTU,HRV,0.013073768591786506
2018,VNM,LVA,0.012766985683850204
2018,GIB,LUX,0.01250802279107561
2018,ALB,BEL,0.012495326459801115
2018,PRY,PRT,0.012046900037651222
2018,VCT,BEL,0.011818944231006937
2018,AFG,GRC,0.011788278792875244
2018,AFG,LTU,0.011703577552032255
2018,IOT,POL,0.011656440756459404
2018,BEN,AUT,0.011359111346587722
2018,GMB,CZE,0.011302572843487324
2018,PNG,HUN,0.01101699427496068
2018,GEO,BGR,0.010710400091271634
2018,UGA,LUX,0.01058103106561295
2018,PNG,ITA,0.010572559620020851
2018,ATG,DEU,0.01041316757843666
2018,FRO,SVK,0.010187127428093948
2018,PLW,IRL,0.010132670192183372
2018,AFG,PRT,0.009975138407938653
2018,PNG,PRT,0.009972439267510205
2018,ZMB,LUX,0.009816014530000092
2018,BHS,SWE,0.009763321341546151
2018,LIE,LVA,0.009690378950798488
2018,DOM,MLT,0.009545095175914361
2018,BRN,LTU,0.009502604162710026
2018,GMB,SVK,0.00950082051616298
2018,ALB,DNK,0.009226570351070038
2018,BRN,GRC,0.009217354290587147
2018,ALB,FIN,0.00916969026119502
2018,DJI,CZE,0.009099986950284366
2018,XKV,AUT,0.009065494656129875
2018,BHR,LUX,0.009057859837259055
2018,WLF,FIN,0.009019802593199578
2018,IMN,MLT,0.00891759375310824
2018,PLW,POL,0.00891256281340755
2018,SYR,POL,0.008839766533009795
2018,FRO,CZE,0.008744245706166793
2018,ALB,CZE,0.00874112678534968
2018,GEO,LUX,0.008680152870278658
2018,FRO,DNK,0.00855988032210496
2018,IOT,BEL,0.008532359116226943
2018,CAN,CYP,0.008475512294866283
2018,PNG,LTU,0.008349402125958647
2018,BEN,CZE,0.008334655633555753
2018,BRN,CYP,0.00799687054411284
2018,GMB,HRV,0.007993207426214946
2018,NRU,DEU,0.007895347910707787
2018,SYR,FRA,0.007873561473601366
2018,CYP,LTU,0.007849542439497332
2018,SMR,ESP,0.007829440439151594
2018,FRO,PRT,0.007815166753282466
2018,GMB,LTU,0.007685852322570248
2018,BRN,PRT,0.007578206042146297
2018,ABW,CYP,0.00755583348440003
2018,WLF,SVK,0.007475335109711836
2018,XKV,DNK,0.007395389291946919
2018,XKV,FIN,0.007392469033254841
2018,PRI,HRV,0.00734657327463253
2018,FRO,IRL,0.007320754789308912
2018,SMR,ITA,0.007146945116013274
2018,ALB,AUT,0.007103352131853213
2018,ALB,IRL,0.0070992634731268794
2018,GMB,HUN,0.00706774126871519
2018,LTU,MLT,0.0070564768073693275
2018,BOL,PRT,0.007035332993942576
2018,VIR,CYP,0.007004340938549674
2018,FLK,DEU,0.006854834396940833
2018,SMR,ROU,0.006586648579749124
2018,FRO,MLT,0.006393390745066671
2018,FRO,LTU,0.0062620697682830035
2018,GEO,HRV,0.00606039929720286
2018,LTU,ITA,0.005945262429971426
2018,BEN,ROU,0.005917994786692138
2018,REU,ESP,0.005812891771610273
2018,SYR,ESP,0.005747427215483836
2018,XKV,SVK,0.005744200590684695
2018,WLF,AUT,0.005723975380362574
2018,WLF,IRL,0.005629296700524935
2018,DJI,LVA,0.0055690634390161186
2018,FRO,BGR,0.005535841835866219
2018,LBR,LUX,0.005407123654708683
2018,SYR,ITA,0.0053915726036931995
2018,GMB,BGR,0.005371394745027143
2018,LTU,ROU,0.00531664629863028
2018,PLW,ESP,0.005270696240136425
2018,GMB,PRT,0.0052396584107281706
2018,GNQ,LUX,0.005123120779027981
2018,FRO,SVN,0.0051048026872149875
2018,GIN,LUX,0.004928174586970662
2018,FRO,GRC,0.004878259720919489
2018,VCT,SWE,0.0048778450815952935
2018,BRN,EST,0.004841999194694977
2018,IOT,ITA,0.004782881042743638
2018,IOT,ROU,0.004676945321098902
2018,GMB,SVN,0.004642246894881438
2018,ATG,IRL,0.0046190412013252125
2018,ALB,PRT,0.004616804427725621
2018,PNG,BGR,0.0045895233678774705
2018,PLW,ITA,0.0043725666336636715
2018,BEN,ITA,0.00437086912445808
2018,SMR,AUT,0.004353435053094621
2018,URY,CYP,0.004181645360482619
2018,NRU,IRL,0.004170229596407384
2018,PLW,ROU,0.004146049538522515
2018,FRO,HRV,0.004129678008865287
2018,SYR,ROU,0.004114649950128376
2018,LKA,LUX,0.003991857270363919
2018,AFG,LVA,0.003915832226294176
2018,WLF,CYP,0.003904328125248673
2018,SMR,BEL,0.003867749809228376
2018,SMR,HUN,0.0037738552619552878
2018,ALB,GRC,0.0037401032131484982
2018,MHL,LUX,0.0036901822130669146
2018,LAO,MLT,0.003685962969011208
2018,AFG,EST,0.0035972891396093827
2018,BRN,LVA,0.0035829963085802314
2018,NRU,FRA,0.0034453123283354845
2018,VEN,CYP,0.0034057833414011486
2018,SYR,HUN,0.0034025181341372133
2018,DJI,FIN,0.0033108949487897074
2018,FRO,EST,0.0033059916512189844
2018,PRY,LUX,0.003291214165244747
2018,XKV,ROU,0.0031117314668132347
2018,GMB,GRC,0.003061098525327147
2018,PNG,LVA,0.0030592293368315138
2018,AFG,SWE,0.002990422315788486
2018,BOL,LVA,0.0029661142184839104
2018,SSD,LUX,0.002939887807267751
2018,PLW,BEL,0.0029081430452498796
2018,ATG,FRA,0.002869872183653535
2018,XKV,CYP,0.002808531325443415
2018,GMB,DNK,0.002800866653460447
2018,FRO,CYP,0.002787166090302487
2018,BEN,POL,0.0027455822384837374
2018,BEN,BGR,0.002740145897615311
2018,FLK,IRL,0.0026892512226257955
2018,ALB,BGR,0.002679672704167447
2018,IOT,AUT,0.0026491028522840124
2018,YEM,LUX,0.0026429347214914282
2018,IOT,HUN,0.0026113135623840197
2018,PLW,HUN,0.002589650203461631
2018,SMR,CYP,0.00251887763721269
2018,GMB,LVA,0.002438679445403048
2018,LIE,BGR,0.0023880440458112734
2018,SMR,DNK,0.002366587522184176
2018,SMR,EST,0.0023359006281859166
2018,AFG,BEL,0.002295159338517807
2018,DJI,BEL,0.002293714271498788
2018,SYR,AUT,0.0022195401105509632
2018,LVA,SVK,0.00220868923667948
2018,BEN,CYP,0.002198360322728745
2018,BEN,EST,0.0021952453619290685
2018,NRU,POL,0.002170452923234045
2018,SOM,GRC,0.0021609786320433634
2018,BEN,SVK,0.0021241891699970146
2018,SMR,SVK,0.0020881242934549828
2018,LTU,DNK,0.0020846801793453287
2018,SYR,DNK,0.0020542557924712167
2018,IOT,CYP,0.0020018234123568516
2018,DOM,LUX,0.001995772785230144
2018,PLW,AUT,0.0019662357605328504
2018,ATG,POL,0.00191493152460372
2018,IOT,NLD,0.001872043313355179
2018,WSM,LUX,0.001827034183196114
2018,WLF,ITA,0.0018234366831552053
2018,WLF,ROU,0.0018222680763731534
2018,FLK,FRA,0.0018093418649948812
2018,SYR,SVK,0.0018088963566270362
2018,ALB,SVK,0.0018069295385514255
2018,STP,GRC,0.0018060256880696771
2018,IOT,EST,0.0017872360116585378
2018,PAN,LUX,0.001773075853268236
2018,FRO,LVA,0.0017621867903696259
2018,LTU,PRT,0.0017180020925237616
2018,SMR,MLT,0.0016863594779781403
2018,PLW,NLD,0.0016854596070502025
2018,AFG,FIN,0.0016843017508989932
2018,BEN,HUN,0.0016698725322168728
2018,UZB,LUX,0.001643993478385021
2018,IOT,SVK,0.001610356819534738
2018,AFG,CZE,0.0016055826020317345
2018,PLW,DNK,0.0016035176339094593
2018,GTM,LUX,0.0015953508554057434
2018,WLF,HRV,0.0015945159591263
2018,IOT,DNK,0.001593587433406362
2018,XKV,EST,0.0015884885488704086
2018,SYR,MLT,0.0015708635056853248
2018,LAO,LUX,0.0015416407605367978
2018,BHS,PRT,0.001492903252989658
2018,PYF,LUX,0.0014793916623468879
2018,IOT,SWE,0.001476896092571156
2018,SMR,NLD,0.0014613412302322995
2018,PLW,SVK,0.001444277548832836
2018,BEN,FRA,0.0014429323924801515
2018,XKV,LVA,0.00141607458127863
2018,ALB,LTU,0.0014086023469783882
2018,ATG,ESP,0.0014062314606266757
2018,SMR,BGR,0.001403422953372677
2018,WLF,EST,0.0013815501127608758
2018,ALB,HRV,0.0013806935436968797
2018,AFG,IRL,0.0013040028133210425
2018,FLK,POL,0.00127219439508848
2018,ALB,LUX,0.0012613113816172888
2018,NRU,ESP,0.0012562358262207616
2018,PLW,CYP,0.001251331721482472
2018,LTU,CZE,0.0012355381716846604
2018,ABW,BEL,0.001233430712866822
2018,LTU,HUN,0.0012328516941610282
2018,LTU,BGR,0.0012128290147222032
2018,SMR,SVN,0.001201648093883374
2018,ATG,ITA,0.0011845396128615196
2018,SYR,BGR,0.0011615114468989192
2018,PLW,EST,0.0011609188462807858
2018,PLW,MLT,0.0011456718441554164
2018,IOT,MLT,0.001135715897212005
2018,SMR,HRV,0.0011268028020382293
2018,LIE,MLT,0.0011137358816632622
2018,NRU,ROU,0.0010632515996450375
2018,WLF,HUN,0.0010605882306173355
2018,ALB,CYP,0.0010567715893328297
2018,NRU,ITA,0.0010559236185341799
2018,ATG,ROU,0.0010487369143562092
2018,XKV,HRV,0.0010456798470721538
2018,SMR,SWE,0.0010430294176475888
2018,PNG,LUX,0.001039258845529175
2018,IOT,BGR,0.001015946346180194
2018,BEN,HRV,0.0010145009196680555
2018,ALB,SVN,0.0009838668378862193
2018,FLK,ESP,0.0009825865926018239
2018,SYR,SVN,0.0009745857927083692
2018,SMR,GRC,0.0009650729237540331
2018,IOT,HRV,0.0009645226300017025
2018,PRY,LVA,0.0009633938436079327
2018,PLW,BGR,0.0009584137034360128
2018,PLW,SWE,0.000957093145867407
2018,SYR,HRV,0.0008787993107592711
2018,SMR,LTU,0.0008585186719294207
2018,IOT,SVN,0.0008575810112359862
2018,ATG,BEL,0.0008446174295625857
2018,PLW,HRV,0.0008068448534879352
2018,WLF,NLD,0.0008064663788361849
2018,VUT,LUX,0.0008055334215940531
2018,PLW,SVN,0.0007991820730652747
2018,LTU,SVN,0.0007907732579948493
2018,ROU,LTU,0.0007808703755228957
2018,FLK,ITA,0.0007786369266091583
2018,MLT,LUX,0.0007743453458792064
2018,BFA,LUX,0.0007565910932682371
2018,NRU,BEL,0.0007360442638040103
2018,SMR,PRT,0.0006930252293445152
2018,FLK,ROU,0.0006828750732689736
2018,ATG,HUN,0.0006787162120321357
2018,WLF,DNK,0.0006496753023218502
2018,FRO,LUX,0.0006470106288246574
2018,KWT,LUX,0.0006394095766526432
2018,IOT,LTU,0.0006292729857686393
2018,CPV,LUX,0.0005983330540240799
2018,NRU,HUN,0.0005762054179983444
2018,PLW,LTU,0.0005411565140861551
2018,IOT,FIN,0.0005181582376742499
2018,ABW,SWE,0.0005018581047595009
2018,IOT,PRT,0.0004960022153222512
2018,SYR,LTU,0.0004945742799095902
2018,ATG,AUT,0.0004938819317278585
2018,NRU,NLD,0.0004938616501766128
2018,NRU,AUT,0.0004835940539519821
2018,SYR,GRC,0.000479728112723853
2018,SMR,CZE,0.0004790673217756317
2018,ATG,DNK,0.00046404858552762687
2018,WLF,MLT,0.00046361499725395395
2018,FLK,HUN,0.0004592617089351549
2018,IOT,GRC,0.0004538021543184984
2018,NRU,CYP,0.0004490609033045425
2018,IOT,CZE,0.0004346901323143223
2018,PLW,PRT,0.0004317885809180342
2018,PLW,GRC,0.0004313662762812488
2018,JEY,LUX,0.0004281069463682005
2018,AFG,CYP,0.0004236916962519202
2018,BHS,FIN,0.0004091587910677296
2018,NRU,EST,0.00040652265215730503
2018,WLF,BGR,0.00040060554210166196
2018,SYR,PRT,0.0003944167022139888
2018,SMR,FIN,0.0003900043589209943
2018,HTI,DEU,0.0003854613767445359
2018,FLK,BEL,0.0003753703268327081
2018,ALB,LVA,0.00036920709468092296
2018,BEN,LTU,0.0003628591828948035
2018,NRU,DNK,0.0003583958172345293
2018,ATG,SVK,0.0003581314538933622
2018,MMR,MLT,0.00034816146170378045
2018,WLF,SVN,0.00033593157529380053
2018,PRI,CYP,0.00033379760223017484
2018,FLK,AUT,0.0003294523158257515
2018,MUS,LUX,0.00032934471200425213
2018,PLW,FIN,0.0003290538028757283
2018,REU,DEU,0.00032874771789890406
2018,NRU,SVK,0.0003198826277477656
2018,FLK,DNK,0.0003094184091241755
2018,BEN,BEL,0.0003087140866870833
2018,ATG,MLT,0.0003058896434681763
2018,PLW,CZE,0.00030414031185619706
2018,XKV,BGR,0.0002966424523910693
2018,NRU,SWE,0.00028366478840469416
2018,PRI,EST,0.000279331163671954
2018,ATG,NLD,0.00027451448789743535
2018,ATG,CYP,0.0002679185986081489
2018,ATG,EST,0.0002627850280671331
2018,SYC,LUX,0.00025809238920830406
2018,IOT,LVA,0.000257742135252311
2018,NRU,MLT,0.0002486166192003243
2018,ATG,BGR,0.00024853439135414415
2018,SMR,LVA,0.00024651113003865767
2018,WLF,LTU,0.00024295534150893904
2018,FLK,SVK,0.00024180551478875632
2018,WLF,LVA,0.00023628923934338738
2018,CRI,FIN,0.0002356355409146614
2018,AFG,LUX,0.0002316794687686611
2018,ATG,SVN,0.00022245147247666107
2018,NRU,BGR,0.00022200193756773609
2018,ATG,HRV,0.00021417500165569995
2018,FLK,MLT,0.00020780656651758642
2018,ATG,CZE,0.00019734304674880402
2018,NRU,HRV,0.00019511999378308339
2018,BEN,SWE,0.00019267115436980147
2018,WLF,PRT,0.00019230554087591703
2018,NRU,SVN,0.00018608626599848669
2018,WLF,GRC,0.0001835811500122195
2018,BOL,CYP,0.00017696590385702746
2018,HTI,FRA,0.00017674547373351294
2018,PLW,LVA,0.00017278248954130798
2018,FLK,BGR,0.00016630271880507935
2018,SYR,LVA,0.00016628708114480414
2018,IRN,MLT,0.00016155826804303364
2018,FLK,NLD,0.00015736693639013547
2018,SYR,EST,0.00015545225154302812
2018,FLK,EST,0.00015141131437941872
2018,FLK,CYP,0.00015084365343893437
2018,REU,AUT,0.00015037613572671136
2018,FLK,SVN,0.000145992845409747
2018,NRU,LTU,0.00014385011002504027
2018,BEN,GRC,0.00013780226578628054
2018,FLK,HRV,0.00013774541562826847
2018,ATG,SWE,0.00013623484728340844
2018,ATG,LTU,0.00013313944122390014
2018,MDG,LUX,0.000129961588359768
2018,WLF,CZE,0.0001265724216039303
2018,NRU,PRT,0.00011863567140238072
2018,FLK,CZE,0.00011542250996137533
2018,ATG,GRC,0.00011427444229787893
2018,ATG,PRT,0.00010565895068919798
2018,NRU,GRC,0.00010453542940493297
2018,PRI,POL,0.00010283951988525707
2018,NRU,FIN,9.90726671499074e-05
2018,NRU,CZE,9.712634550208825e-05
2018,BEN,SVN,9.41165068655241e-05
2018,FLK,LTU,8.60824214947349e-05
2018,IMN,LUX,8.145211788945512e-05
2018,FLK,GRC,7.530451879391947e-05
2018,GMB,LUX,7.459745759876937e-05
2018,FLK,SWE,7.392345498742377e-05
2018,REU,CZE,7.064988712774e-05
2018,FLK,PRT,6.714338140352994e-05
2018,HTI,IRL,6.114218180888136e-05
2018,REU,ROU,6.003185261193536e-05
2018,ATG,LVA,5.251636545257381e-05
2018,BHS,MLT,4.9637596680361674e-05
2018,NRU,LVA,4.7443100105221516e-05
2018,BEN,PRT,4.720299824929454e-05
2018,REU,POL,4.196519083811511e-05
2018,GRD,DEU,3.98000824096382e-05
2018,REU,ITA,3.8190241206072624e-05
2018,PRI,LTU,3.6997858988944656e-05
2018,XKV,LTU,3.3961211287767077e-05
2018,REU,CYP,3.360110987795427e-05
2018,REU,EST,3.2112789595715045e-05
2018,FLK,LVA,3.12744025712482e-05
2018,HTI,CZE,2.865473043008624e-05
2018,ATG,FIN,2.7537982123915625e-05
2018,LIE,HUN,2.3309031819177433e-05
2018,REU,BGR,2.322723420037346e-05
2018,REU,FRA,2.2054678373199712e-05
2018,DJI,LUX,2.0323178467477838e-05
2018,VCT,FIN,1.8321025962641633e-05
2018,GRD,FRA,1.8249518225496445e-05
2018,REU,SVK,1.800598989285799e-05
2018,FLK,FIN,1.5076304060566011e-05
2018,TON,DEU,1.4731279651327696e-05
2018,REU,HUN,1.4154910665278863e-05
2018,SYR,CYP,9.921109386535498e-06
2018,HTI,DNK,9.763863804769744e-06
2018,MCO,LUX,9.30715602357145e-06
2018,REU,HRV,8.599560511771097e-06
2018,MAF,DEU,7.94490589802736e-06
2018,HTI,AUT,6.5891591642970765e-06
2018,GRD,IRL,6.31311986495429e-06
2018,REU,LTU,4.869713803895577e-06
2018,REU,BEL,4.71857858804943e-06
2018,SOM,CYP,4.3836575934208965e-06
2018,HTI,ROU,4.108306005209312e-06
2018,SOM,EST,4.106323666767161e-06
2018,STP,CYP,3.66361707794109e-06
2018,STP,EST,3.4318368149237426e-06
2018,BDI,GRC,3.217650213773728e-06
2018,TON,POL,3.171873121050756e-06
2018,GRD,CZE,2.958689771139481e-06
2018,REU,SWE,2.9449060562812987e-06
2018,MAF,ESP,2.9193628038526782e-06
2018,TON,FRA,2.825180723020043e-06
2018,MAF,FRA,2.267946193363217e-06
2018,TON,ESP,2.0622840922227142e-06
2018,TON,ITA,1.9345968197222752e-06
2018,MAF,POL,1.892459658880042e-06
2018,MAF,NLD,1.8394707300375736e-06
2018,REU,GRC,1.6579477079830402e-06
2018,IOT,LUX,1.619508668269621e-06
2018,PLW,LUX,1.555353162621916e-06
2018,TON,ROU,1.4764131530634253e-06
2018,HTI,GRC,1.2432779260203032e-06
2018,TON,HUN,1.220886974023185e-06
2018,HTI,POL,1.1975800944161238e-06
2018,MAF,BEL,1.1052935010004505e-06
2018,GRD,DNK,1.00814921419187e-06
2018,MAF,FIN,9.935731253103445e-07
2018,MAF,SWE,9.458778555350563e-07
2018,WLF,LUX,8.377620961826773e-07
2018,REU,SVN,7.977918799831418e-07
2018,TON,AUT,7.964123929587076e-07
2018,MAF,AUT,7.937982645417903e-07
2018,TON,DNK,7.371052965675717e-07
2018,REU,PRT,7.214800569065986e-07
2018,GRD,AUT,6.803511157566699e-07
2018,NRU,LUX,6.635637486226351e-07
2018,TON,SVK,6.490657542737593e-07
2018,TON,MLT,5.636551273064395e-07
2018,MAF,CZE,5.261892592414347e-07
2018,GMB,MLT,5.005148751341297e-07
2018,PSE,GRC,4.945385688989016e-07
2018,MAF,HUN,4.4522864128128404e-07
2018,MAF,ITA,4.423019031462897e-07
2018,GRD,ROU,4.241953343090654e-07
2018,TON,BGR,4.167719729309476e-07
2018,MAF,PRT,4.1222406779586284e-07
2018,HTI,BGR,3.9164625275550357e-07
2018,TON,SVN,3.4969956146535186e-07
2018,TON,HRV,3.1532958502764714e-07
2018,MAF,CYP,3.140590904756335e-07
2018,MAF,ROU,2.845738636024233e-07
2018,ABW,FIN,2.8388305428269014e-07
2018,MAF,LTU,2.6209868739142817e-07
2018,TON,LTU,1.7746247697269638e-07
2018,TON,GRC,1.7213539525948418e-07
2018,HTI,EST,1.6215519724822516e-07
2018,MAF,SVK,1.5674495569588443e-07
2018,MAF,EST,1.557026699622975e-07
2018,TON,PRT,1.415240698466817e-07
2018,GRD,GRC,1.283723010891622e-07
2018,MAF,GRC,1.2678176314179656e-07
2018,GRD,POL,1.2365385827357533e-07
2018,MAF,HRV,1.2109778773829153e-07
2018,MAF,MLT,1.0793706883787398e-07
2018,GNB,GRC,8.16684144407901e-08
2018,MAF,BGR,6.817958601893488e-08
2018,MAF,LVA,6.527723193751715e-08
2018,MAF,SVN,6.216233731756875e-08
2018,TON,LVA,5.966690648351378e-08
2018,TON,EST,5.577916751928826e-08
2018,HTI,LTU,4.4837753439130836e-08
2018,GRD,BGR,4.043869003619001e-08
2018,MAF,LUX,4.022054871211135e-08
2018,MAF,DNK,3.1887622416325084e-08
2018,GRD,EST,1.6743026936023573e-08
2018,SMR,LUX,1.2405625633034495e-08
2018,BDI,CYP,6.527170876856007e-09
2018,BDI,EST,6.114226687981588e-09
2018,GRD,LTU,4.629637078070522e-09
2018,SXM,DEU,3.842327915917897e-09
2018,TON,CYP,3.559879107287174e-09
2018,SXM,FRA,2.61187637385403e-09
2018,SXM,CYP,2.0494035674795285e-09
2018,SXM,ESP,1.6787808389480917e-09
2018,SXM,BEL,1.6532736947897121e-09
2018,SXM,MLT,1.298729315966654e-09
2018,SXM,HRV,1.119197051870713e-09
2018,SXM,ITA,1.0942127097839286e-09
2018,PSE,CYP,1.0031972184487897e-09
2018,SXM,ROU,9.785172684824434e-10
2018,PSE,EST,9.397295278567901e-10
2018,SXM,AUT,5.411588880213688e-10
2018,SXM,SWE,4.841271066763853e-10
2018,SXM,FIN,4.741797600712561e-10
2018,SXM,DNK,3.8368088456025685e-10
2018,SXM,PRT,3.1619457462434e-10
2018,SXM,CZE,2.2739813200929647e-10
2018,SXM,HUN,2.269036916232694e-10
2018,SXM,BGR,2.2321856071711413e-10
2018,GNB,CYP,1.656686279991085e-10
2018,GNB,EST,1.5518753312635068e-10
2018,SXM,SVN,1.4554011023855987e-10
2018,SXM,GRC,1.1354112973664598e-10
2018,SXM,EST,1.0959762933281643e-10
2018,SXM,POL,4.068664732322625e-11
2018,PRI,ROU,3.029425204850392e-14
2018,EST,ROU,1.9637168924251816e-14
2018,PRI,DEU,9.820570082643572e-15
2018,PRI,HUN,9.441002487827407e-15
2018,EST,DEU,6.365834460496252e-15
2018,EST,HUN,6.119793298442043e-15
2018,PRI,ESP,4.7517591043976864e-15
2018,PRI,ITA,3.887675738777285e-15
2018,PRI,FRA,3.812294921874066e-15
2018,EST,ESP,3.0801584429616917e-15
2018,EST,ITA,2.520047205088703e-15
2018,EST,FRA,2.471184277797857e-15
2018,MNE,ROU,1.75623719778741e-15
2018,PRI,SWE,1.5152431110556747e-15
2018,PRI,BEL,1.162954261711772e-15
2018,EST,POL,1.0466272475956033e-15
2018,EST,SWE,9.822023295200843e-16
2018,PRI,DNK,8.587274086259583e-16
2018,PRI,FIN,8.53433513893435e-16
2018,PRI,CZE,8.13546623202603e-16
2018,EST,BEL,7.538436417525097e-16
2018,XKV,HUN,6.874393706050994e-16
2018,PRI,AUT,6.611170713109629e-16
2018,PRI,IRL,6.607365351876554e-16
2018,CYM,LUX,5.730437505998624e-16
2018,MNE,DEU,5.693241891234801e-16
2018,EST,DNK,5.566394296869837e-16
2018,EST,FIN,5.53207851149797e-16
2018,MNE,HUN,5.473196607389027e-16
2018,EST,CZE,5.273525961956574e-16
2018,PRI,PRT,4.2969124512163797e-16
2018,EST,AUT,4.2854557317519743e-16
2018,EST,IRL,4.28298904199076e-16
2018,PRI,GRC,3.480956648044367e-16
2018,BMU,LUX,3.1380720394008257e-16
2018,VIR,SWE,2.969666000321499e-16
2018,XKV,ITA,2.8307813353799733e-16
2018,EST,PRT,2.785320314961334e-16
2018,MNE,ESP,2.7547193047402974e-16
2018,PRI,BGR,2.4940018984936897e-16
2018,VIR,BEL,2.2792287955220043e-16
2018,EST,GRC,2.2564060537358726e-16
2018,MNE,ITA,2.253787528553128e-16
2018,MNE,FRA,2.2100872931312163e-16
2018,PRI,SVK,1.6817298965590317e-16
2018,VIR,FIN,1.672611128374315e-16
2018,EST,BGR,1.616647821498004e-16
2018,PRI,LUX,1.1739168650906435e-16
2018,EST,SVK,1.0901214531000494e-16
2018,MNE,POL,9.360441474713675e-17
2018,MNE,SWE,8.78426148652353e-17
2018,EST,LTU,8.498104682926563e-17
2018,EST,HRV,8.32973073951363e-17
2018,EST,LUX,7.609497585846993e-17
2018,MNE,BEL,6.741950685805011e-17
2018,EST,CYP,6.375508042676045e-17
2018,EST,SVN,5.935673329206309e-17
2018,BHS,LUX,5.2550929479875893e-17
2018,BRB,LUX,5.239398717357602e-17
2018,CUW,LUX,5.061196464166161e-17
2018,GGY,LUX,5.047650527006774e-17
2018,MNE,DNK,4.978267875284863e-17
2018,MNE,FIN,4.9475777798979806e-17
2018,MNE,CZE,4.7163430195112207e-17
2018,IRN,LUX,3.8928889773050167e-17
2018,MNE,AUT,3.832668952742554e-17
2018,MNE,IRL,3.830462885090563e-17
2018,PRI,LVA,3.4362524708316844e-17
2018,XKV,PRT,3.1287639155035916e-17
2018,MNE,PRT,2.4910327775644043e-17
2018,VIR,LUX,2.3007139752213613e-17
2018,EST,LVA,2.2274281645264083e-17
2018,MNE,GRC,2.0180018108361927e-17
2018,LIE,LUX,1.9296948555087956e-17
2018,BHS,LVA,1.5382542549619297e-17
2018,MNE,BGR,1.445838272710663e-17
2018,MNE,SVK,9.749429021186229e-18
2018,XKV,LUX,8.547785808987027e-18
2018,MNE,LTU,7.600223643447448e-18
2018,MNE,HRV,7.449639522232931e-18
2018,VCT,LUX,7.355214836481053e-18
2018,MNE,LUX,6.805503771082503e-18
2018,XKV,SVN,6.667570845220931e-18
2018,MNE,CYP,5.701893395392828e-18
2018,MNE,SVN,5.308530132259853e-18
2018,ABW,LUX,2.7247716540715186e-18
2018,MNE,LVA,1.9920856275312904e-18
2018,HTI,HUN,2.832463633954114e-19
2018,MTQ,ROU,2.317483980673831e-19
2018,HTI,ESP,1.425609714420707e-19
2018,HTI,ITA,1.166369796522149e-19
2018,REU,DNK,1.0478006749147505e-19
2018,REU,FIN,1.0413411786672262e-19
2018,REU,IRL,8.062164786590825e-20
2018,MTQ,DEU,7.512650852436252e-20
2018,MTQ,HUN,7.222284937753502e-20
2018,GRD,HUN,6.079857135046044e-20
2018,HTI,SWE,4.545990761254795e-20
2018,MTQ,ESP,3.63505446077072e-20
2018,HTI,BEL,3.489063432085358e-20
2018,GRD,ESP,3.0600581381205133e-20
2018,MTQ,ITA,2.9740381879194145e-20
2018,MTQ,FRA,2.916372517433932e-20
2018,HTI,FIN,2.560447786363319e-20
2018,GRD,ITA,2.503602039044668e-20
2018,REU,LUX,1.4323880560700224e-20
2018,HTI,PRT,1.2891478709011355e-20
2018,MTQ,POL,1.2351790064014886e-20
2018,MTQ,SWE,1.1591478248334317e-20
2018,GRD,SWE,9.757927351421776e-21
2018,MTQ,BEL,8.896499136067936e-21
2018,GRD,BEL,7.489242561811493e-21
2018,MTQ,DNK,6.5691901225021005e-21
2018,MTQ,FIN,6.528692287406672e-21
2018,MTQ,CZE,6.223561036544658e-21
2018,GRD,FIN,5.4959776204089e-21
2018,MTQ,AUT,5.0574881982894825e-21
2018,MTQ,IRL,5.054577129983782e-21
2018,HTI,SVK,5.045479842080889e-21
2018,REU,LVA,4.192841199602627e-21
2018,ATG,LUX,3.9123354732940415e-21
2018,HTI,HRV,3.85530331658562e-21
2018,HTI,LUX,3.521953133623039e-21
2018,MTQ,PRT,3.287100720000665e-21
2018,HTI,CYP,2.950817747955493e-21
2018,TON,SWE,2.9201310570898902e-21
2018,GRD,PRT,2.767144046289513e-21
2018,HTI,SVN,2.7472461941301687e-21
2018,MTQ,GRC,2.662901614585757e-21
2018,FLK,LUX,2.4745171559895593e-21
2018,TON,BEL,2.2412105574488312e-21
2018,MTQ,BGR,1.907889799779587e-21
2018,TON,FIN,1.6447114597639026e-21
2018,TON,CZE,1.5678426408745696e-21
2018,MTQ,SVK,1.2865087703290193e-21
2018,TON,IRL,1.273351624486974e-21
2018,GRD,SVK,1.0830076068720123e-21
2018,HTI,LVA,1.030935027637676e-21
2018,MTQ,LTU,1.0029053345082398e-21
2018,MTQ,HRV,9.830346536515683e-22
2018,MTQ,LUX,8.98036210015874e-22
2018,GRD,HRV,8.27537310492774e-22
2018,GRD,LUX,7.55984000361669e-22
2018,MTQ,CYP,7.524067147638414e-22
2018,MTQ,SVN,7.004995428826885e-22
2018,GRD,CYP,6.333903152035435e-22
2018,GRD,SVN,5.896938684361229e-22
2018,MTQ,LVA,2.628703307133333e-22
2018,TON,LUX,2.262337357735617e-22
2018,GRD,LVA,2.2128925534700637e-22
2019,GBR,BEL,70805.56066001022
2019,GBR,FRA,17688.066719947015
2019,GBR,DEU,14111.108129119024
2019,PRT,POL,2809.2421110642113
2019,GBR,ITA,2539.314367891147
2019,GBR,GRC,2045.1181247484674
2019,DNK,DEU,1597.7605577018237
2019,GBR,ESP,1453.2679969294009
2019,SWE,DEU,1396.2178412566614
2019,LUX,BEL,1352.1271026771628
2019,LUX,DEU,1333.9101672016714
2019,SWE,POL,1178.031809698337
2019,GBR,POL,1163.1555392076655
2019,NLD,ESP,1139.8810208070843
2019,NLD,FRA,1039.5017387276025
2019,DNK,SWE,1016.3551235650733
2019,LUX,FRA,1014.1726528998277
2019,NLD,BEL,984.0629962150283
2019,GBR,ROU,938.7321622829086
2019,SWE,ROU,938.2980145445243
2019,SWE,FRA,912.0379869752064
2019,GBR,HRV,872.3432407365856
2019,DNK,NLD,871.4425035411643
2019,PRT,ESP,807.502302306206
2019,SWE,ESP,771.8604514255794
2019,GBR,SWE,742.7623340495309
2019,DNK,ESP,730.2481765539634
2019,CHE,NLD,722.7455451619512
2019,HKG,FRA,706.5115271326725
2019,NLD,ITA,700.5254180296641
2019,NLD,DEU,680.2379992994241
2019,DNK,FRA,671.2665227337193
2019,GBR,LVA,669.5844887976605
2019,SWE,BEL,641.408706010934
2019,CHE,FRA,633.1700458761527
2019,SWE,CYP,630.30468289274
2019,LUX,ESP,607.8014489525638
2019,GBR,IRL,569.5784443564269
2019,SWE,HRV,565.6193277845165
2019,LUX,NLD,547.5713124626965
2019,CHE,ESP,545.9062201983515
2019,SWE,EST,539.5136919592319
2019,NLD,POL,535.4926884863947
2019,GBR,CYP,535.3560082074937
2019,DNK,POL,532.8981323191916
2019,IRL,FRA,505.3756111566945
2019,NLD,ROU,501.79904990001506
2019,CHE,DEU,501.2227637284273
2019,DNK,FIN,485.0457544193787
2019,GBR,SVK,479.8825529282802
2019,IRL,ESP,475.27280549831215
2019,LUX,ITA,472.8729003204237
2019,LUX,PRT,450.5048628983252
2019,IRL,NLD,449.358926799879
2019,GBR,EST,449.13156046794006
2019,HKG,DEU,446.54091217603246
2019,HKG,NLD,443.9950987693958
2019,SWE,ITA,437.4535438978985
2019,ASM,NLD,426.9488032674184
2019,PRT,DEU,393.7881023092773
2019,AUT,NLD,383.0614832610158
2019,SGP,FRA,369.6087555802133
2019,SWE,LVA,361.3685703394819
2019,LUX,POL,338.6990114368816
2019,GBR,CZE,322.75353068074276
2019,MLT,NLD,311.3743549867843
2019,PAN,NLD,307.50489909164014
2019,CHE,POL,301.4583576827004
2019,LUX,ROU,298.23467758270357
2019,DNK,BEL,296.72777112563006
2019,CYM,ESP,290.1615886910837
2019,PRT,FRA,285.7334333944199
2019,NLD,FIN,282.7297208967309
2019,IRL,DEU,274.24215219961826
2019,LUX,CYP,269.2682075917104
2019,GBR,AUT,268.5423073322831
2019,VGB,NLD,265.4570526493214
2019,LUX,FIN,250.0996413903355
2019,CHE,ROU,242.41614484933322
2019,HKG,POL,228.7478689675931
2019,GBR,FIN,226.6399134634553
2019,SWE,SVK,224.87946192034602
2019,CHE,FIN,217.69150645576877
2019,SWE,CZE,214.8809980044134
2019,HKG,ESP,206.28119107950263
2019,ASM,FRA,203.0082349129474
2019,DNK,ITA,200.34286447781358
2019,DNK,AUT,197.3563869313304
2019,GBR,DNK,192.4264322338975
2019,IRL,POL,189.38086776133574
2019,IRL,ROU,187.37118891205793
2019,CYM,NLD,187.29638096659784
2019,TLS,NLD,186.50048693920218
2019,SWE,AUT,183.44525162899316
2019,SGP,DEU,182.99623703369969
2019,BMU,NLD,179.91588417297777
2019,LUX,CZE,176.380016745912
2019,MLT,FRA,174.5431866169245
2019,LUX,SWE,174.17563467246012
2019,ASM,ESP,171.90885455115333
2019,GBR,MLT,171.84332106364573
2019,CHE,SWE,169.1192111053275
2019,GBR,PRT,166.08294041632004
2019,NLD,AUT,165.12273706989996
2019,LUX,AUT,162.20772039545088
2019,MLT,ESP,159.76229965559122
2019,ASM,ROU,159.06757366428235
2019,URY,ESP,159.03054509380524
2019,DNK,CZE,158.79905448263568
2019,GBR,HUN,158.42223041581337
2019,AUT,ROU,157.36848550776241
2019,SGP,ESP,157.07810219872607
2019,GBR,BGR,154.8720245561299
2019,AUT,ESP,151.5812342411128
2019,SWE,FIN,142.76867810626757
2019,SWE,PRT,142.1401528336249
2019,LUX,DNK,137.5481525417209
2019,KAZ,FRA,134.56981122627064
2019,PAN,BEL,134.38450663804753
2019,SWE,BGR,132.87678380493668
2019,DNK,HUN,132.79076385944848
2019,ASM,DEU,127.62328603794218
2019,GBR,LTU,125.3024185675628
2019,CHE,BEL,124.01294304363812
2019,ASM,POL,123.55915794280213
2019,MLT,ROU,123.33527261209433
2019,SWE,DNK,121.37722387670641
2019,PAN,DEU,115.41288471797029
2019,BIH,FRA,115.38035162963517
2019,SWE,HUN,114.14899241461957
2019,HKG,ROU,112.55114922642038
2019,KAZ,DEU,109.78539573075429
2019,DNK,EST,108.91019942847599
2019,BGR,ITA,107.64179311748698
2019,SWE,LTU,105.42632022928717
2019,MLT,POL,105.23785676356123
2019,MLT,DEU,103.39883943834204
2019,SGP,NLD,100.6037645971963
2019,BHR,FRA,100.10572450962815
2019,LUX,GRC,99.90864502604884
2019,IRL,FIN,96.31570711614025
2019,SWE,NLD,92.77192449200686
2019,LBR,NLD,92.14506869965604
2019,PAN,FRA,90.48270912521923
2019,PAN,POL,90.30045666398738
2019,CHE,AUT,89.27455074651985
2019,HKG,CYP,89.00438866399253
2019,DNK,PRT,86.68413711186935
2019,BMU,BEL,85.84535117141435
2019,VGB,DEU,85.04290390207923
2019,HKG,FIN,83.57446322767683
2019,NLD,CYP,83.19339925477848
2019,TLS,FRA,82.7901875767108
2019,JEY,NLD,82.7849603848998
2019,KAZ,NLD,80.8009400748889
2019,PAN,ESP,80.00940295472708
2019,SGP,POL,79.89375932743337
2019,IMN,NLD,79.84754876754786
2019,CHE,PRT,78.12246607830518
2019,MLT,FIN,77.33884906233912
2019,VGB,POL,77.22855304974622
2019,VGB,ESP,77.20474216393573
2019,NLD,HUN,76.13039024017196
2019,KAZ,ESP,74.382904705888
2019,KAZ,ITA,73.66015907786904
2019,TLS,ESP,73.04023394400136
2019,DNK,LTU,73.01104924977253
2019,GBR,SVN,72.98231927440015
2019,CHE,SVK,72.76596308982089
2019,PRT,ITA,70.48746729049837
2019,IRL,BEL,69.71692622923827
2019,IRL,ITA,69.57504893498835
2019,TLS,ROU,69.30712983078686
2019,CAN,ITA,68.13144946022952
2019,HKG,EST,67.9516430307681
2019,NLD,PRT,67.04613539078063
2019,AUT,POL,67.03750924185672
2019,VGB,FRA,66.28775935111118
2019,PAN,ROU,66.17860588362309
2019,LUX,EST,64.85883091420241
2019,CHE,EST,63.4641610681211
2019,VGB,BEL,63.368656000783844
2019,NLD,EST,63.0771648083403
2019,BIH,DEU,62.52799679088558
2019,AUT,BEL,62.30714450108637
2019,HKG,SWE,62.1082496494368
2019,SWE,GRC,61.16697911685912
2019,BMU,DEU,60.988553686838166
2019,ASM,BEL,59.934783728662126
2019,PRT,SVK,59.92697715023924
2019,PAN,CYP,59.906751527827275
2019,NLD,SWE,59.8593883723925
2019,CHE,CYP,59.114736358702906
2019,BHR,DEU,58.38866076736184
2019,IRL,PRT,58.33453167728881
2019,JEY,FIN,57.17146349689572
2019,DNK,SVK,57.06046464036781
2019,BHR,NLD,55.92760537470294
2019,VGB,ROU,55.46138024871716
2019,DNK,CYP,54.38501955116362
2019,BIH,FIN,52.92793144533103
2019,SVK,DEU,52.860701670389524
2019,IRL,SVK,52.61162605726173
2019,CHE,ITA,51.88499409079708
2019,AUT,PRT,51.42461362561111
2019,TLS,POL,51.054630836910796
2019,PAN,EST,50.69699223248311
2019,BGR,ESP,49.98949428969056
2019,NLD,GRC,49.97150797535714
2019,VGB,CYP,49.68921893069687
2019,HUN,POL,49.67174082125278
2019,BMU,POL,49.611345076186865
2019,TLS,DEU,49.36665738088569
2019,PAN,FIN,48.97794343714336
2019,CYM,POL,48.78471922300912
2019,BMU,ESP,48.70763283437577
2019,IRL,AUT,48.625796025461725
2019,MMR,FRA,48.56360518794668
2019,LVA,FIN,48.2921851392825
2019,HKG,AUT,47.90059755418332
2019,ASM,PRT,47.41007536506088
2019,BMU,FRA,47.20399675982031
2019,LBR,FRA,46.87286187593389
2019,CYM,DEU,46.841191638282794
2019,BMU,ROU,46.41722220223901
2019,AUT,SVK,46.381796896739935
2019,TWN,NLD,46.274239404163325
2019,PRT,ROU,46.17278312812008
2019,LUX,SVK,45.60485627530024
2019,SVK,FIN,44.88137687375989
2019,CHE,HUN,44.86521860823962
2019,HKG,BEL,44.0197344725529
2019,MLT,BEL,43.84388755877415
2019,VGB,EST,43.487362858180326
2019,KAZ,POL,43.457638671357
2019,JEY,POL,43.397069974512554
2019,BIH,NLD,43.2727186516402
2019,FIN,NLD,42.652583992417874
2019,ASM,SVK,42.29796050311017
2019,MCO,FRA,42.1027295840123
2019,SWE,SVN,41.74767235878869
2019,PAN,ITA,41.22483191976678
2019,DNK,LVA,39.89418871561142
2019,VGB,FIN,39.822454287424904
2019,GIN,FRA,39.666519472415395
2019,HKG,PRT,39.56214704180374
2019,BIH,POL,39.42770172284086
2019,JEY,DEU,38.895564113934114
2019,KHM,FRA,38.07413530964538
2019,NLD,DNK,37.91891495242987
2019,DNK,GRC,37.864340500256276
2019,LBR,ESP,37.83576722030278
2019,CAN,ESP,37.81754651337029
2019,IRL,SWE,36.89036497418932
2019,CYM,ROU,36.32848748660929
2019,IRL,CYP,35.929475481508184
2019,MUS,NLD,35.299513025947256
2019,HUN,DEU,35.13548676753843
2019,IMN,ESP,34.7077405863949
2019,LBR,ROU,34.525678115087025
2019,DNK,LUX,34.503480009935146
2019,ASM,ITA,33.99265107275643
2019,TWN,FRA,33.883529219227995
2019,MLT,PRT,33.69163197076578
2019,CUW,NLD,33.40708606061398
2019,NLD,SVK,33.10318236315317
2019,CYM,FRA,33.09703021269166
2019,UGA,FRA,32.98092666475046
2019,IRL,EST,32.68850895559659
2019,IMN,ROU,32.44666791953758
2019,CHE,DNK,32.24952622417994
2019,MLT,AUT,32.14956864728712
2019,BHR,POL,31.929877519041703
2019,TWN,DEU,31.237809105176666
2019,HUN,ESP,31.034719044008
2019,MLT,SVK,30.96317688581478
2019,CYM,CYP,30.880377111978696
2019,HKG,ITA,30.436434360597282
2019,ZMB,FRA,30.373032210148995
2019,HUN,ITA,30.306072165449233
2019,SVK,NLD,29.916468277257916
2019,GTM,NLD,29.81515401994501
2019,CHE,BGR,29.62087275630127
2019,IRN,FRA,29.62007530130159
2019,CHE,CZE,29.59215439243819
2019,GGY,FRA,29.580259998333638
2019,JEY,ROU,29.567975088536834
2019,MLT,CYP,29.339891429583446
2019,JEY,FRA,29.299746317635556
2019,BMU,CYP,29.109919594975498
2019,MMR,DEU,29.024626379331664
2019,ASM,FIN,28.835558497772382
2019,JEY,CYP,28.417887115794944
2019,KAZ,ROU,28.292331236411556
2019,IRL,DNK,28.216673358271564
2019,PRY,ESP,28.105079820684796
2019,MMR,NLD,27.804039927701496
2019,GTM,DEU,27.664707192996058
2019,LUX,HRV,27.615390046102476
2019,PAN,SWE,27.4261843138009
2019,VGB,ITA,27.333053420874975
2019,MLT,EST,27.273230256602844
2019,CYM,EST,27.208220477356804
2019,BIH,ESP,27.048622913298814
2019,NLD,HRV,26.923302490783115
2019,NLD,CZE,26.903148556196633
2019,KAZ,PRT,26.556042126991812
2019,ASM,CYP,26.26488223994397
2019,CPV,NLD,26.25856562044045
2019,SVK,PRT,25.51645942498528
2019,JEY,AUT,25.4588613750624
2019,SVK,BEL,25.403213640786568
2019,CYM,FIN,25.393089189528077
2019,TLS,BEL,25.373197356127452
2019,SVK,ESP,25.12330937569847
2019,JOR,FRA,25.093307048901462
2019,JEY,EST,25.053553531804088
2019,PRT,BEL,24.984333401577295
2019,ASM,EST,24.844825739595667
2019,LUX,LVA,24.808255530769113
2019,LBR,POL,24.795856110365396
2019,LBR,DEU,24.544169794574778
2019,BMU,EST,24.428328771730875
2019,LTU,LVA,24.256549571227822
2019,CAN,DEU,24.243590633578624
2019,KAZ,CYP,23.732605505014224
2019,BMU,FIN,23.71740675978579
2019,VIR,NLD,23.70571796129119
2019,SVK,ITA,23.674173753205004
2019,PRT,IRL,23.56688652829152
2019,GIN,NLD,23.36336394992029
2019,SGP,ROU,23.297225920513227
2019,GGY,NLD,23.159021795448925
2019,VGB,SWE,22.711514675654406
2019,IRL,HUN,22.51024584900687
2019,DNK,BGR,22.181626550202868
2019,HKG,CZE,22.102538438440693
2019,BRB,NLD,21.76368399271953
2019,ASM,SWE,21.701317599347643
2019,JEY,ESP,21.670727821969578
2019,IRN,NLD,21.516288962710682
2019,HKG,DNK,21.396359489387283
2019,ROU,ESP,21.260145992698174
2019,BMU,ITA,21.149119027288553
2019,KAZ,BEL,20.965903460942272
2019,SVK,CYP,20.910169536906977
2019,KHM,DEU,20.811146396541712
2019,IRL,BGR,20.651188524237313
2019,BOL,ESP,20.58890975998007
2019,ASM,DNK,20.48932760563536
2019,TLS,PRT,20.470466597760897
2019,GIB,FRA,19.89077621579435
2019,MCO,DEU,19.846680700492414
2019,SGP,SWE,19.841463657547834
2019,KHM,NLD,19.55951379480013
2019,AUT,DNK,19.486342321819308
2019,PRT,CZE,19.431279165954127
2019,HUN,FRA,19.347426142893042
2019,BIH,AUT,19.236577882347586
2019,CPV,ESP,19.217817461022783
2019,AUT,BGR,19.21668973738056
2019,GGY,DEU,19.111456984615877
2019,LUX,HUN,19.062260605162905
2019,BHR,ESP,18.884459055771504
2019,DNK,SVN,18.842907061172024
2019,TLS,SVK,18.833290438428225
2019,CAN,PRT,18.825861582631525
2019,CUW,BEL,18.716974335986876
2019,CHE,LTU,18.57130443030524
2019,ASM,HUN,18.571120414939607
2019,GIN,DEU,18.47521549065844
2019,HUN,ROU,18.42027337488574
2019,AUT,HUN,18.39597661668986
2019,CYP,ESP,18.378726687927816
2019,ASM,BGR,18.334460317603188
2019,IMN,POL,18.239755759199443
2019,NLD,LVA,18.221253140551504
2019,WSM,NLD,17.996149511911753
2019,HKG,SVK,17.853868579290307
2019,LUX,BGR,17.654638535760235
2019,BIH,ITA,17.56626541848609
2019,FIN,ROU,17.470787759073204
2019,AZE,FRA,17.447104301796944
2019,BIH,ROU,17.447097686601328
2019,KAZ,FIN,17.24524742911178
2019,NLD,IRL,17.070422881885232
2019,FIN,ESP,16.904144784433342
2019,IRN,DEU,16.88322333710167
2019,GHA,NLD,16.78823050944954
2019,UGA,DEU,16.709395945343513
2019,HUN,BEL,16.576517913921037
2019,KAZ,SWE,16.296296365770267
2019,DNK,HRV,16.216156141612384
2019,CYM,SWE,16.00813467250031
2019,GHA,ITA,15.971831582149465
2019,SVK,AUT,15.953557022833232
2019,PAN,AUT,15.939710964476786
2019,BIH,CYP,15.490241221752928
2019,SVK,ROU,15.488111056356303
2019,ASM,AUT,15.4431280318843
2019,SGP,CYP,15.270583791939384
2019,MMR,POL,15.18043500433244
2019,PYF,NLD,15.147977749472085
2019,TWN,POL,15.006503974599724
2019,KAZ,AUT,14.953811381543304
2019,MDG,FRA,14.91882955013315
2019,CHE,SVN,14.895537782989626
2019,TWN,ESP,14.886683999788719
2019,MLT,DNK,14.853958215697638
2019,IMN,FRA,14.83153705990613
2019,KWT,NLD,14.742762860564177
2019,PRT,AUT,14.675599720605458
2019,MUS,DEU,14.453065390849627
2019,CRI,ESP,14.390113729657115
2019,ZMB,DEU,14.312343821609147
2019,BHR,ROU,14.21109776894524
2019,SGP,EST,14.19436693377
2019,HUN,CYP,14.18928143047519
2019,MLT,ITA,14.163490081727723
2019,MLT,SWE,14.114954549372834
2019,PYF,FRA,14.110413143479024
2019,GNQ,NLD,14.091907885061445
2019,BMU,SWE,13.952027845796392
2019,GGY,POL,13.900779640199813
2019,SVK,POL,13.89546333598596
2019,BIH,EST,13.777557379289409
2019,CUW,DEU,13.626114956462512
2019,CHE,HRV,13.59930777581647
2019,MLT,BGR,13.567007404509521
2019,JOR,DEU,13.544898644532292
2019,SRB,FIN,13.50976762843157
2019,GIN,ESP,13.482670437896433
2019,GIB,DEU,13.313571151620883
2019,KWT,ESP,13.216560428617477
2019,MLT,HUN,13.192138155404669
2019,CAN,BEL,13.08353682685158
2019,BGR,ROU,12.986870130975072
2019,SGP,AUT,12.931094070603063
2019,CYM,ITA,12.908897511615848
2019,HUN,SWE,12.889035924419316
2019,GGY,FIN,12.671372699628176
2019,NLD,LTU,12.592225241395942
2019,ABW,ESP,12.451696126086732
2019,JOR,NLD,12.38325753111527
2019,LBR,BEL,12.33407944301587
2019,IMN,BEL,12.289193671487082
2019,GIB,NLD,12.161318523856238
2019,VGB,AUT,12.147756007998542
2019,GTM,BEL,12.146061877078349
2019,JEY,BEL,12.088162886095493
2019,GUY,NLD,11.963975514607263
2019,GTM,PRT,11.888862412023858
2019,LTU,EST,11.822673047773588
2019,BHR,FIN,11.741000910349868
2019,PRY,DEU,11.675503875053414
2019,PAN,PRT,11.604570664360926
2019,GHA,DEU,11.59991633665207
2019,MUS,FRA,11.596641061720682
2019,BHR,CYP,11.588715187165668
2019,KAZ,EST,11.563450882136134
2019,LUX,SVN,11.508327057982058
2019,BMU,PRT,11.457758265654604
2019,LVA,POL,11.378499040275596
2019,LVA,ESP,11.329552814254452
2019,LKA,FRA,11.318228638371007
2019,LUX,LTU,11.253154044561485
2019,CYP,NLD,11.243680122164896
2019,GHA,ESP,11.178332961534108
2019,HKG,GRC,11.141144772667507
2019,CPV,ROU,11.112859566296532
2019,LVA,AUT,11.090005919865643
2019,MUS,POL,11.033367126097952
2019,HKG,HRV,11.004286744302117
2019,CAN,ROU,10.892092964585787
2019,GIN,POL,10.675501054663457
2019,JEY,ITA,10.612996933999973
2019,HKG,HUN,10.586163521340616
2019,TLS,ITA,10.578639855140752
2019,IRL,CZE,10.575109062082166
2019,KHM,POL,10.56020512310001
2019,KWT,FRA,10.556237230873911
2019,HKG,LTU,10.508570807047462
2019,HUN,EST,10.42521433218897
2019,SVK,CZE,10.409425837443386
2019,PAN,CZE,10.40426033533915
2019,AUT,SVN,10.399332773100191
2019,GIN,ROU,10.392646956660487
2019,IRL,SVN,10.276161410673065
2019,BHR,EST,10.236178675674708
2019,LBR,PRT,10.230849311969251
2019,GHA,ROU,10.202745401791722
2019,BRB,DEU,10.170906364964697
2019,NLD,BGR,10.168419167372527
2019,ASM,HRV,10.10779876860618
2019,TLS,FIN,10.102284354833172
2019,PRI,ESP,10.079625320643476
2019,NLD,SVN,10.059307830114097
2019,IRL,HRV,10.025945606479159
2019,AZE,NLD,10.022687484655592
2019,CHE,GRC,10.011858408138899
2019,IRN,POL,10.001762597095277
2019,IMN,PRT,9.981466548107642
2019,CUW,ESP,9.944248463623724
2019,MMR,ESP,9.914319110113356
2019,BGR,PRT,9.901383395073704
2019,KAZ,CZE,9.862354361001868
2019,VIR,ROU,9.710587204439014
2019,AZE,DEU,9.70448593812059
2019,LBR,SVK,9.696298326548169
2019,GGY,ESP,9.63471687212877
2019,SVK,SWE,9.629898678536433
2019,AUT,ITA,9.561197461003575
2019,TWN,CYP,9.529440064086593
2019,PAN,HRV,9.510565275336434
2019,GTM,CYP,9.490068976097602
2019,TLS,CYP,9.481505048913274
2019,CHE,LVA,9.457932295201928
2019,HKG,BGR,9.449575476185657
2019,VIR,ESP,9.40548108250939
2019,TLS,EST,9.335880155497717
2019,KAZ,DNK,9.330300866504599
2019,CUW,ROU,9.170622417343228
2019,CPV,FRA,9.156916952968308
2019,CYM,CZE,9.142064623040852
2019,TWN,ROU,9.125955002137658
2019,IMN,SVK,9.094961122113164
2019,LAO,FRA,9.028124491113902
2019,GGY,ROU,8.971501872485645
2019,MMR,ROU,8.967320755419063
2019,ASM,SVN,8.94659982636804
2019,TCD,NLD,8.93329942262742
2019,CUW,POL,8.902049202165465
2019,VCT,NLD,8.878342959882628
2019,GIB,POL,8.869538000657217
2019,MHL,FRA,8.859789361193238
2019,TLS,DNK,8.830442274946828
2019,ROU,DEU,8.776586816827868
2019,CUW,FRA,8.624014632379065
2019,AUT,FIN,8.53174824853083
2019,GTM,ESP,8.386404228839183
2019,JEY,SWE,8.385628760698662
2019,URY,DEU,8.381140301061105
2019,IMN,DEU,8.334857134443869
2019,BHR,SWE,8.247337042319877
2019,PAN,GRC,8.245505151618868
2019,WSM,FRA,8.103723430772689
2019,BMU,AUT,8.101375198670295
2019,TLS,HUN,8.095522038218625
2019,BIH,SWE,8.090498984639483
2019,MCO,POL,8.089237960521759
2019,PAN,LTU,8.084203988120926
2019,SVK,EST,8.07357745119996
2019,TLS,BGR,8.059883927638749
2019,BGR,POL,7.997872036995502
2019,TLS,SWE,7.973887290854033
2019,PRT,DNK,7.96012298606985
2019,IMN,FIN,7.9598912946849945
2019,LVA,CYP,7.929292085555779
2019,VGB,HRV,7.845880825295135
2019,GIB,FIN,7.83652302241493
2019,VGB,CZE,7.829363625615266
2019,CYM,AUT,7.814220196015601
2019,CAN,CYP,7.794533485981467
2019,LUX,IRL,7.758271592583225
2019,SSD,NLD,7.7300476422644415
2019,UGA,NLD,7.6475062130261
2019,DOM,NLD,7.59533389945421
2019,FIN,POL,7.530139378474485
2019,MUS,CYP,7.510465686918068
2019,UGA,POL,7.50909522017692
2019,MUS,ROU,7.495235104592108
2019,VUT,NLD,7.488509492417385
2019,IRN,ESP,7.486392054501522
2019,UZB,FRA,7.445886715522397
2019,PYF,DEU,7.283788503143837
2019,SVK,FRA,7.179251048124055
2019,WSM,ESP,7.154740439461586
2019,LVA,EST,7.022844524379439
2019,NLD,LUX,7.005312531084406
2019,VGB,LTU,6.971945793320719
2019,KWT,DEU,6.9682533246849765
2019,SGP,SVK,6.958140572216425
2019,FIN,BEL,6.930849775521362
2019,MUS,AUT,6.903467641475352
2019,GHA,POL,6.89438027093102
2019,CYP,FRA,6.828734088881261
2019,IRL,LTU,6.82677594180639
2019,MDG,DEU,6.817461237080263
2019,HUN,FIN,6.785478857922448
2019,SVK,DNK,6.752668476785392
2019,WSM,ROU,6.73764362246621
2019,PYF,ESP,6.710114701639678
2019,SGP,FIN,6.702040427268414
2019,JOR,POL,6.7002621523583406
2019,HUN,PRT,6.644095792195445
2019,HUN,HRV,6.554646049024126
2019,BRB,BEL,6.542356205796265
2019,PRT,SWE,6.534523105784986
2019,GTM,ROU,6.51647180351566
2019,BGR,AUT,6.508119742841512
2019,MLT,HRV,6.502535838093291
2019,KHM,ESP,6.468475293077531
2019,PAN,BGR,6.41643443723739
2019,VGB,PRT,6.413014256028144
2019,BHR,AUT,6.4075885899768785
2019,CHE,LUX,6.376807635680073
2019,TWN,EST,6.367960592213616
2019,LVA,ROU,6.354704793749349
2019,LKA,DEU,6.330882172033061
2019,MLT,SVN,6.274368508967929
2019,CPV,POL,6.255843514944103
2019,GHA,AUT,6.232310744129397
2019,CAN,AUT,6.2235952728735064
2019,PRY,BEL,6.196559058795479
2019,IRN,ROU,6.190168247004032
2019,SGP,ITA,6.129642959065109
2019,LTU,POL,6.121510404843252
2019,GGY,CYP,6.106512512954477
2019,BMU,SVK,6.050336320488681
2019,CAN,NLD,6.044072772085793
2019,MUS,EST,6.019503628092995
2019,LVA,DEU,6.005642065004252
2019,BRB,POL,6.005022484627421
2019,SGP,DNK,5.893768835705363
2019,TWN,SWE,5.882748479329258
2019,GTM,FIN,5.873597014465167
2019,GGY,AUT,5.862774196594976
2019,UGA,ESP,5.83508040240969
2019,PRY,PRT,5.834524628501155
2019,TWN,FIN,5.7635123267223705
2019,IRL,GRC,5.756487729476428
2019,PYF,ROU,5.742782857436226
2019,FIN,PRT,5.7259457064911015
2019,CUW,CYP,5.71697767221421
2019,GTM,POL,5.704268689845427
2019,GNQ,ROU,5.6889332811137265
2019,MUS,ESP,5.653132133133105
2019,MCO,ESP,5.634248932833254
2019,LVA,FRA,5.6207871695902405
2019,KAZ,GRC,5.618017721988503
2019,ZMB,POL,5.617998173970365
2019,GTM,SWE,5.6169804883776795
2019,ROU,SWE,5.616902498090177
2019,TLS,AUT,5.592676167258739
2019,HUN,AUT,5.5806074401181265
2019,VGB,BGR,5.566008054917923
2019,BMU,CZE,5.550019418071483
2019,AUT,HRV,5.512450144435053
2019,TWN,PRT,5.492585045008835
2019,BMU,HRV,5.466191860698314
2019,CAN,CZE,5.427942708696724
2019,GTM,CZE,5.409979823972496
2019,GGY,EST,5.389466773309774
2019,CYM,BEL,5.380603454134718
2019,YEM,NLD,5.35956026196105
2019,CAN,DNK,5.354452314536008
2019,JEY,HRV,5.2866768767571175
2019,PYF,POL,5.263697747707744
2019,TWN,BEL,5.251051052682201
2019,AZE,POL,5.240493410399345
2019,HUN,CZE,5.221225581821721
2019,CYP,ROU,5.20461313680024
2019,ASM,CZE,5.186152534862364
2019,FIN,SVK,5.16766655364421
2019,MMR,CYP,5.136744560857237
2019,ASM,LTU,5.117388659585186
2019,VGB,GRC,5.115648392634823
2019,GNQ,ESP,5.076071264108391
2019,PAN,LVA,5.049389533060758
2019,BRB,FRA,5.03107342426976
2019,MMR,FIN,5.025783515394636
2019,SYC,NLD,4.9940876012118665
2019,HUN,LVA,4.972634129218248
2019,CYM,LTU,4.929719932211591
2019,WSM,POL,4.913788246819802
2019,GIB,ESP,4.902334805151738
2019,BMU,BGR,4.8789317983496385
2019,LKA,NLD,4.874275085250088
2019,KWT,POL,4.862128412387724
2019,GIB,ROU,4.847584406734916
2019,GHA,CYP,4.846659798450983
2019,LAO,DEU,4.842897324158217
2019,URY,CZE,4.836472050348742
2019,BRB,ROU,4.807547763185079
2019,MLT,LTU,4.793699378352324
2019,ROU,NLD,4.787754648846602
2019,BHR,ITA,4.768807572619001
2019,BRB,CYP,4.748799803514094
2019,GHA,FRA,4.710133572874105
2019,URY,BEL,4.700465391186093
2019,HKG,LVA,4.672712474460656
2019,WSM,DEU,4.669216986256541
2019,MMR,SWE,4.64695136774342
2019,MHL,DEU,4.626709510884328
2019,CAN,POL,4.605553977012507
2019,CYM,BGR,4.599950938712286
2019,LAO,NLD,4.576982215013225
2019,ZMB,ESP,4.57620599606187
2019,MMR,EST,4.567478387100256
2019,AZE,ESP,4.548171296720041
2019,UZB,NLD,4.531652568031685
2019,BMU,GRC,4.527969886158679
2019,CYM,PRT,4.511711514323019
2019,LBR,DNK,4.500303099649076
2019,BRB,ESP,4.4918408790183735
2019,CUW,FIN,4.489314701312807
2019,PAN,HUN,4.4726004445472665
2019,SVK,GRC,4.437830678580251
2019,GUY,ESP,4.434516753716189
2019,GUY,ROU,4.425800220911324
2019,CAN,SWE,4.386808414414501
2019,TWN,AUT,4.360169476797674
2019,SSD,FRA,4.352282378562764
2019,CPV,BEL,4.347071330447522
2019,URY,PRT,4.341582476794722
2019,NLD,MLT,4.334971856399265
2019,PAN,DNK,4.332875555961536
2019,UZB,DEU,4.287496559664287
2019,CPV,DEU,4.262993606834002
2019,LVA,NLD,4.231729056997325
2019,BMU,DNK,4.225343213909009
2019,CUW,EST,4.20914297850143
2019,CAN,FIN,4.207943090061224
2019,GIB,CYP,4.195898899949423
2019,BHS,ESP,4.156826743174589
2019,JOR,ESP,4.152489107222153
2019,KHM,ROU,4.1125036753600615
2019,VIR,POL,4.082881402423123
2019,ASM,LVA,4.069557938048006
2019,BMU,LTU,4.045336757972506
2019,GIB,BEL,4.034676275619995
2019,MUS,SWE,4.013730564224695
2019,CYM,HRV,4.012566416977197
2019,LBR,BGR,4.009493392337927
2019,LBR,HUN,4.005794498883625
2019,VGB,LVA,3.9715361113070227
2019,TLS,SVN,3.9644068344616166
2019,BMU,HUN,3.9575161943389228
2019,IMN,DNK,3.9445941736564687
2019,VIR,BEL,3.936398017857307
2019,GTM,FRA,3.925275932410739
2019,VGB,HUN,3.9196145307583037
2019,CUW,ITA,3.9041977926016207
2019,JEY,LTU,3.903827328022592
2019,GHA,PRT,3.8603518906186265
2019,HUN,DNK,3.847853850241808
2019,IRL,LVA,3.846239097896582
2019,TLS,HRV,3.8330253765515394
2019,MHL,NLD,3.8270122369939368
2019,IMN,BGR,3.819500413579837
2019,VNM,DEU,3.817226530590518
2019,SGP,CZE,3.7898672531515016
2019,GIB,AUT,3.7856858956789154
2019,VCT,ESP,3.769063002816671
2019,GHA,SWE,3.760121286002406
2019,SSD,ROU,3.7372065071709843
2019,TCD,ESP,3.724574680190589
2019,TCD,ROU,3.7171676351558807
2019,CUW,PRT,3.6927929140736713
2019,ROU,FRA,3.683097005022785
2019,HUN,SVK,3.6804625479626347
2019,MLT,CZE,3.6780702728903707
2019,IMN,HUN,3.6778222746168945
2019,GIB,EST,3.6711340323703054
2019,SRB,DEU,3.657289847566282
2019,VCT,ROU,3.6385493437498653
2019,MCO,FIN,3.605129251192775
2019,GIN,BEL,3.59579586960343
2019,BRB,FIN,3.5931899150822666
2019,LBR,EST,3.573703970539222
2019,JEY,CZE,3.5583531146762843
2019,CPV,PRT,3.539343007549183
2019,JEY,LVA,3.5140809498353174
2019,UGA,ROU,3.511473202018137
2019,JOR,ROU,3.4976347746156833
2019,LUX,MLT,3.476287164606849
2019,SSD,ESP,3.427513896428206
2019,LBR,CYP,3.422779915855505
2019,CAN,GRC,3.408172447442248
2019,CPV,SVK,3.3856181379652224
2019,ABW,NLD,3.3710489874408514
2019,CYM,SVK,3.342314782773439
2019,BRB,EST,3.339351342860211
2019,SGP,HUN,3.3387987873687104
2019,BGR,DNK,3.32522416622149
2019,LBR,AUT,3.316591265656342
2019,GTM,EST,3.315712207083411
2019,GIN,SVK,3.315603667836552
2019,VNM,FRA,3.303066747912204
2019,CYP,LVA,3.2992732102895803
2019,PAN,SVK,3.2799196020410446
2019,VUT,FRA,3.276455655543127
2019,IMN,AUT,3.2733973694258394
2019,VIR,PRT,3.265015744014043
2019,IRN,CYP,3.2306090464413044
2019,CYP,DEU,3.2163687943271957
2019,MCO,NLD,3.2111948543988578
2019,GHA,BEL,3.2066011032438997
2019,KHM,CYP,3.1972153526754923
2019,AND,ESP,3.1894776218014513
2019,LBR,SWE,3.186135806386539
2019,GHA,EST,3.180792756773032
2019,CYM,HUN,3.161387334529608
2019,LBR,ITA,3.1325557323978113
2019,AUT,EST,3.118393477493774
2019,GTM,DNK,3.111446722099372
2019,VNM,NLD,3.100639298470712
2019,PRY,NLD,3.095908941520016
2019,CYP,POL,3.069227254248424
2019,MMR,AUT,3.0505652482300807
2019,KHM,SWE,3.049635202458915
2019,BHS,DEU,3.011673064237061
2019,PRY,CZE,3.001921448189491
2019,ASM,GRC,2.9978852404925664
2019,PRY,CYP,2.958178371006312
2019,GIN,PRT,2.9455714047464556
2019,TWN,CZE,2.933680599244128
2019,ROU,POL,2.932117113876479
2019,JEY,PRT,2.9279563410306526
2019,KHM,EST,2.9110192246900803
2019,LKA,POL,2.906222231002573
2019,VUT,ESP,2.9033977539987266
2019,BMU,LVA,2.8730829710164616
2019,VIR,SVK,2.865185739163476
2019,IRN,EST,2.86372483257345
2019,BHR,BEL,2.845918757924369
2019,CUW,SWE,2.8417200242982807
2019,IRN,FIN,2.8183336412496076
2019,GGY,BEL,2.8169522286662323
2019,BGR,FRA,2.810596415270916
2019,VUT,ROU,2.7717687109287894
2019,KWT,ROU,2.7717033882397475
2019,AZE,ROU,2.7671225062050557
2019,VGB,SVK,2.7653094031446654
2019,MNG,FRA,2.7536978118774997
2019,GNQ,POL,2.7379937005577224
2019,IMN,EST,2.710257135337763
2019,TWN,ITA,2.703080591825307
2019,VGB,DNK,2.6904624184874857
2019,DOM,ROU,2.6785673524907514
2019,ROU,FIN,2.6721719038041982
2019,JEY,BGR,2.619647752774095
2019,GGY,SWE,2.613765600319359
2019,BGR,FIN,2.609091114683753
2019,ZMB,AUT,2.583152660537066
2019,CYM,GRC,2.582523318071458
2019,CYM,LUX,2.56210732804662
2019,IRL,LUX,2.5581981687060495
2019,UGA,AUT,2.546944998019368
2019,BGR,CYP,2.530556971843857
2019,MDG,POL,2.527354606164633
2019,MUS,ITA,2.5089851142656228
2019,ALB,FRA,2.5072296855183533
2019,IMN,CYP,2.4934791085758388
2019,LAO,POL,2.452324075235889
2019,KAZ,SVK,2.4455161678598705
2019,BRB,PRT,2.4318909635917314
2019,IMN,ITA,2.430297945853601
2019,WSM,BEL,2.422251136363139
2019,LCA,NLD,2.4173425594955784
2019,GGY,ITA,2.3963833296000807
2019,BRB,SWE,2.3921474796750375
2019,MMR,ITA,2.3911027601669534
2019,MUS,BEL,2.3836908715703795
2019,MLT,LVA,2.3811014804014645
2019,UZB,POL,2.3607989999586767
2019,BGR,GRC,2.33724554191401
2019,KHM,FIN,2.330780206018483
2019,GTM,AUT,2.327978049222351
2019,KWT,CYP,2.3210450921386316
2019,SSD,DEU,2.311347069819378
2019,MLT,GRC,2.299718255514366
2019,BIH,PRT,2.2990585466648836
2019,SGP,GRC,2.29448145041136
2019,SGP,LTU,2.2897974899856104
2019,LVA,ITA,2.283812045128568
2019,MHL,POL,2.273772908307955
2019,URY,AUT,2.2529540067897145
2019,YEM,FRA,2.2504532408266327
2019,SYC,FRA,2.2429215078404594
2019,GIB,ITA,2.2367948547614525
2019,IRN,SWE,2.235766711564406
2019,BIH,BEL,2.2296073985759333
2019,PRT,FIN,2.2207728182573128
2019,BIH,DNK,2.2112625125006145
2019,GUY,POL,2.1972455619880686
2019,PRY,ROU,2.185579576572553
2019,PRT,LUX,2.1820311520747246
2019,BHR,SVK,2.173973921896857
2019,FIN,DNK,2.1700976432053545
2019,HUN,LTU,2.1661133463811537
2019,URY,CYP,2.1650701523820395
2019,BHR,HRV,2.1649017933288692
2019,YEM,ROU,2.1623650835096306
2019,BRB,ITA,2.148395894871307
2019,SSD,POL,2.142731158861046
2019,FIN,BGR,2.1397125759087614
2019,MUS,PRT,2.1370458177449283
2019,SYC,ESP,2.1105971251529683
2019,LTU,DEU,2.0923072641159965
2019,URY,NLD,2.0894686211419886
2019,SGP,HRV,2.0869884028915897
2019,PRY,SWE,2.0840484248588482
2019,YEM,ESP,2.08063069540351
2019,KWT,EST,2.065050286667451
2019,CYP,BEL,2.0519846505036434
2019,FIN,HUN,2.048328532269221
2019,PYF,BEL,2.0466797922491424
2019,VUT,POL,2.034279785110403
2019,GTM,GRC,2.0182282754389713
2019,LIE,FRA,2.0153240848426224
2019,JOR,CYP,2.01098097935273
2019,BHR,DNK,2.0091847906738503
2019,LBR,SVN,1.9999380440659154
2019,WSM,PRT,1.9912465786160194
2019,MDG,ESP,1.9876471086805139
2019,IMN,SVN,1.9853770602932073
2019,KHM,AUT,1.9849472268536499
2019,VUT,DEU,1.984324399711573
2019,DOM,DEU,1.9818324126085727
2019,SRB,POL,1.9773204755109055
2019,LKA,ESP,1.9593993018647808
2019,TLS,LTU,1.9546657827234746
2019,PRT,GRC,1.9537575531462785
2019,BIH,LTU,1.9484821695017862
2019,SYC,ROU,1.9457717879132457
2019,SRB,CYP,1.9454389187009604
2019,SGP,BGR,1.9373077580852387
2019,GNQ,BEL,1.9018516070176916
2019,JEY,GRC,1.8885411604127618
2019,GUY,BEL,1.8806311382048844
2019,ZMB,ROU,1.867756234612051
2019,JEY,HUN,1.863883378401189
2019,UGA,SWE,1.8579160335911296
2019,BIH,SVK,1.8530865710678108
2019,JEY,SVK,1.8436412492840288
2019,TWN,DNK,1.838637521745417
2019,WSM,SVK,1.8306302891668962
2019,BHR,CZE,1.8291854973802475
2019,MCO,AUT,1.821600777848795
2019,HUN,GRC,1.8193442113059617
2019,JOR,SWE,1.7987195943515566
2019,JOR,EST,1.7980623665140487
2019,HUN,BGR,1.7966918487264985
2019,DOM,POL,1.7829408623828356
2019,SRB,BEL,1.777624646752712
2019,IRN,AUT,1.777345164485195
2019,GIB,SWE,1.763245249808398
2019,KAZ,LTU,1.7569676197270336
2019,MCO,ROU,1.7483214799564488
2019,PRY,FIN,1.7384517532193926
2019,GHA,FIN,1.7331873849915869
2019,GIN,DNK,1.715300514843937
2019,BHR,PRT,1.7117043453549432
2019,URY,FIN,1.7115735588495458
2019,MCO,SWE,1.6914982571586823
2019,CUW,AUT,1.685285691697422
2019,AZE,ITA,1.6760313994634146
2019,SGP,PRT,1.6730468129175187
2019,PYF,SVK,1.6708171815707147
2019,URY,SWE,1.6701625177904358
2019,ROU,BEL,1.6483210043233119
2019,PYF,PRT,1.6461934905353508
2019,TLS,CZE,1.644356520294451
2019,UGA,CYP,1.6413128588845591
2019,TCD,POL,1.6371533536090677
2019,CYM,DNK,1.6359058304742295
2019,VCT,BEL,1.6258690144721255
2019,LTU,FRA,1.61820512511261
2019,BHR,LTU,1.6126424034407274
2019,AZE,CYP,1.6092237959865499
2019,BHS,BEL,1.6038220891434636
2019,GUY,PRT,1.6016450993962423
2019,SRB,PRT,1.5909338103671344
2019,AUT,LTU,1.587286529656891
2019,KAZ,HUN,1.58455305494729
2019,IRN,BEL,1.5830310687433513
2019,CUW,CZE,1.5781212527661994
2019,UZB,ESP,1.5752831358814599
2019,GNQ,PRT,1.574406450102906
2019,CYP,SVK,1.5593563680282125
2019,LVA,BEL,1.55259855743664
2019,MMR,BEL,1.5335111839031401
2019,GGY,PRT,1.5311307942500962
2019,PRY,DNK,1.5286605247103902
2019,BHS,PRT,1.5269918138890743
2019,VCT,POL,1.5211089794508355
2019,GIN,SWE,1.516082097584531
2019,UGA,EST,1.5149552489507754
2019,CYP,PRT,1.5128966188157524
2019,MUS,FIN,1.5113304786645223
2019,LAO,ESP,1.5042264528247813
2019,CYP,MLT,1.499202994737396
2019,URY,LUX,1.49277460270361
2019,AZE,FIN,1.488506643382288
2019,LIE,FIN,1.4818172280777635
2019,MNG,DEU,1.4783598767805535
2019,TCD,BEL,1.4752581193661773
2019,CPV,DNK,1.4735135858201298
2019,GTM,ITA,1.4695876380370536
2019,BHR,HUN,1.4596457797063076
2019,GHA,CZE,1.45705704680126
2019,GGY,SVK,1.4559722258864594
2019,AUT,FRA,1.4522556888119817
2019,AZE,EST,1.4466231953406905
2019,KAZ,HRV,1.445953418760833
2019,AZE,SWE,1.4327631753062637
2019,KWT,SWE,1.432262167289265
2019,IRN,ITA,1.4217998761341597
2019,DNK,MLT,1.4080403514826623
2019,JEY,DNK,1.386680379978921
2019,BIH,GRC,1.3862406571783437
2019,ABW,ROU,1.3822339639022867
2019,KWT,FIN,1.380251813353885
2019,MHL,ESP,1.3763602930935939
2019,YEM,POL,1.3759844330470905
2019,CYM,LVA,1.374196183321234
2019,GNQ,SVK,1.370771157556092
2019,BRB,CZE,1.3702783718980962
2019,VCT,PRT,1.3675655612661801
2019,GIN,HUN,1.3659727574988023
2019,LBR,FIN,1.364053576202796
2019,TLS,LVA,1.3638594394709371
2019,LBR,HRV,1.3595341652867436
2019,CPV,BGR,1.3569748932113446
2019,BMU,SVN,1.345502511995501
2019,GIN,AUT,1.3385160821755353
2019,DOM,FRA,1.3370316036103098
2019,CPV,HUN,1.335133986105419
2019,KAZ,BGR,1.3301056310577242
2019,BGR,DEU,1.3164423493403734
2019,MUS,CZE,1.311719766068007
2019,CUW,SVK,1.3092219129350489
2019,HKG,SVN,1.307315268778162
2019,BGR,SVN,1.3071801262338436
2019,MNG,NLD,1.3023744082972462
2019,KHM,ITA,1.3014561650252996
2019,AUT,LVA,1.2950210918288134
2019,PRK,NLD,1.287417218232608
2019,SYC,POL,1.2855940551682192
2019,TWN,GRC,1.2839072974046193
2019,YEM,DEU,1.2764853951953776
2019,PRY,AUT,1.2716975147512135
2019,IRN,SVK,1.2579918042038005
2019,JOR,AUT,1.252314734195845
2019,SVK,LVA,1.2477515400484205
2019,ROU,AUT,1.2408707099568967
2019,GGY,HRV,1.236274821159466
2019,BRB,AUT,1.234838781722414
2019,GHA,HUN,1.227150238780839
2019,VIR,DNK,1.2267918158368
2019,MMR,HUN,1.2250591541064864
2019,BHR,BGR,1.2228219361833506
2019,IRN,PRT,1.22134488636095
2019,KWT,AUT,1.2196701995870183
2019,WSM,ITA,1.2165948433989677
2019,CUW,DNK,1.21566420420064
2019,JOR,FIN,1.211190793829633
2019,TCD,PRT,1.2036936713592241
2019,ROU,CZE,1.19796435499865
2019,IMN,SWE,1.196584802211222
2019,GUY,SVK,1.1937756992087967
2019,HUN,NLD,1.189073802004882
2019,VIR,BGR,1.1873104426995387
2019,LVA,SWE,1.1772377089236592
2019,ZMB,SWE,1.1706377872639309
2019,FIN,SVN,1.1579284824995644
2019,DOM,CYP,1.1543016363911613
2019,UZB,ROU,1.151098860506311
2019,IMN,HRV,1.1479702785442165
2019,SVK,LTU,1.1446241517836728
2019,SYC,DEU,1.1439572645066565
2019,BIH,HUN,1.1436050628570302
2019,ALB,DEU,1.14120579803423
2019,VIR,HUN,1.1363914689228822
2019,PNG,FRA,1.133872353313725
2019,URY,DNK,1.1327754901081668
2019,MMR,SVK,1.1298433352087427
2019,GIN,BGR,1.1205216044949442
2019,BHR,GRC,1.1155490008319
2019,SSD,BEL,1.1140912294267176
2019,VNM,ESP,1.1111274939690436
2019,ROU,ITA,1.1099111416719585
2019,SRB,ROU,1.107972226646341
2019,LKA,SWE,1.1035266220489475
2019,SRB,EST,1.1029814998939758
2019,PRT,HUN,1.0997153972840776
2019,TCD,SVK,1.0824760754321932
2019,GHA,DNK,1.0812410806509964
2019,LIE,DEU,1.0684544825972309
2019,FIN,ITA,1.0683448227802503
2019,VCT,SVK,1.0648546446126494
2019,CUW,GRC,1.0615965862317087
2019,VNM,BEL,1.0521351488168986
2019,VNM,PRT,1.0512092221068878
2019,BHR,LVA,1.0443756650920106
2019,AZE,AUT,1.0339427146314177
2019,VUT,BEL,1.0299527509566317
2019,VNM,POL,1.0234786429912979
2019,MMR,PRT,1.0208192278773671
2019,DOM,EST,1.0137416195331783
2019,DNK,ROU,1.0063052511770691
2019,CUW,HRV,1.005018852306905
2019,MCO,CYP,1.0032916083573205
2019,MMR,DNK,1.0022519439716182
2019,TLS,GRC,1.000445128801707
2019,SRB,ESP,1.0004430030559226
2019,SGP,LUX,1.00030808772121
2019,LVA,LTU,0.9916695558108791
2019,MCO,EST,0.9818870423059242
2019,GIB,HRV,0.9784160676274328
2019,PAN,IRL,0.9769514824239637
2019,GGY,DNK,0.976352494187388
2019,CPV,AUT,0.9759016918279962
2019,DOM,ESP,0.9729242230769618
2019,BRN,FRA,0.9710421396895507
2019,GUY,DEU,0.9695239904257879
2019,TWN,LTU,0.9646313309334519
2019,URY,SVK,0.9611854325380496
2019,LAO,ROU,0.9605470256291389
2019,WSM,FIN,0.9568083665353068
2019,URY,GRC,0.9566939680390101
2019,PRY,GRC,0.952015335486759
2019,URY,ROU,0.9518944280780326
2019,CUW,BGR,0.9493510487930514
2019,BIH,CZE,0.9484556495388797
2019,PRT,HRV,0.9465929910447473
2019,HUN,SVN,0.9380962942781459
2019,LKA,ROU,0.9371420523663507
2019,MUS,LTU,0.932938329481908
2019,MMR,CZE,0.929031778540664
2019,GHA,GRC,0.9169810404621883
2019,DJI,NLD,0.9164577746855738
2019,SSD,PRT,0.9134453226695964
2019,PRT,BGR,0.899670642669918
2019,KWT,ITA,0.895180600268323
2019,LCA,ROU,0.8866469477430071
2019,LCA,ESP,0.8847209251814988
2019,WSM,CYP,0.8773754579387132
2019,KAZ,SVN,0.8769487586636794
2019,SSD,SVK,0.87146296205419
2019,VNM,CYP,0.8687709961321353
2019,WSM,EST,0.8683528477404848
2019,IRN,DNK,0.8632253432004353
2019,PYF,SWE,0.8627014237740684
2019,WSM,DNK,0.8623073316428838
2019,BIH,BGR,0.8592219394557564
2019,GNQ,DEU,0.8478958922945405
2019,GGY,LTU,0.8456954408799908
2019,JOR,ITA,0.8334504341215583
2019,MMR,HRV,0.833140293090576
2019,MHL,ROU,0.8306238172106276
2019,PYF,FIN,0.8291530669423666
2019,CAN,SVN,0.8273389385000741
2019,VUT,PRT,0.8264910129124368
2019,PYF,DNK,0.8264167821701842
2019,GGY,BGR,0.8222397202647761
2019,GGY,CZE,0.8174689201805789
2019,KAZ,LVA,0.8000205141411684
2019,GGY,HUN,0.7935935419636309
2019,BGR,SWE,0.7919741124294267
2019,ISL,FIN,0.7837267266651035
2019,CUW,HUN,0.7832326436728474
2019,WSM,BGR,0.7792759805930534
2019,WSM,HUN,0.7781176572345554
2019,BHS,NLD,0.7719902070946424
2019,SRB,NLD,0.7655899576524233
2019,ROU,HUN,0.7647216197335867
2019,UZB,CYP,0.761930232378047
2019,BHS,CYP,0.761923123471918
2019,LBR,LTU,0.7598805077532022
2019,MMR,LTU,0.7594583783289206
2019,UZB,FIN,0.7575216592228097
2019,VUT,SVK,0.7552954227612939
2019,AUT,CYP,0.7513034833759062
2019,GGY,LVA,0.7476073781794699
2019,MCO,SVK,0.7468444618961975
2019,ISL,ROU,0.7395599914196215
2019,PYF,EST,0.7303297351251752
2019,BHS,CZE,0.7285898158264056
2019,LAO,CYP,0.7277079101028919
2019,YEM,BEL,0.7214236269883469
2019,PAN,SVN,0.7176388266535126
2019,SYC,BEL,0.7174904248264312
2019,GIN,ITA,0.7162772771685486
2019,CPV,SVN,0.7145989417678127
2019,BRB,DNK,0.7145430601752187
2019,PYF,CYP,0.7126278638139754
2019,MNG,POL,0.7091583256186498
2019,CPV,ITA,0.7073518910834418
2019,TWN,BGR,0.7063077506627108
2019,CUW,LTU,0.7054307508903603
2019,LKA,CYP,0.7043407079417928
2019,WSM,SWE,0.703002840833291
2019,PYF,HUN,0.7022039402009852
2019,SRB,CZE,0.6948490884994871
2019,UZB,EST,0.6929630287813694
2019,UGA,ITA,0.6814005733627115
2019,KHM,SVK,0.6792696500021441
2019,VNM,ROU,0.6772407515819978
2019,LAO,SWE,0.6764868468868361
2019,GNQ,HUN,0.6756032058743483
2019,CYP,DNK,0.6737427733508409
2019,BRB,GRC,0.6709559993182048
2019,LKA,EST,0.6665262799070054
2019,MUS,GRC,0.6652560346759614
2019,UZB,SWE,0.6647148329801064
2019,LAO,EST,0.6617861585903293
2019,SRB,FRA,0.6599893131853861
2019,MCO,DNK,0.6550151169719736
2019,PYF,BGR,0.6547935359187248
2019,DOM,SWE,0.6518547876056684
2019,IRN,HUN,0.6479688007200617
2019,VIR,SVN,0.6424067372032166
2019,DOM,FIN,0.6421582641686521
2019,LIE,POL,0.6404579456841177
2019,MHL,CYP,0.6385496202321478
2019,KHM,DNK,0.6376073091859119
2019,IRN,HRV,0.6331433898394776
2019,ABW,BEL,0.6310242051150019
2019,GIB,PRT,0.6279954064604335
2019,URY,BGR,0.6263012594279179
2019,ROU,EST,0.6202681571062476
2019,BIH,HRV,0.6195908961877699
2019,GIB,SVK,0.61864818759702
2019,GNQ,BGR,0.617060820776095
2019,IMN,LTU,0.6167829941866619
2019,CYP,CZE,0.6158974243137579
2019,PYF,ITA,0.61523363560159
2019,CYP,BGR,0.6152140175219445
2019,MUS,DNK,0.6151452762313021
2019,GIB,LVA,0.6148183740753996
2019,FIN,HRV,0.6137924408059647
2019,CYP,HUN,0.6115979563563748
2019,GNQ,FRA,0.6115707394969844
2019,MUS,BGR,0.6111326983436199
2019,VNM,SWE,0.6101668040372644
2019,GIB,CZE,0.6092847947381832
2019,UGA,FIN,0.6090242180486909
2019,GIN,EST,0.6046674266362644
2019,IRN,BGR,0.6034268707523681
2019,TWN,HUN,0.6028862720921748
2019,MMR,BGR,0.600347194851384
2019,YEM,PRT,0.5922778326142195
2019,SYC,PRT,0.5920800074637712
2019,GNQ,DNK,0.5920382011946118
2019,VIR,ITA,0.5904939658356871
2019,GIN,SVN,0.5873358076577934
2019,MHL,SWE,0.5844528260387957
2019,GIN,FIN,0.5841528784987691
2019,BRB,HRV,0.5838713491014667
2019,BMU,IRL,0.5818491273934178
2019,MHL,EST,0.5789980539343422
2019,GIB,LTU,0.5762152419492411
2019,GHA,LTU,0.5759785948348217
2019,ABW,POL,0.5755437643831643
2019,GUY,DNK,0.5753908851979477
2019,UGA,SVK,0.5706061167701248
2019,DOM,ITA,0.567886635878929
2019,CHE,MLT,0.5677214328962891
2019,ZMB,EST,0.5659598747662045
2019,MNG,ROU,0.5651120672112844
2019,ZMB,CYP,0.5650513443367311
2019,SYC,SVK,0.5593830523954504
2019,CUW,LVA,0.5566262172203601
2019,PRT,LTU,0.5549299837853531
2019,YEM,SVK,0.5532359047690982
2019,MMR,GRC,0.5504204702609284
2019,SGP,BEL,0.5500338642497868
2019,PYF,AUT,0.5463438963894812
2019,BIH,LVA,0.5459984173391655
2019,ZMB,SVK,0.5391628980854833
2019,BRB,LTU,0.5339410943365737
2019,VGB,SVN,0.5319292322851434
2019,CYP,SWE,0.5317030702972457
2019,BHS,SWE,0.5303574844158384
2019,UGA,DNK,0.5298399859704028
2019,WSM,AUT,0.5288578832029194
2019,LAO,FIN,0.5276298661391582
2019,GUY,BGR,0.5266021430496182
2019,GNQ,EST,0.5235486485047995
2019,ABW,PRT,0.5212798554308405
2019,GIB,DNK,0.5172971671008659
2019,GNQ,ITA,0.5171629407504238
2019,UGA,HUN,0.5169126849990038
2019,GTM,LTU,0.5161699778177127
2019,PNG,DEU,0.5161065063995456
2019,PRK,ESP,0.5156995212459068
2019,BOL,DEU,0.5153354230094372
2019,GNQ,CYP,0.5132291921106291
2019,HKG,LUX,0.512281129225879
2019,MDG,SWE,0.5073629208435284
2019,PRK,ROU,0.5071747115192603
2019,TWN,SVK,0.5046034437200998
2019,LKA,AUT,0.5044359548051524
2019,SRB,SWE,0.5036029805358574
2019,MDG,ROU,0.5016536236071767
2019,BOL,CZE,0.50143722939028
2019,MNG,ESP,0.501419205360586
2019,LIE,ESP,0.498478894274358
2019,VCT,DNK,0.49580196124652115
2019,SSD,HUN,0.49482195659152656
2019,GUY,HUN,0.4945462238939188
2019,IRN,CZE,0.4905151998312971
2019,VNM,CZE,0.4825048813362314
2019,GGY,GRC,0.47692554306903745
2019,ROU,PRT,0.4760553818431431
2019,MHL,FIN,0.4760259728237336
2019,ABW,SVK,0.4718947646935298
2019,SVK,BGR,0.4705971268540812
2019,ZMB,DNK,0.4675180723417889
2019,KHM,HUN,0.4662212890208522
2019,LCA,POL,0.4619264387732197
2019,KWT,CZE,0.45885901136829194
2019,LAO,AUT,0.45497341538766145
2019,IRN,LTU,0.4545616272110217
2019,TCD,DNK,0.4542636674790755
2019,GUY,CYP,0.4538184443366977
2019,GIN,HRV,0.45321888135172755
2019,KHM,LTU,0.451887486983364
2019,TCD,BGR,0.45173710473536527
2019,UZB,AUT,0.4502221119449929
2019,ZMB,FIN,0.44835647656185007
2019,AZE,SVK,0.44316325181016447
2019,BHS,FIN,0.4421538094535012
2019,ROU,LTU,0.4419944588918108
2019,VCT,BGR,0.4419816632669491
2019,BRN,DEU,0.44181902893883546
2019,VGB,IRL,0.4417121895682812
2019,JOR,HUN,0.44156747635674526
2019,BRB,BGR,0.4383049824696583
2019,GIN,CYP,0.43700347612332535
2019,MHL,AUT,0.4337157740586875
2019,MUS,HUN,0.4323648356333585
2019,TCD,HUN,0.4310530697835623
2019,JOR,DNK,0.4290141951184004
2019,CPV,HRV,0.42753913933306337
2019,MDG,NLD,0.426098829256195
2019,KHM,CZE,0.42590344422427884
2019,LIE,AUT,0.4236006237554839
2019,VCT,HUN,0.42321345740392446
2019,MDG,AUT,0.4207667874330612
2019,CYM,SVN,0.42006206379628375
2019,ROU,SVK,0.41922231375674335
2019,ISL,ESP,0.4191503247961072
2019,GIB,BGR,0.41730792586001586
2019,SRB,DNK,0.4162385831570506
2019,GIB,GRC,0.413774248368707
2019,JOR,SVK,0.4132841354655058
2019,URY,HRV,0.41294225363243137
2019,AZE,PRT,0.4115478816743354
2019,AFG,NLD,0.41085296688908884
2019,SSD,DNK,0.40846337590759507
2019,ALB,POL,0.4075286606988457
2019,GNQ,AUT,0.4028674718070182
2019,LBR,CZE,0.40138672138647424
2019,LVA,PRT,0.40090171582094974
2019,GIB,HUN,0.39965005732992964
2019,LKA,FIN,0.39889070215001676
2019,BHS,DNK,0.3974013121359576
2019,GTM,BGR,0.39635986502150977
2019,VUT,FIN,0.394277072672031
2019,KHM,PRT,0.3902786827927341
2019,WSM,SVN,0.38729469886830753
2019,VGB,LUX,0.3848504994850121
2019,URY,LTU,0.3826037610969278
2019,DJI,ROU,0.3820539512611756
2019,TWN,HRV,0.38139794013132744
2019,MMR,LVA,0.38108542903487963
2019,VUT,CYP,0.3802714358704601
2019,AZE,BEL,0.3802601197356597
2019,AZE,DNK,0.3797568572082876
2019,VCT,DEU,0.37728877295765084
2019,GUY,ITA,0.3759917088083222
2019,DJI,ESP,0.37555522618301945
2019,GUY,FRA,0.37548643678111077
2019,LCA,BEL,0.37363253695777926
2019,VUT,EST,0.3713724703212623
2019,CPV,EST,0.36759617187067334
2019,CPV,SWE,0.3655267916502057
2019,EST,ESP,0.3634116074748493
2019,VUT,ITA,0.35801238549595993
2019,MLT,LUX,0.35796853055530925
2019,WSM,HRV,0.35698230625256255
2019,LBR,GRC,0.356235841323899
2019,LVA,GRC,0.3550146564482935
2019,SSD,BGR,0.35456451285315904
2019,VUT,DNK,0.3542925321545737
2019,ROU,LUX,0.353766926102219
2019,DOM,HUN,0.35325765689461164
2019,GUY,EST,0.35258021495721964
2019,LKA,ITA,0.3523169129792517
2019,VNM,FIN,0.34889185217381224
2019,AFG,ROU,0.3454418521954406
2019,ZMB,HUN,0.34505555576515
2019,IRL,MLT,0.34230750793380604
2019,GHA,BGR,0.3418256698901826
2019,KHM,BEL,0.3413705693891923
2019,JEY,SVN,0.34096548710483515
2019,VIR,HRV,0.340525693233655
2019,PRK,FRA,0.3399614219473613
2019,UZB,ITA,0.3385997972306872
2019,AUT,DEU,0.3373385259722548
2019,KWT,LTU,0.33509642413891694
2019,BRB,LVA,0.33458116027014395
2019,BHS,ROU,0.3339444559283282
2019,LTU,ESP,0.3291613892021353
2019,GUY,FIN,0.3284933701136097
2019,VNM,EST,0.3274616776168617
2019,KHM,GRC,0.32738874843884835
2019,PAN,MLT,0.32647194519740325
2019,VUT,SWE,0.3264331973846248
2019,CYP,SVN,0.32608753129746915
2019,VUT,HUN,0.3252288962590504
2019,KHM,BGR,0.3236497105714714
2019,VUT,BGR,0.32335859898215286
2019,PYF,SVN,0.3212906400928999
2019,URY,HUN,0.32017519884007045
2019,VNM,DNK,0.3196551336367338
2019,LVA,CZE,0.3196488413526117
2019,AZE,HUN,0.31907305710010614
2019,PYF,HRV,0.31893998270719226
2019,IMN,LVA,0.31836085779650913
2019,BRB,HUN,0.3180933393762979
2019,MDG,SVK,0.3173927371737929
2019,LCA,PRT,0.31611118623062595
2019,IRN,GRC,0.31539378180509525
2019,GNQ,SVN,0.30788658888244225
2019,KHM,HRV,0.3075722764880064
2019,SSD,ITA,0.3054407550104363
2019,ALB,ESP,0.30487612292769756
2019,SVK,MLT,0.30430247716820136
2019,BOL,BEL,0.3012504795713539
2019,SSD,AUT,0.2999573361055295
2019,BHS,AUT,0.2999418032326245
2019,FIN,EST,0.29400242619676303
2019,KWT,PRT,0.29350398093521457
2019,CUW,SVN,0.29228761455083757
2019,ROU,CYP,0.2916329308352318
2019,MCO,HUN,0.29087865129570334
2019,CYP,ITA,0.28883863783579705
2019,LAO,ITA,0.28527887800312973
2019,PAN,LUX,0.28405574825914703
2019,GNQ,SWE,0.28092159502941927
2019,KWT,BGR,0.28087887479293727
2019,PRK,POL,0.2794550837345661
2019,LTU,ITA,0.2793754838423942
2019,SRB,GRC,0.2785178620800616
2019,ROU,LVA,0.2774747946062259
2019,LBR,LVA,0.2762504980662084
2019,SRB,AUT,0.2723466074059216
2019,SSD,SWE,0.27169806812676583
2019,CRI,CZE,0.27122858043473635
2019,UGA,BEL,0.2702659708032596
2019,SVK,SVN,0.26878873500903855
2019,MUS,HRV,0.2683508963251323
2019,JOR,PRT,0.2680184774800925
2019,GUY,SVN,0.26735040818853806
2019,JOR,LTU,0.2672389063864499
2019,BOL,PRT,0.2669530829744138
2019,IRN,LVA,0.26623903112751474
2019,YEM,HUN,0.265511002595847
2019,ISL,DEU,0.26060654322440424
2019,BGR,MLT,0.26056566741431536
2019,VNM,AUT,0.25791249987206954
2019,KWT,SVK,0.25718635176260607
2019,JOR,CZE,0.25603301117269534
2019,CAN,LVA,0.2555421947771131
2019,MCO,ITA,0.2548279291824063
2019,YEM,DNK,0.2546468516305864
2019,SYC,DNK,0.2546467015232193
2019,PRY,FRA,0.2522185719893965
2019,MDG,DNK,0.25170821844217994
2019,GUY,SWE,0.2512347676522632
2019,LIE,CYP,0.24996023313348795
2019,GTM,HUN,0.24896865713775776
2019,SSD,EST,0.2487398466471447
2019,GTM,LVA,0.2470054948110914
2019,PRY,LUX,0.24384476899776428
2019,SVK,HUN,0.24334387431163845
2019,BOL,AUT,0.24297474255202764
2019,BHS,GRC,0.24264166681287633
2019,PRT,EST,0.24262389725448133
2019,TCD,SVN,0.2425380214259722
2019,TCD,AUT,0.24163525370771188
2019,ABW,CZE,0.2411765837558803
2019,UZB,BEL,0.23993850198152983
2019,CYP,AUT,0.2393722176776426
2019,ROU,GRC,0.23937040966484854
2019,TCD,ITA,0.2389747313815627
2019,LVA,BGR,0.23872285628157303
2019,MHL,ITA,0.23870020701710137
2019,VCT,SVN,0.2385783109672562
2019,BRB,SVK,0.23623345729685108
2019,SRB,LVA,0.23486266027820935
2019,PRY,POL,0.234833938415311
2019,PRY,HUN,0.23448088001318546
2019,LCA,SVK,0.23423985587983387
2019,YEM,BGR,0.23363199946763957
2019,AZE,CZE,0.23161244550908872
2019,AZE,LTU,0.2309324966713942
2019,KWT,HUN,0.23020754914144442
2019,UGA,LTU,0.22958462666698948
2019,SYC,BGR,0.2283677737528023
2019,SYC,HUN,0.227556397724761
2019,HUN,IRL,0.22630825386154038
2019,SSD,CYP,0.2259403240499957
2019,LCA,DEU,0.22437357613504627
2019,LIE,ROU,0.22409764321629655
2019,VCT,ITA,0.22118407948793592
2019,VUT,AUT,0.2209865025031918
2019,LIE,EST,0.2196860820668093
2019,ZMB,BEL,0.21903737016104283
2019,BGR,EST,0.2189702981592276
2019,GGY,SVN,0.21825983670957527
2019,CYP,HRV,0.21784306365092493
2019,JOR,GRC,0.21442671442184652
2019,YEM,EST,0.2131952316609547
2019,UZB,SVK,0.21308240651791757
2019,AZE,BGR,0.21218354454154095
2019,ABW,BGR,0.21106669670473424
2019,IMN,CZE,0.20994412808164703
2019,UGA,GRC,0.20897941195527242
2019,ASM,LUX,0.20749096508556034
2019,GHA,SVN,0.20738834655709032
2019,LKA,SVK,0.2073490092500847
2019,KWT,DNK,0.20731214594912906
2019,YEM,CYP,0.20617905223546767
2019,CPV,CYP,0.2058289263474296
2019,MDG,FIN,0.20569840321745075
2019,YEM,ITA,0.20436458957104078
2019,AZE,HRV,0.20207210727705027
2019,JOR,BGR,0.1955670525960314
2019,BOL,LUX,0.19469484494731154
2019,KWT,GRC,0.1946803150654882
2019,ZMB,ITA,0.19342103685553055
2019,PRK,BEL,0.1922791883396629
2019,BMU,MLT,0.19138815645424237
2019,YEM,FIN,0.1908184184621528
2019,PRI,CZE,0.19025860895638713
2019,VNM,GRC,0.18951033051129856
2019,ROU,BGR,0.1894415701079786
2019,UGA,CZE,0.18923826798303153
2019,ABW,DNK,0.18885746089891492
2019,MNG,SWE,0.18842403883975334
2019,AFG,ESP,0.18764832928724368
2019,FIN,LVA,0.18707958337215652
2019,YEM,SWE,0.18645026634741926
2019,PRY,SVK,0.18547249620851372
2019,GNQ,HRV,0.18542219668602822
2019,PNG,POL,0.18437235697269821
2019,ABW,HUN,0.18284383188242476
2019,MNG,CYP,0.18258799699835718
2019,AZE,GRC,0.182268856318218
2019,SSD,SVN,0.18016031592407353
2019,WSM,LTU,0.17999056771417932
2019,MCO,GRC,0.17922091022102443
2019,LKA,DNK,0.1789595210049027
2019,UGA,PRT,0.17786865910230348
2019,SYC,AUT,0.17696548559590652
2019,ESP,LVA,0.1749974607298509
2019,SGP,LVA,0.17440641922620953
2019,BRN,POL,0.17311591420108452
2019,IRN,SVN,0.17140629215780145
2019,BIH,SVN,0.17125013692968857
2019,IMN,GRC,0.1709101678503682
2019,GTM,HRV,0.1707139475246462
2019,VIR,DEU,0.17049660838568081
2019,CYP,FIN,0.17029302115801373
2019,PRK,DEU,0.16884422512451364
2019,DJI,POL,0.16867504385495943
2019,FIN,LTU,0.1673735256029329
2019,MNG,EST,0.16661719536483655
2019,KWT,BEL,0.1663863618708006
2019,KAZ,MLT,0.16478336587398681
2019,GUY,HRV,0.16472173890644304
2019,UZB,PRT,0.16433241036473809
2019,UGA,HRV,0.16338374280162518
2019,BIH,MLT,0.1616571566324005
2019,UZB,DNK,0.16033072924886796
2019,PRK,PRT,0.16029822259817342
2019,LAO,SVK,0.16012933305878504
2019,LKA,HUN,0.1597293153114917
2019,CAN,MLT,0.1595130959660446
2019,DOM,LTU,0.15901547269901212
2019,VUT,SVN,0.15841328638174407
2019,JOR,HRV,0.15822169532433067
2019,JOR,BEL,0.15813237573234484
2019,MCO,HRV,0.15791508714773955
2019,SYC,ITA,0.15779101197641518
2019,ISL,POL,0.15665052212137637
2019,CPV,FIN,0.15625550196691154
2019,BRN,ESP,0.15431913200280878
2019,DOM,CZE,0.15431356204507485
2019,SYC,EST,0.15272738840495084
2019,VUT,HRV,0.15261089249953816
2019,KWT,HRV,0.1522012171087438
2019,GUY,CZE,0.15214350663311887
2019,DJI,BEL,0.1514947202397843
2019,LAO,DNK,0.15127255173858054
2019,PYF,LTU,0.15086971131332114
2019,UGA,BGR,0.1508386398362018
2019,CPV,CZE,0.15064801564436026
2019,VNM,ITA,0.15039524513026578
2019,GIN,GRC,0.1494706341505696
2019,CPV,LTU,0.14944984897710945
2019,VIR,EST,0.14897663380519463
2019,PRK,SVK,0.14869998155609274
2019,MCO,BEL,0.14843155226372784
2019,JEY,MLT,0.14721961524866378
2019,MHL,SVK,0.14661259832847245
2019,GIN,LTU,0.14574873234827576
2019,VGB,MLT,0.14551516575422793
2019,LKA,CZE,0.14435929901725342
2019,MHL,DNK,0.14434895220012442
2019,BOL,FIN,0.14281034540766024
2019,CRI,AUT,0.14261044900511474
2019,ABW,DEU,0.14184192279663138
2019,DOM,PRT,0.14043244542431596
2019,GHA,HRV,0.13960476970583566
2019,PNG,ESP,0.13942327949578565
2019,SYC,SWE,0.1376330075384968
2019,SYC,CYP,0.13722558485381617
2019,CRI,LUX,0.13678470835642223
2019,LKA,BEL,0.1366818693704101
2019,WSM,CZE,0.13570170267031567
2019,ROU,HRV,0.13451547848817472
2019,UZB,HUN,0.1335086644404685
2019,BOL,CYP,0.1331247661707376
2019,PRY,BGR,0.13289057044014346
2019,DOM,AUT,0.1324825823436808
2019,ISL,HUN,0.13161094721987512
2019,PRY,ITA,0.13138787718110306
2019,SRB,LTU,0.13005452222879565
2019,MCO,LTU,0.12981323704261233
2019,UZB,HRV,0.12921627471552763
2019,TCD,HRV,0.12899672709978086
2019,FRO,NLD,0.12897480852072488
2019,BOL,NLD,0.128476216488683
2019,VCT,HRV,0.12699976127027085
2019,FIN,FRA,0.12671874996545748
2019,ZMB,GRC,0.1265456650246089
2019,YEM,AUT,0.1256680784740422
2019,BOL,SVK,0.12536242806829584
2019,PRY,LVA,0.1250830844407832
2019,LVA,HUN,0.12457605914913414
2019,CYP,LUX,0.12408844386220898
2019,BOL,SWE,0.12382768457056947
2019,DJI,PRT,0.12354118090397355
2019,DOM,BGR,0.12258362189396842
2019,WSM,LVA,0.1206191337620004
2019,SVK,HRV,0.12037008983893045
2019,LKA,LTU,0.12019127491973529
2019,ABW,AUT,0.11967973449343074
2019,PYF,CZE,0.11930074116576636
2019,SSD,HRV,0.11913800431333613
2019,UZB,CZE,0.11890199001605375
2019,MNG,AUT,0.11846507945606394
2019,BHR,SVN,0.11776741609134485
2019,CUW,IRL,0.11710990928725819
2019,SYC,SVN,0.11698459184821319
2019,GNQ,LTU,0.11640734551203893
2019,YEM,SVN,0.11622827070660752
2019,ISL,FRA,0.1160106217807394
2019,CYP,EST,0.11585237364516561
2019,TCD,EST,0.11537110335008942
2019,LCA,DNK,0.11390751599323161
2019,UZB,LTU,0.11375432331755155
2019,MUS,SVK,0.11307713381552154
2019,MDG,HUN,0.11193200884360995
2019,BMU,LUX,0.1114548550815787
2019,DJI,SVK,0.11102864451329478
2019,GNQ,FIN,0.11040576415613293
2019,LCA,CYP,0.11024442918321647
2019,LKA,PRT,0.10969389451956901
2019,TWN,LVA,0.10898181651346184
2019,BTN,NLD,0.10896873588575554
2019,ROU,SVN,0.10741122640112262
2019,UZB,BGR,0.10567272700595765
2019,ABW,LUX,0.10561336160210189
2019,LCA,BGR,0.10501139282342806
2019,GHA,LVA,0.1049611111151736
2019,LAO,HUN,0.10406650435054218
2019,LTU,CYP,0.10382104548528182
2019,ZMB,HRV,0.10315021961215161
2019,PYF,LVA,0.10170406463653
2019,KWT,LUX,0.10106189134156325
2019,LIE,SWE,0.1001468888740565
2019,LAO,LTU,0.09994795964311332
2019,BRN,NLD,0.09987675564205613
2019,KAZ,LUX,0.09975801333411423
2019,LCA,HUN,0.09812957636997503
2019,PRI,AUT,0.09738467072939465
2019,MNG,ITA,0.09709766950815049
2019,LCA,FRA,0.09686092920365268
2019,ISL,CYP,0.09638663784289205
2019,GHA,IRL,0.09613657628357053
2019,PRI,LUX,0.09595031724416693
2019,VCT,CYP,0.09534571201840608
2019,WSM,GRC,0.09479147957899045
2019,PYF,GRC,0.09430710836776764
2019,GHA,SVK,0.09428889101881593
2019,SSD,FIN,0.09328846929651013
2019,ABW,SVN,0.09305742890976494
2019,VIR,LTU,0.09291739968645121
2019,LKA,GRC,0.09237361425500534
2019,LCA,ITA,0.09087662248795642
2019,LAO,PRT,0.09085481654794858
2019,URY,ITA,0.08974278278454037
2019,ABW,ITA,0.08958831327304825
2019,YEM,HRV,0.08949645310877133
2019,PRY,LTU,0.08916354600643402
2019,GUY,AUT,0.08842893815944683
2019,URY,LVA,0.08834231775476589
2019,CRI,SVK,0.0880745618447952
2019,MHL,HUN,0.08804183079566304
2019,DOM,GRC,0.08744019393832117
2019,LAO,CZE,0.08727656309643672
2019,LCA,EST,0.08724542647301603
2019,CPV,LVA,0.08656736292750196
2019,VCT,CZE,0.08613179141138752
2019,MNG,HUN,0.0855115369630875
2019,ESP,EST,0.08541307917413792
2019,MDG,BEL,0.08513736626844459
2019,GIN,LVA,0.08508369838188798
2019,MMR,SVN,0.08481653499189287
2019,MHL,LTU,0.08479334368023361
2019,GUY,LTU,0.08425058909549715
2019,ALB,SWE,0.08348856064925474
2019,TCD,FRA,0.0833454386969006
2019,LCA,FIN,0.08304732663201916
2019,LVA,LUX,0.08171132555609809
2019,BOL,BGR,0.08093951758714933
2019,ZMB,LTU,0.08050968761066696
2019,MCO,PRT,0.08031062782927698
2019,DOM,BEL,0.07958090996149338
2019,LIE,BEL,0.07934638691866461
2019,BOL,GRC,0.0786344546161174
2019,VUT,LTU,0.07829549442099279
2019,LKA,BGR,0.07724621942811298
2019,ABW,HRV,0.07721777896735772
2019,VIR,LVA,0.07662610842746509
2019,AFG,POL,0.07618356596945697
2019,CYP,LTU,0.07567939784599516
2019,ISL,EST,0.07547814013595576
2019,UZB,GRC,0.0753804207028193
2019,PRT,LVA,0.07502941179106844
2019,XKV,ESP,0.0749105169930149
2019,MDG,EST,0.07414822275765232
2019,SYC,HRV,0.07396074097572039
2019,PRY,EST,0.07395261551098169
2019,LAO,GRC,0.07384867192133812
2019,LAO,BGR,0.07375846044270874
2019,PRY,HRV,0.07328792615605555
2019,CPV,LUX,0.07322956703519555
2019,TCD,DEU,0.07290819523614796
2019,GIB,SVN,0.07233592837494751
2019,AFG,BEL,0.07126324471418821
2019,LTU,ROU,0.07093304867397027
2019,VUT,CZE,0.07086875911490652
2019,MHL,CZE,0.07020799333366869
2019,BOL,DNK,0.06965154088826159
2019,LKA,HRV,0.06949996631226314
2019,KHM,LVA,0.06949607378503694
2019,MCO,CZE,0.06910699052440977
2019,LVA,SVK,0.06876317433383201
2019,VCT,SWE,0.06814313021548281
2019,MHL,PRT,0.06805499244017149
2019,MHL,GRC,0.06638265241360729
2019,GNQ,CZE,0.06616965278758716
2019,TCD,CYP,0.06604544025148229
2019,PRK,DNK,0.06547062887415178
2019,AZE,LVA,0.06494249860667058
2019,VIR,FRA,0.0645838934586327
2019,MCO,BGR,0.06454818746135249
2019,LVA,DNK,0.06449276492990089
2019,ISL,AUT,0.06401602115004429
2019,HKG,IRL,0.06350396079587928
2019,ISL,BEL,0.06322443865133869
2019,CAN,EST,0.06244588053655181
2019,PRI,SVK,0.06178162933336637
2019,TLS,LUX,0.061712925057841504
2019,PRK,BGR,0.06085187319390821
2019,GUY,GRC,0.06058315515463476
2019,MDG,PRT,0.06032368414030182
2019,AND,CZE,0.060203187749317134
2019,PRK,HUN,0.05968624128457177
2019,BRN,ROU,0.05956612014888571
2019,MHL,BGR,0.05953560462314353
2019,GHA,LUX,0.05949292089613731
2019,LAO,BEL,0.05935061440202128
2019,LTU,SWE,0.059198259988533834
2019,SSD,LTU,0.059112304627575545
2019,MNG,SVK,0.05875330339509104
2019,MNG,FIN,0.058533449491170834
2019,BOL,ROU,0.0585296153187906
2019,ABW,FIN,0.05830092651522549
2019,CRI,BGR,0.0581378245060527
2019,ISL,ITA,0.058122947386782746
2019,MUS,LVA,0.05805723376763272
2019,LAO,HRV,0.05764572244505303
2019,VCT,EST,0.05716479664296968
2019,AFG,PRT,0.05705121255202237
2019,LCA,SWE,0.056975640664700934
2019,ALB,ROU,0.05658332178407569
2019,UZB,LVA,0.05653711369325619
2019,MDG,HRV,0.05535282106508988
2019,DOM,HRV,0.05532169349338342
2019,VCT,FIN,0.05512196349650845
2019,CRI,FIN,0.054559043384429955
2019,VUT,LVA,0.05439312354216923
2019,BGR,LVA,0.054268715299129806
2019,AFG,HUN,0.05394486143165665
2019,BOL,HRV,0.053857915252275075
2019,ASM,MLT,0.05335173605812854
2019,HUN,MLT,0.05329672952810055
2019,FRO,ROU,0.052916219501834824
2019,LCA,SVN,0.052484394185651116
2019,FRO,ESP,0.05230837414442513
2019,SYR,NLD,0.052272951465568665
2019,VNM,SVK,0.05209846668953327
2019,MNG,DNK,0.05188266914102459
2019,BGR,SVK,0.051696590502743674
2019,PRT,SVN,0.05166177538830782
2019,MHL,HRV,0.05155005453188258
2019,CPV,GRC,0.051462563615466854
2019,BRB,SVN,0.05053103817185846
2019,AFG,SVK,0.050354075871588855
2019,BOL,LTU,0.04969668032670295
2019,LVA,HRV,0.049627685175705955
2019,VNM,LTU,0.049304767523731335
2019,AZE,SVN,0.04812930136658903
2019,MMR,IRL,0.048093797171872156
2019,MDG,GRC,0.04796406902516659
2019,BTN,FRA,0.04770880589004288
2019,DOM,DNK,0.04764735111148739
2019,ZMB,PRT,0.04737618159221073
2019,ALB,SVK,0.047245371776865934
2019,DJI,DNK,0.04662031388041985
2019,YEM,LTU,0.04644653058561279
2019,DJI,BGR,0.046354731884013234
2019,TWN,LUX,0.04537736429098308
2019,MDG,CYP,0.04514720219184951
2019,CRI,SWE,0.04507311621678689
2019,CYP,GRC,0.04498965531657577
2019,ABW,SWE,0.044766663284681124
2019,CRI,DEU,0.04468242564308999
2019,LTU,AUT,0.044643245272999434
2019,TCD,LTU,0.04460906321798782
2019,DJI,HUN,0.04418383783422471
2019,CRI,POL,0.04411554637987928
2019,VIR,CYP,0.04404378218695036
2019,SYC,FIN,0.04379870609660508
2019,ALB,AUT,0.04318713159671695
2019,GUY,LVA,0.04283419795572993
2019,GIN,CZE,0.04255347642103653
2019,VNM,HUN,0.04239017640774341
2019,ESP,POL,0.04191817481044886
2019,BTN,ESP,0.04183163501944842
2019,BOL,HUN,0.04175878969352955
2019,ISL,PRT,0.041108428136188396
2019,VNM,BGR,0.040682961568269546
2019,BTN,ROU,0.040186704183862124
2019,VUT,GRC,0.040157818328222065
2019,ABW,LTU,0.03999916338297704
2019,ALB,DNK,0.03980209348677225
2019,CRI,LTU,0.039579745715434496
2019,PRI,BGR,0.03956116002164482
2019,MMR,LUX,0.03951325592562833
2019,ISL,SWE,0.039320643593931934
2019,AFG,DEU,0.039217787928258016
2019,JEY,LUX,0.03916162951288938
2019,ZMB,CZE,0.038972773364592636
2019,CRI,BEL,0.038532008141757654
2019,CUW,MLT,0.038392315527110935
2019,GNQ,LVA,0.03839055787555308
2019,VIR,CZE,0.038172803539372864
2019,PNG,SWE,0.037926811126087624
2019,CRI,HRV,0.03783838874861324
2019,GNQ,GRC,0.037602761268718414
2019,LCA,HRV,0.03758665067141212
2019,MNG,PRT,0.036811951274067
2019,ABW,CYP,0.03664151921721006
2019,MCO,LVA,0.03653659588079829
2019,HKG,MLT,0.03646422093521712
2019,MHL,BEL,0.0363587580378873
2019,LIE,DNK,0.03608310769914097
2019,PRK,ITA,0.035872076814253036
2019,VCT,LTU,0.03582756681777628
2019,SYC,LTU,0.03582265683284139
2019,LIE,PRT,0.03568769013430887
2019,VCT,AUT,0.03550954713782915
2019,URY,SVN,0.03534293548326178
2019,LIE,NLD,0.035138297752499485
2019,PRI,FIN,0.03502987198423148
2019,GHA,MLT,0.035019310520260555
2019,LIE,SVK,0.03487427059295005
2019,SSD,CZE,0.03479015289803361
2019,ALB,FIN,0.0343617455693056
2019,LCA,CZE,0.033581570489508154
2019,LTU,DNK,0.03351629575260085
2019,ZMB,BGR,0.03342654553281177
2019,BHS,LUX,0.03340837835421351
2019,JEY,IRL,0.0332331641472308
2019,BHS,LVA,0.03277222571009543
2019,SSD,GRC,0.03269619624513502
2019,CRI,FRA,0.03258394191508824
2019,BRN,SWE,0.03232717515850822
2019,PRK,SVN,0.032059730191374786
2019,VCT,LVA,0.0319067342837159
2019,ABW,GRC,0.03165832851259529
2019,YEM,CZE,0.03158957980111693
2019,CAN,BGR,0.03129009953360226
2019,BRB,IRL,0.0311441250291109
2019,CRI,HUN,0.031143666428494966
2019,IMN,LUX,0.030926317840092934
2019,AND,AUT,0.030815255341066407
2019,VCT,FRA,0.03061321928786153
2019,DOM,IRL,0.03042866405132531
2019,AND,LUX,0.030361385460256726
2019,BHS,FRA,0.029971663678343984
2019,VCT,GRC,0.02968630530455691
2019,LTU,SVK,0.02965278794968596
2019,ISL,CZE,0.02949923004412105
2019,LIE,LTU,0.02943752797915553
2019,BRN,SVK,0.02941834190159791
2019,MNG,BEL,0.02910372377553648
2019,CRI,CYP,0.02903746359365489
2019,BTN,POL,0.028905456279582766
2019,GGY,MLT,0.0288887809570266
2019,TCD,LVA,0.028395314113890825
2019,VIR,SWE,0.02773957500383008
2019,CRI,GRC,0.027738010929527837
2019,PNG,ROU,0.027541804663831257
2019,BTN,DEU,0.02753302614468607
2019,LIE,ITA,0.0269624239206004
2019,DJI,AUT,0.026919585975076606
2019,CRI,ROU,0.026585986037778387
2019,PRI,HRV,0.02654248013584403
2019,LCA,AUT,0.02653252809039477
2019,VNM,HRV,0.026332832673846295
2019,IOT,NLD,0.02597364085282123
2019,LTU,FIN,0.025949536120142662
2019,UGA,IRL,0.025761959795784883
2019,LTU,PRT,0.025643594170852074
2019,MNG,LTU,0.025637807558882248
2019,MNG,CZE,0.02528131596215871
2019,MNG,BGR,0.025016354454956008
2019,DJI,SVN,0.024882169473382607
2019,CRI,EST,0.02480998337924836
2019,DJI,ITA,0.024584663236734878
2019,PRI,LTU,0.02440190092697706
2019,AFG,ITA,0.024381196856289106
2019,YEM,LVA,0.024342443686902953
2019,GIB,MLT,0.024326516018333456
2019,SSD,LVA,0.02392674927367665
2019,PLW,NLD,0.02388397915388656
2019,SGP,SVN,0.023870966529024748
2019,BHS,POL,0.023745950629380362
2019,VIR,FIN,0.023731735220299265
2019,MDG,BGR,0.023618371508893222
2019,BHS,SVK,0.023069206854094065
2019,FIN,DEU,0.022552856979433364
2019,FRO,POL,0.022495587403796743
2019,AFG,DNK,0.022397158880214756
2019,PRK,EST,0.02226258927230862
2019,IMN,MLT,0.022172578220115164
2019,MNG,GRC,0.022131128065895025
2019,YEM,GRC,0.021921319927272122
2019,PNG,SVK,0.021847634831289035
2019,BHR,LUX,0.02180412159610882
2019,VNM,LVA,0.021706927692330343
2019,AFG,BGR,0.021658555316415327
2019,AUT,GRC,0.021544305996726305
2019,TCD,SWE,0.02153245982204264
2019,SYR,ROU,0.021408286524290214
2019,MDG,ITA,0.02111692965089884
2019,UZB,SVN,0.021112318089576608
2019,FRO,BEL,0.021076424487598337
2019,GIB,IRL,0.021041779544292965
2019,ABW,EST,0.021002338641063545
2019,SYR,ESP,0.020677583856568937
2019,PRI,HUN,0.020579739129255953
2019,ALB,NLD,0.020425896164677517
2019,BRN,DNK,0.02008894924619064
2019,LKA,LVA,0.020042871975774576
2019,PRI,SWE,0.019704727981683236
2019,LTU,MLT,0.019703979405497545
2019,JOR,IRL,0.019699600476165736
2019,AND,SVK,0.01954944930280648
2019,PNG,AUT,0.01952679589977913
2019,LCA,LTU,0.01942942086855382
2019,LIE,GRC,0.019387353279113603
2019,LIE,CZE,0.01931090338774866
2019,PRK,SWE,0.018950323637383693
2019,PRK,HRV,0.018730635958986053
2019,AFG,FRA,0.018630192159645693
2019,MNG,HRV,0.01854093592410634
2019,BEN,AUT,0.018518338902998987
2019,XKV,ITA,0.01848340790407758
2019,PRI,GRC,0.01847040366995557
2019,CUW,LUX,0.018215601074287838
2019,PNG,DNK,0.018205591733388114
2019,SRB,MLT,0.018193192920719116
2019,BIH,LUX,0.01803702917638115
2019,BHS,BGR,0.017924093469896013
2019,UGA,LVA,0.017713838679580114
2019,LVA,SVN,0.017515051285711018
2019,IOT,FRA,0.017450594661922492
2019,FRO,PRT,0.01742342959771628
2019,CRI,ITA,0.01714039309194951
2019,LBR,LUX,0.0167608787970438
2019,BRN,AUT,0.016720426059149213
2019,BGR,HUN,0.01669028438594808
2019,SRB,ITA,0.016565274765078217
2019,PRY,IRL,0.016488133555028997
2019,ZMB,IRL,0.016485496375187914
2019,BRN,BEL,0.016226233847093128
2019,ALB,HUN,0.016222673092888284
2019,PRK,CYP,0.01607110206312603
2019,ISL,NLD,0.015876488995880397
2019,SGP,MLT,0.015711820402247202
2019,FRO,SVK,0.015620350318456135
2019,PNG,FIN,0.015559494659048921
2019,SSD,IRL,0.015450343348786252
2019,SYC,GRC,0.015234574278037677
2019,SYC,CZE,0.015225103390544196
2019,KHM,SVN,0.015217382773018706
2019,PRY,SVN,0.015057440712601398
2019,VIR,AUT,0.015010286358672015
2019,SYC,LVA,0.014894478196972788
2019,BTN,BEL,0.014646757520068911
2019,ISL,IRL,0.014557839835512423
2019,ISL,DNK,0.014405994076756865
2019,LIE,HUN,0.01405286043832273
2019,UGA,LUX,0.013927631520198692
2019,LKA,LUX,0.013712274834663255
2019,LCA,GRC,0.013638599871320368
2019,VIR,GRC,0.013616215077910887
2019,ISL,GRC,0.013581829739488734
2019,BRN,PRT,0.013408071132303585
2019,PNG,NLD,0.013335615019175124
2019,BRN,FIN,0.013305247976209552
2019,BGR,BEL,0.013271827943515552
2019,LIE,LVA,0.013251123484756355
2019,DJI,HRV,0.013214664311470609
2019,AZE,LUX,0.012965155859101313
2019,TLS,MLT,0.012866257388489948
2019,BHS,HUN,0.01277109741161666
2019,ZMB,LVA,0.012717927457454939
2019,KWT,SVN,0.012650171093123407
2019,KHM,LUX,0.01259253318347092
2019,AND,BGR,0.0125182663608658
2019,BHS,LTU,0.01240090076867244
2019,BGR,LTU,0.012368752948949324
2019,DJI,EST,0.012352518042939305
2019,ISL,LTU,0.012157723548950282
2019,XKV,POL,0.012069326088156761
2019,ABW,LVA,0.012043373081939548
2019,BTN,PRT,0.01185719489074058
2019,BOL,ITA,0.011704685454677113
2019,ISL,LVA,0.011603551106042111
2019,MDG,SVN,0.011576910170731097
2019,LCA,LVA,0.01153830174558949
2019,AFG,SVN,0.011534670268181958
2019,GTM,SVK,0.011405870726240452
2019,PRI,BEL,0.011403678594137972
2019,PRK,AUT,0.011333068420550357
2019,JOR,LVA,0.011292753707384034
2019,GNQ,IRL,0.011180579293038657
2019,AND,FIN,0.011084439077259603
2019,BTN,SVK,0.011081804229807427
2019,LTU,GRC,0.010995193531740263
2019,BHS,ITA,0.01086742016204689
2019,IOT,ESP,0.01075514616790374
2019,BRN,HUN,0.010698210265373015
2019,SRB,SVK,0.010568390934846555
2019,BRB,MLT,0.010540805788224979
2019,WLF,NLD,0.010175576340540879
2019,LTU,HUN,0.00986792076398784
2019,ESP,DEU,0.009758214698188905
2019,BHS,HRV,0.009539946054383708
2019,IOT,ROU,0.009492490941539103
2019,IOT,DEU,0.009236838480753818
2019,ZMB,LUX,0.009192697676686188
2019,PLW,ESP,0.009135409847777972
2019,ABW,FRA,0.009104074670805377
2019,BGR,HRV,0.009046372062822
2019,SYR,POL,0.009019243042402515
2019,PLW,ROU,0.008851802098918681
2019,DJI,FRA,0.008814218930324054
2019,PLW,FRA,0.008805879196607557
2019,REU,NLD,0.008611574171379014
2019,CAN,LTU,0.008574303192819425
2019,ALB,HRV,0.008569414418274392
2019,SYR,BEL,0.008492397744655107
2019,GGY,LUX,0.00844687332268681
2019,AND,HRV,0.008398789015203164
2019,MDG,LTU,0.007865459385264957
2019,MUS,SVN,0.007798794618848385
2019,IOT,POL,0.00772974915303865
2019,AND,LTU,0.0077214494051293615
2019,ALB,GRC,0.007700033657022534
2019,ROU,MLT,0.007698759470533991
2019,LKA,SVN,0.007543815795538618
2019,PNG,HUN,0.0075357996480697985
2019,DJI,DEU,0.007464521783286415
2019,GIN,IRL,0.0074494991327162564
2019,DJI,CYP,0.007379661269669467
2019,BEN,POL,0.007273193224668939
2019,MDG,LVA,0.007244899651174207
2019,MUS,LUX,0.00713373955945889
2019,SYR,PRT,0.007017443118173046
2019,BRB,LUX,0.006997976372015843
2019,EST,CZE,0.0068595989153647854
2019,LIE,HRV,0.006788253184996926
2019,PRK,LTU,0.00677599340033339
2019,LVA,IRL,0.00671642108862466
2019,FRO,DNK,0.006589098137836349
2019,AFG,HRV,0.006565191903674842
2019,AFG,SWE,0.0065628165877563045
2019,AND,HUN,0.006512009655839393
2019,FRO,BGR,0.006472650907432587
2019,SYR,SVK,0.006329306192387661
2019,AND,SWE,0.006235131459951074
2019,FRO,HUN,0.0062018271679694665
2019,ATG,NLD,0.006145109078966415
2019,LIE,BGR,0.006070656230368349
2019,ASM,IRL,0.005998583807995567
2019,PRK,FIN,0.005958685527780996
2019,AND,GRC,0.0058445564489694605
2019,MNG,IRL,0.005840396976452202
2019,MHL,LVA,0.0058148031196284655
2019,ISL,BGR,0.005801161770656891
2019,PRI,ITA,0.005768351406137027
2019,PLW,POL,0.005753378857150131
2019,DOM,SVK,0.005664884242198322
2019,LAO,LVA,0.00559542458487659
2019,MLT,IRL,0.005455512691335887
2019,BOL,LVA,0.005431948882185224
2019,TCD,CZE,0.005431130341168203
2019,NRU,NLD,0.005402648166323795
2019,AZE,IRL,0.005395307788402264
2019,ALB,EST,0.005384550658642901
2019,LTU,HRV,0.005323074416974996
2019,BIH,IRL,0.005239519354405472
2019,BHR,MLT,0.005152391748020199
2019,BEN,DEU,0.00515232589143984
2019,BTN,DNK,0.0051177494214927535
2019,BEN,CYP,0.005094887380481739
2019,BRN,BGR,0.0050104244593074
2019,LTU,CZE,0.004930453453963271
2019,BTN,EST,0.0049145484850041
2019,KWT,LVA,0.004900226331624329
2019,ISL,LUX,0.004879143877362886
2019,BTN,CYP,0.004867359194968728
2019,BHS,EST,0.004859918669909175
2019,PLW,DEU,0.004815310659085883
2019,TCD,FIN,0.004808604278487566
2019,ISL,SVK,0.004784149948494527
2019,BTN,HUN,0.004713279834535722
2019,BTN,BGR,0.004703394943477499
2019,IOT,BEL,0.004661429631641397
2019,MDA,POL,0.004661298028659635
2019,BRN,HRV,0.004641633056750555
2019,BEN,ROU,0.004639614519012087
2019,DJI,LTU,0.00461670074005828
2019,BOL,SVN,0.004609595669322039
2019,BEN,EST,0.0045447872325111854
2019,DOM,LUX,0.004526802254195128
2019,BTN,FIN,0.004495951057290432
2019,PYF,LUX,0.004418677938856007
2019,SRB,IRL,0.004395178508860256
2019,BEN,FRA,0.004357821181099582
2019,BTN,SWE,0.004283126096708252
2019,WLF,FRA,0.004209667140529175
2019,UZB,LUX,0.004196315224798198
2019,BTN,ITA,0.004194875170325258
2019,GNQ,LUX,0.004022262844000024
2019,SRB,BGR,0.003963450951071809
2019,PNG,HRV,0.003934083534695208
2019,WSM,LUX,0.003921584501763749
2019,PRK,LVA,0.003914061808682334
2019,WLF,ESP,0.003909814235031704
2019,FLK,NLD,0.0038987942144001913
2019,AFG,FIN,0.0038478252450822093
2019,WLF,ROU,0.0037814748105024537
2019,UGA,SVN,0.003735195094693327
2019,AFG,IRL,0.0037341543043927635
2019,YEM,IRL,0.0037280118005850464
2019,TCD,GRC,0.0036468169474841924
2019,AND,BEL,0.0036084454059744117
2019,LTU,SVN,0.0036069523047382156
2019,REU,ROU,0.0035803837368420183
2019,EST,AUT,0.00351111461064893
2019,FRO,SVN,0.0035002439335207977
2019,PNG,GRC,0.0034822179279828183
2019,EST,LUX,0.003459400316796539
2019,REU,ESP,0.003430454237898002
2019,MNE,POL,0.0034188201641604512
2019,SSD,LUX,0.003410295325928194
2019,MNG,SVN,0.003403228457342123
2019,ALB,BEL,0.003331063245337589
2019,ISL,HRV,0.0032573263450819965
2019,DOM,SVN,0.0032548209229909995
2019,CRI,SVN,0.0032385151206231187
2019,PLW,BEL,0.0032253516716671507
2019,FRO,ITA,0.0032251268167983018
2019,LAO,SVN,0.003116436593409022
2019,AZE,MLT,0.0030580715850026443
2019,LTU,BEL,0.0030529153588704956
2019,LVA,MLT,0.0030039519407734643
2019,GTM,LUX,0.0029998311253525336
2019,BRN,GRC,0.002981298156956246
2019,GTM,SVN,0.0029714657288554998
2019,MCO,MLT,0.0029631964911747285
2019,JOR,LUX,0.002930664182030247
2019,DJI,LVA,0.0028980677413287075
2019,CRI,PRT,0.002876989766590336
2019,BGR,CZE,0.0028525537605313366
2019,BTN,AUT,0.002851467874616316
2019,DOM,LVA,0.0027809322197859835
2019,ALB,PRT,0.002742098168452331
2019,IOT,PRT,0.002728760702084053
2019,BRN,SVN,0.002711445105369099
2019,PLW,PRT,0.0027016788527736836
2019,VUT,LUX,0.0026778111565194866
2019,MMR,MLT,0.0026655354247960062
2019,BRN,EST,0.002663946772214063
2019,SYR,DNK,0.002659125678098634
2019,MCO,LUX,0.002630851445794463
2019,IOT,SVK,0.0026300533371448353
2019,WLF,POL,0.002623231575127669
2019,SYR,BGR,0.002622328617901049
2019,AFG,EST,0.0025865635681687287
2019,AFG,AUT,0.002586312466422983
2019,SYR,HUN,0.002510332737915296
2019,BRN,ITA,0.002492333720511213
2019,PLW,SVK,0.002491558477810932
2019,PNG,EST,0.002479635536234915
2019,PNG,LVA,0.002465719302516821
2019,AFG,CZE,0.0024233046028220074
2019,WLF,DEU,0.0023605763416163013
2019,XKV,ROU,0.0023369199782171126
2019,BTN,SVN,0.0023143682062207716
2019,PNG,BEL,0.002293834836941853
2019,ATG,ROU,0.002283344783261776
2019,ATG,ESP,0.002282503832738302
2019,PRI,SVN,0.0022717199675136805
2019,GUY,LUX,0.002251299939798751
2019,EST,SVK,0.00222747974396142
2019,AFG,LTU,0.002203871923850161
2019,NRU,FRA,0.002194370008115581
2019,VCT,LUX,0.0021108855663419484
2019,NRU,ESP,0.0020983523896203195
2019,BEN,ESP,0.0020821468142136197
2019,PRK,GRC,0.0020532964867872434
2019,BTN,HRV,0.002026591489418894
2019,MCO,SVN,0.0020210037322325475
2019,NRU,ROU,0.0020111530695847927
2019,JOR,SVN,0.002009955026956623
2019,MDG,CZE,0.0019656723762765792
2019,LIE,LUX,0.0019526945087921669
2019,DJI,SWE,0.0019487748522551106
2019,PRK,CZE,0.001911629718158235
2019,FRO,HRV,0.0018585552715806755
2019,ZMB,SVN,0.0018378229379188572
2019,AND,ITA,0.0018252690094423538
2019,CRI,DNK,0.0018078431505483147
2019,PNG,PRT,0.0017923592444559898
2019,BEN,BEL,0.0017903288848633704
2019,XKV,LVA,0.0017789275108732443
2019,WSM,MLT,0.0017755625643162878
2019,XKV,AUT,0.001753555711270074
2019,TCD,LUX,0.0016813773788139637
2019,XKV,PRT,0.0016727166541815799
2019,MNG,LVA,0.0016526068408034057
2019,BHS,SVN,0.0015968901632896291
2019,REU,POL,0.0015695449667888623
2019,LAO,LUX,0.0015389017503203125
2019,ISL,SVN,0.0015208841783464848
2019,GIN,LUX,0.0015207449466638203
2019,DMA,NLD,0.0015075656649991501
2019,AFG,LVA,0.001503759768921892
2019,FLK,ESP,0.0014933022722566213
2019,FLK,ROU,0.001476531300334306
2019,NRU,POL,0.0014408005569220724
2019,MDA,LVA,0.001428798010671776
2019,EST,BGR,0.0014263411882573698
2019,CYM,MLT,0.001421100546952225
2019,REU,BEL,0.0014197139391458132
2019,AFG,GRC,0.0014194980916152364
2019,SYR,SVN,0.001419101346287932
2019,XKV,DEU,0.0013913498387210994
2019,WLF,BEL,0.001369238493279722
2019,NRU,DEU,0.0013591280454369557
2019,FIN,IRL,0.001335950520439198
2019,BEN,SWE,0.0013319019517735974
2019,YEM,LUX,0.0013123757895987043
2019,SYR,ITA,0.001304424025097425
2019,STP,DEU,0.0012857533248781985
2019,XKV,CZE,0.0012722085390566718
2019,IOT,DNK,0.0012684461304293246
2019,EST,FIN,0.0012629697714413714
2019,IOT,EST,0.0012338183889294826
2019,IOT,CYP,0.0012306635502459338
2019,IOT,ITA,0.001209013083526788
2019,AUT,MLT,0.0012023507604319579
2019,BEN,ITA,0.0011800406042848696
2019,REU,PRT,0.001160135402840918
2019,BGR,IRL,0.0011583574222857524
2019,MHL,MLT,0.0011574229749305347
2019,IOT,SWE,0.0011542914936792084
2019,PLW,DNK,0.0011319808461154777
2019,WLF,PRT,0.0011216245190019528
2019,ATG,POL,0.0011152499697120368
2019,IOT,HUN,0.0010996794601035606
2019,TWN,SVN,0.0010844051200548546
2019,IOT,BGR,0.0010843159565485927
2019,ALB,LVA,0.0010583005580976777
2019,WLF,SVK,0.0010485074723233965
2019,BTN,LTU,0.0010438645831405571
2019,REU,SVK,0.001042705418403944
2019,PLW,BGR,0.0010416407208881115
2019,PLW,HUN,0.0010342185844102706
2019,GIB,LUX,0.0010295293766511757
2019,ALB,BGR,0.0010246869663403351
2019,IOT,AUT,0.0010180012057969048
2019,ATG,BEL,0.0009753358785256202
2019,EST,HRV,0.0009569646753417768
2019,PNG,MLT,0.0009075791144933378
2019,FRO,EST,0.000898574875774326
2019,XKV,EST,0.0008848590181298997
2019,EST,LTU,0.0008797880634662941
2019,MDA,ESP,0.0008753790149049932
2019,MNG,LUX,0.0008688624040083919
2019,FRO,FIN,0.0008681592486859546
2019,FIN,CZE,0.0008562413574582864
2019,TWN,MLT,0.000841436324937759
2019,ATG,PRT,0.0008391511451274989
2019,SYC,LUX,0.0008202336345800606
2019,BTN,CZE,0.0007996553390156001
2019,IMN,IRL,0.0007975215147596415
2019,PLW,EST,0.000787068752580504
2019,PLW,ITA,0.000775036242697308
2019,NRU,BEL,0.0007573182631265277
2019,SYR,HRV,0.0007522344361102872
2019,EST,HUN,0.000741983540108266
2019,PLW,CYP,0.0007389522103083512
2019,GGY,IRL,0.0007349485693030644
2019,PLW,SWE,0.0007201272811905891
2019,AND,SVN,0.000718836243302132
2019,EST,SWE,0.0007104358190787393
2019,ESP,CYP,0.0007050952547198315
2019,BRN,LVA,0.0007006102114018064
2019,FLK,POL,0.0006986386104905391
2019,MDA,EST,0.0006973831213771535
2019,STP,BEL,0.0006940945498796382
2019,MNE,ESP,0.0006929217536171142
2019,BEN,LTU,0.0006877549120872144
2019,XKV,FRA,0.0006780650382729538
2019,PNG,BGR,0.0006689954158247287
2019,EST,GRC,0.0006659333928475228
2019,STP,PRT,0.0006543854955504391
2019,BTN,LVA,0.0006473034372447087
2019,FLK,BEL,0.0006315431909678032
2019,IRN,MLT,0.0006261492455415595
2019,DMA,ROU,0.0006177277366614185
2019,ATG,SVK,0.000617508694472171
2019,MDA,DEU,0.0006155740572859994
2019,XKV,LUX,0.0006131870757161103
2019,NRU,PRT,0.0006089797533837522
2019,XKV,SVK,0.0006061512956503762
2019,FIN,AUT,0.0006049277316185009
2019,DMA,ESP,0.0006007781547686352
2019,XKV,DNK,0.0005782408935736741
2019,PLW,FIN,0.0005678839978956615
2019,LKA,MLT,0.0005611991718582235
2019,AFG,LUX,0.0005555215337132544
2019,ALB,SVN,0.0005545203768630559
2019,KHM,MLT,0.0005514620710819667
2019,NRU,SVK,0.0005478179699888845
2019,ALB,ITA,0.0005456199175512507
2019,FLK,PRT,0.0005403195190442624
2019,IOT,FIN,0.0005285702561514129
2019,IOT,SVN,0.0005275572180142866
2019,PLW,SVN,0.0005273654690250741
2019,FRO,LTU,0.0005172464123253594
2019,XKV,GRC,0.0005154498540027654
2019,BTN,GRC,0.0004908808058850326
2019,ATG,DEU,0.0004863667243424525
2019,WLF,DNK,0.0004807253924455939
2019,PLW,AUT,0.0004689998329805835
2019,LCA,LUX,0.00046095618395096893
2019,FRO,LVA,0.00045495157322301917
2019,XKV,FIN,0.00044630641611200243
2019,WLF,BGR,0.0004426286755855308
2019,WLF,HUN,0.0004400954176690841
2019,REU,DNK,0.0004380708830464311
2019,REU,BGR,0.00043472003521700627
2019,IOT,HRV,0.00042798277511423016
2019,MNE,DEU,0.00042420221595346343
2019,WLF,EST,0.0004216798664513447
2019,WLF,FIN,0.0004171471104117016
2019,UZB,MLT,0.00041653673794047556
2019,XKV,CYP,0.00041599528112652034
2019,REU,HUN,0.0004147679032328116
2019,PYF,MLT,0.0004114297291566926
2019,EST,BEL,0.00041114912878107313
2019,WLF,CYP,0.00041083958581735846
2019,FLK,SVK,0.00040642089402380063
2019,FRO,FRA,0.0004054435735671374
2019,BRN,LTU,0.00039192759624048096
2019,MDG,LUX,0.0003893306127768663
2019,DJI,CZE,0.0003840675198427271
2019,WLF,ITA,0.0003817434903015243
2019,DJI,GRC,0.0003770683174281964
2019,PNG,SVN,0.0003728746305152758
2019,LTU,IRL,0.00036280232407887107
2019,BEN,PRT,0.000352268871111223
2019,WLF,SWE,0.0003476802600766027
2019,STP,ESP,0.00034687052949506215
2019,VUT,MLT,0.0003439018131640387
2019,MTQ,NLD,0.00033702163136523506
2019,PLW,HRV,0.0003348897543896425
2019,PNG,ITA,0.00033277816026745853
2019,STP,CYP,0.00033192444660074005
2019,SYR,EST,0.0003290892889425046
2019,STP,NLD,0.0003259767077628548
2019,NRU,FIN,0.00030507678861329337
2019,DJI,FIN,0.0003005782822847317
2019,ATG,DNK,0.0003002872695850187
2019,AUT,CZE,0.000296474256844441
2019,STP,CZE,0.0002928599456893813
2019,MUS,MLT,0.0002919609460350269
2019,FRO,DEU,0.0002870229990894748
2019,MDA,FRA,0.00028121741174729414
2019,ATG,BGR,0.00027102890548564635
2019,NRU,CYP,0.00027071531885996603
2019,CYP,IRL,0.00026892674929618354
2019,MCO,IRL,0.0002680503810711304
2019,FLK,DEU,0.00026790968718586457
2019,NRU,ITA,0.0002658226280584796
2019,NRU,EST,0.00026213928843303054
2019,DMA,POL,0.0002589658409742017
2019,DMA,BEL,0.00025828536931985126
2019,NRU,DNK,0.0002570552548710371
2019,ATG,HUN,0.0002550127314305377
2019,XKV,SWE,0.00025379813661146315
2019,XKV,BGR,0.00025282242646346446
2019,BEN,GRC,0.0002476536086328926
2019,IOT,LTU,0.00024504100208606617
2019,WLF,AUT,0.00024350195528774425
2019,LIE,IRL,0.00024243055813041254
2019,ATG,ITA,0.00023687600246682198
2019,NRU,HUN,0.00023562249800142284
2019,XKV,SVN,0.00023533321165792822
2019,BEN,BGR,0.00023497099175107269
2019,NRU,BGR,0.00023482064917934204
2019,REU,SVN,0.0002337862347090141
2019,NRU,SWE,0.0002305501045736022
2019,AUT,SWE,0.00023027047706537045
2019,REU,ITA,0.0002285040447881136
2019,PNG,CZE,0.00022378980606314948
2019,MNE,FRA,0.00022260261986832057
2019,ATG,CYP,0.00022168600848241458
2019,STP,SWE,0.00022068158169788585
2019,WLF,SVN,0.0002200740593283049
2019,SRB,SVN,0.00021730828237493944
2019,DMA,PRT,0.00021535599426046956
2019,REU,AUT,0.00021367119106689518
2019,FIN,CYP,0.00021032889500705618
2019,PRY,MLT,0.00020934866584424854
2019,KWT,MLT,0.00020909670374040303
2019,EST,ITA,0.00020797259722450074
2019,SYR,LTU,0.0002051249270622973
2019,FLK,DNK,0.00019443182889216607
2019,LAO,MLT,0.00018572842205841217
2019,BEN,FIN,0.00018349117660239152
2019,DMA,SVK,0.00018173078308113556
2019,PLW,LTU,0.00017898672307016246
2019,STP,FIN,0.00017877986398742197
2019,FLK,BGR,0.00017628666096003692
2019,WLF,HRV,0.00017563456317140088
2019,ATG,FRA,0.00017501905774965299
2019,IOT,GRC,0.00017417878908691507
2019,STP,DNK,0.00017311358795734538
2019,XKV,HRV,0.000169624303954457
2019,ATG,EST,0.0001674587597259192
2019,FLK,HUN,0.00016614757928763948
2019,SYR,LVA,0.0001653000919091776
2019,XKV,BEL,0.0001650818345544996
2019,STP,ROU,0.00016357559998755194
2019,NRU,AUT,0.00015744143569723838
2019,IOT,CZE,0.00015696093379162724
2019,ATG,FIN,0.00015653480332598522
2019,XKV,LTU,0.00015594456278086917
2019,FIN,SWE,0.0001488741246971975
2019,AFG,CYP,0.00014849663643128416
2019,TON,NLD,0.00014795070652970816
2019,SYR,FRA,0.00014266832031475013
2019,ATG,SVN,0.00013899834159809992
2019,MTQ,ROU,0.0001380265595659565
2019,PRT,CYP,0.000136364883391357
2019,BEN,CZE,0.0001346110918965102
2019,FLK,ITA,0.00013358054212985715
2019,LBR,MLT,0.00013345363530658486
2019,MTQ,ESP,0.00013331546906477133
2019,XKV,HUN,0.00013151837761574492
2019,FRO,CYP,0.00013133016726730824
2019,URY,EST,0.00013042674462928285
2019,ATG,SWE,0.00012642847637065033
2019,REU,HRV,0.00012392494510466098
2019,GTM,MLT,0.0001227734102153961
2019,FLK,CYP,0.00011933569197193511
2019,NRU,SVN,0.00011574718336471512
2019,STP,AUT,0.00011483359726007308
2019,MUS,IRL,0.00010950813168019177
2019,MDA,ITA,0.00010881539348626986
2019,NRU,HRV,0.00010845594170252274
2019,REU,EST,0.00010665456371636033
2019,IOT,LVA,0.00010563144713635556
2019,BEN,HUN,0.00010482680160816895
2019,PLW,CZE,0.00010301120303345232
2019,STP,GRC,0.00010138531659014592
2019,DJI,LUX,9.532480765467985e-05
2019,FLK,SVN,9.128542939858704e-05
2019,FLK,FRA,9.057781002082037e-05
2019,FLK,EST,9.056898020034577e-05
2019,WLF,LTU,9.007718052853214e-05
2019,YEM,MLT,9.004882076137038e-05
2019,XKV,IRL,8.78858134653412e-05
2019,MDA,SVK,8.76439581374707e-05
2019,MNE,ITA,8.613475076647321e-05
2019,STP,LVA,8.271389559917373e-05
2019,EST,SVN,8.190477114621113e-05
2019,FLK,FIN,8.164261320565679e-05
2019,ATG,HRV,8.05566796254268e-05
2019,ALB,LTU,8.015350852574924e-05
2019,DMA,DNK,7.996847481960821e-05
2019,ATG,CZE,7.80152686414239e-05
2019,PLW,GRC,7.758754509926935e-05
2019,DMA,BGR,7.532840034705917e-05
2019,FRO,CZE,7.442979314544522e-05
2019,REU,FRA,7.377096379550301e-05
2019,DMA,HUN,7.207815839344937e-05
2019,MNE,SVK,6.937612637784373e-05
2019,FIN,GRC,6.885328828259151e-05
2019,PLW,LVA,6.863227193981395e-05
2019,MDA,ROU,6.832298097248757e-05
2019,FLK,SWE,6.622659865602245e-05
2019,BHS,MLT,6.264962048966802e-05
2019,SRB,HUN,6.1014505828658746e-05
2019,TON,ROU,6.0592926705993686e-05
2019,REU,DEU,5.942128965679627e-05
2019,WLF,CZE,5.930047504368754e-05
2019,REU,CYP,5.878686555387594e-05
2019,TON,ESP,5.8524782992629525e-05
2019,MTQ,POL,5.815015067270938e-05
2019,NRU,LTU,5.5864769552108126e-05
2019,JOR,MLT,5.542644832189239e-05
2019,MTQ,BEL,5.475339849503886e-05
2019,MNE,ROU,5.4082264918062945e-05
2019,NRU,CZE,5.242111125208327e-05
2019,PNG,LTU,5.2330449715298375e-05
2019,FLK,HRV,5.1947054699337354e-05
2019,WLF,LVA,5.070132699552152e-05
2019,LIE,SVN,4.62320004090154e-05
2019,MTQ,PRT,4.524386057016941e-05
2019,FLK,CZE,4.505315437902718e-05
2019,XKV,MLT,4.257378119860747e-05
2019,ATG,AUT,4.2233732903200653e-05
2019,LBR,IRL,4.191960402069859e-05
2019,REU,LTU,4.1728376920058415e-05
2019,ATG,LTU,4.109849109305465e-05
2019,MTQ,SVK,4.0807205993976065e-05
2019,DMA,SVN,4.0746077230798626e-05
2019,FRO,SWE,4.054611461443514e-05
2019,WLF,GRC,4.047962326686565e-05
2019,NRU,LVA,3.86422858423795e-05
2019,UGA,MLT,3.828376760779028e-05
2019,MDA,BEL,3.824051301958701e-05
2019,DMA,ITA,3.745339415494068e-05
2019,MDA,IRL,3.6449336858568074e-05
2019,FRO,AUT,3.2624899848823586e-05
2019,ATG,GRC,3.210032532839637e-05
2019,STP,MLT,3.1275358497056966e-05
2019,MNE,BEL,3.026995494474605e-05
2019,NRU,GRC,2.905791451941744e-05
2019,MNE,IRL,2.885211775034504e-05
2019,BTN,LUX,2.840507607001895e-05
2019,REU,LVA,2.7231942373663036e-05
2019,DMA,DEU,2.6769366586891482e-05
2019,TON,POL,2.552760735856969e-05
2019,PRK,MLT,2.4292356786486986e-05
2019,TON,BEL,2.403645118987839e-05
2019,FLK,LTU,2.3934276021841056e-05
2019,MDA,CZE,2.3361216746241827e-05
2019,FLK,AUT,2.3048495381728687e-05
2019,FRO,GRC,2.2623759197647545e-05
2019,LCA,MLT,2.2569287656054365e-05
2019,DMA,HRV,2.159860006446438e-05
2019,TON,PRT,1.986181453805242e-05
2019,ATG,LVA,1.9519117375745222e-05
2019,MNE,CZE,1.8491984613307468e-05
2019,FLK,GRC,1.8047946165085837e-05
2019,TON,SVK,1.7914146738460316e-05
2019,STP,FRA,1.785714294211418e-05
2019,MTQ,DNK,1.7144294494797936e-05
2019,GIN,MLT,1.6954893296198985e-05
2019,MTQ,BGR,1.690705123782586e-05
2019,GNQ,MLT,1.67774208414408e-05
2019,MDA,AUT,1.6504514446840027e-05
2019,MTQ,HUN,1.6184975420013166e-05
2019,REU,SWE,1.536780724233843e-05
2019,GUY,MLT,1.4395703904394896e-05
2019,MHL,SVN,1.382481897265043e-05
2019,STP,HRV,1.3459989450911889e-05
2019,MNE,AUT,1.3064440543328079e-05
2019,CPV,IRL,1.284849996132615e-05
2019,FLK,LVA,1.2458028991017029e-05
2019,ALB,IRL,1.2028666855878864e-05
2019,FRO,LUX,1.1662857944902972e-05
2019,IOT,IRL,1.129500436600216e-05
2019,VCT,MLT,1.1077227138836166e-05
2019,MDA,DNK,9.826835291292533e-06
2019,DMA,EST,9.449422898359767e-06
2019,MTQ,SVN,9.149432687258674e-06
2019,BHR,IRL,8.413031671164091e-06
2019,MTQ,ITA,8.410068699103597e-06
2019,BOL,EST,8.01961537462458e-06
2019,MNE,DNK,7.778605411609038e-06
2019,ALB,CZE,7.709448725470193e-06
2019,TON,DNK,7.526254244226504e-06
2019,TON,BGR,7.4221057142160085e-06
2019,STP,ITA,7.2119987636276264e-06
2019,TON,HUN,7.1051182645361695e-06
2019,DMA,CYP,6.915235220213892e-06
2019,STP,SVK,6.603193807409283e-06
2019,STP,EST,6.276434339629979e-06
2019,DMA,CZE,5.993443396148412e-06
2019,DMA,LTU,5.8991358359152975e-06
2019,MDA,CYP,5.7568760888080495e-06
2019,TCD,MLT,5.521017536320686e-06
2019,DMA,LVA,5.028359421282709e-06
2019,SYC,MLT,5.007989522669598e-06
2019,SSD,MLT,4.914708284611882e-06
2019,MTQ,HRV,4.849913190648622e-06
2019,TCD,IRL,4.734513160330158e-06
2019,STP,IRL,4.468782270315121e-06
2019,IOT,LUX,4.411092424027367e-06
2019,DMA,SWE,4.355340902514188e-06
2019,IRN,IRL,4.325626101010209e-06
2019,DMA,FRA,4.096377198949995e-06
2019,MDA,SWE,4.061799473552873e-06
2019,TON,SVN,4.016552364732165e-06
2019,IOT,MLT,3.919189395749076e-06
2019,DMA,FIN,3.726077168750233e-06
2019,CYM,IRL,3.694984937664612e-06
2019,TON,ITA,3.6919755000750137e-06
2019,STP,BGR,3.6652740433690593e-06
2019,PLW,LUX,3.216993684111968e-06
2019,MNE,SWE,3.2151892678862e-06
2019,REU,GRC,2.8574279349254973e-06
2019,MDG,IRL,2.802401090573663e-06
2019,STP,LUX,2.6816287636554753e-06
2019,MAF,DEU,2.4186187295499417e-06
2019,SYC,IRL,2.361358751058433e-06
2019,DMA,AUT,2.3567381305354704e-06
2019,FRO,IRL,2.1586940441474525e-06
2019,DMA,GRC,2.1378574999100573e-06
2019,TON,HRV,2.1290861368675703e-06
2019,BTN,MLT,2.1241393632226476e-06
2019,MTQ,EST,2.12175142046997e-06
2019,REU,FIN,2.1171952044654147e-06
2019,STP,HUN,2.0358438385349132e-06
2019,TLS,IRL,2.018085504157482e-06
2019,NRU,LUX,2.0045260265504806e-06
2019,MDA,GRC,1.8785551261338765e-06
2019,STP,LTU,1.873078808236589e-06
2019,MAF,LVA,1.7563856733428555e-06
2019,GLP,LVA,1.6776228847635092e-06
2019,WLF,LUX,1.596157634469327e-06
2019,REU,CZE,1.5519623350582214e-06
2019,MAF,FRA,1.4945336330521903e-06
2019,MNE,GRC,1.4870035608614405e-06
2019,MAF,HRV,1.4017845714940643e-06
2019,MAF,ROU,1.3496699180035193e-06
2019,STP,SVN,1.3372210367019586e-06
2019,MTQ,LTU,1.322510698439251e-06
2019,MAF,ESP,1.3031389786051703e-06
2019,MAF,NLD,1.2599767797781325e-06
2019,MAF,BEL,1.172177990419672e-06
2019,MAF,SWE,1.1678074277120991e-06
2019,MTQ,LVA,1.0657463387493893e-06
2019,TON,EST,9.314376067414801e-07
2019,MTQ,FRA,9.198315516636941e-07
2019,ATG,LUX,8.819047002544489e-07
2019,VUT,IRL,7.746982284062554e-07
2019,GLP,MLT,7.712395204654528e-07
2019,MAF,ITA,7.510903803719224e-07
2019,STP,POL,7.430150433629422e-07
2019,MAF,MLT,7.398405913029362e-07
2019,MAF,CYP,6.966521510122314e-07
2019,MAF,SVK,6.876866609419509e-07
2019,FLK,LUX,6.420346790074763e-07
2019,MAF,EST,5.991016336580369e-07
2019,TON,LTU,5.805751738681087e-07
2019,MAF,CZE,5.226027489369239e-07
2019,TON,LVA,4.6785698342473464e-07
2019,MAF,IRL,4.6539932759527985e-07
2019,MAF,AUT,4.157691565859843e-07
2019,TON,FRA,4.038011667253457e-07
2019,BEN,SVK,4.0147197926309657e-07
2019,GUY,IRL,4.0045350739704307e-07
2019,SXM,LVA,3.680743234773225e-07
2019,DJI,IRL,3.5501658200695335e-07
2019,LCA,IRL,3.390468375396998e-07
2019,NRU,MLT,3.142031131558085e-07
2019,MAF,FIN,3.0979604920068254e-07
2019,MAF,DNK,3.071148773798556e-07
2019,MAF,LUX,2.7927702626188004e-07
2019,WLF,MLT,2.775505149341058e-07
2019,GLP,ROU,2.4323357599169616e-07
2019,MAF,PRT,2.2289968579304874e-07
2019,MAF,BGR,2.124891651484768e-07
2019,MAF,HUN,2.035797172025973e-07
2019,GLP,CZE,1.9017134700103002e-07
2019,PSE,DEU,1.8535189007205982e-07
2019,SXM,MLT,1.6921172649258013e-07
2019,BEN,IRL,1.6696401808421297e-07
2019,MAF,LTU,1.4869775123108054e-07
2019,GLP,SWE,1.4770539359533058e-07
2019,PLW,MLT,1.3166117315800634e-07
2019,ATG,MLT,1.2390454944421677e-07
2019,PSE,FRA,1.1319502347438188e-07
2019,GLP,DEU,1.1235245673495052e-07
2019,GLP,FRA,1.1188471400857506e-07
2019,PSE,HRV,1.094802453658826e-07
2019,MAF,SVN,1.0919622859600076e-07
2019,GLP,BEL,1.0817369506637389e-07
2019,PSE,ESP,9.997425530281954e-08
2019,PSE,NLD,9.840496878803655e-08
2019,PSE,ROU,9.773817308868062e-08
2019,PSE,BEL,8.813589773400459e-08
2019,PSE,SWE,8.654767578808307e-08
2019,MAF,GRC,8.5814399344694e-08
2019,PSE,LVA,8.426052701939088e-08
2019,PSE,ITA,5.8660625039858586e-08
2019,GLP,ESP,5.7122318054095186e-08
2019,PSE,CYP,5.440896552756213e-08
2019,PSE,SVK,5.3708755186629694e-08
2019,SXM,ROU,5.33660065937489e-08
2019,PSE,EST,4.628274255190908e-08
2019,FLK,MLT,4.611424422489298e-08
2019,BEN,DNK,4.501393020269081e-08
2019,SXM,CZE,4.172403138268027e-08
2019,PSE,IRL,3.634797643973339e-08
2019,PSE,CZE,3.481736150003656e-08
2019,PSE,MLT,3.345616858852315e-08
2019,PSE,AUT,3.2471829269803297e-08
2019,SXM,SWE,3.240690343182633e-08
2019,SXM,DEU,2.465038768803017e-08
2019,SXM,FRA,2.4547763856932185e-08
2019,PSE,DNK,2.3985862603141026e-08
2019,SXM,BEL,2.3733557756760408e-08
2019,PSE,FIN,2.3630173630230357e-08
2019,PSE,LUX,2.18117091470172e-08
2019,GLP,POL,2.1097131571781576e-08
2019,GLP,FIN,1.7915921698656767e-08
2019,PSE,PRT,1.7352207442995672e-08
2019,PSE,BGR,1.6595535727185236e-08
2019,GLP,EST,1.6089006317244995e-08
2019,PSE,HUN,1.5818120745247858e-08
2019,SXM,ESP,1.253276809953711e-08
2019,BDI,DEU,1.2127707454297233e-08
2019,PSE,LTU,1.1613386693778863e-08
2019,MNE,EST,1.012220575983248e-08
2019,GLP,SVN,9.21205729100766e-09
2019,MAF,POL,8.520155316512955e-09
2019,PSE,SVN,8.237733658502038e-09
2019,BDI,FRA,7.40643178467673e-09
2019,BDI,HRV,7.163371181733908e-09
2019,PSE,GRC,6.6877840704660885e-09
2019,BDI,ESP,6.5413874161328905e-09
2019,BDI,NLD,6.4387078709938424e-09
2019,BDI,ROU,6.395078948890981e-09
2019,BDI,BEL,5.7667951674208006e-09
2019,BDI,SWE,5.662876663405856e-09
2019,BDI,LVA,5.513226874777473e-09
2019,SXM,POL,4.62875924090069e-09
2019,SXM,FIN,3.930794470317069e-09
2019,BDI,ITA,3.838206879320451e-09
2019,BDI,CYP,3.5600177400547798e-09
2019,SXM,EST,3.52996502934396e-09
2019,BDI,SVK,3.5142024739250363e-09
2019,BDI,EST,3.0283131271760314e-09
2019,GLP,HUN,2.586505756399759e-09
2019,BDI,IRL,2.378274236347937e-09
2019,BDI,CZE,2.2781250001755773e-09
2019,BDI,MLT,2.1890611691389483e-09
2019,BDI,AUT,2.124655139674908e-09
2019,SXM,SVN,2.0211465794948092e-09
2019,GLP,PRT,1.788022063940078e-09
2019,BDI,DNK,1.5694122384010817e-09
2019,BDI,FIN,1.5461392531269472e-09
2019,BDI,LUX,1.427155814329182e-09
2019,BDI,PRT,1.1353674109992412e-09
2019,BDI,BGR,1.0858578365097529e-09
2019,BDI,HUN,1.0349910152010583e-09
2019,BDI,LTU,7.598722425815132e-10
2019,NRU,IRL,7.520367763766597e-10
2019,SXM,HUN,5.674853181269322e-10
2019,BDI,SVN,5.390008370450933e-10
2019,GLP,GRC,4.557146185142677e-10
2019,BDI,GRC,4.375865209283242e-10
2019,SXM,PRT,3.92296157571816e-10
2019,DOM,MLT,2.326563047134886e-10
2019,ZMB,MLT,1.257971783905353e-10
2019,ISL,MLT,1.091183646677166e-10
2019,SXM,GRC,9.998483653971536e-11
2019,MNG,MLT,4.465543332133304e-11
2019,AFG,MLT,2.855118910986658e-11
2019,FRO,MLT,6.850449477615828e-15
2020,NLD,DEU,4319.9447186993
2020,SGP,FRA,1519.115506172261
2020,LUX,FRA,1332.8087588865885
2020,LUX,PRT,1318.60208207719
2020,SWE,DEU,1273.924377157608
2020,DNK,DEU,1164.500173107002
2020,LUX,NLD,1104.490163209183
2020,ASM,DEU,1083.8946911437038
2020,CHE,DEU,1002.2075030762741
2020,NLD,ESP,911.3901997928401
2020,SWE,POL,872.5769243681548
2020,CHE,FRA,856.4101794662012
2020,NLD,BEL,813.0344114104829
2020,IRL,FRA,793.4560261070063
2020,NLD,IRL,720.2152532732905
2020,SWE,FRA,703.6992875883569
2020,SWE,ROU,694.8635932736055
2020,CHE,NLD,687.4008821305101
2020,LUX,ESP,660.9742155273987
2020,LUX,BEL,648.4580696229168
2020,IRL,DEU,629.7125050149995
2020,LUX,DEU,623.7593020279362
2020,NLD,ROU,622.1482124296647
2020,HKG,FRA,619.6135611615491
2020,SWE,ESP,614.0707281270526
2020,HKG,NLD,610.3058514256145
2020,CHE,ESP,589.3180445646503
2020,HKG,IRL,589.0230164269051
2020,LUX,ITA,581.861368431465
2020,DNK,ESP,574.5255223140841
2020,SWE,HRV,562.6695488677608
2020,IRL,NLD,504.53372098243403
2020,SWE,BEL,503.8304617175711
2020,TLS,DEU,498.54647642353837
2020,DNK,FRA,479.1712565434946
2020,DNK,SWE,475.83244312466013
2020,NLD,SWE,469.0772540558011
2020,PAN,IRL,463.4070028830933
2020,SWE,CYP,445.297603287322
2020,VGB,IRL,442.86534308104564
2020,CAN,DEU,438.7363933303649
2020,CHE,IRL,430.1289348049131
2020,GBR,IRL,394.39025005712597
2020,SWE,EST,381.11282075015856
2020,SWE,LVA,370.61081696037496
2020,SWE,ITA,367.7888357699014
2020,NLD,EST,362.77814365579536
2020,CYM,ESP,362.34501724490895
2020,IRL,ESP,360.0727995210588
2020,CYM,IRL,359.66499513075047
2020,DNK,POL,346.9983698935354
2020,NLD,FIN,341.0163973802679
2020,LUX,IRL,331.0542628946114
2020,NLD,POL,324.89256640078116
2020,NLD,ITA,313.01308816108
2020,SGP,ESP,303.6950918435154
2020,DNK,NLD,299.7176793625096
2020,SGP,NLD,298.92872990493635
2020,NLD,PRT,296.550278334292
2020,DNK,FIN,259.81820395388775
2020,CHE,SWE,240.98402079699022
2020,CHE,BEL,240.38408489288395
2020,CHE,FIN,239.61973274861396
2020,SWE,SVK,235.57280059291045
2020,ASM,ESP,227.38562013912002
2020,NLD,CZE,220.96897765070494
2020,MLT,IRL,219.13610139861063
2020,BMU,IRL,211.17426681424666
2020,IRL,ITA,210.7857056078485
2020,DNK,BEL,206.82370452960743
2020,LVA,IRL,206.0822295572343
2020,LUX,POL,204.02863428062048
2020,MLT,NLD,203.29678251008625
2020,URY,ESP,199.8895507600309
2020,HKG,ROU,199.27276585297938
2020,ASM,NLD,195.3135426203706
2020,SGP,IRL,194.33959848495024
2020,HKG,DEU,193.1889023673573
2020,SGP,DEU,191.39800407554063
2020,SWE,CZE,191.22384730141366
2020,HKG,ESP,190.140704614763
2020,PRT,ESP,180.95600568109325
2020,CHE,ITA,180.05372438150854
2020,BIH,IRL,178.03905748251893
2020,SVK,NLD,176.23369629331552
2020,LUX,FIN,170.0939708246317
2020,IRL,SWE,169.4192127965802
2020,BIH,NLD,166.6503458738353
2020,SWE,AUT,164.01576336401783
2020,VGB,ESP,161.95390067082138
2020,JEY,NLD,157.03863358089555
2020,SVK,IRL,151.6717715224845
2020,AUT,DEU,150.12084600248795
2020,CHE,POL,150.10227776165715
2020,SWE,IRL,149.91972207317528
2020,ASM,IRL,146.85886449148165
2020,DNK,ITA,144.91437326550923
2020,KAZ,NLD,142.92130534370835
2020,JEY,IRL,142.53074865500662
2020,BMU,DEU,138.80087835375673
2020,LVA,NLD,137.95028079535282
2020,IRL,FIN,135.93304981067917
2020,AUT,POL,134.5528679793205
2020,ASM,SWE,134.36740782141624
2020,SGP,SWE,132.93793366837247
2020,NLD,HUN,131.94315142260925
2020,GBR,NLD,129.16824096903858
2020,CAN,BEL,128.00344439486716
2020,LUX,SWE,127.21684730301833
2020,MLT,DEU,127.13673167275033
2020,NLD,DNK,125.57081132986897
2020,NLD,FRA,121.51323539796634
2020,AUT,NLD,119.2145470107852
2020,SWE,FIN,118.7962570323918
2020,IRL,BEL,118.38370548097826
2020,ASM,FRA,117.05553234899196
2020,AUT,ESP,115.40251649235601
2020,SWE,DNK,114.84492299079645
2020,AUT,ITA,114.15818172934394
2020,SRB,IRL,112.94188456811655
2020,DNK,LUX,112.17289527249807
2020,MLT,FRA,112.11078213148934
2020,PAN,BEL,111.8702073651848
2020,SWE,PRT,109.98385912172877
2020,CHE,EST,109.78022263333891
2020,SRB,NLD,109.55964239712247
2020,SWE,BGR,108.76685956934483
2020,PAN,FIN,108.17939568233106
2020,BGR,NLD,106.0463032484757
2020,KAZ,IRL,105.91957114835179
2020,ASM,EST,105.40400593224336
2020,VGB,BEL,104.25412661370473
2020,TLS,ESP,103.05635020824202
2020,FIN,DEU,101.47487053303841
2020,SGP,BEL,100.75066188385857
2020,HKG,BEL,99.70580227791694
2020,CPV,DEU,98.44995859997402
2020,ASM,ROU,98.20728642824278
2020,VGB,FIN,97.85906188417066
2020,VIR,DEU,96.4774131215975
2020,SWE,HUN,96.01694312672463
2020,BGR,ITA,95.81699371811152
2020,ESP,IRL,95.19054726664368
2020,GRC,DEU,93.63222158064417
2020,AUT,ROU,91.90254275913117
2020,CHE,ROU,91.34829394163481
2020,MLT,FIN,91.34327179890904
2020,AUT,CYP,91.27988884941954
2020,SWE,NLD,90.14459772957112
2020,AUT,FRA,88.04004137633238
2020,IRL,POL,87.31846782685099
2020,MLT,ESP,87.18868075966257
2020,BHR,NLD,86.88740980397642
2020,ROU,NLD,85.26157291057551
2020,ROU,ESP,84.66864481339887
2020,PAN,DEU,84.14549824345997
2020,CHE,PRT,83.72627102451301
2020,CAN,ESP,83.6662198716163
2020,MUS,IRL,82.66981447178834
2020,CAN,IRL,81.59929426282235
2020,AUT,EST,80.8029361509665
2020,LUX,CYP,80.70297995381688
2020,VGB,DEU,80.07147503678937
2020,CYM,BEL,79.93449408841714
2020,SWE,LTU,79.61631575318542
2020,DNK,CZE,79.0488365388041
2020,HUN,NLD,76.08348211269252
2020,NLD,AUT,75.98569287033075
2020,DNK,HUN,75.92472677791292
2020,BHR,IRL,74.54237683791297
2020,PRY,IRL,74.50879521653857
2020,LUX,EST,74.475769191311
2020,JEY,FIN,74.348685487869
2020,CYM,FIN,73.7024497878232
2020,MUS,NLD,73.64891466985785
2020,CHE,CYP,73.30886237025703
2020,TLS,NLD,72.20301066966482
2020,ASM,POL,71.56889330720522
2020,DNK,LTU,68.80477825381088
2020,CYM,DEU,68.68415175111824
2020,ROU,ITA,68.06984153538477
2020,KAZ,FRA,67.44969635323976
2020,CHE,CZE,67.33842408752695
2020,DNK,PRT,66.89122658026625
2020,LUX,ROU,66.83546492515816
2020,ROU,FRA,65.37501618625696
2020,BIH,FIN,64.13103702525018
2020,HKG,SWE,63.92252521178206
2020,NLD,CYP,63.124895984855435
2020,HKG,CYP,62.0034189493789
2020,TLS,SWE,61.57753974426977
2020,HKG,FIN,61.13970515229976
2020,ASM,ITA,60.70002521892062
2020,IRL,EST,59.885305419898366
2020,ASM,BEL,59.65527756422854
2020,TLS,IRL,59.260277998960106
2020,ASM,CZE,59.15779876434316
2020,GTM,IRL,58.284588376937734
2020,BOL,ESP,57.362837934115305
2020,HKG,EST,56.86005609979824
2020,BHR,FRA,56.691933546178184
2020,GIN,FRA,55.88284154396691
2020,BMU,BEL,54.11956098449113
2020,IRL,PRT,53.87536534635037
2020,HUN,ITA,53.227072767857045
2020,LVA,FIN,52.49196647543212
2020,IRL,ROU,52.39584350134007
2020,AUT,IRL,52.05500697207659
2020,HKG,HUN,49.694184224128016
2020,BGR,ESP,49.602182245674115
2020,BMU,FIN,49.50127304247712
2020,WSM,DEU,49.467835389066565
2020,SVK,FIN,48.82335752736007
2020,MLT,BEL,48.469708727956785
2020,SWE,GRC,48.37260878093238
2020,ROU,IRL,48.03260762885737
2020,SVK,ITA,47.847556443846194
2020,PAN,ESP,47.165069552671376
2020,TLS,EST,46.69719612625599
2020,AUT,BEL,46.438374749095296
2020,TLS,FRA,45.82286114017603
2020,KAZ,ESP,45.740454813456296
2020,HUN,FRA,45.141818187405065
2020,DNK,IRL,44.85166626785636
2020,CAN,SWE,44.51288068918038
2020,SRB,ITA,44.44402095225379
2020,TLS,ROU,43.70268757945572
2020,LTU,LVA,43.649335140743005
2020,HKG,CZE,43.0643588255539
2020,PRI,DEU,42.520804171576714
2020,HUN,ESP,42.120474919272795
2020,IRL,CZE,42.07320830180559
2020,MCO,FRA,41.43480720282258
2020,SWE,MLT,41.38840740749544
2020,SWE,SVN,41.1983300707944
2020,PYF,DEU,40.62265388026531
2020,CRI,ESP,40.603736877412565
2020,GNQ,DEU,40.40494185058795
2020,MMR,NLD,40.24771369687683
2020,SGP,DNK,40.24016092073833
2020,CRI,IRL,40.172923005356544
2020,KAZ,ITA,39.124309684155214
2020,NLD,HRV,39.068375049702766
2020,PAN,CZE,38.72226629587459
2020,PRY,ESP,38.39773458273743
2020,NLD,LTU,38.168330845365965
2020,ASM,DNK,37.402500331147195
2020,DNK,CYP,37.29092685191926
2020,LUX,DNK,37.19351233842972
2020,IRL,CYP,36.956273535199536
2020,PAN,ITA,36.87700961619457
2020,FIN,FRA,36.67273132635692
2020,CHE,DNK,36.49253213963301
2020,JEY,DEU,36.43958750065506
2020,VGB,CZE,36.08727220793093
2020,LUX,CZE,35.93523631152895
2020,VGB,ITA,35.72366169005467
2020,FIN,NLD,35.6490319484173
2020,MLT,EST,35.504694245747274
2020,CAN,ITA,35.462525461981485
2020,MMR,IRL,35.26739030528336
2020,AUT,SWE,35.24448846610497
2020,BMU,ESP,35.07777213699229
2020,GGY,NLD,35.04433049868376
2020,CUW,IRL,34.730695423262546
2020,LTU,POL,34.52210217484389
2020,LBR,NLD,34.330843582025935
2020,BRB,IRL,34.106562517465015
2020,PRT,IRL,33.87603222271401
2020,BIH,FRA,33.719727170789135
2020,LBR,IRL,33.37488898405863
2020,SRB,ESP,33.36174967625241
2020,JEY,BEL,33.344959935275895
2020,CAN,EST,33.25264213458304
2020,CHE,LUX,32.99912581584316
2020,VCT,DEU,32.897534492109635
2020,LVA,DEU,32.75457875281875
2020,TLS,POL,31.923275324988573
2020,MLT,CYP,31.771919209573486
2020,CAN,ROU,31.305799076385146
2020,FIN,ESP,31.17716495317753
2020,HUN,DEU,30.87973759893479
2020,GGY,IRL,30.782538739433814
2020,GGY,DEU,30.487664241082737
2020,HKG,POL,30.47769060817381
2020,IRL,DNK,30.3765015122446
2020,DNK,EST,29.417992287486975
2020,BIH,BEL,29.39418050200082
2020,HUN,IRL,29.17547684035657
2020,ASM,PRT,28.894885146247304
2020,PRI,ESP,28.735407258232925
2020,MLT,ROU,28.18797949743235
2020,NLD,SVN,28.050340870994603
2020,NLD,BGR,27.715510783423248
2020,AUT,PRT,27.703683440569257
2020,JEY,CYP,27.642890496346205
2020,LVA,BEL,27.600246075901477
2020,BIH,DEU,27.453399858692592
2020,KHM,NLD,27.2297215061233
2020,IMN,IRL,27.151154429566013
2020,TLS,ITA,26.890366427082007
2020,CYM,FRA,26.791613610990353
2020,DNK,LVA,26.776316219976152
2020,IRN,NLD,26.752223595721897
2020,SVK,ESP,26.528760297097584
2020,FIN,IRL,26.461991266819116
2020,BGR,IRL,26.450064397792815
2020,CYM,CZE,26.281554951808943
2020,VGB,FRA,26.15731473976105
2020,TLS,CZE,26.03795562240024
2020,MMR,FRA,25.883973668842987
2020,CHE,LTU,25.867377558982778
2020,URY,IRL,25.55793169103035
2020,JEY,EST,25.375659257860416
2020,GRC,ESP,25.265184007437615
2020,CHE,HUN,24.92297566724509
2020,VGB,NLD,24.795162853870153
2020,KHM,IRL,24.75896708100936
2020,MCO,NLD,24.46387950436604
2020,PAN,POL,24.365488028731086
2020,KWT,FRA,24.326790654727553
2020,GTM,ESP,23.96321707636772
2020,TLS,BEL,23.96276065016627
2020,SSD,DEU,23.824851774331027
2020,BIH,ESP,23.3990540924443
2020,CAN,POL,23.344046890894486
2020,BMU,ITA,23.19300674918204
2020,PAN,FRA,23.14692665706216
2020,BIH,CYP,23.07878249700481
2020,UGA,IRL,23.05084009588929
2020,MLT,POL,22.766931257628507
2020,BMU,CZE,22.51112918336767
2020,IMN,NLD,22.303364842582898
2020,VGB,POL,22.27073762909732
2020,HKG,ITA,21.98934394143811
2020,DNK,SVK,21.987087381199835
2020,ASM,CYP,21.898425851930874
2020,ASM,FIN,21.659617895784542
2020,GIB,NLD,21.53341858482571
2020,LTU,EST,21.430978142532318
2020,PRI,IRL,21.371463833990052
2020,SVK,BEL,21.32933241054124
2020,ASM,AUT,21.313147448124
2020,BIH,EST,21.272546319929056
2020,JEY,ROU,21.194220485584665
2020,IRN,IRL,20.8104890571318
2020,MLT,SWE,20.56384235531945
2020,PAN,CYP,20.522301390475516
2020,UGA,NLD,20.485111488957237
2020,LUX,SVK,20.25820373554712
2020,KWT,NLD,20.209405070580836
2020,LVA,CYP,20.106367633071088
2020,BGR,PRT,20.0856388094013
2020,VUT,DEU,19.901190890869515
2020,DNK,ROU,19.84482395778785
2020,PAN,NLD,19.76440655329396
2020,KWT,IRL,19.680127026286666
2020,JEY,FRA,19.495846018630118
2020,CHE,AUT,19.399399857312357
2020,KHM,FRA,19.257233540839252
2020,ZMB,IRL,19.171017660324992
2020,JEY,POL,19.067298883408423
2020,CPV,ESP,18.881098957147163
2020,KAZ,DEU,18.843771323068317
2020,SVK,CYP,18.805917917150378
2020,VIR,ESP,18.694331606983475
2020,VGB,CYP,18.59773105900993
2020,MLT,CZE,18.44934722296477
2020,PRT,FRA,18.38759081973269
2020,SVK,DEU,18.351920096803088
2020,JOR,IRL,18.30598039948666
2020,LVA,EST,18.11554109323657
2020,PAN,EST,18.113519069516663
2020,JEY,ESP,17.863984548590853
2020,BMU,POL,17.775604165971814
2020,PAN,ROU,17.557783831007715
2020,HKG,DNK,17.44037953920426
2020,GIB,IRL,17.127365497493216
2020,TLS,DNK,17.069290455220415
2020,PRY,BEL,17.043128590127957
2020,CYM,LUX,17.004953039581668
2020,GIN,NLD,16.97183152248827
2020,BHR,DEU,16.968814761036203
2020,FIN,ITA,16.958760769829677
2020,SVK,EST,16.861473188561362
2020,BMU,EST,16.657385178643022
2020,VGB,EST,16.503937569786135
2020,CAN,CZE,16.487706832135434
2020,JOR,NLD,16.443872022207884
2020,IRN,FRA,16.378826525532865
2020,BMU,ROU,16.33689492349381
2020,DNK,BGR,16.235493317820367
2020,BIH,ITA,16.131211368467092
2020,GGY,FIN,16.06940449598925
2020,VGB,ROU,15.935688769766763
2020,HKG,PRT,15.86591954249169
2020,SYC,DEU,15.563345509086167
2020,HUN,POL,15.541891476847569
2020,AUT,FIN,15.4113150264266
2020,BIH,ROU,15.306225800616097
2020,SRB,FIN,15.303532736208815
2020,SRB,SVN,15.159869171374599
2020,GBR,CYP,15.022103024017552
2020,IRL,HUN,14.871233367711069
2020,IRL,AUT,14.605285912841909
2020,PRT,NLD,14.572998711170186
2020,FIN,SWE,14.559845973008164
2020,IRL,LTU,14.465877000510607
2020,HUN,BEL,14.440537921393256
2020,CYM,NLD,14.419045936209896
2020,IRL,LUX,14.394683554408298
2020,ROU,PRT,14.311919508365062
2020,LUX,AUT,14.285018567213108
2020,JEY,ITA,14.22060244768023
2020,BGR,ROU,14.177090465795702
2020,GBR,EST,14.140228060885484
2020,KAZ,BEL,14.105345977782536
2020,CYM,POL,13.8352913663195
2020,ASM,HUN,13.808973114847587
2020,SGP,AUT,13.570978253661764
2020,AND,ESP,13.507640153696741
2020,GBR,BEL,13.381164532012646
2020,GTM,BEL,13.26561705202912
2020,ASM,HRV,13.223712164991174
2020,CYM,ITA,13.193818753389525
2020,AUT,LTU,13.18656856252209
2020,CYP,ESP,13.175327500026285
2020,TLS,PRT,13.126213618733521
2020,MHL,IRL,13.094172640453024
2020,GRC,SWE,13.06890870396823
2020,BHR,BEL,13.057838419375472
2020,LVA,ROU,13.03994354906051
2020,HUN,SWE,13.010420696044804
2020,HUN,ROU,12.92587689891294
2020,BRB,ESP,12.897947666192826
2020,BMU,SWE,12.795077282359454
2020,DNK,AUT,12.73873272204152
2020,GRC,ITA,12.631166421868233
2020,ZMB,NLD,12.538675811937754
2020,JOR,FRA,12.463564867166337
2020,JEY,CZE,12.378010180200825
2020,CYP,DEU,12.372330887769428
2020,BHS,IRL,12.321286886021168
2020,ESP,NLD,12.281998324844908
2020,GTM,FIN,12.217117661512383
2020,CAN,DNK,12.138712974111007
2020,CYM,CYP,12.013361218969685
2020,GRC,FRA,11.995243573780092
2020,CYM,EST,11.853418599685613
2020,BHR,ESP,11.820536184275431
2020,TTO,IRL,11.782892809277476
2020,HUN,PRT,11.767738434678748
2020,SVK,ROU,11.711259442584467
2020,CPV,SWE,11.70928227287353
2020,LVA,FRA,11.597402447457785
2020,PNG,IRL,11.508628691098597
2020,VIR,SWE,11.44759516022994
2020,HUN,HRV,11.38479683740006
2020,URY,DEU,11.368818089784606
2020,MCO,ESP,11.340629679777166
2020,PRY,FIN,11.284725923597424
2020,GRC,NLD,11.101335205946118
2020,KAZ,CYP,11.04878755532801
2020,KWT,ESP,11.020326233577808
2020,BIH,POL,10.8722870077707
2020,BMU,FRA,10.809187140984733
2020,CYM,ROU,10.387752795932974
2020,PRY,DEU,10.368762301621517
2020,WSM,ESP,10.246814462717644
2020,GIB,FIN,10.14686006463577
2020,HUN,CYP,10.107108588760273
2020,GIN,ESP,10.081861931499075
2020,BMU,NLD,10.076445687157685
2020,KAZ,EST,10.075068434889186
2020,AUT,CZE,10.027462603176433
2020,CAN,PRT,9.944088280263285
2020,HKG,AUT,9.938774236552863
2020,SVK,PRT,9.911739826117422
2020,ASM,LTU,9.824167703892263
2020,BMU,CYP,9.742960082978996
2020,TLS,AUT,9.696566401517812
2020,BHR,CYP,9.695598994913741
2020,URY,LUX,9.658065270489647
2020,GTM,ITA,9.619993173457488
2020,PRI,BEL,9.537139299413576
2020,CHE,SVK,9.466679209953094
2020,GBR,FIN,9.411191174056887
2020,FIN,EST,9.40059810515182
2020,IMN,FIN,9.34871774030919
2020,SRB,PRT,9.347017063939916
2020,LVA,ESP,9.241243699553804
2020,MLT,ITA,9.197094390617309
2020,BIH,CZE,9.174001889806638
2020,BHR,FIN,9.164583325564577
2020,MCO,IRL,9.04508881717209
2020,BHR,EST,8.947685879145045
2020,CRI,BEL,8.912142542785665
2020,GGY,ESP,8.891728720693166
2020,SVK,FRA,8.888235346624276
2020,GTM,DEU,8.885208356880847
2020,ROU,DEU,8.855920761389775
2020,GTM,NLD,8.82896718422266
2020,PRT,LUX,8.747977007550046
2020,CAN,FIN,8.502240726012586
2020,GBR,DEU,8.496438996563283
2020,FIN,ROU,8.480296626279449
2020,CUW,BEL,8.46958144278395
2020,GGY,FRA,8.453822734236565
2020,SGP,SVK,8.397258752038983
2020,CAN,FRA,8.386445299231431
2020,KAZ,PRT,8.3681834968989
2020,URY,NLD,8.35453251173678
2020,CPV,EST,8.33251252912001
2020,LVA,ITA,8.325252435647492
2020,LUX,LTU,8.305196540080079
2020,SRB,CYP,8.295601763769652
2020,HUN,LVA,8.273176217299179
2020,CHE,BGR,8.272699245703787
2020,CUW,FIN,8.265073282545822
2020,URY,FRA,8.178693486000542
2020,HUN,EST,8.123568170344067
2020,GNQ,ESP,8.113577659556839
2020,BRB,BEL,8.052433860951139
2020,GGY,BEL,8.033010192981036
2020,MUS,BEL,7.920785953570411
2020,CPV,ROU,7.917247066140947
2020,PYF,ESP,7.840733903975952
2020,VIR,EST,7.8311267519016905
2020,GBR,ROU,7.825746663495421
2020,TLS,CYP,7.789034302066687
2020,ASM,SVN,7.725492984775378
2020,GIN,IRL,7.658307186509266
2020,MUS,CYP,7.612655174767906
2020,BRB,DEU,7.586377620279724
2020,VIR,ROU,7.5774131151068636
2020,BRB,FIN,7.539160066108317
2020,LVA,CZE,7.482178355035074
2020,KAZ,ROU,7.356566781700344
2020,AUT,BGR,7.353416086884256
2020,GRC,EST,7.301307335236153
2020,GGY,EST,7.262067474661211
2020,LVA,POL,7.249476527387867
2020,SRB,EST,7.223677487043419
2020,MUS,EST,7.196610606779899
2020,MUS,DEU,7.186326857740893
2020,PNG,ESP,7.111931830630764
2020,MMR,DEU,7.032468140170119
2020,ASM,BGR,7.016934576161901
2020,GRC,ROU,7.002898833064063
2020,TLS,FIN,6.998541967760671
2020,IRL,SVK,6.99686284474309
2020,SVK,POL,6.991567912880904
2020,CAN,AUT,6.981102993504045
2020,LIE,NLD,6.961771798650679
2020,CHE,HRV,6.9558580968391475
2020,GIN,DEU,6.911640856614507
2020,LUX,HRV,6.904295941999172
2020,SRB,BEL,6.868156877194769
2020,MCO,ITA,6.82653532439777
2020,LCA,DEU,6.821212577643812
2020,BHR,ROU,6.816883181836766
2020,KWT,DEU,6.7368682113524265
2020,HKG,HRV,6.69318360152732
2020,VGB,LUX,6.648122418721582
2020,CPV,IRL,6.642297376467618
2020,HKG,SVK,6.596536169029413
2020,ISL,IRL,6.583239694660477
2020,HKG,LTU,6.583006858903067
2020,CHE,LVA,6.5732943914503545
2020,GRC,POL,6.566752822018919
2020,CUW,DEU,6.553742555341221
2020,FIN,BEL,6.5354013373085165
2020,WSM,NLD,6.4940320304068475
2020,ROU,SWE,6.491618487600168
2020,PRI,FIN,6.434986307750074
2020,LAO,IRL,6.426549030140475
2020,KAZ,CZE,6.419829202809214
2020,TLS,HUN,6.321188391173672
2020,VCT,ESP,6.299950775625112
2020,DNK,SVN,6.2915123852855
2020,GGY,ROU,6.26262825497563
2020,CRI,FIN,6.259037362051876
2020,SRB,DEU,6.254736157622211
2020,NLD,GRC,6.221716839253077
2020,MCO,DEU,6.210788592427812
2020,LKA,IRL,6.204089157123025
2020,GIB,DEU,6.158132159092984
2020,WSM,SWE,6.121805292650579
2020,CHE,SVN,6.111738079808824
2020,GEO,DEU,6.0347345507464425
2020,KAZ,SWE,6.026877984909116
2020,UZB,NLD,6.000766610667569
2020,MMR,ESP,5.984420098162775
2020,CPV,POL,5.968883823605582
2020,GGY,CYP,5.942910488696249
2020,PRY,ITA,5.898536718316519
2020,GRC,IRL,5.893024793304734
2020,BHR,CZE,5.890968212303127
2020,LAO,NLD,5.885060989912637
2020,FIN,POL,5.872510350527488
2020,MUS,CZE,5.869118345004078
2020,LIE,IRL,5.82470187604325
2020,VIR,POL,5.804566899479317
2020,TLS,HRV,5.711165512384545
2020,PAN,HRV,5.710626554955592
2020,GIB,FRA,5.708975231610108
2020,BHR,SWE,5.704797479675144
2020,WSM,IRL,5.605100105351866
2020,HUN,SVK,5.595132592383561
2020,MDG,DEU,5.591925334393466
2020,KAZ,FIN,5.576970858614013
2020,MMR,BEL,5.531117505067164
2020,MMR,ROU,5.453108909929705
2020,CRI,DEU,5.378144727889055
2020,GGY,POL,5.361098035177568
2020,VGB,HRV,5.356588463357436
2020,PAN,PRT,5.354229987031442
2020,BIH,SVN,5.3224282179537035
2020,VGB,PRT,5.316597951271715
2020,BMU,PRT,5.3155816411346875
2020,AUT,HUN,5.3002171976451695
2020,UZB,IRL,5.290512312324765
2020,GNQ,NLD,5.279866030395997
2020,SVK,CZE,5.264086735005743
2020,CYM,SWE,5.229625346809742
2020,AUT,GRC,5.229217750761112
2020,VIR,ITA,5.185070720125399
2020,IRL,BGR,5.101726812789756
2020,PRY,NLD,5.100610297990853
2020,HUN,FIN,5.091819888596818
2020,MLT,DNK,5.068771254374932
2020,FIN,PRT,5.0215411869392526
2020,GNQ,IRL,5.017874288520277
2020,LKA,FRA,5.009855522514818
2020,PYF,NLD,4.933647928789048
2020,NLD,SVK,4.906142643529492
2020,CPV,ITA,4.898997631770916
2020,JOR,DEU,4.89656328133886
2020,URY,BEL,4.888054596783829
2020,GIN,SWE,4.873698433903892
2020,GBR,FRA,4.833701936707505
2020,HKG,LVA,4.793582448394976
2020,GNQ,SWE,4.784130273325952
2020,GIB,BEL,4.7815466046811235
2020,PYF,SWE,4.774296193783823
2020,SSD,ESP,4.763098443206841
2020,CAN,HUN,4.737967235449679
2020,DNK,HRV,4.69387146096948
2020,PRI,SWE,4.637328364264323
2020,ROU,BEL,4.632318114916836
2020,LKA,NLD,4.593126360464437
2020,MDG,FRA,4.58786334256439
2020,IMN,BEL,4.574786909940187
2020,WSM,EST,4.559170018830429
2020,PYF,IRL,4.547417836459521
2020,WSM,FRA,4.513518247758352
2020,LUX,LVA,4.513066215225207
2020,IRL,HRV,4.474572862832779
2020,PRK,DEU,4.448979502194448
2020,CPV,CZE,4.446614250953973
2020,SRB,ROU,4.445885752902443
2020,MCO,FIN,4.386886257581094
2020,IMN,DEU,4.371556870567049
2020,MUS,ROU,4.365556426558432
2020,TLS,LTU,4.339741195039697
2020,LAO,FRA,4.3135019708406706
2020,WSM,ROU,4.2766034763853655
2020,FIN,CZE,4.257369166825605
2020,VIR,CZE,4.253144841115878
2020,MCO,BEL,4.2392074451753
2020,IMN,FRA,4.212840015562778
2020,GGY,ITA,4.206184248581222
2020,MMR,CYP,4.197097940306042
2020,GRC,CZE,4.177093266032223
2020,GRC,PRT,4.113354432182681
2020,VUT,ESP,4.102508248074319
2020,HUN,CZE,4.083528780877546
2020,BHR,POL,4.0787442049427405
2020,FIN,DNK,4.076410470686402
2020,HKG,GRC,4.050744057544439
2020,SLV,IRL,4.050383325138338
2020,SGP,CYP,4.029680434483409
2020,LBR,BEL,4.0220520833572
2020,GIN,BEL,4.018104310245997
2020,IRL,LVA,4.017934259480254
2020,HUN,AUT,4.004906922603098
2020,UZB,FRA,3.9717906073154987
2020,BOL,IRL,3.958003314788941
2020,BMU,HRV,3.934647568439596
2020,LKA,DEU,3.92711405743956
2020,IRN,DEU,3.912828079851221
2020,GIB,CYP,3.8913031425313953
2020,MMR,EST,3.873420622917201
2020,VCT,SWE,3.8698434236707153
2020,HKG,LUX,3.8606476325094654
2020,BMU,DNK,3.84042227652296
2020,GRC,BEL,3.839308196419123
2020,CPV,NLD,3.8328785045160156
2020,PYF,EST,3.797823771891533
2020,IRN,ESP,3.7639510238363796
2020,PAN,LVA,3.760118566830105
2020,SRB,FRA,3.7590579696985524
2020,CAN,HRV,3.7433933456589443
2020,GNQ,EST,3.740912105033329
2020,IRL,SVN,3.7121490296767647
2020,KHM,DEU,3.7036813329528573
2020,ISL,NLD,3.6930606467917166
2020,PRI,EST,3.6835375033242146
2020,SGP,EST,3.6284181075500133
2020,MCO,SWE,3.6222965425246216
2020,GNQ,ROU,3.6147202570139565
2020,GGY,SWE,3.61413709989828
2020,MLT,LTU,3.61100633951491
2020,LUX,HUN,3.6105454917655933
2020,KHM,BEL,3.6096404608255273
2020,BHS,ESP,3.603994517372579
2020,HUN,DNK,3.593784061059608
2020,GIB,EST,3.590115427011148
2020,GGY,CZE,3.5768093521081092
2020,GTM,CZE,3.5723498696064415
2020,PYF,ROU,3.55794501244326
2020,BIH,SWE,3.535842732453899
2020,TLS,SVN,3.5354399729898134
2020,LBR,CYP,3.521048087628641
2020,IRN,BEL,3.508943713499589
2020,VGB,LVA,3.50586615698315
2020,BHS,BEL,3.501497140250945
2020,DJI,DEU,3.5013569943428
2020,JOR,ESP,3.5004510686014076
2020,KHM,ESP,3.471928517838506
2020,IMN,CYP,3.431858403008368
2020,MUS,FRA,3.4142586269648625
2020,PRI,ROU,3.393632273458109
2020,VGB,SWE,3.373225441799756
2020,CAN,LTU,3.313642970590392
2020,LBR,EST,3.3072157029628815
2020,CAN,CYP,3.293137804129165
2020,BIH,PRT,3.1956582243667015
2020,CPV,BEL,3.191000746802753
2020,CPV,DNK,3.1817104018566114
2020,GIB,ROU,3.164363351182611
2020,PRY,FRA,3.1627352356038085
2020,IMN,EST,3.161770370767271
2020,TLS,BGR,3.1537452824268275
2020,LBR,DEU,3.1412898463967127
2020,WSM,POL,3.1372179245823304
2020,GRC,DNK,3.135710946857321
2020,HKG,BGR,3.1315398246028185
2020,VIR,DNK,3.131284719534278
2020,IMN,ESP,3.1256275564065015
2020,SYC,ESP,3.1061129623902315
2020,KWT,BEL,3.104742496752745
2020,UGA,DEU,3.0807263722887557
2020,CUW,ITA,3.055772233502985
2020,LUX,BGR,3.041541914751969
2020,CUW,CZE,3.017316045819731
2020,PRI,ITA,3.011623696695751
2020,GIB,POL,2.9788926939014004
2020,JEY,PRT,2.964624352038529
2020,PRY,CZE,2.9352629830518584
2020,VUT,NLD,2.912174968677378
2020,SGP,ROU,2.905026036731694
2020,MMR,FIN,2.890520771442159
2020,MLT,PRT,2.8632669937097033
2020,PRI,POL,2.829528468100897
2020,BRB,ITA,2.828139144262601
2020,SSD,SWE,2.826295059888782
2020,VGB,LTU,2.8252014145459023
2020,BRB,CZE,2.823261797209987
2020,JEY,SWE,2.8101348089345417
2020,BOL,LUX,2.803563275198378
2020,LUX,GRC,2.768323134578139
2020,TTO,BEL,2.7673752483571374
2020,LTU,FRA,2.762964033513472
2020,JOR,ROU,2.75082183344288
2020,VIR,BEL,2.727798679982277
2020,BMU,AUT,2.7256832874471213
2020,BRN,DEU,2.724981939586771
2020,LBR,ESP,2.7149211481089432
2020,SGP,POL,2.71483045249279
2020,CYM,HRV,2.712285595592189
2020,IRN,CYP,2.710221493990123
2020,CAN,SVN,2.7066347056379607
2020,CUW,ESP,2.7060042344475175
2020,WSM,ITA,2.6992631352197387
2020,VCT,EST,2.679804609634107
2020,JEY,LTU,2.6762016938811164
2020,KAZ,POL,2.657793374795622
2020,PAN,LTU,2.653338878563731
2020,LVA,HRV,2.6385726474727944
2020,CYM,LTU,2.6136227943782115
2020,SSD,IRL,2.6086970887787606
2020,PYF,POL,2.5917399773692518
2020,LBR,CZE,2.578075489354957
2020,VCT,ROU,2.5772969804415933
2020,SSD,NLD,2.577202315166914
2020,UGA,ESP,2.570753142504946
2020,GIB,ESP,2.561932117519658
2020,VIR,PRT,2.553730426449143
2020,WSM,CZE,2.5474145274729
2020,URY,SWE,2.5420732918470357
2020,ZMB,ESP,2.5275470160546214
2020,JOR,BEL,2.5260409485707287
2020,CPV,PRT,2.5230453441023437
2020,KHM,CYP,2.515307456672097
2020,CRI,FRA,2.496139569905055
2020,IRN,EST,2.4915935442677974
2020,GNQ,POL,2.465507063022473
2020,VUT,SWE,2.455218504516916
2020,KWT,SWE,2.453778004509455
2020,MMR,CZE,2.446749719623877
2020,MLT,LUX,2.4440342215192765
2020,VCT,IRL,2.4101817178209193
2020,JEY,HRV,2.407693544840077
2020,PAN,SVK,2.391235065947687
2020,MLT,AUT,2.3752756913927477
2020,VUT,IRL,2.3599249280346206
2020,IMN,ROU,2.352453149616858
2020,LTU,DEU,2.3412857437848373
2020,BOL,NLD,2.3392466629108593
2020,KHM,EST,2.3374559139604143
2020,UZB,DEU,2.330368318220969
2020,PRT,SWE,2.301583074407069
2020,GTM,FRA,2.284630887834717
2020,CAN,BGR,2.282453073984572
2020,LIE,FIN,2.282436552562614
2020,BOL,FRA,2.282126014957918
2020,ASM,SVK,2.279764256347579
2020,GEO,ESP,2.270555520926039
2020,WSM,BEL,2.2596579743092815
2020,TTO,FIN,2.238213481747839
2020,VGB,SVK,2.2347564325810954
2020,UGA,BEL,2.2169887375237374
2020,MMR,SWE,2.198669264084272
2020,SGP,ITA,2.1814540143595904
2020,PAN,SWE,2.1777125048292456
2020,PYF,ITA,2.1685490536862124
2020,BGR,CYP,2.1672425514800198
2020,SSD,EST,2.160640261370242
2020,CHE,GRC,2.14955411756294
2020,GNQ,CZE,2.139161170502703
2020,MDG,NLD,2.1169614488756023
2020,FIN,AUT,2.116331486303641
2020,IMN,ITA,2.1162471847821567
2020,TTO,DEU,2.106202112769042
2020,PYF,CZE,2.0902792463872846
2020,UGA,CYP,2.0897910460849562
2020,GNQ,ITA,2.078545683694039
2020,UGA,EST,2.053277854863004
2020,ROU,LUX,2.0465977388671135
2020,LBR,ROU,2.021458280162948
2020,BHS,DEU,2.01720705075907
2020,BMU,LTU,2.015050291678845
2020,CUW,POL,2.013956179800841
2020,GIB,ITA,2.003614690318326
2020,HUN,MLT,2.0031742494077145
2020,SSD,ROU,2.002409492386258
2020,LVA,LTU,1.989286326789558
2020,VCT,POL,1.982231370009526
2020,BRB,FRA,1.9694518809060897
2020,MDG,ESP,1.9594077590123722
2020,HKG,SVN,1.9453414391129293
2020,HUN,BGR,1.9440663658381725
2020,CRI,LUX,1.9375652701009578
2020,BMU,LVA,1.9370764809153607
2020,SRB,POL,1.9344875937195383
2020,BIH,LTU,1.933510519488619
2020,LVA,SWE,1.9279746185621274
2020,KAZ,DNK,1.9176216840016473
2020,BRB,NLD,1.916583288030254
2020,MNG,IRL,1.8931869081710773
2020,IMN,POL,1.8902108912223592
2020,ROU,DNK,1.8734442387824775
2020,JOR,SWE,1.8683946540448626
2020,VUT,EST,1.8675642468788505
2020,FIN,CYP,1.864564780246657
2020,IRN,FIN,1.8575478966088759
2020,IRN,ROU,1.852112165991076
2020,SYC,SWE,1.8472883723251572
2020,CPV,AUT,1.8319353014738429
2020,CUW,FRA,1.8317572885276148
2020,BMU,HUN,1.8266012764428314
2020,ASM,LVA,1.826257018498559
2020,SRB,CZE,1.8183316854187304
2020,VIR,AUT,1.800835160669507
2020,VUT,FRA,1.7996393248675469
2020,GRC,AUT,1.784042953276897
2020,ROU,CYP,1.7827349168599076
2020,LVA,PRT,1.7726137492889888
2020,KWT,EST,1.7693758502491608
2020,BRB,POL,1.7604423811159164
2020,VUT,ROU,1.7469039525555634
2020,GNQ,BEL,1.736740702959902
2020,IMN,CZE,1.7345139706766028
2020,GEO,SWE,1.7226033521519446
2020,SYC,IRL,1.7211051133603226
2020,BHS,ITA,1.7154746717698812
2020,PYF,BEL,1.695191498598346
2020,PRY,LUX,1.6951378428024242
2020,ESP,CYP,1.6943212174091098
2020,WSM,DNK,1.6942736870488762
2020,VCT,ITA,1.6872021522646483
2020,PAN,AUT,1.6868812478241393
2020,CUW,NLD,1.6863308824739383
2020,MCO,CYP,1.6823666941518987
2020,JEY,LVA,1.681490875473845
2020,GIB,CZE,1.6800754438154009
2020,PRY,CYP,1.6783171648365391
2020,GTM,PRT,1.6738885756578474
2020,GTM,CYP,1.6736572975745012
2020,PRI,FRA,1.6723942370211164
2020,PRI,CZE,1.6510259048513722
2020,CUW,CYP,1.6475950849646646
2020,HUN,LTU,1.6428964283034975
2020,KWT,CYP,1.6361860806501463
2020,LUX,SVN,1.6360507705785599
2020,LBR,FRA,1.6331744013024894
2020,CRI,NLD,1.616672301407191
2020,UGA,ROU,1.6160264849733479
2020,IRN,ITA,1.601135501646429
2020,VGB,AUT,1.600593011951543
2020,CYM,LVA,1.5998672802827774
2020,LKA,ESP,1.5997018833173924
2020,ESP,EST,1.595597458152411
2020,EST,ESP,1.5952278055996674
2020,SYC,NLD,1.5918459737199444
2020,KHM,SWE,1.5902101190735292
2020,KHM,ROU,1.5794967302565501
2020,CAN,NLD,1.5620903120910494
2020,CYP,SWE,1.5495328270532767
2020,BHR,DNK,1.5399707297355107
2020,JOR,CYP,1.5317626919864562
2020,BHS,FIN,1.5259170471351808
2020,PRT,DEU,1.5192003386596487
2020,VCT,CZE,1.512692071138275
2020,MDG,IRL,1.478719239381554
2020,PRY,EST,1.477381134759456
2020,GTM,EST,1.469066350785591
2020,SVK,LTU,1.4661616269085869
2020,SGP,LUX,1.4660404707889745
2020,IRN,CZE,1.4585943558804395
2020,GIN,DNK,1.456638225515718
2020,CUW,ROU,1.455865686871813
2020,CUW,EST,1.4503847704202202
2020,SSD,POL,1.449951318923343
2020,UGA,CZE,1.4490558721357805
2020,VCT,BEL,1.4458489823651393
2020,MCO,EST,1.4410860123611158
2020,GBR,POL,1.4296204464574453
2020,MCO,PRT,1.4223008004103646
2020,BRB,CYP,1.4193968472416771
2020,GEO,FRA,1.4192077100424176
2020,JOR,EST,1.4162080920771656
2020,PAN,BGR,1.4052835175779697
2020,SYC,EST,1.4048161422021754
2020,MLT,HUN,1.4027647800683862
2020,BHS,NLD,1.402115698407508
2020,GRC,HUN,1.3898050686790646
2020,BRB,EST,1.3844396689806762
2020,GTM,POL,1.3840979247645828
2020,MUS,ESP,1.3594552584313244
2020,IRN,SWE,1.3546490777492466
2020,NLD,LUX,1.3512111977176553
2020,CRI,CZE,1.3507846112235102
2020,MMR,ITA,1.3471289205518464
2020,ZMB,BEL,1.3386967908206369
2020,LCA,ESP,1.3341552342484309
2020,URY,ITA,1.3303717010744622
2020,BRB,ROU,1.3286855768427026
2020,SLV,DEU,1.3262165702285347
2020,BMU,BGR,1.3169123606683915
2020,PYF,DNK,1.3137376107296252
2020,VGB,BGR,1.3107679202348828
2020,WSM,PRT,1.3100448832096165
2020,SYC,ROU,1.3038766416173302
2020,GNQ,DNK,1.2961166758518927
2020,BMU,SVK,1.2864257977369917
2020,ZMB,CYP,1.281024891009003
2020,TTO,ROU,1.2772611039548152
2020,VUT,POL,1.2735221494130708
2020,ESP,BEL,1.2629372643187038
2020,ZMB,DEU,1.2627757296167785
2020,BMU,SVN,1.2598116221690465
2020,MNG,NLD,1.255773015790784
2020,CPV,HUN,1.253202190484907
2020,PRY,POL,1.2508371437708952
2020,MMR,POL,1.243992636570721
2020,KWT,ROU,1.2342544820494241
2020,CRI,ITA,1.2254672292956252
2020,BGR,DEU,1.2235685462676347
2020,FIN,HUN,1.2226190600468414
2020,VIR,HUN,1.2214059303119804
2020,VGB,SVN,1.2199186520056768
2020,PRI,DNK,1.215531654938883
2020,GGY,PRT,1.2143684981133667
2020,SSD,CZE,1.2136611230583911
2020,SSD,ITA,1.2134557694838985
2020,BHR,ITA,1.207447001532989
2020,ZMB,EST,1.2006657542798411
2020,PAN,SVN,1.1994288008781864
2020,PRT,BEL,1.1927239267610936
2020,GEO,POL,1.185659316461554
2020,PAN,DNK,1.1851546236136195
2020,PRY,ROU,1.180513239713715
2020,MLT,HRV,1.1719342531118768
2020,KHM,CZE,1.1690258409117384
2020,GEO,NLD,1.153908265242011
2020,VGB,DNK,1.1410348809821553
2020,MLT,BGR,1.139574153305309
2020,JEY,GRC,1.1188772953850443
2020,MLT,GRC,1.1140974021531582
2020,PAN,HUN,1.1073477098412905
2020,BGR,BEL,1.106859143383447
2020,CYM,PRT,1.1028093124951635
2020,VGB,HUN,1.1028084918984096
2020,IRL,GRC,1.0982590562342016
2020,CYM,SVN,1.0800622134241258
2020,UZB,ESP,1.079651284468641
2020,MNG,FRA,1.0778530469075684
2020,BHR,HRV,1.0726026578046317
2020,PYF,PRT,1.0712172873464685
2020,SLV,BEL,1.066731650864007
2020,MCO,DNK,1.0635023501755296
2020,VUT,ITA,1.0619217549894815
2020,UGA,FRA,1.0594917473726586
2020,VCT,DNK,1.0579288543193215
2020,MCO,ROU,1.0549001336012322
2020,ROU,HRV,1.0545418365051433
2020,LUX,MLT,1.0443612232880393
2020,GNQ,PRT,1.0430538690721467
2020,VUT,CZE,1.0377683961544635
2020,PAN,GRC,1.0259103173811812
2020,CYM,SVK,1.0242456853802524
2020,MUS,POL,1.0217055460484672
2020,JEY,SVK,1.0165830921616998
2020,ISL,ESP,1.0114402649085066
2020,TTO,ITA,1.0104655778101936
2020,PRI,LUX,1.0101761056666527
2020,CYP,EST,1.0042691679188593
2020,MDG,SWE,0.9965451873269942
2020,JEY,BGR,0.9864632476807627
2020,GTM,ROU,0.9821382305466171
2020,CPV,HRV,0.9819365921835037
2020,FIN,HRV,0.9792522119240729
2020,LVA,AUT,0.9766405233979496
2020,PRI,PRT,0.9726462670222314
2020,CYM,AUT,0.9724880210413236
2020,CYP,ROU,0.9717327538132218
2020,HUN,SVN,0.9714178306079542
2020,VIR,HRV,0.965640295430628
2020,VUT,BEL,0.9626791436862241
2020,LKA,SWE,0.959643321441443
2020,WSM,AUT,0.9594588561501305
2020,MLT,SVN,0.9542263997675762
2020,LIE,ESP,0.9520135384453092
2020,GGY,DNK,0.9506904086367864
2020,SYC,POL,0.9479830882357668
2020,SSD,BEL,0.9388414529186478
2020,TTO,ESP,0.935748580036079
2020,CYM,DNK,0.935050070362023
2020,LIE,BEL,0.9342391750114949
2020,SVK,SWE,0.9327450597665887
2020,SGP,LVA,0.9325668300592438
2020,AND,IRL,0.9312640244343515
2020,SGP,CZE,0.9245793455382975
2020,GRC,LTU,0.9244725056387192
2020,VGB,GRC,0.9242213141121971
2020,GBR,LTU,0.9226050063686845
2020,AUT,LUX,0.9215103561387211
2020,BHR,LTU,0.9165553819959733
2020,KAZ,HRV,0.9075349105507683
2020,GRC,HRV,0.9049885736775858
2020,JOR,CZE,0.9038879997944711
2020,LIE,FRA,0.8995429838418949
2020,GTM,LUX,0.8976680919578051
2020,GEO,ITA,0.8967254151888668
2020,PAN,LUX,0.8945232480572474
2020,GRC,FIN,0.8939897759321505
2020,MUS,ITA,0.8928213976955834
2020,LVA,DNK,0.8920191659976531
2020,LTU,NLD,0.8873033910392056
2020,HUN,GRC,0.8709425100514513
2020,PRK,ESP,0.8678154231990084
2020,CRI,CYP,0.8623492488690235
2020,KAZ,AUT,0.8600900281740891
2020,MUS,SWE,0.8575648157678882
2020,URY,EST,0.8568030008267077
2020,ROU,AUT,0.8556424189837614
2020,UZB,BEL,0.8548951197339799
2020,MMR,HUN,0.8479879134426597
2020,LCA,IRL,0.8470723165015317
2020,ISL,ROU,0.8444107796303328
2020,TLS,SVK,0.8435045450854353
2020,PRI,NLD,0.8428741755314216
2020,FIN,LTU,0.8391857272448112
2020,LIE,CYP,0.8372465094756124
2020,VCT,PRT,0.8352383238316906
2020,KAZ,LTU,0.8330227941970512
2020,KWT,CZE,0.8321493956634667
2020,GBR,PRT,0.8309824504127007
2020,LKA,BEL,0.8267462393660666
2020,MCO,POL,0.8249057625361098
2020,BGR,EST,0.8240068502756337
2020,LIE,DEU,0.8167345676266883
2020,ROU,LVA,0.810718170999264
2020,LAO,DEU,0.8057840939058677
2020,LIE,ITA,0.7960216051262364
2020,LCA,SWE,0.7953136864579992
2020,SYC,CZE,0.7951968425159562
2020,CPV,LTU,0.7861988500990087
2020,LAO,BEL,0.7845024248805023
2020,ASM,GRC,0.7829048852333894
2020,CRI,EST,0.7814611870807107
2020,BHR,LVA,0.7813193990202497
2020,SYC,ITA,0.7811557543016917
2020,PRY,PRT,0.7807348525113627
2020,URY,FIN,0.7804806559558375
2020,SGP,HRV,0.7804716143319538
2020,JOR,POL,0.7800569223782134
2020,BHR,AUT,0.7784930099149969
2020,LTU,ESP,0.7759227533243638
2020,LIE,EST,0.7740158468458394
2020,IRN,POL,0.7730763937998668
2020,BHR,SVK,0.769535112020755
2020,NLD,LVA,0.7679809049635282
2020,SSD,DNK,0.7662376011568588
2020,PYF,AUT,0.7653362883710655
2020,LAO,ESP,0.7634992241768315
2020,MHL,FRA,0.762293782742358
2020,URY,ROU,0.7519037281495975
2020,GNQ,AUT,0.7491259471460339
2020,BIH,GRC,0.7481936401529317
2020,CYP,IRL,0.7456603800056364
2020,CYP,POL,0.7443817160607014
2020,GEO,FIN,0.7440079100436514
2020,GGY,LTU,0.7404572575650437
2020,VIR,LTU,0.7390048311640113
2020,ESP,DEU,0.7388515485295545
2020,AUT,DNK,0.7388068246376971
2020,GIN,CYP,0.7332383380684417
2020,JEY,HUN,0.73009887877998
2020,CYM,BGR,0.7275602065303712
2020,JEY,AUT,0.7223971657614061
2020,ZMB,FRA,0.7220487895369069
2020,ISL,FIN,0.7217827405527837
2020,MMR,DNK,0.7205717867862025
2020,KWT,DNK,0.7167147191811742
2020,LVA,GRC,0.7142327539195173
2020,PRI,CYP,0.7107298426823291
2020,PRT,FIN,0.7068960478993056
2020,ROU,EST,0.7056903407087937
2020,ZMB,ROU,0.7050570585375859
2020,FIN,SVN,0.7047540284676057
2020,GIB,SWE,0.7025300093252623
2020,DJI,ESP,0.7016820075173219
2020,KAZ,SVK,0.7001401282058803
2020,PRI,AUT,0.6990651886316825
2020,TTO,CZE,0.6958967465164533
2020,GGY,HRV,0.6957542976943909
2020,ISL,ITA,0.6954649975313976
2020,ESP,ROU,0.6949084216002843
2020,CPV,SVN,0.68988223847799
2020,UZB,EST,0.6867666127955749
2020,JOR,HUN,0.6866963140980844
2020,WSM,FIN,0.6862569350620099
2020,URY,LTU,0.6840143158598421
2020,WSM,CYP,0.6837996883798015
2020,VUT,DNK,0.6806365063661748
2020,GEO,BEL,0.6754941983815362
2020,SRB,SWE,0.6699899965012802
2020,VIR,SVN,0.6688186854633563
2020,GIN,ROU,0.66641253389388
2020,CRI,POL,0.6622446177350142
2020,AND,LUX,0.6596400787897814
2020,GRC,SVN,0.6437005073640832
2020,KAZ,LUX,0.642332123587165
2020,MHL,NLD,0.6398624003132771
2020,GIN,EST,0.6342583091584875
2020,CYM,HUN,0.6321313336652573
2020,SGP,PRT,0.6308146583303664
2020,WSM,HUN,0.6254086951314808
2020,SRB,LTU,0.62131281098931
2020,PRT,CYP,0.6212510534680472
2020,UZB,CYP,0.619521947596258
2020,SSD,PRT,0.615015914634306
2020,GBR,SVN,0.6122834907970433
2020,BGR,FRA,0.6093986855875029
2020,CYP,ITA,0.6089846629444392
2020,VCT,AUT,0.6084724847644926
2020,SYC,BEL,0.6055159546883748
2020,LVA,BGR,0.5984359190170281
2020,CPV,BGR,0.5984231699726902
2020,GRC,BGR,0.5969444615499274
2020,GGY,AUT,0.5952052719620201
2020,SRB,LUX,0.5951684224019624
2020,MUS,LTU,0.5940301703563912
2020,KAZ,LVA,0.5938562926606546
2020,FIN,BGR,0.5935682957160451
2020,LVA,HUN,0.5916185812475221
2020,BIH,DNK,0.5872113254320531
2020,VIR,BGR,0.5863938704783099
2020,PYF,CYP,0.5826970482538503
2020,ISL,DEU,0.5790481394351339
2020,JEY,DNK,0.5784277174444072
2020,PRT,LTU,0.5776541117258955
2020,SVK,GRC,0.5762485826412866
2020,LKA,EST,0.5743868024519242
2020,PRT,EST,0.5720616562653232
2020,LCA,EST,0.5711543199494837
2020,LTU,ITA,0.5681733278143478
2020,TLS,LVA,0.5676076737705694
2020,GNQ,HUN,0.5636373906170856
2020,SGP,SVN,0.5604725401786936
2020,LBR,ITA,0.5582311263704809
2020,GIB,HRV,0.5520027431723681
2020,WSM,HRV,0.5511893649298883
2020,MLT,SVK,0.5511257476003536
2020,LCA,ROU,0.5508430423072086
2020,AND,NLD,0.5503927329487744
2020,TTO,NLD,0.5482611024005932
2020,URY,POL,0.5470019266782311
2020,CYP,CZE,0.5454262669913496
2020,LAO,CYP,0.5439053933363087
2020,MDG,BEL,0.5420694854425505
2020,GNQ,CYP,0.5377456047120585
2020,AND,FRA,0.5369530260409519
2020,PRK,SWE,0.5354075965561077
2020,LIE,ROU,0.5344409609734467
2020,UZB,ROU,0.5330452986361641
2020,CYP,LUX,0.528171881348145
2020,ISL,BEL,0.5271041878506626
2020,CYM,GRC,0.5258050290097838
2020,JOR,FIN,0.5247875877158705
2020,BRN,ESP,0.5217780568442326
2020,MDG,EST,0.5215826477058634
2020,VUT,PRT,0.5215076920929823
2020,IMN,SWE,0.5187733036335028
2020,PYF,HUN,0.5185311236382428
2020,ZMB,CZE,0.5138574668040152
2020,BRB,LUX,0.5125017024256852
2020,SLV,FIN,0.5097503197604907
2020,CUW,HRV,0.5084183261834624
2020,LAO,EST,0.5057691349411735
2020,BMU,GRC,0.5021807495942427
2020,SYC,DNK,0.5006349402805533
2020,UZB,SWE,0.49681292975588337
2020,LVA,LUX,0.49408907833535276
2020,GIN,AUT,0.4934324358382951
2020,KHM,DNK,0.4929948712438399
2020,CRI,ROU,0.48562229782053234
2020,PYF,FIN,0.47961653198421594
2020,MHL,CZE,0.47695082962015256
2020,PRI,HUN,0.47435733012565373
2020,CUW,PRT,0.46834381022469584
2020,LBR,FIN,0.4603418880241974
2020,MDG,ROU,0.4600265813077433
2020,PYF,HRV,0.4571984243822889
2020,TTO,FRA,0.45660271082802706
2020,VIR,NLD,0.45527305668020834
2020,GIN,CZE,0.4507965029892406
2020,LKA,ROU,0.44974444582231665
2020,UZB,FIN,0.44943404218867083
2020,MCO,CZE,0.44546802146227005
2020,BRB,PRT,0.4453053534397896
2020,IRN,DNK,0.4446543686347804
2020,PAN,MLT,0.44407658176115183
2020,GIB,PRT,0.4423915299576751
2020,SSD,AUT,0.44134490546204325
2020,CYP,NLD,0.4406978511300316
2020,UGA,ITA,0.4405448678451413
2020,BHR,PRT,0.44053852095275736
2020,LCA,POL,0.4385237519304052
2020,BIH,LUX,0.4345284693216587
2020,BGR,POL,0.4337216731736006
2020,BOL,SWE,0.43252771750785457
2020,GGY,HUN,0.4307015110686811
2020,HKG,MLT,0.43023016692883226
2020,CYP,FRA,0.4299367171260219
2020,PRI,LTU,0.4266093310061193
2020,KHM,FIN,0.42492317650767947
2020,GRC,LUX,0.4240359663479023
2020,WSM,LTU,0.4236444641469883
2020,LBR,POL,0.42136642581462597
2020,ESP,FRA,0.42074894861047507
2020,DJI,SWE,0.4171160658925823
2020,UZB,CZE,0.41684996988339235
2020,JEY,SVN,0.4165600891962131
2020,MUS,FIN,0.4147400658420302
2020,BRB,HRV,0.41399445914964705
2020,JOR,ITA,0.41324403703102514
2020,VCT,HUN,0.41268990065883004
2020,IMN,PRT,0.41233171726715545
2020,VGB,MLT,0.41121860070227284
2020,BHS,FRA,0.4076924430135109
2020,BRB,SWE,0.40754397108555235
2020,SGP,BGR,0.40629959130275844
2020,CYP,DNK,0.4015581409201541
2020,GNQ,HRV,0.4005320728188573
2020,CPV,CYP,0.4000081877756206
2020,LVA,SVN,0.39995984887333147
2020,MMR,HRV,0.3995917519183381
2020,SYC,PRT,0.39943491503942813
2020,GIB,LTU,0.3982292768268285
2020,LCA,ITA,0.3976304990950827
2020,LKA,CYP,0.39601382100798665
2020,LTU,ROU,0.3925176828072306
2020,LCA,BEL,0.3901324419910719
2020,URY,CZE,0.38949072546689906
2020,VUT,AUT,0.38692489096215765
2020,ISL,CYP,0.38552865846749446
2020,PRI,HRV,0.3837417717417802
2020,UGA,SWE,0.3821754212299752
2020,PRY,SWE,0.3783773603381588
2020,GIB,LVA,0.3775125301246906
2020,ROU,FIN,0.37521193001769637
2020,BHR,HUN,0.37422137279529866
2020,MMR,AUT,0.36884751296115326
2020,IRN,PRT,0.36541901358571705
2020,ROU,MLT,0.3648007876285474
2020,KGZ,DEU,0.36443785890232905
2020,PRK,EST,0.36171768919431624
2020,LCA,CZE,0.3609857159185594
2020,LAO,SWE,0.3577269572928803
2020,LKA,POL,0.35448988054098807
2020,MCO,AUT,0.3544211679317813
2020,LTU,CYP,0.3540946034174099
2020,CRI,SWE,0.3539550114357554
2020,ISL,EST,0.35388095047375173
2020,GBR,GRC,0.3532463365625594
2020,PYF,LTU,0.35238080909568537
2020,WSM,SVN,0.35056759383235137
2020,PRK,ROU,0.35003796733420917
2020,CYP,BEL,0.3498148092074648
2020,GEO,CZE,0.34863844363680385
2020,PNG,LUX,0.3475573536457926
2020,GNQ,LTU,0.3473124483838532
2020,ROU,SVK,0.34644156967418005
2020,ROU,CZE,0.34318813093226014
2020,BGR,HRV,0.3416947414946258
2020,UGA,POL,0.3412518851711845
2020,GGY,BGR,0.33860740917537147
2020,LAO,ROU,0.3379893092426285
2020,CUW,LVA,0.33518494927227677
2020,GGY,LVA,0.3333816671510836
2020,TTO,HUN,0.33164914555417513
2020,BHR,GRC,0.33080126044521974
2020,GEO,PRT,0.32985712329383904
2020,GEO,LUX,0.32903833327801507
2020,ZMB,ITA,0.32698431161161434
2020,KAZ,GRC,0.3267208707954277
2020,SGP,LTU,0.32639944901081797
2020,VCT,HRV,0.3262490712059671
2020,MMR,LTU,0.32574665394468705
2020,GTM,SWE,0.3244240005863509
2020,BRN,SWE,0.3234427498829165
2020,BIH,BGR,0.32124948083075283
2020,MDG,POL,0.318050116972153
2020,MMR,PRT,0.31787551704433226
2020,LBR,SWE,0.31581594946928676
2020,CYP,PRT,0.31577125703752207
2020,VUT,CYP,0.31449016905935134
2020,GIN,SVK,0.31091214814298906
2020,WSM,BGR,0.30992445115285694
2020,LTU,SWE,0.30943597253274385
2020,BGR,SWE,0.309313998185365
2020,TTO,CYP,0.30849285382884317
2020,JOR,DNK,0.30470112674456623
2020,KWT,LUX,0.3046096833741218
2020,IMN,LTU,0.30387789641385654
2020,SSD,HUN,0.30231229017173694
2020,LIE,POL,0.30220053331268704
2020,MMR,SVK,0.299581745481062
2020,BTN,DEU,0.29616421312924585
2020,KWT,POL,0.29441878565181107
2020,PNG,NLD,0.29163241119381067
2020,DJI,EST,0.2914440113787137
2020,PYF,SVN,0.28972426817157426
2020,PRT,DNK,0.2891968642994608
2020,LAO,CZE,0.28913315058636185
2020,PRI,SVN,0.2884822976419822
2020,PRT,ROU,0.2884248456249165
2020,SYC,AUT,0.28837935179585533
2020,PNG,FRA,0.2879852448686395
2020,URY,PRT,0.28765240038284146
2020,URY,DNK,0.28675401440945025
2020,GEO,EST,0.28628255263871405
2020,GNQ,SVN,0.28597798214790293
2020,SVK,HRV,0.2836897068220137
2020,MDG,ITA,0.28251168076133115
2020,BHR,BGR,0.28188551558970815
2020,PYF,FRA,0.281589097720817
2020,TTO,POL,0.2806303735005454
2020,MDG,DNK,0.2798710643803425
2020,DJI,ROU,0.2785823252477501
2020,KHM,ITA,0.2781236963030711
2020,PRY,LTU,0.27755554856513776
2020,SLV,ESP,0.27702272803882866
2020,BGR,LVA,0.27568778280067624
2020,GRC,CYP,0.2747922559614646
2020,KHM,POL,0.2740150211251343
2020,EST,NLD,0.2727686348618513
2020,TTO,EST,0.2718034735388716
2020,GNQ,FRA,0.2716331291690134
2020,LBR,LTU,0.27135770096942863
2020,GEO,ROU,0.2701071254916725
2020,MMR,LVA,0.2679618194576329
2020,PRK,POL,0.26753823237073493
2020,SGP,HUN,0.26715690520141666
2020,TLS,GRC,0.2659975653260481
2020,BHS,PRT,0.26499129239287766
2020,KWT,AUT,0.2645865881418364
2020,PRK,IRL,0.2635061723727266
2020,VUT,FIN,0.26253351802068764
2020,SSD,CYP,0.26051778496190753
2020,UZB,ITA,0.26016700660864905
2020,KAZ,SVN,0.259343458771546
2020,BRB,LVA,0.25906829383938984
2020,GEO,HUN,0.2588692567631919
2020,BHR,LUX,0.25846598057903036
2020,UZB,POL,0.25655406388011565
2020,PYF,BGR,0.2564809749656127
2020,BHS,CYP,0.2560269372179191
2020,ISL,FRA,0.2539791132422954
2020,VCT,LTU,0.2535298286104365
2020,MUS,PRT,0.25326768674382083
2020,VUT,HUN,0.25240795929581683
2020,FIN,SVK,0.2521913208034038
2020,MDG,CZE,0.25205993584918635
2020,IRN,HRV,0.25051071291398813
2020,GIB,SVK,0.24766431401105876
2020,GNQ,BGR,0.24547648562657928
2020,ROU,LTU,0.2418235560252061
2020,GGY,SVN,0.2407733075006084
2020,MNG,DEU,0.2392880653753727
2020,JEY,LUX,0.23870458035481756
2020,GGY,GRC,0.2370465310086477
2020,PRI,BGR,0.23698173458824173
2020,SSD,HRV,0.2365882761832757
2020,GGY,SVK,0.23504309176478044
2020,CYP,AUT,0.23094035962646292
2020,MNG,ESP,0.2302238163137959
2020,URY,SVN,0.23014120136606142
2020,VCT,SVN,0.2298111116022434
2020,BMU,MLT,0.22911481843985332
2020,VUT,HRV,0.22844653336813633
2020,GTM,LTU,0.22758635740615432
2020,ZMB,SWE,0.2271241001106276
2020,SVK,SVN,0.2268482403102051
2020,BOL,FIN,0.22654698309825527
2020,JOR,LTU,0.22441581724887874
2020,MCO,SVK,0.22401551069935455
2020,GEO,LTU,0.22366396757724094
2020,BRB,LTU,0.2228540359255028
2020,SLV,ROU,0.2213493325390436
2020,DJI,IRL,0.22124752585110719
2020,BRN,EST,0.2212355892775732
2020,BRN,ROU,0.2208978318479709
2020,SVK,BGR,0.21956245089901802
2020,PRK,ITA,0.21844932764107491
2020,LCA,DNK,0.21827529696314132
2020,BHS,EST,0.21714692143376896
2020,MNG,ROU,0.2150528868694719
2020,BHR,SVN,0.21494366810497545
2020,CUW,SVK,0.21317424637298643
2020,CUW,LTU,0.213033007636499
2020,DJI,POL,0.21239543491153018
2020,CRI,LTU,0.21047290884405948
2020,JOR,LUX,0.20941428061769127
2020,GIB,DNK,0.2091158067853721
2020,LTU,BEL,0.20888378976324753
2020,CPV,FRA,0.20831733434976274
2020,GBR,ESP,0.20800645819532204
2020,KAZ,BGR,0.20792139028358125
2020,ASM,MLT,0.2077950778140109
2020,CAN,SVK,0.20487149464598603
2020,LKA,DNK,0.2048024101996171
2020,IRN,LTU,0.2042397929453167
2020,SRB,GRC,0.2041783706314043
2020,ZMB,POL,0.20363807979250542
2020,IRN,AUT,0.20358772296897204
2020,EST,ITA,0.20315041687489935
2020,SSD,LTU,0.20108570176148993
2020,VCT,BGR,0.19828337400478194
2020,SYC,HUN,0.197625961724371
2020,BGR,MLT,0.19680060876171374
2020,PRK,CZE,0.196755379307251
2020,KAZ,HUN,0.19608754111923604
2020,GIB,AUT,0.19484501854179764
2020,LKA,ITA,0.19462113235209672
2020,BIH,AUT,0.19269558888097535
2020,MUS,GRC,0.19095840488089014
2020,ISL,HUN,0.18950462910808868
2020,BGR,SVK,0.1881478272608114
2020,LCA,FIN,0.18727545748977872
2020,SLV,ITA,0.1870981280423061
2020,JEY,MLT,0.18690550850577758
2020,IRN,SVK,0.18634302564948524
2020,IRL,MLT,0.18365270759080662
2020,GRC,SVK,0.1835030255076697
2020,KHM,AUT,0.18221660810483298
2020,GIB,BGR,0.18085175278417814
2020,LCA,PRT,0.18030299847855513
2020,BIH,HUN,0.18016963318808565
2020,CYM,MLT,0.17861635359382633
2020,UGA,LTU,0.17754961560141372
2020,KWT,FIN,0.17604142086688457
2020,MNG,BEL,0.17519676701162518
2020,DJI,ITA,0.17518555488217824
2020,BOL,LTU,0.173860913588133
2020,ROU,BGR,0.17357263963919642
2020,VUT,LTU,0.1734657293063278
2020,URY,HRV,0.17342973355704544
2020,IRN,LVA,0.17084298850260993
2020,MMR,GRC,0.17039353122642692
2020,CUW,SWE,0.17031840065155154
2020,GIB,GRC,0.1701091716827094
2020,SSD,SVN,0.16832795150677782
2020,LKA,CZE,0.1679357256802016
2020,ROU,SVN,0.16741851713307193
2020,BRB,SVK,0.16563111711587086
2020,KHM,LTU,0.1655188996789714
2020,URY,AUT,0.16491528489573862
2020,BRN,POL,0.16412412317166974
2020,MUS,LUX,0.16329701635078153
2020,SYC,CYP,0.1627842888962263
2020,LIE,PRT,0.16255061059491255
2020,LBR,LUX,0.16247694729848372
2020,KWT,ITA,0.1619246985246521
2020,URY,CYP,0.15940768201920189
2020,JOR,AUT,0.15824270990454709
2020,CYP,HUN,0.15663395015636844
2020,DJI,CZE,0.1562323531936074
2020,SYC,HRV,0.15458532432363878
2020,PRT,SVN,0.15357794393770635
2020,MUS,SVN,0.15322622998659838
2020,UZB,DNK,0.1531431241148237
2020,VCT,FIN,0.15264473122140745
2020,ZMB,LUX,0.15258820422982125
2020,JOR,PRT,0.1525122413946106
2020,UGA,HUN,0.1503872009603998
2020,CUW,AUT,0.15011222032703714
2020,MHL,DEU,0.15007552895607995
2020,GIN,POL,0.14976804523287954
2020,GIB,HUN,0.14766669557145273
2020,BHS,POL,0.1470300161986114
2020,BRB,AUT,0.14695232191055874
2020,PRY,SVN,0.14687732639325735
2020,PRK,DNK,0.14671468635568688
2020,BGR,CZE,0.1466664132070477
2020,MHL,CYP,0.14495885714981693
2020,KWT,LTU,0.14429416851560017
2020,SSD,BGR,0.14424130205658842
2020,VUT,SVN,0.1410168134568593
2020,MHL,ESP,0.14052532099579326
2020,UGA,LUX,0.13817132646859215
2020,ISL,PRT,0.13772292085524035
2020,MDG,PRT,0.13614896237718868
2020,BRB,DNK,0.13482447034531547
2020,BRN,ITA,0.13420145804731182
2020,TTO,PRT,0.13418353539438668
2020,LKA,FIN,0.13407142491550036
2020,MHL,EST,0.13378162702790367
2020,KHM,SVK,0.13370757340536857
2020,SVK,HUN,0.1333119826222861
2020,MDG,AUT,0.13280657950865096
2020,KWT,SVK,0.13274280049373782
2020,MCO,LTU,0.1324262915672354
2020,PRK,BEL,0.13172173424262662
2020,SYC,LTU,0.13102392797899381
2020,UGA,FIN,0.13068065509509674
2020,MDG,CYP,0.1302535050296296
2020,CYP,HRV,0.12848274785256703
2020,LBR,PRT,0.1283939351584403
2020,BHS,LUX,0.127562182413583
2020,CYP,LTU,0.12752468662790656
2020,LCA,AUT,0.12686907316526405
2020,BHS,ROU,0.1263532206857587
2020,VUT,BGR,0.12596305002441574
2020,SGP,FIN,0.12574046548346038
2020,SLV,EST,0.12495974301600273
2020,ESP,SVN,0.12434987315019067
2020,UGA,PRT,0.12407128011348903
2020,CUW,BGR,0.12342347115741291
2020,ESP,POL,0.12310265002517719
2020,MUS,HUN,0.1215801173469616
2020,SSD,FRA,0.12157395358180154
2020,BRN,CZE,0.12017602222727228
2020,BGR,AUT,0.1198960248308188
2020,BIH,SVK,0.11897426693910867
2020,CHE,MLT,0.11862367404740568
2020,ZMB,FIN,0.11764972492904521
2020,IMN,GRC,0.1167635691465759
2020,ZMB,LTU,0.11487343258594522
2020,PRK,PRT,0.11340711764019769
2020,MNG,CYP,0.11330341994939747
2020,DJI,DNK,0.11326547936134701
2020,JOR,SVK,0.11273812201397547
2020,MMR,BGR,0.11227816983602244
2020,URY,HUN,0.11197437349168776
2020,SLV,FRA,0.11039570295298046
2020,SYC,SVN,0.1100270800616698
2020,LAO,DNK,0.10963410603040295
2020,AND,SWE,0.10855424978324096
2020,GTM,SVN,0.10782905816940995
2020,DJI,BEL,0.10776537354804643
2020,MHL,BEL,0.10745326213289984
2020,MLT,LVA,0.10731556215426642
2020,ROU,POL,0.10690161936770667
2020,LTU,PRT,0.1067908920104577
2020,BRB,BGR,0.10639390932612335
2020,MNG,EST,0.10591379618829552
2020,CUW,DNK,0.10564530947570058
2020,DNK,GRC,0.10510663519844511
2020,KAZ,MLT,0.10506900788682583
2020,GEO,CYP,0.10460582198497122
2020,GIN,HUN,0.1031613498737064
2020,BRB,SVN,0.10310049952191302
2020,EST,IRL,0.10285291142037789
2020,PRK,FRA,0.1028061457522349
2020,LKA,PRT,0.10222846325702209
2020,GRC,LVA,0.10176055162102444
2020,CUW,HUN,0.09832942380159446
2020,PNG,ROU,0.09733297764569536
2020,PRT,AUT,0.09630761210532476
2020,BRB,HUN,0.09618317014482856
2020,LKA,AUT,0.09555639468739616
2020,CUW,SVN,0.09536705692876314
2020,MHL,ROU,0.09521181031133312
2020,ESP,LTU,0.09509391827548405
2020,SVK,AUT,0.09443771893285045
2020,SYC,BGR,0.09426485758314906
2020,MNG,SWE,0.09421988027865241
2020,GIN,ITA,0.09382195351166846
2020,KWT,PRT,0.09332616546455949
2020,BGR,DNK,0.09331407619759122
2020,CYP,SVN,0.09326137263242033
2020,SLV,POL,0.09325737308659296
2020,ISL,POL,0.09127077591030043
2020,AUT,MLT,0.09090177070785517
2020,BGR,FIN,0.09059066398994087
2020,DJI,PRT,0.08998682750021558
2020,MMR,SVN,0.08963460603569266
2020,LBR,GRC,0.08953422238798564
2020,AUT,SVN,0.08893239637696128
2020,IRN,GRC,0.08858419282618882
2020,BRN,DNK,0.08847637004444409
2020,BMU,LUX,0.0882940803928944
2020,GBR,ITA,0.08802317923429634
2020,SLV,SWE,0.08772902668388048
2020,GEO,AUT,0.08614328523991818
2020,CUW,GRC,0.08605967562604414
2020,BGR,LTU,0.08600174412933438
2020,LCA,HUN,0.08598588279053666
2020,CRI,SVN,0.08480296432034398
2020,ZMB,PRT,0.08378304049629283
2020,PRK,AUT,0.08373652869009149
2020,GEO,DNK,0.0836599721155023
2020,KHM,HRV,0.08357006492890982
2020,UZB,PRT,0.0829467429512184
2020,PRY,HUN,0.08224922426630857
2020,SVK,DNK,0.08192803828392237
2020,DJI,NLD,0.08190549626495885
2020,LIE,SWE,0.08176270090120363
2020,CAN,GRC,0.08167810202856757
2020,PRT,HRV,0.08087402226341898
2020,SRB,HUN,0.08010353719261679
2020,GEO,LVA,0.08007937112359068
2020,LKA,LTU,0.07902235798831846
2020,KHM,PRT,0.07821264946817527
2020,BHR,MLT,0.07801317933970589
2020,SLV,CYP,0.07764118121713039
2020,SYC,FRA,0.07740645891155208
2020,BRN,BEL,0.07720260507384027
2020,URY,BGR,0.0770464210781743
2020,WSM,SVK,0.0769292573870951
2020,CYP,BGR,0.07647629448329128
2020,SVK,LVA,0.07438910160791688
2020,LCA,HRV,0.07435673021799193
2020,UZB,AUT,0.07425204962424692
2020,LKA,HUN,0.07351865089676919
2020,EST,LUX,0.0728535633429048
2020,GIB,SVN,0.07174787875484691
2020,BRB,GRC,0.06998938514376692
2020,MHL,SWE,0.06988024302963283
2020,KGZ,ESP,0.06976820632800923
2020,BGR,SVN,0.06966855229898772
2020,BRN,PRT,0.06956669939218282
2020,PLW,DEU,0.06928415877707289
2020,UZB,HRV,0.06883072033660598
2020,KHM,GRC,0.06831198486380154
2020,IOT,DEU,0.06765528076863025
2020,GEO,SVK,0.06707599475448235
2020,JOR,LVA,0.0667356175195874
2020,SVK,LUX,0.06670680605230306
2020,BGR,LUX,0.06652346426782588
2020,MDG,HUN,0.06549573325768522
2020,DJI,AUT,0.06521599318587153
2020,LIE,LTU,0.06459313247003928
2020,IMN,DNK,0.06448734691243797
2020,LTU,HRV,0.06444028003233096
2020,GEO,BGR,0.06397618165920985
2020,TLS,MLT,0.06383571246800199
2020,LTU,DNK,0.0637906190096587
2020,PNG,CYP,0.0636013649854942
2020,FRO,DEU,0.06359784962859982
2020,ROU,GRC,0.06271310594677651
2020,KHM,LVA,0.06217538079107084
2020,IMN,BGR,0.06197746140132104
2020,TTO,SWE,0.061665350767459916
2020,PRT,SVK,0.06118176412360565
2020,JOR,GRC,0.06106458696348531
2020,LBR,SVN,0.060985983740257405
2020,BTN,ESP,0.060794463511913026
2020,BIH,LVA,0.060703962489464885
2020,PNG,EST,0.059522356981050725
2020,LKA,LUX,0.05933783660902232
2020,EST,FRA,0.05930346343813591
2020,ISL,CZE,0.05871573488197592
2020,IMN,LUX,0.05818304654168386
2020,IRN,BGR,0.05787419041209922
2020,GNQ,FIN,0.057844015002340585
2020,CPV,SVK,0.05720193956248508
2020,UZB,LTU,0.057201252689979915
2020,AND,DEU,0.05719401452325402
2020,UGA,GRC,0.056830136772745087
2020,KWT,SVN,0.056824082381870436
2020,PRK,HUN,0.056185838612484995
2020,PNG,SWE,0.05606046576139398
2020,LCA,LTU,0.05519652831843327
2020,LAO,FIN,0.05456639048751599
2020,SVK,MLT,0.05454665665004994
2020,BGR,HUN,0.054034014789183495
2020,AND,FIN,0.05330340538504384
2020,GGY,LUX,0.05286005376894984
2020,VIR,SVK,0.05284835237650938
2020,GIN,LTU,0.05278324206828628
2020,LAO,POL,0.052034110187235666
2020,MCO,GRC,0.05175710107799046
2020,MDG,HRV,0.051727335197531144
2020,JOR,BGR,0.05105930097248773
2020,BRN,AUT,0.05091674235962796
2020,IRN,SVN,0.050406316288016124
2020,MHL,POL,0.050022084313591966
2020,UGA,SVN,0.04982462521970029
2020,GIN,FIN,0.049748505136242974
2020,MDG,LTU,0.048335303646481705
2020,LCA,SVN,0.048252620627517756
2020,PRY,GRC,0.04780442949086689
2020,SRB,MLT,0.04741668239287603
2020,REU,DEU,0.04725580671682241
2020,SLV,HUN,0.047005322898586444
2020,IRN,HUN,0.04651362232916262
2020,GBR,SWE,0.04650835665161687
2020,GTM,GRC,0.0461098252143414
2020,WSM,LVA,0.04541624635613216
2020,PYF,SVK,0.045338368943629456
2020,IMN,SVN,0.04522688627532404
2020,VCT,FRA,0.04512457595599327
2020,KWT,HRV,0.04482317968306242
2020,DJI,HUN,0.04462614356862655
2020,PRK,HRV,0.04448794556213513
2020,UZB,SVK,0.043529699528045626
2020,MNG,HUN,0.04349192638063047
2020,BEN,ESP,0.0432555974848608
2020,KGZ,SWE,0.04324262990464584
2020,JOR,SVN,0.0429877665571208
2020,CYP,FIN,0.0426798807557804
2020,EST,PRT,0.042555958841916
2020,LCA,BGR,0.04245684764105364
2020,LBR,HUN,0.042096518531253846
2020,GIB,MLT,0.04163881313469318
2020,KHM,SVN,0.04161375791641991
2020,AND,LTU,0.041345193054989265
2020,UGA,DNK,0.04094120422472296
2020,KWT,HUN,0.0406408405424262
2020,CPV,FIN,0.04023591187702056
2020,KWT,GRC,0.04019750738083073
2020,GEO,HRV,0.04008776873893001
2020,FIN,GRC,0.039944795598831156
2020,BOL,SVN,0.03976577864807143
2020,CUW,MLT,0.03962830870407139
2020,MUS,LVA,0.03959769441727451
2020,LAO,AUT,0.03928271361607081
2020,LKA,SVK,0.03925976016005093
2020,BTN,NLD,0.03912016579245982
2020,LCA,NLD,0.03879104099756195
2020,LAO,ITA,0.037869765611524636
2020,VCT,CYP,0.03771775851400577
2020,GIN,LVA,0.037654733924262905
2020,IMN,HUN,0.03743937929168403
2020,UZB,LVA,0.03741643264735197
2020,GGY,MLT,0.03676570348504025
2020,MDG,SVN,0.03673945846907318
2020,PYF,LVA,0.03669079218853527
2020,BTN,SWE,0.0365959467646671
2020,PRT,POL,0.03642169907538195
2020,TTO,LTU,0.03642023676593487
2020,GEO,SVN,0.036361470095812226
2020,LCA,FRA,0.03561572122430781
2020,BGR,GRC,0.03546313582659849
2020,LAO,LTU,0.03524509751900133
2020,DJI,HRV,0.03496925611416707
2020,HUN,LUX,0.03485835950798258
2020,UGA,AUT,0.03457335498411296
2020,BRN,HUN,0.03452036901894133
2020,SRB,BGR,0.034504966269021324
2020,MUS,AUT,0.03438919358919901
2020,JOR,HRV,0.03431052170998638
2020,PRK,LTU,0.034067150398651366
2020,VUT,SVK,0.03370141330035214
2020,LCA,CYP,0.03305907883841907
2020,MCO,BGR,0.032943013348487184
2020,MUS,SVK,0.032845076958680636
2020,ZMB,HUN,0.03272980633755894
2020,BHS,LTU,0.03270989399990288
2020,FRO,ESP,0.03231823086311503
2020,SLV,CZE,0.03231471465211859
2020,ZMB,SVN,0.032073270840993165
2020,MDG,BGR,0.03166348225506292
2020,MNG,CZE,0.03154633843501493
2020,BTN,IRL,0.03140043644651004
2020,PRK,SVN,0.03125451351339081
2020,ZMB,GRC,0.031084821038111356
2020,ESP,GRC,0.031002115523480256
2020,LKA,HRV,0.03086812139505778
2020,BRB,MLT,0.030677089348083397
2020,ISL,SWE,0.03036542374191739
2020,MCO,LVA,0.02990640147725388
2020,BHS,SWE,0.02984327866219496
2020,KGZ,EST,0.029581629253043407
2020,BHS,SVN,0.029482532942320276
2020,PNG,FIN,0.02942237093018469
2020,MMR,MLT,0.029407479755218048
2020,ISL,LTU,0.029401558033043815
2020,LKA,SVN,0.029233933916686737
2020,SRB,LVA,0.0290959390508016
2020,WLF,DEU,0.028783995284585962
2020,KGZ,ROU,0.02862324063568597
2020,LTU,AUT,0.028440778653528394
2020,MNG,DNK,0.028437273923455395
2020,MDG,SVK,0.028368090254048288
2020,MUS,BGR,0.0279383652623213
2020,UZB,HUN,0.02789770130464439
2020,DJI,LTU,0.027736752962173532
2020,LAO,SVK,0.02763036101217888
2020,BRN,HRV,0.027440892016016957
2020,LTU,BGR,0.027428683482499588
2020,BTN,EST,0.02722581390495072
2020,PRK,BGR,0.026990521784936505
2020,GIN,PRT,0.02625487549036012
2020,FRO,FRA,0.026251514267968113
2020,FRO,NLD,0.02603829907852188
2020,BTN,FRA,0.02589460905127468
2020,ISL,LUX,0.02586364453940778
2020,FRO,SWE,0.025820864258957216
2020,GNQ,LUX,0.025671907290459102
2020,LIE,GRC,0.025640562639931107
2020,BTN,ROU,0.025475903280285275
2020,LKA,BGR,0.025230460340697602
2020,BOL,HRV,0.02467373968413142
2020,DJI,SVN,0.02460752287648887
2020,FRO,IRL,0.02457479852837985
2020,PNG,LTU,0.02450082945759443
2020,KWT,BGR,0.02446778911908197
2020,GNQ,SVK,0.024343122998006256
2020,CRI,GRC,0.023702204537510152
2020,SLV,DNK,0.023197646657555228
2020,PRT,BGR,0.02316996500086227
2020,TTO,GRC,0.023083182856660996
2020,GIN,HRV,0.023082451806746746
2020,SRB,SVK,0.023079595100484816
2020,VUT,LVA,0.022958640145425934
2020,WSM,GRC,0.022774420473733195
2020,TTO,AUT,0.022550864987012885
2020,PRI,GRC,0.022446394985100544
2020,TTO,SVN,0.022384095703832478
2020,UZB,SVN,0.02235246653656855
2020,LTU,GRC,0.022303592558462777
2020,NLD,MLT,0.022063783318259235
2020,KGZ,POL,0.0219264163938079
2020,FIN,LVA,0.021651949108982518
2020,MHL,SVN,0.021482521479244697
2020,MCO,LUX,0.021480596504302393
2020,DJI,BGR,0.02130962773920408
2020,DNK,MLT,0.021298018716205274
2020,UZB,BGR,0.02106588469671542
2020,MUS,DNK,0.020944835536024334
2020,BRN,LTU,0.02089217777225617
2020,IMN,AUT,0.020781219658011427
2020,SLV,PRT,0.020716857377646
2020,PNG,SVN,0.020622759766649866
2020,PRI,SVK,0.020515172198894156
2020,PRK,NLD,0.020193752890671955
2020,UZB,GRC,0.01994861856736993
2020,IRN,MLT,0.01990640717060225
2020,GIN,GRC,0.01964363818670297
2020,PYF,GRC,0.01956411258626911
2020,LIE,LUX,0.019417186732013002
2020,MHL,DNK,0.019263233579078717
2020,CRI,PRT,0.019148911844949372
2020,BRN,SVN,0.018903028514799254
2020,GTM,BGR,0.018863472212123415
2020,FRO,POL,0.01880080855342356
2020,PRY,BGR,0.0187753722824889
2020,GTM,DNK,0.01870855367733081
2020,BTN,POL,0.01848244446498922
2020,KHM,BGR,0.018189179695737984
2020,ISL,GRC,0.018158415095836294
2020,KGZ,ITA,0.017938177428411823
2020,GIN,LUX,0.017918273147253794
2020,VCT,SVK,0.017855226173958374
2020,LKA,LVA,0.017845141777010985
2020,PNG,POL,0.01766535434600755
2020,CPV,LUX,0.017603086160530444
2020,UGA,BGR,0.01735242286431454
2020,CRI,HRV,0.017052221192368853
2020,BRN,BGR,0.01656019917913643
2020,GIN,BGR,0.016372346508651367
2020,PRY,HRV,0.016120172298236316
2020,KGZ,CZE,0.016066009124272126
2020,GNQ,GRC,0.01597225656232822
2020,KWT,LVA,0.015836328656271742
2020,UGA,HRV,0.01581178699998318
2020,MCO,HUN,0.015778622100919987
2020,BTN,ITA,0.015468255154358073
2020,CUW,LUX,0.015437264565238317
2020,LBR,LVA,0.01539669003518804
2020,MCO,HRV,0.015281929059621481
2020,SLV,AUT,0.015127871560550201
2020,MCO,SVN,0.015107240496834129
2020,BTN,CZE,0.014887757005595834
2020,GIN,SVN,0.014864656503830788
2020,NRU,DEU,0.014544260674548217
2020,MNG,ITA,0.014468106390107892
2020,SRB,AUT,0.014445321242684293
2020,SSD,LUX,0.014377948800091484
2020,LAO,GRC,0.014235881992806246
2020,BIH,MLT,0.014088867992906078
2020,PLW,ESP,0.014010877198595463
2020,SSD,SVK,0.013914942795806297
2020,IOT,ESP,0.013879911593678821
2020,GTM,HRV,0.013669673866626833
2020,FRO,FIN,0.013583381805673814
2020,LIE,DNK,0.013580204435460095
2020,SLV,LTU,0.013552309637797758
2020,LTU,SVK,0.013495383551276665
2020,PNG,DEU,0.013494477057265818
2020,BTN,BEL,0.013486817426481414
2020,MUS,HRV,0.013377452394250196
2020,KHM,HUN,0.01336573863187238
2020,MMR,LUX,0.0133026487855439
2020,FIN,MLT,0.013103481442312985
2020,LAO,HRV,0.012955126309238353
2020,GTM,AUT,0.01292995687535401
2020,TTO,BGR,0.01292557399435279
2020,IMN,LVA,0.012915218996276819
2020,VCT,NLD,0.012870649501732485
2020,PRT,GRC,0.012867566582822317
2020,ISL,AUT,0.012685164538815663
2020,SSD,FIN,0.01257817292549042
2020,IMN,SVK,0.012558733196370048
2020,LAO,PRT,0.012548716607159918
2020,LBR,SVK,0.012510528425037503
2020,MNG,AUT,0.011990451307347253
2020,FRO,BEL,0.011977167312031778
2020,FLK,DEU,0.011974862098388871
2020,KGZ,DNK,0.01182824727444098
2020,IOT,NLD,0.011811867344536533
2020,UGA,LVA,0.011764009673068485
2020,TTO,DNK,0.01172241224055296
2020,MDG,LUX,0.011634844671621701
2020,ZMB,LVA,0.011508382953719356
2020,BIH,HRV,0.011447416544675518
2020,ISL,SVN,0.011330826448076575
2020,CRI,BGR,0.011313177542892468
2020,UGA,SVK,0.011254344013627954
2020,EST,SWE,0.011239691197192906
2020,LIE,CZE,0.010862623153108155
2020,VUT,GRC,0.010736510247048334
2020,LAO,SVN,0.010532288080493779
2020,KGZ,BEL,0.010304102051289326
2020,GBR,BGR,0.010274423975982319
2020,LAO,LVA,0.010149164992101735
2020,MNG,POL,0.0101199457664346
2020,BTN,DNK,0.010114921944706864
2020,LBR,BGR,0.009874374271365904
2020,LBR,AUT,0.009847355161476066
2020,FRO,ITA,0.009757689442161438
2020,AND,SVN,0.0097528346149598
2020,SLV,SVN,0.009633019406231028
2020,MHL,LTU,0.009617957350936696
2020,CPV,GRC,0.009584389630448742
2020,REU,ESP,0.009528331324853463
2020,IOT,IRL,0.009527480259407592
2020,SYC,LUX,0.009516301364952254
2020,ZMB,SVK,0.009443114033701213
2020,KGZ,PRT,0.009301319360235668
2020,SRB,HRV,0.009132858272954557
2020,SYC,SVK,0.009121795827216835
2020,LKA,GRC,0.009031360637980958
2020,GIB,LUX,0.008963582945999669
2020,DJI,CYP,0.008748235288050566
2020,SYC,FIN,0.008567337259359441
2020,PLW,SWE,0.008491600658596336
2020,MDG,FIN,0.008473913737899035
2020,AUT,HRV,0.008421818321771636
2020,AUT,SVK,0.00841886583687829
2020,GRC,MLT,0.008412020404032472
2020,GTM,HUN,0.008331219607101316
2020,GTM,MLT,0.008313227428292573
2020,IOT,SWE,0.008153106414768428
2020,SGP,MLT,0.007960929550909795
2020,LIE,SVN,0.007884465789004516
2020,MHL,PRT,0.007802957768565246
2020,LIE,BGR,0.007734366908378614
2020,BTN,PRT,0.007698003095132922
2020,PNG,HUN,0.007681915243762767
2020,MNG,LTU,0.007532679870393914
2020,GBR,SVK,0.007502459608577797
2020,PLW,NLD,0.007462497600911053
2020,HTI,DEU,0.007323295056237868
2020,SLV,HRV,0.007308694123132415
2020,ZMB,BGR,0.007226504672576557
2020,PRY,AUT,0.007218905976831966
2020,MCO,MLT,0.007102580167338874
2020,PLW,IRL,0.007076792986581455
2020,MHL,AUT,0.0070412311796477865
2020,ISL,BGR,0.006838192910891556
2020,LCA,SVK,0.006809051025782521
2020,KGZ,AUT,0.006802550866110532
2020,CYP,SVK,0.00677730964502029
2020,BOL,BGR,0.006776972863453982
2020,ISL,DNK,0.006701790050845397
2020,PRT,LVA,0.006647103541263288
2020,DJI,FRA,0.006641400685222316
2020,SSD,GRC,0.006564393111714474
2020,IOT,EST,0.006486051472528208
2020,KHM,MLT,0.006439076006302765
2020,AND,HRV,0.0063778469754323126
2020,MNG,SVK,0.00633123315156029
2020,PLW,EST,0.006237188004271001
2020,FRO,LUX,0.006096182091013453
2020,BHS,GRC,0.006074595633103702
2020,DMA,DEU,0.006073216427382263
2020,SGP,GRC,0.005959539351733982
2020,IOT,ROU,0.0059041404231500606
2020,EST,FIN,0.005887063484281395
2020,WLF,ESP,0.0058748704107554955
2020,PLW,ROU,0.005865824404691266
2020,SLV,BGR,0.005861480874608216
2020,VIR,CYP,0.00579721737825343
2020,ZMB,AUT,0.005769481872565992
2020,BTN,AUT,0.005719429630750057
2020,REU,SWE,0.005629024522843782
2020,TTO,LUX,0.005498606790625175
2020,MNG,FIN,0.005445316089685043
2020,PNG,PRT,0.005338005085273018
2020,LTU,FIN,0.005303815587264983
2020,LBR,HRV,0.005294219426469264
2020,WSM,MLT,0.005160734295581674
2020,LIE,LVA,0.004977734562043589
2020,PNG,HRV,0.004961800694711409
2020,LCA,LVA,0.004956871206777095
2020,TTO,HRV,0.004950644288073793
2020,PLW,FRA,0.004875608969934782
2020,URY,SVK,0.0048396995342995285
2020,MHL,SVK,0.004771480752808744
2020,LVA,MLT,0.004644588534889511
2020,AND,EST,0.004642470840477402
2020,MNG,GRC,0.004616668031616228
2020,KGZ,HUN,0.004613790396022332
2020,EST,LTU,0.00451796012346184
2020,AND,ROU,0.00449206360050195
2020,LIE,AUT,0.004354067065784437
2020,PYF,MLT,0.004328133268193986
2020,PLW,POL,0.00428766402967006
2020,FRO,CZE,0.0042802191183306795
2020,CPV,LVA,0.004268550902903883
2020,TTO,SVK,0.004255580971372063
2020,LVA,SVK,0.004238851181544896
2020,UZB,MLT,0.004177119557194381
2020,IOT,POL,0.004152929539385389
2020,FRO,HUN,0.00412027824825048
2020,SYC,GRC,0.004089961126767968
2020,BTN,CYP,0.003962777612164517
2020,FRO,PRT,0.00391583519516212
2020,REU,EST,0.003832067568236616
2020,PRY,MLT,0.0037937712099967947
2020,FRO,LTU,0.0037815574270466056
2020,BTN,HUN,0.0037340582628566377
2020,IOT,CZE,0.0037239900228446935
2020,REU,ROU,0.0037075099923671233
2020,LIE,HUN,0.0037012072061576163
2020,SLV,GRC,0.0036509306837568334
2020,KGZ,HRV,0.0036476504743447606
2020,MNG,PRT,0.003581953394375014
2020,WLF,SWE,0.0035425555939536503
2020,MDG,LVA,0.003536804700418914
2020,PLW,ITA,0.003533384355369737
2020,IOT,ITA,0.003527126099048043
2020,IOT,BEL,0.0034597882897524955
2020,PLW,CZE,0.0034524987050233054
2020,AND,POL,0.0034410798632379673
2020,PNG,ITA,0.0033486867256509604
2020,BTN,HRV,0.00322162904247988
2020,WLF,NLD,0.0031625974184933702
2020,ISL,HRV,0.0030319793046923176
2020,MDG,GRC,0.0030188483446202115
2020,PRK,SVK,0.0030187139366645277
2020,NRU,ESP,0.002976686925246156
2020,WLF,IRL,0.002970682709458391
2020,BEN,IRL,0.002946900728729894
2020,MHL,ITA,0.00294014821569938
2020,ZMB,HRV,0.0029359311894424298
2020,PLW,BEL,0.002935841344389681
2020,GBR,CZE,0.002932442105109484
2020,LAO,BGR,0.002901096318809083
2020,PRY,DNK,0.002873107238743923
2020,FRO,CYP,0.0028685528460703326
2020,REU,POL,0.0028581373851880184
2020,IOT,FRA,0.0028463243753615334
2020,AND,ITA,0.0028151750848592655
2020,KGZ,LTU,0.0027915480906234927
2020,MNG,SVN,0.0027761037759546996
2020,LIE,SVK,0.002764031383039744
2020,MTQ,DEU,0.0027598087333692224
2020,EST,CYP,0.0026992569368647825
2020,WLF,EST,0.0025926853042083976
2020,VUT,MLT,0.0025708033055995647
2020,KGZ,SVN,0.0025264239767387726
2020,AND,CZE,0.0025213614248310447
2020,BTN,LTU,0.0025166013387670433
2020,BTN,FIN,0.0025028560198284357
2020,PNG,BEL,0.002465890656874487
2020,GNQ,LVA,0.0024595783692791797
2020,WLF,ROU,0.002438473452555282
2020,ISL,SVK,0.0024329472150659464
2020,FRO,EST,0.002370940972919073
2020,PLW,DNK,0.002343749558794352
2020,FLK,ESP,0.0023297210532251954
2020,REU,ITA,0.0023296876277982504
2020,URY,GRC,0.0022579583147730627
2020,WLF,FRA,0.0022277886099295674
2020,IOT,DNK,0.0022157331159758636
2020,KGZ,BGR,0.0022150689961101884
2020,BEN,LUX,0.002201689995711301
2020,BEN,FRA,0.0021921760223344846
2020,ASM,LUX,0.002166120871690583
2020,MHL,FIN,0.0021595880718841727
2020,REU,CZE,0.002084745976014916
2020,BTN,SVN,0.0020843451577387834
2020,DJI,LUX,0.0020683201717631933
2020,LBR,DNK,0.002055041050270565
2020,DJI,SVK,0.0020403479562837415
2020,ATG,IRL,0.002027198049285596
2020,LAO,HUN,0.002014185164171749
2020,BEN,NLD,0.001998428469451823
2020,NRU,NLD,0.0019912819146239978
2020,ISL,LVA,0.0019640518543946727
2020,MHL,GRC,0.0019639896758866663
2020,BHS,BGR,0.0019562479447615367
2020,AND,BGR,0.0019421566711508853
2020,AND,DNK,0.0018562971158831317
2020,BTN,BGR,0.001838358939568214
2020,NRU,IRL,0.001801529051495622
2020,WLF,POL,0.001787476865813921
2020,PLW,PRT,0.0017856697811742238
2020,NRU,SWE,0.001782720816119407
2020,MAF,FRA,0.0017666311844462589
2020,PRK,CYP,0.001754889875364627
2020,IOT,PRT,0.0017479375963982342
2020,IMN,MLT,0.0016777542338865887
2020,AND,BEL,0.0016171013740053748
2020,MNG,BGR,0.0016078371499935878
2020,CAN,MLT,0.0016071861057532556
2020,BRN,SVK,0.0015863548257673652
2020,DJI,FIN,0.001584984820970941
2020,MHL,HRV,0.0015440077283260243
2020,REU,DNK,0.0015316941120903365
2020,WLF,ITA,0.0015111192558481161
2020,LCA,GRC,0.001509389548479981
2020,FRO,ROU,0.0014879215824307624
2020,PNG,LVA,0.0014802500549282083
2020,MHL,LVA,0.0014749257850222182
2020,AND,PRT,0.001459727033237004
2020,FRO,LVA,0.001454503256831858
2020,WLF,CZE,0.0014398516838996203
2020,GRD,DEU,0.001429724063046383
2020,HTI,ESP,0.0014193794939073047
2020,JOR,MLT,0.0014150499828339325
2020,MAF,NLD,0.001412010414551359
2020,FLK,SWE,0.0014027005686100915
2020,TTO,LVA,0.00138999436618128
2020,NRU,EST,0.0013606541276235395
2020,REU,BEL,0.0013453072491889336
2020,BHS,MLT,0.0013330847557269543
2020,PLW,AUT,0.0013301321005011022
2020,IMN,HRV,0.0013270849362664971
2020,MNG,HRV,0.0013149537609976744
2020,NRU,ROU,0.0012770448316599306
2020,IOT,AUT,0.001264624582236337
2020,WLF,BEL,0.0012297532143978303
2020,FLK,IRL,0.0012163410322705197
2020,REU,PRT,0.001207767896233198
2020,BEN,DEU,0.0012022010362727194
2020,PNG,CZE,0.0012013574079324314
2020,SSD,LVA,0.0011976770176119643
2020,FRO,SVK,0.0011921534012292766
2020,IOT,CYP,0.0011804608816758074
2020,DMA,ESP,0.0011715567872002304
2020,NRU,FRA,0.0011687663791427208
2020,PNG,SVK,0.0011263170330732242
2020,PNG,AUT,0.0011237822235172982
2020,BHS,HRV,0.0011226556255234594
2020,PNG,BGR,0.0010743729540819012
2020,AND,AUT,0.0010675762232918045
2020,PRY,SVK,0.0010430225659196935
2020,EST,SVN,0.0010333559079069505
2020,LAO,MLT,0.0010145035036876113
2020,FLK,EST,0.0009881677709749426
2020,MNG,LVA,0.0009863652085252536
2020,WLF,DNK,0.000977955636501488
2020,TLS,LUX,0.0009598845492852286
2020,FLK,ROU,0.0009468040826762478
2020,NRU,POL,0.0009388967581242788
2020,REU,AUT,0.0008815855849003963
2020,FRO,BGR,0.0008805179391394678
2020,PLW,HUN,0.0008742324435889597
2020,HTI,SWE,0.0008689507142678279
2020,SLV,SVK,0.0008623657724071395
2020,IOT,HUN,0.0008530687751166061
2020,CRI,AUT,0.0008265820099798929
2020,SYC,LVA,0.0008193539568838557
2020,BEN,SWE,0.0008143855746228336
2020,VCT,GRC,0.00079445593367391
2020,LIE,MLT,0.0007782555322516355
2020,NRU,ITA,0.0007763775270449035
2020,NRU,CZE,0.0007718123579766311
2020,TON,DEU,0.0007669663981019837
2020,PLW,CYP,0.0007600940030680682
2020,MNG,LUX,0.0007545832292220544
2020,PNG,DNK,0.0007517780892849519
2020,WLF,PRT,0.0007505130770431411
2020,PLW,HRV,0.0007449922219837823
2020,FLK,POL,0.0007388244558248457
2020,AND,HUN,0.000724077338485496
2020,DMA,SWE,0.0007206217572760202
2020,MUS,MLT,0.0006969638122053931
2020,NRU,BEL,0.0006939797234183325
2020,FRO,AUT,0.0006913011804156319
2020,FLK,ITA,0.0006855267698608982
2020,LBR,MLT,0.0006818410672479435
2020,IOT,HRV,0.0006806411547709096
2020,ISL,MLT,0.0006478808884051904
2020,EST,HRV,0.0006411732786223694
2020,SLV,LUX,0.0006280836905210447
2020,FLK,BEL,0.0006111734283129079
2020,REU,HUN,0.0006015853273658554
2020,IOT,LTU,0.0005976124166436848
2020,KWT,MLT,0.0005957017183796864
2020,LCA,MLT,0.0005952855184554795
2020,HTI,EST,0.0005944360443691812
2020,FLK,CZE,0.000592773195776806
2020,PLW,LTU,0.0005778695430795186
2020,HTI,ROU,0.0005751774452637317
2020,TTO,MLT,0.0005640151187179836
2020,WLF,AUT,0.0005537306315424704
2020,GEO,MLT,0.0005322485161288208
2020,MTQ,ESP,0.0005283394697671877
2020,KHM,LUX,0.0005078823141200083
2020,GBR,HUN,0.0005062129051191165
2020,PNG,MLT,0.0004951832906299132
2020,NRU,DNK,0.000494585147297172
2020,CRI,HUN,0.0004945673853513983
2020,DMA,EST,0.0004929664477489519
2020,PLW,SVN,0.0004882096722384024
2020,ATG,BEL,0.00048059622390333486
2020,IOT,SVN,0.00047799151127888103
2020,DMA,ROU,0.00047699527090063425
2020,REU,HRV,0.0004728051658718871
2020,VIR,MLT,0.0004684162787238362
2020,PLW,FIN,0.00044189429466358294
2020,ATG,FIN,0.0004411500195273502
2020,HTI,POL,0.0004406063005128696
2020,PNG,GRC,0.0004319371491791667
2020,PLW,BGR,0.00042814300369611944
2020,BEN,FIN,0.0004271898056520877
2020,SXM,FRA,0.0004250563565412102
2020,BTN,SVK,0.0004211328250620032
2020,LTU,MLT,0.0004190531906306837
2020,IOT,BGR,0.0004097013100577828
2020,HTI,ITA,0.00039426589964590213
2020,FLK,DNK,0.0003829955808195007
2020,NRU,PRT,0.00038139797690149043
2020,FRO,SVN,0.0003697620575751606
2020,REU,LTU,0.00036661734110544203
2020,DMA,POL,0.0003653952765433912
2020,WLF,HUN,0.00036286819472127065
2020,BEN,POL,0.00035804907548327484
2020,IRN,LUX,0.00035792879646966635
2020,MHL,MLT,0.000355599953057462
2020,LIE,HRV,0.00035318804695729417
2020,PRY,LVA,0.0003406809787385812
2020,REU,SVN,0.00032781758582831175
2020,MTQ,SWE,0.00032746704204701936
2020,HTI,CZE,0.0003228427626801169
2020,WLF,CYP,0.00032072336103181206
2020,DMA,ITA,0.00031621237384297845
2020,FLK,PRT,0.00031577139740457177
2020,GTM,SVK,0.00031575417943516574
2020,MAF,ESP,0.0003154002480390984
2020,UGA,MLT,0.00031315868558979794
2020,WLF,HRV,0.0003089787476857937
2020,URY,MLT,0.00030454843469584846
2020,ATG,DEU,0.0003018604806384618
2020,MHL,HUN,0.0003007067590153084
2020,ZMB,MLT,0.000290950201897912
2020,REU,BGR,0.0002877755442196358
2020,NRU,AUT,0.00028273252993945067
2020,GBR,HRV,0.00027781015914100975
2020,GRD,ESP,0.0002737072479878469
2020,MAF,DEU,0.00026880399613560116
2020,DMA,CZE,0.0002677338485905018
2020,FLK,FIN,0.00026212442639873286
2020,LCA,LUX,0.0002577636082151086
2020,FRO,HRV,0.0002547679772480726
2020,WLF,FIN,0.00025245636079565477
2020,MHL,LUX,0.00025070123888494973
2020,LKA,MLT,0.0002471342388853958
2020,WLF,LTU,0.00024040919447111913
2020,HTI,DNK,0.0002376859118033829
2020,GLP,FRA,0.00022721490833083234
2020,NRU,CYP,0.00022472472261197607
2020,MTQ,EST,0.0002240152518888534
2020,FLK,AUT,0.00022030923523461366
2020,MAF,BEL,0.00022012105146389813
2020,EST,MLT,0.00021810047945220053
2020,BTN,LVA,0.00021725884044113497
2020,MTQ,ROU,0.00021675758309420284
2020,NRU,FIN,0.0002132002679781626
2020,BEN,BEL,0.00020931617114962195
2020,HTI,BEL,0.00020705856366970153
2020,WLF,SVN,0.00020308814605426455
2020,BEN,LTU,0.00020030250635641705
2020,KGZ,SVK,0.000199631600427928
2020,BRN,FRA,0.00019733810201589083
2020,IOT,FIN,0.0001972690913389955
2020,DMA,DNK,0.00019711318102526412
2020,DJI,GRC,0.00019561179636417948
2020,HTI,PRT,0.00019398879265844485
2020,BRN,NLD,0.00019267671692382298
2020,STP,DEU,0.00018740534821855265
2020,NRU,HUN,0.00018518815934663772
2020,WLF,BGR,0.00017784856714445153
2020,ATG,ITA,0.00017772540470780546
2020,AUT,LVA,0.0001762387180303627
2020,EST,BGR,0.0001761068231091934
2020,DMA,BEL,0.0001717138884412255
2020,NRU,HRV,0.00017068641023349328
2020,GRD,SWE,0.00016964491205797216
2020,MTQ,POL,0.000166043987958284
2020,SLV,LVA,0.0001612905448045944
2020,DMA,PRT,0.00015862262496500125
2020,GBR,LVA,0.0001570548680914254
2020,DJI,LVA,0.00015685531713601145
2020,MAF,SWE,0.00015412320672670936
2020,FLK,HUN,0.00014941464904732929
2020,TON,ESP,0.00014682946861776115
2020,BRN,LVA,0.00013755687661851326
2020,HTI,AUT,0.0001366956969773689
2020,MTQ,ITA,0.00013584192069607514
2020,SOM,DEU,0.0001356723459200035
2020,ATG,CZE,0.00013523853875431553
2020,MHL,BGR,0.00013268009274403973
2020,LAO,LUX,0.00013152902070540294
2020,BEN,ITA,0.00012943131003551427
2020,GEO,IRL,0.00012924394615162105
2020,NRU,LTU,0.0001269601726024051
2020,BTN,GRC,0.00012572368911409337
2020,ATG,ESP,0.00012460937906021646
2020,MTQ,CZE,0.00012166439684697772
2020,FLK,HRV,0.00011811222414344882
2020,GRD,EST,0.00011605151916592678
2020,ATG,NLD,0.00011601499148903525
2020,DMA,AUT,0.00011336188779233853
2020,GRD,ROU,0.00011229167030688466
2020,MAF,CYP,0.00010734719361360875
2020,GNQ,MLT,0.00010510287432675192
2020,NRU,SVN,0.00010358998891122998
2020,STP,FRA,0.00010039818150234427
2020,MAF,EST,9.879449583937553e-05
2020,WSM,LUX,9.528382170771632e-05
2020,BRN,CYP,9.460338357759645e-05
2020,STP,HRV,9.414687628894543e-05
2020,FLK,LTU,9.39626017171134e-05
2020,GBR,MLT,9.315801903289705e-05
2020,UZB,LUX,9.299766155323228e-05
2020,NRU,BGR,9.278803327266858e-05
2020,HTI,HUN,9.271305813143709e-05
2020,BHS,HUN,9.134536826182011e-05
2020,STP,ESP,9.116667565891387e-05
2020,TON,SWE,9.100590937515578e-05
2020,PRK,LVA,9.089864620407564e-05
2020,MTQ,DNK,8.957274698840104e-05
2020,PLW,SVK,8.80127008241406e-05
2020,STP,NLD,8.615191142350108e-05
2020,GRD,POL,8.60193977349742e-05
2020,SXM,NLD,8.57421049935336e-05
2020,FLK,SVN,8.362076062660417e-05
2020,GLP,PRT,8.261376694399008e-05
2020,BEN,CZE,8.166638530840508e-05
2020,STP,BEL,7.98800969608194e-05
2020,SXM,ESP,7.931103081993794e-05
2020,BEN,HUN,7.861287363979394e-05
2020,MTQ,BEL,7.803072632554713e-05
2020,PYF,LUX,7.741354484071475e-05
2020,DMA,HUN,7.688703832806507e-05
2020,HTI,HRV,7.329869834629847e-05
2020,SOM,FRA,7.24565147884629e-05
2020,FLK,BGR,7.200866036276911e-05
2020,MTQ,PRT,7.04368708551607e-05
2020,GRD,ITA,7.037316044453351e-05
2020,SOM,HRV,6.92898299320291e-05
2020,FLK,NLD,6.899927689117139e-05
2020,SOM,ESP,6.600977060221104e-05
2020,MNG,MLT,6.594370779864153e-05
2020,SOM,NLD,6.352460636266884e-05
2020,GRD,CZE,6.30284677647902e-05
2020,BEN,PRT,6.28478992361591e-05
2020,MAF,ROU,6.23276210392246e-05
2020,TON,EST,6.225552611841596e-05
2020,DMA,HRV,6.078668898138928e-05
2020,TON,ROU,6.030004752546405e-05
2020,ATG,CYP,5.8547775310863904e-05
2020,IOT,SVK,5.8464602934905414e-05
2020,STP,SWE,5.800167751660727e-05
2020,SOM,BEL,5.772971039655968e-05
2020,GLP,ESP,5.766561014069307e-05
2020,BRN,IRL,5.746667053154818e-05
2020,CPV,MLT,5.7228588707181584e-05
2020,ATG,FRA,5.715513739289285e-05
2020,HTI,LTU,5.6095517608647205e-05
2020,SOM,SWE,5.56429210921362e-05
2020,GLP,NLD,5.469477755689567e-05
2020,GLP,DEU,5.3468626956145654e-05
2020,SXM,DEU,5.3087101330556625e-05
2020,SOM,LVA,5.2707969966666925e-05
2020,STP,LVA,5.265068346990648e-05
2020,ATG,EST,5.166328209379423e-05
2020,MTQ,AUT,5.15142398927101e-05
2020,HTI,SVN,5.076790944425568e-05
2020,STP,ITA,5.027813982847814e-05
2020,STP,CYP,4.9596272955347416e-05
2020,ATG,POL,4.935809433170923e-05
2020,SSD,MLT,4.834479614223279e-05
2020,BRN,MLT,4.6979739500162507e-05
2020,MAF,DNK,4.671934678041285e-05
2020,DMA,LTU,4.652007278515443e-05
2020,GRD,DNK,4.640332868507858e-05
2020,TON,POL,4.6146139648116e-05
2020,BRN,FIN,4.516540100509238e-05
2020,HTI,BGR,4.451130263276786e-05
2020,REU,FRA,4.4368653469308585e-05
2020,PLW,LVA,4.297130719369571e-05
2020,DMA,SVN,4.210188163292461e-05
2020,IOT,LUX,4.1435500658673006e-05
2020,GRD,BEL,4.042396334778761e-05
2020,GIN,MLT,3.939181778287695e-05
2020,SXM,SWE,3.885414843100307e-05
2020,VUT,LUX,3.810922733228577e-05
2020,TON,ITA,3.7751899234936064e-05
2020,WLF,SVK,3.751274534603027e-05
2020,DMA,BGR,3.6913270908462036e-05
2020,SOM,ITA,3.675506117202781e-05
2020,GRD,PRT,3.6489952354187586e-05
2020,BEN,SVN,3.602957913289689e-05
2020,MDG,MLT,3.542474808510806e-05
2020,HTI,NLD,3.5271643941386286e-05
2020,SOM,CYP,3.513101147846412e-05
2020,MTQ,HUN,3.493923234877204e-05
2020,BEN,CYP,3.444307758108875e-05
2020,FLK,CYP,3.435281899704555e-05
2020,MAF,PRT,3.432897784239911e-05
2020,ATG,ROU,3.421762725046931e-05
2020,TON,CZE,3.381164401714596e-05
2020,BRN,LUX,3.319247546468699e-05
2020,FLK,FRA,3.302201569645396e-05
2020,REU,NLD,3.2435578924241835e-05
2020,REU,IRL,3.208828951462307e-05
2020,IOT,GRC,3.147714985379339e-05
2020,STP,EST,3.134289971053006e-05
2020,AND,SVK,3.132971060845619e-05
2020,STP,IRL,3.1257814311014075e-05
2020,GLP,SWE,2.972300971176749e-05
2020,SOM,EST,2.957600021516642e-05
2020,STP,AUT,2.919473556116546e-05
2020,REU,LUX,2.8726716718079036e-05
2020,SXM,BEL,2.820206438962383e-05
2020,BEN,LVA,2.7720992938188884e-05
2020,MTQ,HRV,2.7622864610432827e-05
2020,REU,SVK,2.704458833062301e-05
2020,BEN,EST,2.6806873407692392e-05
2020,GRD,AUT,2.6687048081856368e-05
2020,STP,CZE,2.5857812505864472e-05
2020,NRU,SVK,2.5360171524382108e-05
2020,TON,DNK,2.4893076882207083e-05
2020,GLP,BEL,2.4822461864484165e-05
2020,ATG,PRT,2.4542085037843215e-05
2020,BTN,MLT,2.417333581400859e-05
2020,FRO,GRC,2.381790874254809e-05
2020,PLW,GRC,2.3790879305992555e-05
2020,SOM,CZE,2.3398320873110948e-05
2020,SOM,IRL,2.3226924733654367e-05
2020,BEN,HRV,2.3213967255617177e-05
2020,GEO,GRC,2.2980011950776537e-05
2020,BEN,SVK,2.2746244932537833e-05
2020,STP,DNK,2.2219706508936822e-05
2020,BEN,BGR,2.1840569207126394e-05
2020,TON,BEL,2.168658797907093e-05
2020,STP,FIN,2.1409843345321442e-05
2020,SOM,AUT,2.1156088431602328e-05
2020,MTQ,LTU,2.1139787241993527e-05
2020,SOM,MLT,1.992883036726429e-05
2020,STP,MLT,1.990717040052689e-05
2020,TON,PRT,1.9574971567623086e-05
2020,MTQ,SVN,1.913205992428386e-05
2020,NRU,LVA,1.9122553814649025e-05
2020,SYC,MLT,1.8855214768453257e-05
2020,BEN,ROU,1.8202453157201545e-05
2020,SXM,PRT,1.8188880720136502e-05
2020,STP,LUX,1.8187195152122212e-05
2020,GRD,HUN,1.8100334501233325e-05
2020,DMA,NLD,1.803065927869931e-05
2020,WLF,LVA,1.7758967380409768e-05
2020,MAF,AUT,1.735360410528894e-05
2020,MTQ,BGR,1.677423629612161e-05
2020,SOM,DNK,1.60812973812698e-05
2020,STP,PRT,1.564150410574354e-05
2020,SOM,FIN,1.5404219260023474e-05
2020,REU,FIN,1.5399621984766317e-05
2020,IOT,LVA,1.5137573091885924e-05
2020,STP,BGR,1.4728309104509866e-05
2020,GLP,HRV,1.4346265382988245e-05
2020,TON,AUT,1.4316570820107736e-05
2020,GRD,HRV,1.4310076544904015e-05
2020,PRK,FIN,1.388048827773938e-05
2020,SOM,LUX,1.3587491178597099e-05
2020,VCT,MLT,1.3242210703883308e-05
2020,BEN,AUT,1.3189880943562635e-05
2020,STP,LTU,1.2837125987380304e-05
2020,SXM,DNK,1.1759517547978061e-05
2020,SOM,PRT,1.1288812723202784e-05
2020,GLP,LVA,1.0978324478347691e-05
2020,GRD,LTU,1.09515062192955e-05
2020,SOM,BGR,1.0748315516267538e-05
2020,GLP,POL,1.0436092037845298e-05
2020,BRN,GRC,1.0217768916132336e-05
2020,WLF,GRC,1.0073974816511154e-05
2020,PRK,MLT,1.0027788453594146e-05
2020,GRD,SVN,9.91139933672153e-06
2020,MAF,SVK,9.826690942730131e-06
2020,TON,HUN,9.71000799166412e-06
2020,GLP,DNK,8.839111591877258e-06
2020,GRD,BGR,8.689924407374713e-06
2020,MAF,HRV,8.480548201661317e-06
2020,NRU,GRC,7.954699656955641e-06
2020,SOM,LTU,7.939311319359275e-06
2020,STP,ROU,7.844419536310557e-06
2020,GLP,ITA,7.686794263829385e-06
2020,TON,HRV,7.678049528284077e-06
2020,GLP,CYP,7.617879769662505e-06
2020,MAF,LTU,7.179700013347612e-06
2020,PRK,LUX,7.073464138772567e-06
2020,MAF,LVA,7.02407106113791e-06
2020,FLK,SVK,6.464019476582534e-06
2020,GLP,EST,6.195802513082878e-06
2020,GLP,AUT,6.191875926152212e-06
2020,ATG,LTU,6.155896542614008e-06
2020,TON,LTU,5.875038466442618e-06
2020,STP,GRC,5.831838541986593e-06
2020,SOM,SVN,5.63504951164907e-06
2020,STP,SVN,5.6289249683248206e-06
2020,MAF,POL,5.612277878559474e-06
2020,TON,SVN,5.317018896136443e-06
2020,GLP,IRL,5.2620225498117635e-06
2020,GLP,CZE,5.099651009961755e-06
2020,PLW,MLT,4.75454968701567e-06
2020,SXM,AUT,4.6707436633820116e-06
2020,TON,BGR,4.661633556978697e-06
2020,ATG,SWE,4.454103325473217e-06
2020,SOM,GRC,4.275734629592177e-06
2020,MAF,ITA,4.227148828919887e-06
2020,STP,HUN,4.192728918518139e-06
2020,PSE,ESP,4.1779211016225765e-06
2020,GLP,MLT,4.106141627618416e-06
2020,HTI,SVK,4.011551151370667e-06
2020,PRK,GRC,3.66325993626135e-06
2020,ATG,SVN,3.5423924166567285e-06
2020,SXM,HRV,3.4628369312129127e-06
2020,DMA,SVK,3.3267836629136672e-06
2020,FRO,MLT,3.1869453754570377e-06
2020,MAF,GRC,3.1793245169632456e-06
2020,GLP,FIN,3.1702018179133343e-06
2020,DJI,MLT,2.8675126967416603e-06
2020,MAF,IRL,2.8374384219552025e-06
2020,GLP,LUX,2.793301020759626e-06
2020,MAF,CZE,2.7771850933112925e-06
2020,SXM,LVA,2.7732952635771607e-06
2020,SXM,POL,2.5841261417406145e-06
2020,SXM,SVK,2.4881172922087546e-06
2020,SXM,CYP,2.44599380528068e-06
2020,MAF,MLT,2.265711043785355e-06
2020,GLP,BGR,2.252453971167068e-06
2020,PSE,DEU,2.198157976221193e-06
2020,NRU,MLT,2.1461077479389974e-06
2020,WLF,MLT,1.9993353651314145e-06
2020,GLP,SVK,1.9111171896666088e-06
2020,REU,CYP,1.8070454307347031e-06
2020,SXM,ITA,1.7841017078879084e-06
2020,MAF,FIN,1.7521179469308996e-06
2020,ATG,GRC,1.682822640560517e-06
2020,GLP,LTU,1.6334698250557566e-06
2020,SXM,EST,1.6272659140298472e-06
2020,MAF,LUX,1.542488642391051e-06
2020,MAF,BGR,1.5291048886055816e-06
2020,MTQ,SVK,1.5117667411857076e-06
2020,IOT,MLT,1.5038980462821666e-06
2020,REU,LVA,1.454373335438736e-06
2020,PSE,FRA,1.297603653883077e-06
2020,SXM,IRL,1.2163454597347864e-06
2020,SXM,CZE,1.1810937725850728e-06
2020,GLP,SVN,1.1602637600631084e-06
2020,PSE,NLD,1.155984536640729e-06
2020,PSE,HRV,1.1239681254813744e-06
2020,FLK,GRC,9.858207269980525e-07
2020,SXM,MLT,9.537914448271907e-07
2020,PSE,BEL,9.353344818549883e-07
2020,PSE,SWE,9.249626380103042e-07
2020,GLP,GRC,8.807164036564179e-07
2020,PSE,LVA,8.539724422615263e-07
2020,GRD,SVK,7.831735806371385e-07
2020,SXM,FIN,7.364334773999571e-07
2020,SXM,LUX,6.489175985576026e-07
2020,ATG,LUX,6.411076263965249e-07
2020,MAF,SVN,6.408023789647859e-07
2020,PSE,ITA,5.955040456765525e-07
2020,SXM,BGR,5.911418664853856e-07
2020,PSE,IRL,5.908018589463287e-07
2020,PSE,CYP,5.691912568508067e-07
2020,BTN,LUX,5.667621867917106e-07
2020,STP,POL,5.477443076358378e-07
2020,ATG,BGR,4.805925195910146e-07
2020,PSE,EST,4.791891843310593e-07
2020,HTI,CYP,4.4913131628652547e-07
2020,TON,SVK,4.209716710507925e-07
2020,SXM,LTU,3.794583551207406e-07
2020,PSE,CZE,3.7909866825578604e-07
2020,PSE,LUX,3.7206621531502696e-07
2020,GLP,ROU,3.438411038387563e-07
2020,PSE,AUT,3.427701070267332e-07
2020,PSE,MLT,3.2288612046548453e-07
2020,SXM,SVN,2.6952059909037217e-07
2020,PSE,FIN,2.618548993603751e-07
2020,PSE,DNK,2.605485433816127e-07
2020,FLK,LUX,2.5534682718392007e-07
2020,BDI,DEU,2.3474623708374857e-07
2020,DMA,CYP,2.2959331719307983e-07
2020,SXM,GRC,2.0457962978058133e-07
2020,PSE,PRT,1.8290089672516552e-07
2020,PSE,BGR,1.7451101959670084e-07
2020,PSE,LTU,1.3805375237908875e-07
2020,PLW,LUX,1.2682983276286175e-07
2020,BDI,FRA,1.2543209837923435e-07
2020,BDI,HRV,1.1956565117581752e-07
2020,ATG,MLT,1.188138416733201e-07
2020,BDI,ESP,1.1421027905536895e-07
2020,BDI,NLD,1.0958392726056819e-07
2020,BDI,BEL,9.991485790854087e-08
2020,PSE,SVN,9.345371585005488e-08
2020,BDI,SWE,9.238476869685208e-08
2020,BDI,LVA,8.703899340276282e-08
2020,ATG,AUT,8.27561568746573e-08
2020,SXM,ROU,7.558200190111253e-08
2020,FLK,MLT,7.077200067924837e-08
2020,PSE,GRC,6.927528315744606e-08
2020,BDI,ITA,6.349371623214604e-08
2020,BDI,CYP,6.100588812758628e-08
2020,WLF,LUX,5.364837845460866e-08
2020,GLP,HUN,4.996644454065832e-08
2020,BDI,EST,4.921134995599289e-08
2020,BDI,IRL,4.001786934558228e-08
2020,BDI,CZE,3.91513932536735e-08
2020,ATG,HUN,3.8773535524593326e-08
2020,BDI,AUT,3.659934233417203e-08
2020,HTI,MLT,3.628989670500425e-08
2020,BDI,MLT,3.2909355756976905e-08
2020,BDI,DNK,2.7825901425887185e-08
2020,MAF,HUN,2.76556063658805e-08
2020,NRU,LUX,2.7163356132627854e-08
2020,BDI,FIN,2.6680263066302827e-08
2020,BDI,LUX,2.3389728524815955e-08
2020,BDI,PRT,1.9542337816707962e-08
2020,BDI,BGR,1.8572770884447567e-08
2020,DMA,MLT,1.8551184170334624e-08
2020,BDI,LTU,1.4122882896283414e-08
2020,SXM,HUN,1.0983456788909346e-08
2020,BDI,SVN,9.305405569192725e-09
2020,BDI,GRC,7.38273932936816e-09
2020,ATG,HRV,5.6422920157205756e-09
2020,FRO,DNK,3.627648648690953e-09
2020,TON,FRA,1.7764341512430365e-09
2020,TON,NLD,1.7344724439748796e-09
2020,BDI,ROU,1.618541881840259e-09
2020,TON,LVA,1.2382846032631566e-09
2020,BDI,HUN,8.650872537365734e-10
2020,TON,CYP,8.516180083502274e-10
2020,TON,IRL,5.173139654614366e-10
2020,TON,MLT,4.2291079529015497e-10
2020,TON,FIN,4.0657815181364114e-10
2020,TON,LUX,2.9879808499941073e-10
2020,BDI,POL,1.1301627843137594e-10
2020,TON,GRC,9.198017750604181e-11
2021,LUX,DEU,4018.1741088714525
2021,DNK,DEU,3682.44508977214
2021,ESP,ITA,3199.459221981499
2021,CHE,DEU,2831.3210444286265
2021,DNK,SWE,2307.593009499676
2021,NLD,DEU,1995.5685196497675
2021,LUX,FRA,1852.5195882500393
2021,CAN,DEU,1805.455330436182
2021,AUT,ITA,1501.5840848371156
2021,IRL,DEU,1465.5390114812742
2021,DNK,ITA,1401.1199008362776
2021,LUX,BEL,1311.503416809851
2021,DNK,FRA,1295.6140842195052
2021,DNK,POL,1237.3554918078203
2021,LUX,ESP,1135.1775670502718
2021,LUX,IRL,1106.3259353799012
2021,NLD,ROU,1005.1733946597458
2021,NLD,IRL,975.082061030307
2021,CHE,FRA,950.8351300938376
2021,DNK,ESP,942.7264965385391
2021,NLD,ESP,905.695020731732
2021,MLT,DEU,877.2108203749339
2021,SGP,DEU,856.8239827903972
2021,HKG,FRA,850.4057597478869
2021,IRL,FRA,830.4717203661671
2021,HKG,DEU,823.9902779246615
2021,LUX,ITA,794.6300613545043
2021,HKG,IRL,788.2113171212594
2021,ESP,NLD,782.5994768754246
2021,GBR,FRA,781.7661064959084
2021,SGP,FRA,707.136698638562
2021,AUT,DEU,705.9861981823317
2021,NLD,BEL,702.4246298717651
2021,ESP,DEU,700.5162765808054
2021,GBR,LUX,697.4628092606138
2021,HKG,BEL,688.6709972331975
2021,CHE,ESP,688.6615145311711
2021,GBR,DEU,687.8896379549739
2021,PAN,IRL,664.2663826105975
2021,SWE,DEU,650.8536782990691
2021,CHE,BEL,637.6306890843352
2021,VGB,IRL,623.4258001394919
2021,IRL,BEL,620.6047886094726
2021,GBR,NLD,619.0756935743892
2021,ESP,FRA,616.9491823486018
2021,AUT,FRA,598.6951982447302
2021,LUX,NLD,592.4709476888252
2021,EST,DEU,572.3804979313742
2021,CHE,IRL,570.9553922968367
2021,KAZ,DEU,559.7746047761395
2021,SGP,BEL,557.151760853211
2021,GBR,ESP,556.9465383471357
2021,GBR,IRL,529.1536521808976
2021,NLD,CYP,527.6453335940432
2021,SWE,POL,524.5450699823829
2021,NLD,SWE,503.46098642903684
2021,SWE,FRA,501.5423220777002
2021,BEL,LUX,500.17766476412237
2021,BEL,FRA,498.2405956099586
2021,CYM,IRL,492.0048864864417
2021,DNK,FIN,474.2851481634022
2021,NLD,EST,467.3446631638927
2021,NLD,HRV,461.4768424393551
2021,FIN,DEU,451.7349758108059
2021,NLD,POL,434.94908662414775
2021,BEL,DEU,432.9036872832433
2021,AUT,POL,409.4972765791843
2021,BMU,DEU,405.3919160752671
2021,LUX,PRT,405.1654477646466
2021,HKG,ESP,403.38010841946937
2021,DNK,BEL,391.4541533377823
2021,BEL,NLD,387.5029436347222
2021,NLD,ITA,383.9101128104597
2021,SWE,ROU,374.7278591544626
2021,IRL,ESP,363.99203018345673
2021,MLT,FRA,350.4838549023772
2021,SVK,DEU,340.57831125855347
2021,NLD,PRT,336.2654661867074
2021,AUT,NLD,333.95706627071604
2021,SWE,CYP,329.4997077167904
2021,AUT,ROU,319.34177428839365
2021,MLT,IRL,315.3283902245959
2021,KAZ,IRL,309.2993533141721
2021,SGP,ESP,308.35665514192243
2021,BMU,IRL,305.2013618795949
2021,NLD,LVA,297.7842521961393
2021,BIH,FRA,295.9081576467404
2021,SWE,EST,290.77490640650046
2021,PRT,DEU,287.9261735670319
2021,PAN,DEU,280.03636869989776
2021,VGB,DEU,269.6978582059979
2021,SWE,ESP,262.6942478654215
2021,MLT,BEL,258.0033708138967
2021,NLD,CZE,253.26817559506415
2021,DNK,CZE,251.16372637744405
2021,DNK,NLD,250.80829952182464
2021,DNK,HUN,248.6230513196601
2021,DNK,AUT,245.18702000458717
2021,KAZ,FRA,244.59118512084717
2021,LVA,IRL,243.96297199927443
2021,CYP,DEU,235.03965870925975
2021,BIH,IRL,233.53705677281113
2021,IRL,ITA,231.47249529057544
2021,NLD,FRA,230.3604680521866
2021,CAN,IRL,229.79078772625377
2021,BIH,BEL,227.66143750629072
2021,CYM,DEU,222.1478516020262
2021,GRC,DEU,221.9692352372422
2021,CYM,ESP,218.60844742094957
2021,SWE,ITA,211.01678801336325
2021,AUT,CYP,209.57767221757945
2021,JEY,IRL,202.16987547833799
2021,SVK,IRL,199.86459299904215
2021,SWE,BEL,197.8615718599075
2021,LUX,ROU,188.0072905168721
2021,AUT,EST,187.9687442440075
2021,SGP,IRL,185.60715025014517
2021,IMN,DEU,182.0330835339571
2021,PAN,FRA,180.73465187229655
2021,DNK,PRT,180.51849846562936
2021,ESP,PRT,179.10211398590826
2021,LUX,AUT,177.37026467808738
2021,MLT,ESP,177.0150018883641
2021,AUT,ESP,171.26458717534896
2021,CHE,NLD,169.8151507101943
2021,CAN,ESP,169.48116619617832
2021,CAN,FRA,167.24058112577768
2021,VGB,FRA,166.61215415975457
2021,KAZ,BEL,166.46534144549398
2021,KAZ,ESP,158.03920465433185
2021,NLD,SVK,154.31217658920866
2021,NLD,AUT,150.22828031144806
2021,BGR,ITA,148.849165214658
2021,ESP,ROU,147.59108245675023
2021,IRL,NLD,143.53001124187372
2021,NLD,HUN,142.41940384836462
2021,CYM,FRA,141.92830226386178
2021,CHE,POL,140.55857087478725
2021,PAN,BEL,140.1335678801328
2021,KAZ,ITA,140.12422145783432
2021,LUX,POL,139.29233220496212
2021,AUT,BEL,139.2082133081488
2021,CHE,SWE,138.80805067791076
2021,ESP,POL,134.09551939414573
2021,DNK,LTU,133.33720927131247
2021,FIN,FRA,130.15067106245868
2021,AUT,SWE,129.34494009172724
2021,LTU,LVA,127.3268625140126
2021,VGB,BEL,127.23921785565186
2021,SRB,IRL,127.18264796372061
2021,FIN,POL,126.11241406466354
2021,PAN,ROU,123.40506006409899
2021,VGB,ESP,122.70252347191644
2021,NLD,FIN,117.54387198703864
2021,PAN,ESP,117.36102414232441
2021,DNK,ROU,116.27411697504378
2021,CAN,NLD,115.38712778377021
2021,GTM,DEU,114.73388036205232
2021,HKG,NLD,114.0656028189742
2021,MUS,IRL,113.57531209910947
2021,BIH,ESP,112.8373735755068
2021,KAZ,NLD,110.45757211578271
2021,CHE,ROU,110.43971628731225
2021,VGB,ROU,109.81481323307567
2021,GTM,IRL,109.79840433157588
2021,AUT,PRT,109.42716087403129
2021,FIN,ROU,109.23260389580904
2021,NLD,BGR,108.24778631848575
2021,BHR,IRL,105.88222920854255
2021,BIH,DEU,104.656714349082
2021,BEL,IRL,103.30793221585537
2021,LTU,POL,101.7772492973326
2021,IMN,IRL,98.71870386314293
2021,SVK,ITA,97.05186889387367
2021,KAZ,PRT,96.61055103894938
2021,NLD,DNK,96.41126314958686
2021,BHR,FRA,96.33254655830324
2021,PAN,CYP,94.53149337304059
2021,NLD,LTU,94.36591162455778
2021,DNK,GRC,93.38270665694895
2021,PRY,IRL,90.27492027204786
2021,FIN,ESP,87.79204083119298
2021,SWE,IRL,87.71567948742559
2021,CYM,BEL,86.79133978543722
2021,PAN,ITA,86.79099047547196
2021,LUX,CZE,86.44831022100671
2021,BMU,FRA,86.19752305919828
2021,BEL,ESP,85.37915683121847
2021,VGB,CYP,84.74679723844005
2021,TLS,DEU,84.73304781034247
2021,SGP,NLD,84.33483615807637
2021,PAN,EST,84.13406607521601
2021,ESP,IRL,84.13152452512333
2021,TLS,IRL,83.79282931798136
2021,TLS,FRA,83.42287519291307
2021,PAN,CZE,82.11089066013236
2021,FIN,CYP,81.75543011425954
2021,IRL,ROU,81.64005907866175
2021,PAN,LUX,81.22928588134457
2021,LUX,CYP,80.11151468617162
2021,HKG,ROU,79.82434258891602
2021,BHR,BEL,79.44921693983405
2021,CAN,LUX,79.37166830646989
2021,HKG,CZE,78.93951720684441
2021,JEY,DEU,78.66676370498156
2021,SGP,SWE,78.02462390114275
2021,CAN,PRT,78.01479923443436
2021,DNK,SVK,77.83413325457404
2021,BMU,ESP,76.85011227783524
2021,CYM,NLD,76.81311056254323
2021,LUX,EST,76.79230677413697
2021,VGB,LUX,76.06504712606505
2021,VGB,CZE,75.77446418194297
2021,FIN,EST,75.76750157757633
2021,CYM,ROU,75.73809718479819
2021,VGB,EST,75.41405070910278
2021,PAN,NLD,74.57711513222841
2021,CHE,CZE,74.3516360207543
2021,IMN,FRA,70.57722522744115
2021,DNK,LUX,69.21777943676622
2021,IRL,POL,68.45714755771019
2021,VGB,NLD,68.43608001220798
2021,BMU,BEL,66.3028948814957
2021,NLD,GRC,66.03271265027917
2021,PAN,HRV,65.40427192138803
2021,LIE,DEU,65.26150546517702
2021,TLS,BEL,65.25809701930085
2021,HUN,DEU,64.64578849492905
2021,LUX,FIN,63.75947242873659
2021,PAN,SWE,63.22841360184249
2021,BHR,DEU,62.439653660230064
2021,VGB,ITA,61.69988825431183
2021,BMU,ROU,61.4928756684395
2021,CYM,CZE,60.111901435166764
2021,CYM,LUX,59.21746180185638
2021,CYM,CYP,58.95527285503414
2021,VGB,HRV,58.63116112943377
2021,CAN,BEL,57.88011801276962
2021,CYP,IRL,57.842553123597156
2021,CHE,AUT,57.785829159869664
2021,CHE,ITA,56.819825392753216
2021,FIN,ITA,56.52377294294255
2021,VGB,SWE,56.34239592788032
2021,CUW,IRL,55.69350038033767
2021,BGR,NLD,54.957918403560036
2021,AUT,IRL,54.69629828815284
2021,CHE,LUX,54.40400590491928
2021,BGR,DEU,54.38934526160512
2021,BRB,IRL,54.38754927155513
2021,CYP,FRA,54.108458650895194
2021,FIN,BEL,53.924911329781224
2021,CHE,CYP,53.227263106237686
2021,MLT,NLD,53.09486202798287
2021,CYP,ESP,53.084816112655155
2021,PAN,POL,52.99913175599594
2021,URY,ESP,52.567574321139155
2021,CYM,EST,52.54797562026398
2021,IMN,ESP,52.253321729482145
2021,AUT,HRV,52.173616386694576
2021,JEY,FRA,51.811767835222646
2021,HKG,ITA,51.39367456937225
2021,FIN,SWE,51.18897528100388
2021,GBR,ITA,51.12732952822265
2021,HKG,POL,50.85737004332746
2021,SWE,CZE,50.80356594490213
2021,IMN,BEL,50.55468849061639
2021,LBR,IRL,49.86795563239819
2021,DNK,EST,49.79826712854242
2021,GGY,FRA,49.695642065107705
2021,SWE,LTU,49.626486767755964
2021,CHE,EST,49.421078894029925
2021,MMR,IRL,49.28444973761739
2021,CRI,IRL,48.97503731366533
2021,MLT,ROU,48.54980430655506
2021,MCO,FRA,48.334163173338816
2021,DNK,IRL,48.21898199454681
2021,CAN,AUT,47.3687197467779
2021,PRT,FRA,47.27983654975457
2021,AUT,CZE,46.89633383597763
2021,DNK,CYP,46.82887909422948
2021,PRT,LUX,46.82295336486342
2021,HKG,SWE,46.666400076257396
2021,VGB,POL,46.479060247284764
2021,MMR,FRA,46.33874283576035
2021,HKG,CYP,46.32654931603702
2021,LBR,FRA,46.027960891263746
2021,LUX,DNK,44.635380865328564
2021,BMU,CYP,43.964910793216816
2021,SWE,PRT,43.648740319199995
2021,JEY,ROU,43.60548394372789
2021,JEY,POL,43.50433510468949
2021,GGY,IRL,43.4730269588268
2021,HKG,EST,43.308539436221054
2021,GIN,FRA,43.11633107458256
2021,BIH,NLD,42.985119787031536
2021,SGP,POL,42.86488524127488
2021,IRL,SWE,42.8556351071196
2021,LUX,SWE,42.63768348463281
2021,LUX,GRC,42.53803391692151
2021,CYM,HRV,42.37402048027397
2021,CYM,ITA,42.20933155319457
2021,MLT,POL,42.15918450086187
2021,BHR,ESP,41.77948282788423
2021,PAN,LVA,41.66311825044419
2021,KWT,DEU,40.48604649975258
2021,CYM,SWE,39.971214979302665
2021,ESP,GRC,39.28442470634678
2021,BMU,EST,39.12885965738914
2021,TLS,ESP,39.111478349868065
2021,PRI,DEU,38.596009529905785
2021,MCO,BEL,38.513871612185085
2021,SWE,BGR,38.394554180369596
2021,LTU,EST,38.219360766822305
2021,BMU,CZE,38.21085428221533
2021,BRB,DEU,38.02298536935532
2021,AUT,LVA,37.70925259785036
2021,GGY,BEL,37.56922104153856
2021,DNK,BGR,37.52625282641456
2021,CYP,BEL,37.517425343973635
2021,MMR,BEL,37.43960286475079
2021,JEY,ESP,37.42507938733552
2021,LBR,ESP,37.34917435818412
2021,VGB,LVA,37.27183129790953
2021,DOM,IRL,37.2606512487048
2021,KAZ,AUT,37.2441263317349
2021,BMU,LUX,37.1846308219256
2021,URY,DEU,36.88411622828507
2021,CUW,DEU,36.75238662906852
2021,FIN,HRV,36.626323607926544
2021,JEY,CYP,36.39636153651408
2021,LBR,BEL,36.34717753332901
2021,AUT,FIN,36.30580121511476
2021,AUT,LTU,36.263931953972794
2021,PRT,NLD,35.92139434761671
2021,GIN,BEL,35.60132918619777
2021,BGR,FRA,35.33030569362046
2021,AUT,GRC,35.25304556175577
2021,KHM,FRA,35.18810493504011
2021,IRL,CZE,35.171316136752004
2021,SWE,AUT,34.84238890268159
2021,LUX,HRV,34.63816983576785
2021,HUN,IRL,34.616052547323186
2021,BGR,IRL,34.3841609237323
2021,GBR,CZE,33.845751003119474
2021,BMU,NLD,33.68385284946747
2021,UGA,FRA,33.592542777173804
2021,DNK,LVA,33.437522054815815
2021,SWE,FIN,33.42257154445147
2021,CHE,LTU,33.42213277915184
2021,LBR,DEU,33.306432757924114
2021,UGA,IRL,32.791487310948234
2021,JEY,EST,32.572983731931764
2021,KHM,IRL,32.56014477803945
2021,GTM,FRA,32.44469559292783
2021,IMN,PRT,32.381934081918075
2021,SVK,FRA,32.175729187951504
2021,BMU,ITA,31.787694742903785
2021,BEL,ITA,31.34683030423944
2021,MLT,CZE,31.20425770641794
2021,CHE,DNK,30.75128144784447
2021,SGP,ROU,30.749690062304907
2021,CYM,POL,30.65038993065419
2021,BMU,HRV,30.64785979087913
2021,IRL,CYP,30.321467046098952
2021,CYP,PRT,30.31711468589837
2021,IRL,AUT,29.854857661183004
2021,BMU,SWE,29.528465699862217
2021,CHE,FIN,29.395407094411077
2021,IRN,FRA,29.06139533546848
2021,IRN,IRL,29.034329881465872
2021,GTM,ESP,28.9653059773099
2021,GIB,FRA,28.95354421964851
2021,GBR,PRT,28.861603070893693
2021,SWE,GRC,28.829381884780805
2021,EST,ESP,28.77406893179812
2021,KHM,BEL,28.75163603916446
2021,ZAF,DEU,28.742867181998577
2021,IRL,EST,28.687312001152275
2021,MLT,CYP,28.614133752598768
2021,HUN,ITA,28.565446493350926
2021,JEY,BEL,28.490972122065436
2021,FIN,LVA,28.40442139833764
2021,UGA,ESP,28.23390136026372
2021,SVK,NLD,28.198688057790633
2021,AUT,BGR,28.03095307926825
2021,NLD,SVN,27.835856814142083
2021,IMN,NLD,27.398274128565856
2021,CHE,PRT,27.347271296268147
2021,HKG,AUT,27.13988544272068
2021,LUX,LTU,26.87575133080091
2021,CYM,LVA,26.62490441711317
2021,UGA,BEL,26.62412204927298
2021,MLT,EST,26.420269340795816
2021,HKG,HRV,26.347935307582446
2021,BRB,ESP,26.229731897667694
2021,CYP,NLD,26.07395914870373
2021,GBR,CYP,26.040355423175242
2021,JEY,ITA,25.837952743513373
2021,GGY,DEU,25.73267684419305
2021,SWE,HRV,25.40617178570591
2021,FIN,IRL,25.37547243469987
2021,PRT,IRL,25.199520293310925
2021,KWT,FRA,25.14198779169891
2021,CHE,HUN,25.090530075718924
2021,BMU,POL,25.00445377648098
2021,JEY,CZE,24.9389144086319
2021,GIB,IRL,24.542607818741093
2021,LUX,LVA,24.506918854718098
2021,SGP,CZE,24.305697421755617
2021,SGP,AUT,24.109629476603615
2021,CAN,ROU,24.07634784659657
2021,SWE,HUN,24.006216212863055
2021,JOR,IRL,23.717893152663727
2021,KWT,IRL,23.660189938571563
2021,IRN,BEL,23.627259640136653
2021,JOR,FRA,23.492695499902567
2021,SVK,ESP,23.134597667795408
2021,ROU,ESP,23.11339879465886
2021,GBR,EST,23.06032368748514
2021,DNK,HRV,23.02715115860607
2021,GBR,DNK,22.553834875946624
2021,GIB,BEL,22.39983421145484
2021,GTM,BEL,22.38975353445331
2021,GGY,ESP,22.365478957180866
2021,GBR,POL,22.346106229860343
2021,DOM,DEU,22.275981487322174
2021,CYM,PRT,22.273605675764728
2021,ZAF,IRL,22.18220176677971
2021,HUN,PRT,21.303673241631042
2021,AUT,HUN,20.957405899967146
2021,MMR,DEU,20.898873004928014
2021,PRI,IRL,20.779213118017857
2021,PAN,AUT,20.54557488462349
2021,MMR,ESP,20.49299664714383
2021,PAN,SVK,20.40232875169217
2021,HUN,ESP,20.383704043994108
2021,KWT,BEL,20.380567674554534
2021,GTM,NLD,20.35627928591094
2021,PRY,DEU,20.328359690109373
2021,LUX,SVK,20.292326040519015
2021,BIH,ITA,20.18311999335507
2021,BIH,CZE,20.15491679457236
2021,PAN,HUN,20.0365050548835
2021,HUN,POL,19.916649951504283
2021,BMU,LVA,19.779428875979626
2021,MLT,AUT,19.695943103649405
2021,PRT,ESP,19.508317611272773
2021,KAZ,CZE,19.297378393388264
2021,LVA,CZE,19.079039647051086
2021,BGR,ROU,19.032000287253567
2021,HKG,PRT,18.984690056727686
2021,VGB,AUT,18.86701732114317
2021,JOR,BEL,18.83327476910501
2021,BIH,POL,18.828248521832087
2021,IRL,PRT,18.76100582315045
2021,BIH,ROU,18.53722355468667
2021,MCO,ESP,18.495495910476727
2021,VGB,SVK,18.472024927144485
2021,ESP,FIN,18.432783914853523
2021,HKG,LVA,18.432655709520017
2021,BRB,FRA,18.30638057572325
2021,GTM,PRT,18.202278447924627
2021,AUT,DNK,18.04261003564788
2021,VGB,HUN,18.00706401809729
2021,IRL,DNK,17.92671951130841
2021,CAN,DNK,17.875269369812287
2021,DNK,SVN,17.849506205209224
2021,PAN,PRT,17.833666405294878
2021,TLS,ITA,17.670107351042617
2021,LUX,HUN,17.620247786470156
2021,MLT,PRT,17.41746607833209
2021,KAZ,ROU,17.394113414162106
2021,LUX,BGR,17.322889429594543
2021,CUW,FRA,17.252942780061698
2021,UGA,DEU,17.18103894564071
2021,GIB,DEU,17.08964876832503
2021,GIN,ESP,16.947602843857386
2021,BHS,DEU,16.912592400759905
2021,MHL,IRL,16.87755583472978
2021,FIN,AUT,16.616018714984982
2021,MLT,ITA,16.441564485292826
2021,SWE,DNK,16.39740953902991
2021,GBR,ROU,16.382157686082213
2021,BHS,IRL,16.333993636259144
2021,PAN,BGR,16.289440022629826
2021,BEL,DNK,16.17423081194194
2021,VGB,PRT,16.116391889457002
2021,IRL,LTU,16.112164007875307
2021,BEL,CYP,16.098720562704944
2021,PAN,DNK,16.081593574314095
2021,JEY,SWE,16.05117533845605
2021,CYM,AUT,15.952982101413092
2021,HKG,HUN,15.933169771806215
2021,TTO,IRL,15.755523569244064
2021,FIN,CZE,15.650177410519204
2021,HKG,DNK,15.48935050356009
2021,HKG,SVK,15.059363383674784
2021,KHM,ESP,15.043761341397405
2021,KAZ,FIN,14.992906769251698
2021,PAN,LTU,14.876132365287614
2021,VGB,BGR,14.728934560430975
2021,VGB,DNK,14.659315924287341
2021,MUS,DEU,14.645211319588315
2021,SGP,FIN,14.631695096342485
2021,PAN,FIN,14.621702411917438
2021,IRN,DEU,14.617213928268647
2021,CHE,BGR,14.232732066610211
2021,SGP,ITA,14.214251013024986
2021,CYM,SVK,14.180476245904769
2021,LKA,DEU,14.174645469492184
2021,JEY,HRV,14.101343401356566
2021,MDG,DEU,14.077817066784624
2021,PRY,FRA,14.031667606737683
2021,BEL,EST,14.006393193868002
2021,TLS,NLD,13.982292335085061
2021,FIN,LTU,13.857592963867596
2021,CUW,ESP,13.851714877347767
2021,SVK,CZE,13.737310500615491
2021,VGB,LTU,13.44359103870106
2021,CYM,HUN,13.414513669562815
2021,IRN,ESP,13.306740972907033
2021,CHE,HRV,13.287739212376952
2021,CHE,SVK,13.227132825800231
2021,CUW,BEL,13.201448586785363
2021,GEO,DEU,13.114173158877819
2021,BMU,AUT,13.098939665606629
2021,IMN,AUT,13.063911653017191
2021,VGB,FIN,13.026941896128967
2021,MCO,DEU,12.970412535146187
2021,GIB,ESP,12.97034779109853
2021,BHR,NLD,12.934427647525137
2021,MHL,DEU,12.844449544163085
2021,CYP,AUT,12.70070345007531
2021,FIN,PRT,12.672963499697786
2021,KHM,DEU,12.512297027104271
2021,HKG,LTU,12.484549562074644
2021,URY,FRA,12.452291797291938
2021,CRI,DEU,12.450001958931148
2021,LIE,FRA,12.383888642408126
2021,BIH,CYP,12.375092464101215
2021,PRY,LUX,12.327162120058476
2021,GIN,DEU,12.279509008262803
2021,CAN,FIN,12.261024682467863
2021,LTU,DEU,12.180032385299713
2021,SVK,ROU,12.084575315573286
2021,BGR,PRT,12.063725890264703
2021,FIN,BGR,11.998672911741444
2021,BEL,ROU,11.867002045192418
2021,BRB,BEL,11.736070740945872
2021,SVK,PRT,11.656667280856082
2021,BIH,EST,11.621474570287539
2021,MUS,CZE,11.569599207377966
2021,BHR,ROU,11.535727593431298
2021,PRI,ESP,11.487448933352418
2021,BEL,POL,11.445115531748076
2021,CYM,BGR,11.380042785119269
2021,URY,NLD,11.340598983023073
2021,GBR,SWE,11.271546285588434
2021,KWT,ESP,11.26288341151799
2021,GTM,ROU,11.22927797877269
2021,CHE,GRC,11.185207342196845
2021,GRC,ESP,11.13023167973697
2021,CHE,LVA,11.055226155910898
2021,MLT,DNK,10.9973675850907
2021,MCO,IRL,10.917160023518022
2021,KAZ,POL,10.907500354718273
2021,IRL,HUN,10.875478427321616
2021,CAN,LTU,10.836096412160327
2021,ISL,FRA,10.82028635287509
2021,BHR,CZE,10.777363577970526
2021,GTM,ITA,10.646544847250423
2021,CYM,DNK,10.517086437502778
2021,MLT,LUX,10.515269311675448
2021,TLS,ROU,10.442672360468961
2021,GIN,IRL,10.40691286666733
2021,SGP,DNK,10.379644909531287
2021,MLT,LTU,10.374781445348797
2021,SGP,HUN,10.242256767248422
2021,FIN,DNK,10.240855280452227
2021,GGY,ROU,10.134160617702108
2021,JOR,DEU,10.079151580139946
2021,SGP,LTU,10.0127842803102
2021,BMU,DNK,9.969313281761085
2021,GTM,CZE,9.906470929228794
2021,IRL,FIN,9.875696500724997
2021,LIE,BEL,9.860210837559857
2021,CPV,FRA,9.81913369065935
2021,GTM,LUX,9.73518493047379
2021,LKA,FRA,9.720472249197035
2021,BRB,NLD,9.649634506067818
2021,CUW,ROU,9.637315598990828
2021,SVK,POL,9.59484465273034
2021,JOR,ESP,9.583981057311057
2021,PAN,GRC,9.580163189199997
2021,MLT,SWE,9.579976848557578
2021,CYM,FIN,9.556833076396295
2021,VIR,DEU,9.546943655607613
2021,PRY,NLD,9.535820658412215
2021,IRL,HRV,9.530787981210915
2021,DOM,FRA,9.495414170802043
2021,BMU,SVK,9.495335509038966
2021,HKG,BGR,9.427582532459654
2021,BMU,HUN,9.372219128464081
2021,EST,ROU,9.354962996296443
2021,LBR,NLD,9.319708006731132
2021,SWE,NLD,9.277929718968677
2021,GGY,POL,9.268736366071092
2021,TLS,CZE,9.255828632883913
2021,CYM,LTU,9.249026866632917
2021,BMU,LTU,9.07924871484358
2021,SGP,SVK,9.04170781124898
2021,PNG,IRL,9.030278806718524
2021,LUX,SVN,9.024348876329395
2021,IRL,SVK,8.965546197710173
2021,SRB,ITA,8.964004801540732
2021,JEY,NLD,8.952795701020358
2021,JEY,LVA,8.927657371466532
2021,TLS,SWE,8.877296624129333
2021,HUN,FRA,8.832660263228648
2021,JEY,LUX,8.828812369773612
2021,MUS,ROU,8.752274625093708
2021,ISL,BEL,8.66665188594167
2021,BGR,POL,8.606504683886536
2021,KAZ,GRC,8.565826762568399
2021,HKG,FIN,8.530348525378773
2021,VGB,GRC,8.493719051275088
2021,BRB,ROU,8.471884467093176
2021,GTM,CYP,8.46855472004201
2021,LAO,FRA,8.419811726052131
2021,BMU,PRT,8.372566342018958
2021,GTM,AUT,8.369239828664817
2021,PRY,CZE,8.346068124480261
2021,LAO,IRL,8.344907472124765
2021,CPV,BEL,8.299639912228878
2021,HUN,NLD,8.179203633512484
2021,LTU,ESP,8.175867153319
2021,TLS,POL,8.141188454290504
2021,BEL,SWE,8.083263544020353
2021,WSM,FRA,8.064046120413868
2021,BMU,BGR,8.042625828957362
2021,CPV,IRL,7.942200616379407
2021,MUS,BEL,7.909790122339927
2021,LIE,ESP,7.907314934019963
2021,ROU,PRT,7.8945260176823835
2021,CRI,FRA,7.853365906936814
2021,BHR,CYP,7.846747792576657
2021,ISL,IRL,7.84281312193916
2021,IRL,LVA,7.839758226501886
2021,LKA,BEL,7.813185820385893
2021,GGY,CYP,7.722094238008056
2021,LVA,FRA,7.653954764795796
2021,GTM,EST,7.6523184694615205
2021,SRB,CZE,7.638012992955499
2021,WSM,IRL,7.59751432861857
2021,PRI,FRA,7.538962550343374
2021,IRL,BGR,7.520604920615751
2021,MHL,FRA,7.496846908975243
2021,CUW,NLD,7.478389228556891
2021,WSM,DEU,7.4752883766362475
2021,GNQ,IRL,7.474910530344656
2021,IRL,GRC,7.447885820391946
2021,CRI,ESP,7.430682095415554
2021,CUW,CYP,7.404855886084999
2021,GIB,ROU,7.345539102529283
2021,FIN,GRC,7.333713143522504
2021,MMR,NLD,7.333641554833979
2021,CPV,ESP,7.314271690870545
2021,UZB,FRA,7.291029154083174
2021,GBR,AUT,7.279736873854336
2021,MUS,CYP,7.262889418696913
2021,UZB,IRL,7.25109871698522
2021,CYP,ITA,7.223778777445372
2021,BHR,EST,7.212207474969624
2021,EST,AUT,7.183259458634862
2021,ROU,POL,7.175238492068216
2021,MUS,ESP,7.137359196454517
2021,CYM,GRC,7.088164192016906
2021,SGP,EST,7.07491261966787
2021,DOM,ESP,7.017578552749152
2021,DOM,BEL,7.007963592536601
2021,GGY,EST,6.983526644130252
2021,GUY,DEU,6.9489619646741625
2021,LVA,DEU,6.941197099232505
2021,KAZ,EST,6.923591874739353
2021,ZAF,ESP,6.906050404770973
2021,FIN,HUN,6.890046768465045
2021,BOL,DEU,6.851212672698588
2021,UGA,NLD,6.820466807120173
2021,DNK,MLT,6.811753381748147
2021,MLT,HRV,6.810016439211259
2021,GGY,NLD,6.8018910090491165
2021,BMU,FIN,6.796888362026279
2021,LAO,BEL,6.765053194540755
2021,LKA,IRL,6.677106522650096
2021,KAZ,CYP,6.673600979398789
2021,CAN,CZE,6.651046034596314
2021,UZB,DEU,6.636091603048355
2021,CUW,EST,6.609103914059323
2021,CUW,CZE,6.576622679899817
2021,SRB,DEU,6.569305840596559
2021,LTU,FRA,6.553497555402931
2021,BRB,CYP,6.517524057705131
2021,HKG,GRC,6.50313383198886
2021,CRI,LUX,6.49573751372154
2021,MUS,EST,6.474065644725613
2021,PRY,ESP,6.432541574915471
2021,BRB,CZE,6.41527293926979
2021,TLS,CYP,6.386661412245221
2021,GTM,HRV,6.384469213873222
2021,GUY,IRL,6.358065261873042
2021,BHR,POL,6.334647242189597
2021,BIH,PRT,6.318192116487635
2021,PYF,IRL,6.314092650626751
2021,WSM,BEL,6.278047344023567
2021,JEY,PRT,6.263425264213533
2021,GIB,POL,6.243642085151695
2021,PYF,DEU,6.219173302943423
2021,MCO,NLD,6.20256294737169
2021,PRY,ROU,6.1790830810632436
2021,GTM,SWE,6.165057660420135
2021,SVK,AUT,6.159891950713757
2021,GBR,BGR,6.146575770353946
2021,SVK,BEL,6.1459282920133695
2021,CUW,LUX,6.1136664937488465
2021,MMR,ITA,6.0753125978356275
2021,SGP,CYP,6.0645125910527575
2021,TLS,EST,5.893627827444949
2021,ZAF,FRA,5.884499663701922
2021,BRB,LUX,5.854046216738441
2021,IMN,CZE,5.840809785189714
2021,BRB,EST,5.824898694204363
2021,MLT,HUN,5.817327270970679
2021,MHL,BEL,5.814127323504706
2021,JEY,HUN,5.801942115159871
2021,UZB,BEL,5.788079081271143
2021,PRY,BEL,5.781577070660779
2021,PRI,LUX,5.754296603699597
2021,CAN,GRC,5.643453551323332
2021,CRI,NLD,5.639012563546896
2021,CPV,DEU,5.629638620000292
2021,SGP,PRT,5.624130708304586
2021,PRI,NLD,5.623967348238043
2021,JEY,LTU,5.611212830425756
2021,LIE,IRL,5.610874375243087
2021,BIH,AUT,5.581967202512727
2021,GIB,CYP,5.571975496591765
2021,BGR,ESP,5.569893632074466
2021,GIN,NLD,5.495302352041912
2021,GGY,ITA,5.479710043932399
2021,LBR,CZE,5.450053390942188
2021,GBR,GRC,5.420743807294675
2021,AUT,SVK,5.40602734557557
2021,KAZ,DNK,5.344275888861187
2021,CUW,ITA,5.33975976817543
2021,GGY,CZE,5.309144225509851
2021,MUS,SWE,5.301101325897437
2021,MUS,HRV,5.291556869590625
2021,PRY,CYP,5.278612379031105
2021,EST,DNK,5.258480722442877
2021,BHS,FRA,5.157526787365995
2021,BRB,ITA,5.150843730520407
2021,ZAF,PRT,5.136802305701484
2021,JEY,BGR,5.129472532193299
2021,PRT,ROU,5.128240192668821
2021,CUW,HRV,5.082798064540731
2021,IMN,FIN,5.072561256094704
2021,BHR,SWE,5.071141393193945
2021,GIB,EST,5.023395450629628
2021,LBR,ROU,4.982596166232175
2021,CUW,SWE,4.982079212296475
2021,ZAF,BEL,4.973324640708722
2021,DOM,NLD,4.971569445413423
2021,ESP,SVN,4.94698456651039
2021,KAZ,SWE,4.945535152114485
2021,PYF,FRA,4.934726913615496
2021,MLT,BGR,4.889079416864867
2021,ESP,MLT,4.873033016722326
2021,VCT,DEU,4.856155402741988
2021,JEY,AUT,4.827980924653791
2021,BRB,PRT,4.815678630512952
2021,MLT,LVA,4.797528202685074
2021,KHM,NLD,4.7792438651634
2021,MMR,ROU,4.721952996773434
2021,TTO,DEU,4.713036245621531
2021,PRY,EST,4.707728509499443
2021,MMR,CZE,4.630971184020651
2021,SVK,CYP,4.609984298402463
2021,BRB,HRV,4.578622253840315
2021,GBR,HUN,4.576900237589583
2021,BHR,ITA,4.53992361201745
2021,CYP,FIN,4.5347246296331125
2021,MLT,FIN,4.525067150358659
2021,ISL,ESP,4.516789184547035
2021,LVA,EST,4.506312623869099
2021,EST,LTU,4.467182457253349
2021,LKA,ESP,4.4549591820529235
2021,URY,IRL,4.454114563792444
2021,GBR,LTU,4.451289364899222
2021,ROU,DEU,4.4392032447581045
2021,BHR,HRV,4.422553365197268
2021,BMU,GRC,4.420047499650333
2021,BRB,SWE,4.34264506765581
2021,SSD,FRA,4.342029733708604
2021,LVA,POL,4.320540485193957
2021,CRI,CZE,4.26331504553025
2021,CUW,POL,4.262610320486056
2021,BIH,LUX,4.254333403213264
2021,SVK,EST,4.247507828974426
2021,DOM,ROU,4.236851026288586
2021,BRN,DEU,4.2169908845756385
2021,MUS,ITA,4.1557845726720455
2021,CUW,PRT,4.15421617562514
2021,GTM,LVA,4.129665557386244
2021,DOM,LUX,4.110619241526312
2021,PRI,ROU,4.0837807434297355
2021,BGR,BEL,4.08303892889119
2021,JEY,FIN,4.081027425787971
2021,SRB,FRA,4.067515781571972
2021,SGP,LVA,4.009751833063968
2021,MHL,ESP,3.984704873661298
2021,SSD,ESP,3.948654012558146
2021,SGP,GRC,3.93361049082994
2021,IRN,NLD,3.9303833775364736
2021,CRI,ROU,3.921392393123245
2021,GTM,FIN,3.888191824401053
2021,AUT,SVN,3.877472695790617
2021,GIB,ITA,3.8618870393868505
2021,SRB,ESP,3.8604393411636297
2021,SSD,IRL,3.8555419275756906
2021,PYF,BEL,3.84723760139903
2021,SGP,BGR,3.8315717199848365
2021,PRY,HRV,3.824535481102605
2021,PRY,SWE,3.8154988618954597
2021,GIB,NLD,3.805809789761499
2021,PRT,DNK,3.790126353971613
2021,CPV,POL,3.7898435473115204
2021,CPV,PRT,3.7665202942326284
2021,KAZ,HRV,3.7623291074117082
2021,MUS,POL,3.760867247291064
2021,ROU,FRA,3.7449958184630296
2021,BIH,SWE,3.7335058868333793
2021,JEY,DNK,3.7012973667314766
2021,LTU,ROU,3.683831200227312
2021,SLV,IRL,3.681266946665099
2021,BRB,POL,3.680027948418742
2021,MLT,GRC,3.667717504892006
2021,PAN,SVN,3.646833741639918
2021,TLS,HRV,3.64681011757179
2021,GRC,ROU,3.6279423080262387
2021,CAN,ITA,3.626557014001969
2021,IMN,POL,3.6251388152285315
2021,GGY,SWE,3.6245286213971744
2021,WSM,ESP,3.623840030133923
2021,GTM,POL,3.6232926077597214
2021,LAO,ESP,3.617852659222341
2021,ROU,IRL,3.617165875071864
2021,MLT,SVK,3.598640670317311
2021,CRI,BEL,3.5834150369829567
2021,LVA,CYP,3.572918518857495
2021,VCT,IRL,3.5415301764847813
2021,UGA,CZE,3.4931251124069984
2021,BHS,NLD,3.4928339045985943
2021,GNQ,ESP,3.4743918339661675
2021,VUT,DEU,3.4730201078261405
2021,DOM,CZE,3.4679306172793116
2021,LVA,LTU,3.4667652142639938
2021,PRY,ITA,3.45942369995686
2021,GNQ,DEU,3.4562030633622824
2021,IMN,ROU,3.445896713833915
2021,ZAF,NLD,3.440267610820965
2021,MUS,FRA,3.417091365017871
2021,MUS,LVA,3.408980103905982
2021,BIH,HUN,3.4085205453356506
2021,GBR,SVK,3.4070603747206327
2021,VUT,IRL,3.3767012686449975
2021,TLS,AUT,3.3735493245509423
2021,UZB,ESP,3.3700576694081574
2021,GIB,CZE,3.355001922725563
2021,SSD,BEL,3.32989431488885
2021,JEY,GRC,3.323943346684823
2021,PRI,BEL,3.323817641924983
2021,VUT,FRA,3.3045153201594633
2021,LVA,ESP,3.294392186032261
2021,URY,PRT,3.291127457269402
2021,CAN,EST,3.284347061512708
2021,VGB,SVN,3.2791881297758967
2021,BHS,ESP,3.2684222157103244
2021,LTU,BEL,3.264463530764375
2021,GUM,DEU,3.261754669871337
2021,PRT,AUT,3.2490160142812172
2021,UGA,ROU,3.2430989236138297
2021,SGP,HRV,3.2419906145482864
2021,CUW,LVA,3.233819711569082
2021,BHR,AUT,3.2262618667351326
2021,LBR,CYP,3.2262394299600783
2021,CRI,CYP,3.225794094718148
2021,LAO,DEU,3.206201789531025
2021,JEY,SVK,3.200524297751096
2021,SRB,NLD,3.140675290711135
2021,DOM,CYP,3.1329386516270645
2021,CAN,CYP,3.1276138269512717
2021,ROU,NLD,3.1185629587590555
2021,KWT,NLD,3.1147980926136443
2021,TLS,PRT,3.112180730612222
2021,JOR,NLD,3.087843670672207
2021,CHE,SVN,3.0579851343569446
2021,LTU,HRV,3.055088309834121
2021,SSD,DEU,3.049260140887
2021,SVK,DNK,2.992361764582318
2021,MMR,CYP,2.991880512198626
2021,GGY,HRV,2.9905998738298063
2021,LBR,EST,2.964553384848411
2021,BHR,LVA,2.943749650651487
2021,IRN,CZE,2.932847694789416
2021,BEL,LTU,2.926621774281772
2021,LBR,PRT,2.9013612466749854
2021,IRN,ROU,2.8877275808184617
2021,BRB,LVA,2.876094847730399
2021,CRI,EST,2.873585627315255
2021,SVK,LTU,2.872373034220793
2021,NLD,LUX,2.836338348657484
2021,URY,ITA,2.8297256708964476
2021,FSM,DEU,2.812461348945652
2021,DOM,EST,2.8086250038100795
2021,FSM,IRL,2.7926661898610803
2021,LVA,ROU,2.7914897193618216
2021,GIB,SWE,2.787497684688318
2021,GRC,AUT,2.7857353267808973
2021,MMR,EST,2.775583746452209
2021,BIH,DNK,2.7709368116610906
2021,ESP,EST,2.7649203315412487
2021,DOM,PRT,2.7621651748401828
2021,FSM,FRA,2.742548107468955
2021,BIH,SVK,2.7351641355597507
2021,PRI,CYP,2.7189158643058726
2021,IRN,SWE,2.7140412769895628
2021,CUW,AUT,2.6998592553403142
2021,BHR,PRT,2.6997750594685264
2021,ISL,DEU,2.6960019710467225
2021,CAN,LVA,2.683741167829181
2021,BRB,AUT,2.6749593141429338
2021,GIN,ROU,2.6648999086498164
2021,KAZ,LVA,2.6644490038066246
2021,KHM,CZE,2.654432794477686
2021,LTU,ITA,2.6365223042291834
2021,CYP,CZE,2.6296415049078212
2021,LBR,SWE,2.612399929574752
2021,VUT,BEL,2.5964046319292695
2021,TTO,FRA,2.5493824710880713
2021,CYM,SVN,2.5216207721548023
2021,BOL,IRL,2.51272285149809
2021,MMR,POL,2.5118635244492458
2021,CRI,HRV,2.5116291248058817
2021,DOM,HRV,2.5064020697676814
2021,SYC,IRL,2.4959858997904947
2021,GBR,FIN,2.494639055004999
2021,PRY,LVA,2.492713858939666
2021,TLS,LVA,2.486760610059284
2021,IMN,GRC,2.473375816469617
2021,PYF,ESP,2.4637165232389453
2021,DOM,SWE,2.4573475263417146
2021,IMN,EST,2.4404899028941145
2021,BHS,LUX,2.4404826376689983
2021,CRI,SWE,2.4398978365705073
2021,MNG,FRA,2.4358390718446206
2021,LBR,HRV,2.435678906455368
2021,LBR,ITA,2.4304869773564195
2021,GIB,HRV,2.4185672341159052
2021,PRI,EST,2.418557076042532
2021,IMN,CYP,2.404046652077226
2021,PRI,HRV,2.400020724251232
2021,LTU,CYP,2.39683105324389
2021,SSD,ROU,2.382427168612379
2021,ESP,LTU,2.3632027425909734
2021,TLS,HUN,2.345629601031351
2021,MDG,ESP,2.3429794923847607
2021,BHS,PRT,2.3335582753392545
2021,SYC,FRA,2.305974701521136
2021,MNG,IRL,2.2748715371102772
2021,PRI,SWE,2.269873127662827
2021,TTO,ROU,2.257943198581661
2021,CAN,BGR,2.2432419229181604
2021,GTM,DNK,2.237629910250788
2021,URY,LUX,2.2375427243927866
2021,BHR,HUN,2.232205488643015
2021,CYP,GRC,2.2246271629388557
2021,PRT,LTU,2.2230889826089264
2021,IRN,POL,2.216031605597156
2021,KAZ,HUN,2.21567536932939
2021,KAZ,SVK,2.193028307986733
2021,CYP,ROU,2.1888965778413727
2021,BGR,CZE,2.1761014683186812
2021,BGR,GRC,2.171218436486295
2021,SGP,LUX,2.1617410198273848
2021,CRI,ITA,2.1595501018638337
2021,ZAF,AUT,2.1522057412654707
2021,MCO,ROU,2.146972756648003
2021,CAN,POL,2.1463666237350383
2021,PRT,ITA,2.140398248478309
2021,FSM,BEL,2.123263271909873
2021,PRI,ITA,2.1015313702817573
2021,LVA,BEL,2.099134509892638
2021,HUN,ROU,2.096550997949198
2021,KHM,ROU,2.0923527521855108
2021,UGA,CYP,2.083969216709305
2021,AUT,MLT,2.0794593635589345
2021,BIH,LTU,2.0729685499906414
2021,CAN,SVN,2.043849334950071
2021,TTO,LUX,2.042563333343664
2021,DOM,ITA,2.041328885218075
2021,HKG,SVN,2.0402104019532192
2021,GRC,DNK,2.0392880972852074
2021,GTM,GRC,2.0361786502231167
2021,BHR,SVK,2.0244619413352933
2021,LBR,POL,2.0159265501415367
2021,IMN,ITA,2.014076877749525
2021,MMR,SWE,2.013361165924158
2021,GTM,SVK,1.9987692712394127
2021,GBR,HRV,1.9926332718437427
2021,MUS,HUN,1.991459503207341
2021,SYC,ESP,1.9865549340504962
2021,CYP,DNK,1.983169413450074
2021,IRN,CYP,1.9513048368546648
2021,UGA,PRT,1.9501061896245218
2021,MNG,BEL,1.9487237957476151
2021,SRB,PRT,1.9482215831920648
2021,EST,FRA,1.9448524408065668
2021,MDG,IRL,1.9378236987316666
2021,WSM,ITA,1.9333473183717926
2021,SRB,POL,1.928353806421359
2021,TLS,FIN,1.9259969660234177
2021,UGA,EST,1.92338969111148
2021,GGY,LVA,1.919678554686257
2021,CAN,HRV,1.914329001034434
2021,KWT,CZE,1.8886401785814568
2021,GGY,LUX,1.879308174596536
2021,GTM,HUN,1.873329431749911
2021,BMU,SVN,1.8653747069647737
2021,LVA,ITA,1.864468403196142
2021,HUN,CZE,1.8604869066878456
2021,SYC,BEL,1.8297638203466244
2021,LTU,NLD,1.82851807053604
2021,MUS,PRT,1.8242594134336558
2021,SVK,GRC,1.82265508181405
2021,BEL,FIN,1.8137960269179583
2021,KWT,ROU,1.8122101802823434
2021,TLS,SVK,1.8107809253859464
2021,LVA,SVK,1.8093197396555822
2021,IRN,EST,1.808435151104276
2021,BHR,DNK,1.7901978707642676
2021,LBR,AUT,1.7886665456033535
2021,JOR,CZE,1.7870455964917213
2021,BEL,BGR,1.7767838309648827
2021,VIR,IRL,1.7700156737583945
2021,BHS,BEL,1.7696211072293557
2021,TTO,ESP,1.768622878570042
2021,BIH,BGR,1.7679058912104395
2021,IRL,SVN,1.7666998574387407
2021,BGR,AUT,1.7542301171612338
2021,BGR,FIN,1.74692410456356
2021,KAZ,SVN,1.7448825963161085
2021,SVK,FIN,1.743752854516709
2021,UGA,SWE,1.7420635951905488
2021,BIH,GRC,1.7373551808521606
2021,GRC,LTU,1.7332910234983259
2021,MMR,HRV,1.6955887262432483
2021,IMN,DNK,1.6855899535369194
2021,PRY,POL,1.6785644283243253
2021,MUS,SVK,1.6716515462287191
2021,TLS,DNK,1.664408444294266
2021,PRT,CYP,1.663690644161874
2021,UGA,ITA,1.6576585259626784
2021,TTO,CZE,1.6440250183559022
2021,MMR,PRT,1.6379171582776137
2021,UGA,HRV,1.6367613067937195
2021,DOM,LVA,1.6364368994030825
2021,DOM,AUT,1.630329004048415
2021,JOR,SWE,1.6287067329032463
2021,CRI,LVA,1.6225350775941534
2021,BIH,HRV,1.6217360657076334
2021,TLS,LTU,1.6203994592612494
2021,GUY,FRA,1.6145431011199813
2021,LIE,NLD,1.607499179078208
2021,BEL,AUT,1.6059767819399124
2021,CUW,SVK,1.5939950546245005
2021,TTO,NLD,1.5898208902473805
2021,TTO,BEL,1.5897534154796051
2021,ZAF,ROU,1.5832002243043473
2021,LTU,SVK,1.5819903148777112
2021,CUW,HUN,1.578264267727067
2021,FIN,NLD,1.5782607175754446
2021,VUT,ESP,1.5744853673126704
2021,PRI,LVA,1.5723801308101086
2021,SYC,DEU,1.5719830774816952
2021,CUW,FIN,1.5681237367812695
2021,BGR,CYP,1.564819183311966
2021,GIB,LVA,1.5602172291572147
2021,LBR,LVA,1.5556207445521437
2021,MCO,POL,1.5463210317213643
2021,BRB,SVK,1.5257709611480235
2021,BIH,FIN,1.5250781881204443
2021,GGY,AUT,1.5194256027166462
2021,BOL,ESP,1.503193156199165
2021,BEL,HUN,1.5020808390253655
2021,GTM,BGR,1.4901271807847758
2021,BHS,CZE,1.4806751665961722
2021,BGR,EST,1.4662357141298523
2021,ISL,NLD,1.465633659869088
2021,BRB,HUN,1.4628672979664452
2021,BEL,GRC,1.4599629387337087
2021,PRT,EST,1.4552937483324822
2021,GUY,ESP,1.4481615124480924
2021,LCA,DEU,1.432147479147546
2021,MUS,AUT,1.424382652621121
2021,BHR,LTU,1.4216485872159843
2021,BRB,FIN,1.4196514335037973
2021,TTO,CYP,1.4123176277934164
2021,GGY,PRT,1.4022530831196174
2021,KAZ,LTU,1.3965596033173462
2021,BOL,FRA,1.3815854046692633
2021,URY,CZE,1.3759817282005882
2021,MMR,AUT,1.3682920511971726
2021,BHR,BGR,1.3656740253203408
2021,IRN,ITA,1.3645901359196075
2021,CUW,DNK,1.3615623852760534
2021,GGY,HUN,1.3555317306036008
2021,LVA,HRV,1.3540169908282615
2021,LTU,CZE,1.3469610102104512
2021,LCA,IRL,1.3426745278471586
2021,HUN,BEL,1.3400824280096506
2021,LVA,LUX,1.3337464545152697
2021,WSM,NLD,1.333290615200602
2021,GTM,LTU,1.330100596169907
2021,LIE,ROU,1.3066811085184953
2021,SRB,CYP,1.300722558781596
2021,FSM,ESP,1.3004420533539793
2021,VIR,ESP,1.2955972115994758
2021,CPV,NLD,1.29106707603842
2021,CUW,BGR,1.2859439829683517
2021,BOL,PRT,1.2859331646386898
2021,CAN,SWE,1.2827084415141288
2021,LVA,PRT,1.2764919873753087
2021,LKA,NLD,1.2675789160894262
2021,JOR,ROU,1.2596681271599293
2021,LVA,SWE,1.2588781460708989
2021,KHM,CYP,1.2588760044394773
2021,TTO,EST,1.256978939637904
2021,LBR,SVK,1.2565239575501204
2021,KAZ,BGR,1.2520006864345772
2021,HUN,AUT,1.2496419832860886
2021,BRB,BGR,1.2480441795007604
2021,BGR,SWE,1.2422696018419994
2021,BRB,DNK,1.2401809464251985
2021,TLS,BGR,1.2316625161439299
2021,GGY,LTU,1.230257626634471
2021,PRY,SVK,1.2238739575453799
2021,GIB,LUX,1.2187917286103085
2021,SRB,EST,1.2138206687852933
2021,UGA,AUT,1.2057590591045184
2021,KHM,EST,1.2054926965443362
2021,MUS,BGR,1.1982420116015038
2021,ZAF,CYP,1.1966684629996112
2021,LVA,HUN,1.1953049231879553
2021,PYF,ITA,1.1913616358429433
2021,SGP,SVN,1.1878153527798407
2021,GUY,BEL,1.1743882001799975
2021,CUW,LTU,1.1708700806456223
2021,GGY,BGR,1.1671881038773442
2021,LTU,AUT,1.1644112553018056
2021,MHL,NLD,1.1633152661302983
2021,LBR,HUN,1.1561194660060838
2021,MUS,FIN,1.148976311760509
2021,PRT,POL,1.1447513008826622
2021,EST,LVA,1.1397292303739461
2021,MMR,LVA,1.1357850104516605
2021,PRY,DNK,1.1353230118005755
2021,BHR,FIN,1.1334285947049396
2021,PRY,AUT,1.1327171180275124
2021,LUX,MLT,1.1306057772670906
2021,MUS,LTU,1.1248410115695604
2021,UZB,ITA,1.1244877304048633
2021,LAO,NLD,1.1218960921365435
2021,IRN,HRV,1.1212852805247457
2021,UZB,NLD,1.1204255202249436
2021,ZAF,EST,1.098318691693743
2021,MHL,CZE,1.0916668648887256
2021,PRI,AUT,1.088442119757835
2021,JOR,POL,1.0852112704817394
2021,SVK,HUN,1.0850250029755697
2021,TTO,HRV,1.0797258583778135
2021,TLS,GRC,1.0792909756328122
2021,GIB,AUT,1.0739900813863805
2021,BEL,PRT,1.071646048521649
2021,PRY,HUN,1.0693203275865524
2021,BHR,LUX,1.068475911273527
2021,GGY,DNK,1.056029758049823
2021,TTO,SWE,1.0551016370938822
2021,FRO,DEU,1.053152029578569
2021,GGY,SVK,1.0521786804199125
2021,MUS,DNK,1.0517402808316743
2021,UGA,LVA,1.0443367950096425
2021,TTO,ITA,1.043838751540782
2021,MNG,ESP,1.0386686254683208
2021,BIH,LVA,1.0373125472954035
2021,BRB,LTU,1.0351303431084182
2021,LTU,PRT,1.035101768845945
2021,LVA,NLD,1.0232167966647525
2021,MCO,CYP,1.0109350887531103
2021,IRN,AUT,1.0064258116712823
2021,MCO,EST,0.9966863614092948
2021,GNQ,FRA,0.9954668016426863
2021,VIR,FRA,0.9892177709467334
2021,LTU,IRL,0.9850465309281707
2021,GIN,CZE,0.9808899268497119
2021,UGA,POL,0.9768646437081364
2021,TLS,LUX,0.9659184777858807
2021,MMR,HUN,0.9623591773900462
2021,ZAF,FIN,0.9610188581412469
2021,DOM,POL,0.9600138524051433
2021,BHS,AUT,0.9584007216296025
2021,KHM,SWE,0.9573426718166167
2021,CPV,ROU,0.9516345292669693
2021,BRB,GRC,0.9500042032237789
2021,PRI,CZE,0.9485958815876593
2021,BOL,BEL,0.9468892064817716
2021,GIB,HUN,0.9456974723716423
2021,WSM,ROU,0.9456876685532206
2021,GRC,IRL,0.9447609042743241
2021,GIB,PRT,0.9440516123256026
2021,LIE,AUT,0.9426162910661104
2021,CUW,GRC,0.9365848968183382
2021,IRN,PRT,0.9333407759781258
2021,BHR,GRC,0.9269224891380244
2021,ZAF,SWE,0.9234873894616435
2021,KHM,POL,0.9209191812608389
2021,IMN,LUX,0.9107602788650623
2021,GUY,ROU,0.9106625601461538
2021,PRI,PRT,0.910478162635282
2021,MCO,CZE,0.9088033171573577
2021,VIR,PRT,0.9058388017043691
2021,URY,AUT,0.9045571537085126
2021,BOL,NLD,0.8982546312581129
2021,UGA,SVK,0.8943659946966024
2021,WSM,CZE,0.8897375060500426
2021,GIB,LTU,0.887971451009341
2021,NLD,MLT,0.8877554622220584
2021,MLT,SVN,0.8785938062254505
2021,ZAF,HRV,0.8778826135011242
2021,LBR,DNK,0.8768720397404296
2021,PRI,DNK,0.8758375802126073
2021,IMN,SWE,0.8753913871466463
2021,MMR,SVK,0.8751659603463465
2021,PRY,BGR,0.8691030019266492
2021,CRI,POL,0.8677445459563998
2021,SVK,LUX,0.861687198067694
2021,GGY,FIN,0.860630294435969
2021,IRL,LUX,0.8599107739503072
2021,ZAF,CZE,0.8589022269639215
2021,GIB,BGR,0.8583881874639544
2021,EST,BGR,0.854924182677703
2021,MDG,ROU,0.8531684817886787
2021,DOM,FIN,0.8490516584294171
2021,KWT,AUT,0.8478426680453242
2021,PYF,NLD,0.8464821513128874
2021,GUY,NLD,0.8411224895914584
2021,MNG,DEU,0.8361410396381909
2021,CRI,SVK,0.8342759892713887
2021,MDA,FRA,0.8307991135927096
2021,EST,HRV,0.8290119217347282
2021,PRY,PRT,0.8235325731927192
2021,GNQ,CZE,0.8227954604916841
2021,WSM,SWE,0.8198222663439539
2021,KHM,AUT,0.8141791307693007
2021,PRY,LTU,0.8141621938416871
2021,DOM,SVK,0.8133061321647904
2021,SSD,NLD,0.8024965473467255
2021,PRI,SVK,0.796622512603028
2021,GIB,SVK,0.7933052174699496
2021,ESP,CYP,0.7931756796379659
2021,PRY,FIN,0.792950936063873
2021,GEO,ESP,0.7899157212104183
2021,LBR,BGR,0.7796510374091472
2021,GGY,GRC,0.7712915320356053
2021,GIN,SWE,0.7700801669888561
2021,CRI,AUT,0.7691607592259907
2021,WSM,POL,0.7627899994580915
2021,IRN,LVA,0.7599963481680418
2021,GRC,FRA,0.7588549974335538
2021,GIB,DNK,0.7580110813152168
2021,PRT,SWE,0.7566956676005379
2021,UZB,ROU,0.7543139044141857
2021,CRI,PRT,0.7527873571901991
2021,KWT,CYP,0.7521782515730923
2021,GIN,AUT,0.7519048902838221
2021,IRN,HUN,0.7460846254931129
2021,UZB,CZE,0.744667064377638
2021,DOM,HUN,0.741004746718754
2021,ZAF,ITA,0.7357457643667514
2021,KHM,PRT,0.7348623846484119
2021,HUN,GRC,0.7347478369305456
2021,KWT,EST,0.7319938670719467
2021,VCT,FRA,0.7308471516732706
2021,BRN,FRA,0.7254354739907989
2021,PYF,ROU,0.7234912977298262
2021,UGA,HUN,0.722857332641805
2021,DOM,DNK,0.7218096564679425
2021,SVK,BGR,0.7168454779234981
2021,PRT,CZE,0.7134345722103723
2021,FIN,SVK,0.7110476030841052
2021,KHM,HRV,0.7028014154424537
2021,GUY,LUX,0.6982916291490244
2021,TTO,LVA,0.6976690420958045
2021,ALB,DEU,0.6966476923757757
2021,LAO,CZE,0.6938060454633008
2021,MCO,AUT,0.6933613742910567
2021,GNQ,ROU,0.6912012373500931
2021,FSM,ITA,0.6884166956606362
2021,CRI,DNK,0.6878416278808223
2021,MMR,DNK,0.6793812529718309
2021,MDA,BEL,0.677923417367329
2021,PYF,CZE,0.6748522105118147
2021,GUY,CZE,0.6744229554034007
2021,UZB,SWE,0.6697074280032608
2021,KHM,ITA,0.6693988621625331
2021,VIR,BEL,0.6685581286878041
2021,GUY,CYP,0.6683332759015066
2021,MUS,GRC,0.6673785513167797
2021,GIB,FIN,0.6623800585459713
2021,GIN,EST,0.6623521652031605
2021,GNQ,NLD,0.6618083083317513
2021,JOR,AUT,0.6591975900200279
2021,CPV,CZE,0.6591433174419138
2021,KWT,POL,0.6587222722783226
2021,LIE,DNK,0.6586739335633665
2021,PRI,POL,0.6531674216041757
2021,PYF,SWE,0.6530673296051047
2021,GIN,CYP,0.6503372218465183
2021,GNQ,BEL,0.6452865870856859
2021,PRI,LTU,0.6438703485424988
2021,LBR,FIN,0.6401775745204447
2021,CRI,HUN,0.6398736479021488
2021,PNG,ESP,0.6390473055810176
2021,VIR,NLD,0.6327497580582797
2021,VUT,ITA,0.6296326324429194
2021,LBR,LUX,0.6225380781754617
2021,JOR,CYP,0.6210453205990886
2021,LBR,LTU,0.6170590940936835
2021,PRI,BGR,0.6160463149260369
2021,JOR,EST,0.6136359643588197
2021,ZAF,POL,0.6096876846616023
2021,SLB,DEU,0.6095073142224068
2021,IRN,SVK,0.6081556219986526
2021,GTM,SVN,0.6077040646369842
2021,SVK,HRV,0.5976706317948755
2021,GUY,EST,0.5971214415463202
2021,SLV,FRA,0.5964576585791062
2021,JOR,PRT,0.5948374801621703
2021,JEY,SVN,0.5924600613829891
2021,CRI,BGR,0.5872925476619062
2021,IRN,FIN,0.5864497765105613
2021,LTU,BGR,0.5839452114337563
2021,CYP,LTU,0.583247726523455
2021,MCO,ITA,0.5830566414938597
2021,PYF,POL,0.5816247883214763
2021,BRN,BEL,0.5805441254348546
2021,LVA,AUT,0.5789190490588766
2021,SRB,BEL,0.5773421559018805
2021,ZAF,LVA,0.5763557682936699
2021,SLV,LUX,0.5759996160860348
2021,GIN,SVK,0.5758144356544758
2021,UZB,POL,0.5750091910587112
2021,CPV,CYP,0.5737275238075221
2021,SVK,LVA,0.5711253554430783
2021,DOM,BGR,0.5681434685273644
2021,LBR,GRC,0.566875682272318
2021,GBR,SVN,0.562145309966398
2021,URY,POL,0.5616308023396206
2021,VCT,ESP,0.5594456810705077
2021,WSM,CYP,0.5589085323055333
2021,MCO,SWE,0.5511113757589778
2021,ESP,CZE,0.550770188071725
2021,GIB,GRC,0.5501895980582859
2021,VUT,NLD,0.5498139788050559
2021,KWT,DNK,0.5492659324552454
2021,UGA,DNK,0.5407252826442575
2021,UGA,BGR,0.5373180756705151
2021,LTU,HUN,0.5362739390873075
2021,KWT,SWE,0.5361027300402028
2021,IMN,HUN,0.5348765602729527
2021,MMR,BGR,0.5330439562615646
2021,ROU,CZE,0.5306699505067746
2021,CPV,EST,0.5295143108580765
2021,PRT,BGR,0.5287685383310663
2021,KHM,SVK,0.5207195831416297
2021,ROU,ITA,0.5202843621298381
2021,WSM,EST,0.5182085055198222
2021,CRI,FIN,0.5166877161819656
2021,ISL,ROU,0.5128396047454107
2021,TTO,POL,0.5107330995877052
2021,URY,ROU,0.5103677157224794
2021,GIN,HRV,0.5099247640303054
2021,VCT,NLD,0.5064637070076232
2021,CYP,SVN,0.50609650943814
2021,LIE,LTU,0.5049055551532201
2021,CPV,SWE,0.5037991195492899
2021,BOL,AUT,0.5034659541497974
2021,KHM,HUN,0.5026695945000519
2021,CRI,LTU,0.5023683117565741
2021,KHM,LVA,0.49753581259126656
2021,SLV,DEU,0.4955311825522759
2021,HUN,DNK,0.4947345365818387
2021,DOM,LTU,0.49415231671925497
2021,MMR,LTU,0.49410254001139237
2021,PRT,LVA,0.4933058907518385
2021,MMR,FIN,0.49300361360950284
2021,FSM,NLD,0.4921887576547074
2021,GNQ,CYP,0.49022329599539644
2021,IMN,SVN,0.4890637383231577
2021,GUY,HRV,0.4865826522416434
2021,CYP,POL,0.4851106056346642
2021,SLB,FRA,0.4845554466759892
2021,GUY,PRT,0.48440484035978515
2021,LVA,FIN,0.48379529128013143
2021,BRN,ESP,0.4786309485211804
2021,GUY,ITA,0.4779623381795994
2021,PRY,GRC,0.4767274910897683
2021,GIN,HUN,0.47622462351844197
2021,MDG,FRA,0.47422953295636083
2021,PRI,FIN,0.4728062416607535
2021,SSD,HUN,0.47205309357222863
2021,URY,BGR,0.4718004829583447
2021,MCO,SVK,0.4712915216922687
2021,JOR,ITA,0.4707289275066623
2021,SYC,NLD,0.468944021604792
2021,LAO,SWE,0.4666442589755281
2021,DOM,GRC,0.46587383960799333
2021,SRB,ROU,0.4646328686396787
2021,HKG,LUX,0.4624818625031966
2021,GUY,SWE,0.4608917997473214
2021,ZAF,GRC,0.458641545103585
2021,BGR,DNK,0.45821637330910314
2021,PYF,CYP,0.4558064034814647
2021,IMN,HRV,0.45147401784783875
2021,LVA,DNK,0.44973113081035826
2021,UZB,CYP,0.4490721463911929
2021,MMR,GRC,0.446791002408376
2021,CPV,HRV,0.44538157520867294
2021,GIN,ITA,0.44458195807596007
2021,SSD,CZE,0.442510559549169
2021,GRC,LVA,0.44199767505278076
2021,SLV,NLD,0.441892445191825
2021,GNQ,EST,0.4389031868319477
2021,GNQ,PRT,0.4378141782799704
2021,LAO,ROU,0.43683671496274923
2021,PRI,HUN,0.43537368519743525
2021,IRN,DNK,0.43488750280886485
2021,UGA,FIN,0.4339752385923203
2021,LKA,ROU,0.4275368016267621
2021,HUN,FIN,0.426756441933778
2021,SVK,SVN,0.4257792431312125
2021,URY,GRC,0.4216616694181759
2021,PYF,EST,0.4190383617358908
2021,UZB,EST,0.418308841253292
2021,HUN,LTU,0.414145375684054
2021,VIR,AUT,0.4138987110037806
2021,JOR,HUN,0.4137873694851275
2021,VUT,ROU,0.41222399390853337
2021,GEO,SWE,0.41197858773400803
2021,MHL,ROU,0.41190193664089186
2021,GIN,DNK,0.40799692195504556
2021,UGA,GRC,0.4016441408884358
2021,MCO,DNK,0.4005500643978789
2021,TTO,HUN,0.3988114204442747
2021,IRN,LTU,0.39737180045810405
2021,VCT,LUX,0.39505501169566515
2021,SLB,BEL,0.3942417300516896
2021,KHM,DNK,0.394111669417769
2021,BGR,LTU,0.3939461196423436
2021,BGR,LVA,0.3937129802933948
2021,KWT,HRV,0.39259926047164373
2021,FSM,ROU,0.39234604241151844
2021,KWT,LTU,0.3908613010212697
2021,PRK,DEU,0.38761428778862594
2021,IMN,LTU,0.3870445467979693
2021,EST,SVN,0.38530784766576787
2021,URY,SVK,0.3848379420904935
2021,ISL,CZE,0.3827231266194217
2021,IRL,MLT,0.3825272152311634
2021,ZAF,DNK,0.3788336409978373
2021,LCA,FRA,0.3778265294765091
2021,GNQ,ITA,0.377230109968399
2021,GNQ,HRV,0.37341008225031613
2021,DJI,FRA,0.37264878513106864
2021,LTU,MLT,0.37257808520032826
2021,LKA,CZE,0.3680785984705458
2021,GNQ,SWE,0.3676996455325793
2021,IRN,BGR,0.3675852701856953
2021,GIN,LVA,0.36668294698039
2021,BHS,FIN,0.36489680926424706
2021,VUT,CZE,0.3607313694761357
2021,PRT,HRV,0.35881896646720607
2021,UGA,LTU,0.3561393937503469
2021,JOR,FIN,0.3549817635886415
2021,SSD,ITA,0.35448149674240476
2021,LVA,BGR,0.35344947331166143
2021,LAO,POL,0.3525659226319099
2021,VUT,SWE,0.3496931088411612
2021,DJI,ESP,0.34892979832433185
2021,KWT,ITA,0.3477057985279536
2021,MNG,NLD,0.3474764710304755
2021,IMN,SVK,0.34634391019767563
2021,GIN,PRT,0.3448153869376879
2021,BGR,SVN,0.344318731929371
2021,CPV,ITA,0.3411837496929575
2021,TTO,SVK,0.34090352424834536
2021,BGR,HRV,0.3386394756878628
2021,MHL,PRT,0.3368647309695662
2021,MHL,AUT,0.3337085999106392
2021,IMN,BGR,0.3323512858134878
2021,GRC,BGR,0.33154760887018986
2021,PRI,GRC,0.3309208753200833
2021,LCA,ESP,0.33025036492821147
2021,GUY,AUT,0.33021009852993777
2021,CRI,GRC,0.3291689405837909
2021,FSM,SWE,0.327786790123676
2021,TTO,AUT,0.32689884541558234
2021,KWT,LVA,0.32420487725916775
2021,CUW,SVN,0.32256354621491834
2021,FSM,CZE,0.3223530916899758
2021,GRC,HRV,0.32149859127291536
2021,JOR,SVK,0.3213443577113293
2021,LTU,GRC,0.3212328723929719
2021,HUN,EST,0.3191722738600907
2021,LTU,SWE,0.31850160833131824
2021,SRB,AUT,0.3184666014277286
2021,IMN,LVA,0.3179000715762849
2021,WSM,HRV,0.3161980240424938
2021,CPV,AUT,0.31601553677116057
2021,VUT,POL,0.31540630651762025
2021,GUY,LVA,0.31430151911850657
2021,MDA,ESP,0.3142653909842045
2021,KWT,SVK,0.3131556902954303
2021,HUN,CYP,0.31274106187946876
2021,GUY,POL,0.31239500403969567
2021,FSM,POL,0.3111280023987369
2021,HUN,SVK,0.3090490914824498
2021,BRB,SVN,0.3075575410619389
2021,MCO,LUX,0.3051937536796352
2021,MUS,SVN,0.3017587181370078
2021,URY,DNK,0.30001930745094824
2021,IRN,GRC,0.2992838710204414
2021,CPV,LVA,0.2984386552770026
2021,URY,HUN,0.29550971345801924
2021,BHS,CYP,0.2951384745201559
2021,TLS,SVN,0.2941671009262985
2021,LTU,FIN,0.2920008643742076
2021,GIN,POL,0.29080425190977377
2021,CPV,SVK,0.2907042688475073
2021,BHS,POL,0.29051067125390606
2021,MDG,NLD,0.2858787104970963
2021,VCT,PRT,0.2851136727864709
2021,DJI,BEL,0.28507503949263296
2021,MCO,HUN,0.28484043260905656
2021,BHS,EST,0.28394764630128827
2021,GNQ,POL,0.2831884758628025
2021,CHE,MLT,0.28190558188278925
2021,JOR,HRV,0.2817455621470516
2021,PRK,FRA,0.2804126243025768
2021,LCA,BEL,0.2801476949135042
2021,WSM,AUT,0.2793227801506597
2021,BHR,SVN,0.27860515834267524
2021,LKA,AUT,0.27772753896176056
2021,TTO,DNK,0.27705144169984236
2021,PNG,DEU,0.2760713430542098
2021,ZAF,SVK,0.27479631350301487
2021,MCO,PRT,0.2746341408167638
2021,PRK,IRL,0.27286026152069204
2021,DJI,IRL,0.2692003496707936
2021,KWT,HUN,0.26791300707748683
2021,UZB,AUT,0.2672415154443756
2021,SYC,CZE,0.26606687372983784
2021,LAO,CYP,0.2649327700196312
2021,PYF,HRV,0.26347374015730457
2021,BEL,CZE,0.2613338821832692
2021,URY,HRV,0.2609658136105642
2021,UZB,HRV,0.25791852104354057
2021,LAO,EST,0.2573431553291513
2021,LTU,SVN,0.25578839507072054
2021,SSD,PRT,0.2554755694402322
2021,CYP,SVK,0.25533445792859577
2021,VUT,CYP,0.25356528038498233
2021,TTO,BGR,0.25031505683811095
2021,SSD,CYP,0.24970026784594315
2021,BEN,ESP,0.24927276987549618
2021,TTO,PRT,0.2478024591435971
2021,FSM,CYP,0.247715744389154
2021,SSD,SWE,0.24633300314813247
2021,ROU,SVK,0.24558863224368815
2021,KHM,BGR,0.24551308960169227
2021,CYP,EST,0.2449034608878211
2021,MDG,AUT,0.24256974569746823
2021,SYC,ROU,0.24240878666065305
2021,LVA,GRC,0.2389558187450525
2021,VCT,BEL,0.2386975377948898
2021,MHL,CYP,0.23836886901483714
2021,GEO,FRA,0.23807725512784655
2021,MHL,POL,0.23759245310699462
2021,PYF,AUT,0.23654212998025756
2021,BHS,ROU,0.2358770452732804
2021,MHL,EST,0.23578667956133212
2021,TTO,FIN,0.2350986052022881
2021,ROU,GRC,0.23422182953124351
2021,VUT,EST,0.23391142757458888
2021,GNQ,LVA,0.2333923456531823
2021,MDG,BEL,0.23269970790620456
2021,SSD,EST,0.23023479087411178
2021,CAN,HUN,0.22964947136387268
2021,UZB,PRT,0.22928399768047983
2021,BGR,SVK,0.2285416442944507
2021,FSM,EST,0.22720375192364572
2021,JOR,DNK,0.2258713453957778
2021,BGR,MLT,0.22513225808399592
2021,PRK,BEL,0.22370832564171325
2021,SMR,DEU,0.22222490389893357
2021,TTO,LTU,0.22201375893242437
2021,PYF,PRT,0.22155208237031704
2021,PRY,SVN,0.22022468161315406
2021,JOR,LVA,0.21910186662275524
2021,WSM,LVA,0.21815268723894043
2021,WSM,PRT,0.2179427075117936
2021,KHM,LTU,0.21715313969751474
2021,GEO,ROU,0.21674032754004977
2021,CYP,BGR,0.21450584769667025
2021,MCO,BGR,0.2141880127521366
2021,WSM,HUN,0.21331904509936417
2021,GEO,POL,0.21330178432961136
2021,LCA,ROU,0.21242778365650417
2021,PNG,FRA,0.21168548059623796
2021,ZAF,BGR,0.2103310200681484
2021,KAZ,MLT,0.2084687853228444
2021,MCO,HRV,0.20770678783260263
2021,LAO,AUT,0.20732189941180043
2021,URY,LTU,0.20710284424560516
2021,GIN,BGR,0.20564590330521587
2021,SLB,ESP,0.2054627529169471
2021,VCT,CZE,0.20532341904264254
2021,SSD,HRV,0.20308596417274355
2021,FIN,SVN,0.20260954551868357
2021,BHS,DNK,0.2023046250156799
2021,MUS,LUX,0.20189904392884742
2021,GEO,AUT,0.20055427402534545
2021,GNQ,AUT,0.2002053632762237
2021,SWE,SVK,0.20011450828618846
2021,ISL,ITA,0.19893901238197284
2021,MCO,LTU,0.19840513956720912
2021,BIH,SVN,0.19774574018770358
2021,BOL,FIN,0.19748014057767924
2021,MDA,DEU,0.1966167021150992
2021,ROU,AUT,0.19599720569908796
2021,DJI,DEU,0.19543960660572884
2021,KHM,GRC,0.19274012169837462
2021,SRB,GRC,0.19240258758289633
2021,IRN,LUX,0.19231023200814124
2021,MDG,CZE,0.1913213585824243
2021,KHM,FIN,0.19129638876575938
2021,ZAF,LTU,0.19120413025284505
2021,BEN,ROU,0.19077377334213616
2021,CYP,LVA,0.18889132292124947
2021,EST,BEL,0.18811147216596436
2021,KWT,BGR,0.18606894189262374
2021,SSD,AUT,0.1857956694266038
2021,LBR,SVN,0.18573414074613895
2021,ESP,LVA,0.1805891778574736
2021,PYF,LVA,0.1802958839989903
2021,LCA,NLD,0.17970498337654792
2021,UZB,LVA,0.17962727345317323
2021,UZB,HUN,0.17887544183925905
2021,MDG,PRT,0.17857900249292158
2021,LKA,DNK,0.17761093125197236
2021,BHS,ITA,0.17684346849384802
2021,BHS,GRC,0.17675970310189382
2021,LAO,ITA,0.17616623784202556
2021,DOM,SVN,0.1759122157015386
2021,JOR,LTU,0.17354926740804993
2021,PRT,SVN,0.17099926917966798
2021,GNQ,HUN,0.16964373408337402
2021,LAO,PRT,0.1683006101742554
2021,SSD,POL,0.16737124279938398
2021,CPV,DNK,0.16685552440162366
2021,MDG,ITA,0.16638151299929835
2021,SRB,FIN,0.1658593609350835
2021,PRT,FIN,0.1653719306213657
2021,SGP,MLT,0.1649645264505522
2021,KWT,PRT,0.1649320528400473
2021,PYF,HUN,0.16467138875687926
2021,MCO,GRC,0.16380169364047512
2021,GUM,ESP,0.16355458052252106
2021,WSM,SVK,0.16302423057568208
2021,MCO,LVA,0.16254731526696753
2021,WSM,FIN,0.16215401927815767
2021,GUY,DNK,0.16144084442279094
2021,ZAF,HUN,0.16127329805204857
2021,GUY,FIN,0.15993737539610053
2021,PRI,SVN,0.15949617723666587
2021,GIN,GRC,0.15724236654162224
2021,LCA,CYP,0.15674332525525378
2021,SYC,CYP,0.15543423516102964
2021,MUS,NLD,0.1548918778971616
2021,VCT,AUT,0.15379398170507946
2021,MHL,DNK,0.1536152777303132
2021,CYP,HRV,0.15321494627632737
2021,GUY,SVK,0.15205629620428707
2021,JOR,GRC,0.14977232944494903
2021,LCA,CZE,0.14949867137658937
2021,GRC,SVN,0.1494259937441309
2021,CRI,SVN,0.14925622276057138
2021,GIN,LTU,0.14883164611803734
2021,LCA,LUX,0.1480534308958038
2021,MDG,CYP,0.1479915500487096
2021,ISL,AUT,0.14779590931410153
2021,MDG,DNK,0.14763541545773073
2021,WSM,DNK,0.1474812502743853
2021,GIN,FIN,0.14741794977017542
2021,WSM,LTU,0.1458684610794723
2021,VUT,HRV,0.1456448204328882
2021,SVK,MLT,0.1453702203137934
2021,GUY,HUN,0.1445721052238843
2021,MMR,LUX,0.1445418186548926
2021,TTO,GRC,0.143982511257421
2021,SYC,EST,0.14310601684254926
2021,UZB,SVK,0.14288199270653199
2021,ROU,BGR,0.14267141971608074
2021,SRB,LTU,0.14236183643922487
2021,MDG,HRV,0.14210477242478317
2021,GRL,DEU,0.14174070530728122
2021,PYF,FIN,0.14155494292729606
2021,FSM,HRV,0.1410950762843143
2021,UZB,FIN,0.14059246101829073
2021,LIE,LVA,0.14044845244060847
2021,VUT,AUT,0.14041436513640954
2021,GGY,SVN,0.1403290612902396
2021,LIE,ITA,0.14003159964395787
2021,LCA,EST,0.13996579700239026
2021,SYC,PRT,0.13982561312438443
2021,VIR,FIN,0.13910923119519739
2021,LAO,HUN,0.13661015036162574
2021,PRT,HUN,0.13547487053462426
2021,VUT,PRT,0.13524393244542246
2021,GNQ,SVK,0.1344880099785938
2021,CPV,GRC,0.13397403049490716
2021,MDG,EST,0.13253672921499135
2021,PNG,NLD,0.13144216338650808
2021,LAO,HRV,0.12990489162438382
2021,JOR,BGR,0.1298650983604603
2021,UZB,DNK,0.1286590440001299
2021,GUY,LTU,0.12793706856029224
2021,SSD,LVA,0.12783776649764417
2021,SYC,SWE,0.12773742656500045
2021,PRK,ESP,0.12750123937914462
2021,UGA,SVN,0.1271696811529513
2021,MDG,LTU,0.12656036347514374
2021,CYP,SWE,0.1264876915965758
2021,CPV,FIN,0.12532444769851436
2021,BGR,HUN,0.12445218325491077
2021,MDG,SWE,0.12416951006742898
2021,MDG,HUN,0.12383909566844875
2021,ZAF,SVN,0.1229752944019302
2021,FSM,PRT,0.12278286156579601
2021,LIE,SVK,0.12198040256007939
2021,CPV,HUN,0.12168327701245349
2021,SYC,HRV,0.12142005566927305
2021,GEO,LTU,0.12120422576750346
2021,PYF,SVK,0.12119161904838496
2021,GUY,BGR,0.12111957826362914
2021,SYC,ITA,0.12108566714339655
2021,CPV,BGR,0.1209941936296178
2021,LIE,BGR,0.12097098222458741
2021,PRT,GRC,0.12043073736532679
2021,FSM,AUT,0.12002377898320961
2021,LAO,SVK,0.11967055594836082
2021,UZB,LTU,0.11882039382335931
2021,MMR,SVN,0.11859015801145407
2021,PYF,LTU,0.11857997470700994
2021,LIE,CZE,0.11811763771845527
2021,GIB,SVN,0.11559223820923871
2021,PYF,DNK,0.11525467990870972
2021,MNG,CZE,0.11499592115944372
2021,GEO,DNK,0.11481297203776741
2021,LCA,ITA,0.11329180920469788
2021,CYP,HUN,0.11116126135589235
2021,SSD,SVK,0.1111578495526838
2021,LCA,HRV,0.11098402545772024
2021,LKA,LTU,0.11057815572640413
2021,ISL,SVK,0.10967744622107936
2021,ISL,POL,0.10923488903014361
2021,MHL,LTU,0.1090003328722364
2021,SWE,LVA,0.10896071992410411
2021,WSM,BGR,0.10872638242821758
2021,GNQ,BGR,0.10695172432412091
2021,BOL,CZE,0.1061220970559933
2021,CPV,LTU,0.10608304632687865
2021,LCA,SWE,0.10568863228957527
2021,MDA,NLD,0.10527747678201615
2021,GNQ,FIN,0.10338190521776607
2021,MDG,LVA,0.10180279472262017
2021,SSD,FIN,0.10087237846321231
2021,SWE,SVN,0.10064693092904678
2021,LIE,HRV,0.10062061480586239
2021,LCA,PRT,0.10059712711025996
2021,HUN,SVN,0.1004387945831042
2021,VUT,LVA,0.09925909721695
2021,SVK,SWE,0.0991395817587607
2021,SYR,DEU,0.09868163809653573
2021,LKA,SVK,0.09706102340280418
2021,BHS,SWE,0.0967724523693963
2021,ROU,HUN,0.09652856864335985
2021,ISL,PRT,0.0964112145750659
2021,LAO,LVA,0.09635643875571244
2021,WSM,GRC,0.09555067295940234
2021,VCT,ROU,0.09521092504572129
2021,HUN,LVA,0.09496042202879386
2021,KWT,GRC,0.09490044520451207
2021,FSM,LVA,0.09460093696993481
2021,ISL,EST,0.09355872548011526
2021,SLV,CZE,0.09336028518201835
2021,VUT,HUN,0.09284118900635513
2021,BRN,NLD,0.09194525998631281
2021,GUY,GRC,0.0916259704187612
2021,LAO,FIN,0.09085276219043867
2021,BOL,GRC,0.0896646067590553
2021,GNQ,DNK,0.08965211688505736
2021,ALB,IRL,0.08964621443656187
2021,UZB,BGR,0.08940876613240091
2021,SYC,AUT,0.08889391021173403
2021,MNG,ROU,0.08882793744064396
2021,MHL,SWE,0.08812718646589474
2021,ISL,HUN,0.0879516709121764
2021,SLV,ESP,0.08717023843466346
2021,PYF,BGR,0.08682427758622059
2021,LKA,EST,0.08675917925993581
2021,URY,EST,0.08623821372277748
2021,FSM,HUN,0.08612062642596052
2021,SRB,HUN,0.08597229344884441
2021,GNQ,LTU,0.08535329203189893
2021,EST,POL,0.08497153738728593
2021,VIR,ROU,0.08470502416065274
2021,LAO,DNK,0.08463668792269974
2021,GEO,FIN,0.08364193944695553
2021,PRT,BEL,0.08354669772875194
2021,PNG,CYP,0.08320548648645183
2021,DJI,NLD,0.08274586716010111
2021,BRN,ROU,0.08270921022844524
2021,EST,PRT,0.0826773193918479
2021,GNQ,LUX,0.08247267358023992
2021,BEN,DEU,0.08229075323675927
2021,IRN,SVN,0.08214128572703183
2021,LCA,POL,0.08146004390694381
2021,VIR,DNK,0.08013093400383767
2021,SYC,POL,0.07957084581510504
2021,SSD,DNK,0.0791952601664792
2021,MCO,FIN,0.07916055705275396
2021,ALB,ESP,0.07913849349062173
2021,ISL,CYP,0.07865264307628726
2021,GNQ,GRC,0.07843509731068835
2021,LIE,PRT,0.07835815016428485
2021,VUT,FIN,0.0783388238645852
2021,SSD,GRC,0.07829826645895048
2021,SSD,BGR,0.0781484601745852
2021,UZB,GRC,0.07807423152357147
2021,LIE,SWE,0.07799775709449372
2021,PNG,EST,0.07793012258070792
2021,SYC,LVA,0.07764794498832153
2021,MDG,POL,0.07746607122778107
2021,ISL,DNK,0.07684562063867431
2021,LIE,POL,0.07592056525846191
2021,PYF,GRC,0.07528904268020738
2021,ROU,HRV,0.07516743981597591
2021,VIR,CZE,0.07475467300710403
2021,URY,SVN,0.07412650922632978
2021,GEO,BEL,0.07398653248584483
2021,FSM,FIN,0.07391048307461964
2021,LKA,CYP,0.07376770248139758
2021,LIE,EST,0.073480027329231
2021,ISL,SWE,0.07346045478234835
2021,BEL,SVK,0.07309050066344175
2021,GRC,BEL,0.0728394395890853
2021,MHL,SVK,0.07254075515589012
2021,VUT,SVK,0.07246395032744629
2021,FRO,ESP,0.07200405139967077
2021,LCA,LVA,0.07133885041873769
2021,GEO,ITA,0.07068530630781417
2021,LCA,AUT,0.07006693316110814
2021,URY,CYP,0.06997429031544802
2021,VCT,ITA,0.0697483514242142
2021,HKG,MLT,0.06922120701254644
2021,HUN,BGR,0.06916937219062239
2021,GBR,BEL,0.068379379518382
2021,BEL,SVN,0.06836654485736376
2021,MHL,ITA,0.06827841430790577
2021,PNG,PRT,0.06796322863359071
2021,VUT,DNK,0.06732529460440273
2021,HUN,HRV,0.06707288824762361
2021,LKA,SWE,0.06559707924539548
2021,FSM,SVK,0.06526414551174681
2021,VUT,LTU,0.06451271028080471
2021,VCT,CYP,0.06423510292764628
2021,SYC,SVK,0.06391808963762877
2021,VIR,GRC,0.06316166514356683
2021,PNG,POL,0.06315956437784297
2021,TTO,SVN,0.06198998524314373
2021,LKA,POL,0.06128905892720918
2021,SLB,NLD,0.06128425143925024
2021,LAO,LTU,0.06056370834094872
2021,MDG,BGR,0.06020046265605856
2021,BRN,AUT,0.06018555248455354
2021,VCT,EST,0.0596964383319806
2021,FSM,LTU,0.058989763417177196
2021,FSM,DNK,0.05851502105206018
2021,BHS,LTU,0.05834798443221114
2021,MNG,PRT,0.05812284637923484
2021,BEN,FRA,0.057209985873160785
2021,VCT,DNK,0.05565335902285638
2021,FSM,LUX,0.054881352119164784
2021,SYC,HUN,0.054243215690042146
2021,KHM,SVN,0.05411485822402799
2021,KWT,FIN,0.05408061547754061
2021,LIE,CYP,0.053851778796243234
2021,LAO,BGR,0.053647238458018734
2021,GUM,ROU,0.0533112516812553
2021,PYF,LUX,0.053248061873249306
2021,SLV,CYP,0.0532254336396953
2021,MHL,HRV,0.05272088422406786
2021,FRO,FRA,0.05235150918714913
2021,MHL,LVA,0.05232114636643688
2021,BOL,DNK,0.05218426280698298
2021,URY,LVA,0.051904980801774435
2021,SSD,LTU,0.051684012690222284
2021,LTU,DNK,0.051396800228078944
2021,ALB,FRA,0.05098787422663807
2021,MNG,AUT,0.05097712620882363
2021,WSM,LUX,0.050790954866953376
2021,LAO,GRC,0.04974785299566871
2021,GIN,SVN,0.049229478469780014
2021,VUT,BGR,0.04909511719146742
2021,ALB,PRT,0.04908262558884776
2021,VCT,FIN,0.04894163605616182
2021,SLV,EST,0.048302287406114454
2021,MDG,SVK,0.04821216880592067
2021,LIE,SVN,0.04760890812148486
2021,FSM,BGR,0.04650438123083045
2021,MDG,FIN,0.0463938515886157
2021,KWT,SVN,0.046102034028328465
2021,GEO,HUN,0.04435867599150379
2021,GEO,CZE,0.044291091735747586
2021,BHS,HRV,0.043817160760058455
2021,MHL,BGR,0.043565523587741746
2021,HUN,MLT,0.04350343564097344
2021,VUT,GRC,0.043014409077466655
2021,BEL,HRV,0.04274727990097133
2021,MHL,GRC,0.04248035739637145
2021,LIE,HUN,0.042432129632420316
2021,BRN,DNK,0.04224831613184503
2021,MHL,FIN,0.042206219985333575
2021,LKA,HUN,0.04203751466872108
2021,SYC,DNK,0.042029805343548464
2021,LKA,BGR,0.04120044752317304
2021,FSM,GRC,0.04118048866703671
2021,GUM,AUT,0.04093533593266453
2021,VUT,LUX,0.040378232152639776
2021,FRO,BEL,0.03969740030503313
2021,PAN,MLT,0.039530748133231264
2021,SYC,BGR,0.03944455326024597
2021,LKA,PRT,0.039295015642646335
2021,LKA,LVA,0.03815195094995413
2021,BEN,HUN,0.03787451149632508
2021,SLV,POL,0.03738620243521694
2021,BHS,LVA,0.037224624872217456
2021,VIR,LTU,0.03684470509106101
2021,JOR,LUX,0.03670529278805013
2021,URY,SWE,0.036160446190258475
2021,MDG,GRC,0.03611788833420851
2021,PRK,NLD,0.036046839131695124
2021,BHS,SVN,0.03584977128527748
2021,LCA,DNK,0.03546237522927218
2021,JOR,SVN,0.035462362128611535
2021,LCA,FIN,0.03516862188244414
2021,LCA,SVK,0.03468441792112507
2021,GUY,SVN,0.034429881624569975
2021,ALB,BEL,0.03392082611541059
2021,BEN,NLD,0.03370377317439825
2021,LCA,HUN,0.03349661547813615
2021,CPV,SVN,0.0326580416680444
2021,MHL,HUN,0.03238363108243591
2021,BRN,LTU,0.032347648101974144
2021,VCT,POL,0.032209483008599674
2021,VCT,LTU,0.032202214914326927
2021,ALB,NLD,0.03202720591043817
2021,SYC,FIN,0.0309881014919032
2021,TLS,MLT,0.03096269504050836
2021,GEO,LVA,0.030843990307759063
2021,SRB,DNK,0.03070964340337121
2021,DJI,ROU,0.03041576488909352
2021,GUM,DNK,0.029966573824628095
2021,SYC,LTU,0.02926009350001799
2021,LCA,LTU,0.029134552924159146
2021,ISL,GRC,0.028740820796240914
2021,SYC,GRC,0.028647927255645418
2021,SRB,SVK,0.028380853101914672
2021,ISL,BGR,0.028185301786053354
2021,LCA,BGR,0.02813495675199643
2021,DJI,CZE,0.028047170870035193
2021,LKA,HRV,0.02780143891327706
2021,SRB,SVN,0.027256459306020935
2021,VCT,SWE,0.027000873702401056
2021,VCT,HRV,0.026904556981776323
2021,SLV,ITA,0.02647702888234545
2021,ROU,EST,0.02644297133116766
2021,GNQ,SVN,0.02641895220391654
2021,HUN,SWE,0.0263522828065998
2021,MNG,EST,0.02577756432069725
2021,GUM,LTU,0.02545719190754725
2021,GEO,BGR,0.025323906464525515
2021,LIE,GRC,0.025267815316554896
2021,WSM,SVN,0.02510029262418998
2021,BHS,BGR,0.024548603104829675
2021,MNG,SVK,0.024206416713872973
2021,SWE,MLT,0.02417596792705519
2021,FRO,IRL,0.024051901002073123
2021,DJI,PRT,0.023951447361882493
2021,ROU,BEL,0.02380329186432444
2021,ALB,AUT,0.023621619969285197
2021,VCT,GRC,0.023425628806443374
2021,MNG,CYP,0.022597399307042874
2021,GBR,LVA,0.022393828556361475
2021,GEO,HRV,0.022189474263157004
2021,MCO,SVN,0.022061137665959404
2021,PNG,BEL,0.021893528003857503
2021,GEO,PRT,0.021858778330381894
2021,PRK,CZE,0.021843316399939142
2021,UZB,SVN,0.021681134670771915
2021,SRB,BGR,0.021448784097751035
2021,BEN,ITA,0.021211446643039752
2021,BIH,MLT,0.02121137321091968
2021,PYF,SVN,0.021120160156595486
2021,BEN,IRL,0.02107417416849577
2021,MNG,SWE,0.020999368230940424
2021,MNG,POL,0.020936982503230634
2021,GRL,IRL,0.020760327389383906
2021,UZB,LUX,0.020737574490214628
2021,VCT,LVA,0.020704719555515637
2021,LCA,GRC,0.020635344490994408
2021,ISL,LTU,0.02023346459745273
2021,LKA,GRC,0.019722921110369426
2021,ROU,CYP,0.019519334008060572
2021,MDA,ROU,0.01937501611844895
2021,SLB,ROU,0.01936312536217516
2021,BOL,SVN,0.0189052681983245
2021,MNG,DNK,0.01877930014736617
2021,PNG,CZE,0.018761855971864222
2021,SMR,FRA,0.01874901994280928
2021,MDG,SVN,0.018675108737377957
2021,SSD,SVN,0.018647824474283526
2021,SLV,DNK,0.018626083079017426
2021,PNG,AUT,0.01859655166285142
2021,ROU,SVN,0.018513253249826393
2021,PNG,ITA,0.01846411486414263
2021,SMR,ESP,0.018210371883553345
2021,DJI,CYP,0.01818033143692905
2021,FRO,ROU,0.018170933649479158
2021,MNG,HUN,0.017966191031076183
2021,DJI,ITA,0.0170428345591385
2021,DJI,EST,0.01694230789674063
2021,GRL,ESP,0.01690979289487684
2021,VIR,SVN,0.016495240938100255
2021,DJI,SWE,0.01588245410777848
2021,IOT,FRA,0.01571916495352518
2021,GRL,FRA,0.015188596379517423
2021,DJI,HRV,0.014840050290394088
2021,BHS,HUN,0.014729814271774652
2021,IOT,IRL,0.014648972541407724
2021,URY,FIN,0.014641071928928242
2021,ISL,LVA,0.01460185684839753
2021,GEO,GRC,0.014430293467432458
2021,PRK,ROU,0.014236827005456403
2021,MHL,SVN,0.01399740924283819
2021,SMR,IRL,0.01390164111844188
2021,GEO,SVK,0.013857752487337047
2021,SMR,BEL,0.013733562225230473
2021,BEN,PRT,0.013721413094451872
2021,FRO,AUT,0.013717042603395936
2021,SLV,ROU,0.01370985746820234
2021,SRB,MLT,0.013506349174833295
2021,LKA,ITA,0.013482266533641402
2021,DJI,AUT,0.012968888843121425
2021,SLB,AUT,0.01252715302314588
2021,BEL,MLT,0.012488868693485504
2021,IOT,BEL,0.012466693991469954
2021,LKA,SVN,0.012394744181298661
2021,GEO,LUX,0.012357571032600318
2021,LAO,SVN,0.012236506379966164
2021,VUT,SVN,0.011940936185850995
2021,IOT,ESP,0.011390233591445736
2021,GEO,SVN,0.011316770594777632
2021,GUM,FRA,0.011054560397355898
2021,SRB,HRV,0.011012093557132514
2021,FSM,SVN,0.011006365780180329
2021,ISL,HRV,0.010892079997687078
2021,MDA,AUT,0.010841135477300264
2021,BOL,ROU,0.010713160192223587
2021,CYP,MLT,0.010634837080139709
2021,VCT,BGR,0.01053161432596534
2021,GRL,PRT,0.010418733598562551
2021,VGB,MLT,0.010378213318287163
2021,IOT,DEU,0.010353829733783617
2021,KAZ,LUX,0.010198135428802374
2021,GRL,NLD,0.010159770927893233
2021,PLW,DEU,0.01005461272137619
2021,VIR,LVA,0.010003100300977986
2021,ROU,SWE,0.009982026018958643
2021,FRO,DNK,0.009910763047398147
2021,PLW,IRL,0.009722828678497037
2021,GUF,DEU,0.00968559076759191
2021,DJI,POL,0.009478206783719318
2021,SYC,SVN,0.009392072314982907
2021,DJI,LVA,0.009362093243571758
2021,SLV,SWE,0.009308605773657759
2021,GUF,IRL,0.009261628557389339
2021,PLW,FRA,0.009210141952320115
2021,DJI,SVK,0.009061519499741847
2021,BRN,LVA,0.009020122741464022
2021,MNG,FIN,0.00898175211727787
2021,STP,ITA,0.00887359182159581
2021,MNG,GRC,0.008870165642094523
2021,GRC,CYP,0.008810499378821696
2021,BOL,EST,0.00874087986977113
2021,GEO,EST,0.008697818184589872
2021,MNE,POL,0.008576048159128581
2021,LAO,LUX,0.00841336847211518
2021,MNE,PRT,0.008344496222781482
2021,MDA,SVK,0.008319654225069613
2021,GEO,CYP,0.008277566759951697
2021,GBR,MLT,0.008274926324000304
2021,PNG,LTU,0.008271045178650804
2021,FRO,LTU,0.008201983153641389
2021,GRC,EST,0.00819939353852946
2021,URY,BEL,0.008131717502947182
2021,SLB,DNK,0.007997315815871042
2021,PRK,AUT,0.007954321448947095
2021,GTM,MLT,0.007891101006159758
2021,ALB,ROU,0.007766930169999707
2021,BEN,CZE,0.007742087809925049
2021,GRL,BEL,0.007699011384107179
2021,BRN,BGR,0.007650163361291878
2021,LCA,SVN,0.00759248611353623
2021,SRB,SWE,0.00758827564326433
2021,VCT,SVK,0.0075400610027500856
2021,VCT,SVN,0.0075391754194105995
2021,MNE,ESP,0.007448922615880432
2021,PLW,BEL,0.007353217179982582
2021,ISL,FIN,0.00712626750453712
2021,BRN,SVK,0.0071189106522574555
2021,VIR,BGR,0.007051296804506122
2021,ALB,FIN,0.00704114056906677
2021,MMR,MLT,0.00698008276977333
2021,MNG,ITA,0.006925123757996744
2021,SLV,LTU,0.006887192368169585
2021,VIR,HRV,0.006837576048342169
2021,PNG,GRC,0.006832490196958817
2021,MDA,PRT,0.0066481652400305746
2021,FRO,NLD,0.006547578810072587
2021,GUM,LVA,0.00649499007884942
2021,BRN,HRV,0.006452041577969444
2021,BEN,POL,0.006356123167590397
2021,SSD,LUX,0.006254242930675224
2021,VIR,EST,0.006157262573829024
2021,MNG,BGR,0.006145605201295568
2021,GRC,POL,0.006104354181064604
2021,ALB,DNK,0.00601175264764852
2021,SSD,MLT,0.00594272948616774
2021,MDA,DNK,0.005924832983831311
2021,ISL,SVN,0.005684181847262686
2021,BMU,MLT,0.005596564075481894
2021,DJI,BGR,0.005560273187886703
2021,SMR,ROU,0.005499688630094521
2021,JEY,MLT,0.005386724020921513
2021,MDA,SWE,0.0053780927899893536
2021,DJI,DNK,0.005338380494227575
2021,PRK,POL,0.005328726259366616
2021,BEN,AUT,0.005271760323910963
2021,MNG,LTU,0.0052218998333832456
2021,GRL,AUT,0.005132103050501961
2021,PNG,BGR,0.0050631955776726245
2021,PRK,EST,0.005048455126370551
2021,PRK,DNK,0.0050470336521664895
2021,MDA,POL,0.0050255661618964975
2021,SYR,ESP,0.004948205968167061
2021,PRK,CYP,0.004887775096739967
2021,GUM,BGR,0.004871967776801054
2021,VCT,HUN,0.004812593308473178
2021,SLB,SVK,0.004791036969096136
2021,GUM,HRV,0.004724301231748103
2021,DJI,HUN,0.004666929775324125
2021,BEN,FIN,0.004609243968658755
2021,BRN,SWE,0.004589025940267989
2021,PNG,FIN,0.004566043163600439
2021,PNG,SVK,0.004561103537407043
2021,BEN,GRC,0.004424476858903521
2021,DJI,GRC,0.004383553251865179
2021,SLB,LTU,0.0043832532426616435
2021,PLW,ESP,0.004383159866480155
2021,DJI,FIN,0.004168546117075461
2021,WLF,FRA,0.004068457659419626
2021,WLF,IRL,0.0039579690237801154
2021,WLF,DEU,0.003955179547984001
2021,ALB,CZE,0.003817509168535387
2021,GRL,LUX,0.0037566921259652567
2021,BEN,SWE,0.0035717693765613383
2021,ALB,LTU,0.0035264632655859374
2021,PNG,HUN,0.0034256547165980216
2021,WSM,MLT,0.0033804403316069253
2021,JOR,MLT,0.0033593655612457842
2021,PRK,LTU,0.0033578826277413975
2021,ALB,POL,0.003322475044530262
2021,MNG,LVA,0.0033123782107912897
2021,DJI,LTU,0.003248039229491742
2021,ALB,GRC,0.0032444593893717916
2021,IRN,MLT,0.003224214605140295
2021,WLF,BEL,0.0032085589876852485
2021,BEN,BEL,0.0032039234930567604
2021,SLB,SWE,0.0031222195095131165
2021,SMR,AUT,0.0030610949196339244
2021,IOT,NLD,0.003059710565180525
2021,BRN,SVN,0.003040490865374104
2021,PRK,SWE,0.0030277248314736194
2021,BEN,BGR,0.002940823506369908
2021,MDA,HUN,0.0028228305726832044
2021,GIN,LUX,0.002781375457728642
2021,PRK,SVK,0.0027788377973253214
2021,GUF,FRA,0.002727553849728888
2021,PNG,HRV,0.0026675801615950816
2021,GIN,MLT,0.0026428397694111933
2021,NRU,DEU,0.002635666736563026
2021,NRU,IRL,0.002621354725638665
2021,BRN,HUN,0.0024736059351565037
2021,SMR,NLD,0.002382323130194262
2021,MNG,HRV,0.002379987822500161
2021,GUF,ESP,0.0023647432893082495
2021,NRU,FRA,0.002259855264383453
2021,SMR,DNK,0.002205423969991943
2021,GUM,SVN,0.0021957589409818774
2021,BRN,PRT,0.0021911854744538503
2021,STP,NLD,0.00216675376475856
2021,PYF,MLT,0.0021486853103751045
2021,FRO,LVA,0.0021388492811684344
2021,UZB,MLT,0.0020762392672648133
2021,SMR,POL,0.002062063484403881
2021,GUF,BEL,0.0020595784025012843
2021,SLV,FIN,0.0020343477227302165
2021,STP,DEU,0.0019860479471906422
2021,SLV,BGR,0.0019526906952282155
2021,ROU,LTU,0.0019403202872220672
2021,SMR,LTU,0.0019178799061491591
2021,MNG,SVN,0.0018787407952563426
2021,WLF,ESP,0.0018467108150852969
2021,BEN,SVK,0.0018012907566891392
2021,URY,MLT,0.001781413617416716
2021,SLB,BGR,0.0017736592659465633
2021,MDA,BGR,0.0017710555554047616
2021,NRU,BEL,0.0017519252086727328
2021,STP,FRA,0.0017411950922795077
2021,ESP,BEL,0.0017384399184112945
2021,SLV,AUT,0.0017210678103726583
2021,PRK,LVA,0.0016898416553139783
2021,PRK,ITA,0.0016863457622680504
2021,FRO,BGR,0.0016720941320819626
2021,SLV,HUN,0.0016665645331933765
2021,SLB,HUN,0.0016435796123669153
2021,IOT,CZE,0.0016423436099510104
2021,SLB,LVA,0.0016399154987873524
2021,IOT,ROU,0.0016240136304637018
2021,GRL,FIN,0.001613268027545234
2021,SYR,ROU,0.0016128869818067848
2021,MDA,EST,0.0016031824083968017
2021,PRK,HRV,0.0016001591054874435
2021,TTO,MLT,0.0015798318569191958
2021,GUF,ROU,0.0015779654672447014
2021,FRO,HRV,0.0015523497733204974
2021,GRL,ROU,0.0015297969568478745
2021,MDA,GRC,0.0015282742909482688
2021,SLV,GRC,0.0015199279658567658
2021,SMR,CYP,0.001469873200438064
2021,BEN,HRV,0.0014499276800622528
2021,EST,SVK,0.0014197252890863824
2021,MDG,LUX,0.0014164645895524063
2021,EST,IRL,0.0014131929464580397
2021,PRK,BGR,0.001409767532165352
2021,PRK,PRT,0.0014037906391914316
2021,SMR,CZE,0.0013918216626801162
2021,MNE,DEU,0.0013754860480397575
2021,BRN,EST,0.0013750823298870052
2021,PLW,NLD,0.0013720922227546904
2021,SMR,EST,0.0013460211919261555
2021,MDG,MLT,0.0013459128428093819
2021,BRN,GRC,0.0013301885203016702
2021,GRL,DNK,0.001306895551195272
2021,DJI,SVN,0.0012653768183668325
2021,GUF,NLD,0.0012396520000865683
2021,SYR,AUT,0.0012384640829000975
2021,EST,GRC,0.0012141397533952005
2021,PNG,DNK,0.0012065800426328292
2021,FSM,MLT,0.001175782109993478
2021,GUF,CYP,0.0011687985888216273
2021,PRK,HUN,0.0011422652523852858
2021,GGY,MLT,0.0011308194608234345
2021,MDA,LVA,0.0011233918185139778
2021,VUT,MLT,0.0011134201099177138
2021,SRB,LVA,0.0011129165881651856
2021,NRU,ESP,0.0011009117549487682
2021,PNG,SVN,0.0010941264465902795
2021,SLB,HRV,0.0010882709937429828
2021,GUF,CZE,0.0010821240679648478
2021,GUM,BEL,0.0010703482488308722
2021,SLB,PRT,0.001051337540772372
2021,SMR,ITA,0.0010463550255929903
2021,GUF,EST,0.0010435910153488107
2021,PLW,ITA,0.0010418015992930802
2021,IOT,CYP,0.0010402691277302467
2021,GUF,LUX,0.0010231388753453882
2021,ISL,MLT,0.0010161830752203741
2021,IMN,MLT,0.0010147177581149715
2021,ALB,SVN,0.0009782340161870364
2021,IOT,EST,0.0009567211274229395
2021,CUW,MLT,0.000944990625077155
2021,GEO,MLT,0.0009430180742162871
2021,BEL,LVA,0.0009366520489411063
2021,SLB,EST,0.0009321831212539855
2021,ALB,LVA,0.0009302297591637619
2021,IOT,PRT,0.0009288675734755769
2021,PLW,CZE,0.0009278541104897023
2021,SYR,DNK,0.0009066134312522398
2021,BRN,IRL,0.0009000807839373915
2021,REU,ESP,0.0008936375757112224
2021,PLW,ROU,0.0008869157318170871
2021,MDA,LTU,0.0008864373575533185
2021,EST,CZE,0.0008627198033237323
2021,GRL,CZE,0.0008598097386016572
2021,IOT,SWE,0.0008583341069683533
2021,BEN,DNK,0.0008564969502689594
2021,BOL,LVA,0.0008556962494312699
2021,SLB,GRC,0.0008503059478995871
2021,GUF,ITA,0.0008386101333250312
2021,ROU,LVA,0.0008331869039793722
2021,GUF,HRV,0.0008195078232408302
2021,ISL,LUX,0.0008066189862286719
2021,GUF,SWE,0.0007935937465094696
2021,BRB,MLT,0.0007789330262867624
2021,SYR,LTU,0.0007701858824574718
2021,IOT,HRV,0.0007701473508492048
2021,PLW,SWE,0.000769967428130156
2021,IOT,ITA,0.0007665715341757493
2021,LIE,FIN,0.000760282533065629
2021,GRL,GRC,0.00073610620612817
2021,PRK,GRC,0.0007330384745310116
2021,FRO,SVN,0.0007242816740066157
2021,WLF,ITA,0.0007076104090238714
2021,BHS,SVK,0.0006989140275447265
2021,GUF,PRT,0.0006984919103245014
2021,IOT,POL,0.0006833980642381301
2021,SMR,HRV,0.0006764979594313655
2021,ALB,BGR,0.0006748904379714299
2021,GRL,LTU,0.0006694519530837199
2021,SMR,LVA,0.0006592889052045012
2021,ALB,HRV,0.0006544348964263768
2021,GIB,MLT,0.0006513185811684733
2021,GUF,POL,0.0006435490350944522
2021,LAO,MLT,0.0006420322014185175
2021,PLW,POL,0.0006360238319137589
2021,MDA,HRV,0.0006337753631880013
2021,WLF,NLD,0.0006237378055811615
2021,BEN,LUX,0.0006014471375877335
2021,FRO,ITA,0.0005908538946383613
2021,DMA,DEU,0.0005905502464064571
2021,IOT,AUT,0.0005890078699196187
2021,BEN,MLT,0.0005714900553963492
2021,SLB,SVN,0.0005408864020385283
2021,SMR,SWE,0.0005405870930293583
2021,SMR,BGR,0.0005336764417515152
2021,GUF,LVA,0.0005262830675543909
2021,NRU,ITA,0.0005261381370101012
2021,BEN,LTU,0.0005188892109153189
2021,PLW,CYP,0.0005109751164201039
2021,MNE,FRA,0.0005064565335339682
2021,BEN,SVN,0.0005048071781313551
2021,STP,PRT,0.0004995260365859166
2021,FRO,SVK,0.0004933048009714833
2021,IOT,LVA,0.0004923072665141484
2021,GUF,AUT,0.0004909435803806808
2021,PLW,EST,0.00047851211061604383
2021,DOM,MLT,0.00045584493355512167
2021,STP,ROU,0.0004293582259652244
2021,WLF,CZE,0.00042080376364949843
2021,WLF,ROU,0.00040554089707373406
2021,NRU,NLD,0.00040367324801746936
2021,IOT,SVK,0.00040277668783806947
2021,FRO,PRT,0.0003930792427801576
2021,IOT,HUN,0.0003776823975063504
2021,FRO,CZE,0.00037535305648095135
2021,STP,POL,0.00037020281761345863
2021,PLW,AUT,0.0003628382345919027
2021,FRO,POL,0.00035819245346810954
2021,WLF,SWE,0.00035715497100682653
2021,MDA,SVN,0.00035567800328941795
2021,SMR,LUX,0.00034813225312819925
2021,PRK,SVN,0.0003394411138170441
2021,SYR,FRA,0.0003344464065690145
2021,BRN,ITA,0.00033270275419911824
2021,IOT,LUX,0.0003285083842862325
2021,SMR,HUN,0.00031696572812774576
2021,WLF,POL,0.00031207971212021175
2021,FRO,SWE,0.00031202382015025075
2021,ALB,EST,0.0003116554590266529
2021,NRU,ROU,0.000311448853111394
2021,FRO,EST,0.0003061830778282008
2021,PLW,PRT,0.00030543509386617065
2021,SLV,BEL,0.0002946805220574996
2021,PLW,HRV,0.00029391200580491635
2021,BRN,CZE,0.00029385468356046135
2021,SMR,PRT,0.00028981725818847244
2021,IOT,DNK,0.0002860936306812492
2021,NRU,CZE,0.00027727152057868134
2021,HTI,DEU,0.00026264113401838383
2021,GUF,SVK,0.0002546320181353129
2021,GUF,FIN,0.0002540533959143544
2021,GUF,DNK,0.0002528958067681993
2021,NRU,SWE,0.00025272977353383793
2021,GUF,HUN,0.00025198151669091247
2021,MNG,LUX,0.00025109249531142324
2021,PNG,ROU,0.0002477046639381815
2021,IOT,BGR,0.00024404074282192734
2021,NRU,POL,0.00024306827682809396
2021,GNQ,MLT,0.00023982778813763352
2021,WLF,CYP,0.00023036311811347574
2021,LKA,FIN,0.00022990145803839933
2021,FRO,CYP,0.0002281284221206875
2021,PRY,MLT,0.0002272235350484875
2021,IOT,FIN,0.00021899981745447571
2021,WLF,EST,0.0002155979311772463
2021,PLW,HUN,0.00021348720641628272
2021,GUF,LTU,0.00021269716017598822
2021,SMR,SVK,0.00020947029474145678
2021,GRL,SVN,0.00020939069016157267
2021,PLW,LVA,0.00020871377286444973
2021,GUF,BGR,0.00020863620574159466
2021,MTQ,DEU,0.0002038379367792923
2021,LIE,MLT,0.0002009941581684046
2021,SYR,LVA,0.0001965004499945702
2021,NRU,CYP,0.0001956523808730296
2021,IOT,LTU,0.00019529757563650492
2021,BEN,EST,0.0001881823696221364
2021,IOT,GRC,0.00018150542254851166
2021,NRU,EST,0.00017989027731808398
2021,REU,FRA,0.0001740629471986155
2021,REU,DEU,0.00017399911124866234
2021,FRO,HUN,0.00017328139101908745
2021,PLW,DNK,0.0001727978182627286
2021,GRL,EST,0.00017275038835874414
2021,GRL,LVA,0.00017222285733187837
2021,BEN,LVA,0.00017185515987901918
2021,PLW,SVK,0.000171775543083359
2021,GRL,ITA,0.0001716289028109595
2021,PLW,FIN,0.0001662320706932151
2021,REU,NLD,0.00016366559881584352
2021,SMR,SVN,0.00016235483042861134
2021,BEN,CYP,0.00015418262616145276
2021,SMR,GRC,0.00015270087695893123
2021,PLW,LTU,0.00015168566599767087
2021,GUF,GRC,0.00015045579709936538
2021,SYR,BGR,0.0001473972783450418
2021,MNE,SVK,0.00014329071623646263
2021,SYR,HRV,0.00014292975149745828
2021,MNE,IRL,0.0001426314168205034
2021,WLF,AUT,0.00013754162199886664
2021,GRL,BGR,0.00013672143466262655
2021,SMR,FIN,0.00013336586404986078
2021,WLF,HRV,0.0001309081368264051
2021,MNE,GRC,0.00012254128049456404
2021,EST,SWE,0.0001210584446186945
2021,LVA,SVN,0.00012042058047814739
2021,GRL,HRV,0.00012022796753481979
2021,GRL,CYP,0.00011748238931142084
2021,LBR,MLT,0.00011318907328333811
2021,NRU,PRT,0.00011074788939705819
2021,STP,GRC,0.00011047051410452863
2021,NRU,HRV,0.00010954228247385353
2021,MNG,MLT,0.00010848051489769315
2021,FRO,GRC,0.00010668605598660343
2021,PLW,BGR,0.00010543763813741834
2021,NRU,AUT,0.00010506082895331918
2021,DMA,IRL,0.00010095804310814058
2021,BRN,POL,9.929569459692371e-05
2021,HTI,IRL,9.632519244675896e-05
2021,WLF,PRT,9.563193872383015e-05
2021,WLF,HUN,9.555930655503548e-05
2021,WLF,LVA,9.274407947990701e-05
2021,PLW,GRC,9.070388658634819e-05
2021,MNE,CZE,8.707299889627888e-05
2021,MDA,IRL,8.358204253243276e-05
2021,GRL,POL,8.035039229248956e-05
2021,DMA,ESP,7.620539182549802e-05
2021,WLF,SVK,7.503923606019038e-05
2021,NRU,LVA,7.398042596441838e-05
2021,REU,IRL,7.387011144974728e-05
2021,WLF,DNK,7.177029165700115e-05
2021,GUY,MLT,7.07044866326136e-05
2021,WLF,FIN,6.893059199349899e-05
2021,NRU,HUN,6.743054887477325e-05
2021,SYR,SVN,6.64308358818885e-05
2021,WLF,LTU,6.642490008029026e-05
2021,GRL,SWE,6.071109257196373e-05
2021,NRU,FIN,5.8935160347278137e-05
2021,IOT,SVN,5.872877711039075e-05
2021,HTI,ESP,5.7624886870913096e-05
2021,DMA,FRA,5.657888351946386e-05
2021,REU,PRT,5.653598695548083e-05
2021,STP,FIN,5.579582376797924e-05
2021,ALB,SVK,5.551272800418708e-05
2021,VCT,MLT,5.542203508259073e-05
2021,GUF,SVN,5.465221872966061e-05
2021,HTI,FRA,5.2963055558258936e-05
2021,SLV,SVN,5.200554264976773e-05
2021,DMA,PRT,5.166717682070604e-05
2021,NRU,SVK,5.158380727883512e-05
2021,MDA,CZE,5.102479705669635e-05
2021,NRU,DNK,4.976137927456417e-05
2021,PNG,LVA,4.935356592606403e-05
2021,HTI,PRT,4.9296228385729616e-05
2021,NRU,LTU,4.8816056472470765e-05
2021,WLF,BGR,4.681560152013424e-05
2021,STP,LTU,4.435821632090034e-05
2021,WLF,GRC,4.0140157445976706e-05
2021,SLB,IRL,3.8169672546840654e-05
2021,DMA,BEL,3.814827563472594e-05
2021,NRU,LUX,3.701786433360744e-05
2021,NRU,BGR,3.679600936540669e-05
2021,HTI,BEL,3.6298983385985595e-05
2021,DMA,NLD,3.6090741058281175e-05
2021,HTI,NLD,3.4434577681555345e-05
2021,NRU,GRC,3.31014762356608e-05
2021,SYR,BEL,3.238248403659228e-05
2021,MNE,BEL,2.9135813536602472e-05
2021,REU,ITA,2.7305093021557352e-05
2021,PLW,SVN,2.6905543036837513e-05
2021,DMA,AUT,2.418538720585524e-05
2021,REU,CZE,2.41168110818722e-05
2021,STP,SVK,2.2373840750676446e-05
2021,STP,EST,2.1630500725973585e-05
2021,STP,ESP,2.0814300837120102e-05
2021,HTI,AUT,1.9300359725290318e-05
2021,STP,BEL,1.8259148280751555e-05
2021,LCA,MLT,1.80224531915104e-05
2021,STP,HRV,1.615799153829903e-05
2021,GRD,DEU,1.554266603567627e-05
2021,STP,SWE,1.4339870407690216e-05
2021,SLB,ITA,1.4108906011369413e-05
2021,STP,SVN,1.3696530281983733e-05
2021,STP,MLT,1.3491783404880309e-05
2021,PLW,LUX,1.2756616711033757e-05
2021,SLB,CZE,1.246147817842813e-05
2021,MNE,SWE,1.2218244874011988e-05
2021,WLF,SVN,1.1156063909513008e-05
2021,GRL,HUN,1.0869399361414461e-05
2021,REU,AUT,1.0286147966606337e-05
2021,MTQ,ESP,1.022107166809955e-05
2021,BDI,ITA,9.36125054769966e-06
2021,NRU,SVN,8.984694669640032e-06
2021,REU,POL,8.149250775322669e-06
2021,DMA,FIN,7.934503613701925e-06
2021,HTI,FIN,7.570398197404394e-06
2021,REU,BGR,7.487552327957663e-06
2021,REU,GRC,7.038156307953947e-06
2021,REU,SVK,6.745048830459417e-06
2021,WLF,LUX,6.055568758201828e-06
2021,STP,AUT,6.0023057366278434e-06
2021,GRD,IRL,5.700364882362359e-06
2021,DMA,ROU,5.583440427499437e-06
2021,REU,HUN,5.0659249785158344e-06
2021,DMA,DNK,4.993229699358869e-06
2021,ALB,SWE,4.733510461768383e-06
2021,STP,DNK,4.484851439892322e-06
2021,DMA,CZE,4.2638523555901186e-06
2021,SLB,POL,4.210826645466198e-06
2021,HTI,CZE,4.068188982990176e-06
2021,REU,HRV,3.9448695478095914e-06
2021,DMA,GRC,3.602611099372994e-06
2021,HTI,GRC,3.437291341772769e-06
2021,GRD,ESP,3.410145083806776e-06
2021,MTQ,ROU,3.331598065975119e-06
2021,STP,BGR,3.1666659460305186e-06
2021,GRD,FRA,3.134265650533502e-06
2021,FRO,FIN,3.108573335568518e-06
2021,GRD,PRT,2.9172689094625577e-06
2021,STP,HUN,2.7868286729393028e-06
2021,MTQ,AUT,2.5581857810939257e-06
2021,DMA,LTU,2.4606604342188007e-06
2021,BDI,NLD,2.289182489951208e-06
2021,GRD,BEL,2.1481135402173713e-06
2021,BDI,DEU,2.0566706515394034e-06
2021,GRD,NLD,2.0377811076101436e-06
2021,PLW,MLT,2.020514267820348e-06
2021,HTI,DNK,2.0004829241625194e-06
2021,MTQ,DNK,1.8727112241698688e-06
2021,BDI,FRA,1.8085688648479808e-06
2021,MTQ,LTU,1.5909048962390597e-06
2021,WLF,MLT,1.2921028953587567e-06
2021,GRD,AUT,1.1421632285428933e-06
2021,DMA,SVN,9.718292148800065e-07
2021,REU,SVN,9.715958020510492e-07
2021,NRU,MLT,8.974813538710072e-07
2021,FRO,MLT,8.218064384144012e-07
2021,HTI,SVN,7.247331699854937e-07
2021,MTQ,FRA,6.908363784110056e-07
2021,DMA,LVA,6.621784430223352e-07
2021,BDI,PRT,5.24488694119644e-07
2021,STP,LVA,4.999904709361717e-07
2021,DMA,BGR,4.7091833179012765e-07
2021,STP,CYP,4.6174150217266407e-07
2021,DMA,HRV,4.5664506763007467e-07
2021,GRD,FIN,4.4800359006638355e-07
2021,BDI,ROU,4.350992221257832e-07
2021,REU,EST,4.344132925690143e-07
2021,HTI,ROU,4.1068883367445224e-07
2021,MTQ,LVA,4.058936097505035e-07
2021,BDI,POL,3.9070070102067843e-07
2021,DMA,EST,3.5119755693283336e-07
2021,HTI,EST,3.3508149739145457e-07
2021,MTQ,BGR,3.0446552858541507e-07
2021,MTQ,HRV,2.9523735328671697e-07
2021,SMR,MLT,2.8652679607365066e-07
2021,GRD,CZE,2.40748666308332e-07
2021,GRD,GRC,2.0341319189078818e-07
2021,MTQ,SVN,1.3722030547812014e-07
2021,GUF,MLT,1.3646728452553788e-07
2021,GRD,DNK,1.1838525643189906e-07
2021,BDI,GRC,1.1518895221921932e-07
2021,IOT,MLT,9.328461425949897e-08
2021,MTQ,BEL,6.688963480065156e-08
2021,BDI,FIN,5.469589957965743e-08
2021,REU,LVA,4.372656103744813e-08
2021,GRD,SVN,4.2888505139004895e-08
2021,HTI,LVA,3.280310275894333e-08
2021,GRD,ROU,2.4303882977967233e-08
2021,GRD,EST,1.9829566408760498e-08
2021,BDI,SVN,1.4470429360531136e-08
2021,BDI,MLT,1.4254113610416551e-08
2021,BDI,LTU,1.2896272579322655e-08
2021,BDI,EST,8.547701714656612e-09
2021,BDI,SVK,3.656303603765829e-09
2021,BDI,ESP,3.401445643986156e-09
2021,BDI,BEL,2.9838859766885627e-09
2021,BDI,HRV,2.640517707685675e-09
2021,BDI,SWE,2.343402745797568e-09
2021,GRD,LVA,1.9412331317475187e-09
2021,BDI,AUT,9.808889023702008e-10
2021,BDI,DNK,7.329085186921646e-10
2021,BDI,LVA,5.282415795580949e-10
2021,BDI,BGR,5.174923804731138e-10
2021,BDI,HUN,4.554198733017195e-10
2021,BDI,CYP,7.545718847360237e-11
2021,GLP,LVA,2.1274961721322304e-21
2021,GLP,POL,1.6989721502250096e-21
2021,MAF,LVA,1.6817184852020516e-21
2021,MAF,POL,1.3429837892555757e-21
2021,GLP,EST,6.385600014603334e-22
2021,MAF,EST,5.047614996600553e-22
2021,GLP,DEU,1.8112244872117684e-22
2021,MAF,DEU,1.4317157139426906e-22
2021,STP,CZE,1.333712101493781e-22
2021,GLP,FRA,9.332037588428126e-23
2021,MAF,FRA,7.376680777447026e-23
2021,GLP,ROU,6.154103639135791e-23
2021,GLP,ESP,5.92588582447239e-23
2021,GLP,BEL,5.348284552244775e-23
2021,GLP,HRV,5.07169451155589e-23
2021,STP,IRL,4.876521018752639e-23
2021,MAF,ROU,4.8646244281658917e-23
2021,MAF,ESP,4.68422545842899e-23
2021,MAF,BEL,4.22764990764533e-23
2021,GLP,ITA,4.176640802308687e-23
2021,MAF,HRV,4.009014222024751e-23
2021,GLP,CYP,4.0048579417396036e-23
2021,MAF,ITA,3.3015025527646816e-23
2021,MAF,CYP,3.1657136306298033e-23
2021,GLP,SVK,2.5852764462800088e-23
2021,MAF,SVK,2.0435793239097476e-23
2021,GLP,CZE,2.0357925298744912e-23
2021,GLP,AUT,1.8031014585054737e-23
2021,MAF,CZE,1.609229654262989e-23
2021,GLP,NLD,1.5838121300893717e-23
2021,MAF,AUT,1.4252947164762128e-23
2021,MAF,NLD,1.2519534329357122e-23
2021,GLP,PRT,1.020761511067284e-23
2021,GLP,BGR,9.129941029169652e-24
2021,GLP,HUN,8.536246708823082e-24
2021,MAF,PRT,8.068797136420588e-24
2021,GLP,IRL,7.443574254618743e-24
2021,MAF,BGR,7.216929834553399e-24
2021,MAF,HUN,6.74763323784759e-24
2021,GLP,MLT,6.225396243148715e-24
2021,MAF,IRL,5.88391019637914e-24
2021,GLP,SWE,5.320497194941318e-24
2021,MAF,MLT,4.9209789784570755e-24
2021,GLP,GRC,4.66416826723541e-24
2021,GLP,FIN,4.658007126351856e-24
2021,MAF,SWE,4.20568487990791e-24
2021,GLP,SVN,4.171417216125547e-24
2021,MAF,GRC,3.686877605632229e-24
2021,MAF,FIN,3.6820074184847614e-24
2021,MAF,SVN,3.297373472976759e-24
2021,GLP,DNK,8.0038116025391565e-25
2021,MAF,DNK,6.326760113779498e-25
2022,GBR,FRA,8842.708399618974
2022,CHE,FRA,6501.701471492491
2022,SGP,FRA,3067.277576978629
2022,BIH,FRA,2794.6343492793735
2022,IRL,FRA,2234.409494416145
2022,JEY,FRA,1819.5727955070467
2022,HKG,FRA,1774.6756743712165
2022,HKG,IRL,1422.6117309952972
2022,PAN,IRL,1133.9626487422013
2022,VGB,IRL,1082.0191462629336
2022,NLD,ESP,1032.3586440389406
2022,LUX,NLD,1025.6758692250746
2022,GRC,CYP,995.8269243569862
2022,ASM,FRA,983.4793778227453
2022,SGP,IRL,946.5724075536623
2022,CHE,ESP,924.834037709264
2022,CYM,IRL,906.4611281486775
2022,LUX,ESP,852.2075770319989
2022,MKD,FRA,813.5977139792656
2022,GBR,ESP,782.1795029782122
2022,CHE,NLD,778.227181216027
2022,KAZ,FRA,772.6107512145708
2022,NLD,ITA,725.3819199038992
2022,CHL,IRL,715.796090762064
2022,LUX,DEU,705.6113129452268
2022,PAN,NLD,631.9965813952548
2022,DNK,DEU,618.9453878459025
2022,CHE,DEU,603.6745907280551
2022,CHL,ESP,596.8479642892052
2022,VGB,NLD,576.7223435360199
2022,BHR,FRA,522.6301152274508
2022,NGA,FRA,520.813716870307
2022,BMU,IRL,507.2209199046832
2022,CHE,SWE,496.2564481995181
2022,CHE,POL,480.1415193837668
2022,CHL,ITA,458.4949973068123
2022,LUX,FRA,450.9087797333133
2022,GBR,BEL,445.10139981043096
2022,TLS,FRA,421.8597126565957
2022,CYM,NLD,417.02172813597826
2022,NLD,CYP,403.89528133649304
2022,NLD,SWE,403.05674874394845
2022,GGY,FRA,400.64426340180256
2022,DNK,FRA,392.3039360145557
2022,NLD,FRA,392.2553218708573
2022,IMN,FRA,387.61606956417603
2022,SGP,DEU,382.059288247324
2022,NLD,DEU,380.2443532294133
2022,NLD,POL,359.9973226035873
2022,IRL,NLD,351.76938415286224
2022,IRL,ESP,351.54872931630945
2022,NLD,LUX,349.39305367028624
2022,FIN,DEU,341.2498695291651
2022,JEY,NLD,337.1226665752041
2022,GBR,LUX,328.88738687501797
2022,SGP,ESP,328.075000057209
2022,GBR,ITA,325.3703212491005
2022,GBR,DEU,321.74932797549445
2022,DNK,SWE,316.65808502576954
2022,MLT,NLD,313.7551940928545
2022,BMU,NLD,302.0250591306069
2022,PRY,IRL,286.8154588901897
2022,LUX,ITA,283.97548116295843
2022,DNK,POL,280.6632439678536
2022,NLD,BEL,279.2118711427627
2022,LUX,POL,277.5830990194636
2022,MLT,FRA,275.5903455770376
2022,KAZ,ESP,273.99984094744445
2022,ASM,IRL,267.51659821688577
2022,KAZ,IRL,265.95819806318434
2022,NLD,ROU,259.5525409672609
2022,MMR,FRA,255.58720527735935
2022,NLD,AUT,253.45196247125284
2022,PRT,FRA,249.10016114373866
2022,DNK,ESP,223.95659796576606
2022,LBR,FRA,220.67751317601247
2022,URY,IRL,217.19994330487572
2022,GIB,FRA,212.98773681459775
2022,KHM,FRA,212.80782459116236
2022,IRL,SWE,211.61443085052622
2022,FIN,FRA,207.74423882447672
2022,FIN,HRV,200.58728094371392
2022,FIN,POL,198.6062701261523
2022,JEY,ESP,198.227491201832
2022,HKG,DEU,198.18870474829663
2022,HKG,ESP,197.81451302167812
2022,JEY,DEU,193.33750978445195
2022,FIN,ESP,191.23053824434996
2022,FIN,NLD,191.04907834187367
2022,IRL,POL,190.9112241959531
2022,MUS,NLD,189.02538728633436
2022,CHE,ROU,185.29264976300107
2022,PAN,DEU,185.26014965800704
2022,IRL,DEU,185.23354340534007
2022,BIH,ESP,182.78666562239817
2022,SGP,POL,180.32701047658188
2022,CHE,BEL,180.05485897392415
2022,FIN,ROU,178.91594114677153
2022,UGA,FRA,177.73617141066183
2022,VGB,DEU,175.67330101792533
2022,BIH,NLD,175.18750219205702
2022,GTM,IRL,174.65427773932757
2022,NGA,NLD,174.0000000639665
2022,LUX,SWE,169.52763095207567
2022,SGP,SWE,166.0533480940826
2022,KAZ,ITA,164.79471479295557
2022,PRI,IRL,164.09582568280592
2022,CHE,AUT,162.09396470695464
2022,CYM,ESP,159.267918146441
2022,BHR,IRL,157.98767986084073
2022,PRT,ESP,157.20250083989592
2022,IRN,FRA,155.42332742451578
2022,GBR,POL,153.9048635732852
2022,GBR,AUT,151.8566062764157
2022,IRL,ITA,151.41626652531818
2022,CRI,IRL,150.3798782001276
2022,FIN,LVA,150.175786961131
2022,JOR,FRA,148.03146870753582
2022,CHE,HUN,142.9616715614689
2022,SWE,ESP,142.2140873543152
2022,HKG,SWE,142.06189048389916
2022,SWE,DEU,141.94733726605637
2022,SVK,NLD,140.26809563503966
2022,FIN,SWE,137.82782349438043
2022,NLD,HUN,136.26132169299558
2022,ISL,FRA,135.69620622555405
2022,PAN,POL,133.24346312854672
2022,LUX,CYP,132.53920138798907
2022,NLD,PRT,131.84325089946867
2022,CYM,DEU,130.94821099377322
2022,CHL,AUT,130.43188226907856
2022,HKG,NLD,129.62423835360698
2022,LIE,FRA,129.08276161594765
2022,FIN,BEL,128.11667295225507
2022,CHE,CYP,127.20927701391506
2022,SWE,NLD,125.89062352923656
2022,QAT,FRA,125.81400841867047
2022,TLS,IRL,124.72614984165
2022,KAZ,DEU,124.06629533523426
2022,HKG,POL,122.6281321428359
2022,VGB,POL,122.42877900461494
2022,SGP,NLD,121.18643820766627
2022,CHE,LUX,120.89982354955238
2022,CHE,CZE,119.09216710001826
2022,LVA,NLD,119.04521447904432
2022,CHE,EST,118.8704488960956
2022,PAN,BEL,118.41440090421173
2022,MLT,DEU,117.33115087336348
2022,NLD,EST,116.15590357364991
2022,CHE,MLT,114.38147755527312
2022,FIN,ITA,114.067976406314
2022,BHR,DEU,113.9113851396402
2022,JEY,POL,113.77654846157063
2022,PAN,SWE,109.38384362906909
2022,VGB,BEL,109.0376449694045
2022,BHR,NLD,108.70208220589289
2022,BGR,ESP,106.86939437639936
2022,BGR,ROU,105.68631598563215
2022,BHR,ESP,104.66412382232295
2022,NGA,ESP,104.37649929455796
2022,HKG,BEL,104.07168032531266
2022,IRL,ROU,102.74973396638971
2022,BGR,ITA,102.42195878899913
2022,VGB,SWE,101.70760220246463
2022,GRC,POL,100.97271268893174
2022,LUX,EST,100.26080623269655
2022,GTM,NLD,99.78021274489049
2022,BMU,DEU,99.18960139306446
2022,IRL,AUT,98.97751114377922
2022,MLT,POL,98.08058798827822
2022,PAN,LUX,97.67024081700737
2022,MCO,FRA,96.90522717358344
2022,HKG,HUN,96.66982915884218
2022,MLT,SWE,94.99437612297602
2022,AUT,POL,92.85454749878517
2022,ZAF,NLD,92.8311639519659
2022,BIH,POL,92.19452720317209
2022,FIN,CYP,91.97153055207232
2022,VGB,LUX,90.7917613052121
2022,PAN,CYP,89.95619327203126
2022,LUX,ROU,89.18001065513157
2022,LUX,AUT,87.17368943024414
2022,FIN,SVK,86.77381517587264
2022,ASM,ESP,85.71977495950803
2022,KAZ,NLD,85.46659901430111
2022,CYM,POL,85.00908237955119
2022,DOM,IRL,84.65571503524556
2022,JEY,SWE,84.10071671531392
2022,BRB,IRL,83.62734935495271
2022,CUW,IRL,82.20435979598162
2022,IRL,BEL,81.8494607272579
2022,FIN,EST,81.8170438526851
2022,BEL,ESP,81.74754798048852
2022,CYM,BEL,81.70582188183444
2022,VGB,CYP,81.0357035284049
2022,MMR,IRL,80.8048331628681
2022,PAN,EST,79.59228494088538
2022,AUT,FRA,79.53392448089403
2022,BIH,SWE,77.34194412958324
2022,NGA,ITA,76.40346202333856
2022,SGP,BEL,76.15594936589252
2022,HKG,LUX,75.60269649608554
2022,BMU,POL,75.09498129722698
2022,AUT,DEU,74.73493781829207
2022,PNG,IRL,74.39305140540854
2022,BMU,SWE,74.15259008310946
2022,BOL,IRL,73.47518883806582
2022,BEL,ITA,73.47436142086127
2022,BHS,IRL,73.04150160165239
2022,ASM,NLD,72.06919933417957
2022,LBR,NLD,72.04449357783135
2022,BIH,DEU,71.94789128243691
2022,VGB,EST,71.674722844229
2022,CHL,FRA,71.65694500887936
2022,IRL,LUX,71.50940447014807
2022,LKA,FRA,71.08660243848396
2022,NLD,MLT,70.65277414546644
2022,MHL,FRA,70.08710638225016
2022,IRL,CYP,69.7824169681415
2022,CHE,ITA,69.56683743513031
2022,GBR,SWE,69.4387306817048
2022,CYM,SWE,68.9643428444864
2022,KHM,IRL,68.67190889239411
2022,CYM,LUX,68.50692967620127
2022,MLT,ESP,68.28005597099795
2022,NLD,CZE,67.70469528849138
2022,FIN,IRL,67.3239241153931
2022,CPV,FRA,67.25818998714844
2022,CHE,FIN,66.98331467723976
2022,DNK,NLD,66.84419227029672
2022,AUT,CYP,66.62114853184605
2022,FIN,MLT,66.60886219247364
2022,DNK,HUN,65.93481129864827
2022,IRL,HUN,65.06877007311904
2022,MLT,CYP,64.46296048806784
2022,PAN,HUN,64.35404092127612
2022,IRL,EST,64.1432057901181
2022,VGB,ESP,63.977051486870906
2022,BIH,BEL,62.65766127968433
2022,PNG,FRA,62.280884126298616
2022,VGB,ITA,60.8248385904823
2022,LUX,PRT,60.57291130649601
2022,KWT,IRL,60.52306677287723
2022,PAN,ITA,60.33757778737814
2022,VGB,HUN,60.14700829245669
2022,LTU,POL,60.12741137188764
2022,AUT,EST,59.81701055314841
2022,SGP,HUN,59.63994933997073
2022,UGA,NLD,59.49592820230906
2022,PAN,ESP,59.28833340941799
2022,GRC,ROU,59.21394083800942
2022,BMU,LUX,58.450921201130335
2022,SVK,DEU,58.093539464751444
2022,GTM,DEU,57.96326749573502
2022,CHE,PRT,56.9645885577197
2022,CYM,CYP,56.53944159499122
2022,BMU,BEL,56.50127035882586
2022,GBR,HUN,56.394067685534324
2022,AUT,ROU,56.297627599713216
2022,FIN,CZE,56.07883238530417
2022,KAZ,AUT,55.36219220039859
2022,CHL,ROU,55.14094945852859
2022,SGP,AUT,55.12703945095807
2022,GBR,ROU,54.86028474933456
2022,JOR,IRL,54.730526719706575
2022,GIN,FRA,54.642662202242974
2022,LVA,SWE,54.6175522329421
2022,MLT,EST,54.60418798919149
2022,CHL,DEU,54.51090189533979
2022,JEY,BEL,53.93615526719684
2022,BMU,ESP,53.9092061734366
2022,SWE,ITA,53.57639559681587
2022,IRL,MLT,53.473229424138445
2022,CHE,LTU,53.41537302520705
2022,LAO,FRA,52.57400045860797
2022,PRY,NLD,52.482342896601025
2022,KWT,FRA,51.653374378244685
2022,CUW,NLD,51.54977271740835
2022,BMU,FRA,51.4478318992671
2022,JEY,CYP,51.00654144195434
2022,FIN,AUT,50.966831915819384
2022,GGY,NLD,50.88788895004648
2022,CYM,EST,50.03011813673323
2022,IRL,CZE,49.396074132959114
2022,LUX,GRC,48.844423715241234
2022,MKD,ESP,48.47925361148055
2022,LUX,HUN,47.90112850544278
2022,CYM,HUN,47.477002082446845
2022,DNK,AUT,47.00028748715604
2022,BRB,NLD,46.909503834219876
2022,HUN,ESP,46.90837505386946
2022,SVK,SWE,46.50217820847622
2022,VGB,FRA,46.31509353961543
2022,MUS,FRA,46.160898506125044
2022,DNK,BEL,46.11709962968829
2022,IRN,IRL,46.074394889630504
2022,HUN,ITA,45.849558721792306
2022,QAT,IRL,45.17029226713027
2022,HUN,FRA,44.76988582144986
2022,ASM,DEU,44.748469781609415
2022,MHL,IRL,44.72487982150532
2022,JEY,EST,44.52686601503396
2022,PAN,FRA,44.253814708361325
2022,CYM,ITA,44.22501160232545
2022,SVK,ESP,43.8920663797523
2022,SVK,POL,43.651788189357696
2022,WSM,FRA,42.45909456080544
2022,LTU,LVA,42.43634437392654
2022,KAZ,POL,41.94788706658847
2022,BMU,CYP,41.870107848782325
2022,HKG,ROU,41.82580803815724
2022,LVA,POL,41.57527895352394
2022,NLD,DNK,41.35124100735762
2022,NGA,POL,41.22368488088299
2022,DOM,FRA,41.06451300668656
2022,GBR,PRT,40.87928200436841
2022,LUX,BEL,40.50578369330912
2022,CYM,FRA,40.33903249994293
2022,NGA,DEU,40.29853017377027
2022,BIH,CYP,39.97825875522399
2022,FIN,LUX,39.891918056571654
2022,UZB,FRA,39.780571907054835
2022,CHL,POL,39.169686364464816
2022,GTM,ESP,39.09569546687102
2022,DNK,ITA,38.93248944447534
2022,TTO,IRL,38.71138016234708
2022,ASM,POL,38.174483534223825
2022,CHE,DNK,38.125739788657114
2022,BMU,EST,37.652260743135585
2022,HKG,AUT,37.2773283825129
2022,FIN,DNK,37.227430746551455
2022,DNK,LTU,37.168216342542145
2022,BMU,HUN,37.02694036531843
2022,GNQ,FRA,36.031161210596665
2022,BGR,NLD,35.87082532200282
2022,NLD,FIN,35.70786374130235
2022,BIH,EST,35.24654342012776
2022,SRB,HRV,34.604091094564644
2022,DOM,NLD,34.18356270094628
2022,LVA,DEU,33.77024131227083
2022,TLS,ESP,33.384773235148245
2022,NLD,LTU,32.95403592191765
2022,PAN,ROU,32.916853174856186
2022,DNK,FIN,32.78217666194489
2022,ASM,BEL,32.65356394104928
2022,GIB,NLD,32.63745410798126
2022,BHR,POL,32.227697590684635
2022,ASM,SWE,32.053874768782336
2022,FIN,PRT,32.04713273369565
2022,MUS,POL,31.949622487529428
2022,HKG,ITA,31.82424814136126
2022,HUN,LUX,31.53187735931005
2022,FIN,HUN,30.59689620567213
2022,FIN,BGR,30.589122890495524
2022,VGB,ROU,30.54659980713083
2022,ASM,ITA,30.506021307252137
2022,HKG,CYP,30.46000752733154
2022,BMU,ITA,30.38250360196256
2022,LTU,EST,30.29321635237223
2022,MLT,HUN,30.129437476389175
2022,PYF,FRA,30.033276993684407
2022,BMU,ROU,29.822450077445094
2022,BGR,AUT,29.808445648817877
2022,ROU,ESP,29.723952373414548
2022,LVA,CYP,29.477647978605038
2022,MUS,DEU,29.461838472866212
2022,CRI,NLD,29.451915358949908
2022,MLT,ROU,29.252561762836727
2022,MLT,BEL,29.217200625148973
2022,LVA,HUN,29.01239766414558
2022,IRL,FIN,28.531464209684742
2022,JEY,ROU,28.468669002704182
2022,SGP,ROU,28.439701981468744
2022,CHE,GRC,28.349807961783167
2022,HKG,EST,28.26694035136906
2022,HUN,BEL,28.194953777796215
2022,LVA,EST,28.178185142253895
2022,SVK,CYP,28.02779619770005
2022,GGY,ESP,27.579876490742397
2022,MLT,ITA,27.11895187381595
2022,SGP,CZE,26.990211777900797
2022,SVK,ITA,26.9840609137362
2022,HUN,DEU,26.88950629269195
2022,SLV,IRL,26.747333996927587
2022,IMN,NLD,26.47191190151646
2022,CHL,PRT,26.271088126585365
2022,BIH,ITA,26.128145432015142
2022,NLD,GRC,25.9396788739895
2022,SWE,POL,25.810849233708552
2022,LKA,IRL,25.511782574322968
2022,LTU,FRA,25.370416887808442
2022,BGR,DEU,25.33060090859137
2022,IMN,ESP,25.327663548629147
2022,DNK,CZE,25.316784356368256
2022,BIH,HUN,25.26038160645526
2022,KAZ,ROU,25.098720004742372
2022,PRY,DEU,24.9600192575194
2022,SVK,EST,24.74683066104349
2022,CPV,NLD,24.08050642186742
2022,JEY,ITA,23.48504326524122
2022,NGA,AUT,23.181850312069894
2022,BIH,ROU,23.046177746392345
2022,HKG,CZE,22.876123364874402
2022,PRI,ESP,22.750608663709848
2022,IRL,LTU,22.744812365791137
2022,HUN,PRT,22.53186634452285
2022,AUT,ITA,22.50981277602111
2022,SGP,FIN,22.488548855843117
2022,SVK,HUN,22.417030412554446
2022,DNK,PRT,22.33275072749113
2022,BIH,AUT,22.11766503886168
2022,BEL,DEU,22.100883550788247
2022,PRI,NLD,21.822263241861364
2022,ROU,NLD,21.65265503663219
2022,SRB,SVN,21.444309670550997
2022,BEL,AUT,21.40117393503499
2022,HUN,POL,21.30160528554659
2022,MUS,CYP,21.215558801418386
2022,VIR,IRL,21.14409955397162
2022,CHE,SVK,21.048495353852026
2022,CHE,SVN,20.93088133221106
2022,ASM,HUN,20.810117134208603
2022,GGY,POL,20.728961678048048
2022,SSD,FRA,20.677415747173068
2022,IRL,DNK,20.634153591646832
2022,CHL,HUN,20.53690212347773
2022,SVK,FRA,20.438838669039683
2022,LVA,FRA,20.403614538037736
2022,KAZ,BEL,20.37642946353184
2022,JEY,HUN,20.291284666554148
2022,GIN,NLD,20.189387571608812
2022,AUT,ESP,20.11796410800754
2022,NGA,CYP,19.83240421456543
2022,SWE,AUT,19.798584249192693
2022,CYM,ROU,19.6791711116321
2022,AUT,SWE,19.29526255760456
2022,GTM,POL,19.256343265019815
2022,GRC,ESP,19.00974304467796
2022,MKD,HRV,19.00455936471731
2022,MUS,EST,18.79216268332011
2022,LAO,IRL,18.68247690201577
2022,TLS,NLD,18.553785120003994
2022,FIN,LTU,18.54047838554779
2022,HKG,MLT,18.515523924922675
2022,DNK,EST,18.370641810049904
2022,SGP,LTU,18.23030497633736
2022,GGY,DEU,18.216780465981852
2022,JEY,AUT,18.207780310474106
2022,SGP,ITA,18.10262229506347
2022,GRC,SWE,18.06763931307324
2022,GGY,SWE,17.98395132704413
2022,NLD,IRL,17.894237676608785
2022,CUW,DEU,17.689168609677452
2022,GRC,HRV,17.501427418015425
2022,ZAF,POL,17.4816725717309
2022,BMU,AUT,17.323006066519774
2022,NGA,EST,17.279067150035733
2022,MNG,FRA,17.154208322429284
2022,CHE,HRV,17.08625910105883
2022,AUT,BEL,17.068797493807367
2022,MMR,ESP,17.06176504668414
2022,DOM,DEU,16.95044551278621
2022,LBR,ESP,16.923189141289374
2022,LUX,HRV,16.904009067745754
2022,LVA,ROU,16.860257112051443
2022,BHR,SWE,16.8509484692599
2022,VUT,FRA,16.61867874336282
2022,GBR,CYP,16.51811246446015
2022,SRB,HUN,16.45295530332785
2022,NGA,BEL,16.412127909266264
2022,BRB,DEU,16.234373248187747
2022,HKG,HRV,16.22204769290028
2022,LUX,LTU,16.200463876130303
2022,SGP,PRT,15.971420098299772
2022,BHR,BEL,15.958716163372314
2022,SGP,MLT,15.95683048511386
2022,MDG,FRA,15.913948628578854
2022,SVK,ROU,15.903034119794205
2022,KWT,ESP,15.549197824310886
2022,BMU,MLT,15.48071672049443
2022,NLD,HRV,15.472128864986566
2022,TLS,DEU,15.439823411382772
2022,SGP,LUX,15.42580277350552
2022,GBR,GRC,15.417875739099378
2022,LBR,POL,15.39000317349885
2022,KAZ,SWE,15.35653676180345
2022,KAZ,PRT,15.262577732204665
2022,PAN,HRV,15.203215429028763
2022,HKG,PRT,15.194912465874951
2022,KAZ,HUN,15.10596785091885
2022,PAN,PRT,15.101854814208705
2022,IRL,PRT,15.034455516955502
2022,ASM,AUT,15.00717507336812
2022,ESP,HUN,14.923265581828629
2022,MKD,BEL,14.867496294028916
2022,LBR,DEU,14.82407564162662
2022,BGR,FRA,14.748862200304542
2022,FIN,GRC,14.709242171589024
2022,DNK,SVK,14.631377242952379
2022,GEO,IRL,14.62578864470754
2022,VGB,PRT,14.487338939134801
2022,HKG,FIN,14.452545961745082
2022,GIB,ESP,14.404655335972086
2022,DNK,CYP,14.321960868210207
2022,UGA,ESP,14.30090300800831
2022,ASM,CYP,14.292177931832187
2022,GEO,FRA,14.275864611694788
2022,GTM,ITA,14.255965666200566
2022,TLS,POL,14.242256915222047
2022,BMU,CZE,14.163712828121783
2022,BEL,NLD,14.122503873106446
2022,GBR,SVK,14.078907964016597
2022,IMN,POL,14.005511291306323
2022,VGB,HRV,13.99769617512388
2022,CHE,IRL,13.830159998222351
2022,LUX,IRL,13.740673229644969
2022,SGP,SVK,13.707005822419896
2022,MDA,FRA,13.4688349378595
2022,PRY,BEL,13.445853114460515
2022,ZAF,DEU,13.432944592204386
2022,SWE,HUN,13.369203786732083
2022,HUN,AUT,13.343564778748952
2022,GRC,FRA,13.341355980233505
2022,GTM,BEL,13.274587163656074
2022,FIN,SVN,13.249899984623116
2022,HKG,LTU,12.936895921244282
2022,PRY,ESP,12.848504589143264
2022,FSM,FRA,12.84129461988783
2022,BIH,HRV,12.823118590085794
2022,PAN,LTU,12.725238152294521
2022,WSM,IRL,12.722314985048785
2022,CHL,GRC,12.71199636475633
2022,TLS,BEL,12.687412461387243
2022,MKD,SVN,12.577337728599028
2022,GIB,POL,12.548999893641376
2022,ASM,EST,12.545200904410802
2022,GBR,EST,12.499530998223538
2022,TTO,NLD,12.478392914542605
2022,SRB,SWE,12.46461569732899
2022,ASM,ROU,12.450253290864625
2022,UZB,IRL,12.449992860360583
2022,MKD,POL,12.447719822651498
2022,PRY,LUX,12.356268124430688
2022,KHM,ESP,12.28235956774889
2022,SYC,FRA,12.24008656661629
2022,UGA,POL,12.116961109867551
2022,GBR,FIN,12.073817621366224
2022,DJI,FRA,11.972412308913702
2022,JEY,GRC,11.758288892196951
2022,MUS,ESP,11.754667193861247
2022,GGY,BEL,11.735580065130101
2022,IMN,DEU,11.6776404802129
2022,VGB,LTU,11.67158840892023
2022,BHR,HUN,11.655771055618258
2022,CYM,HRV,11.609718305162856
2022,GTM,LUX,11.529339906677885
2022,IRL,GRC,11.528905050606935
2022,MUS,HUN,11.457797640943658
2022,GBR,CZE,11.442458637833969
2022,GBR,DNK,11.367975176596435
2022,TLS,SWE,11.35615928719192
2022,GUY,IRL,11.316816345726728
2022,UGA,DEU,11.294619570249777
2022,SWE,PRT,11.290371174146294
2022,HKG,SVK,11.274436457489465
2022,IMN,SWE,11.239426377729762
2022,VGB,AUT,11.19491052106563
2022,ASM,LUX,11.17382341094855
2022,GNQ,NLD,11.141070916254401
2022,GIB,SWE,11.138418646142686
2022,GIB,DEU,11.117224632165735
2022,CYP,ESP,11.113497233463564
2022,CUW,POL,11.107593781378588
2022,BRN,FRA,11.033675140121137
2022,KAZ,GRC,11.023634247042862
2022,SGP,HRV,10.99901016184869
2022,GGY,CYP,10.78467131520436
2022,CHL,DNK,10.740596934052082
2022,JEY,PRT,10.708973849970006
2022,ROU,POL,10.686295138935781
2022,BIH,SVN,10.665393427964915
2022,NGA,ROU,10.661070350023483
2022,LVA,ITA,10.65592826574762
2022,PRI,DEU,10.627121731962644
2022,HKG,LVA,10.61275384461953
2022,MCO,NLD,10.503557952055903
2022,VCT,IRL,10.444007394512697
2022,GRC,BGR,10.399243632026923
2022,GRC,LUX,10.385988263493843
2022,MKD,DEU,10.376155356334328
2022,ZAF,CYP,10.3609506070355
2022,PRY,POL,10.33367680068851
2022,SWE,GRC,10.330222671144686
2022,PRY,HUN,10.316463911190189
2022,CYM,PRT,10.29662213462612
2022,BEL,HUN,10.278395279569795
2022,CYP,SWE,10.274206024524181
2022,DOM,ESP,10.252955811915902
2022,CRI,DEU,10.250750451166457
2022,GRC,MLT,10.225573453257004
2022,NGA,SWE,10.213883569850585
2022,PYF,IRL,10.176687138656495
2022,PAN,LVA,10.108341787273135
2022,GBR,SVN,10.048512301037254
2022,NGA,HUN,10.03849460597552
2022,MUS,IRL,10.020709309511082
2022,SGP,GRC,10.01848891653034
2022,BGR,POL,9.95176686958414
2022,CHE,BGR,9.88154256688125
2022,LVA,ESP,9.857779864086504
2022,BRB,POL,9.839828926363836
2022,TLS,ITA,9.81394518521138
2022,PRI,LUX,9.794813797956662
2022,PRI,ITA,9.716157184199059
2022,PAN,AUT,9.609791812370197
2022,PRT,ITA,9.592049925742092
2022,GGY,EST,9.569601386439063
2022,IRN,ESP,9.523047429712927
2022,AUT,LTU,9.496099261112441
2022,SGP,EST,9.494399044230988
2022,LUX,CZE,9.436245881289837
2022,BHR,AUT,9.398533844316251
2022,ZAF,EST,9.338325675976424
2022,SWE,ROU,9.319268046091286
2022,VGB,LVA,9.248766409928496
2022,LUX,SVN,9.186086179428083
2022,CUW,BEL,9.092497610193528
2022,GRC,CZE,9.088100832998137
2022,NLD,SVN,9.081689145815142
2022,MLT,LTU,9.053904499693399
2022,NLD,BGR,9.03849000052322
2022,IMN,BEL,9.021627568195939
2022,BMU,LTU,8.973882356532934
2022,GRC,AUT,8.963922173311405
2022,CUW,SWE,8.88025497965141
2022,SGP,CYP,8.82902689405987
2022,PRT,IRL,8.826403873906077
2022,CHE,LVA,8.787353729476976
2022,MUS,ITA,8.732945158963165
2022,BHR,ROU,8.722405155782484
2022,ROU,PRT,8.70934536719618
2022,KWT,ITA,8.647383674826255
2022,NGA,IRL,8.615728783984643
2022,GTM,CYP,8.602918192812707
2022,MUS,BEL,8.569412579240325
2022,LVA,LTU,8.55944411019116
2022,JEY,LUX,8.549522772544137
2022,BEL,ROU,8.540427746461676
2022,JOR,ESP,8.535856539395747
2022,GTM,SWE,8.471769041758838
2022,TLS,HUN,8.435388642967474
2022,BRB,BEL,8.393225279852125
2022,PRI,BEL,8.343569342542262
2022,GTM,HUN,8.32225595991536
2022,CPV,POL,8.312218268114112
2022,HKG,DNK,8.300938738514532
2022,ISL,ESP,8.263079580978584
2022,ZAF,SWE,8.24103284184936
2022,ROU,HUN,8.188283550670093
2022,BMU,HRV,8.16038104808591
2022,LBR,CYP,8.157866391455995
2022,CYP,FRA,8.12512871557049
2022,CYM,LTU,8.099750695242761
2022,LVA,BEL,8.092635093518203
2022,IRL,SVN,7.9826006277661605
2022,ZAF,ESP,7.898440883921347
2022,BEL,POL,7.861959555949543
2022,BMU,PRT,7.8510201212163375
2022,CRI,BEL,7.8331468950231775
2022,PRY,ITA,7.786944871605152
2022,BRB,SWE,7.771160361787688
2022,SVK,BEL,7.7295245901579985
2022,MLT,LUX,7.705208497530469
2022,BHR,CYP,7.704711778959653
2022,LIE,ESP,7.679217977784384
2022,CYM,CZE,7.639870191522074
2022,BMU,FIN,7.555242669372063
2022,URY,DEU,7.532595135614346
2022,MMR,DEU,7.502031522089988
2022,CUW,LUX,7.460683180642688
2022,AUT,HUN,7.451146153327991
2022,LTU,FIN,7.441507135681187
2022,PRT,DEU,7.404699375682881
2022,LBR,BEL,7.3813889440869245
2022,MUS,SWE,7.3582430153220875
2022,GTM,EST,7.3102263605442035
2022,CUW,ESP,7.308822641775419
2022,CYM,LVA,7.299296096939551
2022,MMR,BEL,7.24889024678821
2022,LBR,EST,7.209959497345568
2022,JEY,LTU,7.171213308574841
2022,CRI,LUX,7.157134942382617
2022,BHR,GRC,7.12589843228783
2022,QAT,ESP,7.117842419155184
2022,CHL,CZE,7.097593687981678
2022,CUW,CYP,7.052609144028148
2022,BRB,LUX,6.993135229022292
2022,MNG,IRL,6.9572985338455755
2022,MCO,ESP,6.923297032238632
2022,BEL,FRA,6.8872980251269755
2022,BHR,PRT,6.828526840912759
2022,GIB,BEL,6.8131245764776045
2022,MLT,PRT,6.805635359054931
2022,GIB,CYP,6.792197469944569
2022,BHR,LUX,6.780026573343442
2022,DOM,POL,6.7699875985812845
2022,SGP,SVN,6.7082458781218985
2022,GRC,HUN,6.703796652532545
2022,PRI,POL,6.695472885595684
2022,BRB,ESP,6.6946119922197616
2022,BGR,PRT,6.6878061024837745
2022,CHL,SWE,6.658763781650823
2022,CYM,AUT,6.635173350640826
2022,UGA,CYP,6.630552741381326
2022,CUW,FRA,6.629759299850686
2022,IRL,SVK,6.6182658186986245
2022,BRN,IRL,6.616277408169788
2022,PAN,BGR,6.609693012946463
2022,URY,ESP,6.59166368602977
2022,BMU,DNK,6.556029130543407
2022,CYP,ROU,6.434716314254738
2022,CYP,LUX,6.433076411633354
2022,KAZ,LUX,6.421872606439378
2022,SSD,NLD,6.418676351604422
2022,PAN,GRC,6.393134794027834
2022,DOM,BEL,6.342408521117045
2022,CYP,MLT,6.333715551055595
2022,MMR,POL,6.328133795756179
2022,PRI,FRA,6.275930665342912
2022,BRB,CYP,6.248023556158704
2022,SGP,LVA,6.244804572369172
2022,PAN,CZE,6.239712092788338
2022,CUW,EST,6.223102775351831
2022,VGB,GRC,6.222936950469216
2022,IMN,CYP,6.135913979599768
2022,VGB,CZE,6.109775612086488
2022,NLD,LVA,6.050083985485228
2022,MKD,AUT,6.048725345358742
2022,MKD,SWE,6.043398643572206
2022,URY,NLD,6.034781662190189
2022,GIB,EST,6.032136662411582
2022,VGB,BGR,5.9961632477593385
2022,GNQ,ESP,5.942250849156914
2022,SRB,POL,5.937163970277128
2022,MLT,GRC,5.934713103844858
2022,PAN,SVK,5.927008095007041
2022,HUN,ROU,5.869673705247834
2022,UGA,EST,5.849080368339526
2022,IRL,HRV,5.8418329405936475
2022,SGP,DNK,5.841597908840213
2022,LKA,ESP,5.796795107456963
2022,CHL,HRV,5.7716968281497305
2022,DNK,ROU,5.723393000313251
2022,MMR,SWE,5.717911001582858
2022,SVK,AUT,5.693645597485396
2022,PRY,CYP,5.660869364665193
2022,ZAF,FRA,5.630769488491536
2022,TLS,AUT,5.619114806868454
2022,CRI,POL,5.589933671680586
2022,UGA,BEL,5.584679161115213
2022,BRB,EST,5.5068388193541455
2022,CRI,HUN,5.501871467180416
2022,BMU,LVA,5.48569885012962
2022,VGB,SVK,5.469898393396808
2022,MMR,NLD,5.468655826128648
2022,IRN,NLD,5.460122425266758
2022,IMN,EST,5.4339701583094255
2022,CYP,AUT,5.432812478558674
2022,GGY,ROU,5.386512206875511
2022,KHM,BEL,5.369220930172852
2022,CYP,CZE,5.346302936608456
2022,MDG,NLD,5.327968909909938
2022,NGA,PRT,5.286444982679842
2022,PRI,SWE,5.2759249753218835
2022,BIH,LTU,5.261091963830581
2022,NLD,SVK,5.235898991942006
2022,GUY,NLD,5.2060759151606995
2022,AUT,NLD,5.177010949662775
2022,LUX,BGR,5.134172400187084
2022,SLB,FRA,5.12271761512203
2022,CPV,ESP,5.085437532934175
2022,LBR,SWE,5.078972581822538
2022,LUX,FIN,5.048287457074746
2022,GGY,ITA,5.048258184346533
2022,CUW,ITA,5.044176971874047
2022,HKG,SVN,5.039690030867413
2022,MMR,HUN,5.037947928203681
2022,SWE,FRA,5.022336132425792
2022,BIH,GRC,5.021460047230364
2022,PRT,HUN,4.958059574919063
2022,BEL,PRT,4.957218917852417
2022,CYP,POL,4.954206026167214
2022,KAZ,HRV,4.9402638790796
2022,PRY,EST,4.9283772576443585
2022,DOM,LUX,4.921516876739243
2022,VUT,IRL,4.917944741593375
2022,CYM,GRC,4.899199411441714
2022,CUW,HUN,4.886287561143744
2022,IRN,DEU,4.8615816644613865
2022,ZAF,HUN,4.812782657185972
2022,LUX,DNK,4.8026370077785705
2022,LBR,HUN,4.796805798093558
2022,IRL,BGR,4.780705014488298
2022,GTM,AUT,4.777432987695481
2022,PRT,BEL,4.773306019834334
2022,TTO,DEU,4.764130202177201
2022,GTM,ROU,4.760684562974717
2022,MCO,POL,4.744181833508677
2022,GBR,HRV,4.724301830585983
2022,BHR,HRV,4.687461766183729
2022,BRB,ITA,4.676911347606234
2022,SRB,FRA,4.66965087338878
2022,BHR,ITA,4.666946853823776
2022,CRI,ESP,4.663165030840134
2022,CRI,ITA,4.6601439892238945
2022,BRB,HUN,4.638332059529403
2022,KWT,SWE,4.6259740994239
2022,ROU,FRA,4.61298342883085
2022,GRC,SVN,4.609214018671238
2022,BIH,CZE,4.592568455658012
2022,PRT,CZE,4.585893767012681
2022,SRB,DEU,4.5752787050415895
2022,ZAF,ROU,4.550154157670174
2022,ROU,DEU,4.546586190425757
2022,IRN,BEL,4.532506003327312
2022,MLT,AUT,4.526373848755141
2022,CPV,DEU,4.512119549334004
2022,CYM,BGR,4.479436955387161
2022,BHR,EST,4.473059651818305
2022,KAZ,CYP,4.470794140025808
2022,GRC,FIN,4.4630208365919195
2022,LVA,SVK,4.462420917494612
2022,HKG,GRC,4.442904350496217
2022,KWT,AUT,4.441597440739592
2022,GTM,PRT,4.432632602068528
2022,PRI,AUT,4.388766563506645
2022,MCO,SWE,4.374094202124583
2022,PAN,DNK,4.354765418251073
2022,TLS,ROU,4.354074194073264
2022,PRI,ROU,4.352465491024814
2022,PRI,HUN,4.308418093926513
2022,JEY,CZE,4.29627570545348
2022,BIH,SVK,4.291912698580116
2022,CYM,SVK,4.291456085730337
2022,CHL,CYP,4.282074341550667
2022,GGY,HUN,4.279710942261393
2022,KHM,DEU,4.275645135873492
2022,BGR,HUN,4.271924601037101
2022,VGB,DNK,4.246923909651094
2022,TLS,CYP,4.228644632407031
2022,ZAF,ITA,4.217379434220304
2022,ZAF,BEL,4.199938941195019
2022,VGB,MLT,4.1748991736666685
2022,MCO,DEU,4.172164887532741
2022,MKD,HUN,4.164194838386624
2022,IRN,POL,4.159395089009506
2022,CHL,BEL,4.136212937981351
2022,PAN,MLT,4.129207116158424
2022,SYC,NLD,4.1291487356933905
2022,SRB,CYP,4.116666933373138
2022,CPV,PRT,4.108704148869837
2022,CHL,NLD,4.0996547706782795
2022,MHL,ESP,4.049267906797175
2022,GIN,ESP,4.045237251240183
2022,GIN,POL,4.041131054816762
2022,CHL,FIN,4.0402801282277725
2022,HKG,BGR,3.979365036676845
2022,TLS,LUX,3.9729990740072365
2022,KAZ,DNK,3.9511705573743687
2022,GTM,FRA,3.9241464626810707
2022,KHM,POL,3.9204997283020653
2022,KWT,HUN,3.9112718691814266
2022,JEY,SVN,3.8824648401472692
2022,SVK,PRT,3.878031751684506
2022,JEY,HRV,3.861464778341353
2022,BMU,GRC,3.8286792455490692
2022,IRL,LVA,3.817998346970236
2022,ASM,HRV,3.817437432014519
2022,LUX,LVA,3.807066618844477
2022,BIH,FIN,3.7862818606821316
2022,VGB,FIN,3.7472512232974653
2022,PAN,FIN,3.742764593784983
2022,LBR,IRL,3.7366471930983156
2022,SWE,HRV,3.7334776473812616
2022,SVK,LTU,3.7217383521172174
2022,SVK,GRC,3.7155979781030846
2022,KHM,HUN,3.710688735759403
2022,TLS,EST,3.6966370599192766
2022,AUT,GRC,3.6908796011414444
2022,DOM,HUN,3.6904310498652153
2022,JOR,BEL,3.670810388527667
2022,SRB,EST,3.6675789845361892
2022,GIN,DEU,3.6627996240376044
2022,IMN,HUN,3.652136208766254
2022,CHL,LVA,3.6491136396742254
2022,ZAF,IRL,3.632963886374098
2022,JEY,FIN,3.632131907634071
2022,LBN,IRL,3.617659809334563
2022,CYP,HUN,3.600338669260455
2022,IRN,SWE,3.594811415979013
2022,PNG,ESP,3.583006753182773
2022,KWT,ROU,3.537828192961121
2022,NGA,GRC,3.5363875220106964
2022,FSM,IRL,3.522308981264093
2022,WSM,ESP,3.510342133305011
2022,KWT,POL,3.5010708634116643
2022,ASM,PRT,3.500490427679599
2022,CRI,CYP,3.483494490942143
2022,IMN,ROU,3.4471583183700902
2022,BIH,PRT,3.4468358394622536
2022,LKA,SWE,3.4443328692803443
2022,AUT,PRT,3.4439057580440062
2022,BGR,GRC,3.4165235379007703
2022,BMU,BGR,3.41132694865537
2022,BMU,SVK,3.40510309478137
2022,SSD,ESP,3.4026407518936543
2022,PRT,POL,3.400510170336092
2022,LBR,ITA,3.399169302913374
2022,GRC,DNK,3.397050951937324
2022,BHS,DEU,3.379713432718549
2022,GIB,ROU,3.3685813127936357
2022,CHL,MLT,3.359593126650998
2022,BGR,BEL,3.336922758264235
2022,BRB,FRA,3.334740131492876
2022,UGA,HUN,3.3332913898580365
2022,GTM,GRC,3.3061915383483482
2022,EST,DEU,3.291134552681671
2022,GRC,ITA,3.290732354898068
2022,ZAF,LUX,3.2753389596686953
2022,DOM,CYP,3.248776847524771
2022,SRB,ROU,3.23968883157265
2022,LKA,DEU,3.2333291713706216
2022,ZAF,MLT,3.2261843006431743
2022,IMN,ITA,3.1807784222544493
2022,KHM,SWE,3.119472544305034
2022,UGA,SWE,3.117881243045756
2022,PRY,SWE,3.1105290107219945
2022,BOL,ESP,3.090655082042585
2022,ASM,SVK,3.0817669710862816
2022,GGY,AUT,3.069126453158154
2022,CRI,EST,3.0662645675864075
2022,BGR,SWE,3.0655222463134617
2022,MUS,LTU,3.0634997754149467
2022,GIB,ITA,3.0613003778013024
2022,ZAF,CZE,3.058463470294098
2022,BGR,HRV,3.0517126491654905
2022,GBR,BGR,3.0482639050312046
2022,LAO,ESP,3.0379777012418514
2022,EST,NLD,3.0170113687706466
2022,CYM,DNK,3.0131467869422357
2022,GTM,HRV,3.0073293479074086
2022,CYM,MLT,2.9951165089165253
2022,LIE,POL,2.9938160764449293
2022,JEY,SVK,2.9935510201119584
2022,NGA,LTU,2.9907209782964697
2022,IRN,HUN,2.9834973212661184
2022,KWT,DEU,2.976236547473914
2022,BHR,CZE,2.9726812579108635
2022,MDG,ESP,2.968533788274508
2022,ASM,CZE,2.9312915979924754
2022,IMN,AUT,2.931134014202179
2022,UGA,IRL,2.92778371706827
2022,LKA,POL,2.9262152826543066
2022,PRY,ROU,2.925546738823339
2022,PRT,AUT,2.9244642178498443
2022,GRC,DEU,2.910495718717489
2022,BEL,GRC,2.8975420837399817
2022,BGR,DNK,2.895099965082669
2022,UZB,ESP,2.8678928501573453
2022,KWT,LUX,2.846806709722735
2022,MMR,ITA,2.8464992425376883
2022,PRI,CYP,2.8382117630561203
2022,JOR,DEU,2.815089134571778
2022,CHL,LUX,2.8046224994990445
2022,DOM,EST,2.8031278405247875
2022,CUW,ROU,2.800316098234031
2022,UGA,ITA,2.7774564060209443
2022,MUS,ROU,2.7713445342918717
2022,ZAF,AUT,2.753294223311895
2022,PRY,HRV,2.746749655442761
2022,ROU,ITA,2.737354143399253
2022,URY,ITA,2.729347620727281
2022,KAZ,EST,2.714419722953047
2022,CPV,CYP,2.7067136840955004
2022,LIE,NLD,2.7005368769338216
2022,BGR,CYP,2.700470310541964
2022,PRY,FRA,2.6970311660317066
2022,MLT,BGR,2.6747114354793786
2022,DOM,SWE,2.6745571125279977
2022,HUN,SWE,2.6676110550223857
2022,CYP,FIN,2.6664703362424933
2022,JOR,HUN,2.652185344225091
2022,PRI,MLT,2.635444725457096
2022,JOR,POL,2.6149739801976644
2022,MCO,BEL,2.613914767344302
2022,PRI,CZE,2.597187100665022
2022,PRI,EST,2.5954076579284773
2022,CYM,FIN,2.5596880279626486
2022,TTO,BEL,2.554570768548953
2022,MMR,AUT,2.5544706399540362
2022,LIE,BEL,2.5508385892488015
2022,ISL,BEL,2.545195862347981
2022,KAZ,SVN,2.5358036411331724
2022,SGP,BGR,2.523260944176937
2022,ISL,POL,2.5057423866917716
2022,LTU,ESP,2.4886152497235554
2022,ASM,LTU,2.4747856376912805
2022,JEY,BGR,2.47448514743417
2022,PRT,SWE,2.4614065350826593
2022,ASM,GRC,2.4496109833727617
2022,LIE,SWE,2.4485965035643247
2022,PRK,FRA,2.4456225139457497
2022,GIB,HUN,2.427666667963069
2022,GRC,LTU,2.424303785111729
2022,LIE,DEU,2.4170382838033877
2022,ASM,LVA,2.414742800795254
2022,QAT,BEL,2.4139885165221924
2022,TTO,POL,2.4093550318339134
2022,GNQ,DEU,2.40904616810942
2022,BRB,ROU,2.4089661311298314
2022,BHR,SVN,2.4017377099925024
2022,CPV,EST,2.389762559207001
2022,SRB,ESP,2.383901490412563
2022,GNQ,POL,2.380253893314596
2022,SLB,IRL,2.376693975280279
2022,BHS,ESP,2.3636656205052993
2022,CHL,EST,2.3528483385792818
2022,MCO,CYP,2.3522899806699233
2022,URY,HUN,2.347731886235949
2022,LVA,PRT,2.345879429177651
2022,TLS,PRT,2.3348370959953995
2022,KAZ,CZE,2.327471521870186
2022,KAZ,FIN,2.3238589140366
2022,DOM,ITA,2.3237013609155883
2022,PYF,ESP,2.308558639268276
2022,BHR,MLT,2.298330797507808
2022,ISL,DEU,2.2817957294919213
2022,PRY,PRT,2.2683514361393247
2022,GIN,CYP,2.2561099788451537
2022,TTO,LUX,2.2511266142504485
2022,MMR,LUX,2.2454296855638103
2022,CHL,SVK,2.222624259063609
2022,ASM,FIN,2.2121231879986167
2022,BMU,SVN,2.203291961035256
2022,LCA,IRL,2.203231430769398
2022,GBR,LTU,2.197753623842449
2022,PRY,AUT,2.1908286210179195
2022,URY,POL,2.1883744351191794
2022,TTO,ESP,2.181215729351047
2022,CPV,BEL,2.180971947707633
2022,KWT,BEL,2.180911183118315
2022,KAZ,LVA,2.1683341816179817
2022,ZAF,LTU,2.1630951002221726
2022,EST,ESP,2.162154722846879
2022,MLT,CZE,2.15953824950507
2022,KAZ,SVK,2.157959190186707
2022,SYC,ESP,2.1491725448762664
2022,MLT,FIN,2.1343985636393805
2022,CYP,DNK,2.104131816212271
2022,BGR,LVA,2.10412259048196
2022,ROU,CYP,2.103492488717991
2022,MCO,EST,2.0873145343140873
2022,SWE,SVN,2.0770765720678086
2022,BIH,BGR,2.0767613084775047
2022,KWT,MLT,2.063499618419722
2022,AUT,BGR,2.0534055074645217
2022,GIN,EST,1.9921053261677057
2022,MMR,ROU,1.956762957094372
2022,QAT,POL,1.954667187080881
2022,BHR,LVA,1.9454139360144178
2022,BIH,LUX,1.926938313967209
2022,LBR,AUT,1.9264551256992892
2022,JOR,SWE,1.888778088608176
2022,LKA,HUN,1.8827491545770325
2022,ROU,EST,1.8728618255395877
2022,DNK,BGR,1.8687882258111734
2022,KWT,CZE,1.8556999037703048
2022,LBR,ROU,1.8503694559716066
2022,NGA,FIN,1.8372844981085614
2022,BHS,HUN,1.8348705180817553
2022,BHS,NLD,1.8323290909132877
2022,BEL,CYP,1.825581881948336
2022,ROU,IRL,1.8224585162601212
2022,GUY,DEU,1.8166334687275851
2022,BGR,EST,1.8091043343932867
2022,PRY,LVA,1.8007693430304323
2022,CRI,SWE,1.7959682985877048
2022,GIN,BEL,1.7952611647989094
2022,GBR,LVA,1.789357977461662
2022,LKA,BEL,1.7628887846939616
2022,LVA,GRC,1.7625748542911
2022,PAN,SVN,1.7546494224176514
2022,SRB,ITA,1.733823389654224
2022,ZAF,FIN,1.7295168274270845
2022,VGB,SVN,1.7146201581665494
2022,GIB,AUT,1.6816507536048952
2022,BHR,FIN,1.6791015883882845
2022,MHL,HUN,1.6741643860190338
2022,MLT,HRV,1.6720876022001034
2022,GGY,LUX,1.6703863773334062
2022,BHR,SVK,1.6622198499491132
2022,ISL,SWE,1.6599796174577788
2022,KHM,AUT,1.6590605385840407
2022,MMR,CYP,1.6501745775653598
2022,TTO,HUN,1.643942520022754
2022,GRC,IRL,1.6416103430117994
2022,GRC,BEL,1.636929557677807
2022,PRI,HRV,1.6295577889331834
2022,MHL,BEL,1.6127759097903451
2022,LKA,AUT,1.6059813442364366
2022,MUS,PRT,1.5993807595381138
2022,GTM,LVA,1.5908363348664687
2022,BHS,BEL,1.584772994974399
2022,ASM,SVN,1.5819664085467697
2022,TLS,HRV,1.5375350969179247
2022,NGA,CZE,1.533038354826119
2022,BEL,DNK,1.5197757935369072
2022,GGY,LTU,1.5101445462751861
2022,MKD,ITA,1.5090860575604494
2022,BGR,FIN,1.4796382332690587
2022,BHS,LUX,1.4791312698942876
2022,WSM,NLD,1.4678329216861368
2022,CRI,ROU,1.4668484161520348
2022,DNK,GRC,1.4647737029002754
2022,TTO,CYP,1.4535070027033374
2022,PNG,HUN,1.4529223610673236
2022,HUN,CYP,1.4508727383856481
2022,HUN,GRC,1.447623824188107
2022,MMR,EST,1.4354664258903487
2022,NGA,DNK,1.4256438071636708
2022,CHL,LTU,1.4222982373395863
2022,TTO,ITA,1.4213284232899224
2022,MUS,GRC,1.4206963353187532
2022,QAT,DEU,1.4190366042884097
2022,CRI,FRA,1.4168651661542622
2022,IRN,LUX,1.4064483189327128
2022,WSM,DEU,1.4049770076419472
2022,KHM,LUX,1.402586815307755
2022,URY,FRA,1.402479543999706
2022,CYM,SVN,1.4001165681966947
2022,MCO,ITA,1.3973862706292672
2022,BGR,SVK,1.394760629017127
2022,SWE,CYP,1.394723295312716
2022,HUN,DNK,1.3923011475930496
2022,CYP,LTU,1.3911215296531707
2022,CUW,PRT,1.3729587488662949
2022,LKA,ROU,1.3644888609566914
2022,ASM,DNK,1.3643228464884538
2022,URY,ROU,1.3546541904350198
2022,BHS,ITA,1.3504392140330108
2022,TTO,SWE,1.3466976045696233
2022,SSD,POL,1.3378707825095766
2022,SSD,DEU,1.329130571144925
2022,MKD,SVK,1.3201825713089586
2022,MKD,ROU,1.3154997725370325
2022,CRI,HRV,1.3057007821302111
2022,DOM,ROU,1.3035458855147664
2022,PNG,BEL,1.3010466398363805
2022,LAO,BEL,1.3004165913069392
2022,PRI,PRT,1.296371340082446
2022,TLS,SVK,1.2932177899985517
2022,PYF,NLD,1.2867320915208067
2022,BRB,PRT,1.2815937103607613
2022,TTO,EST,1.274566294887967
2022,IRN,AUT,1.2738288952178534
2022,ASM,MLT,1.2730067090632766
2022,URY,HRV,1.2620304364246073
2022,BHR,LTU,1.2600547689708672
2022,MDG,POL,1.2593224818592006
2022,UGA,AUT,1.2590316576679208
2022,VUT,ESP,1.2575642720882694
2022,LKA,LUX,1.257542598253276
2022,ASM,BGR,1.2548266756436204
2022,GNQ,CYP,1.254608501677738
2022,MCO,ROU,1.2523481952042916
2022,WSM,POL,1.250857468083134
2022,IRN,CYP,1.2498123996082955
2022,MHL,POL,1.2492011897331035
2022,MUS,BGR,1.2491694745043345
2022,LBR,LTU,1.2478415636669227
2022,PRI,DNK,1.244797550788645
2022,LTU,DEU,1.2433263363600944
2022,GIB,LUX,1.2391513301577075
2022,DOM,PRT,1.2304482881413172
2022,CUW,HRV,1.2290426147031117
2022,MKD,CZE,1.2286521201259768
2022,GTM,LTU,1.227931054343122
2022,MHL,DEU,1.2244510461320082
2022,NGA,BGR,1.221379428094184
2022,CPV,SWE,1.2109907454042268
2022,PRK,IRL,1.1998092788539267
2022,WSM,BEL,1.1947022098108677
2022,MCO,HUN,1.1884473715380794
2022,BGR,CZE,1.180130199858283
2022,PRI,FIN,1.1753148434279146
2022,PRI,LVA,1.1702718932445264
2022,WSM,ITA,1.1693538893104618
2022,TLS,CZE,1.156412080075523
2022,BRB,HRV,1.1556784592868032
2022,LCA,NLD,1.1539085258235537
2022,GNQ,BEL,1.1505950165481147
2022,JOR,AUT,1.143497999494405
2022,UZB,DEU,1.131810780708243
2022,LVA,BGR,1.1314690431978878
2022,LKA,MLT,1.1248073509796037
2022,HUN,EST,1.1227277665619106
2022,LKA,CZE,1.1189082248956381
2022,DOM,HRV,1.1185665296264704
2022,FSM,ESP,1.1174287502201914
2022,IRN,ROU,1.117149080573941
2022,KHM,ROU,1.1161564072556067
2022,CRI,AUT,1.1144215048157995
2022,UZB,BEL,1.1131191625380292
2022,GIN,HUN,1.1117289637664083
2022,GNQ,EST,1.1094873017745364
2022,PYF,DEU,1.1089178487448836
2022,SWE,DNK,1.108260068618851
2022,CPV,ITA,1.0958473360186591
2022,IRN,EST,1.0950666641404296
2022,SVK,BGR,1.0907881223992952
2022,MLT,SVN,1.0799793742037238
2022,QAT,SWE,1.0792931079461106
2022,PNG,POL,1.0789754079030796
2022,ZAF,DNK,1.072988569970359
2022,LUX,SVK,1.0705762559252707
2022,UGA,ROU,1.0699042635022913
2022,URY,AUT,1.0672241720281206
2022,ROU,CZE,1.0648477857188892
2022,WSM,SWE,1.062429316666516
2022,UZB,POL,1.061679396519069
2022,CPV,HUN,1.050326219162358
2022,CRI,PRT,1.0495025900514936
2022,UZB,SWE,1.048903089151128
2022,LBN,SWE,1.0471514576017193
2022,ISL,AUT,1.0431753145746183
2022,GIN,SWE,1.0419097013138285
2022,CPV,IRL,1.0415877200287171
2022,CUW,AUT,1.0409169807519436
2022,LAO,DEU,1.033763457788524
2022,QAT,HUN,1.0311714055925854
2022,KAZ,MLT,1.0294936302089681
2022,PRY,SVK,1.0294017968783051
2022,GRC,SVK,1.0287091333326797
2022,GUY,POL,1.028187658363747
2022,PRY,GRC,1.0256558185368272
2022,PRT,GRC,1.0248957299734072
2022,CUW,LTU,1.0223459631876604
2022,JEY,LVA,1.0218663196461288
2022,MDG,DEU,1.013890165743158
2022,BHR,DNK,1.0120728952754965
2022,QAT,AUT,1.0094585845370576
2022,GGY,GRC,1.0042005262388558
2022,MKD,FIN,0.9970205699236702
2022,DOM,AUT,0.9891398774464969
2022,GIN,IRL,0.986014304772539
2022,TLS,LVA,0.9814227858424864
2022,KWT,FIN,0.9731489806285352
2022,MNG,ESP,0.965920136678199
2022,PNG,DEU,0.964362535635722
2022,LAO,POL,0.9628218961007239
2022,DJI,ESP,0.9612413704655243
2022,GUY,BEL,0.961098816337247
2022,GIB,LTU,0.9591176816314834
2022,BHS,POL,0.9580670010126705
2022,ISL,HUN,0.954856763414978
2022,LAO,HUN,0.9499337556562798
2022,BRB,AUT,0.949218066372572
2022,SVK,HRV,0.9476033533768193
2022,UGA,LTU,0.9426201976407524
2022,VCT,NLD,0.9386962398170318
2022,LIE,AUT,0.9341972887343482
2022,PYF,POL,0.9323828266015295
2022,PRI,LTU,0.9295924900256087
2022,MUS,CZE,0.9288276089527816
2022,PYF,BEL,0.9252260756253443
2022,LBR,CZE,0.9182393073416759
2022,JOR,LUX,0.9168173127787013
2022,GIN,ITA,0.9160018605276187
2022,MLT,SVK,0.9144883602088941
2022,ROU,BEL,0.9126908303037695
2022,FSM,NLD,0.9080026026581277
2022,CRI,LVA,0.9060452279407325
2022,CYP,BEL,0.9043354417454785
2022,KWT,DNK,0.903570949887826
2022,MUS,FIN,0.8985926407312721
2022,SWE,LVA,0.89648129339278
2022,BRB,LTU,0.8963787462214698
2022,CHL,BGR,0.8924930791377941
2022,NGA,SVK,0.8852437154443662
2022,KAZ,LTU,0.8838376928658782
2022,GGY,PRT,0.8731557929926076
2022,TLS,GRC,0.8729882617674357
2022,IMN,LTU,0.8725568604221514
2022,DNK,HRV,0.8607698675127167
2022,LBR,LUX,0.8601901401255095
2022,PRY,LTU,0.8601260742945213
2022,URY,LVA,0.8551433649039494
2022,GTM,CZE,0.8538539265051825
2022,DJI,NLD,0.8491559179520167
2022,SYC,POL,0.8455632970555779
2022,LIE,CYP,0.8444943561062697
2022,DOM,GRC,0.8429270362205724
2022,PRY,CZE,0.8420127237687233
2022,MMR,HRV,0.8413150203667428
2022,IRN,ITA,0.839501524462892
2022,PRT,ROU,0.8371193227335926
2022,AUT,FIN,0.8355614089176937
2022,SYC,DEU,0.8347238362306529
2022,CHL,SVN,0.8338498146533615
2022,MHL,SWE,0.8316984865822913
2022,DNK,IRL,0.8303440549691301
2022,MCO,AUT,0.8299865954247213
2022,TLS,FIN,0.8242014464162205
2022,GUY,LUX,0.8188003942340786
2022,UZB,HUN,0.8185888745158432
2022,PYF,SWE,0.8161842527953892
2022,GEO,ESP,0.8150038124069381
2022,LBR,GRC,0.811249956177115
2022,GGY,CZE,0.8112370456839596
2022,SRB,BEL,0.809616530133381
2022,WSM,HUN,0.8027873850646091
2022,PRT,HRV,0.8014167687240527
2022,UZB,NLD,0.7946093627523658
2022,URY,SWE,0.7933524761789065
2022,GTM,SVN,0.7890716428906683
2022,GTM,SVK,0.7858888871002286
2022,CUW,LVA,0.7798901160534459
2022,DNK,LVA,0.7760878813980262
2022,LBN,FRA,0.7746570893620705
2022,GUY,ESP,0.771995490017374
2022,LBR,PRT,0.7654000352569232
2022,URY,BEL,0.7652825135069032
2022,LIE,HUN,0.7632617051293901
2022,MKD,GRC,0.7628696154882714
2022,LTU,NLD,0.7614857670800471
2022,GNQ,SWE,0.76049830312674
2022,GNQ,IRL,0.7586605853672466
2022,GNQ,HUN,0.7527942579973941
2022,TLS,LTU,0.7491546157197368
2022,LAO,SWE,0.7481566555099046
2022,GUY,SWE,0.7450327943265376
2022,MDA,ESP,0.7445868761285943
2022,GTM,DNK,0.7445649894076962
2022,PRY,MLT,0.7430791955080094
2022,LIE,EST,0.7416978882625332
2022,VUT,NLD,0.7375329692145135
2022,BEN,NLD,0.7370791886794789
2022,JOR,ROU,0.735451652235819
2022,GNQ,ITA,0.7340508928090143
2022,BRB,LVA,0.733044597537585
2022,MMR,SVK,0.7328472977001834
2022,GGY,FIN,0.7274060434587984
2022,ZAF,PRT,0.7228634375429929
2022,ROU,SWE,0.716763930463057
2022,LBN,ESP,0.7165126402670267
2022,BHS,FRA,0.7164732953062212
2022,PRI,SVK,0.7160519239413188
2022,GTM,BGR,0.715622976472787
2022,SSD,CYP,0.7139953981834515
2022,CUW,GRC,0.7138860763048432
2022,IMN,GRC,0.7123594886707599
2022,JEY,MLT,0.7114498579548602
2022,SLV,HUN,0.7113640250135238
2022,LBR,FIN,0.7092700443767413
2022,PRY,DNK,0.7068929652520684
2022,SRB,PRT,0.7058959832083814
2022,BHS,ROU,0.7044621153795397
2022,LVA,CZE,0.6999974214245881
2022,LTU,BEL,0.6989417764018737
2022,VCT,DEU,0.6976914374417914
2022,NGA,SVN,0.6953138820696128
2022,IMN,CZE,0.6915636912662558
2022,BHS,HRV,0.6896255450145237
2022,ZAF,BGR,0.6886793560280453
2022,LTU,ROU,0.6830772202386362
2022,BOL,FRA,0.6821744970626672
2022,GTM,MLT,0.6752010548845837
2022,MDG,SWE,0.6733907632204272
2022,ZAF,GRC,0.6722796194074369
2022,LKA,FIN,0.6711740305581807
2022,SLV,DEU,0.6711576756415861
2022,URY,PRT,0.6679426440425961
2022,PRY,BGR,0.6636000216537862
2022,DOM,LVA,0.6625140372727981
2022,LBN,ROU,0.6617922111627975
2022,BRB,GRC,0.6561893919594672
2022,SVK,FIN,0.6548094451534638
2022,LBN,LUX,0.6530562694294585
2022,TLS,SVN,0.652411459655195
2022,GGY,SVK,0.6508295953578329
2022,PYF,HUN,0.6483407868703889
2022,GUY,CYP,0.6458791777806869
2022,LBN,MLT,0.6443975392574947
2022,LTU,SWE,0.6402254821007293
2022,UGA,GRC,0.6377865355014022
2022,PYF,ITA,0.6347754134772541
2022,KHM,CYP,0.6347234265945416
2022,SSD,BEL,0.6341149155972863
2022,BOL,ITA,0.6330626612442364
2022,SSD,EST,0.6308472124818122
2022,GRC,LVA,0.6268568239860205
2022,KWT,HRV,0.6261420034826433
2022,LIE,ROU,0.6235804106917284
2022,WSM,AUT,0.6234493632790392
2022,IMN,SVK,0.6188955981421939
2022,BRN,ESP,0.6168530951074888
2022,KHM,ITA,0.6085631200321788
2022,VUT,DEU,0.6052420606180505
2022,BGR,LTU,0.604387690387124
2022,FRO,FRA,0.6020815061425937
2022,SLV,BEL,0.5992843308907805
2022,EST,POL,0.5971960312922742
2022,MDG,CYP,0.5956310392532004
2022,GIB,GRC,0.594032455654772
2022,MMR,CZE,0.5926743902677694
2022,BHR,BGR,0.5918930573855844
2022,IMN,FIN,0.5890785928820937
2022,GRC,EST,0.5866342824553742
2022,KWT,PRT,0.5861336546526721
2022,URY,CYP,0.580610173213008
2022,SLV,LUX,0.5784926918621326
2022,KHM,HRV,0.5782281823397847
2022,FSM,DEU,0.5749696044925323
2022,TTO,ROU,0.5715626445094081
2022,MLT,IRL,0.5697808982900645
2022,LVA,FIN,0.5695979056279618
2022,GUY,EST,0.5679403708924816
2022,TTO,FRA,0.5664046733229103
2022,GUY,HUN,0.5649335156791434
2022,CYP,SVN,0.5631209600735514
2022,BGR,IRL,0.5624237394434735
2022,KHM,SVK,0.5596626227635214
2022,SVK,CZE,0.5517927605753639
2022,LBN,AUT,0.5499261590726072
2022,LTU,CYP,0.5497904742380698
2022,BOL,DEU,0.5490261301270236
2022,UZB,ITA,0.547013968561772
2022,MHL,AUT,0.5458035858296466
2022,CUW,CZE,0.5449192116392237
2022,GIB,PRT,0.5448128865829356
2022,PNG,SWE,0.5442186926304603
2022,SVK,SVN,0.5424839293686379
2022,KHM,EST,0.5419566389583185
2022,MMR,LVA,0.5391942838849348
2022,MDG,EST,0.5387729428358778
2022,LBN,CZE,0.5328908890957106
2022,CRI,SVK,0.5320354555770904
2022,MDG,BEL,0.5313033678893784
2022,UGA,CZE,0.5300771717368296
2022,GGY,BGR,0.5289125479402794
2022,GUY,ITA,0.5286790721516851
2022,CRI,LTU,0.5277655252028077
2022,PRT,LUX,0.5262514664866403
2022,UZB,AUT,0.5248248704106054
2022,UGA,PRT,0.5228812045392268
2022,LBR,BGR,0.5221784288466701
2022,KAZ,BGR,0.5216804927350664
2022,KWT,LTU,0.5183520508093624
2022,PRT,MLT,0.5181233493550199
2022,SRB,LTU,0.5159900164499029
2022,IMN,PRT,0.5156868385742304
2022,VUT,POL,0.5140215046370885
2022,BIH,IRL,0.5116971109368907
2022,CUW,BGR,0.5098889255246514
2022,HUN,CZE,0.5075941346453061
2022,VUT,BEL,0.5064137127753886
2022,MKD,NLD,0.5057981497463447
2022,GTM,FIN,0.5049494057374528
2022,LBN,POL,0.5035191446373766
2022,IRN,HRV,0.5009711112168477
2022,QAT,ROU,0.5009413713164845
2022,URY,SVK,0.4961506269671687
2022,MKD,CYP,0.4952077422405116
2022,KHM,NLD,0.49372209364331965
2022,JEY,DNK,0.49196103304132005
2022,FSM,POL,0.491229546525824
2022,BHS,AUT,0.4886834494536207
2022,TLS,DNK,0.4885775051310762
2022,URY,GRC,0.48850895692085405
2022,PNG,AUT,0.48679709880982164
2022,GIB,CZE,0.4798951841029296
2022,GGY,SVN,0.4791155699791553
2022,TLS,MLT,0.4744218057064034
2022,CPV,AUT,0.47173767209893797
2022,MMR,PRT,0.4704901315143374
2022,BRB,CZE,0.46979330932223706
2022,BGR,SVN,0.46754823454061484
2022,BEL,FIN,0.4643084411786046
2022,BHS,LVA,0.4642640071222996
2022,DOM,LTU,0.4638068650666472
2022,KWT,EST,0.46335488044600187
2022,PRI,GRC,0.4631461768173186
2022,BRB,BGR,0.4618897082441792
2022,SYC,CYP,0.4601779274672759
2022,URY,EST,0.46005574655213316
2022,CRI,CZE,0.459641327039371
2022,CYP,HRV,0.4563685408719896
2022,CUW,SVK,0.45634348560972765
2022,PRT,FIN,0.4546564360059546
2022,DNK,SVN,0.44977972592595605
2022,IMN,SVN,0.44927598454741735
2022,BHS,SWE,0.4484662192438853
2022,KWT,CYP,0.448049415764042
2022,VUT,SWE,0.44512256134505956
2022,WSM,ROU,0.44460673246322235
2022,KWT,LVA,0.44334960738092744
2022,IRN,SVK,0.4420325746677811
2022,UGA,FIN,0.4407491203536685
2022,BEL,HRV,0.4406423400278745
2022,SRB,NLD,0.43923027116264846
2022,KHM,CZE,0.4389415539367817
2022,LIE,ITA,0.43697457104306325
2022,GIB,FIN,0.43692468807837037
2022,UZB,LUX,0.4351859334628756
2022,PRT,SVN,0.43417719969662855
2022,TLS,BGR,0.4319536288130997
2022,PRI,BGR,0.4305433638418729
2022,MUS,AUT,0.42924463578621463
2022,ROU,GRC,0.4291494202763133
2022,UZB,ROU,0.4276978482462129
2022,MKD,PRT,0.42461517549219185
2022,SSD,IRL,0.42320759223768767
2022,FSM,BEL,0.4225479668712307
2022,BRB,SVK,0.4224096349758336
2022,TTO,HRV,0.42226678284439567
2022,KWT,NLD,0.4214780997884885
2022,CPV,ROU,0.4194400670878487
2022,MMR,FIN,0.41921786411568573
2022,SSD,ITA,0.4162477187778467
2022,DOM,SVK,0.4144502858814561
2022,UGA,BGR,0.4142354065872802
2022,PRY,FIN,0.4135910863058596
2022,FSM,SWE,0.41341982970907226
2022,HUN,FIN,0.4129913550076698
2022,LAO,AUT,0.40915555077324245
2022,SYC,EST,0.4067391902772686
2022,TTO,PRT,0.40644023771697113
2022,LVA,HRV,0.40597468542815907
2022,VCT,ESP,0.4058852797692002
2022,JOR,NLD,0.40503255014792394
2022,JOR,HRV,0.40478694113589286
2022,MDG,HUN,0.4026191602786053
2022,LCA,DEU,0.4006442520406789
2022,SSD,HUN,0.39965918373147347
2022,LBR,SVK,0.3992333376736304
2022,JOR,CYP,0.399085356540559
2022,FSM,ITA,0.3972304647802892
2022,ISL,ROU,0.3951041606684215
2022,JOR,ITA,0.3949139291672404
2022,LKA,LTU,0.3942709724354489
2022,MMR,GRC,0.3924764197829942
2022,GIN,AUT,0.39079148763436683
2022,SYC,BEL,0.3890108548836123
2022,JOR,SVK,0.38850371376878595
2022,CYP,LVA,0.3882748319705205
2022,LKA,DNK,0.38817932967527957
2022,MNG,BEL,0.3854325823255095
2022,CRI,DNK,0.3840931187407994
2022,DOM,CZE,0.38407844142685305
2022,CRI,MLT,0.382925121374454
2022,MHL,ROU,0.38234733338496146
2022,PYF,AUT,0.381930177820499
2022,CPV,LTU,0.3813267176420258
2022,CRI,BGR,0.38130637557424285
2022,CUW,MLT,0.38051742869220323
2022,IMN,LUX,0.3789084848729525
2022,KHM,LVA,0.377947574455875
2022,PRT,SVK,0.37660893788485217
2022,VCT,BEL,0.37627080957839054
2022,MMR,SVN,0.37624232759658705
2022,ISL,ITA,0.37546961963934417
2022,LBR,MLT,0.37494710098079453
2022,VCT,LUX,0.37450683058414025
2022,SSD,SWE,0.3701511227074259
2022,KWT,SVK,0.369342261525239
2022,IRN,CZE,0.36868630649441697
2022,JEY,IRL,0.3681574139730953
2022,BEN,ESP,0.36627306723219283
2022,WSM,CYP,0.3656123170442125
2022,PRY,SVN,0.36476208890481376
2022,LTU,ITA,0.3624968375022059
2022,LBN,HUN,0.36195492415727837
2022,GIN,ROU,0.36172424920790436
2022,CUW,DNK,0.35979586487821885
2022,MKD,EST,0.3560840592628963
2022,URY,MLT,0.3553712751231062
2022,SVK,DNK,0.3533028354481049
2022,MLT,LVA,0.35155081373857205
2022,GIB,SVK,0.3514141854120676
2022,HUN,SVK,0.35072608470826333
2022,LBR,SVN,0.35040237860502305
2022,MDG,ITA,0.34641110205420056
2022,MDG,ROU,0.3450617955169215
2022,BHS,PRT,0.34505724119994063
2022,BHS,CYP,0.340111497720277
2022,MCO,LTU,0.3391775537636244
2022,SWE,FIN,0.3385858013196575
2022,TTO,AUT,0.33734070812251443
2022,JOR,EST,0.33684614104164046
2022,VUT,HUN,0.33571205030386597
2022,CUW,FIN,0.3352436981179323
2022,GIB,BGR,0.3302178937862266
2022,VUT,ITA,0.3296487615668431
2022,MDG,AUT,0.32777917932006795
2022,QAT,CZE,0.32714539849354984
2022,BRB,DNK,0.3271371228292095
2022,WSM,LUX,0.3257155777868023
2022,URY,CZE,0.3248206365288881
2022,GIN,LTU,0.32317064567454185
2022,CYP,EST,0.3213891342380182
2022,BRB,MLT,0.3213217903211638
2022,IRN,LVA,0.3202214985853068
2022,HUN,HRV,0.3199639050038718
2022,CRI,GRC,0.31969653030792444
2022,GNQ,AUT,0.31964846322740986
2022,WSM,EST,0.31827155146933445
2022,IMN,BGR,0.31653180681333276
2022,NGA,HRV,0.3148932468115757
2022,LAO,LUX,0.3138797539261363
2022,PNG,ROU,0.3134742507291902
2022,CYP,SVK,0.3133737161352164
2022,BGR,MLT,0.31025027609356837
2022,VCT,HUN,0.3095725813830112
2022,MUS,HRV,0.3061885895237956
2022,PYF,ROU,0.30611146573528564
2022,PYF,LUX,0.30520376462591803
2022,DOM,BGR,0.3041448475807532
2022,PRI,SVN,0.30377274013744343
2022,GRL,IRL,0.3032428605840689
2022,JOR,CZE,0.3006055897459547
2022,KWT,GRC,0.3001711981347379
2022,KHM,FIN,0.2997570153070461
2022,MDG,IRL,0.298256507858474
2022,PYF,CYP,0.29722592857760144
2022,DJI,POL,0.2956003957601046
2022,BOL,POL,0.29557750615449263
2022,MMR,LTU,0.29386761613739537
2022,CPV,CZE,0.29273775582108885
2022,GEO,BEL,0.29241703087512383
2022,CPV,GRC,0.2920316093791447
2022,KHM,SVN,0.2904150091830339
2022,MDG,CZE,0.2902363631567152
2022,ROU,LTU,0.2897504957508543
2022,ISL,CYP,0.28964925743264913
2022,BRB,FIN,0.28715821141401304
2022,UGA,SVK,0.28694944710345915
2022,MNG,HUN,0.28679316150198036
2022,BHS,EST,0.28590280074753216
2022,ZAF,SVN,0.2853921805242556
2022,QAT,SVK,0.28482943241901515
2022,SLB,ESP,0.28455287985968336
2022,SYC,IRL,0.28170183735745985
2022,LKA,NLD,0.2798607313661858
2022,EST,PRT,0.2793731190762291
2022,LAO,ROU,0.2788114669307283
2022,KWT,SVN,0.278091876734636
2022,LKA,SVK,0.27547553657055046
2022,CYP,ITA,0.27420740757991496
2022,MHL,HRV,0.2734267369710033
2022,GNQ,ROU,0.27323581574341604
2022,TTO,LVA,0.27286533870918545
2022,SRB,GRC,0.272427304241145
2022,LBN,FIN,0.27200504343318066
2022,BIH,DNK,0.27036271969312414
2022,FSM,HUN,0.270336575853677
2022,SYC,ITA,0.2703334081575122
2022,BHS,SVK,0.26917107454268613
2022,JOR,LVA,0.2672562737310353
2022,BOL,HRV,0.26675429963576053
2022,PNG,HRV,0.2662810300960379
2022,MNG,POL,0.2626325428432626
2022,GIB,SVN,0.2622702102008407
2022,URY,DNK,0.2609802520257085
2022,PYF,EST,0.2599794467447496
2022,BOL,ROU,0.25961401596832895
2022,BEL,SVN,0.2596073168691823
2022,IRN,FIN,0.25904122597903484
2022,DOM,SVN,0.2590394719110348
2022,LTU,AUT,0.25815529191034103
2022,DOM,MLT,0.2554743049126642
2022,SYC,HUN,0.25432053556634654
2022,CYP,IRL,0.25362319947697487
2022,MHL,LUX,0.25276209630845425
2022,IRN,PRT,0.25257731109947457
2022,GUY,FRA,0.2517057247342306
2022,MDG,LUX,0.2516778561229479
2022,LVA,SVN,0.2516292334894981
2022,DJI,BEL,0.2503638921693133
2022,ISL,EST,0.25008905319576225
2022,LBR,HRV,0.24951362537939542
2022,MHL,NLD,0.24948700039241628
2022,MDG,MLT,0.2478700221887063
2022,MNG,DEU,0.24600982390134934
2022,UZB,CYP,0.24571276178796453
2022,MDA,BEL,0.24570715038342805
2022,HUN,LTU,0.244064370174659
2022,GEO,POL,0.2434865031501276
2022,LKA,ITA,0.24232141869316873
2022,CRI,FIN,0.24224726389173362
2022,DJI,DEU,0.2406378207469922
2022,MCO,LUX,0.24010271705381647
2022,GUY,ROU,0.23729270432461244
2022,LCA,POL,0.23705426061097667
2022,UGA,SVN,0.23666130739129687
2022,ZAF,HRV,0.2341831954941961
2022,DOM,DNK,0.23409029393338177
2022,MCO,GRC,0.23391213067610084
2022,MLT,DNK,0.23139610087781842
2022,KHM,GRC,0.22979124584354846
2022,SYC,SWE,0.22925107586337046
2022,ISL,SVK,0.22901865064972102
2022,IRN,GRC,0.22888846994659512
2022,VCT,ITA,0.22778553137452343
2022,IRN,SVN,0.22764331523969505
2022,PNG,NLD,0.2267103382469573
2022,SLV,ESP,0.2262560222344
2022,LKA,HRV,0.22578727881607275
2022,URY,LUX,0.22385611037994746
2022,BOL,NLD,0.22343389646694967
2022,GNQ,CZE,0.2229981389453513
2022,MMR,MLT,0.2228956980016158
2022,ISL,CZE,0.22126692242616147
2022,SLV,POL,0.2210964514503367
2022,UZB,EST,0.21902675612183964
2022,MHL,SVK,0.2189835821026699
2022,QAT,FIN,0.2163921020080876
2022,ROU,AUT,0.2160833826258137
2022,EST,GRC,0.2156684396685626
2022,IRN,LTU,0.21533255502688958
2022,LBN,DNK,0.215284745575625
2022,QAT,HRV,0.2148880401364936
2022,BRN,BEL,0.21479058385443384
2022,MCO,PRT,0.21430865059618082
2022,VCT,POL,0.21371488010108605
2022,PNG,SVK,0.21295088843752252
2022,DOM,FIN,0.2109502243825113
2022,TTO,LTU,0.2104040623167479
2022,LCA,BEL,0.20849142764810275
2022,LIE,SVK,0.2079233233575276
2022,MMR,DNK,0.20789037316798112
2022,MHL,CYP,0.20720522461006316
2022,GEO,DEU,0.20716296811754262
2022,HUN,IRL,0.20699158815985186
2022,SLV,FRA,0.2068925778203445
2022,ZAF,LVA,0.20671284202580736
2022,MMR,BGR,0.20520221750672307
2022,VUT,AUT,0.20426266683646924
2022,KHM,PRT,0.2038672365744466
2022,JOR,FIN,0.20370047160542254
2022,GIN,GRC,0.20233969446241082
2022,MDA,POL,0.201622152587861
2022,LIE,CZE,0.20114821570345742
2022,SLV,ITA,0.20113343053858465
2022,JOR,SVN,0.20071764147375135
2022,SLV,HRV,0.19867975491465564
2022,MCO,CZE,0.1972846791879815
2022,BHS,MLT,0.19652313837032123
2022,FSM,AUT,0.19603559457595943
2022,TTO,GRC,0.19361616491757316
2022,GRC,NLD,0.19171098022492927
2022,MHL,ITA,0.19123350722286206
2022,BOL,BEL,0.19110792760499337
2022,BOL,SWE,0.19079792491077602
2022,PNG,LVA,0.19028583623697817
2022,SLV,ROU,0.19005445475890936
2022,QAT,MLT,0.18996209125056499
2022,GNQ,LTU,0.18969772599881143
2022,CUW,SVN,0.18962894775300926
2022,LTU,HRV,0.18954121797380685
2022,ISL,FIN,0.18925124917153507
2022,SVK,LVA,0.18734352197834317
2022,UZB,CZE,0.18710908509936844
2022,MKD,LTU,0.18602944495512072
2022,LKA,EST,0.18562750164807695
2022,MHL,LVA,0.18557943738087415
2022,BOL,LVA,0.1852622819527545
2022,LKA,SVN,0.1824663839157003
2022,FSM,CYP,0.1819128119841671
2022,LCA,SWE,0.18155709875728296
2022,MUS,SVN,0.1810475454028363
2022,GGY,HRV,0.18049406304147686
2022,MCO,FIN,0.17655776766335407
2022,CYP,BGR,0.17527438226843411
2022,MHL,EST,0.17471567523766196
2022,LCA,LUX,0.17466986740296067
2022,QAT,NLD,0.17390944588986973
2022,BHS,CZE,0.17365233941602456
2022,BOL,AUT,0.17364729055619957
2022,GIN,PRT,0.173105238260334
2022,BRB,SVN,0.17255965494346137
2022,PRT,DNK,0.1721264264731098
2022,URY,BGR,0.1718276464063214
2022,QAT,LUX,0.17044364991010075
2022,CPV,FIN,0.17009386838962098
2022,GIN,CZE,0.16968645328960041
2022,SRB,AUT,0.16960511557028526
2022,LIE,FIN,0.16938216757161734
2022,BRN,POL,0.16843875041056522
2022,SSD,AUT,0.16833816721091344
2022,LKA,LVA,0.16828385872685445
2022,CPV,BGR,0.16762440113710225
2022,VUT,CYP,0.16627800732181866
2022,LCA,ESP,0.16582569290766638
2022,SLV,NLD,0.16573695586663956
2022,CYP,DEU,0.16515763103535017
2022,VUT,LUX,0.1644318417914417
2022,ZAF,SVK,0.16432208984956762
2022,VUT,ROU,0.1632339758849673
2022,JOR,GRC,0.16290053506037566
2022,MHL,CZE,0.16224216487459953
2022,URY,SVN,0.16182278092866464
2022,MDA,DEU,0.16131644676480433
2022,FSM,ROU,0.16127111510179323
2022,LTU,PRT,0.16111110032956918
2022,QAT,SVN,0.16037156621093687
2022,LIE,GRC,0.15988511921160828
2022,FSM,EST,0.15962615953368403
2022,CPV,SVK,0.15958821880129098
2022,WSM,HRV,0.15905469330647898
2022,MCO,SVK,0.15886803192635063
2022,KHM,MLT,0.15824261671622994
2022,PNG,CZE,0.15698490150948746
2022,BHS,GRC,0.15687790692503087
2022,LAO,CYP,0.15650507019215146
2022,BHS,DNK,0.15625526540723322
2022,URY,FIN,0.15520194972338086
2022,TTO,SVK,0.15507775987122613
2022,MKD,BGR,0.15400713439794686
2022,PRT,BGR,0.15253749333768707
2022,PRT,EST,0.15240164503475162
2022,LAO,HRV,0.15223454732691288
2022,QAT,LVA,0.15063870111418287
2022,HUN,BGR,0.15057051026613946
2022,PNG,CYP,0.15040077037222768
2022,LCA,CYP,0.15025560048466288
2022,PNG,ITA,0.15024210594176704
2022,UZB,MLT,0.1499464443932035
2022,ISL,SVN,0.14905759350594183
2022,GUY,PRT,0.14829055160059643
2022,ROU,BGR,0.14811194755447502
2022,GIN,FIN,0.14786943164777988
2022,LAO,ITA,0.1472885459884511
2022,SLV,SWE,0.1460089276036881
2022,GNQ,GRC,0.14585230831019252
2022,SLV,LVA,0.14581167278615426
2022,VUT,EST,0.1454791029265402
2022,TTO,CZE,0.14535334445246387
2022,LBR,DNK,0.14525401958158718
2022,MUS,SVK,0.144842320222493
2022,BOL,CZE,0.1445354673844899
2022,QAT,CYP,0.14437361495508552
2022,FSM,LUX,0.14325414566279732
2022,GRC,PRT,0.14283688029897387
2022,MDG,FIN,0.1423335844389109
2022,LBN,LTU,0.14191501869170822
2022,GUY,HRV,0.14187708904884563
2022,ROU,HRV,0.14186287151788343
2022,LAO,SVK,0.14169648721886355
2022,HUN,LVA,0.14157423755260806
2022,UZB,HRV,0.14030132349398816
2022,LIE,SVN,0.14029752135037724
2022,GIN,BGR,0.13987058071591718
2022,LAO,NLD,0.13979887846497843
2022,MDG,LTU,0.13821191055892196
2022,PRK,ESP,0.13819308848229808
2022,IRN,BGR,0.1377989415910238
2022,KWT,BGR,0.13580679901383497
2022,JOR,PRT,0.13566417605614428
2022,ISL,GRC,0.1352473232743406
2022,BIH,LVA,0.13520209142999798
2022,LKA,CYP,0.13457980427691854
2022,MKD,IRL,0.13361377863295398
2022,LAO,EST,0.1333040635640803
2022,BRN,DEU,0.13328804527338053
2022,IRN,MLT,0.1325353667900778
2022,LCA,EST,0.13231357388060072
2022,SSD,ROU,0.13206037925100642
2022,TTO,BGR,0.131380768305536
2022,WSM,SVK,0.13061433060837568
2022,LIE,LTU,0.12925307380206935
2022,MNG,AUT,0.12738312379550087
2022,SVK,IRL,0.12515703160652733
2022,KHM,BGR,0.12475094948782747
2022,MNG,SWE,0.12366020360105733
2022,PNG,EST,0.12364612832832086
2022,LVA,AUT,0.12358937660607587
2022,CRI,SVN,0.12300401323014426
2022,VIR,DEU,0.12210859698297855
2022,IMN,HRV,0.12164435548191363
2022,BOL,CYP,0.12038531544848556
2022,UZB,SVK,0.12027702912695137
2022,BEN,POL,0.11961267461332455
2022,BEN,DEU,0.11940623724951299
2022,QAT,GRC,0.11889860438979655
2022,UGA,HRV,0.11861431259054478
2022,GEO,SWE,0.11850165682390942
2022,KHM,DNK,0.11842484659120125
2022,KHM,LTU,0.11776308304473804
2022,PYF,HRV,0.11757908357215008
2022,LCA,HUN,0.11717874255266215
2022,ROU,SVK,0.11692821294179785
2022,WSM,PRT,0.11687096421816258
2022,SSD,CZE,0.11652003154688767
2022,LTU,GRC,0.11598501549859438
2022,LCA,ITA,0.11584896312430366
2022,BOL,SVK,0.11474597005924767
2022,GNQ,PRT,0.11439850904402091
2022,WSM,CZE,0.11425063900839423
2022,QAT,EST,0.11398273828862354
2022,PRT,LTU,0.11384643689499412
2022,UZB,FIN,0.11374933900510613
2022,LKA,PRT,0.11326961920558677
2022,PNG,FIN,0.11307090598742363
2022,MCO,BGR,0.11303245640472376
2022,MCO,SVN,0.11297879993177706
2022,TTO,DNK,0.11223169206895943
2022,CYP,PRT,0.11212165356929941
2022,TTO,MLT,0.11176455314846948
2022,JOR,MLT,0.11171979356379973
2022,GUY,AUT,0.11123388766366973
2022,QAT,ITA,0.11087653018508496
2022,URY,LTU,0.11056315805449869
2022,LAO,CZE,0.11001854106621078
2022,GIB,HRV,0.10979547894562841
2022,EST,AUT,0.10971209762458509
2022,GEO,AUT,0.10941555086730034
2022,SLV,CYP,0.10762095539358049
2022,GNQ,FIN,0.10684066763845994
2022,IRN,DNK,0.10484048516712899
2022,SSD,LTU,0.10451272513491472
2022,BOL,EST,0.10349951008447882
2022,MHL,FIN,0.10263126608159036
2022,WSM,LVA,0.10224996235687792
2022,MHL,SVN,0.10195730807803777
2022,BEL,LVA,0.10056793892332061
2022,VCT,CYP,0.10025349298711579
2022,PRT,CYP,0.10024948072989122
2022,MDA,SWE,0.10006989090056001
2022,LAO,LVA,0.09982856290580244
2022,DJI,CYP,0.09906063335873508
2022,BHS,BGR,0.09902151960733367
2022,SYC,AUT,0.09882186914433176
2022,LBN,BEL,0.09861615050177923
2022,SLB,BEL,0.09811932910892043
2022,DJI,SWE,0.0976954834774319
2022,PYF,SVK,0.09437838053813732
2022,SLV,EST,0.09434274501484173
2022,MDA,AUT,0.09418780394721739
2022,BEL,LTU,0.09326441110649947
2022,LTU,CZE,0.09321090144696101
2022,GNQ,LUX,0.09285480545219393
2022,UZB,LVA,0.09216767385115995
2022,GUY,LTU,0.09174545483230181
2022,GUY,LVA,0.09079151364760435
2022,EST,HRV,0.08935240215739622
2022,GIN,SVK,0.08863477027643084
2022,HUN,SVN,0.0873129530073544
2022,LIE,PRT,0.08683233898963279
2022,SLV,SVK,0.0865112323365883
2022,DJI,EST,0.0864590742687835
2022,JOR,BGR,0.08638797049813696
2022,LBR,LVA,0.08617020306638185
2022,VCT,EST,0.08579753889020737
2022,PNG,SVN,0.08574809506744259
2022,WSM,GRC,0.08574079568513437
2022,BHS,SVN,0.08425045443365933
2022,IMN,IRL,0.08394603179505279
2022,ISL,PRT,0.08324332235619039
2022,SRB,BGR,0.08315217466269936
2022,WSM,FIN,0.0828757965167853
2022,JOR,DNK,0.08276303744924493
2022,DJI,AUT,0.0824983949632241
2022,BEN,CYP,0.08248557223884712
2022,GNQ,BGR,0.08246873585089409
2022,MDG,DNK,0.0824124319638498
2022,ROU,FIN,0.08207053539222353
2022,SSD,GRC,0.08195789770309621
2022,EST,ROU,0.08192407233167848
2022,VIR,FRA,0.08146973705592611
2022,ISL,LTU,0.08132913097860754
2022,PYF,CZE,0.08117503126596501
2022,PYF,PRT,0.0810913252156504
2022,MHL,GRC,0.08108504051401419
2022,QAT,DNK,0.08076268208524527
2022,SYC,ROU,0.08065806727743952
2022,PNG,MLT,0.08062239453818924
2022,BRN,AUT,0.08037793877960384
2022,BRN,SWE,0.07985376763511201
2022,SWE,EST,0.07962157082560697
2022,VCT,ROU,0.07950079878952325
2022,BOL,MLT,0.07945723116756082
2022,GGY,IRL,0.0792071728099146
2022,MHL,MLT,0.07892133379285034
2022,GEO,CYP,0.07853620803467251
2022,VIR,POL,0.07843076015181528
2022,TTO,FIN,0.07806357783955772
2022,SLV,PRT,0.07796819878131424
2022,CPV,SVN,0.07659862971327298
2022,SLB,POL,0.07581857240946809
2022,UZB,PRT,0.0757450980427155
2022,PYF,LVA,0.0756002535875645
2022,SLV,AUT,0.07557746653569487
2022,BEL,EST,0.0746382286796873
2022,GUY,GRC,0.07372829212534965
2022,LAO,FIN,0.07372717335223083
2022,BOL,PRT,0.07358163672527285
2022,VIR,HRV,0.07319926620771466
2022,BEN,EST,0.07319517401631052
2022,LAO,SVN,0.07286127952042293
2022,UZB,DNK,0.07258072913239415
2022,SYC,CZE,0.07254045855560422
2022,VCT,AUT,0.07206742843719702
2022,GIN,SVN,0.07161463540939697
2022,MUS,LVA,0.07003524629339902
2022,PNG,GRC,0.0697735276030443
2022,ESP,CYP,0.0696533111378008
2022,UZB,LTU,0.069627514126103
2022,LKA,BGR,0.06941241732945097
2022,VCT,FRA,0.06935343589952722
2022,UZB,SVN,0.0686018280204157
2022,IOT,FRA,0.06829830900140772
2022,SWE,LTU,0.0680845575974427
2022,MNG,LUX,0.06803625251518848
2022,LKA,GRC,0.06754725795850675
2022,WSM,LTU,0.0674372668227647
2022,VCT,HRV,0.06736479274803918
2022,JOR,LTU,0.06722442442644408
2022,SYC,LTU,0.06697839565320556
2022,GEO,ROU,0.0667155826694734
2022,VCT,PRT,0.06667221001891759
2022,WSM,SVN,0.06603497813973684
2022,ESP,EST,0.06565427239508452
2022,BHS,LTU,0.06503953860511599
2022,VIR,ROU,0.0648868532332047
2022,VIR,NLD,0.06443577094495904
2022,VCT,SWE,0.06424119977901664
2022,MNG,ROU,0.06354086162059878
2022,LCA,FRA,0.06341561811130016
2022,MDG,GRC,0.0629724550767379
2022,GNQ,SVK,0.06288272302294352
2022,SLV,MLT,0.06265996739794481
2022,VIR,ESP,0.06246833731466566
2022,BEN,FRA,0.06246637575729564
2022,UZB,GRC,0.06223503096805684
2022,AUT,HRV,0.06048564845513298
2022,NGA,LVA,0.06045201896031499
2022,BOL,HUN,0.05921660944188008
2022,PYF,GRC,0.05909507139007558
2022,SSD,PRT,0.05904716244868373
2022,VUT,HRV,0.05885692694620027
2022,TTO,SVN,0.058479596045298066
2022,PYF,FIN,0.058292567316020644
2022,SLB,DEU,0.0580380616751788
2022,GNQ,SVN,0.05796733088811126
2022,LAO,GRC,0.05794790671106756
2022,BHS,FIN,0.05762264432877985
2022,LBN,SVN,0.05746201447004339
2022,BOL,DNK,0.057392430717866615
2022,LTU,BGR,0.05736346934044187
2022,MHL,PRT,0.05721244695278961
2022,DJI,ITA,0.056750129854781846
2022,LCA,ROU,0.05661035078685312
2022,LBN,HRV,0.05657211729244169
2022,SLV,CZE,0.05580717423898565
2022,ISL,NLD,0.05561231791527557
2022,BEN,ITA,0.05560821026002098
2022,GGY,LVA,0.05536319832956389
2022,QAT,BGR,0.055077408982627
2022,SSD,FIN,0.05464504746348453
2022,GGY,DNK,0.05408261946167092
2022,WSM,DNK,0.05380782060889957
2022,DJI,IRL,0.05364715089539804
2022,GEO,HRV,0.053472455388647776
2022,VIR,LVA,0.05342751549075681
2022,VIR,SWE,0.05340347731998481
2022,GNQ,HRV,0.05325219216859385
2022,GIB,DNK,0.05308857667030639
2022,PYF,LTU,0.05286825476663412
2022,LIE,BGR,0.05259671760141297
2022,GIB,MLT,0.05234234646715641
2022,MHL,BGR,0.05224897053001209
2022,GUY,CZE,0.052189419007884555
2022,PNG,LUX,0.052062840559121894
2022,VIR,BEL,0.05205889290702705
2022,PLW,FRA,0.05186994992338917
2022,MHL,DNK,0.05176753908954397
2022,GUY,SVK,0.05165502900134658
2022,PNG,DNK,0.05163730631578954
2022,GUY,BGR,0.0515576626933372
2022,BOL,LUX,0.05131042288239432
2022,WSM,MLT,0.051092837732708854
2022,SYC,GRC,0.0510854100623238
2022,PNG,BGR,0.05106273322398886
2022,BOL,FIN,0.049950649391946676
2022,FSM,HRV,0.04985007555015056
2022,VUT,SVK,0.049537718912312824
2022,EST,SVN,0.04928348728288733
2022,LAO,PRT,0.04885762119470063
2022,PRK,BEL,0.04880172371169839
2022,QAT,LTU,0.04865119671082183
2022,GNQ,MLT,0.048604565414623366
2022,LBN,LVA,0.04840429414953712
2022,PYF,SVN,0.04696140391984712
2022,SLV,DNK,0.046877901249422205
2022,SSD,BGR,0.04647446773235241
2022,FSM,PRT,0.04518508807062998
2022,SRB,IRL,0.04513884147272468
2022,MDG,BGR,0.044794437965213874
2022,GEO,SVK,0.0447924166447075
2022,GEO,NLD,0.04457135340657929
2022,MDG,PRT,0.04420122638717751
2022,VCT,LVA,0.04351542921819319
2022,VUT,CZE,0.04329786492255388
2022,VUT,PRT,0.04307087480795936
2022,VIR,ITA,0.0427019164613767
2022,LAO,MLT,0.04193328360329558
2022,MNG,SVK,0.04164196341142651
2022,MDG,SVN,0.04146430420859625
2022,WSM,BGR,0.041183308964540435
2022,BOL,BGR,0.04115321623035893
2022,FSM,SVK,0.04024055239795863
2022,PRT,LVA,0.04023467348069812
2022,BOL,GRC,0.040113617737638815
2022,GIB,LVA,0.03969910719369045
2022,PNG,PRT,0.039549257210937966
2022,LTU,SVN,0.03920119269786915
2022,PRK,POL,0.03918167512489809
2022,PRK,HUN,0.03877998972573174
2022,LTU,SVK,0.03861117160089159
2022,GUY,DNK,0.038453338283030165
2022,FSM,CZE,0.038099752153673706
2022,MNG,HRV,0.03791714302019942
2022,SYC,PRT,0.03791218329503319
2022,VUT,LVA,0.037498889783822896
2022,AUT,SVN,0.037486895443983724
2022,GEO,LVA,0.03748586941537832
2022,DJI,HUN,0.037433188569029524
2022,LBN,EST,0.03736173924436257
2022,LBN,SVK,0.03718410941027059
2022,SLB,AUT,0.03671547009300798
2022,GUY,MLT,0.03656751590850639
2022,MDG,SVK,0.03650289755458865
2022,SLB,HUN,0.0362822683700372
2022,SLB,SWE,0.035390057458923055
2022,BRN,ROU,0.035326586511421426
2022,FRO,ESP,0.034915484237950496
2022,UZB,BGR,0.03479772821568407
2022,PYF,MLT,0.03455803664586375
2022,PYF,DNK,0.03449723314213807
2022,VIR,CYP,0.03431341283944318
2022,SSD,SVK,0.03394844911326671
2022,GEO,CZE,0.03351766125275536
2022,MCO,HRV,0.03331802216227743
2022,SYC,FIN,0.033133050485219966
2022,VIR,SVK,0.03308681868970911
2022,MNG,NLD,0.03305083334380468
2022,PRK,DEU,0.03260469152429019
2022,MKD,LVA,0.03255617320408676
2022,MHL,LTU,0.03254041702351537
2022,VUT,GRC,0.03246260360544395
2022,ISL,BGR,0.03234778529514655
2022,SLV,BGR,0.032174202751414846
2022,MNG,CZE,0.032151068823125774
2022,LCA,PRT,0.0319879359838231
2022,LAO,BGR,0.0319193045758522
2022,GIN,HRV,0.03172769331676037
2022,VUT,FIN,0.0316615180778983
2022,FSM,GRC,0.031658298900433986
2022,FSM,LTU,0.03159639568748702
2022,FSM,LVA,0.0315650486471355
2022,PYF,BGR,0.03155125686316298
2022,BEN,BEL,0.031157196459634197
2022,SSD,SVN,0.030760167740127433
2022,MDG,HRV,0.030496863460040585
2022,SRB,CZE,0.030423536408983036
2022,LAO,DNK,0.030380523870865758
2022,GUY,FIN,0.030051063488535187
2022,MNG,ITA,0.029895421331316233
2022,SYC,BGR,0.02972830550897987
2022,GEO,ITA,0.029692435665513092
2022,QAT,PRT,0.02968040652317128
2022,VCT,GRC,0.029513671428515627
2022,LCA,HRV,0.029495701045844216
2022,VIR,EST,0.02948707641188134
2022,VUT,LTU,0.029069390955607014
2022,FSM,FIN,0.028682319574041375
2022,LAO,LTU,0.028038278284465333
2022,DJI,ROU,0.02800507175175633
2022,IMN,LVA,0.02795890543477811
2022,BRN,SVK,0.02730848100595728
2022,ROU,SVN,0.0270539275294945
2022,PNG,LTU,0.02677634363397914
2022,DJI,CZE,0.026479687494364138
2022,EST,CYP,0.02621985553228322
2022,ISL,HRV,0.026199607619421125
2022,MNG,LVA,0.025884815138198534
2022,BOL,LTU,0.025574795945940712
2022,CYP,GRC,0.025472254022153685
2022,MUS,DNK,0.025428487022197445
2022,VUT,SVN,0.02542009017754626
2022,MNG,CYP,0.02525292853862136
2022,SSD,HRV,0.025086719698611207
2022,VCT,SVK,0.02480399608136626
2022,BEN,SWE,0.024687962735215202
2022,MKD,DNK,0.024565553461804442
2022,BRN,HRV,0.024456554251261302
2022,IMN,DNK,0.02444297773563996
2022,GEO,FIN,0.024340098605700702
2022,ISL,IRL,0.023759545702053856
2022,GEO,EST,0.023414707820990928
2022,LCA,AUT,0.02333176716621302
2022,ALB,DEU,0.023075771447656327
2022,VIR,MLT,0.022914553379732795
2022,WLF,FRA,0.022816847790252816
2022,MNG,FIN,0.022630493215995282
2022,LIE,HRV,0.022147979014585366
2022,AUT,CZE,0.021889108790649304
2022,MDA,SVK,0.02187928022325005
2022,VIR,CZE,0.021852490239252797
2022,UGA,LVA,0.0216351180813696
2022,MNG,SVN,0.021524420459952315
2022,EST,LVA,0.021484477383878382
2022,LCA,LTU,0.02139907873945141
2022,MCO,IRL,0.0213844856059578
2022,BOL,SVN,0.021190317723551354
2022,BRN,CZE,0.02109063972044776
2022,SLV,LTU,0.021058779920166366
2022,ALB,NLD,0.020954730017043205
2022,LBN,DEU,0.020822429569756825
2022,FSM,SVN,0.020633294936786978
2022,CPV,HRV,0.020438077547315824
2022,BEN,IRL,0.02029436107252313
2022,GUY,SVN,0.020222635875489416
2022,BRN,NLD,0.020162884312509
2022,MNG,EST,0.0201068487791677
2022,SYC,SVK,0.02008209160942433
2022,IOT,NLD,0.019487970915055285
2022,SLV,FIN,0.019464544977681898
2022,VIR,AUT,0.019453306875535103
2022,MDA,CZE,0.019422376485193762
2022,LBN,BGR,0.019386185591041268
2022,VCT,DNK,0.01932797843042575
2022,GEO,SVN,0.019233013691801467
2022,PRK,SWE,0.01901968414764692
2022,SRB,FIN,0.01882871155067137
2022,LCA,LVA,0.018765072024199934
2022,GNQ,DNK,0.018642015452971252
2022,VCT,CZE,0.01857624261115087
2022,MDA,ROU,0.018550578623210162
2022,DJI,SVK,0.01848845152658024
2022,PRK,AUT,0.018290492787557244
2022,SYC,SVN,0.018163998587364956
2022,DJI,GRC,0.01796841704370095
2022,FSM,DNK,0.01778928557283242
2022,VUT,DNK,0.017638826457203757
2022,MUS,MLT,0.01758544130502472
2022,VUT,MLT,0.0174746374341444
2022,VCT,MLT,0.01740214549268209
2022,PLW,IRL,0.01729604619489044
2022,BRN,LVA,0.017127863014234843
2022,MNG,GRC,0.017024709542668617
2022,VUT,BGR,0.016790864149986266
2022,FSM,MLT,0.01662160509791865
2022,LTU,HUN,0.01660095741931683
2022,LTU,IRL,0.016562298946246185
2022,MDG,LVA,0.016522632677149082
2022,MDA,FIN,0.01639572999984041
2022,LCA,GRC,0.01619727923975717
2022,FSM,BGR,0.01614733572633509
2022,SLB,ROU,0.016003410483525795
2022,VIR,PRT,0.01592454225457134
2022,DJI,FIN,0.015910125763958647
2022,GEO,MLT,0.015850398650687637
2022,BRN,FIN,0.01576418176711908
2022,VCT,LTU,0.015644911094820493
2022,GEO,GRC,0.015440314238823425
2022,SYC,HRV,0.015392142101944648
2022,ALB,ESP,0.01520758887869902
2022,BRN,CYP,0.014830554195311405
2022,VIR,LUX,0.014797336967303001
2022,VIR,DNK,0.014676391326956178
2022,MDA,SVN,0.014505990793598383
2022,GUF,IRL,0.014364057567418959
2022,MCO,DNK,0.014273939407285306
2022,SLV,GRC,0.014156453841516118
2022,VIR,FIN,0.01383238284416334
2022,LIE,IRL,0.013825563128600775
2022,VCT,BGR,0.013782431789695834
2022,SLV,SVN,0.013639482584675726
2022,BRN,SVN,0.013551358937101427
2022,BEL,BGR,0.013478584168313856
2022,DJI,LTU,0.01342315426929616
2022,BRN,ITA,0.013362047026156046
2022,DJI,SVN,0.013351280398734587
2022,SSD,LUX,0.013337717595875839
2022,SSD,MLT,0.01325293360469694
2022,GRL,DEU,0.012191149210643808
2022,GNQ,LVA,0.012006581452001631
2022,BEN,CZE,0.011996848914640604
2022,SLB,SVK,0.011622646566473792
2022,BEN,LTU,0.011598296344529321
2022,BRN,EST,0.011563319447210101
2022,MDA,GRC,0.011477293747571796
2022,LCA,BGR,0.011385689698762254
2022,GIN,MLT,0.01137309087025242
2022,VIR,BGR,0.011366369903509515
2022,VCT,FIN,0.011281471260401448
2022,NRU,FRA,0.011220692064745045
2022,LCA,CZE,0.011167538587452295
2022,GIN,LUX,0.01115622247979154
2022,MUS,LUX,0.01104044076602817
2022,LBN,NLD,0.011024697381575436
2022,GEO,BGR,0.010904567693314483
2022,BRN,GRC,0.010865330656267292
2022,FRO,BEL,0.010857653946952674
2022,MNG,MLT,0.010767662428788013
2022,LCA,SVK,0.010750020512385057
2022,PRK,ROU,0.010737506711600796
2022,SRB,DNK,0.010736784620763851
2022,IOT,ESP,0.01062933600104598
2022,BEN,ROU,0.010354866605909322
2022,GEO,LUX,0.010235577626739009
2022,VIR,HUN,0.010214651033996734
2022,GEO,DNK,0.01015191740509771
2022,MNG,PRT,0.010145464784146694
2022,LVA,IRL,0.010074995409011628
2022,VCT,SVN,0.009498116158499577
2022,NGA,MLT,0.009337171578983556
2022,SLB,CZE,0.009102410796606512
2022,SLB,HRV,0.008999783879949604
2022,MNG,BGR,0.00853169083333067
2022,GUF,NLD,0.008325859336840883
2022,FRO,POL,0.008128313102677975
2022,LCA,DNK,0.008056755623791677
2022,MNE,PRT,0.007838983067260248
2022,PRK,HRV,0.007805737214445314
2022,DJI,BGR,0.0078034706143369666
2022,GEO,PRT,0.007777394333706886
2022,MNG,DNK,0.007767151444639428
2022,SLB,NLD,0.00775146407515468
2022,LCA,MLT,0.007498173410298341
2022,LVA,DNK,0.007390412600350869
2022,WLF,IRL,0.0073422895375678705
2022,LBN,ITA,0.0073061235971263365
2022,BEN,GRC,0.007264289667731414
2022,VIR,LTU,0.007260569884836495
2022,MCO,LVA,0.007238870033007346
2022,BRN,MLT,0.0071702950409800225
2022,SRB,SVK,0.007096844200585734
2022,GEO,HUN,0.007065653355029296
2022,MNE,POL,0.007024770387320041
2022,PRK,SVK,0.0069150390732301645
2022,SLB,FIN,0.006882450026169971
2022,DJI,PRT,0.0068257745038537015
2022,LCA,FIN,0.0067230621682052155
2022,GRL,ESP,0.0064289295184772974
2022,REU,NLD,0.006419782595613198
2022,GRL,NLD,0.006398164018911801
2022,PRK,NLD,0.006397270800368338
2022,ALB,POL,0.006379929516563424
2022,GRL,BEL,0.0063077111600566
2022,GIN,LVA,0.006297288758726665
2022,SLB,LVA,0.006233282313311259
2022,SYC,LUX,0.0061532919130848265
2022,MDA,PRT,0.0061415043290009705
2022,SYC,MLT,0.006139244303805846
2022,SLB,SVN,0.006123175882299078
2022,GRL,LUX,0.006103217862977577
2022,NGA,LUX,0.006029586171116351
2022,SLB,CYP,0.00596206549425087
2022,LIE,LVA,0.005926350636889695
2022,LBN,CYP,0.005870884869323056
2022,BEN,PRT,0.005743645861634957
2022,MDA,CYP,0.00572662049895602
2022,BRN,BGR,0.005522605696955399
2022,VIR,SVN,0.005370214181888192
2022,FRO,DEU,0.00534759037657071
2022,PRK,LVA,0.00530949234429081
2022,CPV,LVA,0.005250653710041065
2022,PRK,CZE,0.005216118755550954
2022,EST,FRA,0.005104800369820308
2022,ISL,LVA,0.005025179156728598
2022,GEO,LTU,0.005022263589375602
2022,BEN,BGR,0.004992360281735183
2022,VIR,GRC,0.00495828480737435
2022,BEN,HUN,0.004918680203375892
2022,SSD,DNK,0.004901012659540107
2022,SLB,GRC,0.0048907481557894095
2022,SLB,ITA,0.004842120421614411
2022,ISL,DNK,0.004730879553483683
2022,IOT,DEU,0.004635087915987
2022,BRN,LUX,0.004630300670411771
2022,BRN,DNK,0.004592455030968761
2022,SLB,EST,0.004586421578952443
2022,MDA,HUN,0.00446598387223845
2022,ALB,PRT,0.0044311947191851084
2022,PRK,CYP,0.0043757544750984995
2022,IOT,POL,0.004364487169866933
2022,FRO,AUT,0.004308428927959488
2022,LCA,SVN,0.004279687551993937
2022,GIN,DNK,0.004107673777200287
2022,PRK,ITA,0.0040816107742511504
2022,EST,HUN,0.004012301036364323
2022,MDA,EST,0.0038930361750378183
2022,REU,ESP,0.0038821913232549377
2022,SSD,LVA,0.0038602862742650097
2022,FLK,IRL,0.0037857791021326894
2022,NRU,IRL,0.0036636248514305956
2022,MNG,LTU,0.003609244479686475
2022,DJI,HRV,0.0035606751461864142
2022,PRK,EST,0.0035605170385544864
2022,BRN,PRT,0.0035173830357977227
2022,FRO,SWE,0.003455331497573769
2022,PRK,SVN,0.0033669261473929157
2022,PRK,FIN,0.0033273210488451435
2022,PLW,ESP,0.0032765261007838436
2022,FRO,HUN,0.003263259763023966
2022,UGA,DNK,0.0032242528605396894
2022,BRN,HUN,0.003196311987437144
2022,GRL,POL,0.003168456296549726
2022,SRB,LVA,0.003127808176259499
2022,UGA,MLT,0.00308650331660656
2022,BEN,FIN,0.0029473524855198256
2022,MDA,NLD,0.0029363455001263526
2022,GUF,DEU,0.002874109741405651
2022,GRL,ITA,0.0028449155650123303
2022,MDA,LTU,0.002732105466546014
2022,MDA,ITA,0.002727908449403846
2022,LIE,DNK,0.0026316476917504286
2022,GRL,HUN,0.002624350575596869
2022,SLB,MLT,0.002581385477635265
2022,PRK,GRC,0.0025337333957165297
2022,MDA,BGR,0.0025274825085235216
2022,IOT,BEL,0.00236002269588022
2022,SYC,DNK,0.002322549697848158
2022,BRN,LTU,0.0022719372870683065
2022,PRK,MLT,0.0022641589577134507
2022,IOT,CYP,0.0022334741767901893
2022,GRL,FRA,0.0022149385349248783
2022,GRL,HRV,0.002192346790238184
2022,SLB,BGR,0.002190819520005183
2022,BEL,IRL,0.0021880196459952354
2022,GRL,ROU,0.002176340954245875
2022,BEN,AUT,0.0021742188135534927
2022,SYC,LVA,0.0021419854137651926
2022,HTI,IRL,0.0020306821270770076
2022,EST,CZE,0.002025645042238029
2022,UGA,LUX,0.0019931450929748886
2022,IOT,EST,0.001976022420255576
2022,LBN,PRT,0.001923240888740268
2022,MDA,HRV,0.0019182870717859737
2022,GUF,POL,0.00175657016233824
2022,BEN,HRV,0.0016709524655046598
2022,SLB,DNK,0.0016648017556808704
2022,SLB,LUX,0.0016632857744351755
2022,WLF,ESP,0.0016419691352740865
2022,IOT,SWE,0.0016374931689464723
2022,DMA,IRL,0.0016010862534134962
2022,GRL,LVA,0.0015382860874036844
2022,ALB,GRC,0.001535556190493572
2022,PRK,BGR,0.0015210063529134106
2022,GRL,SWE,0.001515265708381128
2022,FLK,NLD,0.0015111515834708782
2022,GUF,BEL,0.0014791980809599327
2022,IOT,HUN,0.0014433803239088333
2022,PRK,LUX,0.0014146127865712315
2022,PLW,BEL,0.0013938612027722351
2022,PRK,DNK,0.0013793933506605978
2022,GUF,SWE,0.0013593546536324642
2022,IOT,ITA,0.00132502111143045
2022,IOT,IRL,0.0013133590811236998
2022,PLW,DEU,0.0012960124438805064
2022,SLB,PRT,0.0012732525590979581
2022,GUF,LUX,0.0012162068418738764
2022,GUF,ESP,0.0011791868226742296
2022,GRL,PRT,0.0011720813642079001
2022,GRL,AUT,0.0011696690273371615
2022,GRL,CYP,0.0011382899377307852
2022,GUF,CYP,0.0011152705666452488
2022,PLW,POL,0.0010972211905190656
2022,REU,DEU,0.001084880949916608
2022,PRK,PRT,0.0010803339514786283
2022,EST,SVK,0.0010797617325624944
2022,CPV,MLT,0.0010794759379008365
2022,REU,POL,0.0010646296181408316
2022,PLW,SWE,0.0010351352984845493
2022,PLW,HUN,0.0010141084214432491
2022,GUF,EST,0.0009830161094281477
2022,GRL,EST,0.0009566834079029898
2022,FRO,SVK,0.0009299641689089392
2022,FRO,ITA,0.000928723668074649
2022,EST,IRL,0.0009186316914710687
2022,FRO,ROU,0.0009130324419382913
2022,NRU,ESP,0.0009062426873698377
2022,GRL,SVK,0.000895543389685225
2022,LBN,GRC,0.0008362367715799205
2022,SLB,LTU,0.0008252937683637415
2022,GUF,ITA,0.00082527443914729
2022,FRO,CZE,0.0008232808446334805
2022,GUF,HUN,0.0008155879741655466
2022,ALB,AUT,0.0007711730376932872
2022,GUF,FRA,0.0007443480847665837
2022,REU,CYP,0.0007345920366940073
2022,PRK,LTU,0.0006999257441379195
2022,CPV,LUX,0.0006970840293724454
2022,BEL,CZE,0.0006920644144554868
2022,CPV,DNK,0.0006913864315888517
2022,MNE,DEU,0.0006832884020615239
2022,REU,FRA,0.0006630355030862684
2022,IOT,AUT,0.0006601920125901886
2022,REU,EST,0.0006523161744567034
2022,FRO,SVN,0.0006505947543876254
2022,GRL,MLT,0.0006454215529027997
2022,FRO,FIN,0.0006304276641680271
2022,ALB,HRV,0.0006205994060756365
2022,BEL,SVK,0.000606649163534697
2022,WLF,BEL,0.0006021451212921929
2022,WLF,DEU,0.0006009052697340707
2022,MNE,ESP,0.0005988681981699446
2022,IOT,ROU,0.0005901150950228476
2022,GIB,IRL,0.0005850058697440183
2022,GRL,CZE,0.0005783245454768722
2022,ALB,ROU,0.0005690057503185846
2022,DJI,LVA,0.0005525209124179788
2022,FRO,GRC,0.0005423045607690448
2022,REU,ITA,0.0005357675193171281
2022,WLF,POL,0.0005305840773828442
2022,FLK,DEU,0.0005290764642192595
2022,MNE,FRA,0.0005062848164744077
2022,GRL,DNK,0.0005032304318091153
2022,MDA,LVA,0.0005005465118059866
2022,GRL,GRC,0.0004988560186514603
2022,IOT,LUX,0.0004882948443904435
2022,PLW,AUT,0.0004779741057351685
2022,WLF,SWE,0.00047408369425581823
2022,IOT,CZE,0.0004357072974982214
2022,REU,IRL,0.00043110075637463736
2022,LUX,MLT,0.00043083706548456086
2022,GUF,ROU,0.00042893891902900304
2022,WLF,HUN,0.00042689178797969965
2022,NRU,DEU,0.0004241320825996272
2022,PLW,LUX,0.00041322390092580536
2022,GRD,IRL,0.00041297490309903916
2022,PLW,ITA,0.0004004894345360433
2022,WLF,ITA,0.0003862009906296885
2022,NRU,NLD,0.0003790886697972645
2022,PLW,ROU,0.0003571118732995954
2022,IOT,LTU,0.0003496425172205942
2022,NRU,BEL,0.00034928474933390704
2022,NRU,POL,0.0003489164301565485
2022,ALB,SVN,0.0003422997278038411
2022,NRU,SWE,0.00033414142488964233
2022,GRL,BGR,0.00033314177807386674
2022,BEN,SVN,0.0003186586202810262
2022,FLK,POL,0.00028572454063737824
2022,FLK,BEL,0.0002824265418368579
2022,REU,BEL,0.00027879335848557835
2022,NRU,ITA,0.0002766616650502576
2022,IOT,GRC,0.0002703066638964713
2022,WLF,AUT,0.0002694571503566953
2022,WLF,NLD,0.00026231511184735863
2022,NRU,HUN,0.0002476151589402381
2022,FLK,LUX,0.0002428592682933656
2022,FRO,CYP,0.00024265974977285954
2022,IOT,PRT,0.00024155117691917127
2022,MTQ,IRL,0.00023931238587348574
2022,STP,ITA,0.0002356285395407772
2022,STP,ESP,0.00022977733859046073
2022,FLK,ESP,0.00022660322153777957
2022,GUF,PRT,0.0002257182484172928
2022,PLW,NLD,0.00022501165237747401
2022,GRL,FIN,0.00022388742147006589
2022,PLW,CYP,0.0002215723480861814
2022,REU,SWE,0.00021984059536814366
2022,GRL,LTU,0.00021964844584856542
2022,GRL,SVN,0.00021856047998068147
2022,IOT,FIN,0.00021771822710800416
2022,GUF,HRV,0.00020897145660294964
2022,MNE,CZE,0.0002008997912072856
2022,ALB,FRA,0.00019632524078575038
2022,PLW,EST,0.00019121422622135685
2022,FRO,PRT,0.0001909929704520493
2022,WLF,ROU,0.00018564455417389102
2022,TON,IRL,0.00018385788581538285
2022,ALB,CYP,0.00018211068060666603
2022,FLK,HUN,0.00018117133714227272
2022,ESP,LTU,0.0001784500489400083
2022,FLK,CYP,0.00017624726685835004
2022,PLW,HRV,0.0001674727848987655
2022,FLK,SWE,0.00016422586934584818
2022,GUF,AUT,0.0001638397689542864
2022,GUF,LTU,0.00015980312081434976
2022,WLF,LUX,0.0001588917706347159
2022,NRU,AUT,0.00015615954541038787
2022,FLK,EST,0.00015481695113507758
2022,FLK,ITA,0.0001499893225117358
2022,IOT,BGR,0.0001492372238362518
2022,ALB,LVA,0.00014922098994936422
2022,PLW,SVK,0.0001471466029901462
2022,FRO,EST,0.00014298373789468262
2022,IOT,MLT,0.00013963855449077768
2022,GUF,LVA,0.00013284033770503593
2022,EST,SWE,0.00012887533884707323
2022,NRU,ROU,0.0001259235853080145
2022,IOT,SVK,0.0001258970371661035
2022,REU,CZE,0.0001230859984528004
2022,STP,LTU,0.00012306127160299145
2022,NRU,LUX,0.00012259611186769413
2022,EST,BEL,0.0001222339206709494
2022,MNE,GRC,0.00011841394965046121
2022,STP,SVK,0.00011778070134908246
2022,WLF,CYP,0.00011757265862840106
2022,IOT,SVN,0.0001170251176599994
2022,GUF,GRC,0.00011577644377550282
2022,IOT,HRV,0.0001157389929035528
2022,PLW,CZE,0.00011514672006996798
2022,NRU,CYP,0.00010872135890168297
2022,FRO,BGR,0.00010844056463221669
2022,PLW,LVA,0.00010793898299517694
2022,MNE,SVK,0.00010708880485090035
2022,REU,ROU,0.00010439423518551915
2022,REU,LTU,0.00010335773878089367
2022,WLF,EST,0.00010140344705390757
2022,NRU,EST,9.503719007050113e-05
2022,FRO,HRV,9.202910640830592e-05
2022,MNE,IRL,9.110822042593923e-05
2022,FRO,IRL,8.933721412432758e-05
2022,STP,ROU,8.403583247246651e-05
2022,GUF,BGR,8.277835913484571e-05
2022,GUF,CZE,8.109705669881775e-05
2022,PLW,FIN,7.895019714175226e-05
2022,WLF,HRV,7.879963029308399e-05
2022,ALB,CZE,7.790417290653842e-05
2022,GUF,SVK,7.70570807828287e-05
2022,PLW,PRT,7.607440331906638e-05
2022,PLW,SVN,7.54635091706326e-05
2022,STP,SWE,7.433739665265517e-05
2022,PLW,GRC,6.851883862458564e-05
2022,REU,GRC,6.815304676351065e-05
2022,WLF,SVK,6.71244217008486e-05
2022,STP,AUT,6.6993601587401e-05
2022,FLK,FRA,6.331798985508012e-05
2022,FLK,ROU,6.267042051519945e-05
2022,IOT,DNK,5.7269989356663506e-05
2022,GUF,DNK,5.6854681357764224e-05
2022,WLF,CZE,5.399512211816738e-05
2022,GUF,MLT,5.353600917514195e-05
2022,MDA,IRL,5.308647609430695e-05
2022,STP,EST,5.1392766876926665e-05
2022,REU,PRT,5.09637220121187e-05
2022,WLF,LVA,5.089861464293183e-05
2022,GUF,FIN,4.9602739821999876e-05
2022,REU,HUN,4.932262961843613e-05
2022,GGY,MLT,4.545123129693526e-05
2022,FLK,HRV,4.5141652436436366e-05
2022,PLW,MLT,4.501516736440155e-05
2022,REU,BGR,4.4549149912893375e-05
2022,WLF,PRT,4.41714274897731e-05
2022,NRU,HRV,4.41460710585664e-05
2022,FLK,PRT,4.3919312803303866e-05
2022,PLW,LTU,4.181028248234114e-05
2022,ALB,SVK,4.1526497958632745e-05
2022,DJI,MLT,4.0066925074906135e-05
2022,PLW,DNK,3.840551637926303e-05
2022,WLF,FIN,3.7877357469597356e-05
2022,WLF,GRC,3.579362589243166e-05
2022,MAF,ESP,3.5560165627234074e-05
2022,ALB,IRL,3.532960644018821e-05
2022,NRU,SVK,3.525703823714468e-05
2022,PLW,BGR,3.5205246444859304e-05
2022,WLF,SVN,3.4009375541952366e-05
2022,IOT,LVA,3.316580935492543e-05
2022,NRU,PRT,3.300982893971799e-05
2022,FLK,AUT,3.294783219467095e-05
2022,NRU,CZE,3.106907767068126e-05
2022,GUF,SVN,3.070792010525227e-05
2022,FLK,LVA,2.946211574409816e-05
2022,MNE,AUT,2.8843346599983386e-05
2022,NRU,LVA,2.813469343889006e-05
2022,ALB,HUN,2.7867539988215583e-05
2022,REU,FIN,2.6008227141991186e-05
2022,DJI,LUX,2.5873678694582598e-05
2022,DJI,DNK,2.5662200869568614e-05
2022,FLK,LTU,2.536189040457265e-05
2022,REU,AUT,2.3632357564139176e-05
2022,NRU,GRC,2.3364116224728648e-05
2022,WLF,LTU,2.2549164531413684e-05
2022,NRU,FIN,2.2436381970245276e-05
2022,WLF,MLT,2.2398536000887156e-05
2022,FRO,LVA,2.2392675291555156e-05
2022,STP,FRA,2.2088014115980048e-05
2022,WLF,DNK,2.2068018139833564e-05
2022,STP,DEU,2.157587236901513e-05
2022,FLK,GRC,2.129633338736818e-05
2022,PSE,ESP,2.1097360492060714e-05
2022,NRU,LTU,1.9778675218799733e-05
2022,REU,HRV,1.8747264890813872e-05
2022,STP,POL,1.831274616654491e-05
2022,NRU,SVN,1.7937143642879354e-05
2022,WLF,BGR,1.729754125516016e-05
2022,FRO,DNK,1.7240901276587007e-05
2022,FLK,SVK,1.6749222962874155e-05
2022,FLK,CZE,1.6382452080340177e-05
2022,FLK,BGR,1.5277159191154585e-05
2022,NRU,MLT,1.4412069507403333e-05
2022,NRU,DNK,1.4405114565486684e-05
2022,STP,PRT,1.289077676088321e-05
2022,MNE,SWE,1.2781621718649955e-05
2022,HTI,DEU,1.216643903404153e-05
2022,MNE,BEL,1.2122937942824455e-05
2022,FLK,MLT,1.2080353306304353e-05
2022,FLK,DNK,1.188974367087468e-05
2022,NRU,BGR,1.1354691471035268e-05
2022,HTI,ESP,1.0568705502949119e-05
2022,DMA,DEU,9.247952732167855e-06
2022,FLK,FIN,8.792974257881704e-06
2022,HTI,ITA,8.776825087052531e-06
2022,HTI,FRA,8.270799407210284e-06
2022,HTI,POL,7.981103581304e-06
2022,SWE,BEL,7.309274363282204e-06
2022,HTI,HRV,7.030062173143657e-06
2022,HTI,ROU,6.746714511408215e-06
2022,GRD,ESP,6.2187343755605115e-06
2022,HTI,NLD,6.188415531818052e-06
2022,DMA,FRA,6.170265365504103e-06
2022,STP,GRC,6.073008912386503e-06
2022,FLK,SVN,6.0150926457421615e-06
2022,GRD,ITA,5.957701405884994e-06
2022,DMA,POL,5.955153789718493e-06
2022,DMA,HRV,5.542838238709438e-06
2022,HTI,LVA,5.131181979212667e-06
2022,HTI,SWE,5.1290786985459155e-06
2022,MAF,FRA,5.126509928972499e-06
2022,HTI,BEL,4.999934143902113e-06
2022,ALB,SWE,4.956409672762081e-06
2022,DMA,ROU,4.913400774673734e-06
2022,DMA,NLD,4.879243654177503e-06
2022,STP,DNK,4.87411887425862e-06
2022,DMA,ESP,4.7316432640745744e-06
2022,ALB,BEL,4.700987731035441e-06
2022,STP,CZE,4.375062478870503e-06
2022,DMA,LVA,4.045670007415959e-06
2022,DMA,SWE,4.043879202170176e-06
2022,DMA,BEL,3.9420622674910576e-06
2022,REU,SVN,3.4889368554918747e-06
2022,HTI,CYP,3.316320198235257e-06
2022,DMA,ITA,3.233499838053697e-06
2022,HTI,AUT,3.198157814759728e-06
2022,HTI,SVK,3.179380632911118e-06
2022,PSE,FRA,3.0414883094590896e-06
2022,GRD,DEU,2.8566258065654924e-06
2022,HTI,EST,2.833818199966775e-06
2022,DMA,CYP,2.5983005928964364e-06
2022,DMA,SVK,2.505666256015584e-06
2022,MAF,ITA,2.3641980497175802e-06
2022,DMA,EST,2.2328378841903938e-06
2022,HTI,MLT,2.200715161163226e-06
2022,MAF,IRL,2.1754868854394694e-06
2022,HTI,CZE,2.1019421624853113e-06
2022,GRD,FRA,2.0733770379406495e-06
2022,GRD,POL,1.925575406173657e-06
2022,HTI,PRT,1.9111335266935638e-06
2022,GRD,AUT,1.8368126092466338e-06
2022,GRD,ROU,1.8316457614904878e-06
2022,DMA,MLT,1.7351493980242308e-06
2022,STP,CYP,1.6875422648160154e-06
2022,DMA,CZE,1.655189758630059e-06
2022,HTI,DNK,1.5062418647169743e-06
2022,STP,FIN,1.489097632980342e-06
2022,DMA,AUT,1.4731212445087067e-06
2022,GRD,HRV,1.4296865800829528e-06
2022,HTI,LUX,1.4211371816475056e-06
2022,PSE,ITA,1.4026464064419008e-06
2022,MTQ,DEU,1.3879966368053026e-06
2022,HTI,FIN,1.3580120589696135e-06
2022,MAF,DEU,1.3397148167172885e-06
2022,PSE,IRL,1.2906866505907445e-06
2022,GRD,NLD,1.2585229575374882e-06
2022,DMA,PRT,1.2238954731192328e-06
2022,DMA,LUX,1.1204927238026273e-06
2022,DMA,DNK,1.1113344063105197e-06
2022,FRO,LTU,1.0954971296353071e-06
2022,HTI,BGR,1.0916268870493025e-06
2022,TON,DEU,1.0582443015667071e-06
2022,DMA,FIN,1.0474238955282922e-06
2022,GRD,LVA,1.0435159512057883e-06
2022,GRD,SWE,1.0430933854529325e-06
2022,GRD,BEL,1.0168293060854681e-06
2022,HTI,HUN,9.810157337123003e-07
2022,MAF,CZE,9.519464425416317e-07
2022,MTQ,POL,9.489228935301238e-07
2022,MTQ,FRA,9.264979749612783e-07
2022,DMA,BGR,8.606910014331361e-07
2022,MTQ,HRV,8.284785484817588e-07
2022,PSE,DEU,7.948344993982005e-07
2022,DMA,HUN,7.734798622932489e-07
2022,MTQ,ROU,7.343976076160271e-07
2022,MTQ,NLD,7.292922012537402e-07
2022,MTQ,ESP,7.122447629728491e-07
2022,TON,FRA,7.057890382207564e-07
2022,HTI,LTU,7.032332412150162e-07
2022,GRD,CYP,6.930461936748922e-07
2022,GRD,SVK,6.466262204681963e-07
2022,TON,POL,6.454962418005119e-07
2022,TON,HRV,6.365036706116052e-07
2022,GRD,PRT,6.201199824321762e-07
2022,MTQ,LVA,6.046993744058028e-07
2022,MTQ,SWE,6.045387224027954e-07
2022,HTI,GRC,5.986070652520992e-07
2022,MTQ,BEL,5.893148044145602e-07
2022,GRD,EST,5.779822415596774e-07
2022,PSE,CZE,5.647768201634694e-07
2022,TON,ROU,5.642231459011333e-07
2022,TON,NLD,5.603007632449806e-07
2022,DMA,LTU,5.497891779173664e-07
2022,TON,ESP,5.400814836693045e-07
2022,REU,LVA,5.365380414910486e-07
2022,HTI,SVN,5.172813940240947e-07
2022,MTQ,ITA,4.833056887062366e-07
2022,TON,LVA,4.645785604602281e-07
2022,TON,SWE,4.6430312862698587e-07
2022,TON,BEL,4.526147271956059e-07
2022,GRD,MLT,4.4755406922570643e-07
2022,GRD,CZE,4.275481588846051e-07
2022,DMA,SVN,4.066465425071768e-07
2022,GRD,DNK,3.926372072281699e-07
2022,MTQ,CYP,3.8836354427390606e-07
2022,DMA,GRC,3.757268088843237e-07
2022,MTQ,SVK,3.7541427010001297e-07
2022,TON,ITA,3.713141944987398e-07
2022,MTQ,EST,3.337384584616434e-07
2022,REU,SVK,3.3162698680232674e-07
2022,MAF,HUN,3.295938244079023e-07
2022,GRD,FIN,3.025462423565598e-07
2022,TON,CYP,2.983720241339677e-07
2022,GRD,LUX,2.890131988903577e-07
2022,TON,SVK,2.8714979409518424e-07
2022,MTQ,MLT,2.593498119131146e-07
2022,TON,EST,2.564046519060498e-07
2022,MTQ,CZE,2.4908045366604213e-07
2022,MTQ,PRT,2.4856696021499056e-07
2022,MAF,AUT,2.330689051041567e-07
2022,REU,MLT,2.301160643363798e-07
2022,GRD,GRC,2.293329788028219e-07
2022,GRD,BGR,2.2200149478538972e-07
2022,MTQ,AUT,2.2042640858534857e-07
2022,MAF,GRC,2.050172424678802e-07
2022,GRD,HUN,1.995067745910882e-07
2022,TON,MLT,1.9925332714726466e-07
2022,PSE,HUN,1.9554351355903216e-07
2022,TON,CZE,1.8897437159767347e-07
2022,MAF,HRV,1.7912045429307966e-07
2022,TON,AUT,1.6900622583656907e-07
2022,MTQ,LUX,1.674781304129333e-07
2022,MTQ,DNK,1.6610925236604967e-07
2022,MTQ,FIN,1.565566576618038e-07
2022,REU,LUX,1.486001009553473e-07
2022,GRD,LTU,1.483048614363471e-07
2022,REU,DNK,1.4738552198040337e-07
2022,MAF,BEL,1.4666923774036616e-07
2022,PSE,AUT,1.3827659752817487e-07
2022,TON,LUX,1.2867013267917855e-07
2022,MTQ,BGR,1.2864601145651718e-07
2022,TON,DNK,1.2761845077014445e-07
2022,PSE,GRC,1.216339292897022e-07
2022,TON,FIN,1.202793813346594e-07
2022,MTQ,HUN,1.1561071169592425e-07
2022,GRD,SVN,1.0655982536345448e-07
2022,PSE,HRV,1.0626971863226162e-07
2022,TON,BGR,9.883618429429821e-08
2022,TON,PRT,9.774357522647375e-08
2022,TON,HUN,8.882142149766963e-08
2022,PSE,BEL,8.70168551558837e-08
2022,MTQ,LTU,8.217604780723537e-08
2022,MAF,SWE,7.77984688792021e-08
2022,STP,SVN,7.688520454465833e-08
2022,TON,LTU,6.313423100877271e-08
2022,MTQ,SVN,6.078076299046263e-08
2022,MTQ,GRC,5.7150686939383996e-08
2022,TON,SVN,4.669665716378565e-08
2022,PSE,SWE,4.6156768809250334e-08
2022,TON,GRC,4.2499497732498554e-08
2022,MAF,SVN,3.4159126610405786e-08
2022,MAF,BGR,2.409710319263986e-08
2022,PSE,SVN,2.0266143182464407e-08
2022,MAF,EST,1.558935848662271e-08
2022,PSE,BGR,1.4296482142371097e-08
2022,PSE,EST,9.248953429518301e-09
2022,LVA,LUX,1.351275561090163e-11
2022,STP,HRV,1.6048513619918509e-15
2022,STP,NLD,1.334739096609665e-15
2022,STP,BEL,7.690277832614125e-16
2022,STP,IRL,5.738039611598386e-16
2022,STP,LUX,3.5803736626635864e-16
2022,STP,BGR,2.2672140323821954e-16
2022,STP,HUN,1.59433314530149e-16
