year,iso_responsible,iso_affected,shifted_profit_musd
2016,NLD,BEL,19221.999717681858
2016,NLD,DEU,3011.5909094736894
2016,NLD,FRA,2426.601241833627
2016,ESP,ITA,1857.5508967201542
2016,NLD,IRL,1393.9123985406231
2016,NLD,POL,1246.3873099165396
2016,NLD,ITA,1110.3921238533248
2016,SWE,DEU,1099.6243725450252
2016,GBR,BEL,1096.302612511643
2016,CHL,ITA,1005.5424679076358
2016,NLD,GRC,886.2609885360752
2016,LUX,ITA,866.9942606807285
2016,SWE,POL,835.1540286295998
2016,DNK,DEU,820.3558976011496
2016,SWE,FRA,724.7554491677907
2016,DEU,ITA,656.7112692328652
2016,NLD,CYP,639.3000871291492
2016,SWE,ROU,638.6309411981142
2016,IRL,ITA,629.5443477136797
2016,NLD,ROU,618.7833708588632
2016,GBR,ITA,574.2746486123915
2016,SWE,BEL,535.1542478127135
2016,NLD,EST,534.8736967852751
2016,SWE,ESP,530.1252163956261
2016,LUX,POL,492.3073003328591
2016,SWE,CYP,468.98246364256954
2016,SWE,HRV,462.89314073703605
2016,SWE,EST,399.88102599103735
2016,CHE,POL,378.1634931245333
2016,DNK,ESP,369.22411166534795
2016,SWE,ITA,348.8387327734138
2016,SWE,LVA,329.8500865401259
2016,KAZ,ITA,323.29190600168783
2016,HKG,POL,315.052496374502
2016,NLD,PRT,262.75976369720104
2016,PAN,IRL,238.5545098030761
2016,LUX,CYP,237.9260921989242
2016,NLD,SWE,231.73632796569387
2016,VGB,IRL,219.0167158512993
2016,HKG,IRL,211.78174727988278
2016,NLD,ESP,211.75224461978723
2016,IRL,POL,210.30487686033703
2016,LUX,EST,200.60201171387686
2016,CHE,CYP,183.67423509790794
2016,SWE,SVK,181.99064299937308
2016,ESP,PRT,176.58548649198013
2016,ESP,BEL,175.50406758120147
2016,HRV,ITA,173.71503944460162
2016,BMU,ITA,167.66070343078266
2016,NLD,HRV,167.61162193824237
2016,SVK,ITA,161.34603290578667
2016,SWE,CZE,159.35432703645083
2016,CYM,IRL,155.92493431878256
2016,CHE,EST,154.90052415477484
2016,HKG,CYP,154.42906849098677
2016,PAN,BEL,154.05918136251333
2016,SWE,AUT,152.94699881087686
2016,LUX,IRL,151.11567832499745
2016,CHE,ITA,150.55929018138943
2016,DEU,POL,149.60002181916607
2016,GBR,DEU,145.0652353400487
2016,VGB,BEL,141.29469256526113
2016,DNK,POL,140.28114750928924
2016,CHE,IRL,134.9471980024467
2016,NLD,FIN,132.2925694537774
2016,BGR,ITA,131.21685267790505
2016,HKG,EST,130.11504771853038
2016,HKG,ITA,124.57553660684329
2016,SWE,FIN,122.35327168634173
2016,PAN,DEU,122.29854942765968
2016,DNK,FRA,120.66208041697458
2016,GBR,FRA,120.10528507407278
2016,NLD,DNK,118.18885825983978
2016,BMU,IRL,110.98998206527993
2016,PAN,POL,108.25487619778069
2016,VGB,DEU,107.31899670848266
2016,SWE,DNK,102.1015299762679
2016,SWE,PRT,101.59715961559698
2016,IRL,CYP,100.78070250372319
2016,NLD,LVA,99.76117313034501
2016,CYM,BEL,95.52664620543224
2016,AUT,ITA,94.6992026795985
2016,VGB,POL,94.32919809467414
2016,SWE,BGR,93.88507547831789
2016,LUX,DEU,93.61023236218821
2016,CHL,PRT,91.80320033968404
2016,PAN,FRA,90.12551907408167
2016,IRL,EST,84.95659687463511
2016,MLT,IRL,82.31664611174811
2016,NLD,SVK,82.08693643434293
2016,SWE,HUN,81.93143659933735
2016,DNK,ITA,81.35074144216452
2016,PAN,ITA,79.78095146980311
2016,VGB,FRA,79.6224774413165
2016,SWE,LTU,77.39092744486817
2016,ASM,IRL,75.35741975976335
2016,DNK,BEL,75.31355988630145
2016,BMU,BEL,74.75584453327113
2016,CHL,POL,74.16862533024504
2016,PAN,CYP,73.42250293785958
2016,DNK,AUT,73.09139944250973
2016,CYM,DEU,71.94226496434075
2016,PAN,ROU,71.82299694059637
2016,HKG,DEU,71.41774428628302
2016,LUX,PRT,69.92400540328859
2016,NLD,LTU,69.37403687275436
2016,LUX,ROU,69.07100643930882
2016,JEY,IRL,68.3659631510176
2016,LUX,FRA,66.17765902316695
2016,DEU,CYP,64.92564327049934
2016,ASM,ITA,64.46684391135841
2016,VGB,CYP,64.23849444304216
2016,GBR,IRL,63.85903534927538
2016,CYM,POL,63.65141423185798
2016,GBR,PRT,63.22211001806128
2016,PAN,EST,62.84872322347224
2016,DNK,CZE,62.81815362525464
2016,VGB,ROU,62.412824779532386
2016,LUX,SWE,60.85364284148643
2016,CHE,DEU,59.96398146002323
2016,BMU,DEU,57.370089860623686
2016,MLT,POL,56.20821940266866
2016,DEU,PRT,55.863372629855604
2016,VGB,EST,54.994708141101846
2016,DEU,EST,54.34269462932029
2016,IRL,PRT,54.128308129569135
2016,BIH,IRL,53.99115939495132
2016,CYM,FRA,53.576365870426784
2016,NLD,BGR,52.9830838971949
2016,HRV,IRL,52.641133325401725
2016,HKG,FRA,52.53489643167293
2016,DNK,LTU,52.23794736161084
2016,SGP,ITA,51.56856965349475
2016,GBR,GRC,51.39814015252817
2016,BMU,POL,50.92824386282578
2016,NLD,SVN,50.52233387398811
2016,LUX,FIN,48.82047570248452
2016,HKG,BEL,48.388491340624206
2016,DNK,HUN,48.05438820077173
2016,SWE,GRC,47.60396675109554
2016,HKG,ROU,46.48394303813818
2016,CHE,SWE,46.04253132717649
2016,CHE,FRA,45.976571816251955
2016,ASM,POL,44.78082062452806
2016,ASM,DEU,43.663568217399714
2016,LUX,ESP,43.66278332711554
2016,PAN,ESP,43.61536225505432
2016,CYM,CYP,43.551940207230395
2016,JEY,DEU,42.72364713479636
2016,MCO,ITA,42.666934848808786
2016,BMU,FRA,42.46895997449819
2016,CHE,ROU,42.38490891933618
2016,CYM,ROU,41.8868181974444
2016,IRL,DEU,41.22275598095968
2016,NLD,HUN,40.541517915362235
2016,JEY,POL,40.484842677384364
2016,MLT,DEU,40.23862988987516
2016,HKG,SWE,39.29224307277994
2016,DNK,FIN,39.18582222983672
2016,NLD,AUT,38.08045553380066
2016,VGB,ESP,37.81021785271146
2016,CYM,EST,37.28967369032372
2016,LVA,IRL,37.216485465457716
2016,CHE,FIN,36.44112810763802
2016,KAZ,IRL,36.35225122586791
2016,LUX,BEL,36.173951886330336
2016,MLT,CYP,35.58233234056098
2016,BMU,ROU,35.37667710336999
2016,AUT,POL,34.509774443486975
2016,SVK,IRL,34.46517622544239
2016,BMU,CYP,34.451692772438996
2016,MUS,IRL,33.982030436392606
2016,BIH,ITA,33.66382711923973
2016,NLD,CZE,33.35663042471423
2016,PAN,SWE,32.6642648758747
2016,HKG,FIN,32.193040285751174
2016,CHL,CYP,32.188803527553205
2016,HKG,ESP,31.423235839660705
2016,KAZ,PRT,30.932605489888058
2016,BHR,IRL,30.739319285007248
2016,IRL,ROU,30.668458537702417
2016,MLT,EST,30.43919962216587
2016,DNK,PRT,30.25269112623288
2016,JEY,FRA,30.093704271071072
2016,SWE,SVN,29.557262834433008
2016,BMU,EST,29.487235152068948
2016,SGP,POL,29.344135972094172
2016,ASM,BEL,29.03153760285347
2016,ASM,FRA,28.98358580371275
2016,JEY,CYP,28.48409088024001
2016,VGB,SWE,28.21752766528032
2016,IRL,SWE,28.120696523720625
2016,ASM,CYP,27.834224004780907
2016,MLT,FRA,27.738382997381933
2016,VGB,ITA,27.658491236932782
2016,CHE,ESP,27.266838485561774
2016,CHL,EST,26.94199444883773
2016,ESP,ROU,26.68344682580009
2016,DNK,SVK,26.377682389551097
2016,LUX,SVN,26.27088770833706
2016,JEY,ROU,26.212743174176687
2016,TLS,IRL,26.124205453425155
2016,IRL,FRA,26.01399787762226
2016,BHR,ITA,25.896056670408512
2016,JEY,ITA,25.350845183934815
2016,NLD,MLT,25.217724577956687
2016,BIH,DEU,25.158012995617852
2016,CYM,ESP,25.102634010258626
2016,ASM,ROU,24.899032869605332
2016,JEY,EST,24.498373029065206
2016,GBR,ROU,24.42624729987078
2016,CHE,BEL,23.888016673666858
2016,DNK,CYP,23.74719634847242
2016,ASM,EST,23.72209623269707
2016,MLT,ROU,23.62948880658033
2016,SRB,ITA,23.520382888406274
2016,ESP,DEU,23.223094222565685
2016,TLS,ITA,22.93870645545901
2016,BIH,POL,22.352925008568057
2016,GTM,IRL,21.76010347477903
2016,IRL,FIN,21.451604509427032
2016,LUX,DNK,20.89328149019575
2016,GTM,ITA,20.66968985667976
2016,AUT,CYP,20.50237731217663
2016,BMU,ESP,20.351669410512642
2016,CHE,SVN,20.157912288732195
2016,DNK,LVA,19.905068365594524
2016,IRL,ESP,19.370090020225966
2016,CYM,SWE,19.29503867153608
2016,ESP,FRA,19.227324488634903
2016,GHA,IRL,19.017420609632577
2016,BMU,PRT,18.748560552882225
2016,SVK,POL,18.718207309246857
2016,CUW,IRL,18.53750791167422
2016,CYM,ITA,18.40883491049445
2016,GHA,DEU,18.079484983328282
2016,AUT,EST,17.69849934005979
2016,ASM,ESP,17.662942441376238
2016,AUT,DEU,17.32132612217585
2016,MLT,ITA,17.196457184317712
2016,NPL,IRL,17.000013959971287
2016,JEY,ESP,16.98589438678255
2016,BRB,IRL,16.791499860833405
2016,HRV,PRT,16.58967046486347
2016,JEY,BEL,16.506113312088278
2016,BIH,FRA,16.357726670641334
2016,BIH,CYP,16.344283677845286
2016,HKG,SVN,16.19515821045263
2016,HRV,POL,16.02142878701472
2016,BMU,SWE,15.924186355964604
2016,LBR,IRL,15.696420964433973
2016,DNK,EST,15.640239762222967
2016,PAN,HRV,15.608909852955431
2016,MLT,ESP,15.571566409689211
2016,SVK,PRT,15.386541044274871
2016,LUX,LTU,15.339828950402714
2016,BHR,DEU,15.309539346286593
2016,CHE,DNK,15.11941570617498
2016,DEU,FIN,14.889086695170336
2016,MLT,BEL,14.525475442373976
2016,GGY,IRL,14.384777045221924
2016,DEU,SWE,14.36827686331865
2016,MLT,SWE,14.34661356178409
2016,DNK,GRC,14.139827060377913
2016,AUT,ROU,14.055820083843841
2016,BIH,EST,14.052369116677651
2016,NPL,ITA,14.034281161829366
2016,MMR,IRL,13.916100143722245
2016,AUT,FRA,13.856065941166362
2016,BIH,ROU,13.800946119671291
2016,PAN,PRT,13.780384938967549
2016,IRL,BEL,13.766592285345283
2016,HKG,DNK,13.74054629210805
2016,VGB,HRV,13.668436794904657
2016,TLS,DEU,13.615357890704527
2016,ESP,GRC,13.517543765146456
2016,PAN,FIN,13.45345662804632
2016,BHR,POL,13.292288681620818
2016,CHL,ROU,13.141480945178493
2016,PRY,IRL,13.000523111365462
2016,DNK,ROU,12.765873530138547
2016,SGP,CYP,12.73520472148173
2016,CUW,BEL,12.526578565003204
2016,BGR,PRT,12.232352889137518
2016,JEY,SWE,12.158611111395285
2016,TLS,POL,12.089207700080504
2016,GBR,POL,11.868272399198933
2016,VGB,FIN,11.654801131107757
2016,MCO,POL,11.562205419397838
2016,SVK,CYP,11.42106873545832
2016,CYP,ITA,11.287520799058283
2016,MMR,ITA,11.277580361653499
2016,IRL,SVN,11.246347938970363
2016,CHE,LTU,11.23556676897272
2016,HRV,CYP,11.02790830775061
2016,ASM,SWE,10.982829092025304
2016,GHA,POL,10.895104671619738
2016,CHL,SWE,10.765370787765692
2016,MUS,POL,10.698408540143188
2016,BRB,BEL,10.68941827801681
2016,SGP,EST,10.659352859054655
2016,HKG,LTU,10.347267360159954
2016,KAZ,ROU,10.29782653086166
2016,ESP,IRL,10.223017192244932
2016,SVK,DEU,10.169398164360558
2016,HRV,DEU,10.078657175299208
2016,BHR,FRA,10.022377088776466
2016,MUS,DEU,9.96262517244277
2016,ESP,SWE,9.93305142736022
2016,PAN,GRC,9.838372575693585
2016,SVK,EST,9.775733823921842
2016,KAZ,POL,9.754645180722774
2016,CUW,DEU,9.717004723352279
2016,LUX,HRV,9.64214046581162
2016,PAN,LTU,9.598333832121575
2016,IMN,IRL,9.591141100798957
2016,DEU,SVN,9.591140851857544
2016,KAZ,DEU,9.582790059080189
2016,BIH,ESP,9.569848476522493
2016,HRV,EST,9.456004710259322
2016,HKG,HRV,9.437571136757587
2016,AUT,PRT,9.232508287645976
2016,AZE,DEU,9.232323960439743
2016,SVK,ROU,9.091756965075652
2016,TLS,FRA,8.976558636124064
2016,GGY,DEU,8.944586627422348
2016,BHR,ROU,8.868611133505032
2016,GIB,IRL,8.854905357253955
2016,BHR,CYP,8.848422578486982
2016,DEU,ROU,8.817031058698076
2016,NPL,DEU,8.783627850205326
2016,VGB,GRC,8.76415976176691
2016,CUW,POL,8.708935446051207
2016,HRV,ROU,8.685751264548252
2016,LVA,POL,8.671961003040305
2016,CYM,HRV,8.639929958657671
2016,IRL,DNK,8.569592804751863
2016,BIH,BEL,8.546586378785696
2016,GGY,POL,8.478258721944536
2016,VGB,LTU,8.389958230848306
2016,CHL,FIN,8.293987995731637
2016,IRN,IRL,8.273705367899973
2016,GTM,POL,8.219454458688478
2016,PAN,LVA,8.218647612740257
2016,BRB,DEU,8.21736434016016
2016,VGB,PRT,8.137477464184618
2016,HRV,FRA,8.111975893941352
2016,GTM,DEU,8.084738138542384
2016,UGA,IRL,8.031064911531674
2016,TLS,CYP,7.970241553831885
2016,SVK,FRA,7.9500932172700685
2016,LVA,DEU,7.940627505633323
2016,TLS,ROU,7.932048683926215
2016,ASM,PRT,7.913333408307586
2016,CYM,FIN,7.8574069867851755
2016,PAN,AUT,7.830101293965777
2016,GHA,ESP,7.783466778405245
2016,BIH,SWE,7.736338207704142
2016,CRI,IRL,7.7068656891495575
2016,PAN,CZE,7.675844305187979
2016,MUS,CYP,7.653394112586035
2016,NPL,POL,7.641986087718195
2016,BHR,EST,7.558216504706348
2016,MUS,FRA,7.536509252175166
2016,AUT,SWE,7.513634782655841
2016,BMU,HRV,7.454627439192068
2016,DNK,HRV,7.337726441061444
2016,VGB,LVA,7.243427417241092
2016,BRB,POL,7.242872755892811
2016,KHM,IRL,7.221922320069936
2016,CUW,FRA,7.187197431454316
2016,KAZ,FRA,7.081699569814672
2016,GBR,HRV,7.080870537030449
2016,LVA,CYP,6.960170032513104
2016,LUX,LVA,6.935456228583658
2016,GIB,POL,6.925716597701736
2016,KAZ,CYP,6.848967829031423
2016,DEU,DNK,6.840150974546332
2016,TLS,EST,6.806858604362018
2016,BHR,BEL,6.793940199844917
2016,PAN,BGR,6.769336747700272
2016,VGB,AUT,6.750104304876418
2016,MUS,ROU,6.652030550138409
2016,VGB,CZE,6.627138301979434
2016,IRL,LTU,6.600831820557779
2016,ASM,HRV,6.592615675276032
2016,MUS,EST,6.56460914362267
2016,AUT,ESP,6.540556421384276
2016,TLS,BEL,6.503258156635729
2016,BMU,FIN,6.4990807953724765
2016,LVA,FRA,6.373036305007591
2016,AUT,BEL,6.296989745613927
2016,BHR,ESP,6.296380188866203
2016,GGY,FRA,6.291269714482901
2016,MMR,DEU,6.241170878960605
2016,BRB,FRA,6.0958699580254185
2016,GTM,FRA,6.039285999850711
2016,LVA,EST,6.0000196951615825
2016,LUX,GRC,5.99633705925793
2016,LUX,CZE,5.981879702851986
2016,HKG,LVA,5.979941610542529
2016,GGY,CYP,5.9744199048281015
2016,CYM,GRC,5.911641437410838
2016,VGB,BGR,5.892100288553991
2016,KHM,ITA,5.892037116118001
2016,CUW,CYP,5.869571409571675
2016,KAZ,EST,5.853943705696591
2016,MLT,FIN,5.852125043475581
2016,NPL,FRA,5.786898120808035
2016,GIB,DEU,5.784069250947635
2016,GTM,CYP,5.708848998229436
2016,GTM,BEL,5.698015646767971
2016,CUW,ROU,5.677404160062052
2016,CYM,LTU,5.665597679665168
2016,ASM,FIN,5.660390866475503
2016,GHA,FRA,5.651836278121806
2016,GHA,CYP,5.646651316234446
2016,TLS,ESP,5.5973778426795295
2016,COD,IRL,5.544047408536711
2016,GGY,ROU,5.478153182976641
2016,LUX,AUT,5.440994015261136
2016,GGY,ITA,5.427022849044758
2016,CYM,PRT,5.417652341178799
2016,MMR,POL,5.411498839691406
2016,MCO,CYP,5.4088882798990525
2016,LBR,POL,5.397040493319104
2016,GTM,ROU,5.3901247208066
2016,HKG,PRT,5.313351087443868
2016,LUX,BGR,5.1772568006486654
2016,GBR,LVA,5.156478538374378
2016,GGY,EST,5.138726872426701
2016,LVA,ROU,5.111958746356799
2016,BMU,GRC,5.11185518816286
2016,SVK,SWE,5.106092871047558
2016,LBR,DEU,5.083838224541841
2016,BWA,IRL,5.058711774465525
2016,NPL,CYP,5.0586122723440194
2016,NPL,ROU,5.039147990084796
2016,CUW,EST,5.023137675550943
2016,HKG,AUT,4.956431116695667
2016,BRB,CYP,4.9343393161869535
2016,GTM,EST,4.892740458501259
2016,NPL,BEL,4.855307187849848
2016,HRV,SWE,4.852043604025407
2016,KAZ,SWE,4.813219975383449
2016,BRB,ROU,4.794583054167559
2016,CHL,SVN,4.755091100126383
2016,PAN,HUN,4.750037446633138
2016,GHA,EST,4.741440405733921
2016,SVN,IRL,4.740076442167105
2016,HKG,CZE,4.648092215476883
2016,JEY,HRV,4.640785845081412
2016,LIE,IRL,4.59049047668038
2016,MCO,EST,4.5508321588514375
2016,GIB,CYP,4.546027714762457
2016,JEY,FIN,4.537122350134245
2016,CYM,LVA,4.494465415652965
2016,BMU,LTU,4.480060074771421
2016,JEY,PRT,4.446630733235519
2016,PAN,SVK,4.44560993286049
2016,GBR,DNK,4.434931909374828
2016,SVN,HRV,4.418822082216552
2016,GBR,SVK,4.418687091116514
2016,BFA,POL,4.383832238092999
2016,LUX,SVK,4.366042115228121
2016,CYM,AUT,4.3625900745078665
2016,PAN,DNK,4.3414540942181645
2016,NPL,EST,4.320718892948095
2016,SVN,ITA,4.304286859000347
2016,CYM,CZE,4.277659428053527
2016,GIB,FRA,4.266867707787577
2016,AZE,ITA,4.258317556352558
2016,CHE,PRT,4.239600976431102
2016,BIH,PRT,4.225861001348383
2016,BRB,EST,4.224427014695608
2016,VGB,HUN,4.098641965389348
2016,AZE,ESP,4.093998627150772
2016,HKG,BGR,4.085587269998716
2016,MLT,LTU,4.076527579767466
2016,MUS,BEL,4.070025646101202
2016,MHL,ITA,4.04874873836207
2016,MMR,FRA,4.031481024560577
2016,KAZ,BEL,4.022288074518298
2016,SVK,BEL,4.009284467247538
2016,HRV,BEL,3.9941703655969674
2016,GBR,CYP,3.9810209920944333
2016,BMU,LVA,3.9518408827892575
2016,AZE,IRL,3.941900373704954
2016,IMN,DEU,3.9409620451164153
2016,VGB,SVK,3.9233430848342414
2016,GIB,ITA,3.9087542050131834
2016,GIB,EST,3.898665718871777
2016,HKG,GRC,3.8830915548182783
2016,CYM,BGR,3.877844256251607
2016,JEY,LTU,3.853220220384292
2016,ASM,LVA,3.8484839869521754
2016,LBR,CYP,3.8427263678937913
2016,MUS,SWE,3.8329528157783628
2016,LUX,HUN,3.8314485771698874
2016,BHR,SWE,3.8275327323809734
2016,LBR,FRA,3.81675844232589
2016,GIB,ROU,3.7791457002786277
2016,VGB,DNK,3.7782680567644453
2016,SVK,ESP,3.7745987928710765
2016,KAZ,ESP,3.7245355473630726
2016,MUS,ESP,3.7226893915401873
2016,IRN,DEU,3.6958912822205683
2016,BMU,AUT,3.6752120208806733
2016,MCO,PRT,3.6750150106003754
2016,SGP,PRT,3.6748147870801904
2016,IMN,POL,3.6595044176238325
2016,KWT,IRL,3.6567353950002395
2016,ASM,LTU,3.636807138383671
2016,MMR,CYP,3.6143094241981384
2016,BMU,CZE,3.6074043293515334
2016,MMR,ROU,3.585388045557771
2016,NPL,ESP,3.5612361727637816
2016,IRN,POL,3.548037300416153
2016,GGY,ESP,3.547580949595284
2016,ASM,AUT,3.47189012085711
2016,GHA,ROU,3.468963416020193
2016,CUW,ESP,3.460027179559731
2016,GGY,BEL,3.4413251603639328
2016,BGR,POL,3.434055255436503
2016,HRV,ESP,3.3975121384767273
2016,TLS,SWE,3.3957796048912847
2016,SRB,IRL,3.3953670908138696
2016,CHL,DNK,3.391206690107857
2016,LBR,ROU,3.388999781517145
2016,GHA,ITA,3.381476294598827
2016,ESP,MLT,3.361861154514494
2016,IMN,ITA,3.3581882827479657
2016,ASM,CZE,3.340653489905134
2016,JOR,IRL,3.3240051592176907
2016,CUW,ITA,3.30528455798904
2016,IRL,GRC,3.296704920476414
2016,LBR,EST,3.293959459385681
2016,SWE,IRL,3.222170561866755
2016,BMU,BGR,3.188246304633937
2016,BHR,PRT,3.1770396488798895
2016,GHA,BEL,3.1750178602117773
2016,LVA,ITA,3.148493923027421
2016,LVA,BEL,3.1458649557960188
2016,CHE,BGR,3.100035850300738
2016,MMR,EST,3.0857967996441498
2016,GTM,ESP,3.0116979438239007
2016,GBR,SWE,2.9756661333655448
2016,GBR,EST,2.9558653279376905
2016,CHL,GRC,2.917018911921403
2016,BRB,ESP,2.9012698215059336
2016,KHM,DEU,2.89959861451433
2016,DNK,IRL,2.871668350314421
2016,LVA,SWE,2.835372676697765
2016,SGP,FIN,2.816864721478089
2016,TLS,PRT,2.813248773161521
2016,HKG,HUN,2.805441668908391
2016,JEY,CZE,2.7928553887828924
2016,ESP,FIN,2.789696053756386
2016,GTM,SWE,2.784308757550511
2016,CHE,GRC,2.6935558613853177
2016,IMN,CYP,2.675237743305541
2016,CYM,HUN,2.670692109726832
2016,MLT,PRT,2.660390817819316
2016,IRN,FRA,2.6517308063689606
2016,IMN,FRA,2.6433221779604255
2016,LVA,ESP,2.6395761643034494
2016,GBR,FIN,2.6286320167459865
2016,AUT,FIN,2.6241026834735517
2016,AZE,POL,2.6136980059478354
2016,LIE,DEU,2.612731070580386
2016,MUS,ITA,2.5909631649206712
2016,HKG,SVK,2.590690204023164
2016,MCO,IRL,2.5902371222578155
2016,UGA,POL,2.587150102758353
2016,CHE,CZE,2.578114166216838
2016,MMR,ESP,2.577399158707355
2016,JEY,LVA,2.577266878653896
2016,GGY,SWE,2.5718471457826477
2016,CUW,SWE,2.5708143036467117
2016,DEU,LTU,2.5466440360391163
2016,JEY,AUT,2.5453333929383475
2016,BIH,FIN,2.536849514209987
2016,DNK,BGR,2.5184458743604927
2016,BRB,ITA,2.480377140530428
2016,LIE,POL,2.472006649260888
2016,ASM,BGR,2.456548749706425
2016,DEU,ESP,2.448829307593682
2016,ASM,GRC,2.4483582276621467
2016,KHM,POL,2.4481204525356115
2016,CYM,SVK,2.4330266809492005
2016,IRL,CZE,2.432897738250173
2016,CYM,DNK,2.418213811655551
2016,SVN,DEU,2.415125459011284
2016,WSM,ITA,2.4107360602775
2016,SGP,SWE,2.4046162747695465
2016,IRN,CYP,2.3935251769114414
2016,UGA,DEU,2.389950908883511
2016,JEY,BGR,2.3754865653408266
2016,GIB,BEL,2.3622577473576967
2016,GBR,MLT,2.3532023926843557
2016,MMR,BEL,2.3500194264845478
2016,IRN,ROU,2.3465358270811754
2016,GTM,PRT,2.333642221366268
2016,GIB,ESP,2.32894855404352
2016,BIH,LTU,2.3226223655414655
2016,IMN,EST,2.3043113121860093
2016,MKD,ITA,2.299894273621318
2016,GNQ,IRL,2.2889082908989895
2016,WSM,IRL,2.266678134825081
2016,SRB,POL,2.253551883159547
2016,BMU,HUN,2.2252852495748954
2016,IMN,ROU,2.2243654547254152
2016,BHR,HRV,2.2207545678447267
2016,NPL,SWE,2.177216684708785
2016,BRB,SWE,2.1738661288975054
2016,SVN,POL,2.1591259798368734
2016,SRB,PRT,2.1489971012167466
2016,CHE,HRV,2.1413409174068616
2016,BMU,SVK,2.1360406765556768
2016,IRL,AUT,2.1327403173662183
2016,ASM,SVK,2.1228332418151825
2016,CHE,AUT,2.114433021382685
2016,AUT,LTU,2.109971879050219
2016,AZE,FRA,2.094729728021304
2016,JEY,SVK,2.087290323231537
2016,BMU,DNK,2.084054093806952
2016,LBR,BEL,2.0835584019329922
2016,GHA,SWE,2.0802173737333964
2016,BFA,CYP,2.068758619417746
2016,SVK,FIN,2.0467773845072075
2016,IRN,EST,2.0466239985907193
2016,TLS,HRV,2.043471005084926
2016,ASM,DNK,2.0286626379290578
2016,ASM,HUN,2.0239101575168643
2016,MHL,IRL,2.008607049887496
2016,IRL,BGR,2.007482624735098
2016,LBR,SWE,1.97451042690929
2016,UZB,IRL,1.956675729858766
2016,MKD,DEU,1.9502689350085916
2016,MLT,CZE,1.9381753504057715
2016,LBR,ESP,1.9232856490011618
2016,ESP,POL,1.8999590600711043
2016,IRL,HRV,1.8921859322081416
2016,SGP,SVN,1.8813081566566834
2016,CHE,HUN,1.8638980217318324
2016,JEY,GRC,1.8581059112281118
2016,UGA,CYP,1.8523787109968657
2016,MLT,BGR,1.8410117599043587
2016,KHM,FRA,1.829312850754693
2016,PRY,POL,1.826514374160665
2016,LIE,FRA,1.8233019383607607
2016,GUY,IRL,1.8207156580095136
2016,UGA,FRA,1.817264734066586
2016,BHR,FIN,1.7952122791468064
2016,HRV,FIN,1.7933548311473289
2016,GIB,SWE,1.785864349636426
2016,BFA,ITA,1.7824780909646412
2016,JEY,HUN,1.775230504248266
2016,DEU,GRC,1.7750417615295317
2016,LIE,CYP,1.7639162879257606
2016,BFA,IRL,1.7567601222343894
2016,IRL,HUN,1.753011267451367
2016,LIE,ITA,1.744120917619482
2016,NPL,PRT,1.7441103423866262
2016,BFA,EST,1.7409237608543289
2016,UZB,ITA,1.7392664785922343
2016,MLT,AUT,1.7257185835035875
2016,BWA,POL,1.721243539672186
2016,BGR,ROU,1.70040751903718
2016,KAZ,FIN,1.6841512221750694
2016,MLT,GRC,1.663461628461363
2016,SVN,FRA,1.6581428831415503
2016,LBR,ITA,1.6497775592960833
2016,CHL,MLT,1.6462719294816313
2016,KHM,CYP,1.6309944636778544
2016,TLS,FIN,1.6170428890843873
2016,KHM,ROU,1.615800205479791
2016,UGA,ROU,1.6055213098563994
2016,UGA,EST,1.5907671447715952
2016,MMR,SWE,1.5816226395760913
2016,LIE,ROU,1.5770348155870202
2016,IRN,BEL,1.5553178443024855
2016,BWA,DEU,1.5520600084572347
2016,CHE,LVA,1.5510091026332367
2016,GHA,FIN,1.5456136481127098
2016,PRY,DEU,1.5360871227550776
2016,IRN,ESP,1.526372261122897
2016,MLT,HRV,1.5244705235991256
2016,LIE,EST,1.5172639100982892
2016,LKA,DEU,1.51456071169287
2016,SVN,CYP,1.499837583287681
2016,BGR,CYP,1.4903623928288057
2016,MCO,DEU,1.487353391808507
2016,IMN,ESP,1.4758565532532457
2016,MCO,SWE,1.4313777712858768
2016,CHE,SVK,1.430906431812097
2016,MCO,ROU,1.4082272836470717
2016,IRL,LVA,1.4011953367664116
2016,MLT,HUN,1.3991488523170097
2016,KHM,EST,1.391030431414627
2016,PRY,CYP,1.3811670409610506
2016,GHA,AUT,1.376486210367725
2016,KAZ,GRC,1.3762091183738738
2016,GHA,LTU,1.3759608074479723
2016,CRI,POL,1.3609441332979881
2016,MMR,PRT,1.3570984525863345
2016,IMN,BEL,1.3547143547685851
2016,IRL,SVK,1.343064497511401
2016,SGP,DNK,1.3416998060960506
2016,SVN,ROU,1.3316212925129385
2016,JOR,DEU,1.3239421403838818
2016,MLT,DNK,1.3002214757244557
2016,SVN,EST,1.27642938051706
2016,BHR,LVA,1.2715567241367498
2016,CUW,HRV,1.271315649299063
2016,BHR,LTU,1.2710290520195975
2016,NPL,HRV,1.2669208999487074
2016,AZE,BEL,1.266161740842232
2016,CHL,LTU,1.2625739292124198
2016,GBR,BGR,1.2598141008675288
2016,MUS,FIN,1.257768165581647
2016,PRY,FRA,1.2495016920726734
2016,BGR,EST,1.2474317437732487
2016,BWA,CYP,1.235812163750769
2016,BHR,AUT,1.2284307438008697
2016,SRB,CYP,1.2279380793860204
2016,IMN,SWE,1.2179879346521985
2016,CHL,ESP,1.214079391192776
2016,GHA,CZE,1.211628071649945
2016,BWA,FRA,1.1983187130694315
2016,KHM,ESP,1.1975354676881684
2016,BIH,CZE,1.1903161199291286
2016,PRY,EST,1.187434160605437
2016,HRV,LTU,1.1851359312415688
2016,TLS,LVA,1.1770219165475722
2016,WSM,DEU,1.175219054469756
2016,JEY,DNK,1.1718046140748526
2016,MLT,SVN,1.169287600531889
2016,SVK,LTU,1.1684338981289497
2016,BHR,CZE,1.1684233590847641
2016,MCO,FIN,1.1620841927843057
2016,ESP,HRV,1.1335570736419571
2016,LUX,MLT,1.132388043916777
2016,TLS,LTU,1.128115082201606
2016,LTU,ITA,1.1270525110912906
2016,KAZ,HRV,1.1031186891090887
2016,ZMB,IRL,1.1020197478182099
2016,TLS,AUT,1.1014752280431377
2016,BIH,AUT,1.0990346428275104
2016,GBR,HUN,1.0981100631403375
2016,VUT,IRL,1.0921645139567921
2016,AZE,CYP,1.091215670294128
2016,PNG,ITA,1.0844137319073015
2016,MLT,SVK,1.080559655356967
2016,GBR,LTU,1.078370880090986
2016,CUW,FIN,1.075231748021708
2016,BIH,GRC,1.0722350929973163
2016,KHM,BEL,1.0705704190460248
2016,BWA,EST,1.0645953177355247
2016,CYP,PRT,1.064200735300268
2016,BWA,ROU,1.0615186845660203
2016,WSM,POL,1.0591237816261638
2016,AUT,GRC,1.057419202415097
2016,TLS,CZE,1.0524041746253605
2016,BRB,HRV,1.042962041400958
2016,IRN,ITA,1.0344884941277992
2016,SRB,EST,1.0337503602349538
2016,SSD,IRL,1.0259098064498824
2016,PRY,ROU,1.0246700830146511
2016,LIE,ESP,1.0209490214304047
2016,BIH,BGR,1.0188560838524228
2016,NPL,FIN,1.0169411342442318
2016,GTM,FIN,1.0034022105756961
2016,DEU,MLT,1.0017766472891598
2016,IRN,SWE,0.9950204860625932
2016,MCO,FRA,0.9907878961908531
2016,LVA,FIN,0.9858730306584251
2016,LIE,BEL,0.9841689095427737
2016,CRI,DEU,0.9739104524757103
2016,FSM,IRL,0.9736565924633719
2016,AZE,ROU,0.9733425197574214
2016,UGA,BEL,0.9702571176588538
2016,SVN,ESP,0.9609113929744484
2016,CRI,CYP,0.9598958985359658
2016,BGR,SWE,0.951882352548625
2016,MUS,LTU,0.950067582965344
2016,GGY,FIN,0.9490557501350194
2016,SVN,BEL,0.9454393103117349
2016,CPV,IRL,0.9404941391094092
2016,GGY,PRT,0.9401102142843015
2016,HRV,GRC,0.9374303322140031
2016,AUT,BGR,0.9336607687456069
2016,GGY,HRV,0.9313211404258609
2016,IRL,MLT,0.9213019235448634
2016,SVK,GRC,0.9189275936762713
2016,GHA,HUN,0.9151098998396948
2016,UGA,SWE,0.912587747618401
2016,AUT,SVN,0.9074399439720491
2016,GUY,BEL,0.9067385684390661
2016,VUT,ITA,0.8970373963180597
2016,UZB,DEU,0.8954982460785486
2016,BRB,FIN,0.8948742224837062
2016,UGA,ESP,0.8882959425348284
2016,AZE,EST,0.88726762951671
2016,COD,POL,0.8851087412819446
2016,KWT,DEU,0.8805816466642746
2016,BIH,HUN,0.8796880199159515
2016,MKD,ESP,0.8779790225867807
2016,KAZ,LTU,0.8720684180698351
2016,SVN,SWE,0.8685910559200496
2016,MMR,HRV,0.8661492612235133
2016,LVA,LTU,0.8622232463627613
2016,BHR,BGR,0.8534401460236186
2016,FSM,ITA,0.8427525724908458
2016,ESP,LVA,0.8254864556115071
2016,ASM,SVN,0.8243697783799266
2016,CRI,EST,0.8242999123933616
2016,GNQ,POL,0.8142861556619209
2016,GGY,LTU,0.8083299554827895
2016,CUW,PRT,0.8070383620069669
2016,AZE,AUT,0.8063880711826049
2016,CRI,FRA,0.7917148578758497
2016,LIE,SWE,0.7896216384382557
2016,WSM,FRA,0.7862580219702014
2016,CUW,GRC,0.7849718950762828
2016,GUY,DEU,0.782326193859482
2016,UZB,POL,0.7813670599362588
2016,BIH,SVK,0.7762017567231649
2016,TLS,BGR,0.7718996346722129
2016,KWT,POL,0.7707926420120681
2016,GNQ,DEU,0.767153848788919
2016,PAN,SVN,0.7664716366698245
2016,GHA,PRT,0.7661949488121599
2016,GBR,SVN,0.7650436446960576
2016,CUW,LTU,0.7604636516054558
2016,GIB,FIN,0.7534336840042708
2016,GIB,HRV,0.7490015175471925
2016,COD,DEU,0.7458167485608478
2016,MCO,ESP,0.7360722348807289
2016,SGP,ROU,0.7331420714304633
2016,MMR,FIN,0.7315955643602574
2016,GTM,HRV,0.7287204662462239
2016,BHR,GRC,0.7259573704152217
2016,NPL,LVA,0.7240888191113185
2016,NPL,LTU,0.7207509364032033
2016,GTM,LTU,0.7185377209303988
2016,GUY,POL,0.714515011326691
2016,WSM,ROU,0.7128345733393908
2016,BHR,HUN,0.7102798916758857
2016,ESP,DNK,0.7099760418865921
2016,ESP,SVK,0.7073754536467085
2016,BHR,SVK,0.7065907202127388
2016,WSM,CYP,0.7027683008160184
2016,AZE,CZE,0.6999315374646145
2016,MUS,PRT,0.6994089027761062
2016,BIH,HRV,0.6979792553842338
2016,KHM,SWE,0.6978266378509883
2016,NPL,AUT,0.6939763228708463
2016,KHM,PRT,0.6895281643685659
2016,AZE,PRT,0.6831384269427887
2016,LKA,ESP,0.6817962731292532
2016,CUW,LVA,0.6741470006220796
2016,AUT,CZE,0.6721023714582322
2016,BRB,GRC,0.6668384470666358
2016,TLS,GRC,0.6660032309604627
2016,COD,CYP,0.6647925206800493
2016,NPL,CZE,0.6619435358378845
2016,ROU,DEU,0.6570682841697824
2016,BRB,PRT,0.6568701334246076
2016,CRI,ROU,0.6562846904729229
2016,MCO,SVN,0.6532494219821371
2016,TLS,SVK,0.651253699034744
2016,AUT,DNK,0.6471624505337703
2016,ZMB,POL,0.6454310859291019
2016,BRB,LTU,0.6440993596675165
2016,LBR,FIN,0.6432506743694852
2016,KAZ,AUT,0.6429140304606784
2016,VGB,SVN,0.6413382185750207
2016,IRN,HRV,0.6395710373259924
2016,DEU,LVA,0.6375218099237532
2016,ESP,CYP,0.6373106925632752
2016,TLS,HUN,0.6363601251469826
2016,CUW,AUT,0.626669912777181
2016,LVA,PRT,0.6257930514366221
2016,ROU,CYP,0.624804698431072
2016,PRY,BEL,0.6214553019841139
2016,UGA,ITA,0.6202822998972456
2016,BWA,BEL,0.6190775224066397
2016,AZE,LTU,0.6188571689635216
2016,CUW,CZE,0.6151379942065056
2016,GIB,PRT,0.6103217464024413
2016,COD,FRA,0.6067459867072973
2016,WSM,EST,0.6004353394058966
2016,UZB,FRA,0.5831132953190922
2016,GUY,FRA,0.5827559677652815
2016,BWA,SWE,0.5799113339010249
2016,KAZ,CZE,0.579495277336791
2016,GNQ,CYP,0.5792000469539098
2016,GNQ,FRA,0.5758057589743514
2016,GGY,CZE,0.5756664000004661
2016,COD,EST,0.5736822715476648
2016,FSM,POL,0.5701882348067246
2016,BWA,ESP,0.5673681140696414
2016,VUT,DEU,0.566253778546455
2016,FSM,DEU,0.5597572808053756
2016,AUT,HUN,0.5592978673613912
2016,BHR,DNK,0.5574427359642531
2016,KWT,FRA,0.5565143646707299
2016,JOR,ESP,0.5529315043603162
2016,BRB,LVA,0.5509183917677035
2016,AZE,FIN,0.5506079831705029
2016,ZMB,DEU,0.547794818670072
2016,GIB,LTU,0.5447072359160695
2016,BFA,DEU,0.5444656837556998
2016,PRY,SWE,0.5441899807525341
2016,CUW,BGR,0.5425677043623351
2016,KAZ,MLT,0.5423006034855715
2016,KWT,CYP,0.5340698462917935
2016,KAZ,BGR,0.5317482860666378
2016,HRV,SVK,0.5294263512023359
2016,ROU,EST,0.5288979912116499
2016,KAZ,LVA,0.5255447953306311
2016,TLS,DNK,0.5247136485484514
2016,JOR,POL,0.524605882656001
2016,GGY,AUT,0.5240075194214965
2016,MMR,LTU,0.5228111885592704
2016,SVN,PRT,0.5224692363927549
2016,UZB,ROU,0.5215890185230108
2016,UZB,CYP,0.5212008693526697
2016,LKA,ITA,0.5205382650381694
2016,MUS,BGR,0.520039626294664
2016,AZE,HUN,0.5195587949929085
2016,BRB,AUT,0.5169943847921026
2016,MCO,BEL,0.5155198701391692
2016,EST,ITA,0.5146605182683699
2016,GNQ,ROU,0.5128795847718655
2016,GTM,GRC,0.5123854228768661
2016,GGY,LVA,0.5102162854248172
2016,BRB,CZE,0.5075280815945621
2016,COD,ROU,0.5052418056731172
2016,MUS,HRV,0.5014447591415133
2016,ROU,FRA,0.5007255018657961
2016,MMR,AUT,0.4998569758630603
2016,SGP,LTU,0.49952578854825125
2016,BGR,FIN,0.49760272922448756
2016,GNQ,EST,0.4965876458491781
2016,VUT,POL,0.4952148072680166
2016,MLT,LVA,0.49463458885134404
2016,GGY,BGR,0.492601748010025
2016,GUY,CYP,0.4917759081172235
2016,BFA,SWE,0.4913659277219004
2016,MMR,LVA,0.4913159931468103
2016,PRY,ESP,0.4898110552590025
2016,WSM,ESP,0.4897505766867713
2016,SVK,BGR,0.48865000723781316
2016,NPL,BGR,0.48660944915176685
2016,IMN,PRT,0.4828066336924677
2016,MCO,DNK,0.48075112095626255
2016,SGP,ESP,0.4803393696114556
2016,MUS,AUT,0.4790849514900662
2016,YEM,IRL,0.4790142830816394
2016,LBR,LTU,0.4761523797341165
2016,YEM,ITA,0.47612410950791645
2016,ESP,EST,0.47319634410685785
2016,ROU,SVK,0.4730256299329427
2016,MMR,CZE,0.468991425345082
2016,GUY,ROU,0.46674975149055936
2016,SRB,ROU,0.46669070279725755
2016,ZMB,CYP,0.46342843719356586
2016,SVK,SVN,0.46296440366287567
2016,WSM,BEL,0.4607677960084247
2016,IRN,FIN,0.460103657408557
2016,GTM,AUT,0.45956804524365513
2016,KWT,EST,0.45545334320029074
2016,NPL,GRC,0.45497117473669724
2016,KWT,ROU,0.4540739518958784
2016,MUS,CZE,0.4538479204557738
2016,BRB,BGR,0.4518520069762043
2016,BWA,ITA,0.4493735926612915
2016,GTM,CZE,0.44749157791511146
2016,UZB,EST,0.4449967413258543
2016,LVA,SVK,0.44478390054406797
2016,GTM,BGR,0.44395244646384585
2016,MUS,GRC,0.44299469930924673
2016,ZMB,FRA,0.4403492690102264
2016,GHA,GRC,0.43978343354747174
2016,GHA,SVK,0.4256868915856873
2016,BFA,FIN,0.4243229089588934
2016,GIB,LVA,0.42427365897556213
2016,GGY,SVK,0.42237719754650477
2016,GUY,EST,0.42121044053161627
2016,BFA,FRA,0.41448231409797437
2016,SRB,SWE,0.413352460099565
2016,SVK,DNK,0.412681053677311
2016,SRB,DEU,0.40440516170611873
2016,ZMB,EST,0.4038333706954079
2016,NPL,HUN,0.40313824256038233
2016,NPL,SVK,0.40280990955901486
2016,KHM,HRV,0.40208561313145047
2016,DNK,SWE,0.39804243862391625
2016,CYM,SVN,0.3979742876420708
2016,GIB,CZE,0.39775959992467946
2016,ZMB,ROU,0.39719743083378817
2016,BFA,ROU,0.39692704235041565
2016,CRI,BEL,0.3908257860923283
2016,JOR,FRA,0.3905195941044114
2016,LBR,PRT,0.38980182790876583
2016,AZE,SWE,0.389336449989653
2016,GGY,GRC,0.38894430321164003
2016,BGR,GRC,0.38867931164580743
2016,BMU,SVN,0.387521607074016
2016,MHL,PRT,0.3866492383669442
2016,IMN,FIN,0.38531570277859867
2016,CUW,HUN,0.3790362220403618
2016,SVK,CZE,0.37530858155300467
2016,IMN,LTU,0.37467175720346957
2016,VUT,FRA,0.3718989817071236
2016,FSM,FRA,0.37176925950283923
2016,UZB,ESP,0.3707628702755986
2016,GGY,HUN,0.3683537190104585
2016,FSM,BEL,0.3656442711711609
2016,CUW,SVK,0.3639025638893793
2016,IRN,LVA,0.36166501360665165
2016,SSD,POL,0.3609083148210321
2016,GIB,AUT,0.35945753151604787
2016,CRI,SWE,0.35927750086321847
2016,CUW,DNK,0.35835214020442085
2016,FSM,CYP,0.35562269936207624
2016,HRV,BGR,0.3547679446333669
2016,GHA,LVA,0.35474223079794714
2016,GIB,BGR,0.35255984292706705
2016,KAZ,HUN,0.35228787416805113
2016,LVA,GRC,0.3464071142719294
2016,KWT,ESP,0.34255295127415386
2016,UZB,BEL,0.3407793850545805
2016,PRY,ITA,0.3391207541424375
2016,MMR,BGR,0.33833053500772103
2016,KHM,FIN,0.33779104129219406
2016,SSD,DEU,0.33739670955260603
2016,MKD,POL,0.3352771505413198
2016,BMU,MLT,0.32734928160416743
2016,VUT,CYP,0.3269351902587581
2016,NPL,DNK,0.3254747629184899
2016,VUT,ROU,0.3252128365135212
2016,SRB,FRA,0.32444474956618985
2016,FSM,ROU,0.320162538226605
2016,HRV,SVN,0.3175309331578145
2016,CRI,ESP,0.3164713466287252
2016,IRN,LTU,0.3162154503603739
2016,CHL,LVA,0.3160702497573881
2016,VCT,IRL,0.31436984337300755
2016,GNQ,BEL,0.31404876896639294
2016,BRB,HUN,0.31401324764244637
2016,GHA,HRV,0.3128041010756346
2016,GIB,SVK,0.3126015709792767
2016,MUS,HUN,0.31213903433952067
2016,MCO,LTU,0.3114137437053722
2016,KWT,BEL,0.3106643958255469
2016,GNQ,ITA,0.30968618885763893
2016,AZE,SVK,0.3095107899022767
2016,CRI,ITA,0.3056708517404991
2016,IRN,AUT,0.305236205714669
2016,FSM,EST,0.3031263651866196
2016,WSM,SWE,0.30042873106624224
2016,JOR,CYP,0.29915359485154036
2016,GNQ,SWE,0.298229273996421
2016,BRB,SVK,0.29806495028447844
2016,GTM,LVA,0.29801590961310676
2016,ROU,BEL,0.2964130848833889
2016,COD,BEL,0.29586937512071304
2016,AZE,LVA,0.2958383968432201
2016,KAZ,DNK,0.295763043213755
2016,VUT,BEL,0.29413796368015804
2016,UGA,FIN,0.29399776548707335
2016,IRN,CZE,0.29374423268814276
2016,LVA,BGR,0.2925549211691003
2016,GNQ,ESP,0.29066480887192886
2016,MKD,FRA,0.2885242953517984
2016,GTM,HUN,0.28842643226249387
2016,BRB,DNK,0.28839913701360587
2016,MMR,HUN,0.2865188000204487
2016,HRV,MLT,0.28614157542151136
2016,IRN,PRT,0.28585264801814086
2016,LIE,PRT,0.2857540076433627
2016,WSM,PRT,0.28467880800305156
2016,LBR,HRV,0.28350167117152036
2016,SVK,HUN,0.2826941195728156
2016,VUT,EST,0.27920265780277653
2016,MMR,GRC,0.2785801938698694
2016,GUY,ESP,0.2782608731097904
2016,GHA,BGR,0.27775192473336957
2016,LIE,FIN,0.27468490196198997
2016,LBR,BGR,0.27454370131686734
2016,MMR,SVK,0.27434352848699645
2016,CPV,POL,0.2737009164348443
2016,MKD,PRT,0.27066341485321055
2016,SVN,FIN,0.26711364334555265
2016,KAZ,SVK,0.26698359842097535
2016,SVK,AUT,0.26647134709165193
2016,LBR,AUT,0.26470724234565896
2016,BFA,ESP,0.264521368928786
2016,SVK,MLT,0.26317014917308024
2016,COD,SWE,0.26162395593821763
2016,GIB,GRC,0.26106812912472543
2016,AZE,HRV,0.2605154915792702
2016,SWZ,POL,0.259503733058709
2016,LKA,POL,0.2580179726912291
2016,SSD,CYP,0.2571746390251825
2016,SSD,FRA,0.25451088424325596
2016,JOR,EST,0.2500777180693722
2016,ROU,SWE,0.24949209940608544
2016,SRB,FIN,0.24562830370096694
2016,LBR,CZE,0.24544310178576248
2016,GIB,HUN,0.2445478097574817
2016,BFA,SVN,0.2431820100656143
2016,GIB,DNK,0.2430539613883005
2016,KHM,LTU,0.24171680505332932
2016,COD,ESP,0.2408943202270433
2016,LIE,LTU,0.23869860219641506
2016,FRO,DEU,0.23743972348047487
2016,SVK,HRV,0.2370414213769603
2016,GGY,DNK,0.23673970693048968
2016,IRN,BGR,0.2366607720524087
2016,KHM,LVA,0.23585163337105103
2016,KHM,AUT,0.23530939709052784
2016,CPV,DEU,0.23168701393825109
2016,SVN,LTU,0.2314733779599913
2016,VUT,ESP,0.23110958308788115
2016,PRI,POL,0.23094090222558059
2016,UGA,LTU,0.23063647919380803
2016,LBR,GRC,0.22797248281940416
2016,BIH,DNK,0.22783044035803332
2016,FSM,ESP,0.2266333560612795
2016,SSD,ROU,0.22647541034780377
2016,HRV,DNK,0.22645476230988534
2016,UZB,SWE,0.22633237144855664
2016,PAN,MLT,0.22213337077755813
2016,LKA,FRA,0.22208060212762828
2016,GUY,SWE,0.22095150528523314
2016,SWZ,DEU,0.22081937696705858
2016,SSD,EST,0.2206854904231385
2016,BFA,BEL,0.2204037250371587
2016,GUY,ITA,0.22018152090931828
2016,BGR,SVN,0.22016378906525974
2016,GTM,DNK,0.2198038021029031
2016,BGR,MLT,0.21935813913227611
2016,GHA,DNK,0.21915724843272869
2016,KWT,SWE,0.21806728054873353
2016,KHM,CZE,0.21788796061624416
2016,MMR,DNK,0.21768658376279876
2016,YEM,DEU,0.21765997008593413
2016,JOR,BEL,0.2165980418474298
2016,GHA,SVN,0.21389779271882078
2016,JEY,SVN,0.21372716520389878
2016,HRV,CZE,0.2117149770114007
2016,LIE,HRV,0.21114243971984148
2016,UZB,PRT,0.20658736064719266
2016,ZMB,BEL,0.20384727400970598
2016,JOR,ROU,0.20248253929253068
2016,ESP,BGR,0.2016801716743671
2016,AZE,GRC,0.20160799278623376
2016,CPV,CYP,0.2000078121513516
2016,PRI,DEU,0.19651442214176523
2016,ZMB,ESP,0.19330400656388194
2016,IRN,SVK,0.19131520109177744
2016,ZMB,SWE,0.1903241864836057
2016,YEM,POL,0.18964331272940146
2016,KWT,ITA,0.1872695094394111
2016,CPV,FRA,0.18716680273867903
2016,WSM,HRV,0.1864601827228135
2016,SVN,CZE,0.1850251979683315
2016,SWZ,CYP,0.18306223631734242
2016,BIH,LVA,0.182447167037847
2016,PRY,FIN,0.18241021280093253
2016,BFA,DNK,0.18180698785571042
2016,BWA,FIN,0.18175607036096536
2016,MKD,BEL,0.1804509567713407
2016,MHL,POL,0.1802616165253477
2016,HRV,HUN,0.1802158859605452
2016,LVA,CZE,0.1785525270781555
2016,SWZ,FRA,0.17664281745874127
2016,ESP,HUN,0.17579341737720475
2016,SRB,BEL,0.17459988894703163
2016,MKD,AUT,0.1740836407918116
2016,MCO,GRC,0.17391901744577515
2016,IMN,CZE,0.17375613586061517
2016,CPV,EST,0.17368872669088684
2016,ESP,LTU,0.17263342589642702
2016,PRY,LTU,0.17256370716499037
2016,SVN,SVK,0.17219892100152503
2016,SVN,LVA,0.1720013289531257
2016,MUS,DNK,0.17160339263081223
2016,IRN,HUN,0.1706408259127134
2016,ROU,ESP,0.17008873583025477
2016,COD,ITA,0.16934981214512967
2016,UGA,PRT,0.1678911697021009
2016,LBR,HUN,0.16684706538430763
2016,IMN,GRC,0.1642199385658672
2016,SWZ,ROU,0.16396791656661053
2016,CPV,ROU,0.16387554211039135
2016,PRI,CYP,0.1629131015583311
2016,SVN,AUT,0.16148652755413612
2016,IRN,GRC,0.16070210004617208
2016,SWZ,EST,0.16008194114115196
2016,IRN,DNK,0.1600724373396845
2016,IMN,BGR,0.15833060622315562
2016,PRI,FRA,0.15720024970261673
2016,BGR,DNK,0.15701506000121845
2016,BWA,LTU,0.15512287950365033
2016,LIE,CZE,0.1533833505811923
2016,LVA,HUN,0.1530115331232973
2016,MHL,DEU,0.1508081958552402
2016,KHM,BGR,0.15017385995921329
2016,MKD,CZE,0.14973058201164377
2016,GTM,SVK,0.1480322320953532
2016,IMN,AUT,0.14766223732586076
2016,MHL,ROU,0.14638728097474973
2016,PRI,ROU,0.14592043876060512
2016,CYP,ROU,0.14558765801075146
2016,WSM,FIN,0.14438395398083764
2016,SRB,ESP,0.1442866467433277
2016,PRI,EST,0.14246218149315065
2016,YEM,FRA,0.14227465843847734
2016,MHL,CYP,0.14196019047717479
2016,AUT,MLT,0.14194213729570837
2016,ZMB,ITA,0.14144575167834106
2016,FSM,SWE,0.14103827657401205
2016,VUT,SWE,0.13984301346444009
2016,LIE,AUT,0.1396139545608324
2016,LKA,BEL,0.13872855720090058
2016,SSD,BEL,0.13750774450540285
2016,LIE,BGR,0.13537522525848206
2016,LKA,AUT,0.13502699329871906
2016,KHM,SVK,0.13360797089182883
2016,KHM,HUN,0.13301752982016718
2016,SSD,ITA,0.13192332034617515
2016,VGB,MLT,0.13190696029727453
2016,IMN,HUN,0.13051658402463012
2016,SSD,SWE,0.1302829797164437
2016,UZB,HRV,0.1296307455500015
2016,KHM,GRC,0.12855473494531497
2016,YEM,ROU,0.12801312819707605
2016,SSD,ESP,0.12703291492284063
2016,CRI,FIN,0.12644511826369564
2016,YEM,CYP,0.12604026609738675
2016,SGP,LVA,0.1250502937639376
2016,SRB,SVN,0.12494642715222645
2016,MHL,FRA,0.1245442700960147
2016,MKD,LTU,0.12425020594190746
2016,UGA,BGR,0.12350831806140733
2016,ESP,SVN,0.12247373123894623
2016,MHL,EST,0.12155121863800583
2016,GMB,IRL,0.11972747957617953
2016,ROU,ITA,0.11792143599639998
2016,BFA,LTU,0.11725390232811043
2016,SGP,GRC,0.11676612789159582
2016,LKA,CZE,0.1160340321563583
2016,GBR,AUT,0.11598817591731624
2016,JOR,ITA,0.11544055031145624
2016,TLS,SVN,0.11521545653954009
2016,MKD,HUN,0.11435197295898435
2016,BWA,PRT,0.11376771859962378
2016,GIB,SVN,0.11324341399965751
2016,LIE,GRC,0.11313051582425789
2016,CRI,LTU,0.11267824746688218
2016,KWT,FIN,0.11225867234384806
2016,VUT,PRT,0.11162138052267574
2016,UGA,HRV,0.1094678137973171
2016,SVN,BGR,0.10876137500801054
2016,WSM,LVA,0.10788784666077
2016,SRB,SVK,0.10764795965979243
2016,YEM,EST,0.10755110300901023
2016,SVN,HUN,0.10742529657052166
2016,FRO,ESP,0.10688612038594604
2016,UZB,FIN,0.10688049374226975
2016,UGA,AUT,0.1063944571444813
2016,UGA,GRC,0.1063390568366459
2016,LTU,PRT,0.10625983618346302
2016,UGA,CZE,0.10597855232052451
2016,LIE,SVK,0.1059374263290472
2016,BHR,SVN,0.10532234652213422
2016,LIE,LVA,0.10490059524532773
2016,IMN,SVK,0.1048397539719866
2016,PNG,PRT,0.104210458840039
2016,JOR,SWE,0.10406743833458525
2016,FSM,PRT,0.1031827944632148
2016,LIE,HUN,0.10170938103324843
2016,ASM,MLT,0.10129817140624671
2016,SVN,GRC,0.10089819175040565
2016,AZE,BGR,0.10055680104995998
2016,KHM,DNK,0.09993448787625828
2016,JOR,LTU,0.09897506091375548
2016,WSM,LTU,0.09861806737229555
2016,HRV,AUT,0.0982993056825947
2016,WSM,AUT,0.0972167824771813
2016,LBR,DNK,0.09712092151557365
2016,GNQ,FIN,0.09688751715184526
2016,JOR,AUT,0.09668093634056418
2016,LKA,LTU,0.09639525089249507
2016,MKD,FIN,0.09628515598296253
2016,WSM,CZE,0.09332649279411193
2016,PRY,PRT,0.0922513104655619
2016,XKV,DEU,0.09218361483849329
2016,LKA,PRT,0.09075569410707873
2016,YEM,ESP,0.09063231812055664
2016,IMN,HRV,0.09024677560588606
2016,CYM,MLT,0.08958814096105618
2016,GUY,HRV,0.08957079280325742
2016,SRB,DNK,0.08910852615472342
2016,LKA,HUN,0.08876139847132922
2016,XKV,ITA,0.08845198043667525
2016,CPV,BEL,0.08824033767480105
2016,LVA,AUT,0.08794111261617318
2016,GUY,FIN,0.0871618396424084
2016,JOR,FIN,0.08668336399537697
2016,FSM,HRV,0.08448584702527961
2016,PRK,ITA,0.08445763179924794
2016,YEM,BEL,0.08384575884279219
2016,COD,LTU,0.08366850065762957
2016,VUT,HRV,0.0830864602706553
2016,SRB,GRC,0.08297781356148128
2016,SVN,DNK,0.08159831904784559
2016,JOR,CZE,0.08079996321842865
2016,CPV,SWE,0.08067709646867893
2016,SWZ,ESP,0.08042802718555378
2016,SWZ,BEL,0.08027661061206057
2016,CPV,ESP,0.0790807215963104
2016,KWT,LTU,0.07889526995195213
2016,BWA,BGR,0.0776052436462081
2016,SWZ,SWE,0.07655184108485472
2016,SRB,LTU,0.07623766483278102
2016,UZB,LTU,0.0749718223754722
2016,MHL,SWE,0.07457723323075328
2016,UZB,LVA,0.07429720971078056
2016,UGA,HUN,0.07379576519278314
2016,LKA,FIN,0.07278482721709745
2016,UZB,AUT,0.07264050743362277
2016,MCO,CZE,0.07241453001394271
2016,FSM,FIN,0.07229424884632588
2016,KWT,HRV,0.07218314658050694
2016,GNQ,LTU,0.07180545073799223
2016,PNG,DEU,0.07161156808794597
2016,PRI,ESP,0.07157554515122597
2016,PRI,BEL,0.071440794565243
2016,SWE,MLT,0.07134138115088526
2016,CUW,SVN,0.0708125167867466
2016,WSM,BGR,0.06947285103542272
2016,BWA,GRC,0.06933007614998345
2016,UZB,CZE,0.06841548557635815
2016,PRI,SWE,0.068125999725661
2016,NPL,SVN,0.06693937221891438
2016,VUT,FIN,0.06596194490803825
2016,SGP,MLT,0.06589905806801155
2016,MCO,BGR,0.06566833113861686
2016,COD,FIN,0.06513539112353534
2016,GNQ,PRT,0.06465434495125008
2016,MCO,MLT,0.0641721342518629
2016,MCO,AUT,0.06390016486773947
2016,GUY,LTU,0.06361065311743812
2016,MHL,BEL,0.06339903466663027
2016,PRY,GRC,0.06336771467927488
2016,MKD,SVK,0.06312391415762983
2016,BWA,CZE,0.06292789240112712
2016,DNK,MLT,0.0623433888686077
2016,JOR,HUN,0.06209636818617942
2016,CYP,SWE,0.06045622596477493
2016,AUT,LVA,0.0603174079511227
2016,GUY,PRT,0.06026172410541403
2016,ZMB,LTU,0.05977212042413876
2016,SWZ,ITA,0.059555165236723745
2016,CRI,PRT,0.05950512175184122
2016,ROU,LTU,0.05939433955457806
2016,WSM,SVK,0.05904911168525613
2016,MKD,ROU,0.058948434272434236
2016,GUY,GRC,0.05885561715680171
2016,BGR,LTU,0.05845798837019785
2016,MKD,CYP,0.05737788550691552
2016,CPV,ITA,0.05711388646730689
2016,KWT,AUT,0.0563183220319193
2016,BGR,ESP,0.05621265993914208
2016,LIE,DNK,0.05602561870088135
2016,WSM,HUN,0.055799559342950555
2016,YEM,PRT,0.055362203663644
2016,WSM,GRC,0.054851330963149716
2016,KWT,PRT,0.05451669401672429
2016,SVK,LVA,0.05418473463447211
2016,YEM,SWE,0.05383575498739253
2016,MCO,LVA,0.05355326627289258
2016,MCO,HUN,0.05337810759651304
2016,BWA,AUT,0.0530033344929277
2016,PRI,ITA,0.053000099188750135
2016,BWA,HRV,0.0514330817853464
2016,KWT,CZE,0.049871449770119716
2016,ROU,FIN,0.04982615054071549
2016,JOR,PRT,0.04959860974930423
2016,UZB,BGR,0.04959408568656328
2016,FSM,LVA,0.049254209693300355
2016,MUS,LVA,0.04897906470863294
2016,BRB,SVN,0.04872073047148399
2016,LKA,SVK,0.048679242743543245
2016,EST,PRT,0.04852279891408138
2016,AZE,DNK,0.048371655530125436
2016,MKD,LVA,0.04809798027688527
2016,VUT,LVA,0.047708212992645306
2016,BIH,MLT,0.04764725465257799
2016,GUY,AUT,0.04703333257676766
2016,WSM,DNK,0.046699019860239804
2016,FSM,LTU,0.0466368878198689
2016,VUT,LTU,0.04658414183713305
2016,COD,PRT,0.046255672306714624
2016,GUY,CZE,0.04606037417394522
2016,BWA,HUN,0.045688197092600975
2016,VUT,AUT,0.045330057878469665
2016,GUY,LVA,0.045047085466335096
2016,PRY,BGR,0.04494245468727157
2016,MCO,HRV,0.044902831858317734
2016,FSM,AUT,0.04452344898946349
2016,MHL,ESP,0.04360011702520589
2016,KWT,LVA,0.043408329282060544
2016,KAZ,SVN,0.04334308596615964
2016,GMB,POL,0.043223204486390394
2016,VUT,CZE,0.04321067803197773
2016,LKA,CYP,0.04295238912530401
2016,FSM,CZE,0.04283348441585407
2016,GNQ,HRV,0.04269190031577787
2016,GUY,BGR,0.0424459174358871
2016,GGY,SVN,0.042026756337023664
2016,SSD,FIN,0.04197964713418431
2016,GNQ,BGR,0.04166536932187903
2016,UZB,HUN,0.041509491738523155
2016,XKV,ESP,0.04149747484880775
2016,UZB,SVK,0.04128241283896305
2016,UZB,GRC,0.040585241869517175
2016,GMB,DEU,0.040504600136977494
2016,CRI,GRC,0.04046870780555073
2016,FRO,POL,0.040449825230394275
2016,MKD,HRV,0.04036569507430499
2016,MMR,SVN,0.04016128683007152
2016,MKD,GRC,0.03996708125765671
2016,GNQ,AUT,0.03985189381961687
2016,BFA,PRT,0.03963118306727229
2016,ZMB,PRT,0.03957935182080246
2016,BHR,MLT,0.03858555445089671
2016,ZMB,FIN,0.03823300688045313
2016,SRB,MLT,0.03822345372287567
2016,MKD,EST,0.037908070974277626
2016,UGA,DNK,0.03779559824375342
2016,GNQ,CZE,0.03726797803189966
2016,LKA,LVA,0.0367746091132376
2016,KWT,BGR,0.03496274009200781
2016,FRO,FRA,0.03481587522537982
2016,GNQ,GRC,0.03463335503291755
2016,GTM,SVN,0.03452991810629568
2016,TLS,MLT,0.034473879605556396
2016,GTM,MLT,0.03447242290005863
2016,YEM,HRV,0.033955574534514615
2016,CYP,GRC,0.03381465634602329
2016,MCO,SVK,0.033744516895002456
2016,JOR,SVK,0.03315932456284764
2016,NER,POL,0.033061906173385724
2016,KWT,GRC,0.03290976312947675
2016,KWT,HUN,0.03270550694985931
2016,UZB,DNK,0.032423505430937805
2016,PNG,ESP,0.03223674023653414
2016,SSD,LTU,0.03195437211230265
2016,VUT,BGR,0.031573009472204816
2016,FSM,BGR,0.03153853157068294
2016,FSM,GRC,0.031173773789139003
2016,COD,GRC,0.031095220576448198
2016,IRN,SVN,0.031024632331868265
2016,GMB,CYP,0.03076644354932321
2016,GMB,FRA,0.03050818616273734
2016,CRI,BGR,0.029960692988335418
2016,JOR,GRC,0.029132972134121044
2016,GUY,HUN,0.028874802834277027
2016,IMN,DNK,0.02858096272172447
2016,VUT,GRC,0.028482212566453682
2016,BFA,BGR,0.028254298223619852
2016,VCT,POL,0.028208869499532045
2016,NER,DEU,0.02813335067090808
2016,LKA,EST,0.028100873028401672
2016,SSD,PRT,0.028014927184391147
2016,LBR,LVA,0.027710193095349403
2016,LKA,ROU,0.027689107124605393
2016,GMB,ROU,0.027213532081722183
2016,LKA,GRC,0.027188444103033872
2016,FSM,SVK,0.027160788833702775
2016,VUT,SVK,0.026515706959085394
2016,YEM,FIN,0.02650828361643031
2016,GMB,EST,0.02640104908144835
2016,KWT,SVK,0.026302929028196986
2016,VUT,HUN,0.026239331305978594
2016,ZMB,BGR,0.026217106028220312
2016,FSM,HUN,0.025944682753548803
2016,FSM,DNK,0.025748599842280305
2016,CPV,LTU,0.02556583393933235
2016,GNQ,HUN,0.025366967351696038
2016,HKG,MLT,0.025174151315359793
2016,GUY,DNK,0.025115088478387955
2016,JOR,LVA,0.02505012671791084
2016,ROU,GRC,0.02480934404555002
2016,ZMB,GRC,0.024755593220554522
2016,IMN,LVA,0.024481474679001993
2016,BFA,GRC,0.024317576111318004
2016,BFA,HRV,0.02416395805744935
2016,BFA,CZE,0.024133512695904184
2016,JEY,MLT,0.02411518632278355
2016,GUY,SVK,0.02408475891408555
2016,SWZ,LTU,0.023827136517506172
2016,COD,BGR,0.02371853465580015
2016,BFA,AUT,0.023651536997792006
2016,VCT,DEU,0.023598245835394438
2016,NER,CYP,0.02332292645533879
2016,ALB,DEU,0.023319510587887157
2016,NER,FRA,0.022505064525226524
2016,VCT,CYP,0.022216006123888955
2016,PRY,CZE,0.02219671125425881
2016,NPL,MLT,0.021973030055523965
2016,FRO,BEL,0.021748662834261304
2016,VUT,DNK,0.021344254629734095
2016,PRI,LTU,0.021204552011435056
2016,FRO,AUT,0.0211683636738553
2016,HRV,LVA,0.021106237343427443
2016,NER,ROU,0.02089022693074081
2016,NER,EST,0.020395136731481408
2016,YEM,LVA,0.019856986276681025
2016,ROU,PRT,0.019830726783543303
2016,VCT,FRA,0.019489104602685586
2016,PRY,AUT,0.01942574760407572
2016,KHM,SVN,0.01925458750906991
2016,PRY,HUN,0.019227723121586014
2016,CYP,MLT,0.019083907656552757
2016,VCT,EST,0.019022192503379422
2016,ESP,AUT,0.018568227816383828
2016,BFA,LVA,0.018544361896719996
2016,GMB,ITA,0.01834773237116472
2016,YEM,AUT,0.018289682270226884
2016,FRO,CZE,0.018190811564585987
2016,YEM,LTU,0.018107808113981275
2016,SSD,BGR,0.018061580193841697
2016,ZMB,CZE,0.018045709735378262
2016,BWA,DNK,0.017902298417112706
2016,KWT,DNK,0.017885273967471343
2016,MHL,GRC,0.017724118512938397
2016,MHL,LTU,0.017481052324425
2016,MHL,FIN,0.01743478787571615
2016,SSD,HRV,0.01741229111097439
2016,YEM,CZE,0.017173892989171484
2016,BFA,HUN,0.016901410695105732
2016,SWZ,PRT,0.016792263550551266
2016,CPV,FIN,0.0165917486142609
2016,GMB,BEL,0.016510510414407643
2016,SSD,AUT,0.01647796197073914
2016,MMR,MLT,0.016462089412558417
2016,SSD,CZE,0.015910599215689124
2016,CPV,PRT,0.01584541021097447
2016,FRO,ITA,0.015725033229571982
2016,XKV,POL,0.015704242974447623
2016,GMB,SWE,0.015676699475753696
2016,CRI,CZE,0.015578584590094185
2016,GMB,ESP,0.015290734744241644
2016,SSD,GRC,0.01520852577195201
2016,CYP,FIN,0.015144194721606078
2016,FRO,LTU,0.015112013364695268
2016,ZMB,HUN,0.015022190706229196
2016,SWZ,FIN,0.015017452713253016
2016,PNG,ROU,0.01497863349417103
2016,PRI,PRT,0.014943987314034882
2016,VCT,ROU,0.01479446204511139
2016,GNQ,DNK,0.01465569727591127
2016,BGR,LVA,0.014634256701315367
2016,LTU,ROU,0.014536844579600427
2016,FRO,HUN,0.013915244034830373
2016,MKD,SWE,0.01383335910841521
2016,LKA,HRV,0.013556447870147419
2016,XKV,FRA,0.013516917830749467
2016,PRI,FIN,0.01336452480991488
2016,CRI,HUN,0.013357896202382242
2016,CRI,SVN,0.013072588793864123
2016,COD,CZE,0.012856868478293199
2016,CUW,MLT,0.012771890846712104
2016,DJI,IRL,0.012361562396905217
2016,YEM,BGR,0.012335803918889516
2016,BTN,IRL,0.01225856333849595
2016,PNG,POL,0.012199624271673707
2016,SWZ,BGR,0.011902690810089739
2016,FRO,FIN,0.011322185217369874
2016,YEM,SVK,0.010991407484058618
2016,SSD,HUN,0.010934980943704667
2016,CRI,AUT,0.01091933841537052
2016,XKV,PRT,0.010876129519616551
2016,COD,HUN,0.010824649712309623
2016,UGA,LVA,0.010754520391343031
2016,PRI,BGR,0.010592595806598168
2016,BRB,MLT,0.010533380546334813
2016,PNG,FRA,0.01050043094178696
2016,ALB,ESP,0.010497535877745478
2016,YEM,HUN,0.010281089440454805
2016,SWZ,GRC,0.010274107499303436
2016,BTN,ITA,0.01025463351949095
2016,NER,ESP,0.010246881064781103
2016,NER,BEL,0.010227589933640436
2016,FSM,SVN,0.010224573965670725
2016,CPV,GRC,0.01015523860495882
2016,YEM,GRC,0.010050133501210841
2016,VCT,BEL,0.009920255579873652
2016,NER,SWE,0.009753038068145283
2016,CPV,BGR,0.00966334615739654
2016,WSM,SVN,0.009603285221205503
2016,CRI,DNK,0.00932302865314247
2016,JOR,HRV,0.009234380600654825
2016,JOR,BGR,0.009176556903864062
2016,PRI,GRC,0.009143265984982758
2016,KHM,MLT,0.008788675950845051
2016,AZE,SVN,0.00872594436117455
2016,SWZ,CZE,0.008568236974274241
2016,XKV,BEL,0.00844370237876672
2016,YEM,DNK,0.008426009638369354
2016,SRB,LVA,0.008305171784247811
2016,VCT,SWE,0.008300427799245806
2016,DJI,POL,0.008287093708755454
2016,XKV,AUT,0.008218406992174142
2016,LIE,SVN,0.00818769074477012
2016,ROU,AUT,0.008038165270176893
2016,FRO,PRT,0.008016605962081516
2016,PRK,PRT,0.007962764850008306
2016,FRO,SVK,0.00763151047497242
2016,PRI,CZE,0.0076251557308958115
2016,NER,ITA,0.007587587515558336
2016,SWZ,HUN,0.007130158842262637
2016,XKV,CZE,0.007062401953173174
2016,DJI,DEU,0.0070357868888227355
2016,VCT,ESP,0.0068216376041777375
2016,MHL,MLT,0.0067958863341511825
2016,FRO,CYP,0.006733703916919021
2016,EST,ROU,0.006638146751547319
2016,PNG,BEL,0.006559373581419945
2016,BTN,DEU,0.006429765940613447
2016,PNG,AUT,0.006384355971781388
2016,PRI,HUN,0.006345362729989341
2016,SVN,MLT,0.006339862238319873
2016,CPV,CZE,0.006250562470334308
2016,MKD,BGR,0.006221105461438954
2016,COD,AUT,0.006126679231541386
2016,UZB,SVN,0.006126677158863493
2016,LTU,SWE,0.006036519666071114
2016,SSD,DNK,0.006002841366450401
2016,DJI,CYP,0.0059370724493597584
2016,AZE,MLT,0.005884548533008936
2016,XKV,LTU,0.005867089124873358
2016,PNG,SWE,0.005787398178522223
2016,FRO,LVA,0.005765205020530305
2016,DJI,FRA,0.0056522848894415955
2016,BTN,POL,0.005609862215873062
2016,PNG,CZE,0.005486329422210036
2016,XKV,HUN,0.005402455316605556
2016,GGY,MLT,0.005271167500740851
2016,CPV,HUN,0.0052059523336407745
2016,DJI,EST,0.00517585131333688
2016,DJI,ROU,0.005117095756369023
2016,BWA,LVA,0.005079822730618412
2016,IOT,IRL,0.005013647447530877
2016,GMB,FIN,0.004999865453801697
2016,SRB,AUT,0.004915357556819906
2016,PNG,FIN,0.0048633276957362
2016,STP,DEU,0.004622539847294298
2016,LKA,BGR,0.0046155097210788
2016,VCT,ITA,0.00456872308764405
2016,PNG,LTU,0.004557767159381045
2016,VUT,SVN,0.004532911250337484
2016,XKV,FIN,0.004506208821801728
2016,PNG,GRC,0.004460432806988394
2016,FRO,EST,0.004405411727579965
2016,IMN,MLT,0.0042086513705604026
2016,PNG,HUN,0.004196822802240935
2016,GNQ,LVA,0.004178491942506222
2016,BTN,FRA,0.004174588067132001
2016,SRB,BGR,0.004099825716353959
2016,FRO,GRC,0.004065007266918757
2016,ALB,POL,0.003972671943479295
2016,GUY,SVN,0.003936387730074868
2016,SMR,IRL,0.003835400269237236
2016,GMB,LTU,0.003822182543976886
2016,BTN,ROU,0.0037211079454084316
2016,MKD,MLT,0.0037084533453794113
2016,BTN,CYP,0.0036902922430785967
2016,GMB,PRT,0.0036041317108845747
2016,WSM,MLT,0.00355076232615839
2016,FRO,ROU,0.0034911254728334762
2016,ALB,FRA,0.0034193485363099583
2016,LTU,GRC,0.003376374141401731
2016,KWT,SVN,0.0033360622688622357
2016,STP,POL,0.003319239526925291
2016,IOT,POL,0.003167014534425237
2016,BTN,EST,0.0031500611457263004
2016,STP,FRA,0.003071384445559579
2016,NER,LTU,0.003035681000180525
2016,GIB,MLT,0.003028556429539877
2016,GUF,IRL,0.002965479638399665
2016,XKV,SVK,0.002962858160162214
2016,EST,SWE,0.002756533798828226
2016,VCT,LTU,0.0027355342062264213
2016,BTN,ESP,0.0026972568650739373
2016,XKV,CYP,0.002614293679316726
2016,DJI,BEL,0.0026105323073295004
2016,UZB,MLT,0.0025617597694589057
2016,PLW,IRL,0.0025533091746508052
2016,STP,ROU,0.002536724537815919
2016,DJI,ESP,0.002492877506404613
2016,ROU,BGR,0.0024642633300702805
2016,BTN,BEL,0.002463988367996132
2016,DJI,SWE,0.0024438107816426753
2016,XKV,ROU,0.002417513878249444
2016,LKA,SWE,0.0023492190863350104
2016,PNG,SVK,0.0023016554432489494
2016,XKV,LVA,0.002238283600095315
2016,GMB,BGR,0.002184748775514444
2016,STP,ESP,0.0021802182827241733
2016,PLW,ITA,0.0021795928784016224
2016,LVA,MLT,0.002165383474207839
2016,NER,PRT,0.0021394075353108255
2016,ALB,BEL,0.0021359870446347193
2016,GMB,HRV,0.002131781890958341
2016,STP,CYP,0.0021302929255335146
2016,FRO,HRV,0.0021252625984649253
2016,MHL,BGR,0.002095607411624269
2016,ALB,AUT,0.002078994506836626
2016,STP,BEL,0.0020345060678205245
2016,PNG,CYP,0.002030877940144536
2016,GMB,AUT,0.0020055215379749256
2016,SMR,DEU,0.0019743652724756675
2016,GUF,BEL,0.001965394916342837
2016,GMB,CZE,0.0019345338765581323
2016,NER,FIN,0.001913288902308395
2016,LTU,MLT,0.0019055172901693831
2016,IOT,CYP,0.0018931897270325648
2016,VCT,FIN,0.0018840440750448031
2016,SMR,POL,0.0018503152350959748
2016,LIE,MLT,0.001843542167161793
2016,STP,HRV,0.0018397636861405176
2016,GMB,GRC,0.001834974612580124
2016,MHL,AUT,0.0018299314441375487
2016,DJI,ITA,0.001826945736672146
2016,PNG,MLT,0.0018268783842870318
2016,XKV,GRC,0.001824889889280665
2016,STP,EST,0.0018148701353142178
2016,IOT,DEU,0.001807953248570073
2016,ALB,CZE,0.0017865621500250189
2016,PNG,LVA,0.0017387797029784857
2016,XKV,EST,0.0017103573570056306
2016,SSD,LVA,0.0017089631982819668
2016,YEM,SVN,0.0016556042386244231
2016,SMR,ITA,0.0016365004675236844
2016,IOT,EST,0.0016111830960996508
2016,BTN,SWE,0.001546068048110534
2016,EST,GRC,0.001541797252906334
2016,GUF,DEU,0.0015276580913324922
2016,NER,BGR,0.0015164546657406965
2016,LTU,FIN,0.0015121392016274825
2016,IOT,ITA,0.001501327652809593
2016,ALB,LTU,0.0014841861778502388
2016,STP,ITA,0.0014338455800386352
2016,VUT,MLT,0.0013757128149483094
2016,ALB,HUN,0.0013666486628550365
2016,GUF,POL,0.0013636488114420365
2016,SMR,CYP,0.0013528976060682245
2016,SMR,FRA,0.0013522120375271003
2016,IOT,FRA,0.0013406845777325798
2016,PNG,EST,0.0013286674919454693
2016,GMB,HUN,0.0013261892809346351
2016,FSM,MLT,0.0013206012518508221
2016,STP,LVA,0.0013109339310673847
2016,NER,GRC,0.001308966056686363
2016,BTN,PRT,0.0012761682130276884
2016,ALB,ITA,0.00126140049498645
2016,IOT,ROU,0.0012085985762348272
2016,VCT,PRT,0.0012017954695775048
2016,SMR,EST,0.00116350021418686
2016,SMR,ROU,0.0011552951599385433
2016,GUF,FRA,0.0011313276042516163
2016,ALB,FIN,0.0011115986082415542
2016,WLF,ITA,0.0010932212129883994
2016,NER,CZE,0.0010916307198197445
2016,PRK,ROU,0.0010893436241386798
2016,WLF,IRL,0.0010505265680747487
2016,BTN,HRV,0.0010282612668789206
2016,ZMB,AUT,0.0010016378739122948
2016,PLW,DEU,0.0009817794335067822
2016,STP,SVK,0.0009241139710370894
2016,GUF,CYP,0.0009233774183429859
2016,NER,HUN,0.0009084133005165358
2016,GUF,ROU,0.0008940247247029403
2016,VCT,GRC,0.0008892115559830894
2016,EST,MLT,0.0008701409264226189
2016,CRI,LVA,0.0008689331745804931
2016,ATG,IRL,0.0008606482269307861
2016,CPV,AUT,0.0008548254709496563
2016,PLW,POL,0.0008532788448851339
2016,NRU,IRL,0.000836333297050033
2016,GUY,MLT,0.0008259573023586137
2016,XKV,HRV,0.0008251120997605798
2016,IOT,SWE,0.0007976509858587945
2016,GUF,EST,0.0007903400220710318
2016,DJI,LTU,0.0007666244310333003
2016,ALB,PRT,0.0007606488219977744
2016,BTN,FIN,0.0007604432721709307
2016,SMR,ESP,0.0007515282130360567
2016,ALB,SVK,0.0007495084929936981
2016,LKA,MLT,0.0007415659742761694
2016,IOT,BEL,0.0007370682136119319
2016,GMB,DNK,0.0007362317581741486
2016,ABW,POL,0.0007307666154809323
2016,FRO,BGR,0.0007235796778786554
2016,SMR,BEL,0.000713452248718182
2016,IOT,ESP,0.0007123799432113909
2016,YEM,MLT,0.0007117156960724002
2016,NRU,ITA,0.0006948999765380472
2016,EST,FIN,0.0006905076183628524
2016,ALB,CYP,0.0006613328110584789
2016,SMR,SWE,0.000658246224935109
2016,PNG,HRV,0.0006409769395105075
2016,STP,CZE,0.0006337206112707505
2016,PLW,FRA,0.0006315409902102333
2016,ABW,DEU,0.0006218308570625397
2016,STP,AUT,0.0006116095144934738
2016,BTN,LVA,0.0006031185442098711
2016,PLW,CYP,0.0005750550234473052
2016,ALB,LVA,0.0005662142692339012
2016,PLW,ROU,0.0005625121874989086
2016,BTN,AUT,0.0005470350396508553
2016,GLP,DEU,0.0005453056203196978
2016,GUF,ESP,0.0005424292575079955
2016,BTN,LTU,0.0005315626003045877
2016,LBR,MLT,0.0005281601409006807
2016,GUF,ITA,0.0005207369534460497
2016,BTN,CZE,0.0005198421107785237
2016,ABW,CYP,0.0005155061519894593
2016,DJI,PRT,0.0005117306230939087
2016,STP,FIN,0.0005074052357921391
2016,ATG,BEL,0.0005001047341724484
2016,ABW,FRA,0.0004974289669819005
2016,PLW,EST,0.0004907415114586385
2016,DJI,FIN,0.000489466547986279
2016,ABW,ROU,0.0004617362456582997
2016,FLK,IRL,0.0004561780936918986
2016,WLF,DEU,0.00045606940752393124
2016,PRK,SWE,0.0004523570554954004
2016,ABW,EST,0.00045079327741644404
2016,XKV,SWE,0.0004470435937089464
2016,ALB,EST,0.0004326657895293207
2016,STP,PRT,0.00041031608418037413
2016,MKD,DNK,0.0004091633787676961
2016,GUF,SWE,0.00040855642933582874
2016,WLF,POL,0.0004057006239929322
2016,STP,DNK,0.0004052280177873324
2016,PLW,ESP,0.00040057307594415726
2016,ALB,GRC,0.00039838609694985334
2016,ATG,DEU,0.00038936502786313955
2016,STP,BGR,0.00037422657525180845
2016,NRU,DEU,0.0003729253328982287
2016,BTN,BGR,0.00037030704484108094
2016,PLW,BEL,0.00036573367473585066
2016,ATG,POL,0.0003504759127343803
2016,IOT,FIN,0.0003483862917673251
2016,DJI,BGR,0.0003421129740245775
2016,ALB,ROU,0.000339221539377437
2016,BTN,SVK,0.0003340374250091673
2016,STP,LTU,0.00033276792800817625
2016,VCT,BGR,0.0003276708624338223
2016,STP,HUN,0.00032557318748458505
2016,MAF,DEU,0.00032386990557547416
2016,NRU,POL,0.00032368856663980374
2016,DJI,GRC,0.0003191471093700672
2016,BTN,HUN,0.0003110469504013063
2016,WLF,FRA,0.0003020825649256567
2016,ATG,FRA,0.00029082781842298754
2016,VCT,AUT,0.00028573420953816167
2016,BTN,GRC,0.00028538934955548107
2016,XKV,BGR,0.00028092262470989635
2016,WLF,ROU,0.00027347047549115285
2016,WLF,CYP,0.00027193355419848894
2016,PLW,SWE,0.0002585903308458199
2016,BTN,DNK,0.00025730640162744225
2016,PRK,GRC,0.0002530144436437101
2016,PLW,PRT,0.0002505605413286372
2016,NRU,FRA,0.00024541046406580146
2016,SOM,DEU,0.0002442947921679194
2016,ATG,CYP,0.000241319398554577
2016,SMR,PRT,0.00024038613492500762
2016,GLP,ESP,0.00023718341157219177
2016,DJI,CZE,0.00023699740943934316
2016,SOM,CYP,0.0002322993479157456
2016,WLF,EST,0.00023220436279725363
2016,ATG,ROU,0.00022959032150486519
2016,MUS,SVK,0.00022757653848047042
2016,ABW,ESP,0.00022648659625601128
2016,ABW,BEL,0.0002260602047909054
2016,PNG,BGR,0.0002182308613315174
2016,NRU,CYP,0.00021773533993272627
2016,ABW,SWE,0.00021557119490746396
2016,NRU,ROU,0.00021429087338189936
2016,GMB,LVA,0.00020947102080398692
2016,ALB,HRV,0.00020872701054597896
2016,ATG,EST,0.00020664936627181625
2016,SMR,FIN,0.0002033867937548325
2016,NRU,BEL,0.00019835050813210844
2016,DJI,HUN,0.0001972789708357919
2016,SOM,EST,0.00019664170064810768
2016,GUF,HRV,0.00019477482776321479
2016,STP,GRC,0.00018989049210891098
2016,IOT,LTU,0.00018844054272942803
2016,WLF,ESP,0.0001880099885729606
2016,SOM,FRA,0.00018616730613628868
2016,NRU,EST,0.00018603338851967027
2016,SMR,LTU,0.00018296628614189906
2016,GNQ,MLT,0.00018160703782323955
2016,WLF,BEL,0.00017622046064931198
2016,SOM,SVK,0.0001758686284798796
2016,IOT,PRT,0.00017356549528922276
2016,GUF,FIN,0.0001687548950320721
2016,ABW,ITA,0.00016770828697328338
2016,FLK,POL,0.00016630140543621245
2016,FLK,DEU,0.00015900902858874755
2016,SXM,DEU,0.00015882055354026864
2016,MHL,HRV,0.00015858125697962354
2016,NRU,ESP,0.00014918614594069905
2016,PRK,MLT,0.00014279323820005294
2016,XKV,MLT,0.00014111596489277785
2016,MAF,ESP,0.00013968353052534366
2016,ATG,ESP,0.00013555037771387565
2016,ATG,ITA,0.0001289354240903585
2016,GUF,PRT,0.0001271722647281766
2016,WLF,PRT,0.00012488561004066705
2016,GUF,GRC,0.00012332248786699573
2016,PLW,HRV,0.00012242525163202225
2016,LBR,SVK,0.00012078799874422337
2016,GUF,LTU,0.00011978796273494093
2016,WLF,SWE,0.00011934591499886538
2016,FLK,FRA,0.00011873266544311825
2016,STP,SVN,0.00011741315287282113
2016,FLK,CYP,0.00011725218175192103
2016,PLW,FIN,0.00011649102216266345
2016,PRK,FIN,0.00011331476986516213
2016,ATG,SWE,0.00011087133567861198
2016,SOM,BEL,0.00011020494324868144
2016,GLP,FRA,0.00010663419418117251
2016,IOT,HRV,0.00010661282912207966
2016,STP,SWE,0.00010610446620436274
2016,FLK,ROU,0.0001055108379237568
2016,GUF,LVA,0.00010203925613529279
2016,FLK,EST,0.0001005707204622119
2016,IOT,AUT,9.946540524223886e-05
2016,IOT,BGR,9.942072408913175e-05
2016,NRU,SWE,9.772972968115748e-05
2016,GUF,AUT,9.72621571541761e-05
2016,SMR,CZE,9.550977519435014e-05
2016,GUF,CZE,9.53522598558718e-05
2016,IOT,DNK,9.49155087531541e-05
2016,SOM,SWE,9.275994906520023e-05
2016,IOT,CZE,9.142181739776948e-05
2016,SMR,BGR,9.070008561063407e-05
2016,SMR,AUT,8.822800895860936e-05
2016,GLP,POL,8.551314522988784e-05
2016,SMR,GRC,8.513013534044258e-05
2016,GUF,BGR,8.48470639893403e-05
2016,BWA,MLT,8.389619692476882e-05
2016,PLW,LTU,8.311050889392289e-05
2016,NRU,PRT,8.310015265993966e-05
2016,IOT,GRC,8.205690378278364e-05
2016,IOT,SVN,8.185539401920829e-05
2016,PLW,AUT,7.569899198889315e-05
2016,SSD,MLT,7.32694323835181e-05
2016,SMR,HRV,7.134125285562486e-05
2016,ALB,BGR,7.106445253613526e-05
2016,PLW,CZE,6.967243749460266e-05
2016,SXM,ESP,6.900056735699791e-05
2016,SMR,HUN,6.89508202343786e-05
2016,PLW,LVA,6.767549043973778e-05
2016,MAF,FRA,6.714579319282637e-05
2016,ABW,LTU,6.709759318013695e-05
2016,WLF,HRV,6.621051926555673e-05
2016,GLP,BEL,6.553144575127229e-05
2016,FLK,BEL,6.524646826433476e-05
2016,SOM,ESP,6.323816469434022e-05
2016,IOT,HUN,6.18583483414843e-05
2016,FLK,ESP,6.11165158038092e-05
2016,GUF,HUN,5.9004751902284094e-05
2016,FLK,SWE,5.7250494199800775e-05
2016,FLK,ITA,5.717041500331118e-05
2016,WLF,FIN,5.610751637459754e-05
2016,GLP,CYP,5.5452120616994816e-05
2016,GUF,SVK,5.5026709002206396e-05
2016,SMR,SVK,5.4958199739104316e-05
2016,GUF,DNK,5.479920754570317e-05
2016,BTN,SVN,5.431843298470426e-05
2016,PLW,BGR,5.050873380745419e-05
2016,MAF,POL,4.973273381903018e-05
2016,GLP,SVK,4.7337671935435716e-05
2016,ABW,PRT,4.728727967209623e-05
2016,NRU,HRV,4.671688572490854e-05
2016,GLP,AUT,4.528133616249338e-05
2016,PLW,GRC,4.465086876716725e-05
2016,GLP,EST,4.420327341291005e-05
2016,SOM,ITA,4.3842616350417906e-05
2016,ATG,FIN,4.350153979581029e-05
2016,PLW,HUN,4.314309795768627e-05
2016,NRU,FIN,4.301445382717749e-05
2016,ABW,FIN,4.228938429153959e-05
2016,ATG,HRV,4.183242897331583e-05
2016,MAF,BEL,4.114826135461648e-05
2016,MAF,CYP,3.865040273589672e-05
2016,WLF,LTU,3.849771949320682e-05
2016,GLP,CZE,3.845637162365565e-05
2016,PLW,SVK,3.807946230268403e-05
2016,WLF,LVA,3.772764881357374e-05
2016,WLF,AUT,3.662680991488826e-05
2016,GLP,LTU,3.5865710049939706e-05
2016,GLP,ITA,3.493104741582769e-05
2016,WLF,CZE,3.447036011007869e-05
2016,ABW,BGR,3.351816552264186e-05
2016,MAF,SVK,3.2376362463913176e-05
2016,ATG,PRT,3.186435261696407e-05
2016,ATG,GRC,3.146567763930532e-05
2016,SXM,FRA,3.131214883875503e-05
2016,PLW,DNK,3.118578783824142e-05
2016,MAF,EST,3.112582083680607e-05
2016,ATG,LTU,3.1109837971765955e-05
2016,NRU,LTU,3.1074608358788124e-05
2016,GLP,HUN,2.941758777156975e-05
2016,ABW,GRC,2.893204916884439e-05
2016,NRU,AUT,2.7751984500145143e-05
2016,GLP,FIN,2.7214445087328973e-05
2016,MAF,AUT,2.6417062593736158e-05
2016,NRU,CZE,2.6174919676353563e-05
2016,NRU,LVA,2.560695308416166e-05
2016,WLF,BGR,2.556172686044671e-05
2016,SXM,POL,2.4835194688322855e-05
2016,ABW,CZE,2.412829079769894e-05
2016,SMR,DNK,2.3979180073575936e-05
2016,UGA,SVK,2.3796803662100448e-05
2016,ATG,AUT,2.266479137580845e-05
2016,BFA,MLT,2.2497257216601718e-05
2016,MAF,CZE,2.236545607652982e-05
2016,SOM,LTU,2.2082526560796928e-05
2016,ATG,CZE,2.207318244839422e-05
2016,MAF,ITA,2.152319656128773e-05
2016,WLF,GRC,2.1496212072627216e-05
2016,MAF,LTU,2.1467220459493522e-05
2016,WLF,HUN,2.0848370871414133e-05
2016,WLF,SVK,2.0802281501981944e-05
2016,ATG,BGR,2.0781639600379387e-05
2016,ATG,LVA,2.0240822839280168e-05
2016,ABW,HUN,2.0078640039536212e-05
2016,NRU,BGR,1.9630351201558666e-05
2016,FLK,FIN,1.9362953182209742e-05
2016,NRU,GRC,1.927505934201429e-05
2016,SXM,BEL,1.9234964496598208e-05
2016,SOM,FIN,1.852512042374932e-05
2016,GLP,PRT,1.768141066672471e-05
2016,MAF,HUN,1.710868028895859e-05
2016,WLF,DNK,1.659489393806774e-05
2016,SXM,CYP,1.6532532730762407e-05
2016,GLP,SWE,1.645832930250659e-05
2016,MAF,FIN,1.63378004572846e-05
2016,NRU,HUN,1.6267679161306548e-05
2016,IOT,LVA,1.6238610426149982e-05
2016,SRB,HUN,1.6150205086250435e-05
2016,GNQ,SVK,1.5826154760683155e-05
2016,FRO,SWE,1.5432996688171232e-05
2016,FLK,LTU,1.4748607650682601e-05
2016,BTN,MLT,1.4522336753335987e-05
2016,NRU,SVK,1.4339839221304604e-05
2016,SXM,SVK,1.4071961942866648e-05
2016,ATG,HUN,1.4040472592134213e-05
2016,SXM,EST,1.319991050793402e-05
2016,SXM,AUT,1.3156356967990695e-05
2016,GMB,MLT,1.2989804328306377e-05
2016,FLK,PRT,1.2900234190919832e-05
2016,SMR,LVA,1.2867444426417279e-05
2016,FLK,HRV,1.2443626141811903e-05
2016,GLP,LVA,1.2187959067626386e-05
2016,MAF,SWE,1.2127655898801501e-05
2016,ATG,DNK,1.2098022602171611e-05
2016,NRU,DNK,1.2043177058692831e-05
2016,MHL,HUN,1.1793252193864516e-05
2016,DJI,AUT,1.1235560072298111e-05
2016,SXM,CZE,1.1168709485687049e-05
2016,ATG,SVK,1.0835777803140946e-05
2016,MAF,PRT,1.048630243599861e-05
2016,SXM,LTU,1.0456984723313793e-05
2016,SXM,ITA,1.0225610386805957e-05
2016,GLP,GRC,1.0212005640307157e-05
2016,GUF,SVN,1.0107261076833843e-05
2016,SOM,GRC,9.223993447025027e-06
2016,FLK,AUT,8.896994891866579e-06
2016,FLK,BGR,8.875063530098756e-06
2016,FLK,CZE,8.627395266783531e-06
2016,SXM,HUN,8.543616511867117e-06
2016,SXM,FIN,7.937885437939391e-06
2016,SOM,PRT,7.3729677642951104e-06
2016,GLP,ROU,7.301861612183249e-06
2016,FLK,GRC,7.106302577934937e-06
2016,MAF,LVA,7.0882730658308804e-06
2016,MAF,GRC,6.193247396382385e-06
2016,MHL,LVA,5.909509131651384e-06
2016,FLK,HUN,5.626668018854376e-06
2016,PLW,SVN,5.430733303557832e-06
2016,SXM,PRT,5.1487106292186224e-06
2016,SXM,SWE,4.95075360064829e-06
2016,FRO,MLT,4.87165513494919e-06
2016,MHL,CZE,4.60681463600112e-06
2016,GLP,HRV,4.492921494692167e-06
2016,SSD,SVK,4.486619780037201e-06
2016,MAF,ROU,4.246616575333051e-06
2016,PSE,DEU,4.1546322204693126e-06
2016,FLK,LVA,4.07446681005658e-06
2016,MHL,SVK,4.061625348002217e-06
2016,PSE,CYP,3.950630085398546e-06
2016,FLK,DNK,3.726847341679357e-06
2016,SXM,LVA,3.539693639896868e-06
2016,PSE,EST,3.344213514133985e-06
2016,PLW,MLT,3.2859184898037697e-06
2016,PSE,FRA,3.166079315928082e-06
2016,WLF,SVN,3.1263472556562604e-06
2016,PSE,SVK,2.990933470043106e-06
2016,SOM,AUT,2.9885507509625114e-06
2016,SXM,GRC,2.9828142538085493e-06
2016,MHL,DNK,2.827222139849019e-06
2016,BFA,SVK,2.699565640236212e-06
2016,MAF,HRV,2.612993220687058e-06
2016,SXM,ROU,2.120646530287842e-06
2016,NRU,SVN,2.0882444142212176e-06
2016,GUF,MLT,2.0138382766246034e-06
2016,SMR,MLT,1.9810751125221555e-06
2016,PSE,BEL,1.874215180818291e-06
2016,FLK,SVK,1.823951109677432e-06
2016,ATG,SVN,1.7746579813659585e-06
2016,GLP,BGR,1.692247944768838e-06
2016,WLF,MLT,1.6529024770889246e-06
2016,PSE,SWE,1.5775345423265283e-06
2016,VCT,HUN,1.4953132629289605e-06
2016,SXM,HRV,1.3048587996624297e-06
2016,NRU,MLT,1.0992151429873572e-06
2016,PSE,ESP,1.0754683481826284e-06
2016,MAF,BGR,1.0094216859542064e-06
2016,SOM,BGR,9.162011202948114e-07
2016,IOT,MLT,8.060407961998217e-07
2016,PSE,ITA,7.456153481729469e-07
2016,IOT,SVK,5.420945385177482e-07
2016,ATG,MLT,5.123412733059674e-07
2016,SXM,BGR,4.931592555310043e-07
2016,GMB,SVK,4.4803962977113627e-07
2016,BDI,DEU,4.231076617854701e-07
2016,BDI,CYP,4.023320884522219e-07
2016,PSE,LTU,3.755494562315281e-07
2016,BDI,EST,3.405746370293072e-07
2016,BDI,FRA,3.224334538661882e-07
2016,PSE,FIN,3.1504995058462006e-07
2016,BDI,SVK,3.0459660444333866e-07
2016,FLK,SVN,2.9608290776579635e-07
2016,BDI,BEL,1.9087003632520844e-07
2016,BDI,SWE,1.6065608606727437e-07
2016,PSE,GRC,1.5686908442185133e-07
2016,PSE,PRT,1.2538936733848484e-07
2016,BDI,ESP,1.0952567495190511e-07
2016,BDI,ITA,7.593345206406217e-08
2016,PSE,AUT,5.082519005940198e-08
2016,BDI,LTU,3.824594907054788e-08
2016,BDI,FIN,3.2084680632075e-08
2016,FLK,MLT,2.501159094594512e-08
2016,BDI,GRC,1.5975544402979548e-08
2016,PSE,BGR,1.5581497505646653e-08
2016,BDI,PRT,1.2769650648247452e-08
2016,BDI,AUT,5.176036333585866e-09
2016,BDI,BGR,1.5868193926406261e-09
2017,GBR,BEL,50556.88047556429
2017,GBR,FRA,8747.370068400596
2017,GBR,DEU,6742.8970647508
2017,GBR,NLD,5021.720486739592
2017,DNK,DEU,2313.371048932489
2017,LUX,BEL,2108.539551376575
2017,GBR,ITA,1394.3092657352777
2017,SWE,ITA,1308.1743090676978
2017,LUX,FRA,1118.0181045191664
2017,SWE,DEU,911.1244337583137
2017,SWE,POL,883.5249407778961
2017,SWE,FRA,798.1969794786262
2017,LUX,POL,775.1417619504956
2017,NLD,FRA,770.6858786673748
2017,NLD,POL,765.1460634446003
2017,CHE,NLD,737.9905919641046
2017,LUX,NLD,724.2815489240211
2017,GBR,POL,694.8441992042411
2017,CHE,DEU,687.4753009015487
2017,LUX,DEU,686.7281520821048
2017,NLD,ITA,654.316205715341
2017,SWE,ROU,644.0545645112186
2017,GBR,HRV,620.5792898264455
2017,NLD,DEU,618.5992550657913
2017,GBR,SWE,572.5471280585398
2017,CHE,POL,558.2615817478111
2017,SWE,CYP,548.2151702364943
2017,DNK,ESP,504.9432961919735
2017,NLD,ROU,500.973487311057
2017,IRL,DEU,484.37720804502055
2017,NLD,ESP,475.96271315707924
2017,MLT,FRA,468.65345461073775
2017,SWE,EST,464.60901575169805
2017,DNK,POL,461.3690149649415
2017,GBR,LVA,460.8417458854799
2017,IRL,POL,446.1095824022689
2017,GBR,CYP,445.4096021814011
2017,DNK,FRA,433.7106656414352
2017,HKG,GRC,429.4885129391772
2017,HKG,NLD,414.99095194648567
2017,IRL,FRA,405.5592874443376
2017,SWE,ESP,404.1991563023173
2017,SGP,NLD,402.49821700702654
2017,SWE,BEL,402.15841408084583
2017,NLD,CYP,386.99409932863836
2017,CHE,FRA,382.41559502613285
2017,LUX,AUT,382.39752862615865
2017,GBR,EST,370.9195973535979
2017,MLT,POL,355.6781715925332
2017,LUX,ITA,341.4531759116051
2017,ASM,FRA,338.3992338630424
2017,LUX,ROU,334.4509327703614
2017,HKG,DEU,330.7948172584142
2017,NLD,EST,328.3487662408727
2017,CAN,ITA,323.1025932817934
2017,GBR,ROU,320.04115919908924
2017,GBR,SVK,316.7489790623847
2017,IRL,ESP,300.14026682538406
2017,PAN,BEL,293.6477108807885
2017,FIN,DEU,274.4077852069835
2017,NLD,SWE,271.83016204043497
2017,FIN,FRA,270.90561265736835
2017,IRL,ROU,265.0743601226377
2017,LUX,ESP,264.07059611622003
2017,SGP,DEU,260.21517918688977
2017,ASM,POL,256.69499649347904
2017,NLD,BEL,249.99864458730275
2017,HKG,POL,249.07537696508925
2017,VGB,BEL,246.93972679959455
2017,DNK,SWE,244.4729511858029
2017,FIN,POL,244.32172656732806
2017,NLD,AUT,236.12221414229418
2017,MLT,AUT,234.05130016371928
2017,CHE,ITA,227.11337928300173
2017,SGP,GRC,225.6529725727609
2017,GBR,CZE,224.44981177347006
2017,LUX,SWE,219.46932907298543
2017,GBR,ESP,214.74940418735096
2017,FIN,ITA,210.88149850186025
2017,IRL,SWE,205.36867156674273
2017,IRL,BEL,204.23954394607927
2017,CHE,AUT,200.30596821180058
2017,GBR,AUT,193.84176307604986
2017,AUT,POL,191.9996806545874
2017,IRL,CYP,188.30986614846745
2017,DNK,BEL,188.14231453144797
2017,FIN,HRV,187.0723063241292
2017,KAZ,ITA,185.73401481328446
2017,SWE,AUT,185.29293654888022
2017,FIN,ROU,184.82634327256864
2017,AUT,DEU,184.4895748449119
2017,MLT,ESP,182.934137032207
2017,CHE,ESP,182.30589892063483
2017,FIN,ESP,180.92675911744305
2017,DEU,FRA,171.75700414158914
2017,IRL,ITA,169.94036119959628
2017,ASM,AUT,164.54506540483803
2017,CHE,BEL,159.5945572630017
2017,FIN,NLD,159.27715687265768
2017,LUX,DNK,158.3438113314022
2017,MLT,ROU,158.12081229086078
2017,IRL,EST,156.75365669918602
2017,LUX,HUN,156.46077288791966
2017,GBR,FIN,150.84772880450166
2017,CYM,ESP,150.5351405413328
2017,CYM,BEL,148.23103497789748
2017,FIN,SWE,146.487229541714
2017,CHE,SWE,145.37620580696353
2017,SGP,POL,144.5870665011457
2017,TLS,FRA,144.54519070688542
2017,BMU,BEL,141.51353517793112
2017,DEU,ITA,139.8570302990363
2017,MLT,ITA,139.65949753591678
2017,AUT,FRA,139.1225952230453
2017,CHE,ROU,136.9721686779825
2017,ESP,FRA,136.29915726605762
2017,GBR,DNK,135.89831042568008
2017,DNK,CZE,133.55280735718324
2017,PAN,DEU,130.6498669504802
2017,SWE,HRV,130.3477345821064
2017,AUT,ROU,127.75707234830061
2017,FIN,LVA,126.75466879659358
2017,FIN,BEL,126.38654691700015
2017,IRL,AUT,125.82994320488797
2017,GBR,PRT,125.48939580431897
2017,IRL,NLD,124.69644888156157
2017,ASM,GRC,124.58609838611258
2017,AUT,CYP,123.98051532490321
2017,LUX,SVK,123.3285734294843
2017,HKG,FRA,122.94949765186959
2017,ESP,PRT,121.27926636400387
2017,ESP,ROU,120.92825036868375
2017,BMU,ESP,120.14383906346275
2017,HKG,ITA,119.68145127714766
2017,IRL,HRV,119.6444902016701
2017,ASM,ROU,119.2017994010846
2017,MUS,ITA,118.96115286290711
2017,PAN,GRC,118.4849541063802
2017,VGB,DEU,116.8531766609772
2017,ASM,ESP,115.52406022993033
2017,GBR,HUN,115.4209116624652
2017,PAN,FRA,115.37626561142712
2017,GBR,BGR,114.80370144535296
2017,LUX,CYP,110.9973318973
2017,SWE,CZE,109.18314900833535
2017,VGB,GRC,108.4568011112032
2017,DNK,AUT,108.42061957906907
2017,AUT,EST,107.86376711670748
2017,TLS,POL,106.95537871088533
2017,DEU,POL,104.74793171309949
2017,DNK,ITA,104.69005874144102
2017,GBR,IRL,103.86536926350813
2017,FIN,AUT,102.61795649869013
2017,ASM,ITA,102.40573563753485
2017,MLT,HUN,99.97712010886451
2017,FIN,SVK,98.51118039052594
2017,HKG,BEL,98.48832866171088
2017,DNK,HUN,97.86332378403102
2017,VGB,FRA,95.02122319102432
2017,GBR,LTU,94.8367963442584
2017,NLD,HUN,94.77461343815341
2017,CHE,DNK,93.96031320925728
2017,PAN,POL,92.53557539052325
2017,LUX,HRV,88.67741548436521
2017,LUX,GRC,86.66279155187111
2017,FIN,CYP,86.40629351046171
2017,SWE,FIN,86.29751788396563
2017,DEU,AUT,85.25240695173193
2017,MLT,DNK,85.21248966615418
2017,LUX,PRT,84.3906124422597
2017,CYM,GRC,83.93032114279409
2017,MLT,SWE,83.41508435506739
2017,GBR,MLT,82.95808124115514
2017,LUX,EST,82.7494371708305
2017,HKG,ESP,82.16627461955265
2017,CYM,DEU,82.03934257029861
2017,SWE,LTU,81.16602693442051
2017,HKG,SWE,79.72892443737983
2017,VGB,POL,78.78605489267272
2017,KAZ,GRC,78.75306049463688
2017,SWE,PRT,78.70946677861727
2017,IRL,LVA,78.55496957383446
2017,DNK,PRT,77.96788703981758
2017,CHE,HUN,77.7484954524613
2017,NLD,HRV,77.2467868871976
2017,IMN,FRA,76.95668367530024
2017,MLT,SVK,76.8211925357393
2017,AUT,ESP,76.56698916298683
2017,NLD,DNK,74.29737653936999
2017,AUT,BEL,73.85542887277838
2017,DNK,LTU,72.5493439304567
2017,TLS,AUT,71.98291084829292
2017,AUT,SWE,71.88066762582947
2017,SWE,BGR,71.82669861660544
2017,BMU,DEU,71.58314364269873
2017,BMU,FRA,70.42513336083623
2017,SGP,BEL,70.36417059326831
2017,FIN,EST,70.33150581269678
2017,ASM,HUN,70.1597909871499
2017,HKG,ROU,69.98766367874768
2017,SGP,ITA,68.8525185406986
2017,KAZ,ESP,68.15996432626797
2017,CHE,CYP,67.84737272737642
2017,SWE,IRL,67.42423441003208
2017,FIN,IRL,66.96945624630807
2017,PAN,ROU,66.94925069154448
2017,NLD,BGR,65.7789342582696
2017,ASM,SWE,65.57018164153277
2017,IRL,SVK,65.00283992282272
2017,CYM,FRA,64.71401569509871
2017,VGB,ESP,64.4108412222862
2017,ASM,DEU,64.3239424007714
2017,DEU,ROU,63.927612704287945
2017,PRT,NLD,63.70767011128735
2017,MLT,DEU,63.60188937852196
2017,IRL,DNK,63.03511115946901
2017,HKG,AUT,61.42511450167335
2017,PAN,CYP,60.469818211697095
2017,ASM,DNK,59.97992078646381
2017,ESP,POL,59.90717254338326
2017,SWE,HUN,58.20094104704218
2017,NLD,PRT,58.16359657308323
2017,PRT,ESP,57.37047697711739
2017,IRL,HUN,57.069421533705196
2017,NLD,GRC,56.75773147782595
2017,LUX,BGR,56.51949561073776
2017,CHE,SVK,55.87212755917537
2017,BMU,GRC,55.820432378931685
2017,NLD,CZE,55.79315831086924
2017,NLD,LTU,55.323055780628046
2017,IMN,POL,55.12582727545646
2017,FIN,MLT,54.74636567496311
2017,VGB,ROU,54.73805064062056
2017,ASM,SVK,54.70494910067049
2017,CHE,EST,54.569063145071276
2017,BMU,POL,54.483252724294566
2017,IRL,CZE,54.33667720040276
2017,ESP,BEL,54.25806736263602
2017,TLS,GRC,54.1781750485224
2017,DNK,EST,53.920501487291894
2017,NLD,SVK,53.672543815360505
2017,ESP,ITA,52.902497537108864
2017,CYM,POL,52.893375183181455
2017,FIN,CZE,52.888794980671136
2017,AUT,ITA,52.64250688606522
2017,VGB,CYP,52.01287872577152
2017,PAN,EST,52.01105299214941
2017,NLD,FIN,51.07532640952168
2017,BHR,GRC,51.06192932898826
2017,FIN,DNK,51.01496703548648
2017,HKG,CYP,50.615186637034554
2017,ROU,HUN,50.365049995435896
2017,DNK,SVK,49.99493231488076
2017,GBR,SVN,49.87540950156434
2017,GBR,GRC,49.20050741919577
2017,TLS,ROU,48.930843281559255
2017,IRL,FIN,48.82091414123571
2017,TLS,ESP,48.48166889829829
2017,IRL,PRT,48.44276630133585
2017,JEY,DEU,48.388961892163515
2017,LUX,SVN,47.53769932810725
2017,SWE,LVA,47.243986134993854
2017,CAN,FRA,46.803223994995214
2017,JEY,POL,46.408487772546216
2017,FIN,HUN,45.993988012656445
2017,DNK,GRC,45.566780071504176
2017,PAN,ITA,45.02020072198453
2017,MLT,CYP,44.81969058531819
2017,VGB,EST,44.74008720401268
2017,GTM,ITA,44.58710771667558
2017,SWE,DNK,44.00422652967821
2017,PRT,DEU,43.955349082042396
2017,ESP,SWE,43.93072192554556
2017,JEY,BEL,43.57690318097557
2017,JEY,FRA,43.00917221588964
2017,HKG,EST,42.69126113910799
2017,DEU,ESP,42.50076945355921
2017,PAN,ESP,42.42597997715163
2017,TLS,ITA,42.2289260814125
2017,MLT,GRC,42.19363443735427
2017,SGP,SWE,41.42267385170794
2017,GNQ,ESP,41.313416947157535
2017,SWE,GRC,41.131821532089496
2017,MLT,HRV,40.86781737369808
2017,PAN,SWE,40.358811439067786
2017,IMN,ESP,39.24003369758118
2017,IRL,BGR,39.029770609835026
2017,IMN,AUT,38.90425426109393
2017,LUX,FIN,38.42197666601865
2017,MUS,FRA,37.47233143221011
2017,HKG,DNK,37.258361081061224
2017,ASM,CYP,37.1339164167495
2017,DNK,FIN,36.58802714453674
2017,BMU,ROU,36.48397922326675
2017,CYM,ROU,36.46546453777119
2017,JEY,ROU,36.21668742812282
2017,KAZ,FRA,36.126459761270986
2017,MLT,BGR,34.970593928767535
2017,FIN,BGR,34.84837357128935
2017,VGB,SWE,34.61142491349147
2017,CHE,HRV,34.26338595190774
2017,CHE,GRC,34.09265554074981
2017,ASM,BEL,34.023219018986254
2017,IRL,LTU,33.58739842681545
2017,ASM,HRV,33.432018833857505
2017,CUW,FRA,33.42114429729585
2017,CYM,ITA,32.99564419878212
2017,CYM,CYP,32.89852207875647
2017,DEU,HUN,32.05138076699933
2017,BMU,ITA,32.01437853957559
2017,VGB,ITA,31.866401849473732
2017,PRY,ITA,31.185633315279244
2017,DNK,LVA,30.998413147852535
2017,IRL,GRC,30.897607124075492
2017,LUX,LVA,30.79838687493096
2017,TLS,HUN,30.68789688818412
2017,CAN,AUT,30.25028063271765
2017,MLT,NLD,30.017930360273635
2017,MLT,EST,29.882469820320477
2017,BMU,CYP,29.366249916896265
2017,KAZ,DEU,29.357699707849015
2017,HKG,HRV,28.445397119073164
2017,ESP,GRC,28.332610717384956
2017,DEU,SWE,28.305780650378992
2017,CYM,EST,28.228301218533364
2017,ESP,AUT,28.225141726545385
2017,LUX,LTU,28.14554774837683
2017,FIN,PRT,28.100987518421643
2017,JEY,CYP,27.998920516641192
2017,BIH,DEU,27.845715932710306
2017,DEU,DNK,27.15078441831999
2017,CHE,BGR,27.126032796609554
2017,BIH,ESP,27.093120041405346
2017,TLS,SWE,26.8697569874975
2017,PAN,NLD,26.62893354926165
2017,CYM,SWE,26.368913925350704
2017,ASM,EST,26.19424791409831
2017,TLS,DNK,26.0720147250751
2017,CYP,ITA,25.991165756420934
2017,MMR,GRC,25.881983714070813
2017,CUW,ESP,25.87029727656664
2017,NLD,IRL,25.748535571011406
2017,URY,ESP,25.420799612732043
2017,IMN,ROU,25.2449839455566
2017,DNK,CYP,25.18997168591986
2017,BMU,EST,24.961076293019158
2017,ESP,FIN,24.715149353169075
2017,ASM,BGR,24.710288441958294
2017,CUW,BEL,24.417608319498303
2017,MLT,SVN,24.234309012238246
2017,TLS,SVK,24.070931863093307
2017,JEY,EST,23.994411676248347
2017,DEU,SVK,23.94750532698242
2017,PRT,POL,23.87240055761888
2017,JEY,ESP,23.803877153578206
2017,BMU,SWE,23.710689078653086
2017,MCO,NLD,23.67505907858053
2017,CUW,POL,23.359592524048228
2017,MLT,BEL,22.848998426705908
2017,BIH,POL,22.73486037423799
2017,VGB,NLD,22.520282423432423
2017,IMN,ITA,22.147306425869115
2017,CHE,FIN,21.536160742153672
2017,SGP,ESP,21.312718135686822
2017,CAN,IRL,20.908923678745595
2017,SGP,DNK,20.90663072179582
2017,URY,ITA,20.115768794685316
2017,ASM,NLD,20.059812390620497
2017,FIN,GRC,19.57487039825847
2017,HKG,HUN,19.419778091991496
2017,TLS,DEU,19.23108657891296
2017,CHE,LTU,19.1745153068909
2017,FIN,LTU,19.04244533207988
2017,CUW,ITA,19.026804147065427
2017,BRB,BEL,18.9321010408146
2017,SGP,AUT,18.895035112260196
2017,MUS,POL,18.869854562945356
2017,KAZ,AUT,18.70025964850247
2017,DNK,ROU,18.65290226482207
2017,HKG,SVK,18.64427712594204
2017,AUT,LTU,18.46051824478535
2017,PAN,HRV,18.44170811258885
2017,MUS,AUT,18.41736570801769
2017,NLD,SVN,18.341423792884722
2017,FIN,SVN,18.264544113372228
2017,DEU,PRT,18.220632547054
2017,LUX,CZE,18.0504635805975
2017,CHE,SVN,17.93103569416473
2017,ESP,SVN,17.593679208898138
2017,KWT,GRC,17.472025136420953
2017,ASM,SVN,17.36638978485094
2017,BHR,DEU,17.341094094261095
2017,VIR,FRA,17.33406165301816
2017,MUS,ROU,17.300919431201496
2017,IRL,SVN,17.29110662541897
2017,CAN,ROU,17.20158834350093
2017,PRT,ITA,17.13126443044875
2017,KAZ,ROU,17.118384369381978
2017,PRY,GRC,16.910271891276476
2017,DEU,GRC,16.9002427724827
2017,AUT,CZE,16.826360587784645
2017,IMN,HUN,16.668811693512644
2017,DNK,SVN,16.666057210458185
2017,VGB,HRV,16.342169432650266
2017,DNK,HRV,16.21437632554614
2017,HKG,LVA,16.179126910249018
2017,MCO,DEU,15.899459459800369
2017,CHE,CZE,15.87606822796182
2017,AUT,PRT,15.820402058225596
2017,AUT,FIN,15.769856997108027
2017,JOR,GRC,15.350721641443375
2017,IRN,GRC,15.301442457055687
2017,JEY,SWE,15.156231448012182
2017,HKG,FIN,14.917482964164433
2017,GTM,GRC,14.216558101526358
2017,BIH,FRA,14.120498043710583
2017,BHS,ESP,14.070769769873106
2017,TLS,HRV,14.017742959349965
2017,IMN,DNK,13.999006603323643
2017,JEY,ITA,13.819546255749316
2017,MLT,LTU,13.78862350457128
2017,CYM,NLD,13.657118699216609
2017,BMU,AUT,13.654000654813272
2017,CUW,AUT,13.653596155529693
2017,BHR,POL,13.574006904986947
2017,WSM,FRA,13.509579127175222
2017,IMN,SWE,13.439284308663112
2017,TLS,CYP,13.185565921098464
2017,CAN,GRC,13.12904910795792
2017,BIH,ROU,13.102109910888327
2017,IMN,SVK,12.978856470290395
2017,LVA,CYP,12.960907296128475
2017,BIH,CYP,12.79146767645419
2017,BMU,NLD,12.78785331643773
2017,GGY,FRA,12.785334122106944
2017,GGY,POL,12.703818252440591
2017,CUW,ROU,12.665468626930638
2017,ESP,HUN,12.623254801296465
2017,AUT,BGR,12.535297147805297
2017,KAZ,POL,12.32909204072126
2017,CUW,DEU,12.199961141582524
2017,SVK,DEU,12.188836586958727
2017,KAZ,IRL,12.117578457323004
2017,VIR,POL,11.905411143650921
2017,GTM,FRA,11.886572379355496
2017,GNQ,FRA,11.832734677730718
2017,PYF,FRA,11.688333745111079
2017,CYM,HRV,11.558372017197295
2017,BRB,ITA,11.541952515381212
2017,PAN,AUT,11.508552096210401
2017,CHE,PRT,11.425725864198263
2017,DEU,HRV,11.414244176708538
2017,PAN,PRT,11.37736365074925
2017,SGP,CYP,11.377138600844809
2017,AZE,GRC,11.361794112847836
2017,PYF,POL,11.240640489714801
2017,PNG,GRC,11.146997315075806
2017,HKG,BGR,11.133075887483429
2017,NER,FRA,11.132634559818184
2017,SGP,FRA,11.125673675665613
2017,CUW,GRC,11.09206254078964
2017,GGY,DEU,11.057632352750542
2017,BHR,FRA,10.987450058947145
2017,BIH,EST,10.981576802650249
2017,SVK,NLD,10.941913050299124
2017,JEY,PRT,10.82088541674946
2017,DNK,BGR,10.736133151167573
2017,ASM,LTU,10.608563046621079
2017,SVK,POL,10.558216639311954
2017,TLS,BGR,10.549552476542464
2017,AZE,DEU,10.532025216701598
2017,BMU,HRV,10.519118882439647
2017,CYM,CZE,10.450412616116441
2017,BIH,NLD,10.389635747664993
2017,AUT,HUN,10.261067162015609
2017,DEU,SVN,10.215840826920143
2017,PRT,BEL,10.16694644254583
2017,SGP,HRV,10.154858997184279
2017,LVA,DEU,10.151972305747064
2017,DEU,BGR,10.0995486906667
2017,PAN,FIN,10.097411384514157
2017,GTM,BEL,10.06726487637193
2017,BIH,BEL,9.990191999632827
2017,VIR,ESP,9.98698265995657
2017,SGP,EST,9.970525282237295
2017,WSM,POL,9.965413178856286
2017,PAN,CZE,9.874380886383383
2017,MUS,DEU,9.794600568590797
2017,MHL,GRC,9.706220647833046
2017,VGB,CZE,9.690682895264818
2017,JEY,GRC,9.689978641547631
2017,MCO,POL,9.673308704161764
2017,BHR,ROU,9.653263963575117
2017,SGP,ROU,9.643476475579314
2017,MUS,ESP,9.48325759429456
2017,CYM,AUT,9.217763522494863
2017,HKG,CZE,9.1630958327598
2017,VIR,AUT,9.120468144077604
2017,PAN,LVA,9.014355458849224
2017,SGP,FIN,8.952235247844364
2017,AZE,FRA,8.915447665092419
2017,ROU,NLD,8.907091324611605
2017,VGB,AUT,8.88122830422188
2017,CHE,LVA,8.838606722701805
2017,TLS,EST,8.800062060632836
2017,GGY,ROU,8.791167454488136
2017,ESP,DNK,8.751608908063796
2017,BRB,FRA,8.750191012617227
2017,BHS,ITA,8.657350187052861
2017,BRB,DEU,8.644072846462972
2017,BHR,CYP,8.633741100132212
2017,BMU,CZE,8.60507583207057
2017,NLD,LVA,8.52421690929758
2017,SRB,NLD,8.521599724209253
2017,ASM,LVA,8.507992900818705
2017,GNQ,POL,8.491853573697133
2017,BRB,GRC,8.390768284361563
2017,BGR,NLD,8.305385921885854
2017,MMR,DEU,8.291427039884402
2017,BIH,ITA,8.245053386139185
2017,CRI,GRC,8.242889919851837
2017,VGB,FIN,8.23017138471725
2017,PYF,NLD,8.217229397888815
2017,AUT,GRC,8.2169514877172
2017,GGY,BEL,8.201448186488348
2017,PAN,LTU,8.17505033309437
2017,SGP,LVA,8.168889051689032
2017,DEU,BEL,8.151569000761365
2017,KAZ,SWE,8.127942780963078
2017,VCT,FRA,8.125331753455379
2017,GTM,DEU,8.082870671821489
2017,VGB,LVA,8.015021474744518
2017,GIB,BEL,8.001905087319274
2017,HKG,LTU,7.865186751293756
2017,GIB,DEU,7.84298572410179
2017,CYM,BGR,7.81812730818111
2017,NER,POL,7.751306038956477
2017,BHR,ESP,7.738496486600801
2017,LBR,BEL,7.735054477011205
2017,GGY,ESP,7.669488157747166
2017,LVA,ITA,7.614234838804197
2017,TLS,SVN,7.580902843547185
2017,PAN,BGR,7.5021993577003725
2017,BHR,EST,7.498099515157792
2017,SVK,FRA,7.335039059409491
2017,PRT,SWE,7.271900785695056
2017,VGB,PRT,7.264679113646878
2017,MUS,IRL,7.2504408844800325
2017,IMN,GRC,7.233933459938056
2017,CUW,SWE,7.208383593308453
2017,VGB,BGR,7.192983974351252
2017,BMU,BGR,7.176787312886895
2017,VGB,LTU,7.115730604223544
2017,LKA,GRC,7.107246914423368
2017,SWE,SVN,7.073839172568229
2017,GIB,POL,7.024390297770012
2017,LVA,POL,6.986033429292613
2017,LVA,FRA,6.970751045168176
2017,BMU,HUN,6.947361313174932
2017,TLS,BEL,6.914905794750413
2017,MLT,LVA,6.868529458047503
2017,BIH,SWE,6.866588941175822
2017,PRY,ESP,6.785727211157392
2017,LBR,DEU,6.780091486372593
2017,WSM,AUT,6.741796588840661
2017,KAZ,CYP,6.740877001499725
2017,SVK,ROU,6.718100913731723
2017,AZE,ROU,6.711397607889682
2017,BHR,BEL,6.668196339630185
2017,SSD,FRA,6.633145310476374
2017,HKG,PRT,6.6036402742722276
2017,MHL,FRA,6.601067864071789
2017,MUS,SWE,6.558272500730902
2017,DEU,IRL,6.55613027583514
2017,KAZ,CZE,6.507751508339796
2017,GTM,ROU,6.478915605317374
2017,BMU,SVK,6.439024426771688
2017,IMN,HRV,6.437303546080599
2017,KAZ,BEL,6.429536336157444
2017,MUS,CYP,6.376551230458881
2017,GIB,FRA,6.338300199158951
2017,VIR,ITA,6.312896407873675
2017,GTM,POL,6.265900377755778
2017,AZE,PRT,6.248594856622526
2017,KAZ,EST,6.248127523706
2017,SWE,MLT,6.245673614944499
2017,PYF,AUT,6.188448467729859
2017,PYF,DEU,6.1848887311728
2017,ASM,PRT,6.153435949049648
2017,CYP,FRA,6.152783363837379
2017,BRB,POL,6.088958406947031
2017,GGY,CYP,6.029779266163457
2017,BOL,ITA,5.991866608487539
2017,GNQ,AUT,5.968757368131389
2017,LBR,FRA,5.934991273484221
2017,AZE,POL,5.917540249374813
2017,LVA,ROU,5.906207517662685
2017,VUT,FRA,5.870090271972701
2017,BHR,SWE,5.867158562216819
2017,CYM,SVK,5.856224447402417
2017,CUW,CYP,5.849455586583293
2017,PAN,HUN,5.848275155957522
2017,IMN,BGR,5.833224383082077
2017,NER,AUT,5.820326209148876
2017,LVA,SWE,5.76666975062574
2017,LBR,POL,5.732856514610165
2017,MMR,POL,5.712665046620574
2017,CUW,HUN,5.665126537267801
2017,IRN,DEU,5.6458398044400795
2017,IMN,DEU,5.6084920902453534
2017,BMU,PRT,5.5549444136111905
2017,VCT,POL,5.540671010637048
2017,JEY,FIN,5.533319087216159
2017,JEY,HRV,5.531253560280454
2017,DEU,CYP,5.524625360690161
2017,PAN,DNK,5.482703995345341
2017,BHR,ITA,5.472031653644528
2017,LAO,GRC,5.4237463831544135
2017,BMU,DNK,5.409308419876747
2017,LUX,MLT,5.394184590425188
2017,MUS,EST,5.374550653397313
2017,SVK,BEL,5.363852615374595
2017,WSM,GRC,5.335130937223488
2017,CYM,HUN,5.327848324387098
2017,CYM,LVA,5.304371720070974
2017,LVA,ESP,5.201548618925149
2017,PRY,FRA,5.185899345644235
2017,VGB,HUN,5.180477118155535
2017,SRB,DEU,5.175422847250958
2017,GNQ,ITA,5.17529207319183
2017,VIR,ROU,5.157568005492178
2017,CYM,FIN,5.155558418890512
2017,GGY,EST,5.10392197366122
2017,AUT,DNK,5.102474239695935
2017,GIB,ROU,5.1017501002919
2017,BGR,DEU,5.044109726633881
2017,MLT,CZE,5.0011710155398035
2017,IMN,CYP,4.975773348138842
2017,LVA,HRV,4.934020609028922
2017,ASM,FIN,4.929724725283494
2017,PRT,AUT,4.903053222649351
2017,JEY,AUT,4.870207730389232
2017,BRB,ROU,4.846745802700613
2017,BMU,FIN,4.837183568434022
2017,ASM,CZE,4.817412556571184
2017,MMR,FRA,4.746653999145878
2017,SSD,POL,4.74394805394038
2017,MHL,POL,4.729094512596467
2017,CUW,DNK,4.705290980080289
2017,MUS,BEL,4.68409620994236
2017,CYM,LTU,4.673797148944463
2017,PYF,ITA,4.643562457222264
2017,MCO,BEL,4.638101717662707
2017,VCT,ESP,4.634063377214148
2017,GTM,AUT,4.632589815310641
2017,GNQ,DEU,4.624129547003061
2017,PAN,SVK,4.614470773758025
2017,CUW,EST,4.593810694314597
2017,HKG,SVN,4.593228103077832
2017,VGB,SVK,4.589890172729047
2017,VGB,DNK,4.587905581702875
2017,CUW,SVK,4.585719613170357
2017,WSM,ROU,4.563977984585053
2017,CYM,PRT,4.544206487527111
2017,WSM,ESP,4.490945057719469
2017,SVK,ITA,4.473527306182927
2017,BMU,LVA,4.463349038500247
2017,JEY,CZE,4.424736039232034
2017,LVA,BEL,4.407718279620338
2017,IRN,POL,4.393193152569806
2017,BMU,LTU,4.379616697296577
2017,BGR,POL,4.3728650406187874
2017,PYF,GRC,4.363680000900017
2017,SYC,FRA,4.342472587001306
2017,VUT,POL,4.333629163646166
2017,HKG,MLT,4.317790761370813
2017,MLT,FIN,4.277778236469497
2017,VCT,AUT,4.27758505637113
2017,SVK,SWE,4.267340354209482
2017,IMN,SVN,4.244078634414987
2017,KAZ,HRV,4.238956171803411
2017,TLS,LTU,4.2207461802614485
2017,LBR,ROU,4.206066415992581
2017,TLS,NLD,4.200138985218359
2017,MCO,ITA,4.19316139754393
2017,PYF,ESP,4.149399215814224
2017,BFA,NLD,4.127925634307698
2017,HKG,IRL,4.107070416678258
2017,GIB,CYP,4.10166329651934
2017,PRT,FRA,4.1000371265151045
2017,LUX,IRL,4.098263412933323
2017,GGY,ITA,4.090014900582464
2017,YEM,FRA,4.059639858886581
2017,GTM,CYP,4.043906118465249
2017,AZE,BEL,3.9979476021473572
2017,BRB,CYP,3.9787505482746175
2017,UZB,GRC,3.9754659211466032
2017,MMR,ROU,3.9753843043733688
2017,JEY,LTU,3.968393502624697
2017,CYM,DNK,3.9288049897374937
2017,GGY,SWE,3.92125287785666
2017,WSM,ITA,3.904786055046668
2017,GNQ,ROU,3.893244072994551
2017,PYF,ROU,3.8803416727347515
2017,CAN,CZE,3.867725588913696
2017,ESP,MLT,3.8619948534274484
2017,VIR,HUN,3.850962494087137
2017,SVK,CYP,3.7847949111940062
2017,AZE,SWE,3.7331772172791275
2017,DEU,FIN,3.7131297723887897
2017,PRT,DNK,3.7015856120011588
2017,CYP,ROU,3.587842447790628
2017,GTM,EST,3.543594158912559
2017,BRB,ESP,3.52966964323285
2017,MUS,HUN,3.5191384355281183
2017,GIB,EST,3.5098432624543507
2017,MMR,CYP,3.499334785743619
2017,MLT,PRT,3.4931140508348753
2017,AUT,HRV,3.4913494615342886
2017,SGP,SVK,3.4705653719232834
2017,MMR,ESP,3.467218118155095
2017,SVK,PRT,3.460451702993576
2017,CUW,HRV,3.4580649791089737
2017,TLS,LVA,3.4439650824549686
2017,NER,ESP,3.4408997406653534
2017,BRB,EST,3.432278048648344
2017,BGR,FRA,3.4129484972351833
2017,ESP,IRL,3.409811634913475
2017,BHS,GRC,3.409125095380392
2017,VCT,ITA,3.4058616995742543
2017,BHR,HRV,3.378584313100024
2017,SSD,AUT,3.360287580047974
2017,JEY,BGR,3.3398979952681547
2017,NER,ROU,3.320967159476855
2017,DEU,LTU,3.31875232463163
2017,MHL,AUT,3.3145854582277563
2017,SVK,EST,3.2874663313006147
2017,LBR,CYP,3.2729559622213302
2017,BGR,PRT,3.2153128481852407
2017,VIR,DNK,3.21248413995138
2017,KAZ,BGR,3.135317724095877
2017,BGR,ROU,3.133871828999671
2017,DNK,MLT,3.121180320092142
2017,JEY,HUN,3.1176320662739636
2017,SYC,POL,3.095760865756147
2017,BFA,DEU,3.0948757477041213
2017,NER,ITA,3.08236869185
2017,MMR,EST,3.0644872286771663
2017,VIR,SVK,3.060290939175844
2017,PRY,AUT,3.055345386725477
2017,GGY,AUT,3.054901981784816
2017,GNQ,SWE,3.0495404907643766
2017,ABW,FRA,3.045264588076253
2017,IRN,FRA,2.964974704625949
2017,MUS,DNK,2.9567357885929946
2017,GTM,SWE,2.948526362973663
2017,VUT,AUT,2.928309542383634
2017,YEM,POL,2.910955477972987
2017,GTM,ESP,2.889610621342954
2017,JEY,NLD,2.873540521206757
2017,WSM,HUN,2.8719728267277262
2017,CYP,AUT,2.8603550372472535
2017,SRB,POL,2.857119453057369
2017,IMN,EST,2.8541511156850135
2017,GTM,IRL,2.8529958991248847
2017,GIB,ESP,2.8485461463947246
2017,BOL,ESP,2.8449685939444294
2017,GNQ,HUN,2.8414574084570066
2017,MMR,BEL,2.8382311842768897
2017,LBR,EST,2.8255621053547584
2017,VIR,SWE,2.8153766713167205
2017,PYF,SWE,2.7994274664363106
2017,CYP,ESP,2.7971321433923615
2017,URY,FRA,2.7915435815025034
2017,NLD,MLT,2.778126793338635
2017,KAZ,LVA,2.776335790738916
2017,ZMB,DEU,2.7591626086541354
2017,BGR,BEL,2.7470160122219838
2017,AZE,ESP,2.691436255501991
2017,MMR,SWE,2.684906320372733
2017,IRN,ROU,2.6807506295622923
2017,BRB,SWE,2.67814911044954
2017,CUW,BGR,2.6625366450863757
2017,MCO,SWE,2.6514649013464986
2017,SVK,ESP,2.636113208122527
2017,URY,DEU,2.627037562543505
2017,LVA,CZE,2.6241156833757695
2017,LBR,SWE,2.6184335637097105
2017,SGP,CZE,2.602478708534515
2017,LKA,DEU,2.599277985707042
2017,GNQ,SVK,2.5989922085982093
2017,CPV,ESP,2.5324445529505466
2017,KAZ,SVK,2.5114755260402415
2017,LBR,ESP,2.5081418266298896
2017,WSM,SWE,2.503789460635372
2017,PYF,HUN,2.5001295282547407
2017,MMR,ITA,2.499435230489607
2017,PYF,DNK,2.4982839343714196
2017,JEY,DNK,2.483206115321145
2017,MHL,ESP,2.47775698377262
2017,NER,HUN,2.4700082016217495
2017,WSM,DNK,2.444830233119327
2017,IRN,NLD,2.4409496261289387
2017,BIH,CZE,2.4399661169214557
2017,VCT,ROU,2.4340367581638085
2017,MUS,SVK,2.425999379417328
2017,IRN,CYP,2.4082220979440825
2017,GGY,PRT,2.3717343703269536
2017,MUS,PRT,2.3514364710304076
2017,CYP,PRT,2.3137154204646158
2017,PRY,ROU,2.29074051325471
2017,DEU,EST,2.2871386296893
2017,IMN,BEL,2.2798970612617153
2017,SGP,MLT,2.2773497387604236
2017,WSM,SVK,2.255670566795102
2017,MCO,ESP,2.2484297712274683
2017,PRT,CZE,2.2379446446661415
2017,GIB,SWE,2.233028585496816
2017,SYC,AUT,2.2076534953371083
2017,CUW,NLD,2.2029804489627067
2017,MHL,ROU,2.1965268434516236
2017,GIB,ITA,2.1936887509292577
2017,URY,GRC,2.1703576819407564
2017,UGA,POL,2.1693352050079913
2017,IRN,BEL,2.159295246621002
2017,VUT,GRC,2.156856830548087
2017,LVA,EST,2.150321359453459
2017,SSD,ROU,2.1410843564492086
2017,GNQ,DNK,2.112232011784157
2017,SSD,ESP,2.101289855521715
2017,PRY,IRL,2.0976449279989993
2017,MUS,CZE,2.0960505250148547
2017,BFA,POL,2.0951773252673975
2017,GGY,GRC,2.087992480210464
2017,IRN,ESP,2.087839395478461
2017,IRN,EST,2.085629161474672
2017,NER,DNK,2.0814784718359296
2017,ABW,POL,2.0771204758969057
2017,YEM,AUT,2.070252822009176
2017,PAN,IRL,2.0683285856046063
2017,JEY,LVA,2.0644365547649617
2017,CAN,MLT,2.059580714356148
2017,UGA,DEU,2.0481360299649918
2017,MUS,HRV,2.0235079475735542
2017,BHR,LVA,2.013711460176645
2017,MHL,ITA,2.0118420133380845
2017,MUS,GRC,2.009919887207856
2017,IMN,LTU,1.9871996676654373
2017,VUT,ROU,1.9772111769623115
2017,VUT,ESP,1.9696378143347013
2017,PYF,SVK,1.9653959680409547
2017,MUS,BGR,1.9383699084050414
2017,IRN,ITA,1.9371935034580194
2017,GEO,GRC,1.935370888150926
2017,PRY,DEU,1.9292498926233284
2017,NER,SVK,1.9287321197541492
2017,BIH,HRV,1.9263867114834952
2017,BIH,BGR,1.8896216623459485
2017,BIH,FIN,1.8825944068789504
2017,UGA,FRA,1.8809204050650234
2017,KAZ,MLT,1.8664638258102544
2017,BGR,SWE,1.863474720851473
2017,LVA,AUT,1.856454785957606
2017,SSD,ITA,1.8483645027401385
2017,GNQ,BGR,1.8422422869403634
2017,DEU,LVA,1.8348450825521643
2017,URY,AUT,1.830619289694513
2017,BIH,AUT,1.8293934623080388
2017,SGP,IRL,1.8120976442501047
2017,TLS,PRT,1.811515369031905
2017,VCT,HUN,1.787653178594093
2017,LBR,ITA,1.7873410311789806
2017,IRN,SWE,1.7684974276786563
2017,NER,SWE,1.7637563482063503
2017,KWT,DEU,1.7550641421750501
2017,BIH,LTU,1.7538606718438459
2017,UGA,ROU,1.749517438456897
2017,MCO,FRA,1.7439858240257953
2017,IMN,PRT,1.7345051609044084
2017,VUT,ITA,1.733009837740793
2017,PYF,BEL,1.7274565221939295
2017,PAN,MLT,1.7224210566837659
2017,BRB,NLD,1.7208624887173616
2017,BHR,AUT,1.7154887489237651
2017,AZE,AUT,1.7147548452593342
2017,PRT,BGR,1.7113241565226283
2017,VEN,ITA,1.705182155986729
2017,KAZ,HUN,1.6982873484139211
2017,WSM,DEU,1.6925847772729412
2017,BHR,CZE,1.6792266651564673
2017,CYP,IRL,1.6662527539244036
2017,GIB,GRC,1.6639843384900768
2017,LVA,SVK,1.6631814037060777
2017,GTM,NLD,1.6385676722838014
2017,GIB,NLD,1.6302891264590114
2017,BHS,DEU,1.6193618129804477
2017,MCO,ROU,1.6107932584104314
2017,BIH,PRT,1.6023932597240231
2017,ABW,AUT,1.6007949402498907
2017,GNQ,CZE,1.5956828079137115
2017,VIR,GRC,1.5848985397641868
2017,PRT,SVK,1.5806209456896432
2017,TLS,CZE,1.5725426490307561
2017,YEM,GRC,1.5646419424655964
2017,BRB,AUT,1.5614963104175423
2017,SGP,PRT,1.5446873279218394
2017,IMN,NLD,1.5444289172387866
2017,MMR,HRV,1.5346071333034068
2017,GGY,HUN,1.5293565862214729
2017,CUW,CZE,1.5293208828871436
2017,TLS,FIN,1.5219999918132923
2017,SGP,LTU,1.5082906573012567
2017,VCT,DNK,1.493246903661854
2017,ISL,FRA,1.4883525989823432
2017,AZE,FIN,1.4831604940695593
2017,BHR,FIN,1.4788214596758646
2017,SVK,AUT,1.4703323348066282
2017,BMU,SVN,1.4633143697762232
2017,VIR,HRV,1.4456843823616137
2017,GGY,HRV,1.4437490182530988
2017,SGP,BGR,1.4391760752093932
2017,KAZ,FIN,1.4388628230535834
2017,SSD,HUN,1.4316612602289758
2017,VCT,SVK,1.4253755408376374
2017,VGB,MLT,1.4197083983842262
2017,KAZ,PRT,1.4159254080299797
2017,MHL,HUN,1.4141567564260529
2017,JOR,DEU,1.39784152873258
2017,GIB,PRT,1.3929011151376467
2017,SYC,ROU,1.3893847706107234
2017,SYC,ESP,1.3719969514715555
2017,CUW,SVN,1.3591463528879406
2017,VIR,BGR,1.3484685948031179
2017,SRB,ITA,1.3447823890832928
2017,SRB,BEL,1.3426107088121337
2017,BHS,FRA,1.3373747201302941
2017,UGA,CYP,1.3307283487320192
2017,KAZ,LTU,1.3288773414371036
2017,YEM,ESP,1.3222559206603197
2017,MHL,SWE,1.320718049454182
2017,VCT,SWE,1.320160813240265
2017,BHR,PRT,1.3138474802202484
2017,BGR,ITA,1.3106619747184625
2017,CYM,IRL,1.3097491129495424
2017,WSM,HRV,1.3096214890894124
2017,YEM,ROU,1.2966464170165852
2017,AUT,LVA,1.2905580407267303
2017,VGB,IRL,1.2884834349906924
2017,PRT,HUN,1.2781139245095
2017,URY,CZE,1.2690049135926487
2017,JEY,SVN,1.2650402990000025
2017,SVK,FIN,1.262073167604421
2017,GGY,DNK,1.2520922861031898
2017,PRT,ROU,1.2491178675885466
2017,VUT,HUN,1.2479177351645725
2017,PAN,SVN,1.2425997196673972
2017,BRB,HRV,1.2408535577347235
2017,GTM,HRV,1.2353491127994412
2017,BHR,LTU,1.2323000821547008
2017,GEO,DEU,1.230279861646532
2017,UZB,DEU,1.2289618000051876
2017,URY,IRL,1.2283854166940191
2017,MCO,DNK,1.2244804737778645
2017,ISL,ESP,1.221964608692182
2017,ABW,ITA,1.2199816259393206
2017,MCO,CYP,1.2183204365762612
2017,MHL,DNK,1.21528267445014
2017,GNQ,HRV,1.215186803051669
2017,CUW,LTU,1.2110375791398822
2017,SYC,ITA,1.2086415620599888
2017,BIH,DNK,1.2078805014710894
2017,BIH,HUN,1.2077606053564551
2017,MHL,SVK,1.2056318063012545
2017,SSD,DNK,1.2033279446373495
2017,KWT,POL,1.1939206743287472
2017,GGY,FIN,1.190019426224916
2017,BRN,GRC,1.189212635753918
2017,MCO,AUT,1.18773022017684
2017,WSM,CYP,1.1869476898352704
2017,LBR,PRT,1.185750807629117
2017,GNQ,GRC,1.1807390918783494
2017,SGP,HUN,1.177990342689208
2017,DEU,CZE,1.1711780471363418
2017,VCT,GRC,1.1704819586985722
2017,MHL,DEU,1.1597570737514369
2017,JOR,ESP,1.1597520833275545
2017,SSD,SWE,1.155062875939745
2017,YEM,ITA,1.1543994682229197
2017,BHR,BGR,1.1537871879374308
2017,ESP,LTU,1.1524594796926497
2017,UGA,EST,1.150821567960425
2017,KAZ,NLD,1.1487661286213047
2017,CYP,POL,1.1428841306975428
2017,PYF,HRV,1.1416030322865953
2017,DEU,MLT,1.1400713166272576
2017,MUS,FIN,1.1275785238865292
2017,KWT,FRA,1.1274618904917935
2017,SSD,SVK,1.1059111877279442
2017,PRT,FIN,1.1023682377400637
2017,GTM,CZE,1.1010744776355885
2017,LVA,FIN,1.0930622158946541
2017,PYF,CYP,1.0910933787807269
2017,VUT,SWE,1.0860328423883596
2017,GGY,NLD,1.0803906100056095
2017,MUS,LTU,1.079544594737505
2017,BMU,IRL,1.0788666384380523
2017,ASM,MLT,1.0756929822048218
2017,CYM,MLT,1.065874157732996
2017,VUT,DNK,1.0589630056109476
2017,URY,ROU,1.0588348720398688
2017,MCO,EST,1.0460247120120654
2017,CYP,BEL,1.0417996709272817
2017,CAN,DEU,1.0346296438722975
2017,UGA,BEL,1.0295240562114003
2017,IMN,LVA,1.0229298330618037
2017,NER,GRC,1.0200752756044322
2017,CUW,LVA,1.01552944506205
2017,CAN,BGR,1.0150785582960924
2017,GGY,CZE,1.0062612800954192
2017,GGY,BGR,1.0043591258487279
2017,KWT,ROU,0.996851443945894
2017,ISL,POL,0.9929844555110583
2017,LVA,DNK,0.9888460649312663
2017,UGA,SWE,0.9846202197615057
2017,WSM,BGR,0.9830167629432789
2017,MUS,SVN,0.9814217960859196
2017,VUT,SVK,0.9791476470164495
2017,MMR,LVA,0.9737271216118559
2017,IRN,HRV,0.9660328705205032
2017,AZE,EST,0.9652725390804664
2017,CUW,PRT,0.9624159623801155
2017,SVK,GRC,0.9616654267232937
2017,LVA,SVN,0.9591474739207395
2017,GNQ,BEL,0.9575546120168309
2017,ASM,IRL,0.9554673918205001
2017,BGR,AUT,0.9538058811086441
2017,BIH,GRC,0.9513555280627723
2017,PRT,CYP,0.9477223852007132
2017,PNG,DEU,0.9433880316271108
2017,VIR,SVN,0.943170349983427
2017,BHR,SVK,0.9409178480001515
2017,SYC,HUN,0.9402375586137427
2017,GGY,LTU,0.9374312267875943
2017,BHR,HUN,0.9311248798824436
2017,GNQ,CYP,0.9306747812900602
2017,AZE,SVN,0.9280799888524575
2017,ABW,ESP,0.9236118404872693
2017,NER,HRV,0.9199437528496089
2017,AZE,CYP,0.9178988404339554
2017,AZE,HUN,0.9177354426670555
2017,BOL,FRA,0.9153164314649578
2017,ABW,ROU,0.9127468561451574
2017,SVK,DNK,0.9096690054855853
2017,KAZ,DNK,0.9073759676504223
2017,CYP,SWE,0.9073598831452817
2017,IMN,CZE,0.9060824077113022
2017,LVA,BGR,0.9001010496741327
2017,HRV,ITA,0.8938033778006077
2017,HRV,FRA,0.8924524809348958
2017,ZMB,POL,0.8912238858615708
2017,BFA,BEL,0.8909527225818372
2017,LVA,PRT,0.8898524689816061
2017,BHR,DNK,0.8880259507346008
2017,AZE,ITA,0.885619403862693
2017,MHL,HRV,0.8825701551854511
2017,YEM,HUN,0.8807572800852961
2017,JOR,FRA,0.8729109869881321
2017,LBR,AUT,0.8681303149218687
2017,BFA,ITA,0.8668323147776349
2017,ESP,EST,0.8639211202988439
2017,JOR,POL,0.8616827364493995
2017,UZB,POL,0.8588758160663803
2017,PYF,BGR,0.8528226484485056
2017,GIB,HRV,0.847593367739562
2017,UGA,ESP,0.8467359715504068
2017,LAO,DEU,0.8434644470255892
2017,CUW,FIN,0.8312074963196858
2017,GGY,SVK,0.8287291423502534
2017,LVA,IRL,0.8278055540874543
2017,DJI,FRA,0.8221646713136127
2017,BMU,MLT,0.8139410728561529
2017,BHS,AUT,0.8121103166646595
2017,KWT,ESP,0.8059853914883359
2017,PRY,POL,0.8048626836657388
2017,ISL,ROU,0.8019535823649089
2017,BGR,FIN,0.7989518443193392
2017,ZMB,FRA,0.7980319464976777
2017,MMR,AUT,0.7975936821459392
2017,PRY,CZE,0.795139063199972
2017,GIB,FIN,0.7931391593990825
2017,NER,BGR,0.7921941318938973
2017,MCO,PRT,0.7912036840453149
2017,SYC,DNK,0.7903738686209997
2017,LKA,FRA,0.7858458209928842
2017,CYM,SVN,0.7853090997504846
2017,WSM,EST,0.7827829306298193
2017,BRB,CZE,0.7814983213015593
2017,MMR,CZE,0.7737537894757522
2017,VUT,DEU,0.7644985108174582
2017,KWT,SWE,0.7625067575296887
2017,JOR,ROU,0.7531796066743276
2017,KWT,HRV,0.75193614989561
2017,BGR,GRC,0.7511441155062674
2017,SYC,SWE,0.7486270375623735
2017,HRV,ROU,0.7481548498668147
2017,JEY,SVK,0.7475433942315157
2017,YEM,DNK,0.7460116505316086
2017,BHR,NLD,0.7443288246505542
2017,LKA,POL,0.7439962726906785
2017,URY,BGR,0.7430074545835236
2017,BRB,PRT,0.7412042898626656
2017,PRT,HRV,0.7402250222765685
2017,KWT,CYP,0.7392706357499489
2017,PRY,SWE,0.7391496033826808
2017,LIE,ESP,0.7366737472411403
2017,KWT,BEL,0.7357428122347143
2017,BFA,FRA,0.7356092140413488
2017,PRT,EST,0.7347954859591096
2017,PRY,HRV,0.7309379899006049
2017,GIB,AUT,0.7303421504791143
2017,VGB,SVN,0.7300956775602166
2017,PYF,EST,0.7286301594120468
2017,SYC,SVK,0.7271994832022521
2017,HRV,PRT,0.720357657978292
2017,MUS,MLT,0.7195573927991638
2017,SRB,SWE,0.7169908281292792
2017,YEM,SWE,0.7141935492488098
2017,WSM,SVN,0.714182817050302
2017,LKA,ESP,0.7099916875005792
2017,LVA,HUN,0.7062180622996369
2017,CAN,EST,0.7014699829907953
2017,UZB,FRA,0.7011078732269115
2017,URY,SWE,0.7005628470588016
2017,CUW,IRL,0.6986390014992777
2017,YEM,SVK,0.6965237700701167
2017,BHS,CZE,0.6953091042704003
2017,BRB,IRL,0.690605476578974
2017,AZE,CZE,0.6892683753983133
2017,VCT,HRV,0.6881758048216782
2017,VIR,CYP,0.6869404184050446
2017,MCO,FIN,0.6712612021462011
2017,BRB,FIN,0.6656972020596221
2017,LBR,HRV,0.6653059592767954
2017,ABW,HUN,0.6631872810982
2017,ZMB,ESP,0.662160938067434
2017,SWZ,FRA,0.6610875712216897
2017,LVA,MLT,0.6608073009338259
2017,MUS,NLD,0.6592273180154342
2017,LKA,ITA,0.6572579075022996
2017,KWT,EST,0.6570675442341607
2017,CRI,DEU,0.6495777563270417
2017,JOR,HRV,0.6472652044833206
2017,GNQ,SVN,0.6401604162236036
2017,MMR,FIN,0.6350665611039477
2017,WSM,BEL,0.6299820927859848
2017,VCT,BGR,0.6290079605168433
2017,GTM,FIN,0.6289247454302034
2017,GIB,CZE,0.6282742453271932
2017,BGR,DNK,0.6262008092950063
2017,BFA,SWE,0.6258421857758665
2017,CAN,POL,0.6255096949867568
2017,LBR,FIN,0.6191757840201969
2017,GTM,LVA,0.6160773735412349
2017,GTM,BGR,0.6146975482268365
2017,PYF,SVN,0.6146358950004753
2017,BRB,LVA,0.6111179293395796
2017,NER,SVN,0.6099049335619012
2017,SSD,GRC,0.6095135915261862
2017,ESP,CZE,0.6091240356220708
2017,IMN,FIN,0.6061260599381286
2017,JOR,ITA,0.6054425612050791
2017,JOR,SWE,0.6025120066914327
2017,UZB,ROU,0.5951950425263006
2017,ISL,AUT,0.594289325455391
2017,BOL,AUT,0.5921569936856637
2017,BHS,ROU,0.5913960906876239
2017,UGA,ITA,0.5906983041763619
2017,GNQ,EST,0.5868059054450813
2017,LIE,FRA,0.5857108914186502
2017,IRN,LVA,0.5815311741597793
2017,MMR,PRT,0.5809574365187314
2017,GIB,LTU,0.5782483644883843
2017,KWT,LVA,0.5775886784678717
2017,LAO,FRA,0.5767053100011528
2017,PRY,BEL,0.5741229270093392
2017,DJI,POL,0.5732607597261711
2017,ESP,NLD,0.5710835127209447
2017,LAO,POL,0.5710011392074068
2017,VUT,HRV,0.5677798526557594
2017,JOR,BEL,0.5663314549032445
2017,KWT,ITA,0.5628924627333673
2017,PNG,FRA,0.5617191146831553
2017,UGA,PRT,0.5614042127790887
2017,ABW,DNK,0.5597872695490115
2017,PRY,LVA,0.5589954155450813
2017,SSD,HRV,0.5553849333138331
2017,IRN,AUT,0.5550764476537516
2017,LIE,PRT,0.5517937806638528
2017,CYP,GRC,0.5481134007884733
2017,ISL,PRT,0.5460667744774279
2017,PNG,POL,0.5439977595647004
2017,GTM,PRT,0.5428538879801602
2017,CAN,HRV,0.5411763458302968
2017,BRB,BGR,0.5396075214858954
2017,SWZ,POL,0.5389816572826268
2017,BRB,LTU,0.5388664332611701
2017,LIE,ROU,0.537791357550284
2017,AZE,HRV,0.5350468305068055
2017,BHS,IRL,0.5345096333642253
2017,MMR,LTU,0.5332443933409738
2017,AZE,DNK,0.5312397781367271
2017,VUT,CYP,0.52986598558408
2017,GTM,LTU,0.5259760864476566
2017,JOR,CYP,0.5212119897310361
2017,ABW,SVK,0.5196800537205963
2017,UZB,CYP,0.5187221237606945
2017,BHR,MLT,0.51761711021769
2017,LBR,NLD,0.5164902445692519
2017,SVK,LTU,0.5127497465212512
2017,JOR,LVA,0.5076860834900079
2017,MHL,CYP,0.5046155063174159
2017,SVK,HUN,0.4987128948824577
2017,MHL,BGR,0.49627543407964203
2017,LBR,CZE,0.49175714702607337
2017,CAN,ESP,0.488998850905435
2017,GGY,SVN,0.48651284956745877
2017,MMR,BGR,0.4854288531361237
2017,CPV,DEU,0.48361870158158843
2017,IRL,MLT,0.48194667483841763
2017,BFA,ROU,0.4809046308559413
2017,PRT,GRC,0.4789485410828349
2017,MMR,SVK,0.4787983722599101
2017,BHS,SWE,0.4776526067689177
2017,URY,SVK,0.47759336603735947
2017,PNG,ROU,0.47642098339796746
2017,ESP,LVA,0.4754055010055623
2017,PRY,CYP,0.47519058656423785
2017,LBR,LTU,0.47465720936200645
2017,ABW,SWE,0.4746110471749422
2017,SSD,BGR,0.4731368841806401
2017,GIB,BGR,0.4730758315158611
2017,LBR,GRC,0.4729066335375796
2017,LBR,HUN,0.4723158627914632
2017,CYP,FIN,0.47150534375664505
2017,NER,CYP,0.46960044101621207
2017,UZB,ESP,0.46951629442904336
2017,JOR,EST,0.4668605321945792
2017,AZE,LVA,0.4666051568096489
2017,BGR,SVN,0.46643737633961857
2017,PRY,EST,0.4635312247514542
2017,LKA,SWE,0.46127605751035106
2017,PNG,HRV,0.459878201203701
2017,SGP,SVN,0.4593668857193736
2017,SSD,CYP,0.45714592442171537
2017,GGY,LVA,0.45685678618422565
2017,VIR,DEU,0.4567240809542106
2017,CAN,SWE,0.4559541920608017
2017,BHR,IRL,0.4548267243839767
2017,UZB,EST,0.45418132508574044
2017,AZE,LTU,0.44745184208494454
2017,IRN,FIN,0.4423457448838821
2017,TLS,MLT,0.44119194611553536
2017,IRN,CZE,0.4393941560847248
2017,SVK,SVN,0.43908485632398775
2017,GIB,HUN,0.43845269058681774
2017,VCT,SVN,0.43818123998762504
2017,BFA,ESP,0.4370203328376691
2017,CAN,BEL,0.4347491336467191
2017,CAN,LVA,0.4344306910640828
2017,MMR,HUN,0.4327500659367401
2017,WSM,NLD,0.4323327257838603
2017,SVK,CZE,0.4313902637841428
2017,PNG,ESP,0.42901330421439215
2017,UZB,BEL,0.4289430878710282
2017,DJI,AUT,0.42869318410037793
2017,VUT,BGR,0.4285985346161808
2017,LVA,GRC,0.422091099598314
2017,ZMB,SWE,0.42025583794843985
2017,SVK,HRV,0.4187882806382034
2017,LVA,NLD,0.4171177993221991
2017,BHS,BGR,0.41580132624713534
2017,CYP,CZE,0.4111587066338674
2017,LAO,ESP,0.410881177170226
2017,GIB,DNK,0.4066408401459242
2017,CRI,FRA,0.40641034925048125
2017,ABW,GRC,0.4056191179930073
2017,GTM,MLT,0.4050919520937416
2017,SRB,DNK,0.404442967379665
2017,LBR,BGR,0.40239091773373814
2017,UZB,SWE,0.4002980860465109
2017,LKA,BEL,0.40011015688292356
2017,SYC,GRC,0.3990977408298963
2017,VIR,LTU,0.3979075303929495
2017,PNG,SWE,0.39394585932330495
2017,CRI,POL,0.3927175164917861
2017,BRB,HUN,0.39186316728512116
2017,LAO,ROU,0.39053738982967157
2017,SSD,DEU,0.3885299262038473
2017,MUS,LVA,0.3878030307592303
2017,MMR,DNK,0.3876128230967407
2017,WSM,LTU,0.38753673141781764
2017,ISL,SWE,0.3870978929504157
2017,MHL,LVA,0.3856707158777911
2017,SVK,BGR,0.3846299033491756
2017,YEM,HRV,0.3845632734863626
2017,MMR,NLD,0.37756872567998523
2017,GTM,DNK,0.3760141670628856
2017,GNQ,LTU,0.37592377366936275
2017,BOL,IRL,0.375673330525488
2017,PNG,BEL,0.37436649380920556
2017,ZMB,BEL,0.3720772522070926
2017,BFA,AUT,0.37093234986950285
2017,PNG,LVA,0.3696757696007654
2017,CAN,CYP,0.36930065822981717
2017,PRY,SVK,0.36799535878990997
2017,BRB,DNK,0.3644515609515068
2017,SYC,HRV,0.3630216647293929
2017,BRN,FRA,0.3623688244130782
2017,BIH,LVA,0.3611953734204099
2017,BFA,CYP,0.36093569363494515
2017,PRY,BGR,0.35964776470009246
2017,SSD,SVN,0.35693890920479693
2017,LBR,DNK,0.3567575224156074
2017,TLS,IRL,0.35653375202141985
2017,IRN,DNK,0.3560301703600775
2017,HRV,POL,0.3558282615260067
2017,MHL,SVN,0.35462609521909444
2017,VUT,EST,0.3523299889734189
2017,PRY,MLT,0.35223746769361763
2017,CRI,ROU,0.3519563637048357
2017,GTM,HUN,0.3515645001896228
2017,IRN,PRT,0.34805790727741076
2017,SRB,AUT,0.34502395173336237
2017,AZE,SVK,0.34406432902101247
2017,PYF,LTU,0.34205732056850346
2017,LIE,POL,0.34172874120558067
2017,ISL,ITA,0.341331187695742
2017,ZMB,ROU,0.33981211586715615
2017,CRI,HRV,0.33977000232278376
2017,LKA,ROU,0.33787485885384455
2017,MHL,BEL,0.3374688675619717
2017,CYP,SVN,0.336584265589362
2017,GIB,LVA,0.33220168702934305
2017,MHL,EST,0.3320989232985274
2017,JEY,MLT,0.3316603125176609
2017,VCT,CYP,0.3307532731772935
2017,IRN,LTU,0.32687524443792476
2017,BOL,ROU,0.3247948953147175
2017,WSM,LVA,0.32437389963207774
2017,BRB,SVK,0.3239946534626784
2017,BIH,SVK,0.32383559153023334
2017,HRV,BEL,0.3222744950853159
2017,IRN,BGR,0.3189351446244886
2017,ROU,ESP,0.3162399975126137
2017,PNG,CYP,0.3142211537647627
2017,UZB,ITA,0.31390418928777203
2017,SYC,BGR,0.3095109893018921
2017,LAO,SWE,0.30809397522915666
2017,BFA,EST,0.30746485790036304
2017,VUT,SVN,0.30728780815414347
2017,CRI,ESP,0.30701109164900386
2017,GTM,SVK,0.3067162575487142
2017,GEO,POL,0.30657654727573747
2017,LKA,HRV,0.30562068174680146
2017,YEM,DEU,0.30465587333020744
2017,GEO,ESP,0.3016817916868545
2017,XKV,ESP,0.29675448681124483
2017,BHS,SVK,0.29672139193338176
2017,GEO,FRA,0.2965886910355736
2017,YEM,BGR,0.29447915670446323
2017,PNG,ITA,0.2922056039335282
2017,ISL,BEL,0.28984038903395215
2017,CRI,SWE,0.2862644646042264
2017,PYF,LVA,0.2857258725055892
2017,SWZ,AUT,0.28548095785053323
2017,SYC,CYP,0.2849766465489404
2017,PNG,EST,0.2844255376856183
2017,LIE,BEL,0.28110888588854704
2017,AZE,MLT,0.28082485743551233
2017,YEM,CYP,0.277913760853086
2017,SRB,ESP,0.27556149233830685
2017,ISL,NLD,0.2748905457337041
2017,LAO,CYP,0.2743625813038649
2017,BOL,DEU,0.27387146647465954
2017,CRI,BEL,0.27295116515549755
2017,CRI,LVA,0.27275123543226465
2017,CYP,DEU,0.2716751714878755
2017,BFA,DNK,0.2708721273749088
2017,LAO,BEL,0.27079225854961814
2017,SSD,EST,0.27067009662911
2017,ZMB,CYP,0.27032416766765244
2017,VUT,BEL,0.27022780782230044
2017,ZMB,EST,0.26880892386640426
2017,BGR,ESP,0.2685698241116108
2017,KWT,SVK,0.26845092240897067
2017,SWZ,ROU,0.26752789084337864
2017,BRN,POL,0.2672195323102249
2017,MMR,MLT,0.2644151972192183
2017,VEN,FRA,0.2633532177072965
2017,LKA,LVA,0.26120816939588165
2017,HRV,SWE,0.26093357016689706
2017,IRN,SVK,0.2608614456523208
2017,KAZ,SVN,0.2600549933414762
2017,ISL,DEU,0.257563085077818
2017,NER,LTU,0.2574205521686051
2017,KWT,NLD,0.2568310679525347
2017,VIR,EST,0.25647013602647944
2017,DJI,ESP,0.2543560101284561
2017,UGA,FIN,0.2526169989129176
2017,ISL,HUN,0.2524112751122166
2017,ABW,HRV,0.2521638311792783
2017,LAO,HRV,0.25094416714996176
2017,BGR,HUN,0.24905693365867124
2017,PRY,NLD,0.24857809027910482
2017,DNK,IRL,0.24687849261313258
2017,DJI,ROU,0.24668654573395776
2017,JOR,SVK,0.245323122103851
2017,VCT,DEU,0.24486862468057446
2017,LAO,EST,0.24316893759279018
2017,LAO,ITA,0.24262129436719929
2017,KWT,AUT,0.2409761365378059
2017,PYF,FIN,0.2404672035412963
2017,PRT,LTU,0.23864509313148793
2017,MMR,IRL,0.23718324803420077
2017,IRN,HUN,0.2369562360477157
2017,LIE,SWE,0.23530947486481646
2017,SYC,SVN,0.23431611801542265
2017,SWZ,ESP,0.2333101586194336
2017,URY,HUN,0.23266312889560853
2017,CRI,CYP,0.2318602549267702
2017,SYC,DEU,0.2314425354290966
2017,UZB,HRV,0.23043620497036868
2017,URY,HRV,0.22900885904582513
2017,KWT,CZE,0.22824481600484506
2017,DJI,ITA,0.22748524620633004
2017,LKA,EST,0.22741669819097882
2017,CHE,MLT,0.22684438506427085
2017,JOR,NLD,0.22576148853057398
2017,MCO,GRC,0.22535016839010513
2017,ISL,DNK,0.22273900754431306
2017,CYP,MLT,0.22200081426612414
2017,HRV,AUT,0.22168238912735067
2017,LKA,CYP,0.22102265898371456
2017,VIR,LVA,0.21926655380719723
2017,LBR,SVK,0.2175586539124504
2017,PRT,IRL,0.21732893327468758
2017,PRT,SVN,0.21691338314711273
2017,YEM,SVN,0.21690522999964498
2017,BHS,HRV,0.2168998376837705
2017,LKA,AUT,0.2168597507234606
2017,LBR,LVA,0.2156278588712381
2017,CRI,ITA,0.21401590987307284
2017,ABW,BGR,0.21394093250426227
2017,UGA,AUT,0.21376083931882928
2017,ISL,GRC,0.21343827154335554
2017,JOR,AUT,0.21089299047038298
2017,JOR,CZE,0.20985472567871652
2017,CRI,EST,0.20922699954967788
2017,MNE,ESP,0.20793285096973144
2017,ZMB,ITA,0.2076088819266629
2017,LIE,NLD,0.20628860955106065
2017,VIR,CZE,0.2061926125426946
2017,LKA,CZE,0.20383757045561837
2017,CYP,HUN,0.20368839342876813
2017,CAN,SVK,0.20192609333194897
2017,LIE,DEU,0.19618776655803088
2017,SWZ,ITA,0.1945472389774148
2017,MHL,LTU,0.1931869870658838
2017,CAN,NLD,0.1931857552678487
2017,WSM,PRT,0.19150611494910458
2017,KWT,FIN,0.18906336610795463
2017,UGA,GRC,0.18733551609560822
2017,NER,EST,0.18683357264242914
2017,VCT,LTU,0.1864459830485865
2017,MCO,HRV,0.18579057671701493
2017,XKV,FRA,0.18496472421778468
2017,CUW,MLT,0.18461549392503593
2017,LAO,LVA,0.1836824660419235
2017,ZMB,PRT,0.1827710360489801
2017,DJI,HUN,0.18205754952024236
2017,BOL,CZE,0.18152896049880257
2017,BHS,POL,0.1813789180803298
2017,GEO,SWE,0.18047041887918924
2017,GNQ,PRT,0.17694753932399604
2017,KWT,MLT,0.1761547680282618
2017,UGA,LTU,0.17559405307586792
2017,XKV,PRT,0.1742538613519257
2017,ISL,SVK,0.17423277170127838
2017,BRN,AUT,0.17400155454258412
2017,SSD,LTU,0.1735610495223454
2017,PNG,SVK,0.17282316477015988
2017,ZMB,CZE,0.17099413573960576
2017,VUT,LTU,0.1709313909581755
2017,XKV,ROU,0.16983057429374424
2017,UGA,HRV,0.16936583208093747
2017,BRB,MLT,0.16930385821825433
2017,GNQ,LVA,0.16856823174129656
2017,HRV,GRC,0.16828608642411552
2017,CYP,DNK,0.16695955616757097
2017,YEM,EST,0.16503353804335738
2017,LAO,AUT,0.16488526136355244
2017,SYC,EST,0.16448463941029615
2017,ABW,SVN,0.16429544401713095
2017,CPV,ITA,0.16422498461977986
2017,PNG,NLD,0.1640022504981695
2017,BHS,BEL,0.16387707514154926
2017,KWT,DNK,0.16381451602050492
2017,CPV,POL,0.1636077252093993
2017,VEN,AUT,0.1635717017271914
2017,SWZ,DEU,0.16317507365590636
2017,AZE,BGR,0.16219872636724603
2017,MCO,LTU,0.1618726925469424
2017,LBR,SVN,0.16173395263865112
2017,SSD,BEL,0.1610530987955665
2017,GIB,SVN,0.15990483416405618
2017,MCO,CZE,0.15989084402840928
2017,PRT,LVA,0.15834244624566915
2017,UGA,CZE,0.157668505663337
2017,JOR,MLT,0.15568610367542562
2017,IRN,MLT,0.15495251208269542
2017,BHR,SVN,0.15337176590428223
2017,DJI,DNK,0.15334107461715218
2017,PRY,FIN,0.15310267846614914
2017,LKA,SVK,0.15284515731129458
2017,ESP,BGR,0.15265258252875022
2017,VUT,NLD,0.15162985635960782
2017,GEO,BEL,0.15120125746664434
2017,JOR,FIN,0.1501931154836156
2017,CYP,BGR,0.14913812280943795
2017,FRO,FRA,0.14850453699134072
2017,KWT,PRT,0.1484491671223593
2017,SRB,FIN,0.14745384432193206
2017,UZB,LVA,0.147020405998435
2017,PRY,DNK,0.14683171017730345
2017,HRV,FIN,0.1467995943444855
2017,SWZ,SWE,0.146328596333465
2017,AZE,NLD,0.14403195757470294
2017,BHS,HUN,0.14287115523223207
2017,NER,LVA,0.14246529103247765
2017,PRY,HUN,0.14204669532195305
2017,DJI,SVK,0.14200716190202878
2017,WSM,FIN,0.14193656804882956
2017,UGA,BGR,0.14126657152439814
2017,IRN,IRL,0.14089509062508596
2017,KWT,IRL,0.14016715778630678
2017,BRN,ROU,0.14015206084404944
2017,VUT,LVA,0.13854228635129534
2017,PNG,AUT,0.13803387994990113
2017,MHL,CZE,0.13777687959165535
2017,JOR,DNK,0.1377343859021126
2017,KWT,BGR,0.13751018062856074
2017,BRN,ESP,0.13730723532147737
2017,WSM,CZE,0.13721851809260807
2017,MCO,HUN,0.1366456133674971
2017,BFA,PRT,0.13573259972717444
2017,MHL,NLD,0.13451252058464067
2017,URY,MLT,0.1334343814503282
2017,CPV,FRA,0.13291222694446647
2017,JOR,IRL,0.13229260237362497
2017,PNG,CZE,0.13228782694223476
2017,DJI,SWE,0.13104829578407023
2017,LIE,GRC,0.13088942755014482
2017,VCT,EST,0.13050468863895362
2017,BFA,FIN,0.13037696120348602
2017,URY,BEL,0.13017320739915672
2017,SWZ,HUN,0.12977758449271273
2017,UGA,HUN,0.12951853493694776
2017,ISL,SVN,0.1294418550476998
2017,CPV,SWE,0.12799655366849158
2017,ZMB,HUN,0.12699193746326123
2017,CRI,SVK,0.12677647448756257
2017,ZMB,AUT,0.12554295389571404
2017,MCO,BGR,0.12514903921068282
2017,SWZ,CYP,0.12481225414064384
2017,LKA,HUN,0.12329590606390523
2017,ABW,CYP,0.1231277706644888
2017,JOR,BGR,0.12189839255274017
2017,CRI,NLD,0.1212889754362413
2017,JEY,IRL,0.12062447022068068
2017,FRO,DEU,0.11966046055877044
2017,CAN,FIN,0.11898577440917707
2017,CPV,CZE,0.11802364513765384
2017,LKA,PRT,0.11720744940945882
2017,VCT,LVA,0.1160787827645374
2017,ISL,FIN,0.11603794118231209
2017,LIE,FIN,0.11601797476702311
2017,LIE,AUT,0.11585050446417494
2017,PRY,PRT,0.11564331821686534
2017,JOR,PRT,0.11547241549557344
2017,GIB,SVK,0.11544186669040034
2017,UZB,AUT,0.11525124846467849
2017,BRN,ITA,0.11455591717548479
2017,CAN,DNK,0.11411220834476188
2017,LAO,SVK,0.11374601962765508
2017,PYF,CZE,0.11324070848841392
2017,PNG,MLT,0.11257269766967674
2017,ZMB,LTU,0.11218910812104324
2017,SYC,LTU,0.11214627720531607
2017,UZB,CZE,0.11166982734733157
2017,BHS,LVA,0.1113885647093662
2017,FRO,POL,0.11099978857560716
2017,KWT,LTU,0.10970956649952077
2017,VEN,IRL,0.1096058359416375
2017,BGR,EST,0.1095813662069771
2017,KWT,HUN,0.10836533885320015
2017,VEN,DEU,0.10769574946593814
2017,SRB,CYP,0.10737673135252561
2017,YEM,LTU,0.10721058698285049
2017,SWZ,DNK,0.10612548775358459
2017,VCT,CZE,0.10550517301392362
2017,YEM,BEL,0.1047981825160073
2017,BGR,CYP,0.10465232136870156
2017,HRV,SVN,0.10450048000871517
2017,LKA,NLD,0.10398674563495834
2017,PYF,PRT,0.10335784908235605
2017,CPV,ROU,0.10289976774555677
2017,PNG,FIN,0.10204063444546303
2017,MCO,SVN,0.10170928949991466
2017,URY,POL,0.10012404917441417
2017,CRI,AUT,0.09983590687161416
2017,BFA,HUN,0.09840134966448222
2017,SWZ,EST,0.09785697283739338
2017,BOL,BGR,0.09778303870463727
2017,UGA,DNK,0.09729808469590326
2017,PNG,DNK,0.09687390745714865
2017,GEO,ITA,0.09651584673260213
2017,UZB,FIN,0.09640831069869978
2017,LKA,FIN,0.09634713990927148
2017,LKA,LTU,0.09606582021236412
2017,SVK,MLT,0.09533795695406155
2017,CRI,CZE,0.09506608873185168
2017,SWZ,SVK,0.0946584056442279
2017,BHS,EST,0.09458457343952742
2017,BHS,CYP,0.09454585838065617
2017,SYC,BEL,0.09451421073540966
2017,BGR,MLT,0.09401388705773119
2017,UZB,PRT,0.09388663550039203
2017,UZB,NLD,0.09330380006645467
2017,MHL,MLT,0.09324564225983188
2017,GNQ,FIN,0.09172767843270116
2017,BRN,DEU,0.09151040630675585
2017,YEM,LVA,0.09131245414117169
2017,JOR,HUN,0.0909597285621754
2017,SRB,EST,0.09057558261468682
2017,GEO,ROU,0.09034473902417865
2017,LAO,CZE,0.09022532182486721
2017,CAN,PRT,0.08987373644363067
2017,MHL,FIN,0.08952560553117316
2017,PNG,IRL,0.08950525147189252
2017,ISL,BGR,0.08949536637733124
2017,VEN,ROU,0.08853481033269794
2017,BRN,SWE,0.08836403570319934
2017,SSD,LVA,0.08798424021648385
2017,CPV,CYP,0.08762773117010136
2017,GEO,HRV,0.0864387335436714
2017,VIR,IRL,0.08609821809556423
2017,XKV,POL,0.08607453236919436
2017,PRY,LTU,0.08556161235381357
2017,GEO,CZE,0.08418541966467952
2017,ZMB,FIN,0.08340652362212203
2017,CRI,MLT,0.08318943460650657
2017,BOL,SWE,0.08270991678743018
2017,BHS,MLT,0.08219212160446265
2017,BRB,SVN,0.0817571071319773
2017,LKA,IRL,0.08154593654375739
2017,JOR,LTU,0.0813084298929737
2017,ISL,HRV,0.08106199930468186
2017,LIE,SVN,0.0802924996797986
2017,ZMB,GRC,0.07991161038063585
2017,LAO,NLD,0.07942423618412127
2017,SSD,PRT,0.07935858010292021
2017,LAO,DNK,0.07924006510130548
2017,XKV,BEL,0.07866732768947715
2017,AZE,IRL,0.07860698495666507
2017,PNG,PRT,0.07849059037405785
2017,UZB,LTU,0.07847431299902377
2017,LAO,HUN,0.07839069744475866
2017,MHL,IRL,0.07795603205833901
2017,CPV,EST,0.07794065302599705
2017,GEO,LVA,0.07780768789763792
2017,MMR,SVN,0.07722883731587155
2017,MHL,PRT,0.0768073220564039
2017,LKA,MLT,0.0763542139195169
2017,DJI,GRC,0.07542361612943957
2017,URY,EST,0.07478635138498492
2017,CRI,FIN,0.07470355487425859
2017,CPV,BGR,0.07466049393399471
2017,SVK,IRL,0.07405620328662407
2017,BRN,HUN,0.07387007101062208
2017,GEO,EST,0.07375521775503213
2017,GEO,AUT,0.0736197471931603
2017,VCT,IRL,0.07359692726236351
2017,BRN,HRV,0.07312603704785568
2017,CPV,BEL,0.07276654579759854
2017,BFA,GRC,0.07209017023301437
2017,CRI,DNK,0.07164375456002636
2017,PNG,BGR,0.0713786487132335
2017,UZB,SVK,0.07090016112997428
2017,BRN,SVK,0.07085698707513177
2017,UZB,BGR,0.070850413848406
2017,FRO,AUT,0.07084174992826776
2017,XKV,SWE,0.0704683844223081
2017,MCO,LVA,0.07046577676074184
2017,URY,LVA,0.06953842638025916
2017,LIE,ITA,0.06899018335227439
2017,ABW,LTU,0.0686092558178253
2017,CAN,HUN,0.0685383971748029
2017,DJI,HRV,0.06776317499137013
2017,FRO,ESP,0.06758320516772431
2017,BFA,HRV,0.06751151428138721
2017,BRN,DNK,0.0672693409769093
2017,LAO,FIN,0.06691452419017518
2017,GGY,MLT,0.06684722405869313
2017,CRI,IRL,0.06619421510505517
2017,BHS,PRT,0.06600856368970456
2017,GEO,CYP,0.0656006655152493
2017,VUT,PRT,0.06478293813013798
2017,UZB,HUN,0.06376921730740709
2017,BOL,SVK,0.06375583278721661
2017,VUT,CZE,0.0633504259409362
2017,SWZ,BEL,0.062123000855619774
2017,LKA,DNK,0.06142356182803386
2017,PNG,HUN,0.06093519756647584
2017,CAN,LTU,0.060618935022106524
2017,ALB,ESP,0.06049854260553001
2017,UZB,DNK,0.06023041373307905
2017,UGA,SVN,0.05995575454004203
2017,URY,CYP,0.05911319610406451
2017,VUT,FIN,0.058918202783114264
2017,LAO,BGR,0.058848273321527464
2017,DJI,BGR,0.05844628601425142
2017,LAO,PRT,0.05836937302448721
2017,HRV,IRL,0.05760977834386068
2017,SYC,LVA,0.0575543823746601
2017,SWZ,GRC,0.056881414046836755
2017,BOL,POL,0.05682505699514665
2017,CRI,PRT,0.056425968864842656
2017,HRV,HUN,0.05579863543756756
2017,LKA,BGR,0.05567730750987389
2017,GEO,HUN,0.055631490464344735
2017,BFA,LTU,0.05484152388996004
2017,LAO,MLT,0.054796164687829524
2017,BIH,SVN,0.053627869748477684
2017,BFA,SVK,0.053325600294548206
2017,GEO,SVK,0.05268479241529615
2017,CRI,BGR,0.05257174247687018
2017,PNG,LTU,0.05253416266176744
2017,BFA,BGR,0.0520878019948759
2017,NER,DEU,0.0520811105374273
2017,HRV,DNK,0.0519815850273475
2017,ZMB,SVK,0.05159193331069149
2017,LIE,DNK,0.049608528062218715
2017,GEO,PRT,0.04950084343298039
2017,BHS,NLD,0.04945811130222195
2017,LAO,LTU,0.04943154070970474
2017,GIB,MLT,0.04917754357361363
2017,CYP,SVK,0.04914597379165668
2017,LIE,HUN,0.04912768895826119
2017,SWZ,BGR,0.04912299699538478
2017,GNQ,NLD,0.04846071361168153
2017,ABW,EST,0.04812855731836182
2017,SWZ,HRV,0.04798285239897664
2017,SYC,PRT,0.0474674935025462
2017,URY,LTU,0.04630967140702618
2017,CPV,SVK,0.0456347105132884
2017,DJI,SVN,0.04504553614124506
2017,BRN,CYP,0.04489001599156465
2017,CYP,EST,0.04482258069944344
2017,WSM,MLT,0.044479358794686
2017,GTM,SVN,0.04431773613259121
2017,YEM,NLD,0.04350960566834493
2017,LAO,IRL,0.04334627245070704
2017,IMN,MLT,0.04305785014463442
2017,CRI,HUN,0.04303087440297167
2017,BOL,HUN,0.04285114629237293
2017,GEO,LTU,0.042532179580502316
2017,ABW,LVA,0.04248770715657202
2017,BRN,LVA,0.042326856582545334
2017,BFA,CZE,0.041960929265307326
2017,XKV,GRC,0.04151409004303812
2017,BGR,LTU,0.04066075669475227
2017,SVK,LVA,0.040619020537739976
2017,UZB,MLT,0.04042786926036984
2017,FRO,ROU,0.040089521448587524
2017,IRN,SVN,0.03989214878966167
2017,ISL,CYP,0.03987720761452226
2017,FRO,ITA,0.039648399373916295
2017,BHS,FIN,0.03922471708785534
2017,SSD,FIN,0.0384767022313556
2017,BRN,BEL,0.038452474368143905
2017,ISL,CZE,0.037857030475542
2017,CRI,LTU,0.03734280541582811
2017,PRY,SVN,0.03645815128858161
2017,BHS,LTU,0.03587154139853087
2017,DJI,CYP,0.035823141005919094
2017,KWT,SVN,0.035532384778899355
2017,XKV,FIN,0.035510688164564194
2017,ZMB,BGR,0.03548961367494071
2017,EST,ESP,0.03512108909592465
2017,ZMB,LVA,0.03493743127113445
2017,BOL,MLT,0.034799549877458494
2017,CPV,HUN,0.03458398275871836
2017,GEO,FIN,0.034427684836076056
2017,PYF,MLT,0.034423947930375044
2017,XKV,AUT,0.034085348567856714
2017,BRN,EST,0.03401280164837521
2017,WSM,IRL,0.03318327271601312
2017,FRO,SWE,0.0330785337890451
2017,FRO,HUN,0.03271555536708607
2017,LBR,MLT,0.03239693755485506
2017,UZB,IRL,0.032367132320942994
2017,BHS,DNK,0.03231712883943262
2017,JOR,SVN,0.03141259786030849
2017,URY,NLD,0.030922846144924968
2017,LVA,LTU,0.030882644363521266
2017,SMR,FRA,0.030785552027832973
2017,BFA,SVN,0.03073986899433905
2017,ROU,DEU,0.03071522943902375
2017,SWZ,SVN,0.02993661657256236
2017,LIE,CZE,0.02962195601609381
2017,BRN,BGR,0.029107434540086838
2017,LKA,SVN,0.029099784257137336
2017,SSD,CZE,0.028970911526587748
2017,XKV,DEU,0.02882267335302383
2017,CPV,PRT,0.02827577434493649
2017,GEO,NLD,0.02816498159867866
2017,SWZ,LTU,0.028042741342835777
2017,PYF,IRL,0.027896740518225133
2017,YEM,CZE,0.027694566552384732
2017,ISL,LTU,0.027605646977149522
2017,ZMB,SVN,0.027538076047718782
2017,BGR,LVA,0.02721383666354732
2017,CAN,SVN,0.02672710371335641
2017,HRV,MLT,0.026399377338217067
2017,ABW,IRL,0.026332004864764374
2017,CYP,LTU,0.02612710303502177
2017,VEN,CZE,0.025776532821334373
2017,XKV,SVN,0.02537823079114869
2017,FRO,SVK,0.024092720594149748
2017,GIB,IRL,0.023951912409485646
2017,ZMB,HRV,0.02361074626113019
2017,YEM,FIN,0.023413601135700603
2017,FRO,DNK,0.023368761026202972
2017,PNG,SVN,0.02315837001935805
2017,VEN,ESP,0.02298599420416594
2017,SYC,FIN,0.022698803245857282
2017,BOL,HRV,0.022616604207672378
2017,SMR,POL,0.022398550037833122
2017,UGA,LVA,0.02177020145590565
2017,IOT,FRA,0.021684160953471216
2017,VEN,POL,0.021488697663477777
2017,GEO,MLT,0.020764132757282495
2017,YEM,PRT,0.020637594493818655
2017,LAO,SVN,0.020575453350742387
2017,CPV,LTU,0.020203360283574126
2017,MNE,DEU,0.020195754097142277
2017,PRT,MLT,0.020131716677168333
2017,ISL,EST,0.02005413190656764
2017,MCO,MLT,0.019713935931022532
2017,VCT,BEL,0.019608923853027704
2017,LIE,BGR,0.019454242593797456
2017,GGY,IRL,0.01944554987317873
2017,DJI,LTU,0.019187023350388466
2017,BRN,SVN,0.019122563021732288
2017,URY,FIN,0.019045807960262586
2017,PLW,FRA,0.018725521588568647
2017,URY,DNK,0.018265706273271794
2017,SRB,HRV,0.018220327396545003
2017,CPV,GRC,0.0177985680021205
2017,BHS,SVN,0.01776373225050265
2017,BGR,HRV,0.017758033180261593
2017,VUT,MLT,0.017380783814344852
2017,SYC,CZE,0.01722991244634774
2017,BRN,NLD,0.017086797253433775
2017,GEO,BGR,0.017072544633006618
2017,CPV,HRV,0.01703586283936045
2017,CRI,SVN,0.016780238383914972
2017,GEO,DNK,0.01663667304951492
2017,IOT,POL,0.016214342941059934
2017,LIE,MLT,0.01613413083699445
2017,XKV,HUN,0.016093599404436665
2017,ISL,MLT,0.01596667649018233
2017,NER,BEL,0.0158918849865187
2017,ROU,ITA,0.01578423114191134
2017,CYP,HRV,0.015715343677085058
2017,CPV,FIN,0.015545911543555849
2017,VUT,IRL,0.015462563245640673
2017,MCO,SVK,0.01540299395817419
2017,GEO,IRL,0.015371214437810999
2017,BOL,DNK,0.015333329705803093
2017,SMR,AUT,0.015302146565728597
2017,ZMB,DNK,0.01516190703350799
2017,BOL,GRC,0.015160880939698527
2017,SRB,LVA,0.014990397832186392
2017,BFA,LVA,0.014875222868960397
2017,DJI,EST,0.014870947107958665
2017,XKV,ITA,0.014811666611024236
2017,SWZ,CZE,0.014544650250257012
2017,URY,PRT,0.014385903974455473
2017,FRO,GRC,0.014273318288460754
2017,ISL,LVA,0.014247015727717503
2017,STP,GRC,0.013912182074021881
2017,SWZ,PRT,0.013470663354515555
2017,BRN,CZE,0.013392602072823922
2017,SWZ,FIN,0.013249183091887697
2017,PLW,POL,0.01319608738555791
2017,CPV,AUT,0.013124115654973918
2017,ROU,CZE,0.012832340325056497
2017,LIE,SVK,0.012826247690528893
2017,STP,ESP,0.012796101515487282
2017,URY,SVN,0.012789001352008077
2017,UZB,SVN,0.01259532772316999
2017,XKV,DNK,0.012574298072474593
2017,BRN,LTU,0.012221406306118138
2017,YEM,MLT,0.012191180356030624
2017,XKV,CZE,0.012041660124277901
2017,UGA,MLT,0.011727117678653937
2017,BRN,MLT,0.011719457581669345
2017,GEO,SVN,0.011675071281774911
2017,LBR,IRL,0.011483005353300994
2017,VEN,SWE,0.011373378870992708
2017,LTU,CYP,0.01136474256728223
2017,VIR,BEL,0.011241482938697154
2017,FRO,HRV,0.01108383475620863
2017,FRO,BEL,0.010918055939604113
2017,VCT,MLT,0.01089038796661812
2017,SMR,ESP,0.01064214610001305
2017,BRN,FIN,0.010523994383300048
2017,DJI,LVA,0.010522634491409895
2017,SMR,ROU,0.010499888877976638
2017,IOT,AUT,0.010432210633421571
2017,ABW,DEU,0.010384143879228445
2017,MNE,ITA,0.010378384162401636
2017,SRB,LTU,0.010375363725187806
2017,VEN,MLT,0.010297366483713825
2017,HRV,CZE,0.010291331144746901
2017,PLW,AUT,0.009664570962904502
2017,YEM,IRL,0.00963742938721264
2017,UGA,SVK,0.00946975976141559
2017,FRO,BGR,0.009433017302479793
2017,BRN,IRL,0.009325226211056794
2017,CYP,LVA,0.009069588492965571
2017,VEN,BEL,0.008761633694664005
2017,LTU,DEU,0.008707178726027035
2017,SMR,ITA,0.008651590731503398
2017,MNE,CZE,0.008437468787598315
2017,ROU,BGR,0.0084276494636001
2017,SWZ,LVA,0.008160217345810482
2017,FRO,SVN,0.008011055117391398
2017,VIR,MLT,0.007975490915966436
2017,BRN,PRT,0.007949107380571106
2017,XKV,BGR,0.007908369628342021
2017,BOL,EST,0.007866236202802763
2017,ROU,SWE,0.007831328241802013
2017,WLF,FRA,0.007701397364322679
2017,IOT,ROU,0.007217304391359396
2017,DJI,DEU,0.0070870776846907665
2017,FRO,CZE,0.007004832312247552
2017,IOT,ESP,0.006900099472752013
2017,HRV,LTU,0.006847265650948718
2017,BOL,BEL,0.006740878237334536
2017,PLW,GRC,0.00662656690961663
2017,FRO,LTU,0.006577546816497612
2017,LIE,LTU,0.006551561399191136
2017,FRO,PRT,0.006536197850687488
2017,SMR,HUN,0.006528378160169337
2017,VCT,NLD,0.006410788250233114
2017,IOT,ITA,0.006399666923821145
2017,FRO,CYP,0.0062544135517677716
2017,ABW,CZE,0.006034606706433292
2017,PLW,ESP,0.006007440680801881
2017,BOL,LTU,0.0059732346498661115
2017,LTU,POL,0.005922933012856931
2017,ALB,DEU,0.005876001237893033
2017,LIE,EST,0.005848685435086335
2017,PLW,ROU,0.005793001481473482
2017,HRV,EST,0.0057926057729721986
2017,IOT,BEL,0.005737063673328436
2017,ROU,SVK,0.00555637768717614
2017,MNE,BGR,0.005541314171905153
2017,WLF,POL,0.005520738116026186
2017,SMR,DNK,0.005516863509088957
2017,LTU,FRA,0.005445188431703718
2017,BOL,SVN,0.00544121891649668
2017,ABW,BEL,0.005400063905015988
2017,VEN,BGR,0.005392250135329485
2017,SMR,SWE,0.005390004861555712
2017,PLW,ITA,0.005309821445310594
2017,ZMB,MLT,0.00528103025848588
2017,XKV,SVK,0.005214014742147343
2017,MNE,SWE,0.0051492234410756834
2017,XKV,MLT,0.005095082069466379
2017,LTU,SWE,0.005007950822880491
2017,SMR,SVK,0.004992840100722972
2017,STP,ITA,0.004916635012211251
2017,LTU,ROU,0.004858050317698133
2017,FRO,EST,0.004632708634892557
2017,VEN,HUN,0.004553420996887668
2017,LIE,HRV,0.0045425052445591425
2017,CPV,DNK,0.004515174895829359
2017,VEN,EST,0.00445120307997688
2017,IOT,HUN,0.004419057991186892
2017,LTU,HRV,0.004379483668398321
2017,GNQ,MLT,0.004368618789394411
2017,NRU,FRA,0.0042890042193739954
2017,IOT,DEU,0.004282732769892295
2017,NER,CZE,0.004226818525968297
2017,LTU,ESP,0.0042022051413437445
2017,IOT,SWE,0.004188623618049988
2017,PLW,HUN,0.004105750109937652
2017,VCT,FIN,0.003948493011141746
2017,WLF,AUT,0.00390775842122364
2017,IOT,DNK,0.0038313738317654624
2017,LTU,BEL,0.0037988959329073634
2017,ABW,MLT,0.0037387958371969273
2017,NER,PRT,0.003657379632539956
2017,MNE,SVK,0.003653407104245421
2017,VEN,PRT,0.0036314279843568157
2017,CPV,SVN,0.0035977569696131646
2017,PLW,DNK,0.0034716372519927987
2017,FLK,FRA,0.0034168484307816856
2017,IOT,SVK,0.0034126978449686685
2017,EST,DEU,0.0034111823874735923
2017,VEN,LTU,0.003384290397323612
2017,NER,FIN,0.0033692323538624938
2017,BOL,CYP,0.003278797175262098
2017,PLW,SVK,0.003253520012979189
2017,ABW,PRT,0.0032192191265465273
2017,FRO,LVA,0.0031847024255639736
2017,PLW,SWE,0.003172971433208552
2017,NRU,POL,0.003118623925508849
2017,ALB,ITA,0.0030196148107304735
2017,BFA,MLT,0.0029843861401730115
2017,VCT,PRT,0.002982422243288783
2017,WLF,GRC,0.0029669131556169966
2017,SMR,GRC,0.00287501694665793
2017,IOT,NLD,0.0028748616039185955
2017,LTU,ITA,0.002855724851128233
2017,HRV,LVA,0.0028237472369473976
2017,LIE,CYP,0.0025993472265450385
2017,SMR,HRV,0.002581894721931607
2017,HRV,BGR,0.0025791106326969746
2017,LIE,LVA,0.0025258732029424134
2017,SMR,DEU,0.002524910052504309
2017,CPV,LVA,0.0025162796137271726
2017,WLF,ESP,0.0025155914613797237
2017,WLF,ROU,0.002486847762601862
2017,SMR,CYP,0.0024637437672893137
2017,ALB,CZE,0.002454901005534968
2017,DJI,BEL,0.002452807542515371
2017,FRO,FIN,0.0024077660108826984
2017,FLK,POL,0.0023823762813627745
2017,STP,DEU,0.002350454404578818
2017,VEN,SVK,0.0023192100783978294
2017,LTU,CZE,0.0022650462220744705
2017,SMR,BGR,0.00220629815192834
2017,WLF,ITA,0.0021816599683814873
2017,NRU,AUT,0.002141089292514948
2017,VEN,GRC,0.002120870583879953
2017,XKV,LTU,0.002085596209687829
2017,IOT,CYP,0.002038199632045598
2017,ABW,NLD,0.0019389244160941143
2017,IOT,GRC,0.0019198090150914112
2017,IOT,HRV,0.0018723992668607168
2017,MNE,HUN,0.0018189629918293315
2017,FLK,ESP,0.001784487011669441
2017,ROU,HRV,0.0017767556163163073
2017,EST,ITA,0.0017529705053315559
2017,FLK,AUT,0.001751847545906492
2017,PLW,HRV,0.0017366714831756245
2017,LTU,EST,0.0017275913493667702
2017,VEN,FIN,0.00170412192390469
2017,SMR,SVN,0.0016744856630813126
2017,XKV,HRV,0.0016672786657478777
2017,ABW,FIN,0.0016664245809010405
2017,WLF,HUN,0.0016642896822133906
2017,SSD,MLT,0.0016425974845576837
2017,ALB,BGR,0.001612258139857044
2017,SMR,EST,0.0015596965826663168
2017,NRU,GRC,0.0015290360130886637
2017,IOT,BGR,0.001513770496788105
2017,ALB,SWE,0.0014981784373295534
2017,LTU,SVK,0.0014812418713130654
2017,VEN,LVA,0.001443780372274012
2017,NRU,ROU,0.0014358291578959361
2017,DJI,PRT,0.0014357169681817913
2017,NRU,ESP,0.0014316743520020746
2017,EST,CZE,0.0014251384119984998
2017,WLF,DNK,0.001407079749820505
2017,IOT,EST,0.0013801109675622158
2017,FLK,ITA,0.001378901047082985
2017,WLF,SWE,0.0013657328079783604
2017,PLW,BGR,0.0013488509518295693
2017,WLF,SVK,0.0013146557150259329
2017,STP,FRA,0.0012872602467411077
2017,LTU,AUT,0.0012743887590379362
2017,SMR,BEL,0.001268624446375966
2017,NRU,ITA,0.001257568695951889
2017,ATG,ESP,0.001251918107605141
2017,VEN,CYP,0.0011732467247533508
2017,MNE,HRV,0.0011682452051701526
2017,XKV,EST,0.0011545651386813687
2017,GNQ,IRL,0.0011165643006177499
2017,IOT,SVN,0.0011060103811815765
2017,FLK,ROU,0.001083340345311359
2017,ALB,SVK,0.0010629672238934103
2017,BOL,LVA,0.001046569015289163
2017,PLW,CYP,0.0010294586267234397
2017,PLW,SVN,0.0010147579819197645
2017,SYC,MLT,0.0009860306058656143
2017,LTU,FIN,0.0009496287731716108
2017,EST,BGR,0.0009359607576790304
2017,NRU,HUN,0.0009132697517068267
2017,PLW,DEU,0.0008998510384192158
2017,LTU,DNK,0.000873118958964218
2017,EST,SWE,0.000869734312810285
2017,ROU,GRC,0.0008587520637854529
2017,LTU,SVN,0.0008572488721546483
2017,SMR,LTU,0.0008392773675030862
2017,STP,ROU,0.0008324776992675944
2017,SMR,PRT,0.0008314191181170035
2017,STP,SWE,0.0008227307901592178
2017,ATG,ITA,0.0008081347274010911
2017,NRU,SWE,0.0007867586815574975
2017,VEN,SVN,0.0007760586209074083
2017,NRU,DNK,0.000770322188089725
2017,LTU,PRT,0.0007697078274723305
2017,LTU,BGR,0.000761989633296087
2017,ROU,BEL,0.0007560028956116526
2017,VEN,HRV,0.0007522096982554252
2017,FLK,HUN,0.000733988901082873
2017,WLF,HRV,0.000731425923980055
2017,STP,CZE,0.0007186869067931517
2017,NRU,SVK,0.0007171315935729831
2017,STP,POL,0.0007068782066610381
2017,FRO,NLD,0.0006870786479449818
2017,XKV,LVA,0.0006830618847044215
2017,STP,HRV,0.0006768868173216219
2017,ROU,AUT,0.0006585652699998178
2017,ATG,BEL,0.0006342011893252495
2017,DJI,FIN,0.000623797481346982
2017,IOT,LTU,0.0006178660822892826
2017,EST,SVK,0.0006170820811309209
2017,FLK,DNK,0.0006145180829677771
2017,LTU,HUN,0.0006132813038276996
2017,FLK,GRC,0.0006105265005010029
2017,SMR,NLD,0.0006094834249772472
2017,WLF,DEU,0.0006022802397765173
2017,FLK,SWE,0.0005925475323355765
2017,FLK,SVK,0.0005811556605691647
2017,STP,AUT,0.0005695573765505713
2017,LTU,MLT,0.0005677634636114095
2017,MNE,GRC,0.0005646432023258778
2017,DJI,CZE,0.0005604450048807877
2017,WLF,BGR,0.0005583117306381156
2017,WLF,CYP,0.000549546534368185
2017,CPV,MLT,0.0005458991084776056
2017,PLW,EST,0.0005377476680640903
2017,ALB,HUN,0.0005292314780750457
2017,ATG,GRC,0.0005290554133400493
2017,STP,BEL,0.0005185871126584762
2017,MNE,BEL,0.0004970839826155548
2017,LTU,IRL,0.0004926074701444917
2017,NRU,DEU,0.0004813107672938486
2017,PLW,LTU,0.00046679492488297303
2017,STP,LVA,0.00046554460001999053
2017,STP,CYP,0.0004645133686902123
2017,ROU,LTU,0.0004582482941519018
2017,ATG,DEU,0.00044721978838686073
2017,STP,SVK,0.0004419244177272659
2017,MNE,AUT,0.00043301718700289034
2017,STP,BGR,0.00043228955633779325
2017,HTI,ESP,0.00042446816132124223
2017,SMR,LVA,0.00041988682119743054
2017,WLF,SVN,0.0004114691886776156
2017,NRU,HRV,0.0004110784511776982
2017,IOT,PRT,0.0004108113304573454
2017,PLW,LVA,0.00040053493036225146
2017,ATG,FRA,0.0003839369437842454
2017,LTU,NLD,0.00037284883228075013
2017,STP,EST,0.0003708344364090094
2017,STP,IRL,0.0003704123633348618
2017,NRU,CYP,0.0003675503398594276
2017,LTU,GRC,0.00036081129110639805
2017,IOT,LVA,0.00035541507357319673
2017,ALB,HRV,0.0003399036371072555
2017,WLF,EST,0.000333393262576972
2017,SMR,FIN,0.00032610632028685823
2017,NRU,BGR,0.00031172884895311874
2017,EST,HUN,0.00030723361412250883
2017,MNE,LTU,0.0003013055748940184
2017,FLK,HRV,0.00029769366486741186
2017,PLW,BEL,0.00028429379172748937
2017,IOT,FIN,0.00027362836315112526
2017,FLK,BGR,0.00026123145712838387
2017,ATG,POL,0.00025297479449690153
2017,NRU,EST,0.00024066968148742644
2017,FRO,MLT,0.0002331873094582663
2017,NRU,SVN,0.00022614273385584242
2017,FLK,DEU,0.00022478195193149157
2017,ATG,ROU,0.00022301697728816522
2017,SMR,CZE,0.00021845638670550682
2017,WLF,BEL,0.00021667914590248728
2017,FLK,CYP,0.00021651627013063245
2017,STP,NLD,0.00021458111637511377
2017,WLF,LTU,0.00020616186807558757
2017,EST,HRV,0.00019732352894368002
2017,IOT,CZE,0.0001926079341407453
2017,STP,HUN,0.0001846759730373603
2017,SRB,ROU,0.00018158846475488334
2017,FLK,SVN,0.00018025994174417466
2017,WLF,LVA,0.0001752451348314905
2017,NRU,BEL,0.00017399051474820059
2017,STP,MLT,0.00016971739810945168
2017,MTQ,ESP,0.00016822645975586256
2017,ATG,CYP,0.00016444989347603805
2017,ALB,GRC,0.00016428424211721923
2017,ATG,SWE,0.00015225618431905012
2017,HTI,ITA,0.0001494601993846434
2017,ALB,BEL,0.00014462773131106328
2017,ATG,EST,0.00014285251585170584
2017,FLK,BEL,0.00013751555500026179
2017,STP,FIN,0.00013160395723540874
2017,STP,DNK,0.00012773337490699026
2017,ALB,AUT,0.00012598734935171247
2017,FLK,EST,0.0001237131090597939
2017,NRU,LTU,0.00012281066745947406
2017,ROU,SVN,0.00010620372919619293
2017,GRD,ESP,0.00010311172261234814
2017,STP,PRT,0.0001011577097872914
2017,NRU,LVA,9.964955264283672e-05
2017,EST,GRC,9.537157848704783e-05
2017,ATG,AUT,9.394393003463499e-05
2017,PLW,CZE,9.172455837445375e-05
2017,ALB,LTU,8.766555200391592e-05
2017,FLK,LTU,8.621419331519001e-05
2017,EST,BEL,8.396042645584328e-05
2017,STP,LTU,8.148772974382413e-05
2017,ATG,CZE,7.926005476742796e-05
2017,EST,AUT,7.313916552324381e-05
2017,PLW,NLD,7.262837333429798e-05
2017,MNE,SVN,6.983064877649093e-05
2017,PLW,FIN,6.841920769032952e-05
2017,PLW,PRT,6.114025890003765e-05
2017,ATG,NLD,5.837783347517431e-05
2017,WLF,PRT,5.826000649705835e-05
2017,ATG,HRV,5.7943157708810554e-05
2017,WLF,CZE,5.7202887889736376e-05
2017,FLK,LVA,5.3882056642026034e-05
2017,NRU,PRT,5.322519209950447e-05
2017,ATG,BGR,5.2409143837052945e-05
2017,EST,LTU,5.089229475573369e-05
2017,WLF,FIN,5.067849798287602e-05
2017,PLW,MLT,5.0464665526457854e-05
2017,ATG,IRL,4.7592091487415985e-05
2017,FLK,CZE,4.692631627267121e-05
2017,NRU,CZE,4.4253711738910055e-05
2017,PLW,IRL,4.277412051754942e-05
2017,HTI,DEU,4.122703347802321e-05
2017,NRU,FIN,4.0482772500549704e-05
2017,STP,SVN,3.832106650226207e-05
2017,ATG,PRT,3.7764765084790274e-05
2017,WLF,NLD,3.3462059513558136e-05
2017,ATG,SVK,3.3359938253032285e-05
2017,GRD,ITA,3.310654215300054e-05
2017,DJI,MLT,3.151331097530724e-05
2017,ATG,FIN,2.8557189655012616e-05
2017,FLK,IRL,2.8515233861489494e-05
2017,ATG,LVA,2.597220190957039e-05
2017,ATG,HUN,2.5758172854665826e-05
2017,WLF,MLT,2.356931510750711e-05
2017,ATG,LTU,2.3365707383714946e-05
2017,SSD,NLD,2.329711483742124e-05
2017,NER,MLT,2.0825436894553238e-05
2017,FLK,PRT,2.0658016537455017e-05
2017,MTQ,FRA,2.0626602607786942e-05
2017,ALB,SVN,2.031738833221364e-05
2017,SMR,MLT,1.940212047378815e-05
2017,HTI,CZE,1.8700965824661157e-05
2017,HTI,FRA,1.8343580371595265e-05
2017,WLF,IRL,1.8262987992624957e-05
2017,SSD,IRL,1.728435871717889e-05
2017,NRU,NLD,1.6874786624792635e-05
2017,MTQ,DEU,1.5721642898537152e-05
2017,ATG,DNK,1.5335101629394822e-05
2017,IOT,MLT,1.5164804609539614e-05
2017,FLK,FIN,1.493584895513495e-05
2017,MTQ,POL,1.432465892643275e-05
2017,MTQ,ITA,1.3785263025340157e-05
2017,SWZ,MLT,1.3441771920196724e-05
2017,HTI,AUT,1.284301535386351e-05
2017,NRU,MLT,1.2526436921625709e-05
2017,EST,SVN,1.1794809843021735e-05
2017,HTI,BGR,1.1682020594243405e-05
2017,NRU,IRL,1.1667747436256602e-05
2017,FLK,NLD,1.1519850282474603e-05
2017,MTQ,AUT,1.114926114726968e-05
2017,HTI,SWE,1.0511477123851887e-05
2017,ATG,MLT,1.0401226335546233e-05
2017,GRD,DEU,1.0014862897805714e-05
2017,IOT,IRL,9.539914539048249e-06
2017,HTI,IRL,8.267859069454978e-06
2017,HTI,SVK,7.4579605332433e-06
2017,MTQ,SWE,7.255844104527663e-06
2017,HTI,ROU,6.613575392084923e-06
2017,MTQ,CZE,6.568255416862308e-06
2017,MTQ,SVK,6.426790658605103e-06
2017,MTQ,ROU,6.12274920974448e-06
2017,MTQ,HUN,6.000000560504264e-06
2017,FLK,MLT,5.854025727346184e-06
2017,MTQ,BGR,5.780773268265742e-06
2017,ATG,SVN,4.59805655744263e-06
2017,GRD,CZE,4.5059864157271965e-06
2017,GRD,FRA,3.998366308790326e-06
2017,MTQ,DNK,3.865279330224487e-06
2017,HTI,HUN,3.713178908731333e-06
2017,BDI,ITA,3.5997016357016437e-06
2017,GRD,BGR,2.828559541723844e-06
2017,GRD,AUT,2.821456901158001e-06
2017,MTQ,HRV,2.6171028147145313e-06
2017,GRD,SWE,2.5534459641612177e-06
2017,HTI,HRV,2.384822272663002e-06
2017,MTQ,GRC,2.331148599745407e-06
2017,MAF,DEU,2.249467806426267e-06
2017,GRD,SVK,1.811686312028555e-06
2017,GRD,IRL,1.8021524958303655e-06
2017,GRD,ROU,1.441566831157152e-06
2017,MTQ,SVN,1.1872884174795448e-06
2017,HTI,GRC,1.152646447043101e-06
2017,HTI,BEL,1.0147329925937458e-06
2017,GRD,HUN,9.02004693250396e-07
2017,MTQ,CYP,8.265306487698226e-07
2017,HTI,MLT,7.658722370971593e-07
2017,MTQ,LTU,7.051154959377707e-07
2017,HTI,LTU,6.155297639372096e-07
2017,GRD,HRV,5.793205593869615e-07
2017,MAF,POL,5.655036699966338e-07
2017,MAF,ESP,5.454423157603099e-07
2017,MAF,FRA,5.277079626934258e-07
2017,BDI,FRA,5.147682585615734e-07
2017,MTQ,BEL,3.8696137948967355e-07
2017,MAF,SWE,3.5151435220213553e-07
2017,MAF,CYP,3.386296673444007e-07
2017,BDI,AUT,3.3560230346981053e-07
2017,MTQ,EST,3.0675274034877694e-07
2017,GRD,GRC,2.800006491598054e-07
2017,MAF,BEL,2.6914798813405594e-07
2017,MTQ,LVA,2.638227743136319e-07
2017,GRD,BEL,2.4649873981652634e-07
2017,BDI,IRL,2.3201748671738285e-07
2017,BDI,ROU,1.8559401264548003e-07
2017,MAF,CZE,1.7860090113140973e-07
2017,GRD,MLT,1.6693784351875942e-07
2017,MAF,ITA,1.6663676200970056e-07
2017,MAF,ROU,1.5142484008809214e-07
2017,GRD,LTU,1.4951306282918311e-07
2017,HTI,EST,1.4633997550527804e-07
2017,HTI,SVN,1.4255028463175046e-07
2017,MAF,HRV,1.3608514184302023e-07
2017,MAF,AUT,1.2928676359450026e-07
2017,MAF,HUN,1.0194113082085876e-07
2017,MAF,EST,9.494582039843234e-08
2017,MAF,PRT,8.912101022611762e-08
2017,MAF,SVK,8.450196815245307e-08
2017,MAF,LTU,6.295001592648951e-08
2017,MAF,FIN,5.822300987794774e-08
2017,MAF,GRC,4.957657565516728e-08
2017,BDI,CZE,4.1447283010332235e-08
2017,MAF,SVN,3.835483437661227e-08
2017,GRD,SVN,3.4628287223022736e-08
2017,GRD,EST,3.1897852863858315e-08
2017,MAF,BGR,3.0282653492612424e-08
2017,MAF,LVA,2.69030196969346e-08
2017,MAF,DNK,2.4336308770890362e-08
2017,BDI,MLT,2.1492353716379473e-08
2017,MAF,MLT,1.851415674457125e-08
2017,MAF,IRL,1.3730371300727656e-08
2017,MAF,NLD,1.0392357437770525e-08
2017,BDI,BGR,1.0387104136952488e-08
2017,BDI,EST,4.106677803502547e-09
2017,BDI,LTU,1.2717980862002788e-11
2018,NLD,BEL,27231.345679047674
2018,GBR,BEL,19272.823690155
2018,NLD,DEU,12390.754630622605
2018,NLD,FRA,7965.020763739604
2018,GBR,DEU,3880.00562699724
2018,GBR,FRA,3878.2901928486726
2018,LUX,DEU,2664.8072209131833
2018,NLD,ITA,2477.302624460967
2018,NLD,IRL,2012.4574423283332
2018,NLD,POL,1869.1802295338582
2018,DNK,DEU,1518.8179398734821
2018,NLD,ESP,1355.0162725054545
2018,CHE,FRA,1335.7121868373845
2018,IRL,DEU,1306.702408022774
2018,GBR,ESP,1287.2663690172435
2018,LUX,FRA,1266.9615617196255
2018,HKG,IRL,1231.1937983803095
2018,PAN,IRL,1173.787728564994
2018,NLD,ROU,1118.8222192095284
2018,VGB,IRL,1083.8032738330235
2018,LUX,IRL,985.9962201242079
2018,SWE,DEU,874.6714678553036
2018,CHE,DEU,874.4326570872283
2018,CHE,IRL,830.6872663636825
2018,CYM,IRL,794.1508690022416
2018,PRT,ESP,742.1005455359134
2018,ASM,DEU,665.8277368033733
2018,NLD,CZE,660.2666595655887
2018,SWE,POL,654.4390126990238
2018,HKG,FRA,654.2674551259859
2018,IRL,ESP,641.6937937599653
2018,LUX,ITA,618.009066266719
2018,CHE,POL,596.7853666034275
2018,DNK,ESP,584.1612347668282
2018,GBR,ITA,574.255570433422
2018,LUX,BEL,552.4794695753756
2018,BMU,IRL,543.7355769420675
2018,NLD,HUN,542.100876222827
2018,IRL,FRA,540.9760309086317
2018,FIN,DEU,539.6680867545597
2018,CHE,BEL,535.4504881272289
2018,LUX,POL,524.5038688341892
2018,SWE,FRA,518.7813465253969
2018,JEY,DEU,516.4873275244358
2018,NLD,AUT,514.7358888269425
2018,ESP,ITA,514.3470329774666
2018,MLT,IRL,494.8421655968583
2018,CHE,ESP,484.98598454645406
2018,HRV,IRL,443.50453337122224
2018,URY,ESP,438.51965593478064
2018,NLD,HRV,432.9918246741102
2018,SWE,ROU,420.84992223709247
2018,GBR,POL,419.79592673855836
2018,JEY,IRL,418.3054997778907
2018,CYM,ESP,418.1972144408176
2018,DNK,FRA,415.5666873183961
2018,SWE,CYP,405.99417067839727
2018,IRL,POL,404.67424619027435
2018,HKG,DEU,401.99080453703505
2018,NLD,SWE,400.02853763725625
2018,LUX,ESP,384.3446249362892
2018,DNK,POL,384.27915797179656
2018,ASM,IRL,378.7690925299665
2018,DNK,NLD,365.31902606086254
2018,NLD,SVK,361.72167465261424
2018,PAN,BEL,360.86275260139786
2018,SWE,EST,354.8220980593896
2018,NLD,DNK,348.8573366135722
2018,NLD,CYP,337.5875861864358
2018,JEY,FRA,337.4152018668025
2018,BIH,IRL,328.4818289086261
2018,GBR,CZE,321.3209726913011
2018,VGB,BEL,315.8048998969641
2018,LVA,IRL,313.8418936152907
2018,ASM,FRA,313.1801028365872
2018,CAN,DEU,310.2330470414026
2018,NLD,EST,302.351443245724
2018,SWE,ESP,294.0930530694995
2018,IRL,BEL,286.1444346580498
2018,SVK,IRL,285.8811287577169
2018,LUX,ROU,285.2268368816695
2018,TLS,DEU,282.48827423915327
2018,IRL,ITA,276.63888897414677
2018,HKG,POL,272.8446890546111
2018,NLD,LVA,270.19813995672416
2018,GBR,IRL,267.70595382657734
2018,MLT,DEU,253.34483421696788
2018,HKG,BEL,253.01346981169468
2018,GBR,HRV,246.66897609015135
2018,KAZ,IRL,238.28367890335812
2018,SWE,BEL,238.21625563648573
2018,FIN,FRA,235.70065316215508
2018,NLD,PRT,228.8125008512499
2018,AUT,ITA,224.97788945090244
2018,NLD,MLT,224.95410122447598
2018,PAN,DEU,219.71624069174243
2018,GBR,SWE,219.4336443284477
2018,FIN,POL,216.1863567948917
2018,KAZ,DEU,214.57906939311007
2018,SVK,DEU,211.2816560891083
2018,VGB,DEU,206.56532983772655
2018,KAZ,FRA,203.4871350760221
2018,CYM,BEL,202.23097337965976
2018,SGP,FRA,197.769743725652
2018,DNK,BEL,195.322199233162
2018,ASM,POL,193.2508255435762
2018,DNK,FIN,190.03700314654537
2018,PAN,FRA,185.992008465619
2018,MUS,IRL,184.3495961614966
2018,MLT,FRA,183.81770958387676
2018,DNK,SWE,181.24923408860496
2018,NLD,BGR,181.16385576912398
2018,GBR,LVA,179.8528866464563
2018,IRL,ROU,176.43581978901807
2018,SWE,ITA,173.8047507133109
2018,BMU,BEL,171.35680050812223
2018,BHR,IRL,167.72690012110263
2018,LUX,AUT,166.4957752801705
2018,VGB,FRA,164.9404121476563
2018,GBR,ROU,161.06002882166382
2018,GBR,CYP,157.65212614897746
2018,SRB,ITA,155.08461617225072
2018,BIH,FRA,153.46971224795482
2018,DNK,AUT,153.3226639381325
2018,FIN,ROU,150.08148533269863
2018,FIN,ESP,149.5349659966555
2018,NLD,SVN,143.45869497863654
2018,PRT,FRA,142.29529841391619
2018,CAN,FRA,142.25105334863144
2018,TLS,IRL,140.60231159734514
2018,CYM,DEU,140.34007334966054
2018,GTM,IRL,139.3066812419673
2018,MLT,ESP,137.77609057300634
2018,PRT,DEU,135.55963070305683
2018,BMU,DEU,135.19883862328913
2018,GBR,EST,132.30711293808162
2018,GBR,SVK,131.6172746923325
2018,NLD,FIN,129.24416354647897
2018,TLS,FRA,128.32103106918692
2018,CHE,AUT,127.89011263873937
2018,PRY,IRL,125.42068831018813
2018,HKG,ESP,123.10307771498458
2018,CHE,ROU,121.05764218174178
2018,LUX,CYP,118.07902954478178
2018,SRB,IRL,115.46443075460374
2018,IRL,AUT,115.13903656540202
2018,GTM,DEU,114.3601221330172
2018,GHA,IRL,113.13632036906634
2018,LUX,CZE,111.47656384260338
2018,CHE,CYP,110.67760418043778
2018,ASM,ESP,110.26036020406364
2018,NLD,LTU,109.67892075681986
2018,NLD,GRC,109.6053005292367
2018,LUX,EST,107.1527176312942
2018,VGB,ESP,105.91407893548426
2018,LUX,HUN,105.21353702358927
2018,SVK,FRA,104.1150731763827
2018,DNK,CZE,101.13384890142235
2018,MUS,FRA,99.94257488478095
2018,PRY,DEU,99.88062572441466
2018,PAN,NLD,99.55787899790961
2018,CHE,NLD,99.39846174690521
2018,PAN,CYP,99.2682704959508
2018,IRL,HUN,98.94867411667192
2018,ASM,ITA,98.87560478072115
2018,ASM,ROU,98.21792559477566
2018,BMU,FRA,98.09371791643375
2018,GBR,HUN,97.92331740546831
2018,MLT,POL,95.98925345044364
2018,FIN,CYP,95.79677803187258
2018,ESP,DEU,95.25217511986831
2018,CYM,FRA,94.94833659763384
2018,LUX,DNK,94.69518964046043
2018,CHE,SWE,94.60348868127001
2018,JEY,POL,94.41495738834331
2018,CUW,IRL,94.0723930413352
2018,GBR,AUT,93.46625571514292
2018,CHE,EST,92.89240784638757
2018,PAN,ROU,92.1635502160009
2018,FIN,SWE,91.639176145903
2018,BIH,POL,91.55202280485524
2018,FIN,ITA,90.68317683712283
2018,FIN,BEL,90.08428651888121
2018,DNK,ITA,87.77187076943994
2018,BRB,IRL,87.40856205014539
2018,PAN,EST,86.40238059163272
2018,VGB,CYP,85.73129975814363
2018,DNK,HUN,84.75458894851518
2018,FIN,EST,83.66153156196994
2018,VGB,NLD,83.28614588643912
2018,ASM,BEL,83.16848052289481
2018,LBR,IRL,80.51923017383488
2018,TLS,POL,80.12150189690112
2018,GIB,DEU,79.68158907228766
2018,FIN,HRV,79.2508560986348
2018,MMR,IRL,78.96215605136385
2018,CHE,ITA,78.91747384600171
2018,DNK,PRT,78.55908024345374
2018,VGB,ROU,77.72019007413307
2018,SGP,BEL,77.29394958323043
2018,BGR,ITA,76.91271307529259
2018,LUX,NLD,76.72338563102893
2018,GGY,IRL,75.38664396333628
2018,VGB,EST,74.65843315837334
2018,LUX,SWE,74.1758911014455
2018,PAN,POL,73.99175011990901
2018,ESP,FRA,72.97125226289894
2018,LUX,PRT,66.72420646374732
2018,VGB,POL,66.23402064441967
2018,ESP,ROU,66.22758708987617
2018,SGP,IRL,62.282334066263026
2018,BIH,BEL,62.03728762406072
2018,SGP,DEU,61.61676862368051
2018,SGP,POL,60.30568179699081
2018,GBR,FIN,60.16494038162032
2018,LUX,SVK,60.007757728907634
2018,CRI,IRL,59.70099567627279
2018,GTM,FRA,59.452028468556854
2018,BMU,ESP,59.41238004437843
2018,HRV,POL,59.01651544149337
2018,SWE,LTU,58.706136113857326
2018,PAN,ITA,58.547476439626195
2018,IRL,DNK,58.31822459749483
2018,BIH,DEU,56.769219706399404
2018,IRL,SVK,56.6555250676967
2018,MLT,CYP,56.45086505941577
2018,SWE,CZE,56.27364871343891
2018,CHE,FIN,55.64556729878433
2018,CYM,CYP,55.63645238755261
2018,IMN,IRL,55.463946626926244
2018,ESP,PRT,54.80854633356093
2018,PAN,ESP,54.1450937167785
2018,CYM,NLD,54.029391344798526
2018,HKG,CYP,53.95641413676725
2018,IRL,CYP,53.61210294457961
2018,CYM,ROU,53.444888884753496
2018,CUW,DEU,53.38119655718642
2018,DNK,LTU,52.33664927760296
2018,GBR,DNK,51.45363190199429
2018,FIN,LVA,51.195928164282925
2018,PAN,SWE,50.65340299406115
2018,MMR,FRA,50.581239393940855
2018,GBR,MLT,50.47180596918187
2018,HKG,ROU,50.25913777237432
2018,MLT,ROU,50.10747301151405
2018,IRL,EST,50.071401464504625
2018,JEY,CYP,50.04587108936677
2018,JEY,BEL,49.78196935782648
2018,DOM,IRL,49.67865474349798
2018,MLT,EST,49.49950772859778
2018,DNK,IRL,49.22696704206071
2018,CAN,IRL,49.20940594756379
2018,JEY,ROU,48.86409041161333
2018,CYM,POL,48.6811758808532
2018,CYM,EST,48.65452519533001
2018,ASM,HUN,48.22416314398207
2018,ASM,NLD,48.14141219727627
2018,KAZ,BEL,47.85230038085256
2018,SWE,AUT,47.607821401593945
2018,PRT,BEL,47.519067341530096
2018,UGA,IRL,47.516494046922446
2018,LUX,MLT,47.0964361915695
2018,ASM,CYP,47.01958555405705
2018,IRN,IRL,47.018484989135025
2018,BMU,CYP,46.763128472594346
2018,SWE,PRT,46.399912598764296
2018,KAZ,POL,46.35338167344622
2018,BMU,NLD,46.34666080394625
2018,MLT,AUT,46.29193802926301
2018,PRY,FRA,46.21648917674349
2018,GBR,BGR,46.15069535205272
2018,TLS,ESP,45.97005357499806
2018,HKG,EST,45.05607425287549
2018,BMU,ROU,44.94968269839417
2018,GBR,PRT,44.84274380867343
2018,GIB,IRL,44.740558833653694
2018,SWE,FIN,44.19837399027684
2018,DNK,ROU,44.10122658366114
2018,IRL,MLT,43.59885436484588
2018,JEY,EST,43.58644636291831
2018,LUX,BGR,43.575928839922526
2018,AUT,IRL,43.24181384670941
2018,BHR,DEU,42.76613704929564
2018,ASM,AUT,42.590254901277135
2018,JEY,AUT,42.405629310368894
2018,IRL,NLD,42.36312459656273
2018,CHE,HUN,42.313158062716866
2018,ASM,EST,42.12166246213938
2018,VGB,SWE,42.007073914470446
2018,BRB,DEU,41.25570876794062
2018,ESP,POL,41.22275784786028
2018,SWE,BGR,40.982496452647
2018,BMU,EST,40.76330145042376
2018,HRV,ITA,40.74155964810911
2018,SWE,HUN,40.66222338415742
2018,LVA,POL,40.52428587195792
2018,SVK,POL,40.44192484223845
2018,FIN,AUT,40.276465344218884
2018,LUX,HRV,40.15028721963855
2018,MCO,FRA,40.00098533839752
2018,CHE,SVK,39.84704297189718
2018,FIN,CZE,39.82806989468831
2018,TLS,ROU,39.34596135096753
2018,MUS,BEL,39.11598037332625
2018,TLS,ITA,39.060018189859136
2018,ZMB,ESP,38.88349004846546
2018,GIN,DEU,38.6983679503381
2018,KAZ,ITA,38.68678631654178
2018,BMU,POL,38.60992174336396
2018,JEY,CZE,38.06925306770028
2018,IRL,BGR,37.71263041706512
2018,LUX,SVN,37.64780103312063
2018,CYP,DEU,37.57339266663576
2018,ESP,IRL,37.51687497967427
2018,VGB,ITA,36.95900422085823
2018,MUS,POL,36.619237229466414
2018,FIN,SVK,36.36526275380753
2018,URY,DEU,36.35700689163914
2018,IRL,SWE,36.340842308009584
2018,GBR,GRC,35.909522793424166
2018,MLT,NLD,35.022404907383695
2018,MUS,DEU,34.50189968643073
2018,PRT,POL,34.36101045546308
2018,MLT,BEL,34.119464569115706
2018,UGA,FRA,33.68712643526658
2018,JEY,NLD,33.6229377491419
2018,LUX,GRC,33.56945518179898
2018,ZMB,FRA,33.4873004748396
2018,GBR,LTU,33.31330624135377
2018,GIB,FRA,33.27532888780891
2018,GIN,FRA,33.13429755066353
2018,VIR,DEU,33.07656274585099
2018,SWE,GRC,32.99865236739959
2018,FIN,HUN,32.558166752848244
2018,JEY,ESP,32.499957750981956
2018,IRL,SVN,31.966375255467717
2018,HKG,SWE,31.94217298629522
2018,IRL,HRV,31.689692015718855
2018,MMR,DEU,31.41212963112894
2018,DNK,EST,31.338317872734716
2018,DNK,SVK,31.333945812237435
2018,KWT,IRL,31.310982954875985
2018,VNM,FRA,31.242500010648733
2018,HKG,AUT,31.212226992652795
2018,JOR,IRL,31.03612950262608
2018,DNK,CYP,31.0009922538786
2018,HRV,AUT,30.79448835259186
2018,IRN,FRA,30.30105861054468
2018,LUX,LTU,30.26043304638791
2018,FIN,DNK,30.135511377996767
2018,BIH,CYP,30.121025536362172
2018,GHA,DEU,29.99578758907869
2018,ASM,DNK,29.923106100329594
2018,HKG,ITA,29.85306104694533
2018,CUW,BEL,29.27026932477855
2018,KAZ,NLD,29.164160761038005
2018,CUW,FRA,28.962583359777074
2018,GGY,DEU,28.962111923189266
2018,TLS,BEL,28.922004501936673
2018,AUT,ROU,28.85962267500552
2018,BHR,FRA,28.768476357032245
2018,SGP,NLD,28.74400538506326
2018,IRL,PRT,28.312967248898385
2018,ASM,SWE,28.262473552939078
2018,CYM,ITA,28.204731818066648
2018,BIH,AUT,28.19062932140812
2018,ESP,SWE,27.43710095525168
2018,CYM,SWE,27.198646524587154
2018,LUX,FIN,26.941403792796386
2018,ASM,SVK,26.878854239144275
2018,BHS,DEU,26.618081160665906
2018,JOR,FRA,26.548968128517238
2018,GBR,SVN,26.542190478301965
2018,SRB,POL,26.534451251577124
2018,BMU,ITA,26.34720401868672
2018,GIB,POL,26.27853718350763
2018,WSM,DEU,26.03638254226876
2018,KWT,ESP,25.985285705969687
2018,BIH,EST,25.964559385708895
2018,KAZ,ROU,25.927354009309358
2018,CHE,GRC,25.394304868026367
2018,DNK,GRC,25.09034633237603
2018,BRB,FRA,24.484776596860428
2018,BRB,BEL,24.197729999406494
2018,IRL,GRC,24.039032416283316
2018,LVA,DEU,24.020309490055787
2018,AUT,PRT,23.972029760390434
2018,BIH,ROU,23.934306003416257
2018,LVA,AUT,23.725951637313564
2018,ZMB,IRL,23.703743287813953
2018,FIN,BGR,23.63350463875462
2018,BMU,SWE,23.536419771973204
2018,KAZ,ESP,23.5218457722803
2018,CHE,CZE,23.382802763973
2018,BOL,ESP,23.295412184602913
2018,CAN,CZE,23.06234779877117
2018,SVK,AUT,23.05792036971714
2018,BGR,IRL,22.964849162994696
2018,CHE,LTU,22.88780944409599
2018,UZB,ESP,22.83984906364489
2018,KAZ,CYP,22.813945268728755
2018,FIN,IRL,22.557118444843447
2018,PYF,DEU,22.459347567529786
2018,BIH,ESP,22.120641129758422
2018,SVK,ITA,22.115190371493533
2018,SWE,IRL,22.093127161543393
2018,JEY,ITA,21.813061449507725
2018,SRB,ROU,21.80182076197084
2018,BHR,NLD,21.697806724013216
2018,IRL,LTU,21.51769259812928
2018,GTM,BEL,21.47981838715947
2018,PAN,CZE,21.090620651017748
2018,FIN,PRT,21.034941223813618
2018,AUT,POL,20.888346441738918
2018,HRV,CYP,20.837262530851508
2018,SWE,DNK,20.831366768948318
2018,TLS,HUN,20.821369001081262
2018,LVA,CYP,20.624644106574312
2018,ASM,MLT,20.501908752908918
2018,CYP,ESP,20.010529596682634
2018,JEY,SWE,19.890257481139894
2018,IMN,FRA,19.867057264371503
2018,SGP,ESP,19.861494379762433
2018,MLT,CZE,19.832586143078153
2018,VGB,CZE,19.614666108270548
2018,CHE,PRT,19.44790167663425
2018,BHR,CYP,19.43684430356717
2018,CHE,DNK,19.413374841258754
2018,KAZ,EST,19.408080200511524
2018,SGP,CYP,19.370134535564514
2018,ASM,BGR,19.208975699906112
2018,SGP,SWE,18.827626661722185
2018,HRV,EST,18.80131367642801
2018,GNQ,DEU,18.782075686630307
2018,LVA,FRA,18.76553067695443
2018,BHR,ROU,18.719366458823625
2018,TLS,NLD,18.54070843767792
2018,FIN,LTU,18.508227470324794
2018,MLT,SWE,18.506881210183966
2018,BFA,FRA,18.392183975124514
2018,SGP,ROU,18.185479846181146
2018,KAZ,SWE,18.06921185283565
2018,CHE,HRV,17.97663937541155
2018,PRT,IRL,17.901711590754527
2018,SWZ,ESP,17.780447340291445
2018,HKG,SVK,17.77480274831758
2018,CHE,BGR,17.584922102459206
2018,TLS,AUT,17.546815327935395
2018,MHL,IRL,17.54190972879682
2018,BIH,ITA,17.491944869393993
2018,ASM,HRV,17.270418112149898
2018,MMR,BEL,17.18562777197159
2018,CYP,FRA,17.16292591198757
2018,TLS,CYP,17.080599065854123
2018,BHR,EST,16.939439015650215
2018,PAN,HRV,16.895195095447907
2018,BOL,DEU,16.8489589045161
2018,MMR,POL,16.789766585926635
2018,MCO,IRL,16.745841095555413
2018,IRN,DEU,16.663420847555688
2018,SWZ,FRA,16.659704070298513
2018,HRV,ROU,16.623862874302258
2018,HRV,FRA,16.579309740036205
2018,SRB,PRT,16.539714234591717
2018,JOR,DEU,16.480404449023574
2018,PRY,ESP,16.354382000673397
2018,GGY,POL,16.30803008598663
2018,MCO,BEL,16.239848871438145
2018,MLT,ITA,16.237228555733765
2018,IRL,FIN,16.05082290204252
2018,PAN,AUT,16.017369319843965
2018,CHE,SVN,16.01206652094278
2018,SVK,CYP,15.945438344698657
2018,SGP,EST,15.817576983822075
2018,VCT,DEU,15.784557912379075
2018,GGY,FRA,15.684940727701388
2018,HKG,FIN,15.516493315835536
2018,MDG,FRA,15.50907087278494
2018,GIN,POL,15.454846699861513
2018,TLS,EST,15.398078210487752
2018,ASM,SVN,15.376401849903628
2018,SVK,CZE,15.339451913496156
2018,KAZ,CZE,15.311701956261237
2018,MMR,ROU,15.234422058571171
2018,SVK,ROU,15.151055604444487
2018,GIN,IRL,15.079369592281804
2018,IRL,CZE,15.07541409013238
2018,HKG,HUN,15.01732434030521
2018,HRV,DEU,14.922335901604907
2018,VEN,DEU,14.7634905871777
2018,VGB,HRV,14.620263924496438
2018,LVA,EST,14.601176170300988
2018,MCO,POL,14.520651350271006
2018,SVK,EST,14.36637233008161
2018,CRI,ESP,14.259653725333076
2018,PRT,CZE,14.224850427737312
2018,PAN,LTU,14.221317383958803
2018,CYM,CZE,14.215885894778356
2018,MUS,CYP,14.18280601282497
2018,GHA,FRA,13.693309896115585
2018,HKG,SVN,13.636441758643691
2018,MCO,DEU,13.542454972450804
2018,VNM,BEL,13.521286605560631
2018,ZMB,BEL,13.38903156612475
2018,IMN,DEU,13.36842990236235
2018,AUT,FRA,13.335807812571078
2018,GIB,ESP,13.317579467593974
2018,BHS,ESP,13.316348550050028
2018,UGA,BEL,13.282691837671734
2018,ASM,LTU,13.282685059826484
2018,JEY,DNK,13.105922807428676
2018,BIH,NLD,13.014550998304601
2018,DNK,LVA,13.014119624057281
2018,MUS,NLD,12.998420292456151
2018,BHR,POL,12.961177002904584
2018,GHA,NLD,12.897236900458962
2018,TLS,DNK,12.858644835442973
2018,IMN,POL,12.833114593344275
2018,FIN,GRC,12.830894620338196
2018,WSM,IRL,12.731508533189064
2018,VGB,AUT,12.680567443723202
2018,ZMB,DEU,12.654761689932302
2018,CHE,MLT,12.564216253522524
2018,GIB,ROU,12.54798628524489
2018,LTU,LVA,12.529644045777388
2018,LUX,LVA,12.417508663474324
2018,HKG,NLD,12.411815378315074
2018,OMN,FRA,12.33611499311439
2018,BIH,SWE,12.314044111701707
2018,VGB,LTU,12.259485299385823
2018,PAN,PRT,12.215976118472096
2018,WSM,FRA,12.068085319492637
2018,AUT,SWE,12.067128153605644
2018,GNQ,IRL,11.945676915934083
2018,MUS,EST,11.941987981104068
2018,BHS,FRA,11.920263696559427
2018,LVA,ROU,11.848320972400472
2018,ASM,PRT,11.778254726537186
2018,HRV,GRC,11.764976765484748
2018,ESP,FIN,11.712119128459312
2018,UGA,POL,11.700046182167021
2018,UZB,IRL,11.698781688502525
2018,BHR,ESP,11.617048818235729
2018,TLS,SVK,11.603224434676232
2018,GIB,ITA,11.57696910014126
2018,SSD,DEU,11.567990724990398
2018,UGA,DEU,11.539782351170942
2018,VUT,DEU,11.527612538671834
2018,SRB,FRA,11.45526237437685
2018,LAO,IRL,11.443563422907044
2018,GHA,POL,11.44127803703029
2018,MUS,ROU,11.40464828319716
2018,BMU,CZE,11.383580758243193
2018,GIN,BEL,11.373626169816658
2018,PAN,FIN,11.300601409497146
2018,GHA,ESP,11.148126855742053
2018,MHL,FRA,11.010787148229957
2018,ROU,FRA,10.985793711103808
2018,ZMB,POL,10.984016336052532
2018,CUW,ESP,10.932482700281573
2018,DNK,SVN,10.771968427176105
2018,BFA,IRL,10.759603572710315
2018,CPV,FRA,10.73544399210225
2018,HKG,DNK,10.735069142283745
2018,TLS,SWE,10.698363167533584
2018,MMR,NLD,10.63122966584494
2018,MLT,GRC,10.477622329662266
2018,CYM,HRV,10.476773742008325
2018,MUS,ESP,10.4607190595622
2018,GGY,CYP,10.451741435616908
2018,GHA,ROU,10.444141832178614
2018,GGY,ROU,10.405972189900309
2018,IRN,BEL,10.325952412270107
2018,PYF,IRL,10.270888651798098
2018,FIN,SVN,10.142249749076168
2018,BGR,ROU,10.037512659005007
2018,DNK,BGR,9.983006132065594
2018,IRN,POL,9.96272577229037
2018,ASM,FIN,9.944423692450044
2018,MUS,SWE,9.604234420545408
2018,CYM,AUT,9.589205959646582
2018,VNM,POL,9.471353915506358
2018,KWT,DEU,9.374642194384126
2018,BHR,SWE,9.363127373349414
2018,ASM,CZE,9.31920265645012
2018,VGB,FIN,9.240077407577068
2018,ASM,GRC,9.237536010201412
2018,GGY,EST,9.204217946213857
2018,BGR,POL,9.172743691716182
2018,MMR,CYP,9.159339184754852
2018,BMU,AUT,9.147712077932145
2018,JOR,BEL,9.109382478278683
2018,LAO,FRA,9.107226530946546
2018,MCO,ITA,9.104646195395695
2018,TLS,MLT,8.962196069214887
2018,VGB,PRT,8.91919274763923
2018,PAN,BGR,8.884772833889912
2018,GIB,BEL,8.879978041422541
2018,KAZ,AUT,8.809154546044265
2018,LVA,GRC,8.802541625936298
2018,GHA,CYP,8.79990860202629
2018,LBR,DEU,8.788873855217933
2018,GTM,CZE,8.774962532168793
2018,BFA,ESP,8.735104388683142
2018,KWT,FRA,8.662841778307294
2018,HKG,HRV,8.657375026066024
2018,CUW,ROU,8.654706724789657
2018,BHS,IRL,8.631410893269859
2018,SRB,SWE,8.627720051289005
2018,PAN,HUN,8.546214083831147
2018,HKG,CZE,8.462583146870246
2018,PAN,LVA,8.449989402701998
2018,MHL,DEU,8.44894202510157
2018,MMR,ESP,8.3450001880195
2018,BMU,HRV,8.320321134091502
2018,MUS,AUT,8.319369157623964
2018,GIB,AUT,8.258524884985256
2018,PAN,SVN,8.222358355580692
2018,CYM,LTU,8.22060058808464
2018,BGR,PRT,8.196224063633371
2018,PYF,FRA,8.181772778889865
2018,JEY,GRC,8.150529911431857
2018,HKG,LTU,8.138474864852741
2018,CUW,POL,8.111446179652273
2018,YEM,DEU,8.098996809844667
2018,TLS,BGR,8.097839933777436
2018,IRL,LVA,8.03254999974271
2018,CUW,CYP,7.996741060665452
2018,BHR,ITA,7.974565358311613
2018,CUW,NLD,7.96321019364936
2018,JOR,POL,7.949275450613576
2018,GGY,AUT,7.8737328097321555
2018,CAN,DNK,7.858305401784751
2018,VGB,BGR,7.856845478291152
2018,FIN,MLT,7.8092397957035775
2018,MMR,EST,7.765261516001337
2018,GHA,EST,7.762640733163146
2018,VGB,SVN,7.756368958985991
2018,GTM,ROU,7.632668751354457
2018,WSM,POL,7.609682808768558
2018,VGB,HUN,7.602833930414055
2018,UZB,FRA,7.600454896498764
2018,MLT,LTU,7.596392036130304
2018,BFA,BEL,7.583072352433677
2018,CYP,ITA,7.56851146040108
2018,CYM,HUN,7.557636704365171
2018,PRY,CZE,7.468721995735667
2018,BIH,GRC,7.438852276142812
2018,LVA,BEL,7.386306184700213
2018,GTM,NLD,7.364314703499953
2018,SGP,ITA,7.358888205339832
2018,GGY,ESP,7.3347778655863225
2018,CPV,IRL,7.2793938382441326
2018,VNM,DEU,7.268467265956897
2018,SYC,DEU,7.249485208696672
2018,VGB,LVA,7.2395849653366025
2018,GTM,CYP,7.221175005273489
2018,PAN,DNK,7.1959077642336595
2018,SWE,SVK,7.195646416817444
2018,SWZ,DEU,7.179672336220941
2018,GHA,AUT,7.088878394058388
2018,TLS,HRV,7.0877910418126895
2018,GGY,NLD,7.085286307242073
2018,LTU,EST,7.085280079497562
2018,VIR,FRA,7.067398038804704
2018,ESP,CZE,7.059931555507023
2018,CUW,EST,7.003772486275975
2018,GIB,CYP,6.979827088325293
2018,BGR,FRA,6.975872007070091
2018,BOL,FRA,6.956758784826626
2018,CYM,BGR,6.924643391834413
2018,BMU,LTU,6.8852902437689485
2018,HKG,BGR,6.838226528523423
2018,JEY,LTU,6.792566742773174
2018,LIE,FRA,6.778359732728361
2018,GEO,ITA,6.706660671262465
2018,IMN,BEL,6.70111017787279
2018,SVK,GRC,6.695537298606138
2018,ESP,SVN,6.668945208861077
2018,SWZ,BEL,6.665873603255743
2018,ABW,DEU,6.623679335011317
2018,TLS,SVN,6.616861767781552
2018,SGP,FIN,6.610151586264284
2018,CYM,SVN,6.607789724494121
2018,BRB,CYP,6.585863563162449
2018,LBR,FRA,6.557208445354031
2018,VIR,POL,6.545976161747152
2018,VGB,DNK,6.538487737820057
2018,JEY,FIN,6.53416871492669
2018,MDG,BEL,6.507252758060959
2018,KAZ,FIN,6.4446952231011725
2018,BRB,NLD,6.435879366466569
2018,MLT,DNK,6.384505551130839
2018,MMR,SWE,6.358800732963497
2018,GTM,EST,6.330619483436012
2018,IRN,NLD,6.315352849648769
2018,BFA,DEU,6.31143253038406
2018,PRT,AUT,6.308798518925439
2018,PAN,GRC,6.304197050984277
2018,GIN,ESP,6.285253628765087
2018,GIB,EST,6.2813780531309416
2018,ABW,ESP,6.242666603656245
2018,BRB,ROU,6.228155650653558
2018,GTM,POL,6.1683228523871705
2018,SWE,MLT,6.1380487625762425
2018,HKG,MLT,6.122947792128496
2018,LVA,ESP,6.119800095484271
2018,UGA,ROU,6.1025181087663025
2018,SSD,FRA,6.077753679506869
2018,BFA,POL,6.062426084240933
2018,LBR,NLD,6.0338440936768425
2018,LBR,CYP,6.0219797993418025
2018,GHA,SWE,6.006632497021313
2018,GGY,ITA,5.97043311491562
2018,KAZ,PRT,5.897384120378848
2018,LKA,IRL,5.8870922040900275
2018,URY,CZE,5.882100955101666
2018,ESP,GRC,5.8477449798678744
2018,IRN,CYP,5.819845814633236
2018,UZB,DEU,5.814429647660179
2018,CYP,IRL,5.7914420340797745
2018,CYM,FIN,5.791256739122042
2018,PYF,POL,5.76542652970049
2018,CYM,PRT,5.764062949091552
2018,SSD,IRL,5.752400041358045
2018,BRB,EST,5.744154365447399
2018,ESP,BEL,5.743374780788352
2018,MLT,FIN,5.734299334350847
2018,DNK,HRV,5.732550812513647
2018,GIB,HUN,5.6930297677125425
2018,CPV,ESP,5.678818196631078
2018,DOM,DEU,5.664824429732934
2018,VUT,IRL,5.647723560284186
2018,PRT,ROU,5.631495794961585
2018,SRB,AUT,5.563360722079741
2018,CHE,LVA,5.539920794061467
2018,BMU,PRT,5.534818880737468
2018,CUW,ITA,5.5149473224614685
2018,ZMB,ROU,5.502146127355434
2018,GIB,NLD,5.434230029706081
2018,KWT,NLD,5.394009438985814
2018,UGA,ESP,5.391349208483187
2018,VGB,GRC,5.391235211326454
2018,BMU,HUN,5.367971224782509
2018,LIE,IRL,5.352312138307751
2018,IRN,ROU,5.342013541489285
2018,SWZ,POL,5.3319209123073215
2018,JOR,NLD,5.315714875662488
2018,CAN,AUT,5.303190016714525
2018,TLS,LTU,5.296879813956035
2018,LBR,EST,5.273611194881923
2018,IMN,CYP,5.271884160632834
2018,LBR,ROU,5.260467681227198
2018,BMU,FIN,5.25281310716845
2018,MDG,DEU,5.219290879988262
2018,KAZ,DNK,5.196497589054349
2018,SVK,DNK,5.187281789215862
2018,VUT,FRA,5.177783532173711
2018,OMN,BEL,5.142097563300321
2018,GIN,ROU,5.12953252712198
2018,JEY,PRT,5.1282503779081114
2018,AUT,FIN,5.123167071970926
2018,PRY,POL,5.11710956800164
2018,BRB,POL,5.109109319673553
2018,BIH,FIN,5.100060559220203
2018,SSD,ESP,5.093467421131033
2018,SWE,SVN,5.089572444134987
2018,LBR,POL,5.0227883146729475
2018,PNG,FRA,4.984231185874462
2018,MDG,POL,4.962280808407544
2018,IRN,EST,4.946274498784283
2018,IMN,AUT,4.895952247794079
2018,LAO,DEU,4.806682613075523
2018,BMU,BGR,4.767407436978335
2018,ROU,BEL,4.754487166736686
2018,BHR,AUT,4.732582583591446
2018,SGP,AUT,4.71524945858723
2018,CYM,LVA,4.683831849048349
2018,LVA,ITA,4.665791447312972
2018,SRB,GRC,4.660292730517672
2018,HRV,BEL,4.654665528953923
2018,PRT,SWE,4.609630149075154
2018,MLT,PRT,4.5951541933517674
2018,IMN,EST,4.5778079326177465
2018,HRV,PRT,4.540569057429431
2018,GIN,ITA,4.536509699073997
2018,URY,FRA,4.526473634087322
2018,ASM,LVA,4.524950476658777
2018,PRT,ITA,4.523227443507051
2018,BMU,DNK,4.514578744387051
2018,CYM,DNK,4.489030617729784
2018,GNQ,POL,4.454877528639387
2018,TLS,PRT,4.439974858173501
2018,SRB,CYP,4.436488876022642
2018,GNQ,FRA,4.423477275317184
2018,PNG,DEU,4.404203407173414
2018,ROU,GRC,4.373203278123997
2018,WSM,ESP,4.314722975423986
2018,JEY,HRV,4.299769078976416
2018,CPV,BEL,4.299331057199252
2018,PRT,SVK,4.296384689552088
2018,SGP,SVN,4.28279179364539
2018,MLT,HRV,4.25842033955195
2018,VIR,ESP,4.250571536643168
2018,BGR,SWE,4.246536119189663
2018,MLT,BGR,4.2428392041540794
2018,CYM,SVK,4.228604350673257
2018,SRB,EST,4.216475255409636
2018,IMN,ROU,4.145824687311528
2018,DOM,FRA,4.142830434446763
2018,IRN,ESP,4.1308578403058505
2018,BMU,SVN,4.124158343651059
2018,SVK,BEL,4.119989217778857
2018,UGA,CYP,4.101434359026678
2018,MMR,ITA,4.0551871937474
2018,BMU,LVA,4.053301719759938
2018,CUW,SWE,4.04851539189064
2018,DOM,BEL,4.033172716643193
2018,HKG,PRT,4.028364956081407
2018,VIR,ITA,3.987395435867938
2018,UGA,NLD,3.9721590906247872
2018,JEY,BGR,3.9665586994471154
2018,VCT,FRA,3.9546985146869527
2018,JOR,ESP,3.9278372231202647
2018,HKG,GRC,3.9231746658351225
2018,MUS,ITA,3.916793536558359
2018,BHR,CZE,3.896791178272364
2018,MLT,SVN,3.893338723947455
2018,LIE,DEU,3.872140073333903
2018,WSM,ITA,3.8687203462042272
2018,MDG,ESP,3.8628661652531346
2018,LVA,SVN,3.832607440802009
2018,TLS,GRC,3.8152190769804184
2018,KWT,CYP,3.791448446743837
2018,GHA,ITA,3.7901373056328946
2018,KWT,ROU,3.7773298758297096
2018,BIH,LTU,3.771739397774567
2018,TLS,FIN,3.766298362268585
2018,HRV,SWE,3.738379647010677
2018,SYC,IRL,3.713666178980867
2018,IMN,ESP,3.7054434069373037
2018,JOR,ROU,3.692798293700879
2018,CUW,CZE,3.6927954869230617
2018,WSM,ROU,3.6921141585780215
2018,GNQ,ROU,3.6819289097368344
2018,SWE,HRV,3.66844215525763
2018,MHL,POL,3.6651219159647614
2018,GTM,SWE,3.643250758595945
2018,PYF,ESP,3.605763694768503
2018,OMN,POL,3.6023215027495956
2018,MHL,BEL,3.5931164981783392
2018,IRN,SWE,3.5927695070057726
2018,PAN,SVK,3.5794680578330595
2018,CPV,DEU,3.577985393905688
2018,SSD,POL,3.576767768060142
2018,YEM,FRA,3.5592684149200244
2018,CYM,GRC,3.5590463689087555
2018,CPV,POL,3.5326177435877586
2018,SRB,FIN,3.5297480887174744
2018,GTM,ESP,3.520726103332043
2018,BRB,ESP,3.5198016113831874
2018,SGP,HRV,3.5169522805714486
2018,JOR,CYP,3.513243754839497
2018,SYC,FRA,3.4978581373010544
2018,GIB,DNK,3.4970565573123036
2018,URY,ROU,3.4936819339215743
2018,GTM,ITA,3.48416866380236
2018,GGY,SWE,3.427131929285234
2018,UGA,EST,3.4193102071279835
2018,URY,ITA,3.4178050790402996
2018,VGB,SVK,3.3750248964208667
2018,BRB,CZE,3.371624984943
2018,VCT,IRL,3.3645929049765764
2018,KAZ,LTU,3.3568424043506604
2018,ROU,POL,3.3423885917798817
2018,ZMB,NLD,3.3330661951141067
2018,TLS,CZE,3.3198468731843214
2018,CAN,ROU,3.306511020477653
2018,OMN,DEU,3.2937756503520763
2018,LBR,ESP,3.29040596089992
2018,KWT,EST,3.2854644948358573
2018,SGP,SVK,3.26365594811058
2018,BRB,SWE,3.2518181791110186
2018,MLT,HUN,3.245153283527306
2018,ZMB,CYP,3.2361781935867495
2018,GHA,BEL,3.232098482284954
2018,SYC,ESP,3.2310731698806467
2018,VUT,POL,3.2204342884571284
2018,MUS,FIN,3.205442251757674
2018,BMU,GRC,3.203088873954301
2018,VEN,POL,3.178808635415074
2018,GHA,FIN,3.1714823129672225
2018,LAO,BEL,3.1477034804975665
2018,GIB,SWE,3.134370651126053
2018,PYF,ROU,3.1142408047525594
2018,UGA,SWE,3.1053827494146855
2018,BHR,BEL,3.092588750206618
2018,VIR,ROU,3.0719591348925093
2018,GNQ,ESP,3.066707220975001
2018,BIH,PRT,3.0610141429336966
2018,JOR,SWE,3.0608786216060264
2018,GIB,SVK,3.056075511550982
2018,YEM,IRL,3.0461914828258263
2018,LBR,AUT,3.0342732282998592
2018,PRY,ROU,3.0332005065508154
2018,LKA,DEU,3.0198160406240664
2018,BRB,ITA,3.018069965558428
2018,PRT,BGR,3.0176148466927284
2018,GTM,DNK,3.0078685396022267
2018,PYF,ITA,2.9875919775457827
2018,GIN,HUN,2.9772650763966797
2018,CYP,CZE,2.957487959465986
2018,JOR,EST,2.954437510900805
2018,LVA,HRV,2.951548038000877
2018,ZMB,AUT,2.9270832719033537
2018,MMR,HUN,2.9174145606240955
2018,AUT,SVN,2.912897856697232
2018,KAZ,HRV,2.90331232905373
2018,SVK,ESP,2.8946532589795333
2018,JEY,HUN,2.894628112971249
2018,LBR,SWE,2.8811419530959874
2018,SGP,CZE,2.8796014480949967
2018,LVA,MLT,2.872904501924214
2018,BHR,LTU,2.859327784410406
2018,LTU,POL,2.8401720415730396
2018,VEN,FRA,2.831358171088896
2018,WSM,BEL,2.8266215475333967
2018,VCT,POL,2.8092460765305045
2018,ZMB,SWE,2.796074041193077
2018,SVK,SWE,2.7828698453884715
2018,GIN,AUT,2.7668890355701405
2018,MMR,AUT,2.7450349146236364
2018,SVK,PRT,2.7371849210752446
2018,GNQ,ITA,2.697065923444012
2018,LAO,POL,2.69559825186224
2018,MCO,ROU,2.6725250627255535
2018,AUT,BEL,2.6705254867817896
2018,ZMB,EST,2.670006446663125
2018,UGA,AUT,2.6538854872279956
2018,SGP,LTU,2.6456481220944355
2018,MCO,ESP,2.643239228592683
2018,UZB,POL,2.624335791803964
2018,URY,AUT,2.6109390555823544
2018,UZB,BEL,2.6052959681247425
2018,PRT,FIN,2.590649467332458
2018,GHA,HUN,2.587794185983849
2018,IMN,NLD,2.575488420164902
2018,ROU,DEU,2.55670315598379
2018,GTM,AUT,2.541044443446091
2018,JEY,SVN,2.5334176730938163
2018,VIR,HUN,2.516368836287797
2018,PRY,DNK,2.494810753924625
2018,BMU,SVK,2.489988595373895
2018,SRB,BEL,2.485275414554574
2018,DOM,ROU,2.4597982492220507
2018,SVK,SVN,2.4587828952043447
2018,MCO,SWE,2.4530691150622563
2018,SRB,DEU,2.443581982380865
2018,PRY,CYP,2.4343673388819456
2018,HRV,LTU,2.427747566983844
2018,DOM,CYP,2.423895999692141
2018,GGY,BEL,2.4189282513491452
2018,LIE,POL,2.415012020622332
2018,LIE,BEL,2.4139037483130705
2018,CUW,AUT,2.407591518764141
2018,ESP,DNK,2.405613633223741
2018,GIB,MLT,2.384943471076268
2018,BHR,FIN,2.3793232398805038
2018,BIH,SVK,2.3701436686973207
2018,CRI,POL,2.3649635489544556
2018,BOL,IRL,2.3556827418204866
2018,DOM,NLD,2.316249500300524
2018,KWT,SWE,2.3045372445053744
2018,VCT,ESP,2.298834980632356
2018,MMR,FIN,2.294315173392837
2018,LVA,SWE,2.2808170845355056
2018,GIB,BGR,2.2785282341440705
2018,BHR,HRV,2.271067192118076
2018,LBR,BEL,2.246340072604237
2018,BHR,PRT,2.2444071096066747
2018,KWT,POL,2.2312108706018163
2018,SGP,PRT,2.225098536896636
2018,MCO,AUT,2.2210575352289554
2018,YEM,POL,2.2126180576914347
2018,LTU,FRA,2.2082266756911086
2018,PRY,EST,2.2035092234779174
2018,MCO,CYP,2.1966728763368613
2018,SYC,POL,2.1831631422836852
2018,AUT,GRC,2.1827745208415843
2018,GHA,CZE,2.1746655003902022
2018,MMR,CZE,2.1561369222710614
2018,BIH,CZE,2.136259759114428
2018,DOM,EST,2.1179902005666262
2018,KAZ,BGR,2.112320632323239
2018,KAZ,SVN,2.1043128765735326
2018,SSD,ROU,2.0916247979688585
2018,BHS,CZE,2.083739340796263
2018,KAZ,SVK,2.079554749888486
2018,VEN,ESP,2.0667934153888785
2018,LBR,ITA,2.0200525236538
2018,KAZ,HUN,1.991690174297802
2018,IRN,ITA,1.9905731010903418
2018,SVK,LTU,1.973271892446122
2018,GIB,HRV,1.9730700090736983
2018,MDG,IRL,1.968998206485078
2018,JEY,SVK,1.9563508919687884
2018,WSM,HUN,1.9552488759192352
2018,VEN,ITA,1.9388269460609613
2018,BGR,BEL,1.9299077734398697
2018,DOM,POL,1.9259382259268505
2018,URY,BGR,1.9154128046576
2018,HKG,LVA,1.9142732504587179
2018,KAZ,GRC,1.9062146778265658
2018,LVA,LTU,1.9024117673715335
2018,SVK,NLD,1.8682489804188451
2018,SGP,BGR,1.8635900609973435
2018,VUT,ESP,1.85818793978851
2018,GNQ,HUN,1.8575619586065686
2018,GIN,SVK,1.8546408066068327
2018,MUS,LTU,1.8536296758771669
2018,LKA,FRA,1.8480868760662013
2018,MUS,HRV,1.841059477711474
2018,GHA,LTU,1.8396490531792042
2018,ESP,MLT,1.822331428439462
2018,BHR,BGR,1.8073296375970542
2018,BGR,FIN,1.8035235794492277
2018,IMN,SWE,1.7961155120665464
2018,PRT,HUN,1.7951103607270045
2018,PRT,DNK,1.7940424865262623
2018,GIB,SVN,1.7896348162392974
2018,GIB,LTU,1.7716335346292515
2018,MUS,SVK,1.7708757600696332
2018,PRY,AUT,1.7667785357927979
2018,LKA,NLD,1.7607495417535115
2018,BHR,HUN,1.756765342360467
2018,MCO,EST,1.7494353206425148
2018,LAO,NLD,1.7415771461248861
2018,JEY,LVA,1.7357614569785693
2018,WSM,NLD,1.7245708441550875
2018,GEO,DEU,1.7239257673573645
2018,TLS,LVA,1.7196616666327869
2018,CUW,DNK,1.70697391422419
2018,GHA,PRT,1.7035317282006786
2018,PYF,HUN,1.6996400134754626
2018,VIR,AUT,1.6878773677644303
2018,GGY,CZE,1.6795176274375092
2018,GIN,SWE,1.66402994387886
2018,SSD,BEL,1.6566209013304993
2018,WSM,AUT,1.6346153184703884
2018,GIN,DNK,1.6305696783861072
2018,YEM,ROU,1.6290343453397829
2018,VCT,ITA,1.6241137180309477
2018,ESP,AUT,1.6234322225358
2018,GIB,GRC,1.619868995718686
2018,UZB,NLD,1.6057115320604531
2018,URY,SVK,1.6025528561451543
2018,SGP,HUN,1.5898394265618128
2018,VIR,DNK,1.5879918833193503
2018,GGY,GRC,1.5822837530234632
2018,VUT,ROU,1.582099500725658
2018,WSM,CYP,1.5772999850681677
2018,MLT,LVA,1.5733612767077674
2018,CUW,HRV,1.5679159315486935
2018,BHR,DNK,1.5544839803145751
2018,ABW,FRA,1.5459183078131207
2018,GGY,LTU,1.5441532689585755
2018,SSD,ITA,1.5322769104020042
2018,IRN,AUT,1.5315208895150318
2018,KWT,BEL,1.5301697574094661
2018,VUT,ITA,1.529963061563149
2018,URY,HUN,1.529339956322965
2018,KWT,ITA,1.5268266895165712
2018,BIH,HRV,1.5041872184709293
2018,PRT,HRV,1.5029709892360816
2018,MUS,SVN,1.4895944039229707
2018,MLT,SVK,1.4884412966532299
2018,PNG,BEL,1.4821349835868591
2018,CUW,HUN,1.4814821400156102
2018,VEN,ROU,1.4796414299332028
2018,SRB,SVN,1.4783189249373785
2018,GIB,PRT,1.475475558106476
2018,BIH,BGR,1.468077759636416
2018,VNM,ESP,1.467403243745699
2018,CYP,ROU,1.46040614011546
2018,CYM,MLT,1.45987598894926
2018,UGA,ITA,1.4558153563707652
2018,ZMB,ITA,1.4542202072366552
2018,PYF,NLD,1.4518671069728613
2018,UZB,ROU,1.4516123518203436
2018,CAN,SVN,1.435231327677623
2018,CRI,DEU,1.4221118667201176
2018,WSM,EST,1.4213504357342936
2018,GNQ,AUT,1.4181928371399728
2018,GGY,HUN,1.4075388034048282
2018,GIN,CYP,1.4010722584984223
2018,SWZ,AUT,1.3862773512404467
2018,BOL,CZE,1.3859259202856062
2018,UZB,CYP,1.3847798824451398
2018,PYF,BEL,1.3821945776467723
2018,MUS,CZE,1.3806408884194499
2018,PYF,AUT,1.3805575617987182
2018,BRB,AUT,1.3780180705343208
2018,JOR,ITA,1.3735410829027275
2018,PRT,GRC,1.3660314090145746
2018,MMR,LTU,1.357333313326816
2018,YEM,ESP,1.3521775954416113
2018,HRV,ESP,1.3426439440985103
2018,VIR,SVK,1.3377887318872548
2018,PNG,POL,1.328712400015403
2018,LVA,FIN,1.323880096093435
2018,CRI,CYP,1.3102861606204013
2018,BHR,SVN,1.3089135514599182
2018,VNM,SWE,1.3084116671491441
2018,VCT,ROU,1.3023236956905877
2018,IMN,ITA,1.295350223415313
2018,PRY,SVN,1.2916604182035432
2018,PYF,CYP,1.280049613640281
2018,GIB,CZE,1.2794563768619525
2018,SWZ,NLD,1.2732550217175063
2018,LAO,CYP,1.2699255528485134
2018,BHR,GRC,1.269811587986128
2018,BGR,GRC,1.2693104174372307
2018,CUW,LTU,1.2628251910954447
2018,MHL,NLD,1.251364663890682
2018,DJI,DEU,1.2415765726631702
2018,JOR,FIN,1.2379246825713217
2018,AUT,EST,1.232054708021572
2018,GIB,FIN,1.2317441798320266
2018,MHL,ESP,1.2280269558489891
2018,URY,POL,1.2273940618464427
2018,VEN,HUN,1.2235565256799947
2018,SWZ,ROU,1.2226933954068457
2018,ESP,EST,1.2225293128818402
2018,GIN,NLD,1.2175190533723799
2018,BGR,SVN,1.2132643821996247
2018,URY,IRL,1.1951721596090072
2018,WSM,DNK,1.193643202442518
2018,GIN,EST,1.193636063258812
2018,ROU,SVN,1.1930029403138878
2018,SGP,GRC,1.1926218255796865
2018,MCO,FIN,1.1921729491493103
2018,GIN,MLT,1.1882471764750393
2018,BIH,HUN,1.1869921421018648
2018,GGY,PRT,1.1848671794257872
2018,UZB,EST,1.1846780177118377
2018,GHA,SVN,1.173735298956047
2018,PYF,EST,1.1691705153430494
2018,LVA,PRT,1.1691039649212793
2018,LKA,ROU,1.1680862061294564
2018,CRI,EST,1.166829276170072
2018,SWZ,SWE,1.1618846379011023
2018,VIR,MLT,1.1617489800008634
2018,LAO,ROU,1.161524331694079
2018,BFA,SWE,1.1560778384285741
2018,MMR,HRV,1.1513021377087114
2018,IRN,FIN,1.1496428318307907
2018,BRB,DNK,1.1480299022920912
2018,VUT,BEL,1.1464670251670765
2018,SGP,DNK,1.1392347145391568
2018,IRN,CZE,1.137538676165978
2018,MMR,PRT,1.134560451840362
2018,MUS,PRT,1.1323710889824457
2018,IMN,GRC,1.1266905788262442
2018,LAO,ESP,1.1260509634021665
2018,UGA,FIN,1.1228389439131394
2018,PRT,CYP,1.121661516928616
2018,UGA,HUN,1.1202618123698322
2018,CPV,NLD,1.1152911125644025
2018,BRB,HRV,1.1136619159834196
2018,GTM,HRV,1.11321206273937
2018,LVA,CZE,1.1098663240328093
2018,ABW,POL,1.1090630137496644
2018,BRN,FRA,1.1079713073771897
2018,JOR,AUT,1.1050215092735136
2018,SWZ,CYP,1.104281378009055
2018,YEM,ITA,1.1013232690736274
2018,ZMB,HUN,1.0982202802341763
2018,WSM,SVK,1.0943094609919488
2018,GGY,DNK,1.0822903469432283
2018,KWT,CZE,1.075622103280339
2018,MHL,CYP,1.0703874159094735
2018,HRV,FIN,1.0702466454727073
2018,ZMB,FIN,1.0692247865803797
2018,DOM,SWE,1.0678381304489621
2018,LAO,EST,1.0673007888574233
2018,SSD,HUN,1.0664865496634879
2018,BFA,CYP,1.0652839975267232
2018,JOR,CZE,1.0641840881951137
2018,DOM,ESP,1.062516585839276
2018,CPV,CYP,1.0623657272763527
2018,MCO,PRT,1.0600001396042926
2018,AUT,CYP,1.04899381471304
2018,PYF,DNK,1.048509454690152
2018,BRN,DEU,1.047208966327171
2018,GGY,HRV,1.0428058644189993
2018,LKA,CYP,1.0399588310919134
2018,CUW,BGR,1.033656628370941
2018,BMU,MLT,1.0300132264372364
2018,CUW,PRT,1.0279370788523012
2018,VCT,HUN,1.023817685461618
2018,MCO,NLD,1.0226884837720833
2018,GGY,BGR,1.0219253967434385
2018,LVA,DNK,1.0162708603480692
2018,GTM,LTU,1.0160357582544428
2018,AFG,DEU,1.0155032350676525
2018,WSM,SWE,1.013889093174615
2018,LAO,SWE,1.0058375298957274
2018,BFA,NLD,1.0031188732427307
2018,CAN,GRC,1.0006343633339365
2018,MHL,ROU,0.9856274069430597
2018,CPV,AUT,0.9776568650843602
2018,GHA,HRV,0.9694643479235117
2018,SVK,FIN,0.9692386275384701
2018,CAN,POL,0.9665904497607243
2018,PAN,MLT,0.9665065191425096
2018,GIN,BGR,0.9647783167281653
2018,LTU,BEL,0.9586635770673511
2018,MUS,BGR,0.9530123139430772
2018,GNQ,NLD,0.9522801401973886
2018,GGY,FIN,0.9482300874120344
2018,BRB,LTU,0.9421365961011354
2018,GNQ,DNK,0.9420734160121976
2018,GTM,SVN,0.9319096692093067
2018,SYC,ITA,0.9293407443352129
2018,GEO,POL,0.9282468261006214
2018,MUS,HUN,0.9276455247532196
2018,GNQ,CYP,0.9273483742847287
2018,CYP,DNK,0.9248418944343193
2018,KAZ,LVA,0.9224875266467463
2018,BFA,ROU,0.9150392074636978
2018,LKA,ESP,0.9126603822686556
2018,UZB,SWE,0.9116803607821983
2018,PYF,SVK,0.907857375444945
2018,CUW,FIN,0.9077503950526881
2018,LKA,EST,0.9038032861006908
2018,SGP,LVA,0.8988650927095789
2018,SYC,BEL,0.8986978423734265
2018,MHL,EST,0.8986131742201368
2018,CPV,ROU,0.8950373769187705
2018,SWZ,EST,0.8924015192936648
2018,SYC,ROU,0.8906977071229469
2018,BGR,DEU,0.8887389669397148
2018,VGB,MLT,0.8875678998083306
2018,GEO,ROU,0.883340536283964
2018,LBR,LTU,0.882694079783261
2018,CPV,SWE,0.8785708582426958
2018,CPV,EST,0.8785127527414573
2018,MMR,DNK,0.8755437079935254
2018,GIN,SVN,0.8710854727793147
2018,GIN,HRV,0.8709749820123028
2018,MHL,SWE,0.8696646173667716
2018,GNQ,EST,0.8695974602783086
2018,SSD,AUT,0.8631072939129172
2018,VIR,BGR,0.8617657518172533
2018,BFA,AUT,0.8587412439195187
2018,BHR,LVA,0.8517700806042314
2018,MMR,BGR,0.8489620050926298
2018,VUT,HUN,0.8450792676679837
2018,WSM,MLT,0.8435652083483615
2018,BFA,EST,0.8430869600543187
2018,CUW,SVN,0.8397107042491783
2018,ZMB,CZE,0.8389579633185226
2018,GEO,FRA,0.8387489644619246
2018,KWT,AUT,0.8352952103608655
2018,URY,HRV,0.8340870427004694
2018,LIE,AUT,0.8156696609097143
2018,IMN,CZE,0.8084281851411939
2018,IRN,LTU,0.8036637373269335
2018,OMN,ESP,0.8000248751794312
2018,VEN,AUT,0.7981538023343304
2018,AUT,MLT,0.797046923484923
2018,YEM,BEL,0.7965440406334063
2018,LBR,HRV,0.7935912118460642
2018,GEO,PRT,0.7934580688455076
2018,CYP,PRT,0.7934365691435089
2018,YEM,HUN,0.7836367681528259
2018,DOM,ITA,0.7807384187603931
2018,GNQ,SVK,0.7799692142245198
2018,MMR,SVK,0.7796011251070882
2018,GHA,GRC,0.770568627618421
2018,GTM,FIN,0.7703747645473576
2018,GGY,SVN,0.7698721473858021
2018,GIN,FIN,0.7662459577278352
2018,SWE,LVA,0.7626846921796184
2018,MDG,SWE,0.7599021668455953
2018,GHA,BGR,0.758733752572906
2018,WSM,BGR,0.7582782272483386
2018,CRI,FRA,0.7543899633269137
2018,GTM,PRT,0.7480731560097773
2018,VUT,NLD,0.74430595243081
2018,VEN,DNK,0.7387170269796202
2018,VNM,FIN,0.7376353324492411
2018,BGR,EST,0.7357406298081138
2018,LBR,CZE,0.73514259081361
2018,PYF,MLT,0.7345092831887365
2018,PYF,SWE,0.7343614319489575
2018,OMN,SWE,0.7341590319306807
2018,LTU,DEU,0.7324062041702688
2018,VCT,AUT,0.7276669179664071
2018,CUW,SVK,0.7258237084840643
2018,GTM,GRC,0.7255585145126979
2018,CYP,AUT,0.7237897098220042
2018,LKA,SWE,0.7221460660591532
2018,CUW,LVA,0.7220702351189981
2018,VIR,SVN,0.7207653920945362
2018,BGR,CYP,0.7205404721253359
2018,BEN,ESP,0.7182455483669942
2018,BRB,FIN,0.7157959005768042
2018,VUT,AUT,0.7100995985235249
2018,BRB,PRT,0.7084436313046528
2018,LVA,BGR,0.707912141938465
2018,CUW,GRC,0.7059910269972098
2018,VCT,DNK,0.7030341631808061
2018,IRN,HRV,0.7030161996789599
2018,ABW,ITA,0.7029459408299188
2018,MUS,GRC,0.6956159762552364
2018,URY,SVN,0.6825779954166664
2018,VUT,CYP,0.6820103733250166
2018,ZMB,SVK,0.6809058068252841
2018,UZB,ITA,0.6765362320987391
2018,CYP,POL,0.676520667795855
2018,IMN,LTU,0.675425571295546
2018,SWZ,ITA,0.6718745309237957
2018,GTM,HUN,0.6692278421463702
2018,BIH,DNK,0.6691909968741014
2018,MCO,SVK,0.6676515799570342
2018,MUS,DNK,0.667571787501427
2018,MMR,GRC,0.663808844792179
2018,LBR,FIN,0.6630819911397355
2018,WSM,HRV,0.6627342832447755
2018,GTM,BGR,0.6620805183851752
2018,GMB,IRL,0.6595313571450375
2018,GNQ,MLT,0.6594878481248778
2018,LVA,HUN,0.6594576709402484
2018,PYF,BGR,0.6561328287045348
2018,IMN,FIN,0.6559630651624246
2018,BHS,DNK,0.6548512841164619
2018,PRT,EST,0.6530474018747568
2018,DJI,ESP,0.6522300610057324
2018,VEN,SVK,0.6504849802926937
2018,VIR,HRV,0.6499254704212091
2018,CRI,SVN,0.6333017457493852
2018,CRI,ROU,0.6305972048986616
2018,WSM,SVN,0.6300824130067346
2018,GEO,ESP,0.6284430870575425
2018,LBR,SVN,0.6163759426464399
2018,VUT,EST,0.6154509569032556
2018,SVK,BGR,0.6134119274270025
2018,MMR,SVN,0.6132632337937584
2018,BRB,BGR,0.6066958468669729
2018,OMN,NLD,0.604499875216129
2018,MUS,LVA,0.6013448384219673
2018,IRN,PRT,0.6000496273970297
2018,LBR,PRT,0.5924878875856132
2018,BRB,SVN,0.5919701402023136
2018,BIH,LVA,0.5822792089216762
2018,JOR,LTU,0.5767020383942887
2018,UGA,SVK,0.5755653869880775
2018,VNM,SVK,0.5731678135280992
2018,BHS,POL,0.5682244793905875
2018,JOR,HUN,0.5653842092898693
2018,VEN,MLT,0.5648875972328097
2018,GNQ,BGR,0.5643646820678622
2018,ABW,ROU,0.5624749840348053
2018,ESP,CYP,0.5622057147419068
2018,PYF,HRV,0.5607114221743389
2018,LBR,HUN,0.5592095297670236
2018,BRB,HUN,0.5581011291704876
2018,GEO,SWE,0.557688664763212
2018,BRB,LVA,0.5552559348625
2018,KWT,LTU,0.5513958526948061
2018,SYC,HUN,0.5511220225103951
2018,SRB,MLT,0.5488305900780687
2018,VCT,SVK,0.5453281766467244
2018,GIB,LVA,0.5440241093971081
2018,GIN,LTU,0.5440229354207884
2018,UZB,CZE,0.5431749461497635
2018,KWT,FIN,0.5410721040060128
2018,AUT,DEU,0.5410609004780343
2018,PNG,IRL,0.5408445822640656
2018,SYC,AUT,0.5385913452678607
2018,UGA,LTU,0.5383371215360723
2018,GHA,DNK,0.5347533393713023
2018,PYF,SVN,0.5327927775215832
2018,SSD,DNK,0.530904095736785
2018,KWT,HRV,0.5254304719595101
2018,UZB,AUT,0.5246020924928364
2018,SRB,LTU,0.5243069528180045
2018,VUT,DNK,0.5239572709667822
2018,GHA,SVK,0.5224012267905491
2018,SSD,SVK,0.5164364359786
2018,ROU,ESP,0.5159826941281994
2018,JOR,PRT,0.513184316971669
2018,BFA,FIN,0.5099810482860818
2018,UGA,HRV,0.5098592621305336
2018,PRY,BEL,0.5083232033024127
2018,BHS,AUT,0.5082470055069715
2018,GMB,FRA,0.5075338105937719
2018,ABW,IRL,0.5062129908742858
2018,GNQ,SWE,0.5051243737072512
2018,SSD,CYP,0.5046383663772617
2018,IRN,BGR,0.5032742282756549
2018,DOM,CZE,0.5023203918350051
2018,SSD,NLD,0.5019700473844416
2018,UGA,CZE,0.5009346768955973
2018,GGY,SVK,0.49948264537469306
2018,GNQ,SVN,0.4978601400411682
2018,BRB,GRC,0.49524233441568155
2018,WSM,LTU,0.4932469767511637
2018,JOR,HRV,0.4930300962071293
2018,GTM,LVA,0.49157174906942086
2018,GNQ,HRV,0.48748329620105874
2018,YEM,AUT,0.483020696427558
2018,LBR,BGR,0.4802357391412772
2018,ZMB,HRV,0.4761838652071463
2018,IMN,SVN,0.4750052152195826
2018,MDG,AUT,0.47354122540727367
2018,BGR,AUT,0.47342455736894135
2018,VCT,MLT,0.4720297955072207
2018,URY,DNK,0.4704329938603946
2018,VUT,SVK,0.4702341093829101
2018,SWZ,FIN,0.46842879416694616
2018,XKV,FRA,0.4682242010824121
2018,BRN,POL,0.46576438620042376
2018,SVK,HRV,0.4610049101372772
2018,ROU,SWE,0.46007651947195916
2018,MHL,ITA,0.45947999178563614
2018,SSD,EST,0.45563898325661634
2018,LAO,ITA,0.45464690865258484
2018,LKA,ITA,0.4533923190936262
2018,YEM,NLD,0.45131157663777666
2018,KWT,BGR,0.4469304466661529
2018,OMN,CYP,0.44477448053573104
2018,MHL,CZE,0.44053356904326485
2018,PRT,SVN,0.43872310054170116
2018,GIN,GRC,0.43637511530975115
2018,WSM,PRT,0.43570332473159495
2018,ABW,HUN,0.4356834670516238
2018,CUW,MLT,0.43536866169950755
2018,GHA,LVA,0.434163052229893
2018,IRN,SVK,0.4324273644274142
2018,VIR,IRL,0.43048694741567
2018,ZMB,LTU,0.4286994655159201
2018,BFA,ITA,0.4277223806231219
2018,JOR,SVK,0.42738236982765726
2018,VUT,SWE,0.42519922997892506
2018,GMB,ESP,0.4238139620773803
2018,KWT,PRT,0.42329455286982914
2018,IRN,DNK,0.4229376768165469
2018,LKA,POL,0.4202331507727207
2018,PYF,LTU,0.4192205228036626
2018,GIN,PRT,0.41837724809496724
2018,IRN,HUN,0.41773534582112304
2018,VEN,BGR,0.41768327294030916
2018,GEO,NLD,0.4158522681016859
2018,BOL,DNK,0.4145656681394544
2018,SSD,SWE,0.4118758731345181
2018,BHS,ROU,0.4114328511675844
2018,BRN,BEL,0.41092963146358097
2018,BOL,AUT,0.41082274380491235
2018,SWZ,SVK,0.40815671286948974
2018,VNM,AUT,0.40658213943243837
2018,MCO,CZE,0.39986211654636933
2018,WLF,FRA,0.3994751563383478
2018,MMR,LVA,0.3971151346355357
2018,CYP,SWE,0.39654437843542395
2018,MDG,CYP,0.394602572096619
2018,UGA,SVN,0.3929232320258521
2018,GGY,LVA,0.39144032413882773
2018,MHL,AUT,0.39138830081142406
2018,BOL,ROU,0.3863184285350063
2018,MDG,ROU,0.38629444139476793
2018,GGY,MLT,0.38513432396871067
2018,BFA,SVK,0.38358496710839224
2018,MDG,FIN,0.3832485431438462
2018,XKV,DEU,0.38216212281850404
2018,YEM,DNK,0.3819796011540047
2018,ZMB,BGR,0.3805561033130476
2018,MCO,GRC,0.37999587083824476
2018,YEM,CYP,0.3786417164518845
2018,HRV,SVN,0.3751787372674966
2018,SSD,MLT,0.3744652943319371
2018,DOM,SVN,0.3729046352541438
2018,OMN,ROU,0.37022242156233015
2018,MHL,FIN,0.3688470085104187
2018,GEO,FIN,0.3666151339166219
2018,VIR,LTU,0.3660834129814909
2018,LBR,DNK,0.36548231979680457
2018,UGA,PRT,0.36537130120719913
2018,VUT,MLT,0.3639675626060067
2018,LIE,CYP,0.3635658069635803
2018,VIR,GRC,0.3635416907700547
2018,IMN,PRT,0.3634858447116637
2018,PRY,GRC,0.36258332725930825
2018,KWT,HUN,0.36177310740948204
2018,WSM,FIN,0.36090090166069444
2018,WSM,GRC,0.3551183710706946
2018,IRN,GRC,0.3547591591522706
2018,VCT,BGR,0.35474838706070794
2018,VEN,SVN,0.3504642031263448
2018,LIE,ITA,0.34651373348216696
2018,LBR,GRC,0.3457203671761308
2018,LAO,FIN,0.34499840840902346
2018,GNQ,LTU,0.3446564786995601
2018,VCT,SVN,0.34443739168560483
2018,YEM,EST,0.34322648691719954
2018,MDG,SVK,0.34147016129266033
2018,ALB,ROU,0.34096674006593775
2018,LAO,AUT,0.340423857618242
2018,IMN,HRV,0.3392490490314937
2018,CPV,FIN,0.3364449082179875
2018,YEM,SVK,0.3357724222592058
2018,PYF,PRT,0.3334510118642734
2018,OMN,FIN,0.33117802393718765
2018,SYC,DNK,0.3303674813069881
2018,DOM,LTU,0.3299339630971188
2018,JOR,DNK,0.3296674921288453
2018,SSD,BGR,0.32913179091327577
2018,LBR,LVA,0.32826725995127287
2018,VUT,BGR,0.32812756609111704
2018,CPV,ITA,0.3275692439558154
2018,IRN,SVN,0.32719181324487023
2018,JOR,BGR,0.3267907331949983
2018,SYC,SVK,0.3258303271789606
2018,SWZ,CZE,0.32565521522147056
2018,ABW,AUT,0.32402488498368665
2018,SVK,HUN,0.32227464251894145
2018,PNG,SVN,0.3214241073845029
2018,HRV,CZE,0.3206348046774538
2018,OMN,EST,0.3202923679036632
2018,UZB,FIN,0.31988743487434107
2018,KWT,SVN,0.3185592803318725
2018,PRY,HUN,0.31676781164251555
2018,MDG,NLD,0.31654585184525486
2018,DOM,HUN,0.3162008521171866
2018,VEN,HRV,0.31601907441861277
2018,FRO,DEU,0.3158824178531813
2018,CAN,BGR,0.31521085557479855
2018,MHL,SVN,0.3136664163657959
2018,JOR,SVN,0.31025897280773307
2018,ZMB,PRT,0.3076487040715177
2018,PYF,GRC,0.30671115362049406
2018,SYC,CYP,0.3045449059921405
2018,ZMB,SVN,0.3043130211993955
2018,LIE,EST,0.30112380395524707
2018,LAO,CZE,0.2985921034626234
2018,SYC,NLD,0.29772527177556785
2018,KWT,DNK,0.2950964353182634
2018,LKA,CZE,0.2939156111870473
2018,UGA,BGR,0.29389048829401754
2018,DOM,HRV,0.2928584675522606
2018,VIR,PRT,0.2916951089856151
2018,GEO,BEL,0.2914439694070011
2018,PRY,LTU,0.28935666807960153
2018,YEM,SWE,0.2867192400451055
2018,VUT,HRV,0.28653504938330665
2018,ABW,DNK,0.286126351645663
2018,IMN,BGR,0.28280342793300556
2018,SSD,HRV,0.2824081900272323
2018,BHR,SVK,0.2810629818205853
2018,SYC,EST,0.2790571210139227
2018,SSD,SVN,0.2784509772259191
2018,BHS,SVN,0.27760521845138525
2018,LIE,ESP,0.27687739829903923
2018,DJI,POL,0.27434971041727907
2018,IMN,DNK,0.2733588654810843
2018,LIE,SWE,0.27299216297121254
2018,BGR,MLT,0.2724287249129301
2018,VCT,HRV,0.27192946517534416
2018,GNQ,PRT,0.2717600612110332
2018,MDG,ITA,0.2714738051277031
2018,VNM,CYP,0.2690665967210054
2018,MDG,EST,0.26841902544969093
2018,WSM,CZE,0.2673450078643209
2018,PNG,CZE,0.26720166892829733
2018,VUT,SVN,0.26660652255033795
2018,DOM,AUT,0.26641298057817864
2018,JOR,GRC,0.2658068337759767
2018,GNQ,GRC,0.2654314532871022
2018,YEM,MLT,0.26018885605159336
2018,ROU,FIN,0.2593745568871515
2018,VCT,CZE,0.2586071264143984
2018,DJI,FRA,0.25843878157800865
2018,CRI,BEL,0.25541292113795455
2018,PYF,CZE,0.2553216766843696
2018,SWZ,HUN,0.25418549030328846
2018,MCO,LTU,0.2517186463374435
2018,LIE,ROU,0.24658554858353798
2018,IMN,SVK,0.24613518947935448
2018,UGA,DNK,0.24519670173727118
2018,KWT,GRC,0.24495509839762128
2018,SYC,MLT,0.24303295771262096
2018,BOL,ITA,0.242922245714573
2018,ABW,SVK,0.24159736029772982
2018,IRN,LVA,0.2401816120823965
2018,ESP,HRV,0.23966883483495097
2018,PRY,SWE,0.23940589733909923
2018,PYF,FIN,0.2393021801874656
2018,HRV,LVA,0.2369845453342275
2018,BRB,SVK,0.23623643034486452
2018,PNG,ESP,0.2329973677908187
2018,YEM,BGR,0.22992164773114096
2018,UGA,GRC,0.22986624381831824
2018,PRY,ITA,0.2278135036019746
2018,IMN,HUN,0.22688286918072403
2018,LKA,FIN,0.22512001240697369
2018,LKA,AUT,0.2242300963730625
2018,MCO,HRV,0.22261804017636785
2018,DOM,FIN,0.22207597386410274
2018,SWZ,HRV,0.22204148406953966
2018,UZB,BGR,0.22001812917862418
2018,OMN,SVK,0.21797369608990763
2018,SYC,SWE,0.21762605170478172
2018,AFG,POL,0.217620151715772
2018,URY,MLT,0.2137871772586229
2018,VUT,LTU,0.2135238337498905
2018,GTM,SVK,0.21282949110959737
2018,UZB,HRV,0.21186856452199593
2018,BOL,POL,0.21131250717441755
2018,MHL,SVK,0.21020422391279925
2018,UZB,LTU,0.20978915062915807
2018,SVK,LVA,0.20916829703471013
2018,UZB,HUN,0.20867115108592268
2018,SYC,BGR,0.2080340126917823
2018,MCO,SVN,0.20792582339251375
2018,ZMB,DNK,0.20731983214381405
2018,OMN,AUT,0.20716599806190503
2018,LIE,GRC,0.20318246412304966
2018,PRY,HRV,0.20295806467417615
2018,LTU,GRC,0.20219037220643643
2018,UZB,SVK,0.20181026203519487
2018,VIR,CZE,0.20175085459699624
2018,ROU,SVK,0.20154287778244176
2018,DJI,IRL,0.20119395687692176
2018,GMB,BEL,0.20058468313563088
2018,ROU,HRV,0.1991144736905529
2018,AFG,FRA,0.19874203677951746
2018,DOM,PRT,0.1971329443798879
2018,SWZ,BGR,0.19685992538591982
2018,BFA,CZE,0.19629786768169316
2018,CPV,SVK,0.19619535125989865
2018,MHL,DNK,0.1961492649336704
2018,ZMB,GRC,0.19563581922595188
2018,CAN,HRV,0.19540441426367156
2018,ABW,MLT,0.19492655422006983
2018,GMB,DEU,0.194645765870531
2018,MHL,HUN,0.19435014799732891
2018,YEM,HRV,0.1935565983103369
2018,SSD,LTU,0.1884016547653093
2018,YEM,SVN,0.18819519464616868
2018,DOM,DNK,0.18503893938627808
2018,LAO,LTU,0.18451635607750752
2018,BFA,HRV,0.18155649933173162
2018,SYC,SVN,0.180299097291297
2018,LIE,CZE,0.18021586577961168
2018,MHL,HRV,0.1794527736773854
2018,VEN,LTU,0.17785051063961793
2018,SYC,HRV,0.17740059515568726
2018,LAO,HRV,0.17686119019604027
2018,LKA,LTU,0.17588035986921288
2018,LBR,SVK,0.1757376567830363
2018,GIN,LVA,0.17465501581178822
2018,CPV,CZE,0.17428180491147985
2018,MHL,LTU,0.17408899419467241
2018,GMB,POL,0.17375470831604078
2018,VUT,PRT,0.17344377866525285
2018,CRI,CZE,0.1733676572697203
2018,VEN,GRC,0.17251178090319266
2018,WLF,BEL,0.17152008430334872
2018,PRY,BGR,0.1711966487831431
2018,GNQ,BEL,0.17051900899107586
2018,CYP,FIN,0.16954529919916486
2018,GEO,AUT,0.1692876144859127
2018,DJI,ITA,0.16789379031800677
2018,ABW,BGR,0.1674845630524261
2018,DOM,BGR,0.16663730418230135
2018,PNG,SWE,0.16638534290986398
2018,JOR,LVA,0.1660736967721894
2018,LKA,HUN,0.16343529640180443
2018,SWZ,LTU,0.16294762001356042
2018,AFG,ROU,0.1623712470455358
2018,URY,EST,0.16198908547488944
2018,UZB,PRT,0.16163178100342013
2018,LKA,PRT,0.1605531173202143
2018,BRN,ESP,0.16027447684306118
2018,GIN,CZE,0.15895875390968905
2018,ABW,CZE,0.15883946831138873
2018,WSM,LVA,0.15832564228301862
2018,BIH,SVN,0.15818086991463143
2018,SSD,FIN,0.15721861491361583
2018,VCT,LTU,0.156178201559929
2018,VCT,GRC,0.1560739859558746
2018,KWT,LVA,0.15595590992640848
2018,VUT,GRC,0.1545451572487403
2018,OMN,ITA,0.15410508584138355
2018,BFA,HUN,0.15356032530693073
2018,GNQ,CZE,0.14990282789399884
2018,DJI,ROU,0.14981566545214034
2018,AFG,ESP,0.1491452707827806
2018,VUT,FIN,0.1489886829048213
2018,CRI,LTU,0.14869680188444248
2018,SSD,PRT,0.1485251608115765
2018,SSD,GRC,0.14820920954149447
2018,AUT,LTU,0.14788832885407546
2018,ESP,LTU,0.14617274176451883
2018,LAO,PRT,0.14585116286210023
2018,LKA,HRV,0.14490198310758995
2018,UGA,LVA,0.14441672884222817
2018,ROU,AUT,0.14296639221898386
2018,CPV,HRV,0.1423408236961281
2018,BFA,LTU,0.14227665877983373
2018,XKV,BEL,0.14194909616735188
2018,VEN,PRT,0.14183352176416297
2018,LAO,SVK,0.1404160787181217
2018,CPV,LTU,0.1402421337996403
2018,HRV,MLT,0.13928629626924863
2018,VUT,CZE,0.13920145862145938
2018,AFG,ITA,0.13873273110545145
2018,YEM,LTU,0.1385709517580398
2018,HRV,BGR,0.13854348042041376
2018,CAN,EST,0.1379379392060483
2018,SWZ,DNK,0.13744657320242046
2018,LIE,FIN,0.1362828623838873
2018,GNQ,FIN,0.1346360922894232
2018,PRT,LTU,0.13415723367526466
2018,KWT,SVK,0.1340413084843562
2018,MCO,DNK,0.13367242780361988
2018,PYF,LVA,0.13300392885575563
2018,MDG,HUN,0.13285888408651156
2018,URY,LTU,0.13196751573652699
2018,URY,GRC,0.13163943374570652
2018,MHL,PRT,0.13122085252692742
2018,ABW,SVN,0.1311148492242548
2018,BOL,BGR,0.12947718289646312
2018,DOM,GRC,0.12905771994121037
2018,ESP,LVA,0.12759010284341576
2018,WLF,POL,0.12321517392020602
2018,VIR,LVA,0.12297939713292666
2018,PNG,AUT,0.12226425670296784
2018,CYP,GRC,0.12128684688684446
2018,SWZ,PRT,0.12064392413292846
2018,UZB,DNK,0.12033312097819261
2018,BOL,HUN,0.1200595898220099
2018,LKA,BEL,0.1187979438174012
2018,BFA,BGR,0.11866823119455841
2018,VCT,PRT,0.11851853112436905
2018,ABW,HRV,0.11851464601512968
2018,GNQ,LVA,0.11785270736511312
2018,LAO,HUN,0.11772483741799991
2018,SYC,LTU,0.1176158982551985
2018,CYP,BGR,0.11708119149406715
2018,BHS,EST,0.11654710439667396
2018,YEM,PRT,0.11623888394776649
2018,VIR,EST,0.11610807706416003
2018,GEO,CZE,0.11468396895403182
2018,LAO,BGR,0.11449179030892942
2018,BHS,CYP,0.11417908246028236
2018,SSD,CZE,0.11414896871146235
2018,SRB,LVA,0.1135765085428677
2018,BFA,SVN,0.11289160877180959
2018,MCO,BGR,0.11288639854293986
2018,LTU,ESP,0.1125731460281824
2018,ZMB,LVA,0.11137357004510803
2018,ROU,CYP,0.11107446214931187
2018,BGR,ESP,0.11066816237682761
2018,ALB,DEU,0.11053211550847383
2018,MHL,BGR,0.11041620226100521
2018,KAZ,MLT,0.11026723104348739
2018,MDG,HRV,0.11004828193779764
2018,YEM,GRC,0.10995039481895019
2018,LKA,BGR,0.10979223460961468
2018,BHR,MLT,0.10949594560523135
2018,IMN,LVA,0.10932422127638876
2018,LAO,DNK,0.10902084715836148
2018,LAO,SVN,0.10882283808413856
2018,BRN,ITA,0.10851590072465939
2018,YEM,FIN,0.10744234424320721
2018,CRI,HRV,0.10705891567267459
2018,ALB,HUN,0.10626002041822624
2018,WLF,DEU,0.10617455881405788
2018,UZB,SVN,0.1056958606203241
2018,BOL,SVK,0.10564972179728813
2018,DOM,LVA,0.10532041623656481
2018,PNG,FIN,0.10518812840757324
2018,CRI,SWE,0.10475354461494883
2018,VCT,EST,0.10468427549049761
2018,VNM,HRV,0.10434002471443961
2018,AUT,HRV,0.10428808476124797
2018,CPV,SVN,0.10315198213316021
2018,HRV,HUN,0.10299669716964273
2018,AFG,HUN,0.10199740986631436
2018,DJI,HUN,0.10128928678293922
2018,XKV,POL,0.10061545010854024
2018,LIE,SVK,0.10002997328816239
2018,BHS,ITA,0.09874032073291826
2018,ESP,BGR,0.09649351771676347
2018,GEO,HUN,0.09639035464691796
2018,LKA,SVN,0.09598070477161069
2018,DJI,AUT,0.09564589604827685
2018,UZB,GRC,0.09546457472709345
2018,LKA,DNK,0.09504925513609697
2018,LTU,SWE,0.09461172030940396
2018,BFA,PRT,0.09444000338499826
2018,CPV,PRT,0.0944363356528595
2018,CRI,ITA,0.09374436917862435
2018,OMN,HRV,0.09087582134355579
2018,CPV,BGR,0.09013341747901255
2018,SYC,GRC,0.0897635336623253
2018,GHA,MLT,0.08952776307978046
2018,FRO,FRA,0.08932283402055712
2018,MCO,HUN,0.08919961404206717
2018,BGR,LTU,0.08917816337652829
2018,SYC,PRT,0.08771066263951521
2018,YEM,CZE,0.08756073946433496
2018,SWZ,SVN,0.08690388861053275
2018,PNG,DNK,0.08636807985165557
2018,BHS,GRC,0.08633667564837222
2018,MHL,GRC,0.08625151018503452
2018,HRV,DNK,0.08583471451411272
2018,SRB,ESP,0.08575142712337126
2018,BFA,DNK,0.0834064238141504
2018,BRN,ROU,0.08281534504404188
2018,LAO,GRC,0.08269758657429674
2018,JEY,MLT,0.08264442492170031
2018,LKA,GRC,0.08247177013724015
2018,SWZ,GRC,0.08189884188437592
2018,CYP,BEL,0.08160269489412982
2018,BHS,BGR,0.07949406125823011
2018,SYC,FIN,0.07845551254810217
2018,LTU,CYP,0.0783480227230003
2018,CPV,HUN,0.07826965906737389
2018,MDG,DNK,0.07709988179060648
2018,FRO,POL,0.07577292810748332
2018,GEO,SVN,0.07456575184287605
2018,CYP,SVN,0.07380656726845318
2018,FRO,ESP,0.07269074616652188
2018,BGR,HRV,0.07265888441370891
2018,PRT,LVA,0.07143193728493927
2018,CRI,AUT,0.07101751877411362
2018,SVK,MLT,0.07042931155419956
2018,OMN,CZE,0.0695530776790322
2018,VUT,LVA,0.06934842707885852
2018,ROU,EST,0.06856008110659804
2018,BRN,HUN,0.06848230510796949
2018,MDG,BGR,0.06828304366593824
2018,MDG,CZE,0.06734758948317554
2018,SWZ,MLT,0.06651450813825562
2018,VCT,CYP,0.06649517508006822
2018,PNG,SVK,0.06586176365689511
2018,ABW,GRC,0.06413458655400782
2018,VNM,EST,0.063944724499926
2018,LBR,MLT,0.06394073038601532
2018,ABW,LTU,0.06306660432598997
2018,DNK,MLT,0.06265280454498715
2018,CYP,SVK,0.06200450055244234
2018,BRB,MLT,0.06188435239377447
2018,SSD,LVA,0.06187018285417684
2018,LIE,DNK,0.06136554852777302
2018,BFA,GRC,0.060674286642227813
2018,ROU,LVA,0.060604748205495884
2018,GMB,NLD,0.06058444043489493
2018,DJI,DNK,0.06054500102837054
2018,UZB,LVA,0.06035248354405354
2018,LIE,SVN,0.06031614914375359
2018,GEO,LTU,0.06021011209168808
2018,VEN,LVA,0.05979737219610624
2018,GMB,CYP,0.05948468179685572
2018,BOL,GRC,0.05909210371414492
2018,SYC,CZE,0.05875341517583319
2018,GMB,ROU,0.05863823258044599
2018,BHS,HRV,0.05723400448991772
2018,MUS,MLT,0.05722578347673186
2018,BRN,AUT,0.057029132497780875
2018,CRI,BGR,0.05699727688018867
2018,AUT,LVA,0.05674826084257929
2018,PRI,SVN,0.056524816336407546
2018,XKV,GRC,0.05631180003045626
2018,VEN,EST,0.05590113242860082
2018,GTM,MLT,0.05572573498094639
2018,PNG,HRV,0.055554161631395794
2018,CPV,GRC,0.05546366961996454
2018,PRY,SVK,0.05518219801549887
2018,AFG,AUT,0.05516997373475337
2018,LTU,FIN,0.05448409559821878
2018,MCO,LVA,0.05428950457621134
2018,SMR,DEU,0.054157864352854336
2018,MDG,LTU,0.053926916548056286
2018,BRN,SVK,0.05382688416255066
2018,LAO,LVA,0.05378910027394343
2018,URY,PRT,0.05367826875142568
2018,DJI,SVK,0.053621589327081484
2018,ALB,ESP,0.05348182251903896
2018,OMN,LTU,0.052051517462334836
2018,LKA,LVA,0.05169972221077812
2018,AFG,DNK,0.05157189888047301
2018,MDG,SVN,0.05107951935597174
2018,BOL,HRV,0.05073576264307688
2018,SWZ,LVA,0.050042633578611655
2018,VCT,LVA,0.04996771305985007
2018,PNG,NLD,0.04978923234610881
2018,GMB,EST,0.049672134551996816
2018,MDG,MLT,0.049552301923143215
2018,ABW,PRT,0.0489426919723841
2018,CYP,HUN,0.04874312222696009
2018,XKV,IRL,0.04851176430772676
2018,PNG,ROU,0.047045402789985265
2018,OMN,PRT,0.046794862785426924
2018,GMB,SWE,0.04615179869740541
2018,PNG,CYP,0.04557825084077583
2018,DJI,MLT,0.04522679410817643
2018,MHL,LVA,0.04500757511937609
2018,AFG,SVK,0.04419658706479184
2018,CRI,SVK,0.04418487291993655
2018,ALB,ITA,0.04375642352753814
2018,MHL,MLT,0.04359518357261949
2018,CPV,DNK,0.04306713576578642
2018,SYR,DEU,0.043006319063801327
2018,ALB,FRA,0.0429080001579218
2018,YEM,LVA,0.04276656317443824
2018,BFA,LVA,0.04179271126487029
2018,BRN,DNK,0.04134589924397279
2018,BHS,SVK,0.04126195346498846
2018,GEO,EST,0.041012295825849476
2018,BGR,SVK,0.04054989212135804
2018,LTU,SVK,0.04023890049789615
2018,BRN,SWE,0.03976434638720936
2018,BEN,DEU,0.03950864983942618
2018,OMN,BGR,0.03931509447130724
2018,LIE,PRT,0.03926723921018998
2018,MDG,PRT,0.03875526866736291
2018,BIH,MLT,0.03871846002314301
2018,SYC,LVA,0.03824900968455894
2018,AFG,MLT,0.03807882951815515
2018,IOT,DEU,0.03807514521292337
2018,GMB,AUT,0.03806298580667256
2018,DJI,BGR,0.03764049601785822
2018,CAN,LTU,0.037071091547871186
2018,LIE,LTU,0.03706639013885496
2018,DJI,NLD,0.03631821929844903
2018,CPV,LVA,0.03629757466372627
2018,PLW,DEU,0.036250676138264236
2018,GEO,SVK,0.035435598009379794
2018,CRI,HUN,0.03473471509535983
2018,BFA,MLT,0.03378990192203345
2018,OMN,HUN,0.033435066619828466
2018,DJI,EST,0.03250150524121465
2018,GEO,CYP,0.03249411508444674
2018,BHS,HUN,0.03243694285330584
2018,DJI,SVN,0.03210683249170945
2018,DJI,CYP,0.032095599771471924
2018,LTU,AUT,0.03162392585005452
2018,BRN,MLT,0.031616687887718035
2018,FRO,NLD,0.03098529664749245
2018,MDG,GRC,0.030578585853865848
2018,MCO,MLT,0.030552879145744238
2018,CYP,EST,0.03038044745905867
2018,CYP,HRV,0.029613004210025044
2018,DJI,HRV,0.029428707690894312
2018,BOL,MLT,0.02935179199649335
2018,DOM,SVK,0.029168858450808355
2018,FRO,ITA,0.02893193162230414
2018,AFG,BGR,0.028671450502558544
2018,GEO,GRC,0.027952833610820446
2018,ABW,EST,0.027438783081410394
2018,OMN,DNK,0.027023172427394025
2018,CYP,MLT,0.02638100247402521
2018,LIE,HRV,0.026002641839735552
2018,BGR,LVA,0.025764321245060548
2018,PRY,FIN,0.025620346593419857
2018,OMN,GRC,0.02499301263683794
2018,IOT,IRL,0.024833101635578853
2018,FRO,BEL,0.023833710172309598
2018,AFG,SVN,0.023813948655209048
2018,PNG,EST,0.023756990879942527
2018,GEO,MLT,0.023480695893960055
2018,BRN,BGR,0.02337768034059305
2018,FRO,AUT,0.02294613784778685
2018,SMR,IRL,0.022869847912590245
2018,XKV,CZE,0.022735392944774988
2018,URY,LVA,0.022630894131704795
2018,BRN,FIN,0.02241770507203257
2018,BHS,BEL,0.022405814029769357
2018,OMN,LVA,0.02238806730748787
2018,IOT,FRA,0.022058785412507827
2018,FRO,HUN,0.02171080135016397
2018,AFG,HRV,0.021568371572360637
2018,BOL,SVN,0.021393735373211605
2018,FRO,ROU,0.021284792871305674
2018,CRI,GRC,0.020970913307702968
2018,SMR,FRA,0.02088703158083121
2018,BRN,HRV,0.020858578094977633
2018,WLF,ESP,0.02080840046041128
2018,MDG,LVA,0.020766781029210823
2018,ABW,LVA,0.02063436296123549
2018,GMB,ITA,0.02018961678677084
2018,BRN,SVN,0.01961543744338362
2018,OMN,IRL,0.019190381569265138
2018,DJI,LTU,0.018855455840674412
2018,UZB,MLT,0.018287431954003692
2018,ALB,POL,0.018172939391285226
2018,BHS,LTU,0.017504341378249768
2018,ALB,SWE,0.017054307964323473
2018,GMB,FIN,0.016997900751962874
2018,WLF,SWE,0.016939398606500723
2018,FRO,FIN,0.016482460168220515
2018,SMR,POL,0.01637988409211069
2018,BOL,EST,0.016310175357377655
2018,FRO,SWE,0.016008090183685472
2018,DJI,GRC,0.015660791932675326
2018,XKV,ESP,0.015405084607635275
2018,DJI,SWE,0.015305562472806414
2018,LKA,SVK,0.015196086569891092
2018,IOT,ESP,0.01503603936417347
2018,PLW,FRA,0.01495558338857983
2018,GEO,LVA,0.014757334549194936
2018,OMN,SVN,0.014615621676279918
2018,DJI,PRT,0.014450781450971404
2018,BOL,LTU,0.014329578648824665
2018,PNG,GRC,0.014320716740924272
2018,XKV,SWE,0.013735960118636929
2018,LTU,HRV,0.01369517555851734
2018,VNM,LVA,0.013373811006816498
2018,ALB,BEL,0.013089239596566795
2018,PRY,PRT,0.012619499098002456
2018,VCT,BEL,0.012380708364507423
2018,AFG,GRC,0.012348585372896877
2018,AFG,LTU,0.012259858212459151
2018,IOT,POL,0.012210480966250156
2018,BEN,AUT,0.011899019245146957
2018,GMB,CZE,0.01183979342052418
2018,PNG,HUN,0.011540641067913348
2018,GEO,BGR,0.011219474210678338
2018,PNG,ITA,0.011075082068535469
2018,ATG,DEU,0.010908113992207622
2018,FRO,SVK,0.0106713299677327
2018,PLW,IRL,0.010614284334639916
2018,AFG,PRT,0.010449264935211878
2018,PNG,PRT,0.010446437502420391
2018,BHS,SWE,0.010227380029557531
2018,LIE,LVA,0.010150970627024962
2018,DOM,MLT,0.009998781394909284
2018,BRN,LTU,0.009954270748923218
2018,GMB,SVK,0.009952402324189773
2018,ALB,DNK,0.009665116823338876
2018,BRN,GRC,0.009655462715926396
2018,ALB,FIN,0.009605533176041339
2018,DJI,CZE,0.009532516809472714
2018,XKV,AUT,0.009496385068227227
2018,WLF,FIN,0.00944852122399072
2018,IMN,MLT,0.00934145431372259
2018,PLW,POL,0.009336184249322902
2018,SYR,POL,0.00925992790188529
2018,FRO,CZE,0.00915986689163216
2018,ALB,CZE,0.00915659972594512
2018,FRO,DNK,0.008966738469332679
2018,IOT,BEL,0.00893790915791911
2018,CAN,CYP,0.008878360360415763
2018,PNG,LTU,0.008746256071527755
2018,BEN,CZE,0.008730808666220547
2018,BRN,CYP,0.00837696837384482
2018,GMB,HRV,0.008373131144942474
2018,NRU,DEU,0.008270620286230771
2018,SYR,FRA,0.008247798321862026
2018,CYP,LTU,0.008222637643325361
2018,SMR,ESP,0.00820158017838099
2018,FRO,PRT,0.008186628052490706
2018,GMB,LTU,0.008051167200600909
2018,BRN,PRT,0.007938404403992017
2018,ABW,CYP,0.007914968460187655
2018,WLF,SVK,0.007830643931587479
2018,XKV,DNK,0.007746898223395314
2018,XKV,FIN,0.007743839162407378
2018,PRI,HRV,0.007695761940655213
2018,FRO,IRL,0.007668716281503496
2018,SMR,ITA,0.007486645291578849
2018,ALB,AUT,0.007440980297051812
2018,ALB,IRL,0.0074366973010156715
2018,GMB,HUN,0.007403676820319635
2018,LTU,MLT,0.007391876949867541
2018,BOL,PRT,0.0073697281536101444
2018,VIR,CYP,0.007337263020351481
2018,FLK,DEU,0.00718065030993789
2018,SMR,ROU,0.006899717400428364
2018,FRO,MLT,0.006697273862021398
2018,FRO,LTU,0.00655971109127615
2018,GEO,HRV,0.006348455056949018
2018,LTU,ITA,0.006227845639785031
2018,BEN,ROU,0.006199281943008924
2018,REU,ESP,0.006089183295234172
2018,SYR,ESP,0.006020607154948561
2018,XKV,SVK,0.006017227166020689
2018,WLF,AUT,0.005996040634828505
2018,WLF,IRL,0.005896861799520089
2018,DJI,LVA,0.005833765601584968
2018,FRO,BGR,0.005798964948331926
2018,SYR,ITA,0.005647838480976275
2018,GMB,BGR,0.00562670155210328
2018,LTU,ROU,0.005569350867050448
2018,PLW,ESP,0.0055212167645092075
2018,GMB,PRT,0.005488703681558639
2018,FRO,SVN,0.00534743815466655
2018,FRO,GRC,0.00511012741498333
2018,VCT,SWE,0.005109693067511266
2018,BRN,EST,0.0050721433961441915
2018,IOT,ITA,0.0050102153098403445
2018,IOT,ROU,0.004899244376275379
2018,GMB,SVN,0.004862896705340547
2018,ATG,IRL,0.004838588026096417
2018,ALB,PRT,0.004836244936809194
2018,PNG,BGR,0.004807667185763672
2018,PLW,ITA,0.004580398319652089
2018,BEN,ITA,0.004578620126438741
2018,SMR,AUT,0.004560357399334005
2018,URY,CYP,0.004380402401435145
2018,NRU,IRL,0.004368444036710595
2018,PLW,ROU,0.00434311468080044
2018,FRO,HRV,0.0043259649988825494
2018,SYR,ROU,0.004310222644162047
2018,AFG,LVA,0.004101954950502177
2018,WLF,CYP,0.004089904050078553
2018,SMR,BEL,0.004051587136633444
2018,SMR,HUN,0.003953229704354867
2018,ALB,GRC,0.003917873392926881
2018,LAO,MLT,0.0038611598184869157
2018,AFG,EST,0.00376827124909102
2018,BRN,LVA,0.003753299068055521
2018,NRU,FRA,0.0036090708550648273
2018,VEN,CYP,0.0035676630228919193
2018,SYR,HUN,0.003564242617643003
2018,DJI,FIN,0.0034682645069892045
2018,FRO,EST,0.003463128151654833
2018,XKV,ROU,0.0032596346210183764
2018,GMB,GRC,0.0032065950542073387
2018,PNG,LVA,0.003204637021646187
2018,AFG,SWE,0.003132559546339268
2018,BOL,LVA,0.003107096065190547
2018,PLW,BEL,0.0030463694744451617
2018,ATG,FRA,0.003006279567341642
2018,XKV,CYP,0.002942023127723646
2018,GMB,DNK,0.0029339941475816033
2018,FRO,CYP,0.0029196423853960055
2018,BEN,POL,0.002876082018921811
2018,BEN,BGR,0.0028703872843036772
2018,FLK,IRL,0.0028170735435806694
2018,ALB,BGR,0.002807039750267242
2018,IOT,AUT,0.0027750168881978815
2018,IOT,HUN,0.002735431442289251
2018,PLW,HUN,0.002712738406111781
2018,SMR,CYP,0.002638601961619796
2018,GMB,LVA,0.0025545918838371195
2018,LIE,BGR,0.00250154974208461
2018,SMR,DNK,0.0024790733722540176
2018,SMR,EST,0.002446927904961918
2018,AFG,BEL,0.002404250148309891
2018,DJI,BEL,0.0024027363960677337
2018,SYR,AUT,0.002325036676284994
2018,LVA,SVK,0.0023136700514598727
2018,BEN,CYP,0.002302850195739544
2018,BEN,EST,0.0022995871782928176
2018,NRU,POL,0.002273616334609268
2018,SOM,GRC,0.002263691722571205
2018,BEN,SVK,0.0022251536271558794
2018,SMR,SVK,0.0021873745573894416
2018,LTU,DNK,0.0021837667417053757
2018,SYR,DNK,0.0021518962587167927
2018,IOT,CYP,0.0020969717244804847
2018,PLW,AUT,0.002059692562315163
2018,ATG,POL,0.002005949793884456
2018,IOT,NLD,0.001961023070704688
2018,WLF,ITA,0.0019101061274206534
2018,WLF,ROU,0.001908881975797752
2018,FLK,FRA,0.0018953413709683871
2018,SYR,SVK,0.0018948746872216498
2018,ALB,SVK,0.0018928143846663407
2018,STP,GRC,0.0018918675734283037
2018,IOT,EST,0.0018721848082537738
2018,FRO,LVA,0.0018459449768885975
2018,LTU,PRT,0.0017996601440379298
2018,SMR,MLT,0.0017665135300153271
2018,PLW,NLD,0.0017655708874825652
2018,AFG,FIN,0.0017643579974768258
2018,BEN,HUN,0.0017492429461711124
2018,IOT,SVK,0.0016868984027481719
2018,AFG,CZE,0.0016818972627632364
2018,PLW,DNK,0.0016797341450088751
2018,WLF,HRV,0.0016703046132246337
2018,IOT,DNK,0.0016693319539140567
2018,XKV,EST,0.0016639907152052437
2018,SYR,MLT,0.0016455279392312387
2018,BHS,PRT,0.0015638621716480207
2018,IOT,SWE,0.0015470941777382622
2018,SMR,NLD,0.001530799980007622
2018,PLW,SVK,0.0015129252478062985
2018,BEN,FRA,0.001511516155066566
2018,XKV,LVA,0.0014833817700237182
2018,ALB,LTU,0.0014755543742856244
2018,ATG,ESP,0.0014730707977569405
2018,SMR,BGR,0.0014701287998447972
2018,WLF,EST,0.0014472163251410403
2018,ALB,HRV,0.0014463190426454032
2018,AFG,IRL,0.0013659831388213258
2018,FLK,POL,0.0013326628403262644
2018,NRU,ESP,0.0013159457475636306
2018,PLW,CYP,0.0013108085466963602
2018,LTU,CZE,0.0012942643164956579
2018,ABW,BEL,0.001292056688428049
2018,LTU,HUN,0.001291450148487264
2018,LTU,BGR,0.0012704757746377147
2018,SMR,SVN,0.0012587634154416182
2018,ATG,ITA,0.00124084175425503
2018,SYR,BGR,0.0012167190406369675
2018,PLW,EST,0.001216098273224386
2018,PLW,MLT,0.0012001265685562146
2018,IOT,MLT,0.001189697407271613
2018,SMR,HRV,0.0011803606653583954
2018,LIE,MLT,0.0011666726635180718
2018,NRU,ROU,0.0011137888220815904
2018,WLF,HUN,0.001110998860934931
2018,ALB,CYP,0.0011070008115532076
2018,NRU,ITA,0.0011061125360055353
2018,ATG,ROU,0.001098584241871106
2018,XKV,HRV,0.0010953818696663798
2018,SMR,SWE,0.0010926054631528318
2018,IOT,BGR,0.0010642351110385327
2018,BEN,HRV,0.0010627209822162502
2018,ALB,SVN,0.0010306308373486262
2018,FLK,ESP,0.0010292897409536065
2018,SYR,SVN,0.001020908656465217
2018,SMR,GRC,0.0010109436330306848
2018,IOT,HRV,0.0010103671833640094
2018,PRY,LVA,0.0010091847448251742
2018,PLW,BGR,0.0010039678944976167
2018,PLW,SWE,0.0010025845697423862
2018,SYR,HRV,0.0009205693643004626
2018,SMR,LTU,0.0008993247700380112
2018,IOT,SVN,0.0008983425415611376
2018,ATG,BEL,0.0008847627901958021
2018,PLW,HRV,0.0008451948525343701
2018,WLF,NLD,0.0008447983886713474
2018,PLW,SVN,0.0008371678538600449
2018,LTU,SVN,0.000828359360897967
2018,ROU,LTU,0.0008179857862827659
2018,FLK,ITA,0.0008156461797064476
2018,NRU,BEL,0.0007710290526305024
2018,SMR,PRT,0.000725965288105038
2018,FLK,ROU,0.0007153326867686313
2018,ATG,HUN,0.0007109761514389642
2018,WLF,DNK,0.0006805549034209083
2018,IOT,LTU,0.000659182847992896
2018,NRU,HUN,0.0006035929351092997
2018,PLW,LTU,0.0005668781279868461
2018,IOT,FIN,0.0005427867245943897
2018,ABW,SWE,0.0005257118329648346
2018,IOT,PRT,0.0005195776082895717
2018,SYR,LTU,0.0005180818019331013
2018,ATG,AUT,0.0005173565458732384
2018,NRU,NLD,0.0005173353003231924
2018,NRU,AUT,0.0005065796768108845
2018,SYR,GRC,0.0005025299842186971
2018,SMR,CZE,0.0005018377853335906
2018,ATG,DNK,0.0004861051962075513
2018,WLF,MLT,0.0004856509991268567
2018,FLK,HUN,0.00048109079543622
2018,IOT,GRC,0.0004753717437013289
2018,NRU,CYP,0.0004704051371297609
2018,IOT,CZE,0.0004553513115827829
2018,PLW,PRT,0.0004523118470637927
2018,PLW,GRC,0.00045186946994052116
2018,AFG,CYP,0.00044383011081452394
2018,BHS,FIN,0.000428606444702078
2018,NRU,EST,0.00042584500794254907
2018,WLF,BGR,0.0004196466527825829
2018,SYR,PRT,0.0004131636522483316
2018,SMR,FIN,0.00040854158665203696
2018,HTI,DEU,0.00040378267279877377
2018,FLK,BEL,0.0003932119869906229
2018,ALB,LVA,0.0003867558113489931
2018,BEN,LTU,0.0003801061780982183
2018,NRU,DNK,0.00037543066499959104
2018,ATG,SVK,0.0003751537362515335
2018,MMR,MLT,0.0003647098621386667
2018,WLF,SVN,0.00035189867917565876
2018,PRI,CYP,0.00034966327661836857
2018,FLK,AUT,0.00034511145517967466
2018,PLW,FIN,0.0003446940005815921
2018,REU,DEU,0.0003443733671342427
2018,NRU,SVK,0.0003350869119618453
2018,FLK,DNK,0.00032412532042634825
2018,BEN,BEL,0.0003233875209649271
2018,ATG,MLT,0.0003204288296383641
2018,PLW,CZE,0.00031859635085706073
2018,XKV,BGR,0.000310742111968931
2018,NRU,SWE,0.0002971476089467105
2018,PRI,EST,0.00029260800346853967
2018,ATG,NLD,0.00028756238713554665
2018,ATG,CYP,0.0002806529898070616
2018,ATG,EST,0.0002752754164388583
2018,IOT,LVA,0.00026999283078370424
2018,NRU,MLT,0.0002604335714533424
2018,ATG,BGR,0.0002603474352500488
2018,SMR,LVA,0.0002582280066612827
2018,WLF,LTU,0.00025450320858018063
2018,FLK,SVK,0.00025329872965092475
2018,WLF,LVA,0.0002475202610997122
2018,CRI,FIN,0.0002468354918473921
2018,ATG,SVN,0.00023302477380030345
2018,NRU,BGR,0.00023255387212767645
2018,ATG,HRV,0.00022435491551864328
2018,FLK,MLT,0.00021768378342408503
2018,ATG,CZE,0.00020672292396053908
2018,NRU,HRV,0.00020439420746019087
2018,BEN,SWE,0.00020182897269685162
2018,WLF,PRT,0.00020144598129309812
2018,NRU,SVN,0.00019493109916901062
2018,WLF,GRC,0.00019230691296091677
2018,BOL,CYP,0.00018537723871877952
2018,HTI,FRA,0.0001851463313703192
2018,PLW,LVA,0.0001809949832822114
2018,FLK,BGR,0.0001742072237170509
2018,SYR,LVA,0.00017419084278592998
2018,IRN,MLT,0.00016923726531073655
2018,FLK,NLD,0.00016484671621944604
2018,SYR,EST,0.0001628410248278422
2018,FLK,EST,0.00015860801859952816
2018,FLK,CYP,0.00015801337626797197
2018,REU,AUT,0.00015752363705462592
2018,FLK,SVN,0.00015293200534619174
2018,NRU,LTU,0.00015068742398749758
2018,BEN,GRC,0.00014435212074123793
2018,FLK,HRV,0.00014429256844849012
2018,ATG,SWE,0.000142710201548636
2018,ATG,LTU,0.00013946766829494987
2018,WLF,CZE,0.0001325885128348925
2018,NRU,PRT,0.00012427452237290696
2018,FLK,CZE,0.00012090863672765589
2018,ATG,GRC,0.00011970600046449634
2018,ATG,PRT,0.00011068100745842879
2018,NRU,GRC,0.00010950408428408052
2018,PRI,POL,0.00010772756679103615
2018,NRU,FIN,0.00010378167244913193
2018,NRU,CZE,0.00010174284053367554
2018,BEN,SVN,9.858994179287551e-05
2018,FLK,LTU,9.017398974105484e-05
2018,FLK,GRC,7.888380446631954e-05
2018,FLK,SWE,7.743709756198015e-05
2018,REU,CZE,7.400793433132189e-05
2018,FLK,PRT,7.033476150798064e-05
2018,HTI,IRL,6.404831996410558e-05
2018,REU,ROU,6.288521590782942e-05
2018,ATG,LVA,5.501251146667063e-05
2018,BHS,MLT,5.199691244860375e-05
2018,NRU,LVA,4.9698109647551534e-05
2018,BEN,PRT,4.9446595553068437e-05
2018,REU,POL,4.39598308505884e-05
2018,GRD,DEU,4.169181303896484e-05
2018,REU,ITA,4.000545475983659e-05
2018,PRI,LTU,3.875639763588835e-05
2018,XKV,LTU,3.5575415573599036e-05
2018,REU,CYP,3.5198198247804014e-05
2018,REU,EST,3.3639136879273033e-05
2018,FLK,LVA,3.276090063044803e-05
2018,HTI,CZE,3.0016713319261476e-05
2018,ATG,FIN,2.8846885048223255e-05
2018,LIE,HUN,2.4416929259651742e-05
2018,REU,BGR,2.4331243732794646e-05
2018,REU,FRA,2.310295536341083e-05
2018,VCT,FIN,1.9191839385024242e-05
2018,GRD,FRA,1.911693282635832e-05
2018,REU,SVK,1.886182939190928e-05
2018,FLK,FIN,1.5792893184047513e-05
2018,TON,DEU,1.5431469481056318e-05
2018,REU,HUN,1.482770520337272e-05
2018,SYR,CYP,1.0392667870014002e-05
2018,HTI,DNK,1.0227948276503987e-05
2018,REU,HRV,9.008304691027509e-06
2018,MAF,DEU,8.322533805420242e-06
2018,HTI,AUT,6.902347315123376e-06
2018,GRD,IRL,6.613187641001213e-06
2018,REU,LTU,5.1011753034992305e-06
2018,REU,BEL,4.9428565066232e-06
2018,SOM,CYP,4.592016441842428e-06
2018,HTI,ROU,4.303577166326779e-06
2018,SOM,EST,4.301500605709152e-06
2018,STP,CYP,3.837751808847743e-06
2018,STP,EST,3.59495483942486e-06
2018,BDI,GRC,3.370587773078405e-06
2018,TON,POL,3.322634857513291e-06
2018,GRD,CZE,3.099318727761554e-06
2018,REU,SWE,3.0848798616070833e-06
2018,MAF,ESP,3.0581225173960737e-06
2018,TON,FRA,2.9594638848515214e-06
2018,MAF,FRA,2.375743539999135e-06
2018,TON,ESP,2.160306150154072e-06
2018,TON,ITA,2.026549796643245e-06
2018,MAF,POL,1.9824098219129052e-06
2018,MAF,NLD,1.92690228573001e-06
2018,REU,GRC,1.736751325240213e-06
2018,TON,ROU,1.5465882837187868e-06
2018,HTI,GRC,1.3023719477163167e-06
2018,TON,HUN,1.2789167353672478e-06
2018,HTI,POL,1.2545020606161306e-06
2018,MAF,BEL,1.1578290095634135e-06
2018,GRD,DNK,1.0560673749582024e-06
2018,MAF,FIN,1.0407984725917912e-06
2018,MAF,SWE,9.9083620744249e-07
2018,REU,SVN,8.357115837580945e-07
2018,TON,AUT,8.342665285815604e-07
2018,MAF,AUT,8.315281484923914e-07
2018,TON,DNK,7.721405171533953e-07
2018,REU,PRT,7.557725970086761e-07
2018,GRD,AUT,7.126887634812826e-07
2018,TON,SVK,6.79916383053091e-07
2018,TON,MLT,5.904461187854992e-07
2018,MAF,CZE,5.511994672175028e-07
2018,GMB,MLT,5.243047585313446e-07
2018,PSE,GRC,5.180443935487229e-07
2018,MAF,HUN,4.6639072454273235e-07
2018,MAF,ITA,4.633248761386436e-07
2018,GRD,ROU,4.443576872024751e-07
2018,TON,BGR,4.365814873566605e-07
2018,MAF,PRT,4.3181741655250255e-07
2018,HTI,BGR,4.102615210500022e-07
2018,TON,SVN,3.6632106904609577e-07
2018,TON,HRV,3.303174593790113e-07
2018,MAF,CYP,3.289865771766996e-07
2018,MAF,ROU,2.980998932357727e-07
2018,ABW,FIN,2.973762491812925e-07
2018,MAF,LTU,2.745564534267214e-07
2018,TON,LTU,1.8589741436277805e-07
2018,TON,GRC,1.8031713207731371e-07
2018,HTI,EST,1.6986256705167767e-07
2018,MAF,SVK,1.641951722715803e-07
2018,MAF,EST,1.6310334584040275e-07
2018,TON,PRT,1.4825082520764737e-07
2018,GRD,GRC,1.3447394207141053e-07
2018,MAF,GRC,1.3280780454811503e-07
2018,GRD,POL,1.2953122779062677e-07
2018,MAF,HRV,1.2685366512192092e-07
2018,MAF,MLT,1.130674064351372e-07
2018,GNB,GRC,8.555018130388888e-08
2018,MAF,BGR,7.142021778043075e-08
2018,MAF,LVA,6.837991242402672e-08
2018,MAF,SVN,6.511696430260484e-08
2018,TON,LVA,6.250292358996795e-08
2018,TON,EST,5.843039719737094e-08
2018,HTI,LTU,4.6968928713040824e-08
2018,GRD,BGR,4.23607742108896e-08
2018,MAF,DNK,3.340326731877775e-08
2018,GRD,EST,1.7538836767684786e-08
2018,BDI,CYP,6.837412673430947e-09
2018,BDI,EST,6.404840907853151e-09
2018,GRD,LTU,4.8496875335723825e-09
2018,SXM,DEU,4.024956919839181e-09
2018,TON,CYP,3.7290830871845485e-09
2018,SXM,FRA,2.7360210046509927e-09
2018,SXM,CYP,2.1468134034831e-09
2018,SXM,ESP,1.7585746720431477e-09
2018,SXM,BEL,1.731855152358144e-09
2018,SXM,MLT,1.3604589878032905e-09
2018,SXM,HRV,1.1723934076341065e-09
2018,SXM,ITA,1.1462215392328612e-09
2018,PSE,CYP,1.0508800067873186e-09
2018,SXM,ROU,1.0250269985141737e-09
2018,PSE,EST,9.84395644696257e-10
2018,SXM,AUT,5.668806147571468e-10
2018,SXM,SWE,5.071380659693999e-10
2018,SXM,FIN,4.967179138042275e-10
2018,SXM,DNK,4.019175523575541e-10
2018,SXM,PRT,3.312235626421838e-10
2018,SXM,CZE,2.3820655212627064e-10
2018,SXM,HUN,2.3768861058230635e-10
2018,SXM,BGR,2.338283223753068e-10
2018,GNB,CYP,1.7354299405390929e-10
2018,GNB,EST,1.6256372412725045e-10
2018,SXM,SVN,1.5245775130020575e-10
2018,SXM,GRC,1.1893783295450428e-10
2018,SXM,EST,1.1480689473524758e-10
2018,SXM,POL,4.262051711157883e-11
2018,PRI,ROU,3.173416274775456e-14
2018,EST,ROU,2.0570539703360344e-14
2018,PRI,DEU,1.028734985037306e-14
2018,PRI,HUN,9.889741095801914e-15
2018,EST,DEU,6.668407804596346e-15
2018,EST,HUN,6.410672103884086e-15
2018,PRI,ESP,4.977614120185138e-15
2018,PRI,ITA,4.072460161991293e-15
2018,PRI,FRA,3.993496432903827e-15
2018,EST,ESP,3.226560905392738e-15
2018,EST,ITA,2.639827120018245e-15
2018,EST,FRA,2.588641697631954e-15
2018,MNE,ROU,1.839712595280874e-15
2018,PRI,SWE,1.587263861529448e-15
2018,PRI,BEL,1.2182304336237503e-15
2018,EST,POL,1.0963743009153957e-15
2018,EST,SWE,1.0288872135317598e-15
2018,PRI,DNK,8.995434281613e-16
2018,PRI,FIN,8.939979102609932e-16
2018,PRI,CZE,8.522151628718804e-16
2018,EST,BEL,7.896744496425201e-16
2018,XKV,HUN,7.201139289086204e-16
2018,PRI,AUT,6.925405090942675e-16
2018,PRI,IRL,6.921418857762494e-16
2018,MNE,DEU,5.963846357702089e-16
2018,EST,DNK,5.83096959291866e-16
2018,EST,FIN,5.795022750063313e-16
2018,MNE,HUN,5.733342140655986e-16
2018,EST,CZE,5.524180985333271e-16
2018,PRI,PRT,4.501148231731559e-16
2018,EST,AUT,4.489146964974529e-16
2018,EST,IRL,4.486563031421546e-16
2018,PRI,GRC,3.646409378586175e-16
2018,VIR,SWE,3.11081666613815e-16
2018,XKV,ITA,2.965330698920175e-16
2018,EST,PRT,2.9177088788358144e-16
2018,MNE,ESP,2.885653377447458e-16
2018,PRI,BGR,2.6125438585936693e-16
2018,VIR,BEL,2.387562413511901e-16
2018,EST,GRC,2.3636548880502567e-16
2018,MNE,ITA,2.3609119022133646e-16
2018,MNE,FRA,2.3151345586838465e-16
2018,PRI,SVK,1.7616639007862337e-16
2018,VIR,FIN,1.7521117100548187e-16
2018,EST,BGR,1.6934884212054385e-16
2018,EST,SVK,1.14193582175613e-16
2018,MNE,POL,9.805350951520359e-17
2018,MNE,SWE,9.201784654918942e-17
2018,EST,LTU,8.902026583249636e-17
2018,EST,HRV,8.725649687916743e-17
2018,MNE,BEL,7.062401143230654e-17
2018,EST,CYP,6.678541180088033e-17
2018,EST,SVN,6.217800761179099e-17
2018,MNE,DNK,5.214889039124174e-17
2018,MNE,FIN,5.182740218278817e-17
2018,MNE,CZE,4.9405146796749075e-17
2018,MNE,AUT,4.0148388582052737e-17
2018,MNE,IRL,4.0125279343445765e-17
2018,PRI,LVA,3.599580375087413e-17
2018,XKV,PRT,3.277476635994257e-17
2018,MNE,PRT,2.6094336129062407e-17
2018,EST,LVA,2.3332996559492226e-17
2018,MNE,GRC,2.1139190955368625e-17
2018,BHS,LVA,1.6113687440188353e-17
2018,MNE,BGR,1.5145601541728257e-17
2018,MNE,SVK,1.0212827395792543e-17
2018,MNE,LTU,7.961468519979665e-18
2018,MNE,HRV,7.80372701171605e-18
2018,XKV,SVN,6.984485967689498e-18
2018,MNE,CYP,5.972909074963573e-18
2018,MNE,SVN,5.5608489326216156e-18
2018,MNE,LVA,2.0867710947385053e-18
2018,HTI,HUN,2.9670929585282543e-19
2018,MTQ,ROU,2.427635899056613e-19
2018,HTI,ESP,1.4933701158811355e-19
2018,HTI,ITA,1.2218083116109536e-19
2018,REU,DNK,1.0976035021994825e-19
2018,REU,FIN,1.0908369807861382e-19
2018,REU,IRL,8.445366105334294e-20
2018,MTQ,DEU,7.869733322234069e-20
2018,MTQ,HUN,7.565566076969531e-20
2018,GRD,HUN,6.368837741817631e-20
2018,HTI,SWE,4.762065438567998e-20
2018,MTQ,ESP,3.8078315870071477e-20
2018,HTI,BEL,3.6549014847357435e-20
2018,GRD,ESP,3.20550521654166e-20
2018,MTQ,ITA,3.1153966674061737e-20
2018,MTQ,FRA,3.054990100206074e-20
2018,HTI,FIN,2.6821479741268e-20
2018,GRD,ITA,2.622600301715562e-20
2018,HTI,PRT,1.350422128778659e-20
2018,MTQ,POL,1.293888079791373e-20
2018,MTQ,SWE,1.2142430736720044e-20
2018,GRD,SWE,1.0221729658649114e-20
2018,MTQ,BEL,9.319357052196314e-21
2018,GRD,BEL,7.845212416316224e-21
2018,MTQ,DNK,6.881429128358971e-21
2018,MTQ,FIN,6.839006397875566e-21
2018,MTQ,CZE,6.519372007867273e-21
2018,GRD,FIN,5.757205953948813e-21
2018,MTQ,AUT,5.297874769193798e-21
2018,MTQ,IRL,5.294825335418867e-21
2018,HTI,SVK,5.285295645944728e-21
2018,REU,LVA,4.392130387990586e-21
2018,HTI,HRV,4.038549051965386e-21
2018,MTQ,PRT,3.4433393189489154e-21
2018,HTI,CYP,3.0910725408454737e-21
2018,TON,SWE,3.05892728634109e-21
2018,GRD,PRT,2.8986686771746223e-21
2018,HTI,SVN,2.877825063747747e-21
2018,MTQ,GRC,2.7894715170132766e-21
2018,TON,BEL,2.347737137335242e-21
2018,MTQ,BGR,1.9985733700917133e-21
2018,TON,FIN,1.7228859472641185e-21
2018,TON,CZE,1.6423634902331246e-21
2018,MTQ,SVK,1.3476575895872265e-21
2018,TON,IRL,1.3338750737892155e-21
2018,GRD,SVK,1.1344838485698775e-21
2018,HTI,LVA,1.0799362168451528e-21
2018,MTQ,LTU,1.0505742493631708e-21
2018,MTQ,HRV,1.029759098713315e-21
2018,GRD,HRV,8.668708390281476e-22
2018,MTQ,CYP,7.881692243330447e-22
2018,MTQ,SVN,7.337948619089516e-22
2018,GRD,CYP,6.634958774799474e-22
2018,GRD,SVN,6.177225026827837e-22
2018,MTQ,LVA,2.7536477358994403e-22
2018,GRD,LVA,2.318073155352292e-22
2019,GBR,BEL,71122.97325899634
2019,GBR,FRA,17767.36014233198
2019,GBR,DEU,14174.366487136203
2019,PRT,POL,2821.8355971031924
2019,GBR,ITA,2550.697801136248
2019,GBR,GRC,2054.286137163864
2019,DNK,DEU,1604.9231212978218
2019,GBR,ESP,1459.7828181896084
2019,SWE,DEU,1402.4769137025694
2019,LUX,BEL,1358.1885217778627
2019,LUX,DEU,1339.889922026558
2019,SWE,POL,1183.3127810644164
2019,GBR,POL,1168.3698220871952
2019,NLD,ESP,1144.9909668900855
2019,NLD,FRA,1044.161696864569
2019,DNK,SWE,1020.9113182799589
2019,LUX,FRA,1018.7190638677927
2019,NLD,BEL,988.4744293042243
2019,GBR,ROU,942.9403828323206
2019,SWE,ROU,942.5042888631507
2019,SWE,FRA,916.1265408277771
2019,GBR,HRV,876.2538479356406
2019,DNK,NLD,875.3490728464224
2019,PRT,ESP,811.1222355723659
2019,SWE,ESP,775.3206066684432
2019,GBR,SWE,746.0920460196362
2019,DNK,ESP,733.5217890988575
2019,CHE,NLD,725.985524335297
2019,HKG,FRA,709.6787312046471
2019,NLD,ITA,703.6657871125436
2019,NLD,DEU,683.2874223853245
2019,DNK,FRA,674.275727796248
2019,GBR,LVA,672.5861535094282
2019,SWE,BEL,644.2840621621956
2019,CHE,FRA,636.0084691297549
2019,SWE,CYP,633.1302610773516
2019,LUX,ESP,610.5261479137926
2019,GBR,IRL,572.1317943004767
2019,SWE,HRV,568.1549294970847
2019,LUX,NLD,550.0260071476748
2019,CHE,ESP,548.3534504799939
2019,SWE,EST,541.9322653248989
2019,NLD,POL,537.8932361892325
2019,GBR,CYP,537.7559431894923
2019,DNK,POL,535.2870489466085
2019,IRL,FRA,507.6411477149277
2019,NLD,ROU,504.0485531750802
2019,CHE,DEU,503.4696835836345
2019,DNK,FIN,487.220154736279
2019,GBR,SVK,482.0338072494552
2019,IRL,ESP,477.4033948900834
2019,LUX,ITA,474.9927312331616
2019,LUX,PRT,452.52442065700285
2019,IRL,NLD,451.3733474683073
2019,GBR,EST,451.1449618811336
2019,HKG,DEU,448.54270003232847
2019,HKG,NLD,445.9854740580573
2019,SWE,ITA,439.41459420256416
2019,ASM,NLD,428.8627621149426
2019,PRT,DEU,395.55340582271145
2019,AUT,NLD,384.7787006637168
2019,SGP,FRA,371.2656660632766
2019,SWE,LVA,362.9885410880245
2019,LUX,POL,340.2173573477408
2019,GBR,CZE,324.20039496725326
2019,MLT,NLD,312.77020783157104
2019,PAN,NLD,308.8834056427051
2019,CHE,POL,302.80975833409303
2019,LUX,ROU,299.5716268736478
2019,DNK,BEL,298.0579651407103
2019,CYM,ESP,291.46234731983907
2019,PRT,FRA,287.0143411489173
2019,NLD,FIN,283.997163378422
2019,IRL,DEU,275.4715459572529
2019,LUX,CYP,270.47530376889375
2019,GBR,AUT,269.746149388098
2019,VGB,NLD,266.6470638887666
2019,LUX,FIN,251.22080724848595
2019,CHE,ROU,243.50286653977076
2019,HKG,POL,229.77331746238275
2019,GBR,FIN,227.6559122536048
2019,SWE,SVK,225.88756882326993
2019,CHE,FIN,218.667390640531
2019,SWE,CZE,215.84428302628945
2019,HKG,ESP,207.20592422718425
2019,ASM,FRA,203.91829580164958
2019,DNK,ITA,201.2409768394624
2019,DNK,AUT,198.2411112823342
2019,GBR,DNK,193.28905620579528
2019,IRL,POL,190.2298388431837
2019,IRL,ROU,188.21115085139314
2019,CYM,NLD,188.13600755113643
2019,TLS,NLD,187.33654562893994
2019,SWE,AUT,184.2676140755082
2019,SGP,DEU,183.81658660314193
2019,BMU,NLD,180.72242490031485
2019,LUX,CZE,177.17070661550233
2019,MLT,FRA,175.3256422035051
2019,LUX,SWE,174.95644256898834
2019,ASM,ESP,172.67950075186374
2019,GBR,MLT,172.61367348581123
2019,CHE,SWE,169.8773516783989
2019,GBR,PRT,166.8274697622274
2019,NLD,AUT,165.86296194258657
2019,LUX,AUT,162.93487760777157
2019,MLT,ESP,160.4784943482253
2019,ASM,ROU,159.78065398594862
2019,URY,ESP,159.74345942095513
2019,DNK,CZE,159.5109310659157
2019,GBR,HUN,159.13241774325957
2019,AUT,ROU,158.07394902669958
2019,SGP,ESP,157.78226396508944
2019,GBR,BGR,155.56629674840374
2019,AUT,ESP,152.2607542261183
2019,SWE,FIN,143.4086924886002
2019,SWE,PRT,142.77734961464964
2019,LUX,DNK,138.16476395157397
2019,KAZ,FRA,135.17307109919932
2019,PAN,BEL,134.98693581335297
2019,SWE,BGR,133.472454044665
2019,DNK,HUN,133.3860484823663
2019,ASM,DEU,128.19540549487252
2019,GBR,LTU,125.86413386175775
2019,CHE,BEL,124.56887777803577
2019,ASM,POL,124.11305841453887
2019,MLT,ROU,123.88816943349578
2019,SWE,DNK,121.92134300703042
2019,PAN,DEU,115.93026645117513
2019,BIH,FRA,115.89758752101592
2019,SWE,HUN,114.66070827445093
2019,HKG,ROU,113.05570215223334
2019,KAZ,DEU,110.27755012462946
2019,DNK,EST,109.39843042522898
2019,BGR,ITA,108.12433800512666
2019,SWE,LTU,105.89893342510963
2019,MLT,POL,105.70962510090199
2019,MLT,DEU,103.862363687742
2019,SGP,NLD,101.0547588706817
2019,BHR,FRA,100.55448613080317
2019,LUX,GRC,100.3565231641964
2019,IRL,FIN,96.74747855660263
2019,SWE,NLD,93.18780959186998
2019,LBR,NLD,92.55814368228566
2019,PAN,FRA,90.88833195482508
2019,PAN,POL,90.70526247827904
2019,CHE,AUT,89.67475755106504
2019,HKG,CYP,89.40338436522936
2019,DNK,PRT,87.07273141145643
2019,BMU,BEL,86.23018529704234
2019,VGB,DEU,85.42414075553067
2019,HKG,FIN,83.94911724262556
2019,NLD,CYP,83.56634500691719
2019,TLS,FRA,83.16132578060774
2019,JEY,NLD,83.15607515594034
2019,KAZ,NLD,81.1631607274849
2019,PAN,ESP,80.36807524400011
2019,SGP,POL,80.25191320058278
2019,IMN,NLD,80.20549548445446
2019,CHE,PRT,78.47267946219732
2019,MLT,FIN,77.68554958775898
2019,VGB,POL,77.57475913173982
2019,VGB,ESP,77.55084150466375
2019,NLD,HUN,76.47167339368004
2019,KAZ,ESP,74.71635409718934
2019,KAZ,ITA,73.99036848962567
2019,TLS,ESP,73.36766430781194
2019,DNK,LTU,73.33834878219697
2019,GBR,SVN,73.3094900138871
2019,CHE,SVK,73.09216393120644
2019,PRT,ITA,70.80345391612593
2019,IRL,BEL,70.02945861428645
2019,IRL,ITA,69.88694530161816
2019,TLS,ROU,69.61782514910365
2019,CAN,ITA,68.43687434839201
2019,HKG,EST,68.2562618688752
2019,NLD,PRT,67.34669494977553
2019,AUT,POL,67.33803013088954
2019,VGB,FRA,66.58491920381873
2019,PAN,ROU,66.47527641479317
2019,LUX,EST,65.14958505689657
2019,CHE,EST,63.74866307784085
2019,VGB,BEL,63.65272987306133
2019,NLD,EST,63.359931961539345
2019,BIH,DEU,62.808302091568
2019,AUT,BEL,62.586459748181994
2019,HKG,SWE,62.38667327543376
2019,SWE,GRC,61.441183143105626
2019,BMU,DEU,61.26195785387948
2019,ASM,BEL,60.203463974897815
2019,PRT,SVK,60.195622400546284
2019,PAN,CYP,60.17530610916262
2019,NLD,SWE,60.12773063054131
2019,CHE,CYP,59.379740433680766
2019,BHR,DEU,58.650409934979926
2019,IRL,PRT,58.59603819086955
2019,JEY,FIN,57.42775611921568
2019,DNK,SVK,57.31625966849875
2019,BHR,NLD,56.17832193441351
2019,VGB,ROU,55.71000677866777
2019,DNK,CYP,54.62882088880907
2019,BIH,FIN,53.16520083663903
2019,SVK,DEU,53.09766967890506
2019,IRL,SVK,52.847477490511594
2019,CHE,ITA,52.11758812252602
2019,AUT,PRT,51.65514382847388
2019,TLS,POL,51.28350245254613
2019,PAN,EST,50.924260598347225
2019,BGR,ESP,50.213591029502865
2019,NLD,GRC,50.195524084739795
2019,VGB,CYP,49.91196957309509
2019,HUN,POL,49.89441311144118
2019,BMU,POL,49.83374661969621
2019,TLS,DEU,49.587962019623966
2019,PAN,FIN,49.197505519195474
2019,CYM,POL,49.003415104731445
2019,BMU,ESP,48.92598314732164
2019,IRL,AUT,48.84377947408273
2019,MMR,FRA,48.781309842710435
2019,LVA,FIN,48.50867305143087
2019,HKG,AUT,48.11533002746562
2019,ASM,PRT,47.62260888784468
2019,BMU,FRA,47.415606457623745
2019,LBR,FRA,47.0829871368777
2019,CYM,DEU,47.05117492545576
2019,BMU,ROU,46.62530488670041
2019,AUT,SVK,46.589720773924306
2019,TWN,NLD,46.481681114368996
2019,PRT,ROU,46.37977002234851
2019,LUX,SVK,45.8092972234659
2019,SVK,FIN,45.0825745529645
2019,CHE,HUN,45.06634385193201
2019,HKG,BEL,44.2170695151028
2019,MLT,BEL,44.04043430128933
2019,VGB,EST,43.68231134441786
2019,KAZ,POL,43.65245390772964
2019,JEY,POL,43.5916136888846
2019,BIH,NLD,43.46670491436279
2019,FIN,NLD,42.843790267918145
2019,ASM,SVK,42.48757704522858
2019,MCO,FRA,42.29147092998992
2019,SWE,SVN,41.93482202699989
2019,PAN,ITA,41.40963775874956
2019,DNK,LVA,40.07302944516187
2019,VGB,FIN,40.00097344037777
2019,GIN,FRA,39.84433958881742
2019,HKG,PRT,39.739499269467174
2019,BIH,POL,39.60445124871485
2019,JEY,DEU,39.06992813251334
2019,KHM,FRA,38.24481696416702
2019,NLD,DNK,38.088900773226875
2019,DNK,GRC,38.03408167051255
2019,LBR,ESP,38.00538030006775
2019,CAN,ESP,37.98707791195247
2019,IRL,SWE,37.05573993224142
2019,CYM,ROU,36.49134361715712
2019,IRL,CYP,36.09054289043042
2019,MUS,NLD,35.45775639084783
2019,HUN,DEU,35.292994822944955
2019,IMN,ESP,34.86333110840718
2019,LBR,ROU,34.680452473486504
2019,ASM,ITA,34.14503593664081
2019,TWN,FRA,34.03542490329637
2019,MLT,PRT,33.842667403127884
2019,CUW,NLD,33.55684590874188
2019,NLD,SVK,33.251579848472915
2019,CYM,FRA,33.245400118679356
2019,UGA,FRA,33.12877609284689
2019,IRL,EST,32.835047511154386
2019,IMN,ROU,32.59212233154675
2019,CHE,DNK,32.39409687427395
2019,MLT,AUT,32.293691199887455
2019,BHR,POL,32.07301522339933
2019,TWN,DEU,31.377844352158426
2019,HUN,ESP,31.173843863284027
2019,MLT,SVK,31.101980990415928
2019,CYM,CYP,31.01881003540189
2019,HKG,ITA,30.572877143398724
2019,ZMB,FRA,30.509190768926665
2019,HUN,ITA,30.441930550601878
2019,SVK,NLD,30.050580116213162
2019,GTM,NLD,29.94881167957551
2019,CHE,BGR,29.753659476979355
2019,IRN,FRA,29.75285844708721
2019,CHE,CZE,29.724812372231675
2019,GGY,FRA,29.712864657024788
2019,JEY,ROU,29.700524675491945
2019,MLT,CYP,29.47141854561537
2019,JEY,FRA,29.431093468080014
2019,BMU,CYP,29.24041577562556
2019,MMR,DEU,29.154740201011606
2019,ASM,FIN,28.964824751449033
2019,JEY,CYP,28.545281000159914
2019,KAZ,ROU,28.419162269248744
2019,IRL,DNK,28.343165226168743
2019,PRY,ESP,28.23107142851106
2019,MMR,NLD,27.928682010802046
2019,GTM,DEU,27.78872466462493
2019,LUX,HRV,27.73918643504201
2019,PAN,SWE,27.549132516769273
2019,VGB,ITA,27.455584129532255
2019,MLT,EST,27.395492785390147
2019,CYM,EST,27.330191575318644
2019,BIH,ESP,27.169878555057387
2019,NLD,HRV,27.043996336538022
2019,NLD,CZE,27.02375205434751
2019,KAZ,PRT,26.675089589814515
2019,ASM,CYP,26.38262446888946
2019,CPV,NLD,26.37627953275948
2019,SVK,PRT,25.630846566722614
2019,JEY,AUT,25.572990311843082
2019,SVK,BEL,25.517093115635152
2019,CYM,FIN,25.506923277709895
2019,TLS,BEL,25.48694227167256
2019,SVK,ESP,25.2359340742354
2019,JOR,FRA,25.20579725070629
2019,JEY,EST,25.165865523492894
2019,PRT,BEL,25.09633508795627
2019,ASM,EST,24.95620203032557
2019,LUX,LVA,24.919467881761495
2019,LBR,POL,24.907012876284806
2019,LBR,DEU,24.654198281770316
2019,BMU,EST,24.537837957902774
2019,LTU,LVA,24.365288692422087
2019,CAN,DEU,24.35227166145313
2019,KAZ,CYP,23.83899584955553
2019,BMU,FIN,23.823728970226053
2019,VIR,NLD,23.811987772288905
2019,SVK,ITA,23.780302155406872
2019,PRT,IRL,23.672533975091277
2019,GIN,NLD,23.46809903009306
2019,SGP,ROU,23.401664512054158
2019,GGY,NLD,23.26284083493606
2019,VGB,SWE,22.81332759589562
2019,IRL,HUN,22.611156505912167
2019,DNK,BGR,22.28106404730634
2019,HKG,CZE,22.201621393289724
2019,BRB,NLD,21.861247904864978
2019,ASM,SWE,21.798601930640608
2019,JEY,ESP,21.767875023061894
2019,IRN,NLD,21.612743833437356
2019,HKG,DNK,21.492276731070874
2019,ROU,ESP,21.35545260606954
2019,BMU,ITA,21.243927920462248
2019,KAZ,BEL,21.059891021320258
2019,SVK,CYP,21.003907248974823
2019,KHM,DEU,20.904440200079634
2019,IRL,BGR,20.743765256354532
2019,BOL,ESP,20.681207304075304
2019,ASM,DNK,20.581178735209928
2019,TLS,PRT,20.562233175762508
2019,GIB,FRA,19.97994411328227
2019,MCO,DEU,19.935650923221676
2019,SGP,SWE,19.930410492916778
2019,KHM,NLD,19.64719668369532
2019,AUT,DNK,19.573697192022248
2019,PRT,CZE,19.518387194817933
2019,HUN,FRA,19.434158268992505
2019,BIH,AUT,19.32281308936127
2019,CPV,ESP,19.303968567380576
2019,AUT,BGR,19.302835788292317
2019,GGY,DEU,19.197131290070885
2019,LUX,HUN,19.147714369314123
2019,BHR,ESP,18.969115757497537
2019,DNK,SVN,18.92737749042912
2019,TLS,SVK,18.917717757551188
2019,CAN,PRT,18.910255599109828
2019,CUW,BEL,18.800880224362924
2019,CHE,LTU,18.654557298453415
2019,ASM,HUN,18.65437245816959
2019,GIN,DEU,18.558037603936768
2019,HUN,ROU,18.502849189432734
2019,AUT,HUN,18.478443511865358
2019,CYP,ESP,18.46111625379937
2019,ASM,BGR,18.416651442794095
2019,IMN,POL,18.321522335530926
2019,NLD,LVA,18.302936771924728
2019,WSM,NLD,18.076824031470295
2019,HKG,SVK,17.933905270969394
2019,LUX,BGR,17.73378210371678
2019,BIH,ITA,17.645012820653204
2019,FIN,ROU,17.549107146664387
2019,AZE,FRA,17.525317519369036
2019,BIH,ROU,17.525310874518315
2019,KAZ,FIN,17.32255574721009
2019,NLD,IRL,17.146947483092024
2019,FIN,ESP,16.97992398142931
2019,IRN,DEU,16.958908745828605
2019,GHA,NLD,16.863490077041554
2019,UGA,DEU,16.784302107303976
2019,HUN,BEL,16.650828400048848
2019,KAZ,SWE,16.369350653245586
2019,DNK,HRV,16.288851170343097
2019,CYM,SWE,16.079897166631483
2019,GHA,ITA,16.043431334002314
2019,SVK,AUT,16.025074852089706
2019,PAN,AUT,16.011166723560695
2019,BIH,CYP,15.559682063394277
2019,SVK,ROU,15.557542348728798
2019,ASM,AUT,15.512357670903949
2019,SGP,CYP,15.339039936403925
2019,MMR,POL,15.248487022896386
2019,PYF,NLD,15.215884266164071
2019,TWN,POL,15.073776281800928
2019,KAZ,AUT,15.020847474346178
2019,MDG,FRA,14.985708823698637
2019,CHE,SVN,14.96231264243461
2019,TWN,ESP,14.953419168815158
2019,MLT,DNK,14.920546679068684
2019,IMN,FRA,14.898025012000023
2019,KWT,NLD,14.808852848867193
2019,PRT,AUT,14.741388624832414
2019,MUS,DEU,14.517856701112025
2019,CRI,ESP,14.454622835383551
2019,ZMB,DEU,14.37650429442588
2019,BHR,ROU,14.27480436819027
2019,SGP,EST,14.257998530743645
2019,HUN,CYP,14.252890229764546
2019,MLT,ITA,14.2269832615804
2019,MLT,SWE,14.178230150417797
2019,PYF,FRA,14.173668385961257
2019,GNQ,NLD,14.155080170751672
2019,BMU,SWE,14.014573066516073
2019,GGY,POL,13.963095121532081
2019,SVK,POL,13.957754984981875
2019,BIH,EST,13.839320470417801
2019,CUW,DEU,13.687199149880348
2019,CHE,HRV,13.660271795948457
2019,MLT,BGR,13.627826626059193
2019,JOR,DEU,13.605618755236721
2019,SRB,FIN,13.570330251122035
2019,GIN,ESP,13.543111587222477
2019,GIB,DEU,13.373254249694412
2019,KWT,ESP,13.275808639580001
2019,MLT,HUN,13.25127688432735
2019,CAN,BEL,13.142188709407572
2019,BGR,ROU,13.045088668651243
2019,SGP,AUT,12.989062571077117
2019,CYM,ITA,12.966766507652503
2019,HUN,SWE,12.946815883409254
2019,GGY,FIN,12.728176901216571
2019,NLD,LTU,12.648674634686994
2019,ABW,ESP,12.507515544679354
2019,JOR,NLD,12.438770147924277
2019,LBR,BEL,12.389371600518977
2019,IMN,BEL,12.344284611610291
2019,GIB,NLD,12.215836215458044
2019,VGB,AUT,12.202212900513857
2019,GTM,BEL,12.200511175013606
2019,JEY,BEL,12.142352629992406
2019,GUY,NLD,12.01760854182857
2019,GTM,PRT,11.942158716466798
2019,LTU,EST,11.875672633456912
2019,BHR,FIN,11.793634369910304
2019,PRY,DEU,11.72784371947959
2019,PAN,PRT,11.656592523948762
2019,GHA,DEU,11.651917331462602
2019,MUS,FRA,11.648627373877503
2019,BHR,CYP,11.640665968604017
2019,KAZ,EST,11.61528840680982
2019,LUX,SVN,11.559917469348147
2019,BMU,PRT,11.5091219833592
2019,LVA,POL,11.429507448644516
2019,LVA,ESP,11.380341802726567
2019,LKA,FRA,11.368966861958771
2019,LUX,LTU,11.303600546768099
2019,CYP,NLD,11.294084153945429
2019,GHA,ESP,11.228444050050015
2019,HKG,GRC,11.191089151117577
2019,CPV,ROU,11.162677145653662
2019,LVA,AUT,11.139721049143413
2019,MUS,POL,11.082828350646112
2019,HKG,HRV,11.053617605083927
2019,CAN,ROU,10.940920874485244
2019,GIN,POL,10.72335800973385
2019,JEY,ITA,10.660573690803414
2019,HKG,HUN,10.633619987263335
2019,TLS,ITA,10.626062593395478
2019,IRL,CZE,10.622515972226905
2019,KHM,POL,10.607545220723775
2019,KWT,FRA,10.603559540926012
2019,HKG,LTU,10.555679434398233
2019,HUN,EST,10.471949282739772
2019,SVK,CZE,10.456090010118773
2019,PAN,CZE,10.450901351705445
2019,AUT,SVN,10.445951699812484
2019,GIN,ROU,10.439235911681957
2019,IRL,SVN,10.322228175353107
2019,BHR,EST,10.282066202683126
2019,LBR,PRT,10.276712948097225
2019,GHA,ROU,10.248483051555223
2019,BRB,DEU,10.216501284251471
2019,NLD,BGR,10.214002936859133
2019,ASM,HRV,10.153110784318866
2019,TLS,FIN,10.147571650108773
2019,PRI,ESP,10.124811038262374
2019,NLD,SVN,10.104402466927853
2019,IRL,HRV,10.070890684557515
2019,AZE,NLD,10.067617956975504
2019,CHE,GRC,10.056740335043873
2019,IRN,POL,10.046599265724039
2019,IMN,PRT,10.026212232051046
2019,CUW,ESP,9.988827303482912
2019,MMR,ESP,9.958763780370676
2019,BGR,PRT,9.945770076115307
2019,KAZ,CZE,9.906566079695535
2019,VIR,ROU,9.754118569680832
2019,AZE,DEU,9.74798995213771
2019,LBR,SVK,9.739765636512049
2019,GGY,ESP,9.677908120024714
2019,SVK,SWE,9.673068327064527
2019,AUT,ITA,9.604059130443488
2019,TWN,CYP,9.572159369031416
2019,PAN,HRV,9.553199966930311
2019,GTM,CYP,9.53261178530894
2019,TLS,CYP,9.524009467094869
2019,CHE,LVA,9.500331039634867
2019,HKG,BGR,9.491936758029246
2019,VIR,ESP,9.447644694622419
2019,TLS,EST,9.377731755235889
2019,KAZ,DNK,9.372127454978072
2019,CUW,ROU,9.211733187015495
2019,CPV,FRA,9.197966282733498
2019,CYM,CZE,9.18304737164208
2019,TWN,ROU,9.166865533294501
2019,IMN,SVK,9.135732711527025
2019,LAO,FRA,9.068596460151115
2019,GGY,ROU,9.011720009304424
2019,MMR,ROU,9.007520148805511
2019,ASM,SVN,8.986706330384196
2019,TCD,NLD,8.973346302573379
2019,CUW,POL,8.941955991225855
2019,VCT,NLD,8.918143476781554
2019,GIB,POL,8.90929904600948
2019,MHL,FRA,8.899506704596673
2019,TLS,DNK,8.870028058980745
2019,ROU,DEU,8.815931173482753
2019,CUW,FRA,8.662675026741338
2019,AUT,FIN,8.56999502406961
2019,GTM,ESP,8.423999445056817
2019,JEY,SWE,8.423220500588231
2019,URY,DEU,8.41871191973949
2019,IMN,DEU,8.372221271392451
2019,BHR,SWE,8.284308837485622
2019,PAN,GRC,8.282468734644446
2019,WSM,FRA,8.140051423823651
2019,BMU,AUT,8.137692664886252
2019,TLS,HUN,8.131813265437897
2019,BIH,SWE,8.126767694128842
2019,MCO,POL,8.125501016995472
2019,PAN,LTU,8.120444477916989
2019,SVK,EST,8.10977030354113
2019,TLS,BGR,8.096015393602034
2019,BGR,POL,8.033725511298332
2019,TLS,SWE,8.009633244496937
2019,PRT,DNK,7.9958072360313714
2019,IMN,FIN,7.995574506002605
2019,LVA,CYP,7.964838124391375
2019,VGB,HRV,7.8810529417345485
2019,GIB,FIN,7.871653188977741
2019,VGB,CZE,7.8644616974848915
2019,CYM,AUT,7.849250381757328
2019,CAN,CYP,7.829475418629241
2019,LUX,IRL,7.793050967633538
2019,SSD,NLD,7.764700492825143
2019,UGA,NLD,7.681789040535865
2019,DOM,NLD,7.629382844914432
2019,FIN,POL,7.563896064934836
2019,MUS,CYP,7.544134178644696
2019,UGA,POL,7.542757568270112
2019,MUS,ROU,7.5288353194959114
2019,VUT,NLD,7.522079557230996
2019,IRN,ESP,7.519952627102006
2019,UZB,FRA,7.479265707682048
2019,PYF,DEU,7.316440829002109
2019,SVK,FRA,7.211434745459652
2019,WSM,ESP,7.186814258760404
2019,LVA,EST,7.054327070552091
2019,VGB,LTU,7.003200166757216
2019,KWT,DEU,6.999491145239814
2019,SGP,SVK,6.989333058548728
2019,FIN,BEL,6.961919920576695
2019,MUS,AUT,6.9344150357996375
2019,GHA,POL,6.925286927693513
2019,CYP,FRA,6.859346461902991
2019,IRL,LTU,6.857379536696198
2019,MDG,DEU,6.848023075297174
2019,HUN,FIN,6.815897323076621
2019,SVK,DNK,6.782939857046049
2019,WSM,ROU,6.767847648157336
2019,PYF,ESP,6.74019531857271
2019,SGP,FIN,6.732084848224902
2019,JOR,POL,6.7302986015276485
2019,HUN,PRT,6.673880454496756
2019,HUN,HRV,6.584029719154855
2019,BRB,BEL,6.571684782074984
2019,PRT,SWE,6.5638165672420845
2019,GTM,ROU,6.545684343210186
2019,BGR,AUT,6.537294841277738
2019,MLT,HRV,6.531685904572959
2019,KHM,ESP,6.497472670333137
2019,PAN,BGR,6.445198521752268
2019,VGB,PRT,6.441763008292325
2019,BHR,AUT,6.43631301964907
2019,TWN,EST,6.396507374457477
2019,LVA,ROU,6.383192151882975
2019,LKA,DEU,6.3592627362905665
2019,MLT,SVN,6.302495729441351
2019,CPV,POL,6.283887690153217
2019,GHA,AUT,6.260249424828249
2019,CAN,AUT,6.2514948831892285
2019,PRY,BEL,6.224337469096721
2019,IRN,ROU,6.217918008083922
2019,SGP,ITA,6.15712139274119
2019,LTU,POL,6.1489523812813935
2019,GGY,CYP,6.133887255692343
2019,BMU,SVK,6.077459232281558
2019,CAN,NLD,6.071167605163399
2019,MUS,EST,6.046488320727151
2019,LVA,DEU,6.032564617960044
2019,BRB,POL,6.031942260080769
2019,SGP,DNK,5.920189874766798
2019,TWN,SWE,5.909120115491731
2019,GTM,FIN,5.899927625738916
2019,GGY,AUT,5.889056290510535
2019,UGA,ESP,5.861238348460214
2019,PRY,PRT,5.86068008308577
2019,TWN,FIN,5.7893494419130525
2019,IRL,GRC,5.782293354263701
2019,PYF,ROU,5.768527044971787
2019,FIN,PRT,5.751614415154791
2019,CUW,CYP,5.742606178285881
2019,GTM,POL,5.7298402231160015
2019,GNQ,ROU,5.714436067637623
2019,MUS,ESP,5.678474427524441
2019,MCO,ESP,5.65950657616571
2019,LVA,FRA,5.645984465497755
2019,KAZ,GRC,5.643202602803853
2019,ZMB,POL,5.643182967154365
2019,GTM,SWE,5.642160719402632
2019,ROU,SWE,5.642082379494283
2019,TLS,AUT,5.61774744500854
2019,HUN,AUT,5.605624615252078
2019,VGB,BGR,5.590959782807951
2019,BMU,CZE,5.574899470873727
2019,AUT,HRV,5.537161778815412
2019,TWN,PRT,5.51720762659759
2019,BMU,HRV,5.490696124895753
2019,CAN,CZE,5.452275506661397
2019,GTM,CZE,5.43423209653955
2019,GGY,EST,5.413627088399714
2019,CYM,BEL,5.404724036057535
2019,YEM,NLD,5.383586509847719
2019,CAN,DNK,5.378455664124116
2019,JEY,HRV,5.310376397413534
2019,PYF,POL,5.287294255761681
2019,TWN,BEL,5.274590867161518
2019,AZE,POL,5.263985896269936
2019,HUN,CZE,5.244631692392281
2019,CYP,ROU,5.227944775827884
2019,ASM,CZE,5.2094014172874825
2019,FIN,SVK,5.190832565694624
2019,MMR,CYP,5.159771953426283
2019,ASM,LTU,5.140329282035174
2019,VGB,GRC,5.138581213682628
2019,GNQ,ESP,5.098826665768382
2019,PAN,LVA,5.072025323809993
2019,BRB,FRA,5.053627106161433
2019,MMR,FIN,5.048313483277003
2019,SYC,NLD,5.016475480218669
2019,HUN,LVA,4.994925834955049
2019,CYM,LTU,4.951819258894003
2019,WSM,POL,4.935816153720786
2019,GIB,ESP,4.924311367685789
2019,BMU,BGR,4.900803448089501
2019,LKA,NLD,4.896125859519239
2019,KWT,POL,4.88392473461997
2019,GIB,ROU,4.869315529982915
2019,GHA,CYP,4.868386776794037
2019,LAO,DEU,4.864607435792884
2019,URY,CZE,4.858153358273077
2019,BRB,ROU,4.829099407096069
2019,MLT,LTU,4.815188941661443
2019,ROU,NLD,4.809217562666259
2019,BHR,ITA,4.79018554903187
2019,BRB,CYP,4.770088087564776
2019,GHA,FRA,4.731248520979897
2019,URY,BEL,4.721536998025347
2019,HKG,LVA,4.693659668395827
2019,WSM,DEU,4.690148510349039
2019,MMR,SWE,4.667783077813202
2019,MHL,DEU,4.647450479205384
2019,CAN,POL,4.626200107683428
2019,CYM,BGR,4.620571951653293
2019,LAO,NLD,4.59750026199765
2019,ZMB,ESP,4.596720563352432
2019,MMR,EST,4.587953829595852
2019,AZE,ESP,4.568560187909786
2019,UZB,NLD,4.551967407797281
2019,BMU,GRC,4.548268216915465
2019,CYM,PRT,4.531936960803322
2019,LBR,DNK,4.520477403612912
2019,BRB,ESP,4.511977247890409
2019,CUW,FIN,4.509439745641637
2019,PAN,HUN,4.492650560923681
2019,SVK,GRC,4.4577249263825145
2019,GUY,ESP,4.454396145601855
2019,GUY,ROU,4.445640537655068
2019,CAN,SWE,4.406473935696929
2019,TWN,AUT,4.379715579007018
2019,SSD,FRA,4.371793123883101
2019,CPV,BEL,4.3665587152816165
2019,URY,PRT,4.361045255774599
2019,NLD,MLT,4.354405000782915
2019,PAN,DNK,4.352299302888774
2019,UZB,DEU,4.306716878145796
2019,CPV,DEU,4.282104081598886
2019,LVA,NLD,4.250699376639832
2019,BMU,DNK,4.2442849066042365
2019,CUW,EST,4.228012047538615
2019,CAN,FIN,4.226806780146465
2019,GIB,CYP,4.2147085974152905
2019,BHS,ESP,4.17546128497875
2019,JOR,ESP,4.171104203939115
2019,KHM,ROU,4.130939522315699
2019,VIR,POL,4.1011844563812465
2019,ASM,LVA,4.087801264557954
2019,BMU,LTU,4.063471503918349
2019,GIB,BEL,4.052763231937758
2019,MUS,SWE,4.031723623500619
2019,CYM,HRV,4.030554257524529
2019,LBR,BGR,4.027467456894676
2019,LBR,HUN,4.023751981757043
2019,VGB,LVA,3.989340018052575
2019,TLS,SVN,3.9821787815380234
2019,BMU,HUN,3.975257251525189
2019,IMN,DNK,3.962277303017139
2019,VIR,BEL,3.9540444048620174
2019,GTM,FRA,3.9428724604776053
2019,VGB,HUN,3.937185679459549
2019,CUW,ITA,3.9216998299663994
2019,JEY,LTU,3.921327704640337
2019,GHA,PRT,3.8776573722104732
2019,HUN,DNK,3.865103304659499
2019,IRL,LVA,3.8634813135785917
2019,TLS,HRV,3.850208356749845
2019,MHL,NLD,3.844168261028953
2019,IMN,BGR,3.8366227630366057
2019,VNM,DEU,3.8343386865101863
2019,SGP,CZE,3.80685676080347
2019,GIB,AUT,3.802656658820845
2019,VCT,ESP,3.785959247579296
2019,GHA,SWE,3.776977446150956
2019,SSD,ROU,3.753959943191144
2019,TCD,ESP,3.7412714892877434
2019,TCD,ROU,3.733831239383343
2019,CUW,PRT,3.7093472494316253
2019,ROU,FRA,3.699607874815848
2019,HUN,SVK,3.6969616078094933
2019,MLT,CZE,3.694558608463018
2019,IMN,HUN,3.694309498443857
2019,GIB,EST,3.6875912736318557
2019,SRB,DEU,3.673685027054171
2019,VCT,ROU,3.6548605118696207
2019,MCO,FIN,3.6212906011578823
2019,GIN,BEL,3.6119153791695635
2019,BRB,FIN,3.6092977424755617
2019,LBR,EST,3.5897244448455083
2019,JEY,CZE,3.5743047729883077
2019,CPV,PRT,3.5552094458946697
2019,JEY,LVA,3.5298341414905714
2019,UGA,ROU,3.52721470346143
2019,JOR,ROU,3.5133142400950383
2019,LUX,MLT,3.4918709313824325
2019,SSD,ESP,3.4428790186556864
2019,LBR,CYP,3.4381238162317187
2019,CAN,GRC,3.423450864338487
2019,CPV,SVK,3.4007954466727455
2019,ABW,NLD,3.3861609844427694
2019,CYM,SVK,3.357297967878405
2019,BRB,EST,3.3543212432294025
2019,SGP,HUN,3.353766210699755
2019,BGR,DNK,3.340130736199514
2019,LBR,AUT,3.331459135405466
2019,GTM,EST,3.3305761361213295
2019,GIN,SVK,3.330467110306411
2019,VNM,FRA,3.3178739889156894
2019,CYP,LVA,3.3140634453315974
2019,PAN,SVK,3.2946230772433456
2019,VUT,FRA,3.2911436023003384
2019,IMN,AUT,3.288071606263438
2019,VIR,PRT,3.279652407058273
2019,IRN,CYP,3.245091468502234
2019,CYP,DEU,3.2307873790935466
2019,MCO,NLD,3.2255902450303937
2019,GHA,BEL,3.220975900655358
2019,KHM,CYP,3.2115480749243006
2019,AND,ESP,3.2037756567567173
2019,LBR,SWE,3.200418860395306
2019,GHA,EST,3.195051858549113
2019,CYM,HUN,3.1755594441902226
2019,LBR,ITA,3.1465985935406504
2019,AUT,EST,3.1323728509939084
2019,GTM,DNK,3.1253949541515227
2019,VNM,NLD,3.114539082175156
2019,PRY,NLD,3.109787519617446
2019,CYP,POL,3.08298622163134
2019,MMR,AUT,3.064240556140812
2019,KHM,SWE,3.063306341089116
2019,BHS,DEU,3.0251740232818762
2019,PRY,CZE,3.015378691941818
2019,ASM,GRC,3.011324390423404
2019,PRY,CYP,2.971439519936611
2019,GIN,PRT,2.9587760382012966
2019,TWN,CZE,2.9468319276838892
2019,ROU,POL,2.945261433404095
2019,JEY,PRT,2.941082008326573
2019,KHM,EST,2.924068964981585
2019,LKA,POL,2.919250466962788
2019,VUT,ESP,2.9164133281767537
2019,BMU,LVA,2.8859626477598197
2019,VIR,SVK,2.8780300135900707
2019,IRN,EST,2.876562557935911
2019,BHR,BEL,2.858676660849448
2019,CUW,SWE,2.854459104818166
2019,IRN,FIN,2.8309678834975376
2019,GGY,BEL,2.8295802782118633
2019,BGR,FRA,2.8231959724886933
2019,VUT,ROU,2.7841942083349736
2019,KWT,ROU,2.784128592812371
2019,AZE,ROU,2.779527175248283
2019,VGB,SVK,2.7777059442704073
2019,MNG,FRA,2.766042299671155
2019,GNQ,POL,2.750267788756455
2019,IMN,EST,2.7224068839341924
2019,TWN,ITA,2.7151981688619484
2019,VGB,DNK,2.702523429808719
2019,DOM,ROU,2.6905750396976345
2019,ROU,FIN,2.6841509210030994
2019,JEY,BGR,2.6313913106795104
2019,GGY,SWE,2.6254827892605164
2019,BGR,FIN,2.620787348482113
2019,ZMB,AUT,2.594732615443378
2019,CYM,GRC,2.5941004517130866
2019,UGA,AUT,2.558362638438572
2019,BGR,CYP,2.541901146762155
2019,MDG,POL,2.538684425272406
2019,MUS,ITA,2.5202325852059424
2019,ALB,FRA,2.5184692870880214
2019,IMN,CYP,2.504657068004352
2019,LAO,POL,2.463317541723848
2019,KAZ,SVK,2.456479115338394
2019,BRB,PRT,2.4427928309593394
2019,IMN,ITA,2.44119267191909
2019,WSM,BEL,2.4331097895737543
2019,LCA,NLD,2.428179208161262
2019,GGY,ITA,2.4071260206221567
2019,BRB,SWE,2.4028711819041284
2019,MMR,ITA,2.40182177904729
2019,MUS,BEL,2.394376663867932
2019,MLT,LVA,2.391775664777649
2019,UZB,POL,2.371382170818081
2019,BGR,GRC,2.347723125524848
2019,KHM,FIN,2.3412288063256
2019,GTM,AUT,2.3384140878060227
2019,KWT,CYP,2.331450051130444
2019,SSD,DEU,2.3217085537727806
2019,MLT,GRC,2.310027608926928
2019,BIH,PRT,2.309364942684006
2019,SGP,GRC,2.3047673278722787
2019,SGP,LTU,2.3000623698294156
2019,LVA,ITA,2.2940500929610113
2019,MHL,POL,2.283965951927734
2019,URY,AUT,2.263053721840699
2019,YEM,FRA,2.260541745252119
2019,SYC,FRA,2.252976248435538
2019,GIB,ITA,2.2468221303261187
2019,IRN,SWE,2.2457893780898783
2019,BIH,BEL,2.239602453660646
2019,PRT,FIN,2.230728269007651
2019,BIH,DNK,2.221175329722749
2019,GUY,POL,2.2070955429491725
2019,PRY,ROU,2.1953772603593102
2019,BHR,SVK,2.1837195789645394
2019,FIN,DNK,2.179825923393558
2019,HUN,LTU,2.1758237654579093
2019,URY,CYP,2.174775894948711
2019,BHR,HRV,2.17460678116266
2019,YEM,ROU,2.1720586995860494
2019,BRB,ITA,2.1580268887972878
2019,SSD,POL,2.1523367584738855
2019,FIN,BGR,2.1493046435863805
2019,MUS,PRT,2.146625930674476
2019,SYC,ESP,2.1200586718544234
2019,LTU,DEU,2.1016868196253364
2019,URY,NLD,2.098835451364847
2019,SGP,HRV,2.0963441146018096
2019,PRY,SWE,2.0933909570100124
2019,YEM,ESP,2.0899579062948908
2019,KWT,EST,2.0743076525073403
2019,CYP,BEL,2.061183444707443
2019,FIN,HUN,2.0575109365457283
2019,PYF,BEL,2.0558548054274097
2019,VUT,POL,2.0433992105854357
2019,GTM,GRC,2.0272757439750992
2019,LIE,FRA,2.0243585342503585
2019,JOR,CYP,2.0199959591540053
2019,BHR,DNK,2.018191718382728
2019,LBR,SVN,2.00890351974976
2019,WSM,PRT,2.0001730915318023
2019,MDG,ESP,1.9965574856163435
2019,IMN,SVN,1.9942772608819883
2019,KHM,AUT,1.9938455005521143
2019,VUT,DEU,1.9932198813527457
2019,DOM,DEU,1.990716722978792
2019,SRB,POL,1.9861845594233847
2019,LKA,ESP,1.9681830473652628
2019,TLS,LTU,1.9634283084412312
2019,PRT,GRC,1.9625160073828134
2019,BIH,LTU,1.9572169748438342
2019,SYC,ROU,1.9544944429487878
2019,SRB,CYP,1.9541600815248623
2019,SGP,BGR,1.9459924699185729
2019,GNQ,BEL,1.9103773732970966
2019,JEY,GRC,1.8970072576010502
2019,GUY,BEL,1.8890617757388233
2019,ZMB,ROU,1.8761291555404997
2019,JEY,HUN,1.8722389377927207
2019,UGA,SWE,1.8662448421115774
2019,BIH,SVK,1.8613937297031806
2019,JEY,SVK,1.8519060657063333
2019,TWN,DNK,1.846879907074063
2019,WSM,SVK,1.8388367790590872
2019,BHR,CZE,1.837385510448983
2019,MCO,AUT,1.8297667895549738
2019,HUN,GRC,1.8275001071025347
2019,JOR,SWE,1.8067830325330847
2019,JOR,EST,1.806122858424209
2019,HUN,BGR,1.8047461967743843
2019,DOM,POL,1.7909335664542707
2019,SRB,BEL,1.7855935188849006
2019,IRN,AUT,1.7853127837328362
2019,GIB,SWE,1.771149660876888
2019,KAZ,LTU,1.7648438889538234
2019,MCO,ROU,1.7561589896046097
2019,PRY,FIN,1.7462450180994065
2019,GHA,FIN,1.7409570503578664
2019,GIN,DNK,1.7229899955765766
2019,BHR,PRT,1.7193777049031267
2019,URY,FIN,1.7192463320979496
2019,MCO,SWE,1.6990810353046437
2019,CUW,AUT,1.6928406196783534
2019,AZE,ITA,1.6835448415931995
2019,SGP,PRT,1.6805468755137825
2019,PYF,SVK,1.6783072490045379
2019,URY,SWE,1.6776496504472427
2019,ROU,BEL,1.6557102241680348
2019,PYF,PRT,1.6535731729980596
2019,TLS,CZE,1.651727967846045
2019,UGA,CYP,1.6486706620772977
2019,TCD,POL,1.6444925102524721
2019,CYM,DNK,1.6432393946252242
2019,VCT,BEL,1.6331575848143993
2019,LTU,FRA,1.6254593391837477
2019,BHR,LTU,1.6198716805164253
2019,AZE,CYP,1.6164377478665024
2019,BHS,BEL,1.6110118258376027
2019,GUY,PRT,1.6088250769137424
2019,SRB,PRT,1.5980657704964851
2019,AUT,LTU,1.5944021394764816
2019,KAZ,HUN,1.591656410936762
2019,IRN,BEL,1.590127601856314
2019,CUW,CZE,1.5851957757794557
2019,UZB,ESP,1.5823449359666264
2019,GNQ,PRT,1.5814643201138128
2019,CYP,SVK,1.5663467703766687
2019,LVA,BEL,1.55955866535337
2019,MMR,BEL,1.540385725477555
2019,GGY,PRT,1.5379946648311695
2019,PRY,DNK,1.5355133213776706
2019,BHS,PRT,1.533837129931474
2019,VCT,POL,1.5279279234717291
2019,GIN,SWE,1.5228785067137718
2019,UGA,EST,1.5217466065565173
2019,CYP,PRT,1.5196787478364036
2019,MUS,FIN,1.518105586871959
2019,LAO,ESP,1.510969714560217
2019,CYP,MLT,1.5059237369295593
2019,AZE,FIN,1.4951794351500527
2019,LIE,FIN,1.488460032021441
2019,MNG,DEU,1.484987181844614
2019,TCD,BEL,1.4818715196341579
2019,CPV,DNK,1.4801191655593022
2019,GTM,ITA,1.4761756182363355
2019,BHR,HUN,1.4661891917804013
2019,GHA,CZE,1.4635888539048991
2019,GGY,SVK,1.462499169871684
2019,AUT,FRA,1.458765972019731
2019,AZE,EST,1.4531082287745982
2019,KAZ,HRV,1.4524354496689056
2019,AZE,SWE,1.4391860759791262
2019,KWT,SWE,1.4386828220049561
2019,IRN,ITA,1.4281736296884733
2019,DNK,MLT,1.4143524227843425
2019,JEY,DNK,1.392896697161771
2019,BIH,GRC,1.3924550031380913
2019,ABW,ROU,1.388430348350054
2019,KWT,FIN,1.386439312065118
2019,MHL,ESP,1.3825303465992766
2019,YEM,POL,1.3821528016185243
2019,CYM,LVA,1.3803565353896157
2019,GNQ,SVK,1.3769161556562328
2019,BRB,CZE,1.3764211609008856
2019,VCT,PRT,1.3736961890733632
2019,GIN,HUN,1.3720962449630687
2019,LBR,FIN,1.370168460213924
2019,TLS,LVA,1.3699734531910313
2019,LBR,HRV,1.3656287893359222
2019,CPV,BGR,1.3630580443593365
2019,BMU,SVN,1.351534233872906
2019,GIN,AUT,1.3445164847493978
2019,DOM,FRA,1.3430253514497812
2019,CPV,HUN,1.3411192271595689
2019,KAZ,BGR,1.3360683306161305
2019,BGR,DEU,1.3223437980913573
2019,MUS,CZE,1.317600044060414
2019,CUW,SVK,1.3150909933598165
2019,HKG,SVN,1.3131758019522406
2019,BGR,SVN,1.3130400535805549
2019,MNG,NLD,1.3082127922029352
2019,KHM,ITA,1.3072904325596082
2019,AUT,LVA,1.300826511723348
2019,PRK,NLD,1.2931885508992744
2019,SYC,POL,1.291357214819641
2019,TWN,GRC,1.2896628955289429
2019,YEM,DEU,1.2822077218471268
2019,PRY,AUT,1.2773983779252174
2019,IRN,SVK,1.2636312263671667
2019,JOR,AUT,1.2579287067542784
2019,SVK,LVA,1.2533450563700756
2019,ROU,AUT,1.246433380365573
2019,GGY,HRV,1.2418168887652796
2019,BRB,AUT,1.240374411740478
2019,GHA,HUN,1.232651402008797
2019,VIR,DNK,1.2322913722988902
2019,MMR,HUN,1.2305509432596546
2019,BHR,BGR,1.2283036961643916
2019,IRN,PRT,1.2268200249097396
2019,KWT,AUT,1.2251378307214689
2019,WSM,ITA,1.2220486880907806
2019,CUW,DNK,1.2211138769516623
2019,JOR,FIN,1.216620412833478
2019,TCD,PRT,1.2090896816873387
2019,ROU,CZE,1.2033346815078731
2019,IMN,SWE,1.2019489443553812
2019,GUY,SVK,1.1991272484905244
2019,HUN,NLD,1.1944042732611297
2019,VIR,BGR,1.192633009033422
2019,LVA,SWE,1.1825151204338689
2019,ZMB,SWE,1.1758856121390282
2019,FIN,SVN,1.1631193331283045
2019,DOM,CYP,1.1594762283159412
2019,UZB,ROU,1.1562590947816629
2019,IMN,HRV,1.1531164877723477
2019,SVK,LTU,1.149755360738073
2019,SYC,DEU,1.1490854838876126
2019,BIH,HUN,1.1487317033614124
2019,ALB,DEU,1.1463216829302123
2019,VIR,HUN,1.1414857717750055
2019,PNG,FRA,1.1389553632811507
2019,URY,DNK,1.1378535829730694
2019,MMR,SVK,1.1349082835847304
2019,GIN,BGR,1.1255447647013965
2019,BHR,GRC,1.1205498694691907
2019,SSD,BEL,1.1190855630545244
2019,VNM,ESP,1.116108541536185
2019,ROU,ITA,1.1148867364817139
2019,SRB,ROU,1.1129391295390803
2019,LKA,SWE,1.1084735958443654
2019,SRB,EST,1.1079260299739797
2019,PRT,HUN,1.10464528582875
2019,TCD,SVK,1.087328682222402
2019,GHA,DNK,1.0860881511118592
2019,LIE,DEU,1.0732442323154494
2019,FIN,ITA,1.07313408090703
2019,VCT,SVK,1.069628256700999
2019,CUW,GRC,1.0663555928460144
2019,VNM,BEL,1.0568517409737517
2019,VNM,PRT,1.055921663448456
2019,BHR,LVA,1.0490574724399746
2019,AZE,AUT,1.0385777523487212
2019,VUT,BEL,1.034569902158694
2019,VNM,POL,1.0280667715655298
2019,MMR,PRT,1.025395434621516
2019,DOM,EST,1.0182860982317015
2019,DNK,ROU,1.0108163935530659
2019,CUW,HRV,1.009524227915362
2019,MCO,CYP,1.0077892409441003
2019,MMR,DNK,1.0067449158711348
2019,TLS,GRC,1.0049300009715747
2019,SRB,ESP,1.004927865696334
2019,LVA,LTU,0.99611508816895
2019,MCO,EST,0.986288720862015
2019,GIB,HRV,0.9828021862319676
2019,PAN,IRL,0.9813310354735969
2019,GGY,DNK,0.9807293620466047
2019,CPV,AUT,0.9802765387958141
2019,DOM,ESP,0.9772857224194536
2019,BRN,FRA,0.9753952018842543
2019,GUY,DEU,0.9738702469445113
2019,TWN,LTU,0.9689556542628762
2019,URY,SVK,0.9654943083298034
2019,LAO,ROU,0.9648530395214283
2019,WSM,FIN,0.9610976204798087
2019,URY,GRC,0.9609827091491575
2019,PRY,GRC,0.9562831028639921
2019,URY,ROU,0.9561616534422587
2019,CUW,BGR,0.953606872501511
2019,BIH,CZE,0.9527074592828736
2019,PRT,HRV,0.9508364507203548
2019,HUN,SVN,0.9423016643096866
2019,LKA,ROU,0.9413431446490477
2019,MUS,LTU,0.9371205769931812
2019,MMR,CZE,0.9331965134656972
2019,GHA,GRC,0.9210917534141226
2019,DJI,NLD,0.9205661419015446
2019,SSD,PRT,0.9175401854345779
2019,PRT,BGR,0.9037037552427076
2019,KWT,ITA,0.8991935845345942
2019,LCA,ROU,0.8906216766971012
2019,LCA,ESP,0.8886870200139043
2019,WSM,CYP,0.8813086239470752
2019,KAZ,SVN,0.8808800118317974
2019,SSD,SVK,0.8753696230724405
2019,VNM,CYP,0.8726655893990422
2019,WSM,EST,0.8722455664997051
2019,IRN,DNK,0.8670950759889604
2019,PYF,SWE,0.8665688078963982
2019,WSM,DNK,0.8661729490987757
2019,BIH,BGR,0.8630737254788646
2019,GNQ,DEU,0.8516969050445864
2019,GGY,LTU,0.8494865892776343
2019,JOR,ITA,0.8371866896635616
2019,MMR,HRV,0.8368751583085736
2019,MHL,ROU,0.8343474013775065
2019,PYF,FIN,0.8328700579171182
2019,CAN,SVN,0.8310477969606783
2019,VUT,PRT,0.8301960702271711
2019,PYF,DNK,0.8301215067176525
2019,GGY,BGR,0.8259257195587029
2019,GGY,CZE,0.8211335325659088
2019,KAZ,LVA,0.8036069074733971
2019,GGY,HUN,0.797151123971954
2019,BGR,SWE,0.795524434734804
2019,ISL,FIN,0.7872400769568995
2019,CUW,HUN,0.7867437790515042
2019,WSM,BGR,0.7827693787389316
2019,WSM,HUN,0.7816058627596237
2019,BHS,NLD,0.7754509440161728
2019,SRB,NLD,0.7690220030447759
2019,ROU,HUN,0.7681497724741044
2019,UZB,CYP,0.7653458716731936
2019,BHS,CYP,0.765338730898715
2019,LBR,LTU,0.7632869583855614
2019,MMR,LTU,0.7628629366071144
2019,UZB,FIN,0.7609175354280241
2019,VUT,SVK,0.7586813190229192
2019,AUT,CYP,0.7546714842654227
2019,GGY,LVA,0.7509588098850758
2019,MCO,SVK,0.7501924735421638
2019,ISL,ROU,0.7428753476825258
2019,PYF,EST,0.7336037132870892
2019,BHS,CZE,0.7318559941446132
2019,LAO,CYP,0.7309701349464692
2019,YEM,BEL,0.7246576801654969
2019,PAN,SVN,0.7208559130373807
2019,SYC,BEL,0.7207068459432043
2019,GIN,ITA,0.7194882598939384
2019,CPV,SVN,0.7178024007225186
2019,BRB,DNK,0.7177462686196344
2019,PYF,CYP,0.7158224866692233
2019,MNG,POL,0.7123373949619198
2019,CPV,ITA,0.7105228624034017
2019,TWN,BGR,0.7094740412298943
2019,CUW,LTU,0.7085931099756871
2019,LKA,CYP,0.7074981804989697
2019,WSM,SWE,0.7061543158971636
2019,PYF,HUN,0.7053518338918172
2019,SRB,CZE,0.697964011296904
2019,UZB,EST,0.6960694966055982
2019,UGA,ITA,0.6844552081248063
2019,KHM,SVK,0.6823147320975306
2019,VNM,ROU,0.6802767383759043
2019,LAO,SWE,0.679519454018942
2019,GNQ,HUN,0.6786318517527368
2019,CYP,DNK,0.676763079139595
2019,BRB,GRC,0.6739638123425455
2019,LKA,EST,0.6695142350453556
2019,MUS,GRC,0.668238295461546
2019,UZB,SWE,0.6676946676252125
2019,LAO,EST,0.6647528643492153
2019,SRB,FRA,0.6629479639078505
2019,MCO,DNK,0.6579514689860708
2019,PYF,BGR,0.6577288946122785
2019,DOM,SWE,0.6547769722528457
2019,IRN,HUN,0.650873564967125
2019,VIR,SVN,0.6452865674052686
2019,DOM,FIN,0.6450369804967232
2019,LIE,POL,0.6433290396940514
2019,MHL,CYP,0.6414121594543523
2019,KHM,DNK,0.6404656241438721
2019,IRN,HRV,0.6359816935973531
2019,ABW,BEL,0.6338530088290276
2019,GIB,PRT,0.6308106324435041
2019,URY,BGR,0.629108890758709
2019,ROU,EST,0.6230487427831383
2019,BIH,HRV,0.6223684457874596
2019,GIB,SVK,0.6214215111503233
2019,GNQ,BGR,0.6198270283596428
2019,IMN,LTU,0.6195479563078615
2019,CYP,CZE,0.6186584165343975
2019,PYF,ITA,0.6179916521392698
2019,CYP,BGR,0.6179719461141921
2019,MUS,DNK,0.6179028966648185
2019,GIB,LVA,0.6175745290468541
2019,FIN,HRV,0.6165439966450572
2019,CYP,HUN,0.6143396745922325
2019,GNQ,FRA,0.6143123357230176
2019,MUS,BGR,0.6138723308851671
2019,VNM,SWE,0.6129021065937191
2019,GIB,CZE,0.6120161433556909
2019,UGA,FIN,0.6117543985330255
2019,GIN,EST,0.6073780761618359
2019,IRN,BGR,0.6061319590188575
2019,TWN,HUN,0.6055889369215196
2019,MMR,BGR,0.6030384773104954
2019,YEM,PRT,0.5949329411172746
2019,SYC,PRT,0.594734229141066
2019,GNQ,DNK,0.5946922354595557
2019,VIR,ITA,0.5931410774839032
2019,GIN,SVN,0.5899687616722596
2019,MHL,SWE,0.5870728560020999
2019,GIN,FIN,0.5867715638342311
2019,BRB,HRV,0.5864887723753488
2019,BMU,IRL,0.5844574852966984
2019,MHL,EST,0.5815936308268079
2019,GIB,LTU,0.5787983438386641
2019,GHA,LTU,0.5785606358644064
2019,ABW,POL,0.5781238561214436
2019,GUY,DNK,0.5779702915976875
2019,UGA,SVK,0.5731640736429061
2019,DOM,ITA,0.570432401654153
2019,CHE,MLT,0.5702664580869099
2019,ZMB,EST,0.5684970031089066
2019,MNG,ROU,0.5676453949372416
2019,ZMB,CYP,0.5675843998495282
2019,SYC,SVK,0.5618906976543055
2019,CUW,LVA,0.5591215039270089
2019,PRT,LTU,0.5574176664866368
2019,YEM,SVK,0.555715993123012
2019,MMR,GRC,0.5528879373690501
2019,SGP,BEL,0.552499598250825
2019,PYF,AUT,0.5487930887195288
2019,BIH,LVA,0.5484460609292234
2019,ZMB,SVK,0.5415798988854625
2019,BRB,LTU,0.5363346864341303
2019,VGB,SVN,0.5343138054531618
2019,CYP,SWE,0.5340866296089551
2019,BHS,SWE,0.5327350116319353
2019,UGA,DNK,0.5322151933047703
2019,WSM,AUT,0.5312286878916613
2019,LAO,FIN,0.5299951657788023
2019,GUY,BGR,0.5289628355333579
2019,GNQ,EST,0.5258956525489528
2019,ABW,PRT,0.5236166887553577
2019,GIB,DNK,0.519616146524616
2019,GNQ,ITA,0.5194813184539934
2019,UGA,HUN,0.5192299408368927
2019,GTM,LTU,0.5184839041908748
2019,PNG,DEU,0.5184201482381667
2019,PRK,ESP,0.518011338620259
2019,BOL,DEU,0.5176456081762848
2019,GNQ,CYP,0.5155299353040289
2019,MDG,SWE,0.509637366266077
2019,PRK,ROU,0.5094483132226121
2019,TWN,SVK,0.5068655187469134
2019,LKA,AUT,0.50669727899981
2019,SRB,SWE,0.5058605706095607
2019,MDG,ROU,0.5039024749541005
2019,BOL,CZE,0.503685110668608
2019,MNG,ESP,0.5036670058394112
2019,LIE,ESP,0.5007135137010876
2019,VCT,DNK,0.49802458031251984
2019,SSD,HUN,0.4970401824174794
2019,GUY,HUN,0.4967632136441828
2019,IRN,CZE,0.49271411899766404
2019,VNM,CZE,0.48466789123235826
2019,GGY,GRC,0.47906354147957625
2019,ROU,PRT,0.47818947942818635
2019,MHL,FIN,0.4781599385717688
2019,ABW,SVK,0.4740102107448444
2019,SVK,BGR,0.4727067557549443
2019,ZMB,DNK,0.4696138982208829
2019,KHM,HUN,0.46831130158019557
2019,LCA,POL,0.463997198048405
2019,KWT,CZE,0.4609160197445968
2019,LAO,AUT,0.45701300511623166
2019,IRN,LTU,0.4565993709439642
2019,TCD,DNK,0.45630007549527424
2019,GUY,CYP,0.45585285647243984
2019,GIN,HRV,0.455250605720527
2019,KHM,LTU,0.45391324287535467
2019,TCD,BGR,0.4537621864822784
2019,UZB,AUT,0.45224040216600675
2019,ZMB,FIN,0.450366403369451
2019,AZE,SVK,0.4451498980314643
2019,BHS,FIN,0.4441359304691677
2019,ROU,LTU,0.44397586555855517
2019,VCT,BGR,0.443963012572485
2019,BRN,DEU,0.44379964917472914
2019,VGB,IRL,0.4436923308564485
2019,JOR,HUN,0.4435469689134264
2019,BRB,BGR,0.4402698496684693
2019,GIN,CYP,0.4389625088296451
2019,MHL,AUT,0.4356600684019852
2019,MUS,HUN,0.4343030738862493
2019,TCD,HUN,0.43298542755187275
2019,JOR,DNK,0.43093741286295517
2019,CPV,HRV,0.4294557445843885
2019,MDG,NLD,0.4280089777750183
2019,KHM,CZE,0.4278127168560926
2019,LIE,AUT,0.4254995731270456
2019,VCT,HUN,0.42511067115646445
2019,MDG,AUT,0.42265303306576624
2019,CYM,SVN,0.42194515023980894
2019,ROU,SVK,0.42110163570437187
2019,ISL,ESP,0.4210293240261005
2019,GIB,BGR,0.4191786658427239
2019,SRB,DNK,0.41810452940825804
2019,GIB,GRC,0.4156291473108804
2019,JOR,SVK,0.4151368372919592
2019,URY,HRV,0.41479342284477644
2019,AZE,PRT,0.41339280008910134
2019,AFG,NLD,0.41269477008654715
2019,SSD,DNK,0.4102944668632903
2019,ALB,POL,0.4093555614414992
2019,GNQ,AUT,0.40467347701453654
2019,LBR,CZE,0.40318608857241545
2019,LVA,PRT,0.40269890878673614
2019,GIB,HUN,0.40144163926501475
2019,LKA,FIN,0.40067887998944945
2019,BHS,DNK,0.39918281322358073
2019,GTM,BGR,0.39813669743011654
2019,VUT,FIN,0.3960445681793175
2019,KHM,PRT,0.3920282540111441
2019,WSM,SVN,0.38903089325467294
2019,URY,LTU,0.3843189265875984
2019,DJI,ROU,0.3837666520221375
2019,TWN,HRV,0.38310770007527084
2019,MMR,LVA,0.38279378803010805
2019,VUT,CYP,0.3819761458346875
2019,AZE,BEL,0.3819647789710502
2019,AZE,DNK,0.3814592603798137
2019,VCT,DEU,0.3789801120117656
2019,GUY,ITA,0.37767723328376795
2019,DJI,ESP,0.37723879396066856
2019,GUY,FRA,0.3771696961843527
2019,LCA,BEL,0.3753074855566755
2019,VUT,EST,0.3730372873200654
2019,CPV,EST,0.3692440601890936
2019,CPV,SWE,0.3671654031922267
2019,EST,ESP,0.3650407369069878
2019,VUT,ITA,0.359617310881625
2019,WSM,HRV,0.3585826139199754
2019,LBR,GRC,0.3578328026810666
2019,LVA,GRC,0.35660614338422114
2019,SSD,BGR,0.3561539818508468
2019,VUT,DNK,0.3558807818963211
2019,DOM,HUN,0.354841267418156
2019,GUY,EST,0.35416078859207917
2019,LKA,ITA,0.35389630626380586
2019,VNM,FIN,0.3504558913330435
2019,AFG,ROU,0.34699042543011105
2019,ZMB,HUN,0.34660239728054887
2019,IRL,MLT,0.34384203028957794
2019,GHA,BGR,0.34335803222540934
2019,KHM,BEL,0.3429008915649816
2019,JEY,SVN,0.3424939933466854
2019,VIR,HRV,0.34205222793380186
2019,PRK,FRA,0.34148542708889923
2019,UZB,ITA,0.3401176983764919
2019,AUT,DEU,0.33885077299450644
2019,KWT,LTU,0.33659862009507385
2019,BRB,LVA,0.33608104636190295
2019,BHS,ROU,0.3354414877530205
2019,LTU,ESP,0.330636979128387
2019,GUY,FIN,0.3299659653926463
2019,VNM,EST,0.3289296479456301
2019,KHM,GRC,0.3288563918351033
2019,PAN,MLT,0.3279354786777573
2019,VUT,SWE,0.32789655716331134
2019,CYP,SVN,0.32754934149770354
2019,VUT,HUN,0.32668685730426633
2019,KHM,BGR,0.32510059232194444
2019,VUT,BGR,0.3248081757152613
2019,PYF,SVN,0.32273094642126166
2019,URY,HUN,0.32161050478281566
2019,VNM,DNK,0.3210881081912903
2019,LVA,CZE,0.3210817876996338
2019,AZE,HUN,0.32050342227731154
2019,PYF,HRV,0.3203697513283007
2019,IMN,LVA,0.3197880302720422
2019,BRB,HUN,0.31951931259973504
2019,MDG,SVK,0.3188155696839317
2019,LCA,PRT,0.3175282737058858
2019,IRN,GRC,0.3168076532447625
2019,GNQ,SVN,0.30926680650178184
2019,KHM,HRV,0.30895108508363195
2019,SSD,ITA,0.30681000825806876
2019,ALB,ESP,0.30624284499931503
2019,SVK,MLT,0.3056666276566029
2019,BOL,BEL,0.30260094833080253
2019,SSD,AUT,0.30130200786224914
2019,BHS,AUT,0.3012864053573898
2019,FIN,EST,0.2953204028265287
2019,KWT,PRT,0.2948197230963249
2019,CUW,SVN,0.2935979038914097
2019,ROU,CYP,0.2929402853094211
2019,MCO,HUN,0.29218262442771004
2019,CYP,ITA,0.2901334658389723
2019,LAO,ITA,0.2865577480418492
2019,GNQ,SWE,0.2821809319057668
2019,KWT,BGR,0.28213802015973166
2019,PRK,POL,0.28070784642158175
2019,LTU,ITA,0.2806278896929066
2019,SRB,GRC,0.27976642331794777
2019,ROU,LVA,0.27871867990122423
2019,LBR,LVA,0.2774888949907588
2019,SRB,AUT,0.27356750366994326
2019,SSD,SWE,0.272916057069156
2019,CRI,CZE,0.272444464721685
2019,UGA,BEL,0.2714775398299082
2019,SVK,SVN,0.26999368176974653
2019,MUS,HRV,0.26955388030899957
2019,JOR,PRT,0.26921997127126174
2019,GUY,SVN,0.2685489071074382
2019,JOR,LTU,0.2684369054565179
2019,BOL,PRT,0.2681498007333644
2019,IRN,LVA,0.26743254788006926
2019,YEM,HUN,0.26670125568625086
2019,ISL,DEU,0.2617748102281053
2019,BGR,MLT,0.2617337511767991
2019,VNM,AUT,0.25906868981156456
2019,KWT,SVK,0.2583392864696515
2019,JOR,CZE,0.2571807755960687
2019,CAN,LVA,0.2566877589310969
2019,MCO,ITA,0.25597029137178906
2019,YEM,DNK,0.25578840207162895
2019,SYC,DNK,0.2557882512913489
2019,PRY,FRA,0.2533492367521845
2019,MDG,DNK,0.25283659535293623
2019,GUY,SWE,0.2523610221414989
2019,LIE,CYP,0.2510807740416104
2019,GTM,HUN,0.2500847529329406
2019,SSD,EST,0.24985491671310747
2019,GTM,LVA,0.24811278999159725
2019,SVK,HUN,0.244434754898878
2019,BOL,AUT,0.2440639683670981
2019,BHS,GRC,0.2437293994904723
2019,PRT,EST,0.24371155027333793
2019,TCD,SVN,0.24362528947407708
2019,TCD,AUT,0.24271847475943578
2019,ABW,CZE,0.24225774864675836
2019,UZB,BEL,0.24101411670445386
2019,CYP,AUT,0.2404452938178482
2019,ROU,GRC,0.24044347769995564
2019,TCD,ITA,0.24004602563970828
2019,LVA,BGR,0.2397930214146984
2019,MHL,ITA,0.2397702706163662
2019,VCT,SVN,0.23964782812155813
2019,BRB,SVK,0.23729246276124005
2019,SRB,LVA,0.23591552062856597
2019,PRY,POL,0.23588667000909747
2019,PRY,HUN,0.23553202888968272
2019,LCA,SVK,0.23528992427485687
2019,YEM,BGR,0.23467934291730796
2019,AZE,CZE,0.23265073554734694
2019,AZE,LTU,0.23196773858284234
2019,KWT,HUN,0.23123954120249293
2019,UGA,LTU,0.2306138262433836
2019,SYC,BGR,0.22939151832760513
2019,SYC,HUN,0.2285765050008626
2019,HUN,IRL,0.22732276586258396
2019,SSD,CYP,0.2269531866670553
2019,LCA,DEU,0.22537941521436394
2019,LIE,ROU,0.22510224532235867
2019,VCT,ITA,0.2221756204470104
2019,VUT,AUT,0.22197715774900237
2019,LIE,EST,0.22067090768812947
2019,ZMB,BEL,0.22001928768686724
2019,BGR,EST,0.21995191500953734
2019,GGY,SVN,0.21923826864879742
2019,CYP,HRV,0.21881962724790804
2019,JOR,GRC,0.2153879629464293
2019,YEM,EST,0.2141509596001471
2019,UZB,SVK,0.2140376286759038
2019,AZE,BGR,0.21313473721210566
2019,ABW,BGR,0.21201288268414004
2019,IMN,CZE,0.21088528172431428
2019,UGA,GRC,0.20991624089448277
2019,GHA,SVN,0.20831804294627923
2019,LKA,SVK,0.20827852929497648
2019,KWT,DNK,0.20824150074038733
2019,YEM,CYP,0.20710332750730398
2019,CPV,CYP,0.20675163204807612
2019,MDG,FIN,0.20662052379899748
2019,YEM,ITA,0.20528073083045348
2019,AZE,HRV,0.20297797162097353
2019,JOR,BGR,0.19644375558181296
2019,KWT,GRC,0.19555304291624406
2019,ZMB,ITA,0.19428811951732455
2019,PRK,BEL,0.19314115223533623
2019,BMU,MLT,0.1922461259638266
2019,YEM,FIN,0.19167383390656018
2019,PRI,CZE,0.19111151484379751
2019,VNM,GRC,0.19035988195869327
2019,ROU,BGR,0.19029081331096256
2019,UGA,CZE,0.190086599807654
2019,ABW,DNK,0.1897040856123281
2019,MNG,SWE,0.18926872057551106
2019,AFG,ESP,0.18848953361271273
2019,FIN,LVA,0.1879182380798078
2019,YEM,SWE,0.1872860999044356
2019,PRY,SVK,0.18630394654254417
2019,GNQ,HRV,0.18625342153350075
2019,PNG,POL,0.1851988755181688
2019,ABW,HUN,0.18366349823836337
2019,MNG,CYP,0.18340651647805176
2019,AZE,GRC,0.1830859451295896
2019,SSD,SVN,0.18096795240881544
2019,WSM,LTU,0.180797443238624
2019,MCO,GRC,0.1800243354658165
2019,LKA,DNK,0.17976177447406516
2019,UGA,PRT,0.1786660223720463
2019,SYC,AUT,0.1777588000501704
2019,ESP,LVA,0.17578195277127331
2019,SGP,LVA,0.17518826170143925
2019,BRN,POL,0.1738919715013901
2019,IRN,SVN,0.17217468543326236
2019,BIH,SVN,0.17201783018051364
2019,IMN,GRC,0.17167633706172478
2019,GTM,HRV,0.1714792371044733
2019,VIR,DEU,0.17126092366094378
2019,CYP,FIN,0.17105642377683514
2019,PRK,DEU,0.16960113296933557
2019,DJI,POL,0.16943119328100778
2019,FIN,LTU,0.16812384048311857
2019,MNG,EST,0.16736411970981116
2019,KWT,BEL,0.16713225141768037
2019,KAZ,MLT,0.1655220693874423
2019,GUY,HRV,0.165460166153801
2019,UZB,PRT,0.16506909230024308
2019,UGA,HRV,0.16411617197740347
2019,BIH,MLT,0.16238184573524922
2019,UZB,DNK,0.16104947214128842
2019,PRK,PRT,0.1610168197672866
2019,LAO,SVK,0.16084717311691507
2019,LKA,HUN,0.16044536213937774
2019,CAN,MLT,0.16022817350926213
2019,DOM,LTU,0.1597283194584744
2019,VUT,SVN,0.15912343361418832
2019,JOR,HRV,0.1589309836776849
2019,JOR,BEL,0.15884126367698048
2019,MCO,HRV,0.15862300101443946
2019,SYC,ITA,0.1584983696294191
2019,ISL,POL,0.1573527670989685
2019,CPV,FIN,0.15695597611785225
2019,BRN,ESP,0.15501092564593089
2019,DOM,CZE,0.15500533071876316
2019,SYC,EST,0.15341204645776618
2019,VUT,HRV,0.15329502831557199
2019,KWT,HRV,0.15288351640050818
2019,GUY,CZE,0.15282554721593647
2019,DJI,BEL,0.15217385239318804
2019,LAO,DNK,0.15195068793798394
2019,PYF,LTU,0.15154604162876337
2019,UGA,BGR,0.15151483086204284
2019,CPV,CZE,0.15132335212545073
2019,VNM,ITA,0.15106944847230508
2019,GIN,GRC,0.1501406925755801
2019,CPV,LTU,0.15011981422474988
2019,VIR,EST,0.14964447768756114
2019,PRK,SVK,0.1493665852405343
2019,MCO,BEL,0.1490969526127457
2019,JEY,MLT,0.14787958263346013
2019,MHL,SVK,0.14726984453125333
2019,GIN,LTU,0.14640210594637124
2019,VGB,MLT,0.14616749230207826
2019,LKA,CZE,0.14500644395702594
2019,MHL,DNK,0.14499605075639155
2019,BOL,FIN,0.1434505465793679
2019,CRI,AUT,0.14324975406589444
2019,ABW,DEU,0.14247778264916827
2019,DOM,PRT,0.14106198676356396
2019,GHA,HRV,0.1402306006768794
2019,PNG,ESP,0.14004829686859405
2019,SYC,SWE,0.1382499993428389
2019,SYC,CYP,0.13784075023249298
2019,LKA,BEL,0.13729459733960822
2019,WSM,CZE,0.13631003667303979
2019,ROU,HRV,0.13511849479413707
2019,UZB,HUN,0.13410716732318276
2019,BOL,CYP,0.1337215480848388
2019,PRY,BGR,0.13348630248365756
2019,DOM,AUT,0.13307648542685852
2019,ISL,HUN,0.13220094287025447
2019,PRY,ITA,0.13197687283600062
2019,SRB,LTU,0.13063754061782812
2019,MCO,LTU,0.13039517377990267
2019,UZB,HRV,0.12979553534430358
2019,TCD,HRV,0.12957500352366308
2019,FRO,NLD,0.1295529866863195
2019,BOL,NLD,0.12905215952766835
2019,VCT,HRV,0.12756908554254062
2019,FIN,FRA,0.1272868144986961
2019,ZMB,GRC,0.1271129536393938
2019,YEM,AUT,0.12623143297651662
2019,BOL,SVK,0.12592441237768404
2019,PRY,LVA,0.12564381648712902
2019,LVA,HUN,0.1251345182636075
2019,BOL,SWE,0.12438278881407261
2019,DJI,PRT,0.1240950007868616
2019,DOM,BGR,0.1231331491578698
2019,WSM,LVA,0.12115985446780338
2019,SVK,HRV,0.12090969411152969
2019,LKA,LTU,0.12073007758709804
2019,ABW,AUT,0.12021624398812898
2019,PYF,CZE,0.11983555168010193
2019,SSD,HRV,0.11967208529842566
2019,UZB,CZE,0.11943501297814624
2019,MNG,AUT,0.11899614380198179
2019,BHR,SVN,0.11829535289841198
2019,CUW,IRL,0.11763489857238495
2019,SYC,SVN,0.11750901935071087
2019,GNQ,LTU,0.11692918529037882
2019,YEM,SVN,0.11674930771467248
2019,ISL,FRA,0.11653068309550299
2019,CYP,EST,0.1163717255530476
2019,TCD,EST,0.11588829778257324
2019,LCA,DNK,0.11441814934403681
2019,UZB,LTU,0.1142642699244785
2019,MUS,SVK,0.11358404466540008
2019,MDG,HUN,0.11243378623941896
2019,DJI,SVK,0.11152637223818489
2019,GNQ,FIN,0.11090069958517523
2019,LCA,CYP,0.11073864136746589
2019,LKA,PRT,0.11018563872479542
2019,TWN,LVA,0.1094703685607773
2019,BTN,NLD,0.10945722929422971
2019,ROU,SVN,0.10789273768659888
2019,UZB,BGR,0.10614644481298097
2019,LCA,BGR,0.10548214595084542
2019,GHA,LVA,0.10543163883589193
2019,LAO,HUN,0.10453302165942863
2019,LTU,CYP,0.10428646243233723
2019,ZMB,HRV,0.10361262932952255
2019,PYF,LVA,0.1021599914194383
2019,LIE,SWE,0.10059583503000219
2019,LAO,LTU,0.1003960140238422
2019,BRN,NLD,0.10032449082402686
2019,LCA,HUN,0.09856947916267458
2019,PRI,AUT,0.09782123420194513
2019,MNG,ITA,0.09753294638960995
2019,LCA,FRA,0.09729514480751439
2019,ISL,CYP,0.09681872725705762
2019,GHA,IRL,0.096567544702595
2019,VCT,CYP,0.09577313509043378
2019,WSM,GRC,0.09521641809532226
2019,PYF,GRC,0.09472987550767653
2019,GHA,SVK,0.09471157649259544
2019,SSD,FIN,0.09370667000304825
2019,ABW,SVN,0.09347459389073376
2019,VIR,LTU,0.09333393693367568
2019,LKA,GRC,0.09278771377918273
2019,LCA,ITA,0.09128401118260278
2019,LAO,PRT,0.0912621074892543
2019,URY,ITA,0.0901450886155856
2019,ABW,ITA,0.08998992663631693
2019,YEM,HRV,0.08989765467424862
2019,PRY,LTU,0.08956325519041486
2019,GUY,AUT,0.0888253541870178
2019,URY,LVA,0.08873834547374189
2019,CRI,SVK,0.08846938924703773
2019,MHL,HUN,0.08843651146864767
2019,DOM,GRC,0.08783217754744874
2019,LAO,CZE,0.08766781316867384
2019,LCA,EST,0.08763653696360911
2019,CPV,LVA,0.0869554337428174
2019,VCT,CZE,0.08651790961329675
2019,MNG,HUN,0.08589487464077471
2019,ESP,EST,0.08579597547769592
2019,MDG,BEL,0.0855190265850384
2019,GIN,LVA,0.08546511811196299
2019,MMR,SVN,0.08519675706142849
2019,MHL,LTU,0.08517346178597818
2019,GUY,LTU,0.0846282740993533
2019,ALB,SWE,0.08386282957353515
2019,TCD,FRA,0.08371906602311438
2019,LCA,FIN,0.08341961755859897
2019,BOL,BGR,0.0813023594656478
2019,ZMB,LTU,0.08087060261437369
2019,MCO,PRT,0.08067065047252536
2019,DOM,BEL,0.07993766136950568
2019,LIE,BEL,0.07970208698878974
2019,BOL,GRC,0.0789869631815027
2019,VUT,LTU,0.07864648346961291
2019,LKA,BGR,0.0775925047063027
2019,ABW,HRV,0.07756393675046822
2019,VIR,LVA,0.07696961382449102
2019,AFG,POL,0.07652508750320358
2019,CYP,LTU,0.07601865925620199
2019,ISL,EST,0.07581649933266114
2019,UZB,GRC,0.0757183418353535
2019,PRT,LVA,0.07536575939392628
2019,XKV,ESP,0.07524633160515133
2019,MDG,EST,0.07448062009871317
2019,SYC,HRV,0.07429229785906699
2019,PRY,EST,0.07428413596887169
2019,LAO,GRC,0.07417972641293066
2019,LAO,BGR,0.07408911052736461
2019,PRY,HRV,0.07361646689351535
2019,TCD,DEU,0.07323503368670996
2019,GIB,SVN,0.07266020142372429
2019,AFG,BEL,0.07158270905436243
2019,LTU,ROU,0.07125103278600524
2019,VUT,CZE,0.07118645502477437
2019,MHL,CZE,0.07052272711200347
2019,BOL,DNK,0.06996378015888749
2019,LKA,HRV,0.06981152609275187
2019,KHM,LVA,0.06980761611580624
2019,MCO,CZE,0.06941678864289073
2019,LVA,SVK,0.06907143116671889
2019,VCT,SWE,0.06844860746703098
2019,MHL,PRT,0.0683600745809392
2019,MHL,GRC,0.06668023766021483
2019,GNQ,CZE,0.06646628318313148
2019,TCD,CYP,0.06634151381754115
2019,PRK,DNK,0.0657641256316732
2019,AZE,LVA,0.06523362782131492
2019,VIR,FRA,0.06487341509061165
2019,MCO,BGR,0.06483754902774605
2019,LVA,DNK,0.06478187804391883
2019,ISL,AUT,0.06430299708047399
2019,HKG,IRL,0.06378864122287173
2019,ISL,BEL,0.06350786601501882
2019,CAN,EST,0.06272581772018998
2019,PRI,SVK,0.062058588760754554
2019,PRK,BGR,0.061124664639150804
2019,GUY,GRC,0.060854741970036846
2019,MDG,PRT,0.06059410777913629
2019,AND,CZE,0.06047307121768645
2019,PRK,HUN,0.059953807345672794
2019,BRN,ROU,0.05983314772174492
2019,MHL,BGR,0.05980249539866303
2019,LAO,BEL,0.05961667588918652
2019,LTU,SWE,0.05946363848964683
2019,SSD,LTU,0.059377297801402565
2019,MNG,SVK,0.05901668721065332
2019,MNG,FIN,0.05879584772878707
2019,BOL,ROU,0.058791996368284825
2019,ABW,FIN,0.058562282381007774
2019,CRI,BGR,0.0583984492056363
2019,ISL,ITA,0.05838350539407482
2019,MUS,LVA,0.058317497188871865
2019,LAO,HRV,0.057904141111767185
2019,VCT,EST,0.057421059378605456
2019,AFG,PRT,0.05730696610418196
2019,LCA,SWE,0.05723105543740675
2019,ALB,ROU,0.05683697783960775
2019,UZB,LVA,0.05679056260361395
2019,MDG,HRV,0.055600960937604284
2019,DOM,HRV,0.055569693824831214
2019,VCT,FIN,0.05536906846300478
2019,CRI,FIN,0.05480362484946491
2019,VUT,LVA,0.054636961209007254
2019,BGR,LVA,0.05451199525915226
2019,AFG,HUN,0.05418668959471837
2019,BOL,HRV,0.05409935364633403
2019,ASM,MLT,0.0535909053132658
2019,HUN,MLT,0.0535356521957453
2019,FRO,ROU,0.05315343638994407
2019,LCA,SVN,0.05271967525410666
2019,FRO,ESP,0.052542866136736935
2019,SYR,NLD,0.052507284662378376
2019,VNM,SVK,0.0523320176926039
2019,MNG,DNK,0.05211525275029035
2019,BGR,SVK,0.05192833994441533
2019,PRT,SVN,0.0518933687581136
2019,MHL,HRV,0.05178114707086272
2019,CPV,GRC,0.051693263943455345
2019,BRB,SVN,0.050757562586128895
2019,AFG,SVK,0.050579806985684456
2019,BOL,LTU,0.04991946441761953
2019,LVA,HRV,0.0498501599698668
2019,VNM,LTU,0.04952579471787021
2019,AZE,SVN,0.048345059090865956
2019,MMR,IRL,0.04830939573522133
2019,MDG,GRC,0.04817908603322799
2019,BTN,FRA,0.047922678584940356
2019,DOM,DNK,0.047860948312189205
2019,ZMB,PRT,0.04758856317338947
2019,ALB,SVK,0.04745716695376979
2019,DJI,DNK,0.04682930699983581
2019,YEM,LTU,0.04665474465594348
2019,DJI,BGR,0.04656253443208234
2019,MDG,CYP,0.045349591533182146
2019,CRI,SWE,0.04527517343982722
2019,CYP,GRC,0.04519133839469014
2019,ABW,SWE,0.044967346717008694
2019,CRI,DEU,0.04488273144845571
2019,LTU,AUT,0.044843375437596526
2019,TCD,LTU,0.04480904014864652
2019,DJI,HUN,0.04438190853191304
2019,CRI,POL,0.044313310935397275
2019,VIR,CYP,0.044241225032439074
2019,SYC,FIN,0.04399505029619567
2019,ALB,AUT,0.04338073418322417
2019,GUY,LVA,0.04302621838423698
2019,GIN,CZE,0.04274423840951298
2019,VNM,HUN,0.04258020634239319
2019,ESP,POL,0.042106088820129936
2019,BTN,ESP,0.04201916108191573
2019,BOL,HUN,0.04194598919938167
2019,ISL,PRT,0.041292712151360524
2019,VNM,BGR,0.040865338269272494
2019,BTN,ROU,0.0403668562241932
2019,VUT,GRC,0.04033784087682357
2019,ABW,LTU,0.0401784747010192
2019,ALB,DNK,0.03998052136476604
2019,CRI,LTU,0.03975717683578209
2019,PRI,BGR,0.0397385078246185
2019,ISL,SWE,0.03949691319141293
2019,AFG,DEU,0.039393596436470606
2019,ZMB,CZE,0.039147483502723526
2019,CRI,BEL,0.038704742383735606
2019,CUW,MLT,0.038564423544319805
2019,GNQ,LVA,0.038562658013426725
2019,VIR,CZE,0.038343927511403766
2019,PNG,SWE,0.03809683234445776
2019,CRI,HRV,0.038008013580366415
2019,GNQ,GRC,0.037771329811529204
2019,LCA,HRV,0.0377551469924014
2019,MNG,PRT,0.036976974713168916
2019,ABW,CYP,0.03680577863041323
2019,MCO,LVA,0.03670038493562006
2019,HKG,MLT,0.03662768554208085
2019,MHL,BEL,0.03652174986758453
2019,LIE,DNK,0.036244863822353916
2019,PRK,ITA,0.03603288691202655
2019,VCT,LTU,0.03598817738272306
2019,SYC,LTU,0.03598324538693106
2019,LIE,PRT,0.035847673649328754
2019,VCT,AUT,0.03566873205975865
2019,URY,SVN,0.035501373505685024
2019,LIE,NLD,0.03529581840920501
2019,PRI,FIN,0.035186906581585395
2019,GHA,MLT,0.03517629777187361
2019,LIE,SVK,0.03503060764845066
2019,SSD,CZE,0.03494611286427854
2019,ALB,FIN,0.03451578503831322
2019,LCA,CZE,0.033732112529818996
2019,LTU,DNK,0.0336665451743137
2019,ZMB,BGR,0.03357639261535436
2019,JEY,IRL,0.0333821443248634
2019,BHS,LVA,0.0329191395575424
2019,SSD,GRC,0.03284276926186405
2019,CRI,FRA,0.03273001170949523
2019,BRN,SWE,0.03247209389920168
2019,PRK,SVN,0.03220345000925327
2019,VCT,LVA,0.03204976823980284
2019,ABW,GRC,0.03180024889623566
2019,YEM,CZE,0.031731191992759596
2019,CAN,BGR,0.03143036919212791
2019,BRB,IRL,0.03128374030192972
2019,CRI,HUN,0.031283279645463784
2019,AND,AUT,0.030953396331619323
2019,VCT,FRA,0.030750454575697122
2019,DOM,IRL,0.030565072000788236
2019,BHS,FRA,0.030106022951477372
2019,VCT,GRC,0.029819385351281775
2019,LTU,SVK,0.029785717742241237
2019,ISL,CZE,0.029631471455517443
2019,LIE,LTU,0.02956949278780182
2019,BRN,SVK,0.02955022070142392
2019,MNG,BEL,0.029234192181091884
2019,CRI,CYP,0.029167634962983965
2019,BTN,POL,0.029035035876397747
2019,GGY,MLT,0.029018285800426445
2019,TCD,LVA,0.028522606806271267
2019,VIR,SWE,0.02786392809862462
2019,CRI,GRC,0.02786235701277014
2019,PNG,ROU,0.027665271178574324
2019,BTN,DEU,0.027656453306410027
2019,LIE,ITA,0.027083293142901973
2019,DJI,AUT,0.027040263160149798
2019,CRI,ROU,0.026705167735461423
2019,PRI,HRV,0.026661466801932418
2019,LCA,AUT,0.026651470142690422
2019,VNM,HRV,0.026450879516209447
2019,IOT,NLD,0.026090077482534734
2019,LTU,FIN,0.026065864691311384
2019,UGA,IRL,0.02587744748541733
2019,LTU,PRT,0.02575855124198095
2019,MNG,LTU,0.02575273868934313
2019,MNG,CZE,0.02539464898474249
2019,MNG,BGR,0.025128499687769503
2019,DJI,SVN,0.02499371317146706
2019,CRI,EST,0.024921203475972434
2019,DJI,ITA,0.024694873251039293
2019,PRI,LTU,0.024511291640379126
2019,AFG,ITA,0.02449049475589486
2019,YEM,LVA,0.02445156786082816
2019,GIB,MLT,0.024435568790484148
2019,SSD,LVA,0.02403400994079736
2019,PLW,NLD,0.023991048087833273
2019,SGP,SVN,0.023977977128978496
2019,BHS,POL,0.02385240079846891
2019,VIR,FIN,0.02383812166346147
2019,MDG,BGR,0.02372424975651358
2019,BHS,SVK,0.023172623264272166
2019,FIN,DEU,0.02265395865678294
2019,FRO,POL,0.022596432348699375
2019,AFG,DNK,0.022497562582181184
2019,PRK,EST,0.022362389715313596
2019,IMN,MLT,0.02227197515467042
2019,MNG,GRC,0.02223033918451919
2019,YEM,GRC,0.02201959050187759
2019,PNG,SVK,0.021945575084693747
2019,VNM,LVA,0.02180423717297849
2019,AFG,BGR,0.021755647949665974
2019,AUT,GRC,0.02164088646436229
2019,TCD,SWE,0.021628987184737995
2019,SYR,ROU,0.021504257233400822
2019,MDG,ITA,0.021211594243066744
2019,UZB,SVN,0.021206962008683657
2019,FRO,BEL,0.021170907500112954
2019,GIB,IRL,0.02113610724779803
2019,ABW,EST,0.021096489535862014
2019,SYR,ESP,0.020770278915706777
2019,PRI,HUN,0.02067199556254427
2019,ALB,NLD,0.020517462938922672
2019,BRN,DNK,0.02017900552894154
2019,LKA,LVA,0.020132721699802954
2019,PRI,SWE,0.01979306184787509
2019,LTU,MLT,0.019792309915914685
2019,JOR,IRL,0.019787911356382498
2019,AND,SVK,0.019637087073824867
2019,PNG,AUT,0.019614332118384703
2019,LCA,LTU,0.019516520566899488
2019,LIE,GRC,0.019474264393642228
2019,LIE,CZE,0.019397471786839603
2019,PRK,SWE,0.01903527560190882
2019,PRK,HRV,0.018814603090733698
2019,AFG,FRA,0.018713709014224384
2019,MNG,HRV,0.018624052653985264
2019,BEN,AUT,0.018601354333218252
2019,XKV,ITA,0.018566266742935236
2019,PRI,GRC,0.018553204212434917
2019,PNG,DNK,0.018287205156603932
2019,SRB,MLT,0.018274750761586318
2019,BHS,BGR,0.018004444971101805
2019,UGA,LVA,0.01779324763448274
2019,LVA,SVN,0.017593569101234958
2019,IOT,FRA,0.017528823526348707
2019,FRO,PRT,0.017501536684508788
2019,CRI,ITA,0.017217231360981647
2019,BRN,AUT,0.016795381667749992
2019,BGR,HUN,0.016765104873143994
2019,SRB,ITA,0.01663953484955572
2019,PRY,IRL,0.016562047824972583
2019,ZMB,IRL,0.01655939882297941
2019,BRN,BEL,0.016298974052935063
2019,ALB,HUN,0.016295397336308092
2019,PRK,CYP,0.016143146832306273
2019,ISL,NLD,0.015947661338673567
2019,SGP,MLT,0.015782254556036737
2019,FRO,SVK,0.015690374423137164
2019,PNG,FIN,0.015629245955311618
2019,SSD,IRL,0.015519605333181988
2019,SYC,GRC,0.015302868996290929
2019,SYC,CZE,0.015293355651976462
2019,KHM,SVN,0.01528560042387448
2019,PRY,SVN,0.015124941362919185
2019,VIR,AUT,0.015077575621834673
2019,SYC,LVA,0.014961248306424292
2019,BTN,BEL,0.014712417128266755
2019,ISL,IRL,0.014623100836692833
2019,ISL,DNK,0.014470574372121497
2019,LIE,HUN,0.014115857679123272
2019,LCA,GRC,0.013699740033072278
2019,VIR,GRC,0.013677254891393695
2019,ISL,GRC,0.013642715407738697
2019,BRN,PRT,0.013468177862139843
2019,PNG,NLD,0.013395396937189216
2019,BRN,FIN,0.013364893762513864
2019,BGR,BEL,0.01333132391193363
2019,LIE,LVA,0.013310526637638355
2019,DJI,HRV,0.013273904022373743
2019,TLS,MLT,0.01292393523411163
2019,BHS,HUN,0.012828348666794075
2019,ZMB,LVA,0.01277494035828304
2019,KWT,SVN,0.012706880250523755
2019,AND,BGR,0.012574384205613642
2019,BHS,LTU,0.012456492477940215
2019,BGR,LTU,0.01242420054350473
2019,DJI,EST,0.012407892858412619
2019,ISL,LTU,0.012212225124722802
2019,XKV,POL,0.012123431389010855
2019,ABW,LVA,0.012097362038666468
2019,BTN,PRT,0.011910349233589829
2019,BOL,ITA,0.01175715611652712
2019,ISL,LVA,0.011655568395075696
2019,MDG,SVN,0.011628808031736198
2019,LCA,LVA,0.011590026529784619
2019,AFG,SVN,0.011586378772911583
2019,GTM,SVK,0.01145700183850294
2019,PRI,BEL,0.011454799879342524
2019,PRK,AUT,0.01138387316905208
2019,JOR,LVA,0.011343377729996922
2019,GNQ,IRL,0.011230700451581751
2019,AND,FIN,0.01113412925106827
2019,BTN,SVK,0.011131482591919822
2019,LTU,GRC,0.011044483628771236
2019,BHS,ITA,0.010916137466814439
2019,IOT,ESP,0.010803360162197522
2019,BRN,HUN,0.010746169023035239
2019,SRB,SVK,0.01061576772845516
2019,BRB,MLT,0.010588058921022183
2019,WLF,NLD,0.010221192194752413
2019,LTU,HUN,0.00991215743617981
2019,ESP,DEU,0.009801959571613316
2019,BHS,HRV,0.009582712456387771
2019,IOT,ROU,0.009535044608122916
2019,IOT,DEU,0.009278246088874731
2019,PLW,ESP,0.009176362763842155
2019,ABW,FRA,0.009144887115134672
2019,BGR,HRV,0.009086925833473506
2019,SYR,POL,0.009059675197000135
2019,PLW,ROU,0.008891483636410069
2019,DJI,FRA,0.008853731987104234
2019,PLW,FRA,0.00884535486738961
2019,REU,NLD,0.008650178796688382
2019,CAN,LTU,0.008612740736926942
2019,ALB,HRV,0.008607830046608372
2019,SYR,BEL,0.008530468116736455
2019,AND,HRV,0.008436439750891174
2019,MDG,LTU,0.007900719269974928
2019,MUS,SVN,0.007833755653629454
2019,IOT,POL,0.0077644006655089495
2019,AND,LTU,0.007756063710853037
2019,ALB,GRC,0.0077345519585877405
2019,ROU,MLT,0.007733272060078265
2019,LKA,SVN,0.007577633791690535
2019,PNG,HUN,0.007569581708820915
2019,DJI,DEU,0.007497984314157373
2019,GIN,IRL,0.007482894318896814
2019,DJI,CYP,0.00741274338132014
2019,BEN,POL,0.007305798053200078
2019,MDG,LVA,0.00727737764310361
2019,SYR,PRT,0.007048901450507599
2019,EST,CZE,0.006890349651598379
2019,LIE,HRV,0.006818684087117343
2019,PRK,LTU,0.006806369343350636
2019,LVA,IRL,0.0067465299763130445
2019,FRO,DNK,0.0066186362524337
2019,AFG,HRV,0.006594622849571793
2019,AFG,SWE,0.006592236885404832
2019,AND,HUN,0.006541202192276011
2019,FRO,BGR,0.00650166700345255
2019,SYR,SVK,0.006357679691722717
2019,AND,SWE,0.0062630827855712
2019,FRO,HUN,0.006229629194554641
2019,ATG,NLD,0.0061726568453512355
2019,LIE,BGR,0.006097870233812018
2019,ASM,IRL,0.006025474719655377
2019,PRK,FIN,0.005985397580369576
2019,AND,GRC,0.0058707568749684375
2019,MNG,IRL,0.005866578756048689
2019,MHL,LVA,0.005840870165120223
2019,ISL,BGR,0.005827167663663018
2019,PRI,ITA,0.005794210214324177
2019,PLW,POL,0.005779170545246055
2019,DOM,SVK,0.005690279219845705
2019,LAO,LVA,0.0056205081834437235
2019,MLT,IRL,0.0054799690821336865
2019,BOL,LVA,0.00545629963933174
2019,TCD,CZE,0.005455477428896235
2019,NRU,NLD,0.005426867571973516
2019,AZE,IRL,0.005419494288042731
2019,ALB,EST,0.005408688935396885
2019,LTU,HRV,0.005346937103316848
2019,BIH,IRL,0.00526300747370313
2019,BHR,MLT,0.005175489285000198
2019,BEN,DEU,0.005175423133192901
2019,BTN,DNK,0.005140691661193895
2019,BEN,CYP,0.005117727132471639
2019,BRN,BGR,0.005032885574434914
2019,LTU,CZE,0.004952556068933273
2019,BTN,EST,0.0049365797999591345
2019,KWT,LVA,0.004922193442131508
2019,BTN,CYP,0.00488917896615439
2019,BHS,EST,0.004881705086138326
2019,PLW,DEU,0.00483689710310213
2019,TCD,FIN,0.004830160658626392
2019,ISL,SVK,0.0048055967028869185
2019,BTN,HUN,0.004734408886944648
2019,BTN,BGR,0.004724479683138501
2019,IOT,BEL,0.004682326245983242
2019,MDA,POL,0.004682194053041536
2019,BRN,HRV,0.004662440925487839
2019,BEN,ROU,0.00466041333889355
2019,DJI,LTU,0.004637396840293675
2019,BOL,SVN,0.004630259918401292
2019,BEN,EST,0.004565160953358302
2019,BTN,FIN,0.004516105851584927
2019,SRB,IRL,0.00441488155224415
2019,BEN,FRA,0.004377356756188826
2019,BTN,SWE,0.004302326822943153
2019,WLF,FRA,0.004228538559320107
2019,BTN,ITA,0.004213680278537437
2019,SRB,BGR,0.003981218613040825
2019,PNG,HRV,0.00395171954615726
2019,PRK,LVA,0.003931608065215093
2019,WLF,ESP,0.003927341450215458
2019,FLK,NLD,0.0039162720281900884
2019,AFG,FIN,0.0038650745712664946
2019,WLF,ROU,0.003798426695868712
2019,UGA,SVN,0.0037519395137993287
2019,AFG,IRL,0.0037508940577641622
2019,YEM,IRL,0.0037447240178691706
2019,TCD,GRC,0.0036631651782521937
2019,AND,BEL,0.0036246216218525683
2019,LTU,SVN,0.0036231218272276015
2019,REU,ROU,0.0035964341557171075
2019,EST,AUT,0.003526854504571321
2019,FRO,SVN,0.0035159350955378493
2019,PNG,GRC,0.003497828281639431
2019,REU,ESP,0.003445832541313784
2019,MNE,POL,0.0034341463134580034
2019,MNG,SVN,0.0034184847109402796
2019,ALB,BEL,0.0033459959911874186
2019,ISL,HRV,0.0032719285374988166
2019,DOM,SVN,0.003269411883909473
2019,CRI,SVN,0.0032530329846398843
2019,PLW,BEL,0.003239810525565139
2019,FRO,ITA,0.003239584662699636
2019,LAO,SVN,0.0031304071944390673
2019,AZE,MLT,0.0030717805428956816
2019,LTU,BEL,0.00306660120203749
2019,LVA,MLT,0.00301741828697371
2019,BRN,GRC,0.0029946629490365715
2019,GTM,SVN,0.0029847864433728676
2019,MCO,MLT,0.002976480135719073
2019,DJI,LVA,0.002911059421717063
2019,CRI,PRT,0.002889886957016589
2019,BGR,CZE,0.0028653414073550897
2019,BTN,AUT,0.0028642506535473877
2019,DOM,LVA,0.0027933987960726252
2019,ALB,PRT,0.0027543906564746166
2019,IOT,PRT,0.002740993399888944
2019,BRN,SVN,0.0027236001794887174
2019,PLW,PRT,0.0027137901459869753
2019,MMR,MLT,0.0026774846914777123
2019,BRN,EST,0.0026758889171621045
2019,SYR,DNK,0.002671046210676137
2019,IOT,SVK,0.002641843542002105
2019,WLF,POL,0.0026349911988668546
2019,SYR,BGR,0.002634084193794312
2019,AFG,EST,0.0025981588137534307
2019,AFG,AUT,0.002597906586349513
2019,SYR,HUN,0.002521586250086292
2019,BRN,ITA,0.0025035065453062463
2019,PLW,SVK,0.0025027278272885174
2019,PNG,EST,0.0024907514366353718
2019,PNG,LVA,0.002476772818157214
2019,AFG,CZE,0.002434167978592874
2019,WLF,DEU,0.002371158514325807
2019,XKV,ROU,0.0023473961023660348
2019,BTN,SVN,0.0023247432335561937
2019,PNG,BEL,0.0023041178157143156
2019,ATG,ROU,0.0022935807364168775
2019,ATG,ESP,0.0022927360160158844
2019,PRI,SVN,0.0022819038080529775
2019,EST,SVK,0.0022374652610328053
2019,AFG,LTU,0.0022137516099745417
2019,NRU,FRA,0.0022042070983231948
2019,NRU,ESP,0.002107759044682007
2019,BEN,ESP,0.0020914808216787066
2019,PRK,GRC,0.0020625011617913676
2019,BTN,HRV,0.0020356764492122127
2019,MCO,SVN,0.0020300636427993033
2019,NRU,ROU,0.0020201688208453627
2019,JOR,SVN,0.0020189654075397937
2019,MDG,CZE,0.00197448424319625
2019,DJI,SWE,0.001957510969657853
2019,PRK,CZE,0.001920199318504362
2019,FRO,HRV,0.0018668869457262199
2019,ZMB,SVN,0.001846061671568636
2019,AND,ITA,0.001833451465378535
2019,CRI,DNK,0.0018159474885074496
2019,PNG,PRT,0.0018003941699730956
2019,BEN,BEL,0.001798354708528733
2019,XKV,LVA,0.0017869022235846577
2019,WSM,MLT,0.0017835221923871432
2019,XKV,AUT,0.0017614166853318963
2019,XKV,PRT,0.0016802152367169326
2019,MNG,LVA,0.001660015273524678
2019,BHS,SVN,0.0016040488250147868
2019,REU,POL,0.0015765810433694325
2019,ISL,SVN,0.001527702114611742
2019,DMA,NLD,0.0015143238960110814
2019,AFG,LVA,0.0015105009385709294
2019,FLK,ESP,0.0014999965622373875
2019,FLK,ROU,0.001483150408115599
2019,NRU,POL,0.0014472594881858084
2019,MDA,LVA,0.0014352031360004376
2019,EST,BGR,0.001432735299954042
2019,CYM,MLT,0.0014274711655000336
2019,REU,BEL,0.001426078341701778
2019,AFG,GRC,0.001425861526553332
2019,SYR,SVN,0.0014254630026656412
2019,XKV,DEU,0.001397587088511804
2019,WLF,BEL,0.00137537662063487
2019,NRU,DEU,0.001365220848900918
2019,FIN,IRL,0.001341939421916098
2019,BEN,SWE,0.0013378727040163063
2019,SYR,ITA,0.0013102715971825376
2019,STP,DEU,0.0012915171985160938
2019,XKV,CZE,0.0012779116930896337
2019,IOT,DNK,0.0012741324180482693
2019,EST,FIN,0.0012686315092181393
2019,IOT,EST,0.0012393494446524575
2019,IOT,CYP,0.0012361804632160427
2019,IOT,ITA,0.001214432940123831
2019,AUT,MLT,0.0012077407506559563
2019,BEN,ITA,0.00118533058082942
2019,REU,PRT,0.0011653361468214622
2019,BGR,IRL,0.00116355019579867
2019,MHL,MLT,0.0011626115594311661
2019,IOT,SWE,0.001159466040135462
2019,PLW,DNK,0.0011370553766893309
2019,WLF,PRT,0.0011266526234381638
2019,ATG,POL,0.0011202494978296842
2019,IOT,HUN,0.0011046091875462846
2019,TWN,SVN,0.0010892663745142776
2019,IOT,BGR,0.0010891768112990111
2019,ALB,LVA,0.0010630447890242175
2019,WLF,SVK,0.0010532078020537782
2019,BTN,LTU,0.0010485440993711424
2019,REU,SVK,0.0010473797382419263
2019,PLW,BGR,0.0010463102678183946
2019,PLW,HUN,0.0010388548588177809
2019,ALB,BGR,0.001029280511679173
2019,IOT,AUT,0.0010225647796954943
2019,ATG,BEL,0.0009797081890221613
2019,EST,HRV,0.0009612546299993865
2019,PNG,MLT,0.000911647679770297
2019,FRO,EST,0.0009026030761592182
2019,XKV,EST,0.0008888257320159678
2019,EST,LTU,0.0008837320448877909
2019,MDA,ESP,0.0008793032311053716
2019,FRO,FIN,0.0008720510995644792
2019,FIN,CZE,0.0008600797818997688
2019,TWN,MLT,0.0008452083802437308
2019,ATG,PRT,0.0008429129562541152
2019,BTN,CZE,0.0008032400953127626
2019,IMN,IRL,0.0008010967053857382
2019,PLW,EST,0.0007905970847624488
2019,PLW,ITA,0.000778510634620907
2019,NRU,BEL,0.0007607132275321189
2019,SYR,HRV,0.0007556066103461378
2019,EST,HUN,0.0007453097608411476
2019,PLW,CYP,0.0007422648419634661
2019,GGY,IRL,0.0007382432531291522
2019,PLW,SWE,0.0007233555230093513
2019,AND,SVN,0.0007220586975572089
2019,EST,SWE,0.0007136206152676914
2019,ESP,CYP,0.000708256109817188
2019,BRN,LVA,0.0007037509606029191
2019,FLK,POL,0.0007017705212478409
2019,MDA,EST,0.0007005094039315462
2019,STP,BEL,0.0006972060901734477
2019,MNE,ESP,0.0006960280364098699
2019,BEN,LTU,0.0006908380325664002
2019,XKV,FRA,0.0006811047202424715
2019,PNG,BGR,0.0006719944397949868
2019,EST,GRC,0.0006689186901462807
2019,STP,PRT,0.0006573190250493277
2019,BTN,LVA,0.0006502052187493436
2019,FLK,BEL,0.0006343743212314226
2019,IRN,MLT,0.0006289561954128405
2019,DMA,ROU,0.0006204969339466574
2019,ATG,SVK,0.0006202769098182812
2019,MDA,DEU,0.0006183335998921202
2019,NRU,PRT,0.0006117097345384763
2019,XKV,SVK,0.0006088685971777948
2019,FIN,AUT,0.0006076395480592152
2019,DMA,ESP,0.0006034713691679232
2019,XKV,DNK,0.0005808330762095908
2019,PLW,FIN,0.0005704297518451321
2019,LKA,MLT,0.0005637149585567247
2019,ALB,SVN,0.0005570062233470094
2019,KHM,MLT,0.0005539342075581526
2019,NRU,SVK,0.0005502737704091432
2019,ALB,ITA,0.0005480658643734261
2019,FLK,PRT,0.0005427417048334028
2019,IOT,FIN,0.0005309397714435436
2019,IOT,SVN,0.000529922191981344
2019,PLW,SVN,0.0005297295834050533
2019,FRO,LTU,0.0005195651642217079
2019,XKV,GRC,0.0005177605521496471
2019,BTN,GRC,0.0004930813640182636
2019,ATG,DEU,0.0004885470464046587
2019,WLF,DNK,0.00048288042511241303
2019,PLW,AUT,0.00047110230140993834
2019,FRO,LVA,0.0004569910650358582
2019,XKV,FIN,0.0004483071527513535
2019,WLF,BGR,0.00044461292536752224
2019,WLF,HUN,0.0004420683111681552
2019,REU,DNK,0.00044003470080638906
2019,REU,BGR,0.0004366688315392634
2019,IOT,HRV,0.0004299013691300673
2019,MNE,DEU,0.00042610386218867917
2019,WLF,EST,0.0004235702053047173
2019,WLF,FIN,0.00041901712947858133
2019,UZB,MLT,0.00041840402078281843
2019,XKV,CYP,0.0004178601366847206
2019,REU,HUN,0.00041662725660723517
2019,PYF,MLT,0.00041327411790828886
2019,EST,BEL,0.0004129922596357804
2019,WLF,CYP,0.0004126813290291217
2019,FLK,SVK,0.0004082428287850239
2019,FRO,FRA,0.00040726112712125397
2019,BRN,LTU,0.00039368455933458613
2019,DJI,CZE,0.00038578924718339055
2019,WLF,ITA,0.00038345479930428013
2019,DJI,GRC,0.000378758668207352
2019,PNG,SVN,0.0003745461815130324
2019,LTU,IRL,0.00036442872216866273
2019,BEN,PRT,0.0003538480490300056
2019,WLF,SWE,0.00034923886781783656
2019,STP,ESP,0.0003484255073139285
2019,VUT,MLT,0.00034544348259359916
2019,MTQ,NLD,0.00033853245778803345
2019,PLW,HRV,0.0003363910238707932
2019,PNG,ITA,0.0003342699637324945
2019,STP,CYP,0.000333412422972659
2019,SYR,EST,0.00033056455565218186
2019,STP,NLD,0.0003274380211548464
2019,NRU,FIN,0.00030644441024443983
2019,DJI,FIN,0.00030192573766661657
2019,ATG,DNK,0.0003016334203928501
2019,AUT,CZE,0.00029780331438625566
2019,STP,CZE,0.00029417280071988605
2019,MUS,MLT,0.00029326977096091666
2019,FRO,DEU,0.00028830968780799566
2019,MDA,FRA,0.0002824780747335174
2019,ATG,BGR,0.00027224389465441596
2019,NRU,CYP,0.00027192890225855395
2019,CYP,IRL,0.0002701323147579256
2019,MCO,IRL,0.0002692520178821649
2019,FLK,DEU,0.00026911069328355733
2019,NRU,ITA,0.000267014278127413
2019,NRU,EST,0.00026331442654453337
2019,DMA,POL,0.00026012675291199345
2019,DMA,BEL,0.0002594432307871104
2019,NRU,DNK,0.0002582076018868801
2019,ATG,HUN,0.00025615592206561493
2019,XKV,SWE,0.0002549358823677111
2019,XKV,BGR,0.0002539557982314117
2019,BEN,GRC,0.0002487638092277571
2019,IOT,LTU,0.00024613949068788343
2019,WLF,AUT,0.00024459354453251026
2019,LIE,IRL,0.00024351734443381213
2019,ATG,ITA,0.00023793788838199012
2019,NRU,HUN,0.00023667876461061407
2019,XKV,SVN,0.00023638818143210675
2019,BEN,BGR,0.00023602433773806613
2019,NRU,BGR,0.00023587332119912215
2019,REU,SVN,0.00023483426957625426
2019,NRU,SWE,0.00023158363226842018
2019,AUT,SWE,0.00023130275122454504
2019,REU,ITA,0.0002295284002491673
2019,PNG,CZE,0.0002247930281732068
2019,MNE,FRA,0.00022360051996903152
2019,ATG,CYP,0.00022267979952728939
2019,STP,SWE,0.00022167087002131913
2019,WLF,SVN,0.00022106062420385546
2019,SRB,SVN,0.000218282448613394
2019,DMA,PRT,0.00021632140863200023
2019,REU,AUT,0.0002146290526734246
2019,FIN,CYP,0.000211271773512413
2019,PRY,MLT,0.00021028715010311868
2019,KWT,MLT,0.00021003405848422574
2019,EST,ITA,0.0002089049127374027
2019,SYR,LTU,0.00020604447682094287
2019,FLK,DNK,0.00019530344281004213
2019,LAO,MLT,0.00018656101967647564
2019,BEN,FIN,0.00018431374492489954
2019,DMA,SVK,0.0001825454597765233
2019,PLW,LTU,0.00017978909848282966
2019,STP,FIN,0.00017958131207632447
2019,FLK,BGR,0.00017707693232714888
2019,WLF,HRV,0.00017642191126452191
2019,ATG,FRA,0.00017580364660785294
2019,IOT,GRC,0.00017495961112429437
2019,STP,DNK,0.00017388963482938704
2019,XKV,HRV,0.00017038470879649926
2019,ATG,EST,0.00016820945670016993
2019,FLK,HUN,0.00016689239840163774
2019,SYR,LVA,0.0001660411118417432
2019,XKV,BEL,0.00016582187606625255
2019,STP,ROU,0.0001643088892354413
2019,NRU,AUT,0.00015814722624288115
2019,IOT,CZE,0.00015766457030646708
2019,ATG,FIN,0.00015723652955048422
2019,XKV,LTU,0.0001566436430297737
2019,FIN,SWE,0.00014954150904387088
2019,AFG,CYP,0.00014916232854460091
2019,TON,NLD,0.00014861395130658282
2019,SYR,FRA,0.00014330788480547998
2019,ATG,SVN,0.00013962145402670242
2019,MTQ,ROU,0.00013864531561551762
2019,PRT,CYP,0.00013697619035149146
2019,BEN,CZE,0.0001352145368255935
2019,FLK,ITA,0.00013417936723139138
2019,LBR,MLT,0.00013405189150047627
2019,MTQ,ESP,0.00013391310587643497
2019,XKV,HUN,0.0001321079582880017
2019,FRO,CYP,0.0001319189042157769
2019,URY,EST,0.0001310114316454559
2019,ATG,SWE,0.0001269952396431475
2019,REU,HRV,0.0001244804853551473
2019,GTM,MLT,0.0001233237882769438
2019,FLK,CYP,0.00011987065916642572
2019,NRU,SVN,0.00011626606371753849
2019,STP,AUT,0.00011534838211902319
2019,MUS,IRL,0.00010999904313351148
2019,MDA,ITA,0.0001093031994796723
2019,NRU,HRV,0.00010894213631789461
2019,REU,EST,0.00010713268297630804
2019,IOT,LVA,0.00010610497989081275
2019,BEN,HUN,0.00010529672723592583
2019,PLW,CZE,0.00010347298955663995
2019,STP,GRC,0.00010183981446485992
2019,FLK,SVN,9.169465072421294e-05
2019,FLK,FRA,9.098385917601667e-05
2019,FLK,EST,9.097498977254528e-05
2019,WLF,LTU,9.048098542343571e-05
2019,YEM,MLT,9.045249852293426e-05
2019,XKV,IRL,8.8279794731869e-05
2019,MDA,SVK,8.803685519638149e-05
2019,MNE,ITA,8.652088223480641e-05
2019,STP,LVA,8.308469179554123e-05
2019,EST,SVN,8.227194013741105e-05
2019,FLK,FIN,8.20086069751301e-05
2019,ATG,HRV,8.091780528854212e-05
2019,ALB,LTU,8.051282682253098e-05
2019,DMA,DNK,8.032696363309742e-05
2019,ATG,CZE,7.836500147242259e-05
2019,PLW,GRC,7.793536049836161e-05
2019,DMA,BGR,7.566608827875199e-05
2019,FRO,CZE,7.476345273184038e-05
2019,REU,FRA,7.410166993114855e-05
2019,DMA,HUN,7.240127589117885e-05
2019,MNE,SVK,6.968713099917452e-05
2019,FIN,GRC,6.916194908520077e-05
2019,PLW,LVA,6.893994195340717e-05
2019,MDA,ROU,6.862926447280598e-05
2019,FLK,SWE,6.652348433287429e-05
2019,BHS,MLT,6.293047101439736e-05
2019,SRB,HUN,6.12880263359521e-05
2019,TON,ROU,6.0864557326055835e-05
2019,REU,DEU,5.968766797241524e-05
2019,WLF,CZE,5.956631176229093e-05
2019,REU,CYP,5.905039982445823e-05
2019,TON,ESP,5.8787142379401276e-05
2019,MTQ,POL,5.8410830628978466e-05
2019,NRU,LTU,5.6115204426572865e-05
2019,JOR,MLT,5.5674918256321725e-05
2019,MTQ,BEL,5.499885123007314e-05
2019,MNE,ROU,5.432470904401408e-05
2019,NRU,CZE,5.265610863094962e-05
2019,PNG,LTU,5.256504066967292e-05
2019,FLK,HRV,5.217992694112305e-05
2019,WLF,LVA,5.0928614793593934e-05
2019,LIE,SVN,4.6439252767013335e-05
2019,MTQ,PRT,4.5446683219095304e-05
2019,FLK,CZE,4.525512211560987e-05
2019,XKV,MLT,4.2764634210898424e-05
2019,ATG,AUT,4.242306152090713e-05
2019,LBR,IRL,4.2107524437353e-05
2019,REU,LTU,4.19154400891966e-05
2019,ATG,LTU,4.128273056168753e-05
2019,MTQ,SVK,4.099013966742169e-05
2019,DMA,SVN,4.092873687153533e-05
2019,FRO,SWE,4.072787784741562e-05
2019,WLF,GRC,4.066108842733251e-05
2019,NRU,LVA,3.8815514445693456e-05
2019,UGA,MLT,3.845538901805943e-05
2019,MDA,BEL,3.8411940524870024e-05
2019,DMA,ITA,3.762129310339556e-05
2019,MDA,IRL,3.661273474195117e-05
2019,FRO,AUT,3.277115325259793e-05
2019,ATG,GRC,3.22442271292692e-05
2019,STP,MLT,3.141556207333318e-05
2019,MNE,BEL,3.0405651420851076e-05
2019,NRU,GRC,2.9188177567725364e-05
2019,MNE,IRL,2.8981458237109406e-05
2019,REU,LVA,2.7354019813961425e-05
2019,DMA,DEU,2.688937035696763e-05
2019,TON,POL,2.564204447511889e-05
2019,PRK,MLT,2.440125642701272e-05
2019,TON,BEL,2.4144203637164522e-05
2019,FLK,LTU,2.4041570430445804e-05
2019,MDA,CZE,2.346594220076522e-05
2019,FLK,AUT,2.315181894492966e-05
2019,FRO,GRC,2.2725178720900008e-05
2019,LCA,MLT,2.26704629901015e-05
2019,DMA,HRV,2.1695423925712264e-05
2019,TON,PRT,1.9950852603909657e-05
2019,ATG,LVA,1.9606619172474175e-05
2019,MNE,CZE,1.85748819004952e-05
2019,FLK,GRC,1.812885288265466e-05
2019,TON,SVK,1.799445364969541e-05
2019,STP,FRA,1.793719431235811e-05
2019,MTQ,DNK,1.7221150253337963e-05
2019,GIN,MLT,1.703089999251653e-05
2019,MTQ,BGR,1.6982843464094065e-05
2019,GNQ,MLT,1.685263195062382e-05
2019,MDA,AUT,1.657850215030206e-05
2019,MTQ,HUN,1.625753066941315e-05
2019,REU,SWE,1.5436699227544645e-05
2019,GUY,MLT,1.4460238070185477e-05
2019,MHL,SVN,1.3886793931675078e-05
2019,STP,HRV,1.3520328924169568e-05
2019,MNE,AUT,1.3123006819599364e-05
2019,CPV,IRL,1.2906098202591132e-05
2019,FLK,LVA,1.2513876799062381e-05
2019,ALB,IRL,1.2082589886407437e-05
2019,IOT,IRL,1.134563847804016e-05
2019,VCT,MLT,1.1126884982414021e-05
2019,MDA,DNK,9.870887782375756e-06
2019,DMA,EST,9.491783496215771e-06
2019,MTQ,SVN,9.190448465983411e-06
2019,BHR,IRL,8.45074625492283e-06
2019,MTQ,ITA,8.447770000223902e-06
2019,BOL,EST,8.055566321629918e-06
2019,MNE,DNK,7.81347594066313e-06
2019,ALB,CZE,7.744009233626492e-06
2019,TON,DNK,7.559993514109009e-06
2019,TON,BGR,7.455378099078713e-06
2019,STP,ITA,7.244329264934436e-06
2019,TON,HUN,7.136969633742598e-06
2019,DMA,CYP,6.946235367142862e-06
2019,STP,SVK,6.63279511115551e-06
2019,STP,EST,6.304570820967567e-06
2019,DMA,CZE,6.020311263975664e-06
2019,DMA,LTU,5.92558093457698e-06
2019,MDA,CYP,5.782683454562327e-06
2019,TCD,MLT,5.545767577262615e-06
2019,DMA,LVA,5.050900936633599e-06
2019,SYC,MLT,5.030439722276357e-06
2019,SSD,MLT,4.936740315928857e-06
2019,MTQ,HRV,4.8716547535477965e-06
2019,TCD,IRL,4.755737399120814e-06
2019,STP,IRL,4.488815270287184e-06
2019,DMA,SWE,4.37486535882032e-06
2019,IRN,IRL,4.345017349524664e-06
2019,DMA,FRA,4.1147407529001895e-06
2019,MDA,SWE,4.080008019823011e-06
2019,TON,SVN,4.034558073791875e-06
2019,IOT,MLT,3.936758638622486e-06
2019,DMA,FIN,3.7427807133183626e-06
2019,CYM,IRL,3.7115490995940825e-06
2019,TON,ITA,3.708526171066792e-06
2019,STP,BGR,3.681705015022381e-06
2019,MNE,SWE,3.229602564980935e-06
2019,REU,GRC,2.870237432072133e-06
2019,MDG,IRL,2.8149639091611984e-06
2019,MAF,DEU,2.4294610991286434e-06
2019,SYC,IRL,2.3719444312130047e-06
2019,DMA,AUT,2.367303097017904e-06
2019,FRO,IRL,2.1683712034070024e-06
2019,DMA,GRC,2.1474412515106798e-06
2019,TON,HRV,2.138630567529076e-06
2019,BTN,MLT,2.1336616181077798e-06
2019,MTQ,EST,2.1312629705021457e-06
2019,REU,FIN,2.1266863295429597e-06
2019,STP,HUN,2.0449702754686195e-06
2019,TLS,IRL,2.02713233266756e-06
2019,MDA,GRC,1.886976457161647e-06
2019,STP,LTU,1.8814755896063875e-06
2019,MAF,LVA,1.7642593337757521e-06
2019,GLP,LVA,1.6851434613256846e-06
2019,REU,CZE,1.5589195908684573e-06
2019,MAF,FRA,1.501233443071592e-06
2019,MNE,GRC,1.4936696144955751e-06
2019,MAF,HRV,1.4080685989053166e-06
2019,MAF,ROU,1.355720321848268e-06
2019,STP,SVN,1.3432156337466254e-06
2019,MTQ,LTU,1.328439350851089e-06
2019,MAF,ESP,1.3089807899852871e-06
2019,MAF,NLD,1.2656251003422748e-06
2019,MAF,BEL,1.1774327198356289e-06
2019,MAF,SWE,1.1730425644342745e-06
2019,MTQ,LVA,1.0705239481926193e-06
2019,TON,EST,9.356131266977289e-07
2019,MTQ,FRA,9.239550431059369e-07
2019,VUT,IRL,7.781711050534597e-07
2019,GLP,MLT,7.746968921513755e-07
2019,MAF,ITA,7.544574259469459e-07
2019,STP,POL,7.463458881977445e-07
2019,MAF,MLT,7.43157205460524e-07
2019,MAF,CYP,6.99775156716598e-07
2019,MAF,SVK,6.907694754596667e-07
2019,MAF,EST,6.017873324198806e-07
2019,TON,LTU,5.831778207947979e-07
2019,MAF,CZE,5.249455126299323e-07
2019,TON,LVA,4.699543286004301e-07
2019,MAF,IRL,4.674856554028903e-07
2019,MAF,AUT,4.176329984557483e-07
2019,TON,FRA,4.0561135757208064e-07
2019,BEN,SVK,4.032717286495872e-07
2019,GUY,IRL,4.0224869109972305e-07
2019,SXM,LVA,3.6972435529044514e-07
2019,DJI,IRL,3.566080775749226e-07
2019,LCA,IRL,3.40566742712095e-07
2019,NRU,MLT,3.156116469747157e-07
2019,MAF,FIN,3.111848266952157e-07
2019,MAF,DNK,3.084916355116714e-07
2019,WLF,MLT,2.787947396739987e-07
2019,GLP,ROU,2.4432396212516593e-07
2019,MAF,PRT,2.2389891760367586e-07
2019,MAF,BGR,2.1344172787854313e-07
2019,MAF,HUN,2.0449233997594735e-07
2019,GLP,CZE,1.9102386170385325e-07
2019,PSE,DEU,1.861827997436499e-07
2019,SXM,MLT,1.6997028180072684e-07
2019,BEN,IRL,1.6771249719267926e-07
2019,MAF,LTU,1.4936434491725004e-07
2019,GLP,SWE,1.4836753866456454e-07
2019,PLW,MLT,1.322513939650742e-07
2019,ATG,MLT,1.244599982634717e-07
2019,PSE,FRA,1.1370246280906664e-07
2019,GLP,DEU,1.1285611894682061e-07
2019,GLP,FRA,1.123862793874697e-07
2019,PSE,HRV,1.099710318082933e-07
2019,MAF,SVN,1.0968574182624786e-07
2019,GLP,BEL,1.0865862440487348e-07
2019,PSE,ESP,1.0042242756374892e-07
2019,PSE,NLD,9.884610613099383e-08
2019,PSE,ROU,9.817632126872538e-08
2019,PSE,BEL,8.853100009747654e-08
2019,PSE,SWE,8.693565834837962e-08
2019,MAF,GRC,8.619909471709882e-08
2019,PSE,LVA,8.463825657373465e-08
2019,PSE,ITA,5.892359338978041e-08
2019,GLP,ESP,5.7378390363454106e-08
2019,PSE,CYP,5.465287421206752e-08
2019,PSE,SVK,5.394952491450398e-08
2019,SXM,ROU,5.360523982193805e-08
2019,PSE,EST,4.649022238067772e-08
2019,FLK,MLT,4.632096869643535e-08
2019,BEN,DNK,4.521572210212678e-08
2019,SXM,CZE,4.1911075071310206e-08
2019,PSE,IRL,3.6510919936855344e-08
2019,PSE,CZE,3.4973443439089813e-08
2019,PSE,MLT,3.3606148467572375e-08
2019,PSE,AUT,3.26173964770436e-08
2019,SXM,SWE,3.255217958453958e-08
2019,SXM,DEU,2.4760892336946736e-08
2019,SXM,FRA,2.4657808455866187e-08
2019,PSE,DNK,2.4093388268029753e-08
2019,SXM,BEL,2.3839952370128905e-08
2019,PSE,FIN,2.373610478530559e-08
2019,GLP,POL,2.1191707411601663e-08
2019,GLP,FIN,1.799623656681959e-08
2019,PSE,PRT,1.7429995249649372e-08
2019,PSE,BGR,1.666993146782525e-08
2019,GLP,EST,1.616113134898909e-08
2019,PSE,HUN,1.5889031430369533e-08
2019,SXM,ESP,1.2588950953791544e-08
2019,BDI,DEU,1.2182074471618029e-08
2019,PSE,LTU,1.166544807453967e-08
2019,MNE,EST,1.016758236031067e-08
2019,GLP,SVN,9.253353808110152e-09
2019,MAF,POL,8.558350122366779e-09
2019,PSE,SVN,8.274662402882099e-09
2019,BDI,FRA,7.439633905245705e-09
2019,BDI,HRV,7.195483691586264e-09
2019,PSE,GRC,6.717764581932661e-09
2019,BDI,ESP,6.570711649446989e-09
2019,BDI,NLD,6.467571804566205e-09
2019,BDI,ROU,6.423747299384465e-09
2019,BDI,BEL,5.792646999181599e-09
2019,BDI,SWE,5.688262641325025e-09
2019,BDI,LVA,5.537941991144196e-09
2019,SXM,POL,4.649509397908704e-09
2019,SXM,FIN,3.948415737309008e-09
2019,BDI,ITA,3.855413087556855e-09
2019,BDI,CYP,3.5759768606771466e-09
2019,SXM,EST,3.545789427369344e-09
2019,BDI,SVK,3.529956210357801e-09
2019,BDI,EST,3.041888681571486e-09
2019,GLP,HUN,2.5981007428214216e-09
2019,BDI,IRL,2.3889357465375916e-09
2019,BDI,CZE,2.2883375536866377e-09
2019,BDI,MLT,2.198874460475943e-09
2019,BDI,AUT,2.1341797067222856e-09
2019,SXM,SVN,2.0302071304282293e-09
2019,GLP,PRT,1.7960375464116475e-09
2019,BDI,DNK,1.5764477199766525e-09
2019,BDI,FIN,1.5530704047788063e-09
2019,BDI,PRT,1.1404571231259461e-09
2019,BDI,BGR,1.0907256033179416e-09
2019,BDI,HUN,1.0396307523205722e-09
2019,BDI,LTU,7.632786561621264e-10
2019,NRU,IRL,7.55408064528293e-10
2019,SXM,HUN,5.700292848441508e-10
2019,BDI,SVN,5.414171113454081e-10
2019,GLP,GRC,4.57757530965074e-10
2019,BDI,GRC,4.395481673526225e-10
2019,SXM,PRT,3.9405477288093147e-10
2019,DOM,MLT,2.3369927424386516e-10
2019,ZMB,MLT,1.2636111163201892e-10
2019,ISL,MLT,1.096075288435729e-10
2019,SXM,GRC,1.0043305623502547e-10
2019,MNG,MLT,4.4855618123448206e-11
2019,AFG,MLT,2.8679180570636484e-11
2019,FRO,MLT,6.881159198048019e-15
2020,NLD,DEU,4439.971867672052
2020,SGP,FRA,1561.3232460946956
2020,LUX,FRA,1369.840074301947
2020,LUX,PRT,1355.2386732484108
2020,SWE,DEU,1309.3196243086306
2020,DNK,DEU,1196.8551324543505
2020,LUX,NLD,1135.1777793688552
2020,ASM,DEU,1114.0100741025517
2020,CHE,DEU,1030.053255072278
2020,NLD,ESP,936.7126458902013
2020,SWE,POL,896.8209662046111
2020,CHE,FRA,880.205037707702
2020,NLD,BEL,835.6240991895716
2020,IRL,FRA,815.5017398488128
2020,NLD,IRL,740.226014782088
2020,SWE,FRA,723.2511626060584
2020,SWE,ROU,714.16997366884
2020,CHE,NLD,706.4999154413628
2020,LUX,ESP,679.3389992920718
2020,LUX,BEL,666.4750995604312
2020,IRL,DEU,647.2087003533967
2020,LUX,DEU,641.0900910872435
2020,NLD,ROU,639.4342383024473
2020,HKG,FRA,636.8291632245005
2020,SWE,ESP,631.132325801132
2020,HKG,NLD,627.2628441924248
2020,CHE,ESP,605.6919033367576
2020,HKG,IRL,605.3886780139677
2020,LUX,ITA,598.0280477984272
2020,DNK,ESP,590.4883794675441
2020,SWE,HRV,578.3029947014649
2020,IRL,NLD,518.5518966845455
2020,SWE,BEL,517.8290977704403
2020,TLS,DEU,512.3983000213058
2020,DNK,FRA,492.4847509369885
2020,DNK,SWE,489.0531705311414
2020,NLD,SWE,482.1102924668202
2020,PAN,IRL,476.28249666645183
2020,SWE,CYP,457.66993794605577
2020,VGB,IRL,455.17009880598965
2020,CAN,DEU,450.926428590327
2020,CHE,IRL,442.0798168409371
2020,GBR,IRL,405.34815354420124
2020,SWE,EST,391.7018185939501
2020,SWE,LVA,380.9080227430477
2020,SWE,ITA,378.00763444813106
2020,NLD,EST,372.85772317081853
2020,CYM,ESP,372.41256259476796
2020,IRL,ESP,370.07721262432716
2020,CYM,IRL,369.6580776264544
2020,DNK,POL,356.63951758142844
2020,NLD,FIN,350.4913394445351
2020,LUX,IRL,340.25241285206715
2020,NLD,POL,333.91951720844537
2020,NLD,ITA,321.70997458198866
2020,SGP,ESP,312.13308316160123
2020,DNK,NLD,308.04516059042743
2020,SGP,NLD,307.2342906314954
2020,NLD,PRT,304.78975516867587
2020,DNK,FIN,267.03710148672377
2020,CHE,SWE,247.67962151591846
2020,CHE,BEL,247.06301674199432
2020,CHE,FIN,246.27742751839526
2020,SWE,SVK,242.11805370883627
2020,ASM,ESP,233.70339721264654
2020,NLD,CZE,227.1084720484074
2020,MLT,IRL,225.22467039673387
2020,BMU,IRL,217.04162087375803
2020,IRL,ITA,216.64226372045735
2020,DNK,BEL,212.57018074890172
2020,LVA,IRL,211.8081043261018
2020,LUX,POL,209.69745110031363
2020,MLT,NLD,208.94526525441316
2020,URY,ESP,205.44336555384484
2020,HKG,ROU,204.80944363723793
2020,ASM,NLD,200.74021569213838
2020,SGP,IRL,199.7392110859376
2020,HKG,DEU,198.5565435466432
2020,SGP,DEU,196.71588618843472
2020,SWE,CZE,196.5368905697313
2020,HKG,ESP,195.4236533941288
2020,PRT,ESP,185.98376294784325
2020,CHE,ITA,185.0564122876504
2020,BIH,IRL,182.9857690417948
2020,SVK,NLD,181.13024694301583
2020,LUX,FIN,174.81993277668232
2020,IRL,SWE,174.12642698966002
2020,BIH,NLD,171.28062871147822
2020,SWE,AUT,168.57284586045776
2020,VGB,ESP,166.45369551273035
2020,JEY,NLD,161.401860588339
2020,SVK,IRL,155.885883392178
2020,AUT,DEU,154.29186630954445
2020,CHE,POL,154.2727821609525
2020,SWE,IRL,154.0851542689485
2020,ASM,IRL,150.93925254135362
2020,DNK,ITA,148.94073475873438
2020,KAZ,NLD,146.892290605074
2020,JEY,IRL,146.4908825261556
2020,BMU,DEU,142.65737995008536
2020,LVA,NLD,141.78314903373206
2020,IRL,FIN,139.70987046056462
2020,AUT,POL,138.2913410805521
2020,ASM,SWE,138.10072802013397
2020,SGP,SWE,136.6315367599759
2020,NLD,HUN,135.60911506866813
2020,GBR,NLD,132.75710534367505
2020,CAN,BEL,131.55994557482535
2020,LUX,SWE,130.75149334072978
2020,MLT,DEU,130.6691517443175
2020,NLD,DNK,129.05972321637523
2020,NLD,FRA,124.88940989949195
2020,AUT,NLD,122.52685379375042
2020,SWE,FIN,122.0969418718324
2020,IRL,BEL,121.67292781574696
2020,ASM,FRA,120.30785216653987
2020,AUT,ESP,118.60890822669955
2020,SWE,DNK,118.03582231432553
2020,AUT,ITA,117.33000034673866
2020,SRB,IRL,116.07990907700476
2020,MLT,FRA,115.22571494303686
2020,PAN,BEL,114.97845594691123
2020,SWE,PRT,113.03969661572724
2020,CHE,EST,112.83040220606303
2020,SRB,NLD,112.60369327640323
2020,SWE,BGR,111.78888343930745
2020,PAN,FIN,111.18509721020966
2020,BGR,NLD,108.99273804494847
2020,KAZ,IRL,108.86248476720499
2020,ASM,EST,108.33259487172495
2020,VGB,BEL,107.1507668257709
2020,TLS,ESP,105.91971090021808
2020,FIN,DEU,104.29429073296338
2020,SGP,BEL,103.54996036809439
2020,HKG,BEL,102.4760699463103
2020,CPV,DEU,101.1853333829176
2020,ASM,ROU,100.93591870617662
2020,VGB,FIN,100.57801894588088
2020,VIR,DEU,99.15798187682418
2020,SWE,HUN,98.6847179912256
2020,BGR,ITA,98.47921310470308
2020,ESP,IRL,97.83536120329315
2020,GRC,DEU,96.23373834535258
2020,AUT,ROU,94.45600140478855
2020,CHE,ROU,93.88635310657726
2020,MLT,FIN,93.88119142653967
2020,AUT,CYP,93.81604741869963
2020,SWE,NLD,92.64921289604318
2020,AUT,FRA,90.4861826697853
2020,IRL,POL,89.7445606193258
2020,MLT,ESP,89.61116749403652
2020,BHR,NLD,89.30152590024409
2020,ROU,NLD,87.63051607530888
2020,ROU,ESP,87.02111381615006
2020,PAN,DEU,86.48343192333705
2020,CHE,PRT,86.05255672018231
2020,CAN,ESP,85.99083708096367
2020,MUS,IRL,84.96674713720047
2020,CAN,IRL,83.86648314747646
2020,AUT,EST,83.04799868911581
2020,LUX,CYP,82.94526526722208
2020,VGB,DEU,82.29621435373191
2020,CYM,BEL,82.15542746945833
2020,SWE,LTU,81.82840873442305
2020,DNK,CZE,81.24516244045185
2020,HUN,NLD,78.19741736801575
2020,NLD,AUT,78.09691110848713
2020,DNK,HUN,78.0342511086853
2020,BHR,IRL,76.61349338039523
2020,PRY,IRL,76.57897871322191
2020,LUX,EST,76.5450350791109
2020,JEY,FIN,76.41442042895588
2020,CYM,FIN,75.7502294462174
2020,MUS,NLD,75.69520688616706
2020,CHE,CYP,75.3457064313975
2020,TLS,NLD,74.20912928512209
2020,ASM,POL,73.55739334092459
2020,DNK,LTU,70.71647896001664
2020,CYM,DEU,70.59250092017444
2020,ROU,ITA,69.96112245274318
2020,KAZ,FRA,69.32374689775568
2020,CHE,CZE,69.20938299692189
2020,DNK,PRT,68.74976036727662
2020,LUX,ROU,68.69244940704533
2020,ROU,FRA,67.191422950195
2020,BIH,FIN,65.91288055243412
2020,HKG,SWE,65.69857535962262
2020,NLD,CYP,64.87878446899906
2020,HKG,CYP,63.7261478470065
2020,TLS,SWE,63.28843583612687
2020,HKG,FIN,62.83843626492259
2020,ASM,ITA,62.38654008057263
2020,IRL,EST,61.549183766257684
2020,ASM,BEL,61.312764720538404
2020,TLS,IRL,60.906790322314436
2020,ASM,CZE,60.80146376182629
2020,GTM,IRL,59.903991732182654
2020,BOL,ESP,58.95663098994196
2020,HKG,EST,58.439879655073824
2020,BHR,FRA,58.267085914180996
2020,GIN,FRA,57.43551376173502
2020,BMU,BEL,55.62324147848163
2020,IRL,PRT,55.37226100670382
2020,HUN,ITA,54.70595599634768
2020,LVA,FIN,53.950425203560584
2020,IRL,ROU,53.85163150859539
2020,AUT,IRL,53.5013250347985
2020,HKG,HUN,51.07490820124981
2020,BGR,ESP,50.98035000138735
2020,BMU,FIN,50.87663709472805
2020,WSM,DEU,50.84227039558461
2020,SVK,FIN,50.179886091700325
2020,MLT,BEL,49.81641136629703
2020,SWE,GRC,49.716613553775346
2020,ROU,IRL,49.3671656676358
2020,SVK,ITA,49.176972943184374
2020,PAN,ESP,48.475523551076535
2020,TLS,EST,47.994650533900305
2020,AUT,BEL,47.728637955458815
2020,TLS,FRA,47.09602265926267
2020,KAZ,ESP,47.01132672073133
2020,HUN,FRA,46.39605732454661
2020,DNK,IRL,46.097843702837295
2020,CAN,SWE,45.74964516409603
2020,SRB,ITA,45.67887219946848
2020,TLS,ROU,44.916941310505436
2020,LTU,LVA,44.862106505344364
2020,HKG,CZE,44.26087696380616
2020,PRI,DEU,43.702219960221285
2020,HUN,ESP,43.29076779271049
2020,IRL,CZE,43.24218789979522
2020,MCO,FRA,42.5860491979488
2020,SWE,MLT,42.53836021132211
2020,SWE,SVN,42.343001686482275
2020,PYF,DEU,41.751330668153294
2020,CRI,ESP,41.73188806738961
2020,GNQ,DEU,41.5275696364815
2020,MMR,NLD,41.36597299005645
2020,SGP,DNK,41.35821036443009
2020,CRI,IRL,41.28910428271479
2020,KAZ,ITA,40.21135585087795
2020,NLD,HRV,40.15386710517195
2020,PAN,CZE,39.7981419211203
2020,PRY,ESP,39.46459328327332
2020,NLD,LTU,39.22881569661598
2020,ASM,DNK,38.44170702741989
2020,DNK,CYP,38.32703354402873
2020,LUX,DNK,38.22691242499581
2020,IRL,CYP,37.98308207973636
2020,PAN,ITA,37.90161585888865
2020,FIN,FRA,37.69166181569701
2020,CHE,DNK,37.506455899480464
2020,JEY,DEU,37.45204022453244
2020,VGB,CZE,37.08993605651503
2020,LUX,CZE,36.933675931245574
2020,VGB,ITA,36.71622283209063
2020,FIN,NLD,36.63951954653068
2020,MLT,EST,36.49117150482421
2020,CAN,ITA,36.44783108595182
2020,MMR,IRL,36.24727421253088
2020,AUT,SWE,36.22373605908422
2020,BMU,ESP,36.052387613828
2020,GGY,NLD,36.018016819068514
2020,CUW,IRL,35.69566757567248
2020,LTU,POL,35.48127868528778
2020,LBR,NLD,35.284706083817575
2020,BRB,IRL,35.054193500452406
2020,PRT,IRL,34.817258055674586
2020,BIH,FRA,34.656610158881506
2020,LBR,IRL,34.30219084389464
2020,SRB,ESP,34.28868646807062
2020,JEY,BEL,34.271430233915936
2020,CAN,EST,34.17654743687753
2020,VCT,DEU,33.81157333529872
2020,LVA,DEU,33.6646456540193
2020,TLS,POL,32.81024494442492
2020,MLT,CYP,32.65468348746128
2020,CAN,ROU,32.17561247774363
2020,FIN,ESP,32.04340433031241
2020,HUN,DEU,31.73771313019178
2020,GGY,IRL,31.63781365696794
2020,GGY,DEU,31.3347462423537
2020,HKG,POL,31.324495497860944
2020,IRL,DNK,31.220494921812815
2020,DNK,EST,30.235354076281475
2020,BIH,BEL,30.210880694198625
2020,HUN,IRL,29.986100478643056
2020,ASM,PRT,29.697712707671176
2020,PRI,ESP,29.53380381938502
2020,MLT,ROU,28.971166096958537
2020,NLD,SVN,28.829703261417304
2020,NLD,BGR,28.48557011479812
2020,AUT,PRT,28.47341415610867
2020,JEY,CYP,28.410932115323554
2020,LVA,BEL,28.367102844483995
2020,BIH,DEU,28.216176590622624
2020,KHM,NLD,27.986283465250878
2020,IMN,IRL,27.905533448212562
2020,TLS,ITA,27.637499602908196
2020,CYM,FRA,27.536002997314487
2020,DNK,LVA,27.520280577196964
2020,IRN,NLD,27.495518553404327
2020,SVK,ESP,27.265846457126248
2020,FIN,IRL,27.197222288213865
2020,BGR,IRL,27.184964038075385
2020,CYM,CZE,27.011772655239678
2020,VGB,FRA,26.88408050123167
2020,TLS,CZE,26.76140506028491
2020,MMR,FRA,26.60314480779507
2020,CHE,LTU,26.58608758468452
2020,URY,IRL,26.26804394344787
2020,JEY,EST,26.080707176839823
2020,GRC,ESP,25.967162435901823
2020,CHE,HUN,25.615446036207896
2020,VGB,NLD,25.48408201822491
2020,KHM,IRL,25.44688056688807
2020,MCO,NLD,25.143594153725278
2020,PAN,POL,25.04246892822252
2020,KWT,FRA,25.002696370211584
2020,GTM,ESP,24.62902111164658
2020,TLS,BEL,24.62855200390886
2020,SSD,DEU,24.48681141024794
2020,BIH,ESP,24.049183187665896
2020,CAN,POL,23.992647643045792
2020,BMU,ITA,23.837410938930173
2020,PAN,FRA,23.790050538278187
2020,BIH,CYP,23.720013032406612
2020,UGA,IRL,23.691294267943928
2020,MLT,POL,23.39949718790147
2020,BMU,CZE,23.13658780193316
2020,IMN,NLD,22.923050849898367
2020,VGB,POL,22.88951710828139
2020,HKG,ITA,22.600305060835666
2020,DNK,SVK,22.59798580338492
2020,ASM,CYP,22.506860865143235
2020,ASM,FIN,22.2614177689674
2020,GIB,NLD,22.131712083625782
2020,LTU,EST,22.026425393283233
2020,PRI,IRL,21.965257514326876
2020,SVK,BEL,21.921955493806117
2020,ASM,AUT,21.905320841630886
2020,BIH,EST,21.86359163472666
2020,JEY,ROU,21.78308956267567
2020,IRN,IRL,21.388696379888525
2020,MLT,SWE,21.13519674306201
2020,PAN,CYP,21.09250158669469
2020,UGA,NLD,21.05427838541437
2020,LUX,SVK,20.821066132179592
2020,KWT,NLD,20.770911624717403
2020,LVA,CYP,20.665011351993996
2020,BGR,PRT,20.643706590026678
2020,VUT,DEU,20.45413389346256
2020,DNK,ROU,20.396200837961587
2020,PAN,NLD,20.313549082702185
2020,KWT,IRL,20.226927898103835
2020,JEY,FRA,20.03752674993645
2020,CHE,AUT,19.938400888176645
2020,KHM,FRA,19.79228456336838
2020,ZMB,IRL,19.703673224808217
2020,JEY,POL,19.597072682059242
2020,CPV,ESP,19.40569929925089
2020,KAZ,DEU,19.367334538590992
2020,SVK,CYP,19.328429397827566
2020,VIR,ESP,19.21374272699732
2020,VGB,CYP,19.11445818903836
2020,MLT,CZE,18.961951594496533
2020,PRT,FRA,18.898479325554728
2020,SVK,DEU,18.86181751235573
2020,JOR,IRL,18.81460140729507
2020,LVA,EST,18.61887085579302
2020,PAN,EST,18.616792651321266
2020,JEY,ESP,18.36032495900848
2020,BMU,POL,18.269488978912705
2020,PAN,ROU,18.04561663275483
2020,HKG,DNK,17.92495033105543
2020,GIB,IRL,17.603239376429652
2020,TLS,DNK,17.543550752918126
2020,PRY,BEL,17.516661995635282
2020,GIN,NLD,17.44338398047979
2020,BHR,DEU,17.440283400067116
2020,FIN,ITA,17.42995006456827
2020,SVK,EST,17.329959404494446
2020,BMU,EST,17.120200928038887
2020,VGB,EST,16.96248986670584
2020,CAN,CZE,16.945808167458935
2020,JOR,NLD,16.900755432857796
2020,IRN,FRA,16.83390268492661
2020,BMU,ROU,16.79080603773715
2020,DNK,BGR,16.68658704748524
2020,BIH,ITA,16.579407684881282
2020,GGY,FIN,16.5158835444351
2020,VGB,ROU,16.37845260460771
2020,HKG,PRT,16.306744879971877
2020,SYC,DEU,15.995764003204293
2020,HUN,POL,15.9737138831703
2020,AUT,FIN,15.839509442094924
2020,BIH,ROU,15.731500373327357
2020,SRB,FIN,15.728732483693397
2020,SRB,SVN,15.581077310350016
2020,GBR,CYP,15.43948341079497
2020,IRL,HUN,15.284421928923077
2020,IRL,AUT,15.011085278852816
2020,PRT,NLD,14.977900996079978
2020,FIN,SWE,14.964382816745559
2020,IRL,LTU,14.867802971055106
2020,HUN,BEL,14.841759860376683
2020,CYM,NLD,14.819670732897457
2020,ROU,PRT,14.709567859623077
2020,LUX,AUT,14.681919491482724
2020,JEY,ITA,14.61571360757117
2020,BGR,ROU,14.570992670602287
2020,GBR,EST,14.533106065232635
2020,KAZ,BEL,14.49725480375873
2020,CYM,POL,14.219696882139774
2020,ASM,HUN,14.192647393372983
2020,SGP,AUT,13.948039983527757
2020,AND,ESP,13.882942071330127
2020,GBR,BEL,13.752952398130606
2020,GTM,BEL,13.634194498686536
2020,ASM,HRV,13.591125308758933
2020,CYM,ITA,13.560401326119623
2020,AUT,LTU,13.552949692919933
2020,CYP,ESP,13.541396304047144
2020,TLS,PRT,13.490917822156362
2020,MHL,IRL,13.45798660394832
2020,GRC,SWE,13.43202072369677
2020,BHR,BEL,13.420642857691618
2020,LVA,ROU,13.4022507888232
2020,HUN,SWE,13.371907660524414
2020,HUN,ROU,13.285014863209947
2020,BRB,ESP,13.256309633018876
2020,BMU,SWE,13.150581055460998
2020,DNK,AUT,13.092670994337954
2020,GRC,ITA,12.982116027138579
2020,ZMB,NLD,12.887055619458447
2020,JOR,FRA,12.809857760815527
2020,JEY,CZE,12.721925986681917
2020,CYP,DEU,12.716088898416753
2020,BHS,IRL,12.663626668797308
2020,ESP,NLD,12.623246497822247
2020,GTM,FIN,12.556563163032019
2020,CAN,DNK,12.47598004703777
2020,CYM,CYP,12.3471454663586
2020,GRC,FRA,12.328524432945358
2020,CYM,EST,12.182758934514998
2020,BHR,ESP,12.148962900336512
2020,TTO,IRL,12.110273626079906
2020,HUN,PRT,12.094698196005703
2020,SVK,ROU,12.036649967997686
2020,CPV,SWE,12.034617863777436
2020,LVA,FRA,11.91962952254802
2020,PNG,IRL,11.828389239051742
2020,VIR,SWE,11.765659927061131
2020,HUN,HRV,11.70111678939208
2020,URY,DEU,11.684694081576824
2020,MCO,ESP,11.655722473008387
2020,PRY,FIN,11.5982654635099
2020,GRC,NLD,11.40977934153722
2020,KAZ,CYP,11.355771685039498
2020,KWT,ESP,11.326519582034413
2020,BIH,POL,11.174367172525471
2020,BMU,FRA,11.109514112677084
2020,CYM,ROU,10.676370459703673
2020,PRY,DEU,10.656852325563879
2020,WSM,ESP,10.531516236953104
2020,GIB,FIN,10.428784664113149
2020,HUN,CYP,10.38792871662343
2020,GIN,ESP,10.36198059568863
2020,BMU,NLD,10.356413864151499
2020,KAZ,EST,10.354998345730552
2020,AUT,CZE,10.306069813699382
2020,CAN,PRT,10.220378983763947
2020,HKG,AUT,10.214917292442813
2020,SVK,PRT,10.187131746652636
2020,ASM,LTU,10.097126483995229
2020,BMU,CYP,10.013662556613287
2020,TLS,AUT,9.965979853722738
2020,BHR,CYP,9.964985568289379
2020,GTM,ITA,9.88727908310105
2020,PRI,BEL,9.802123162403676
2020,CHE,SVK,9.729705380378814
2020,GBR,FIN,9.67267564170994
2020,FIN,EST,9.661788250552522
2020,IMN,FIN,9.608466419977052
2020,SRB,PRT,9.606718491304976
2020,LVA,ESP,9.498006275569786
2020,MLT,ITA,9.452630303787856
2020,BIH,CZE,9.42889619128642
2020,BHR,FIN,9.419215937720303
2020,MCO,IRL,9.296401343980852
2020,BHR,EST,9.196292122027916
2020,CRI,BEL,9.159761234760825
2020,GGY,ESP,9.138780226506254
2020,SVK,FRA,9.135189791072673
2020,GTM,DEU,9.132078698181505
2020,ROU,DEU,9.101977363900716
2020,GTM,NLD,9.07427489728416
2020,CAN,FIN,8.738470534650176
2020,GBR,DEU,8.732507607525852
2020,FIN,ROU,8.715916730881641
2020,CUW,BEL,8.704903832251
2020,GGY,FRA,8.688707277161217
2020,SGP,SVK,8.630571697649367
2020,CAN,FRA,8.619457799351053
2020,KAZ,PRT,8.60068860347258
2020,URY,NLD,8.586658333635226
2020,CPV,EST,8.56402653862131
2020,LVA,ITA,8.55656472767842
2020,LUX,LTU,8.535951590729043
2020,SRB,CYP,8.526090229144833
2020,HUN,LVA,8.503041601921645
2020,CHE,BGR,8.50255137794817
2020,CUW,FIN,8.494713531843631
2020,URY,FRA,8.405933722940942
2020,HUN,EST,8.349276782482455
2020,GNQ,ESP,8.339008691169406
2020,BRB,BEL,8.276166047716858
2020,GGY,BEL,8.256202704440506
2020,MUS,BEL,8.140860379873887
2020,CPV,ROU,8.137223166517511
2020,PYF,ESP,8.058584130687098
2020,VIR,EST,8.048710049485662
2020,GBR,ROU,8.043180478455255
2020,TLS,CYP,8.005448085437862
2020,ASM,SVN,7.94014130963885
2020,GIN,IRL,7.871088793082927
2020,MUS,CYP,7.824168366773561
2020,BRB,DEU,7.797160705732501
2020,VIR,ROU,7.787947127002481
2020,BRB,FIN,7.748631239308114
2020,LVA,CZE,7.690066324566981
2020,KAZ,ROU,7.560964706797176
2020,AUT,BGR,7.5577264717599295
2020,GRC,EST,7.50416990878458
2020,GGY,EST,7.463839791528681
2020,LVA,POL,7.45089901211569
2020,SRB,EST,7.424383160455263
2020,MUS,EST,7.396564242681736
2020,MUS,DEU,7.385994765662796
2020,PNG,ESP,7.309532716036584
2020,MMR,DEU,7.227861173199598
2020,ASM,BGR,7.211896018158934
2020,GRC,ROU,7.197470300110615
2020,TLS,FIN,7.192992381841293
2020,IRL,SVK,7.191266605368238
2020,SVK,POL,7.185824556906925
2020,CAN,AUT,7.1750688758377805
2020,LIE,NLD,7.155200574989868
2020,CHE,HRV,7.149122564416418
2020,GIN,DEU,7.103676773915044
2020,LUX,HRV,7.096127785123271
2020,SRB,BEL,7.058984617443147
2020,MCO,ITA,7.0162066340334075
2020,LCA,DEU,7.01073599785975
2020,BHR,ROU,7.006286312310741
2020,KWT,DEU,6.924048172455554
2020,HKG,HRV,6.879149811179279
2020,CPV,IRL,6.8268497419818335
2020,HKG,SVK,6.77981708603676
2020,ISL,IRL,6.766151176868578
2020,HKG,LTU,6.765911871905206
2020,CHE,LVA,6.755929549198834
2020,GRC,POL,6.749206226069204
2020,CUW,DEU,6.7358344767063265
2020,FIN,BEL,6.7169836586086955
2020,WSM,NLD,6.674464929599628
2020,ROU,SWE,6.67198432791121
2020,PRI,FIN,6.613778655914772
2020,LAO,IRL,6.605106953458903
2020,KAZ,CZE,6.59820041963747
2020,TLS,HUN,6.49681893047851
2020,VCT,ESP,6.4749912401462995
2020,DNK,SVN,6.4663183940438556
2020,GGY,ROU,6.436631734989435
2020,CRI,FIN,6.432941071196382
2020,SRB,DEU,6.428520360305767
2020,NLD,GRC,6.394583619399318
2020,MCO,DEU,6.383351737598347
2020,LKA,IRL,6.376466162383974
2020,GIB,DEU,6.329232275919457
2020,WSM,SWE,6.291896088642156
2020,CHE,SVN,6.28154916415264
2020,GEO,DEU,6.202406136866079
2020,KAZ,SWE,6.194331280920987
2020,UZB,NLD,6.167494417347969
2020,MMR,ESP,6.150693726510035
2020,CPV,POL,6.134725785609369
2020,GGY,CYP,6.108030796711037
2020,PRY,ITA,6.062424126955349
2020,GRC,IRL,6.056759056316105
2020,BHR,CZE,6.054645334408695
2020,LAO,NLD,6.048573983283222
2020,FIN,POL,6.035674631689646
2020,MUS,CZE,6.032188381267554
2020,LIE,IRL,5.986537826575555
2020,VIR,POL,5.965843411410219
2020,TLS,HRV,5.8698469211525355
2020,PAN,HRV,5.869292989105191
2020,GIB,FRA,5.867595784701939
2020,BHR,SWE,5.863301956361714
2020,WSM,IRL,5.760834548535855
2020,HUN,SVK,5.750590094022735
2020,MDG,DEU,5.747293724236622
2020,KAZ,FIN,5.7319237470540125
2020,MMR,BEL,5.684796384774307
2020,MMR,ROU,5.604620366236915
2020,CRI,DEU,5.527573348041793
2020,GGY,POL,5.510053022897767
2020,VGB,HRV,5.505418155250046
2020,PAN,PRT,5.5029941500324195
2020,BIH,SVN,5.470308787315586
2020,VGB,PRT,5.464316530068169
2020,BMU,PRT,5.463271982345676
2020,AUT,HUN,5.447480646738854
2020,UZB,IRL,5.437506116829924
2020,GNQ,NLD,5.426564034155945
2020,SVK,CZE,5.410346320229844
2020,CYM,SWE,5.3749274424259585
2020,AUT,GRC,5.374508521558418
2020,VIR,ITA,5.3291348913785335
2020,IRL,BGR,5.243475322099705
2020,PRY,NLD,5.242327785587137
2020,HUN,FIN,5.233293139785788
2020,MLT,DNK,5.209604112680778
2020,FIN,PRT,5.161061785318357
2020,GNQ,IRL,5.157293004261645
2020,LKA,FRA,5.149051441511184
2020,PYF,NLD,5.070726464161179
2020,NLD,SVK,5.042456960564015
2020,CPV,ITA,5.03511342881352
2020,JOR,DEU,5.032611441371964
2020,URY,BEL,5.023866347970258
2020,GIN,SWE,5.0091113074627405
2020,GBR,FRA,4.968003530877386
2020,HKG,LVA,4.926769345939332
2020,GNQ,SWE,4.917054547688996
2020,GIB,BEL,4.9143990933150565
2020,PYF,SWE,4.90694723397211
2020,SSD,ESP,4.895438360414582
2020,CAN,HUN,4.869608896681067
2020,DNK,HRV,4.824287946779131
2020,PRI,SWE,4.766173833050954
2020,ROU,BEL,4.76102437684227
2020,LKA,NLD,4.720743702309526
2020,MDG,FRA,4.715334454521212
2020,IMN,BEL,4.701894700829538
2020,WSM,EST,4.685843903492326
2020,PYF,IRL,4.67376519357626
2020,WSM,FRA,4.638923724539089
2020,LUX,LVA,4.638459132545184
2020,IRL,HRV,4.598896264767048
2020,PRK,DEU,4.572591807503622
2020,CPV,CZE,4.5701608391344655
2020,SRB,ROU,4.569412100188695
2020,MCO,FIN,4.508773338238863
2020,IMN,DEU,4.493018033131277
2020,MUS,ROU,4.486850870279289
2020,TLS,LTU,4.460318377582226
2020,LAO,FRA,4.433350111815084
2020,WSM,ROU,4.395426414173343
2020,FIN,CZE,4.375657690520524
2020,VIR,CZE,4.37131599438032
2020,MCO,BEL,4.356991356007764
2020,IMN,FRA,4.329891322714358
2020,GGY,ITA,4.323050629122155
2020,MMR,CYP,4.313711863061523
2020,GRC,CZE,4.293151370559567
2020,GRC,PRT,4.227641590319737
2020,VUT,ESP,4.216494051300484
2020,HUN,CZE,4.196987250657336
2020,BHR,POL,4.192069738065722
2020,FIN,DNK,4.1896711623617575
2020,HKG,GRC,4.163291622873415
2020,SLV,IRL,4.162920867727424
2020,SGP,CYP,4.141642759308702
2020,LBR,BEL,4.133802458887616
2020,GIN,BEL,4.1297449991988815
2020,IRL,LVA,4.129570223671609
2020,HUN,AUT,4.1161809298237335
2020,UZB,FRA,4.082144496995912
2020,BOL,IRL,4.067974132573354
2020,BMU,HRV,4.043969460409216
2020,LKA,DEU,4.036226635191993
2020,IRN,DEU,4.021543730033541
2020,GIB,CYP,3.9994207348619253
2020,MMR,EST,3.981041359851307
2020,VCT,SWE,3.9773647702063766
2020,BMU,DNK,3.9471261736138694
2020,GRC,BEL,3.9459811394429565
2020,CPV,NLD,3.93937280229363
2020,PYF,EST,3.903344094331759
2020,IRN,ESP,3.868530211692324
2020,PAN,LVA,3.8645912720993567
2020,SRB,FRA,3.863501206893975
2020,CAN,HRV,3.847401350395243
2020,GNQ,EST,3.8448511699434054
2020,IRL,SVN,3.815288929283681
2020,KHM,DEU,3.806585962536123
2020,ISL,NLD,3.79567018679327
2020,PRI,EST,3.785882448328824
2020,SGP,EST,3.7292315922330936
2020,MCO,SWE,3.722939943087392
2020,GNQ,ROU,3.7151531548946695
2020,GGY,SWE,3.714553795098044
2020,MLT,LTU,3.7113360483601223
2020,LUX,HUN,3.7108623962243925
2020,KHM,BEL,3.709932219526558
2020,BHS,ESP,3.7041294068217905
2020,HUN,DNK,3.693635258924607
2020,GIB,EST,3.6898646940149606
2020,GGY,CZE,3.676188917567428
2020,GTM,CZE,3.671605530940724
2020,PYF,ROU,3.6568004432076573
2020,BIH,SWE,3.6340840642365535
2020,TLS,SVN,3.6336701143352457
2020,LBR,CYP,3.6188783588181495
2020,IRN,BEL,3.6064376717009865
2020,VGB,LVA,3.6032746070684674
2020,BHS,BEL,3.598784199749964
2020,DJI,DEU,3.5986401599693516
2020,JOR,ESP,3.5977090636086566
2020,KHM,ESP,3.568394030378402
2020,IMN,CYP,3.5272105907362015
2020,MUS,FRA,3.509121815161772
2020,PRI,ROU,3.4879223704313285
2020,VGB,SWE,3.466948546836035
2020,CAN,LTU,3.4057106113525473
2020,LBR,EST,3.3991047658359075
2020,CAN,CYP,3.3846357207791313
2020,BIH,PRT,3.2844477276447774
2020,CPV,BEL,3.2796608447782623
2020,CPV,DNK,3.270112373006556
2020,GIB,ROU,3.2522833446288857
2020,PRY,FRA,3.2506099928066012
2020,IMN,EST,3.249618319762318
2020,TLS,BGR,3.241370259014479
2020,LBR,DEU,3.2285687559457186
2020,WSM,POL,3.224383698154365
2020,GRC,DNK,3.222834849930615
2020,HKG,BGR,3.2185478354726618
2020,VIR,DNK,3.218285642458315
2020,IMN,ESP,3.2124712983465837
2020,SYC,ESP,3.1924145026968085
2020,KWT,BEL,3.1910059594694586
2020,UGA,DEU,3.166322560969227
2020,CUW,ITA,3.140675085965388
2020,LUX,BGR,3.126049386092652
2020,CUW,CZE,3.10115041549623
2020,PRI,ITA,3.0952999077658823
2020,GIB,POL,3.0616594931146093
2020,JEY,PRT,3.046994713679989
2020,PRY,CZE,3.016817556149971
2020,VUT,NLD,2.9930880547377474
2020,SGP,ROU,2.9857404938800047
2020,MMR,FIN,2.9708322082392455
2020,MLT,PRT,2.9428212001594196
2020,PRI,POL,2.908145269258866
2020,BRB,ITA,2.9067173438665734
2020,SSD,SWE,2.9048220226820414
2020,VGB,LTU,2.9036979910400187
2020,BRB,CZE,2.901704482565653
2020,JEY,SWE,2.8882127685634007
2020,LUX,GRC,2.8452393811774175
2020,TTO,BEL,2.844265158489617
2020,LTU,FRA,2.8397313806096918
2020,JOR,ROU,2.8272518165792286
2020,VIR,BEL,2.803588978203617
2020,BMU,AUT,2.801414810718436
2020,BRN,DEU,2.800693976316102
2020,LBR,ESP,2.7903536516043728
2020,SGP,POL,2.7902604360633108
2020,CYM,HRV,2.7876448717953384
2020,IRN,CYP,2.785523420331961
2020,CAN,SVN,2.781836975153634
2020,CUW,ESP,2.781188986688218
2020,WSM,ITA,2.774260589943011
2020,VCT,EST,2.754261420552577
2020,JEY,LTU,2.7505583998829746
2020,KAZ,POL,2.73163861636886
2020,PAN,LTU,2.7270603545525383
2020,LVA,HRV,2.711883852327519
2020,CYM,LTU,2.6862407820903016
2020,SSD,IRL,2.6811782186284745
2020,PYF,POL,2.663749963750748
2020,LBR,CZE,2.649705815892324
2020,VCT,ROU,2.6489056765620473
2020,SSD,NLD,2.6488083810678216
2020,UGA,ESP,2.6421800218980973
2020,GIB,ESP,2.6331139098691203
2020,VIR,PRT,2.6246843395871706
2020,WSM,CZE,2.618192957034937
2020,URY,SWE,2.6127033182868304
2020,ZMB,ESP,2.5977734383786015
2020,JOR,BEL,2.596225525686489
2020,CPV,PRT,2.593146690091968
2020,KHM,CYP,2.5851938099644043
2020,CRI,FRA,2.565493354622926
2020,IRN,EST,2.560821020309996
2020,GNQ,POL,2.5340097413706086
2020,VUT,SWE,2.5234353212568874
2020,KWT,SWE,2.521954797795363
2020,MMR,CZE,2.5147312361060505
2020,VCT,IRL,2.477147213662587
2020,JEY,HRV,2.474589908244067
2020,PAN,SVK,2.457674140097642
2020,MLT,AUT,2.4412713436121125
2020,VUT,IRL,2.4254940682311665
2020,IMN,ROU,2.417814690800074
2020,LTU,DEU,2.406337005098581
2020,BOL,NLD,2.404241269549657
2020,KHM,EST,2.4024007656821844
2020,UZB,DEU,2.395116245221459
2020,PRT,SWE,2.365531220166721
2020,GTM,FRA,2.34810802695988
2020,CAN,BGR,2.3458697038198166
2020,LIE,FIN,2.345852723359765
2020,BOL,FRA,2.3455335576485155
2020,ASM,SVK,2.343106178950179
2020,GEO,ESP,2.3336415841762075
2020,WSM,BEL,2.322441255571167
2020,TTO,FIN,2.300400940268711
2020,VGB,SVK,2.296847839003534
2020,UGA,BEL,2.2785864788832133
2020,MMR,SWE,2.2597580095396803
2020,SGP,ITA,2.2420644441239754
2020,PAN,SWE,2.2382189789296048
2020,PYF,ITA,2.228800926631451
2020,BGR,CYP,2.2274581240220934
2020,SSD,EST,2.2206723931254153
2020,CHE,GRC,2.209278227266687
2020,GNQ,CZE,2.1985965182230722
2020,MDG,NLD,2.175779990255055
2020,FIN,AUT,2.1751325245397943
2020,IMN,ITA,2.1750458807496122
2020,TTO,DEU,2.1647217122587707
2020,PYF,CZE,2.148356438304761
2020,UGA,CYP,2.147854673641257
2020,GNQ,ITA,2.136296865403267
2020,UGA,EST,2.1103269846588826
2020,LBR,ROU,2.07762332160088
2020,BHS,DEU,2.0732539742630456
2020,BMU,LTU,2.071037290887425
2020,CUW,POL,2.0699127797478734
2020,GIB,ITA,2.0592839580008167
2020,HUN,MLT,2.0588312796959247
2020,SSD,ROU,2.0580452743458646
2020,LVA,LTU,2.0445574892332576
2020,VCT,POL,2.037306514586433
2020,BRB,FRA,2.0241719548183683
2020,MDG,ESP,2.013848762845439
2020,HKG,SVN,1.9993916184368856
2020,HUN,BGR,1.9980811179935263
2020,BMU,LVA,1.9908970231875887
2020,SRB,POL,1.9882362052682574
2020,BIH,LTU,1.9872319835986785
2020,LVA,SWE,1.9815422708879002
2020,KAZ,DNK,1.970901686068049
2020,BRB,NLD,1.9698344388691367
2020,MNG,IRL,1.9457880042167532
2020,IMN,POL,1.942729300369728
2020,ROU,DNK,1.9254967962532108
2020,JOR,SWE,1.9203069117434877
2020,VUT,EST,1.9194534321978267
2020,FIN,CYP,1.91637062713152
2020,IRN,FIN,1.9091587834670365
2020,IRN,ROU,1.903572024238658
2020,SYC,SWE,1.8986142042741063
2020,CPV,AUT,1.8828345572876204
2020,CUW,FRA,1.8826515983553174
2020,BMU,HUN,1.8773523294765457
2020,ASM,LVA,1.8769985065257164
2020,SRB,CZE,1.8688529726803313
2020,VIR,AUT,1.8508703171772827
2020,VUT,FRA,1.8496412557737683
2020,GRC,AUT,1.833611548078554
2020,ROU,CYP,1.832267168631244
2020,LVA,PRT,1.8218647903118286
2020,KWT,EST,1.8185369281322576
2020,BRB,POL,1.8093552477601376
2020,VUT,ROU,1.795440661844198
2020,GNQ,BEL,1.7849950322754817
2020,IMN,CZE,1.7827064315320749
2020,GEO,SWE,1.7704648834059737
2020,SYC,IRL,1.7689250169217883
2020,BHS,ITA,1.7631381367897543
2020,PYF,BEL,1.7422914074603453
2020,ESP,CYP,1.7413969460149357
2020,WSM,DNK,1.741348095051316
2020,VCT,ITA,1.7340800817900983
2020,PAN,AUT,1.7337502612065363
2020,CUW,NLD,1.733184604275497
2020,MCO,CYP,1.7291102732888481
2020,JEY,LVA,1.7282101204987195
2020,GIB,CZE,1.7267553618956972
2020,PRY,CYP,1.7249482301590637
2020,GTM,PRT,1.72039659520833
2020,GTM,CYP,1.720158891198086
2020,PRI,FRA,1.7188607372425695
2020,PRI,CZE,1.696898698403958
2020,CUW,CYP,1.6933725551840915
2020,HUN,LTU,1.6885433490831134
2020,KWT,CYP,1.6816465583269236
2020,LUX,SVN,1.6815074887437744
2020,LBR,FRA,1.6785512012219665
2020,CRI,NLD,1.661590600088464
2020,UGA,ROU,1.6609268400209958
2020,IRN,ITA,1.645622119391747
2020,VGB,AUT,1.6450645569365212
2020,CYM,LVA,1.6443186612358547
2020,LKA,ESP,1.644148668812079
2020,ESP,EST,1.6399302045834505
2020,EST,ESP,1.6395502814497376
2020,SYC,NLD,1.636074487340111
2020,KHM,SWE,1.6343931814247257
2020,KHM,ROU,1.6233821273367144
2020,CAN,NLD,1.605492081976358
2020,CYP,SWE,1.5925856945276777
2020,BHR,DNK,1.58275791990291
2020,JOR,CYP,1.5743218266036507
2020,BHS,FIN,1.5683137639134683
2020,PRT,DEU,1.5614104356033578
2020,VCT,CZE,1.5547213396579636
2020,MDG,IRL,1.5198045925495833
2020,PRY,EST,1.5184293094695938
2020,GTM,EST,1.5098835040638139
2020,SVK,LTU,1.5068980741249947
2020,IRN,CZE,1.4991205508769325
2020,GIN,DNK,1.49711007056887
2020,CUW,ROU,1.4963160673885092
2020,CUW,EST,1.490682866864254
2020,SSD,POL,1.4902373721698898
2020,UGA,CZE,1.489317045914655
2020,VCT,BEL,1.486021054578762
2020,MCO,EST,1.4811257482261377
2020,GBR,POL,1.4693416182489936
2020,MCO,PRT,1.4618186000979307
2020,BRB,CYP,1.4588339622811093
2020,GEO,FRA,1.4586395700148822
2020,JOR,EST,1.455556609410819
2020,PAN,BGR,1.4443285019693617
2020,SYC,EST,1.4438481408408528
2020,MLT,HUN,1.4417397828044616
2020,BHS,NLD,1.4410726667875253
2020,GRC,HUN,1.428419993379225
2020,BRB,EST,1.422905519173908
2020,GTM,POL,1.4225542797937305
2020,MUS,ESP,1.397226931323161
2020,IRN,SWE,1.39228721370895
2020,CRI,CZE,1.3883153752306576
2020,MMR,ITA,1.3845581133219949
2020,ZMB,BEL,1.37589170177532
2020,LCA,ESP,1.371223960697813
2020,URY,ITA,1.367335304257347
2020,BRB,ROU,1.365602332045455
2020,SLV,DEU,1.3630647255199477
2020,BMU,BGR,1.3535020039140118
2020,PYF,DNK,1.35023904539651
2020,VGB,BGR,1.3471868437803003
2020,WSM,PRT,1.346443717592234
2020,SYC,ROU,1.3401040949984049
2020,GNQ,DNK,1.3321285231019635
2020,BMU,SVK,1.3221683895805871
2020,ZMB,CYP,1.3166174218035263
2020,TTO,ROU,1.3127490601172829
2020,VUT,POL,1.3089062209003868
2020,ESP,BEL,1.2980272409361042
2020,ZMB,DEU,1.2978612180865308
2020,BMU,SVN,1.2948147546390423
2020,MNG,NLD,1.2906639379338023
2020,CPV,HUN,1.2880216837435154
2020,PRY,POL,1.2855909255834648
2020,MMR,POL,1.2785562477355503
2020,KWT,ROU,1.268547524260353
2020,CRI,ITA,1.2595161228046556
2020,BGR,DEU,1.2575646859741312
2020,FIN,HUN,1.2565888188314758
2020,VIR,HUN,1.2553419829932055
2020,VGB,SVN,1.2538133815250425
2020,PRI,DNK,1.2493044942988225
2020,GGY,PRT,1.2481090198380889
2020,SSD,CZE,1.2473819907790396
2020,SSD,ITA,1.2471709315750346
2020,BHR,ITA,1.2409952135048634
2020,ZMB,EST,1.2340255532447737
2020,PAN,SVN,1.2327542318129976
2020,PRT,BEL,1.2258630666720847
2020,GEO,POL,1.2186021702883298
2020,PAN,DNK,1.2180834548434434
2020,PRY,ROU,1.2133131127940548
2020,MLT,HRV,1.2044957640441014
2020,KHM,CZE,1.2015065433042353
2020,GEO,NLD,1.1859689345958522
2020,VGB,DNK,1.1727378708491156
2020,MLT,BGR,1.171236557704193
2020,JEY,GRC,1.149964649636153
2020,MLT,GRC,1.1450519498536336
2020,PAN,HUN,1.1381147212704963
2020,BGR,BEL,1.137612580278062
2020,CYM,PRT,1.1334502271963247
2020,VGB,HUN,1.1334493837997672
2020,IRL,GRC,1.1287735447142737
2020,CYM,SVN,1.1100711132207723
2020,UZB,ESP,1.1096487668434984
2020,MNG,FRA,1.1078005662987105
2020,BHR,HRV,1.1024042981912823
2020,PYF,PRT,1.1009804360214908
2020,SLV,BEL,1.0963701687408638
2020,MCO,DNK,1.093051143812829
2020,VUT,ITA,1.0914266327097477
2020,UGA,FRA,1.088929108746021
2020,VCT,DNK,1.0873227916191013
2020,MCO,ROU,1.0842099196591553
2020,ROU,HRV,1.0838416674868494
2020,LUX,MLT,1.073378191858577
2020,GNQ,PRT,1.072034513566928
2020,VUT,CZE,1.0666021868613857
2020,PAN,GRC,1.0544146382730633
2020,CYM,SVK,1.0527037554411234
2020,MUS,POL,1.0500930398168524
2020,JEY,SVK,1.0448282615310922
2020,ISL,ESP,1.0395425438167805
2020,TTO,ITA,1.038540775604896
2020,CYP,EST,1.0321722020722308
2020,MDG,SWE,1.024233615176458
2020,JEY,BGR,1.0138715547067791
2020,GTM,ROU,1.009426369489549
2020,CPV,HRV,1.0092191287219103
2020,FIN,HRV,1.0064601645197953
2020,LVA,AUT,1.0037759117484764
2020,PRI,PRT,0.9996706772847826
2020,CYM,AUT,0.9995080345314249
2020,CYP,ROU,0.9987317826431009
2020,HUN,SVN,0.9984081094799198
2020,VIR,HRV,0.9924700488513258
2020,VUT,BEL,0.9894266232296616
2020,LKA,SWE,0.9863064524312397
2020,WSM,AUT,0.986116861879203
2020,MLT,SVN,0.9807390247423521
2020,LIE,ESP,0.978464680356555
2020,GGY,DNK,0.9771047881566185
2020,SYC,POL,0.9743222464344367
2020,SSD,BEL,0.9649266161022161
2020,TTO,ESP,0.9617478095472494
2020,CYM,DNK,0.9610298921885669
2020,LIE,BEL,0.9601964665828204
2020,SVK,SWE,0.9586608382156963
2020,SGP,LVA,0.9584776564996965
2020,AND,IRL,0.9571386531789988
2020,SGP,CZE,0.9502682443715849
2020,GRC,LTU,0.9501584359875975
2020,VGB,GRC,0.9499002652507522
2020,GBR,LTU,0.9482390493375875
2020,BHR,LTU,0.942021339673722
2020,KAZ,HRV,0.9327502396810557
2020,GRC,HRV,0.9301331543203091
2020,JOR,CZE,0.9290020016325964
2020,LIE,FRA,0.9245362619414104
2020,GEO,ITA,0.9216404087837233
2020,GRC,FIN,0.918828761382926
2020,MUS,ITA,0.9176279204372755
2020,LVA,DNK,0.9168033991986715
2020,LTU,NLD,0.9119565991784886
2020,HUN,GRC,0.8951411406376601
2020,PRK,ESP,0.891927169497587
2020,CRI,CYP,0.8863091206962045
2020,KAZ,AUT,0.8839871288695609
2020,MUS,SWE,0.8813917549068119
2020,URY,EST,0.8806087733810138
2020,ROU,AUT,0.8794159454472414
2020,UZB,BEL,0.8786478829228767
2020,MMR,HUN,0.8715487639260705
2020,LCA,IRL,0.8706077276569862
2020,ISL,ROU,0.8678722415333461
2020,TLS,SVK,0.8669408277892183
2020,PRI,NLD,0.8662929437841452
2020,FIN,LTU,0.8625020141092765
2020,LIE,CYP,0.8605089163033561
2020,VCT,PRT,0.8584449343904681
2020,KAZ,LTU,0.8561678475547929
2020,KWT,CZE,0.8552701821514376
2020,GBR,PRT,0.8540708140062658
2020,LKA,BEL,0.8497169023019876
2020,MCO,POL,0.8478252888948202
2020,BGR,EST,0.8469014008805283
2020,LIE,DEU,0.8394270620920439
2020,ROU,LVA,0.8332435033870231
2020,LAO,DEU,0.8281723358341659
2020,LIE,ITA,0.818138601987433
2020,LCA,SWE,0.8174110142111443
2020,SYC,CZE,0.817290923828197
2020,CPV,LTU,0.8080429274305017
2020,LAO,BEL,0.8062993680249435
2020,ASM,GRC,0.8046574416688099
2020,CRI,EST,0.8031736312034681
2020,BHR,LVA,0.8030279036442954
2020,SYC,ITA,0.8028597121525053
2020,PRY,PRT,0.8024271158509766
2020,URY,FIN,0.8021658565921477
2020,SGP,HRV,0.8021565637520084
2020,JOR,POL,0.8017303498237633
2020,BHR,AUT,0.8001229849632534
2020,LTU,ESP,0.7974813152896314
2020,LIE,EST,0.795521426524787
2020,IRN,POL,0.7945558713228739
2020,BHR,SVK,0.7909161970912346
2020,NLD,LVA,0.7893188072957691
2020,SSD,DNK,0.7875270668077693
2020,PYF,AUT,0.78660071157096
2020,LAO,ESP,0.7847126056176117
2020,MHL,FRA,0.7834736716946791
2020,URY,ROU,0.7727949354840643
2020,GNQ,AUT,0.7699399754525184
2020,BIH,GRC,0.7689817648523933
2020,CYP,IRL,0.7663781195467486
2020,CYP,POL,0.7650639286685322
2020,GEO,FIN,0.7646797366689242
2020,GGY,LTU,0.7610304313783595
2020,VIR,LTU,0.7595376501553655
2020,ESP,DEU,0.7593801086521501
2020,AUT,DNK,0.7593341421329949
2020,GIN,CYP,0.7536109384063397
2020,JEY,HUN,0.7503842510693159
2020,CYM,BGR,0.7477750432892464
2020,JEY,AUT,0.742468550438395
2020,ZMB,FRA,0.7421104947833193
2020,ISL,FIN,0.7418370537830637
2020,MMR,DNK,0.7405924543710853
2020,KWT,DNK,0.7366282203882044
2020,LVA,GRC,0.7340772951667325
2020,PRI,CYP,0.7304770575801849
2020,PRT,FIN,0.7265367430411189
2020,ROU,EST,0.7252975359782715
2020,ZMB,ROU,0.7246466584306285
2020,FIN,SVN,0.7243352088465762
2020,GIB,SWE,0.7220493966271676
2020,DJI,ESP,0.7211778335826938
2020,KAZ,SVK,0.7195931140522528
2020,PRI,AUT,0.7184883079078077
2020,TTO,CZE,0.7152318324730468
2020,GGY,HRV,0.7150854257933962
2020,ISL,ITA,0.7147880875938021
2020,ESP,ROU,0.7142160475244768
2020,CPV,SVN,0.7090502148303325
2020,UZB,EST,0.7058480233022231
2020,JOR,HUN,0.7057757713963497
2020,WSM,FIN,0.7053241844695609
2020,URY,LTU,0.7030192553984954
2020,WSM,CYP,0.702798664618876
2020,VUT,DNK,0.69954759543458
2020,GEO,BEL,0.694262411416397
2020,SRB,SWE,0.6886052784913992
2020,VIR,SVN,0.6874014232582147
2020,GIN,ROU,0.6849284181682217
2020,CRI,POL,0.680644698885408
2020,GRC,SVN,0.6615853512040502
2020,MHL,NLD,0.657640604583352
2020,GIN,EST,0.6518808070184816
2020,CYM,HUN,0.6496947347494799
2020,SGP,PRT,0.648341476356967
2020,WSM,HUN,0.6427853116179072
2020,SRB,LTU,0.6385756257194366
2020,PRT,CYP,0.6385121523013996
2020,UZB,CYP,0.6367350042296344
2020,SSD,PRT,0.6321037737652102
2020,GBR,SVN,0.6292954311224234
2020,BGR,FRA,0.6263304732796464
2020,CYP,ITA,0.6259049472584858
2020,VCT,AUT,0.6253785385059956
2020,SYC,BEL,0.6223398629629799
2020,LVA,BGR,0.6150631126224434
2020,CPV,BGR,0.6150500093533313
2020,GRC,BGR,0.6135302158779339
2020,GGY,AUT,0.6117427039198684
2020,MUS,LTU,0.6105349528002612
2020,KAZ,LVA,0.6103562440139786
2020,FIN,BGR,0.6100602452419334
2020,LVA,HUN,0.6080563590920093
2020,BIH,DNK,0.6035266502395753
2020,VIR,BGR,0.6026864827758589
2020,PYF,CYP,0.5988869464981514
2020,ISL,DEU,0.5951366548722716
2020,JEY,DNK,0.5944989948177375
2020,PRT,LTU,0.5937038949147235
2020,SVK,GRC,0.5922593140227864
2020,LKA,EST,0.5903458053547759
2020,PRT,EST,0.5879560563350608
2020,LCA,EST,0.5870235102079303
2020,LTU,ITA,0.583959692941828
2020,TLS,LVA,0.5833783225297628
2020,GNQ,HUN,0.5792977273703253
2020,SGP,SVN,0.576044943405053
2020,LBR,ITA,0.5737412532191113
2020,GIB,HRV,0.5673398180199523
2020,WSM,HRV,0.5665038405365479
2020,MLT,SVK,0.5664384556365488
2020,LCA,ROU,0.5661478955414233
2020,AND,NLD,0.5656850745996307
2020,TTO,NLD,0.5634942179376862
2020,URY,POL,0.5622000567509607
2020,CYP,CZE,0.5605806182770153
2020,LAO,CYP,0.5590174880329088
2020,MDG,BEL,0.5571305705071732
2020,GNQ,CYP,0.5526865532679122
2020,AND,FRA,0.551871953259861
2020,PRK,SWE,0.5502835849165177
2020,LIE,ROU,0.5492900919269592
2020,UZB,ROU,0.5478556519241785
2020,ISL,BEL,0.5417494708343675
2020,CYM,GRC,0.5404142156214546
2020,JOR,FIN,0.5393685053135358
2020,BRN,ESP,0.5362753563787539
2020,MDG,EST,0.5360745179112408
2020,VUT,PRT,0.5359974797002943
2020,IMN,SWE,0.5331871178494064
2020,PYF,HUN,0.5329382090239732
2020,ZMB,CZE,0.5281346973555712
2020,SLV,FIN,0.5239134356225892
2020,CUW,HRV,0.5225444333794992
2020,LAO,EST,0.5198216359008809
2020,BMU,GRC,0.516133549356214
2020,SYC,DNK,0.5145447906307016
2020,UZB,SWE,0.5106165877687463
2020,GIN,AUT,0.5071421687957536
2020,KHM,DNK,0.5066924467237879
2020,CRI,ROU,0.49911503064016527
2020,PYF,FIN,0.49294239809659474
2020,MHL,CZE,0.4902026307442956
2020,PRI,HUN,0.48753707237625626
2020,CUW,PRT,0.4813564703258721
2020,LBR,FIN,0.47313221937568617
2020,MDG,ROU,0.4728081520456848
2020,PYF,HRV,0.46990141642658634
2020,TTO,FRA,0.4692891513180385
2020,VIR,NLD,0.46792255350383627
2020,GIN,CZE,0.46332162137477784
2020,LKA,ROU,0.46224033341197013
2020,UZB,FIN,0.46192130539407783
2020,MCO,CZE,0.4578450910907786
2020,BRB,PRT,0.4576779034319975
2020,IRN,DNK,0.4570088313931788
2020,PAN,MLT,0.4564149910476497
2020,GIB,PRT,0.45468312106083647
2020,SSD,AUT,0.4536074167129302
2020,CYP,NLD,0.45294238435301276
2020,UGA,ITA,0.4527851505166176
2020,BHR,PRT,0.4527786272795238
2020,LCA,POL,0.4507078790728681
2020,BGR,POL,0.44577237735353553
2020,BOL,SWE,0.4445452483247283
2020,GGY,HUN,0.4426683018028449
2020,HKG,MLT,0.4421838616404831
2020,CYP,FRA,0.4418822585057455
2020,PRI,LTU,0.4384624228996785
2020,KHM,FIN,0.4367294195801638
2020,WSM,LTU,0.43541517894098775
2020,LBR,POL,0.4330738466398155
2020,ESP,FRA,0.43243921319103756
2020,DJI,SWE,0.428705392941863
2020,UZB,CZE,0.42843190360997624
2020,JEY,SVN,0.42813396875666976
2020,MUS,FIN,0.42626337711319334
2020,BRB,HRV,0.42549705417294864
2020,JOR,ITA,0.42472578201265043
2020,VCT,HUN,0.4241562492839676
2020,IMN,PRT,0.42378811397528654
2020,VGB,MLT,0.4226440701146961
2020,BHS,FRA,0.4190199401874519
2020,BRB,SWE,0.41886734305341433
2020,SGP,BGR,0.41758838890282335
2020,CYP,DNK,0.4127152000817719
2020,GNQ,HRV,0.4116606232756489
2020,CPV,CYP,0.411122182391487
2020,LVA,SVN,0.4110725004209406
2020,MMR,HRV,0.4106941761063556
2020,SYC,PRT,0.41053298160607443
2020,GIB,LTU,0.40929384543765035
2020,LCA,ITA,0.4086784310152316
2020,LKA,CYP,0.4070168344687019
2020,LTU,ROU,0.4034235581034605
2020,LCA,BEL,0.4009720447598929
2020,URY,CZE,0.4003124985156983
2020,VUT,AUT,0.3976753737930503
2020,ISL,CYP,0.3962403477913977
2020,PRI,HRV,0.3944038134583205
2020,UGA,SWE,0.3927939428094612
2020,PRY,SWE,0.3888903550069651
2020,GIB,LVA,0.38800149598951306
2020,ROU,FIN,0.38563697504793637
2020,BHR,HUN,0.38461889576980857
2020,MMR,AUT,0.3790957263687885
2020,IRN,PRT,0.3755719681342499
2020,ROU,MLT,0.3749365651287863
2020,KGZ,DEU,0.3745635526392043
2020,PRK,EST,0.37176780459951525
2020,LCA,CZE,0.37101549387244015
2020,LAO,SWE,0.36766619253556865
2020,LKA,POL,0.3643391754907248
2020,MCO,AUT,0.3642685537416747
2020,LTU,CYP,0.36393291582239456
2020,CRI,SWE,0.36378944535879953
2020,ISL,EST,0.3637133266560843
2020,GBR,GRC,0.3630610803668364
2020,PYF,LTU,0.3621715047231986
2020,WSM,SVN,0.36030791032941184
2020,PRK,ROU,0.35976356846736307
2020,CYP,BEL,0.35953421002198804
2020,GEO,CZE,0.3583251598188162
2020,GNQ,LTU,0.3569623225597462
2020,ROU,SVK,0.35606724699214304
2020,ROU,CZE,0.35272341334890395
2020,BGR,HRV,0.3511885309551838
2020,UGA,POL,0.3507333701266232
2020,GGY,BGR,0.348015418904859
2020,LAO,ROU,0.3473801454253372
2020,CUW,LVA,0.3444978679458846
2020,GGY,LVA,0.34264448268081
2020,TTO,HUN,0.34086382397999127
2020,BHR,GRC,0.33999238087691536
2020,GEO,PRT,0.33902201142445243
2020,ZMB,ITA,0.3360693803421645
2020,KAZ,GRC,0.33579861997627314
2020,SGP,LTU,0.3354682676745072
2020,VCT,HRV,0.3353137117098975
2020,MMR,LTU,0.33479733507751586
2020,GTM,SWE,0.33343793256565607
2020,BRN,SWE,0.3324294183827032
2020,BIH,BGR,0.3301752106268286
2020,MDG,POL,0.3268869543060607
2020,MMR,PRT,0.32670750322089576
2020,LBR,SWE,0.3245907117598408
2020,CYP,PRT,0.3245447775748795
2020,VUT,CYP,0.3232280953130739
2020,GIN,SVK,0.3195506611686451
2020,WSM,BGR,0.3185355215926713
2020,LTU,SWE,0.3180334708784861
2020,BGR,SWE,0.31790810754487786
2020,TTO,CYP,0.3170641481704737
2020,JOR,DNK,0.31316707015667233
2020,IMN,LTU,0.31232096685050204
2020,SSD,HUN,0.31071186115042804
2020,LIE,POL,0.31059699919211325
2020,MMR,SVK,0.30790544986522356
2020,BTN,DEU,0.3043929633666713
2020,KWT,POL,0.30259904020294953
2020,PNG,NLD,0.29973524795283796
2020,DJI,EST,0.2995416135585636
2020,PYF,SVN,0.2977740882876341
2020,PRT,DNK,0.29723203080598415
2020,LAO,CZE,0.29716654684446
2020,PRI,SVN,0.2964976103299424
2020,PRT,ROU,0.2964385620420302
2020,SYC,AUT,0.2963918041934152
2020,PNG,FRA,0.29598674723467217
2020,URY,PRT,0.2956446548586157
2020,URY,DNK,0.2947213077539868
2020,GEO,EST,0.2942367466924319
2020,GNQ,SVN,0.293923713887852
2020,SVK,HRV,0.2915718601642481
2020,MDG,ITA,0.29036110333530646
2020,BHR,BGR,0.28971754052893806
2020,PYF,FRA,0.28941288686213174
2020,TTO,POL,0.28842752504756114
2020,MDG,DNK,0.28764711896551703
2020,DJI,ROU,0.28632257296641905
2020,KHM,ITA,0.28585120128352204
2020,PRY,LTU,0.28526726789146106
2020,SLV,ESP,0.28471964325703225
2020,BGR,LVA,0.2833476073426317
2020,GRC,CYP,0.28242719881156103
2020,KHM,POL,0.2816283689578028
2020,EST,NLD,0.2803473525778306
2020,TTO,EST,0.2793553748094008
2020,GNQ,FRA,0.2791802975203993
2020,LBR,LTU,0.27889721670864126
2020,GEO,ROU,0.27761189471931047
2020,MMR,LVA,0.27540698260609453
2020,PRK,POL,0.2749716263985963
2020,SGP,HUN,0.27457970427588363
2020,TLS,GRC,0.2733881528170362
2020,BHS,PRT,0.2723539211762614
2020,KWT,AUT,0.2719379724532204
2020,PRK,IRL,0.270827537960975
2020,VUT,FIN,0.26982785897403616
2020,SSD,CYP,0.26775611994576104
2020,UZB,ITA,0.26739559542017766
2020,KAZ,SVN,0.2665491657858834
2020,BRB,LVA,0.26626635555628614
2020,GEO,HUN,0.26606178835080346
2020,UZB,POL,0.26368226918135745
2020,PYF,BGR,0.26360714953391695
2020,BHS,CYP,0.2631404966117404
2020,ISL,FRA,0.26103577503918035
2020,VCT,LTU,0.26057400729539537
2020,MUS,PRT,0.2603045819696323
2020,VUT,HUN,0.25942096749501176
2020,FIN,SVK,0.2591983098282119
2020,MDG,CZE,0.2590632744195333
2020,IRN,HRV,0.2574710072270254
2020,GIB,SVK,0.25454552278772796
2020,GNQ,BGR,0.25229690686532186
2020,ROU,LTU,0.24854248274167973
2020,GGY,SVN,0.24746305367327232
2020,MNG,DEU,0.2459365449602826
2020,GGY,GRC,0.24363273086618106
2020,PRI,BGR,0.24356613411495834
2020,SSD,HRV,0.24316174369727836
2020,GGY,SVK,0.2415736272293085
2020,CYP,AUT,0.2373569030671053
2020,MNG,ESP,0.23662045101566115
2020,URY,SVN,0.23653554065970167
2020,VCT,SVN,0.2361962795439716
2020,BMU,MLT,0.23548064028144056
2020,VUT,HRV,0.2347937872980761
2020,GTM,LTU,0.23390971184777762
2020,ZMB,SWE,0.23343461100241705
2020,SVK,SVN,0.23315108659804323
2020,BOL,FIN,0.23284145912984885
2020,JOR,LTU,0.23065108007809462
2020,MCO,SVK,0.23023965124414716
2020,GEO,LTU,0.22987834070105104
2020,BRB,LTU,0.2290459055699049
2020,SLV,ROU,0.22749939487587878
2020,DJI,IRL,0.22739475954838914
2020,BRN,EST,0.22738249132410915
2020,BRN,ROU,0.2270353495009649
2020,SVK,BGR,0.2256628657697935
2020,PRK,ITA,0.22451881503017934
2020,LCA,DNK,0.22433994901117857
2020,BHS,EST,0.22318022222465325
2020,MNG,ROU,0.22102800612911702
2020,BHR,SVN,0.22091575278483533
2020,CUW,SVK,0.2190971687001657
2020,CUW,LTU,0.21895200572761309
2020,DJI,POL,0.21829671841567092
2020,CRI,LTU,0.21632077608069408
2020,GIB,DNK,0.21492596773139971
2020,LTU,BEL,0.2146875042513938
2020,CPV,FRA,0.21410531020403106
2020,GBR,ESP,0.21378579653662946
2020,KAZ,BGR,0.2136983650624862
2020,ASM,MLT,0.21356854307448692
2020,CAN,SVK,0.2105637298502223
2020,LKA,DNK,0.21049272593273363
2020,IRN,LTU,0.20991447668557367
2020,SRB,GRC,0.20985134778842873
2020,ZMB,POL,0.20929604528312384
2020,IRN,AUT,0.20924428932456599
2020,EST,ITA,0.20879483293526552
2020,SSD,LTU,0.20667275091449033
2020,VCT,BGR,0.20379256211255448
2020,SYC,HUN,0.20311688401467204
2020,BGR,MLT,0.20226859910046097
2020,PRK,CZE,0.20222211297193857
2020,KAZ,HUN,0.2015357192886793
2020,GIB,AUT,0.20025867394481323
2020,LKA,ITA,0.20002856720767626
2020,BIH,AUT,0.1980495236322452
2020,MUS,GRC,0.19626407298609186
2020,ISL,HUN,0.19476990489981946
2020,BGR,SVK,0.1933754051031344
2020,LCA,FIN,0.19247879704590018
2020,SLV,ITA,0.19229654060296925
2020,JEY,MLT,0.19209856924475985
2020,IRN,SVK,0.1915204581297783
2020,IRL,MLT,0.18875539115012024
2020,GRC,SVK,0.18860155023744668
2020,KHM,AUT,0.18727939047601416
2020,GIB,BGR,0.18587661344488265
2020,LCA,PRT,0.1853126123203582
2020,BIH,HUN,0.18517554155293703
2020,CYM,MLT,0.18357910498945793
2020,UGA,LTU,0.18248272830297224
2020,KWT,FIN,0.18093262925580306
2020,MNG,BEL,0.18006450718492537
2020,DJI,ITA,0.18005298353298957
2020,BOL,LTU,0.17869153785178438
2020,ROU,BGR,0.1783952543790073
2020,VUT,LTU,0.1782853736047824
2020,URY,HRV,0.1782483777345626
2020,IRN,LVA,0.17558976147477134
2020,MMR,GRC,0.17512781628983987
2020,CUW,SWE,0.17505059825568192
2020,GIB,GRC,0.17483555598175196
2020,SSD,SVN,0.17300484564024393
2020,LKA,CZE,0.17260172204742713
2020,ROU,SVN,0.17207014316192973
2020,BRB,SVK,0.17023308127586032
2020,KHM,LTU,0.17011774594280876
2020,URY,AUT,0.1694973600742435
2020,BRN,POL,0.1686842163822793
2020,SYC,CYP,0.16730715559153297
2020,LIE,PRT,0.16706698467466272
2020,KWT,ITA,0.16642368200193114
2020,URY,CYP,0.16383673165826315
2020,JOR,AUT,0.16263939147163986
2020,CYP,HUN,0.16098593327046476
2020,DJI,CZE,0.16057317816990008
2020,SYC,HRV,0.15888038756166592
2020,PRT,SVN,0.15784501769819892
2020,MUS,SVN,0.15748353157972436
2020,UZB,DNK,0.15739811665968595
2020,VCT,FIN,0.1568858762098865
2020,JOR,PRT,0.15674970523038645
2020,UGA,HUN,0.15456562178489217
2020,CUW,AUT,0.15428300097472303
2020,MHL,DEU,0.15424529015538518
2020,GIN,POL,0.15392926317594952
2020,GIB,HUN,0.1517695287375691
2020,BHS,POL,0.15111515959902266
2020,BRB,AUT,0.15103530662040968
2020,PRY,SVN,0.1509582273963218
2020,PRK,DNK,0.15079106849999527
2020,BGR,CZE,0.15074145411002562
2020,MHL,CYP,0.1489864546018695
2020,KWT,LTU,0.14830329798092734
2020,SSD,BGR,0.1482489626581304
2020,VUT,SVN,0.1449348835199285
2020,MHL,ESP,0.14442973522697442
2020,ISL,PRT,0.14154947203005058
2020,MDG,PRT,0.13993178203203213
2020,BRB,DNK,0.13857048976016167
2020,BRN,ITA,0.13793016742817069
2020,TTO,PRT,0.13791174680476828
2020,LKA,FIN,0.13779652140149595
2020,MHL,EST,0.13749867164831037
2020,KHM,SVK,0.13742256048898654
2020,SVK,HUN,0.13701597844630584
2020,MDG,AUT,0.1364965330013999
2020,KWT,SVK,0.136430981923689
2020,MCO,LTU,0.1361056789809326
2020,PRK,BEL,0.13538154594124716
2020,SYC,LTU,0.13466435153683629
2020,UGA,FIN,0.13431154101571074
2020,MDG,CYP,0.13387252283435785
2020,CYP,HRV,0.1320525662000509
2020,LBR,PRT,0.1319612858969238
2020,CYP,LTU,0.13106788580203863
2020,LCA,AUT,0.13039405650102945
2020,BHS,ROU,0.12986387136070585
2020,VUT,BGR,0.12946286003469185
2020,SGP,FIN,0.12923409111185283
2020,SLV,EST,0.1284316767251671
2020,ESP,SVN,0.12780486198019467
2020,UGA,PRT,0.12751852839816286
2020,CUW,BGR,0.12685272044739127
2020,ESP,POL,0.12652298548677549
2020,MUS,HUN,0.12495815012450182
2020,SSD,FRA,0.12495181510271537
2020,BRN,CZE,0.1235150430393648
2020,BGR,AUT,0.12322726607826286
2020,BIH,SVK,0.12227989768017156
2020,CHE,MLT,0.12191956376908476
2020,ZMB,FIN,0.12091855404149586
2020,IMN,GRC,0.12000777693652331
2020,ZMB,LTU,0.1180651240319775
2020,PRK,PRT,0.1165580683791389
2020,MNG,CYP,0.11645148950837163
2020,DJI,DNK,0.11641249476317105
2020,JOR,SVK,0.11587048509892585
2020,MMR,BGR,0.11539775341748876
2020,URY,HUN,0.11508551626859441
2020,SLV,FRA,0.11346298328805811
2020,SYC,SVN,0.11308411842432166
2020,LAO,DNK,0.11268022583838223
2020,AND,SWE,0.11157036641407632
2020,GTM,SVN,0.11082502577345568
2020,DJI,BEL,0.11075957171196428
2020,MHL,BEL,0.11043878846285651
2020,MLT,LVA,0.11029726257048444
2020,ROU,POL,0.10987181862459343
2020,LTU,PRT,0.10975801477218866
2020,BRB,BGR,0.10935000215509025
2020,MNG,EST,0.1088565493532457
2020,CUW,DNK,0.10858060289365207
2020,DNK,GRC,0.10802696186521481
2020,KAZ,MLT,0.10798828910064846
2020,GEO,CYP,0.10751223384817385
2020,GIN,HUN,0.10602762792025738
2020,BRB,SVN,0.10596508687686601
2020,EST,IRL,0.10571061968407344
2020,PRK,FRA,0.10566255465906764
2020,LKA,PRT,0.10506882159204743
2020,GRC,LVA,0.10458790930365784
2020,CUW,HUN,0.10106144959533941
2020,PNG,ROU,0.1000373177631215
2020,PRT,AUT,0.09898346303817109
2020,BRB,HUN,0.09885556353025154
2020,LKA,AUT,0.09821137348163794
2020,CUW,SVN,0.09801677508361215
2020,MHL,ROU,0.09785721502930017
2020,ESP,LTU,0.09773604743187084
2020,SVK,AUT,0.09706161597253599
2020,SYC,BGR,0.09688395177087165
2020,MNG,SWE,0.09683772479815486
2020,GIN,ITA,0.09642874186761999
2020,KWT,PRT,0.0959191786382659
2020,BGR,DNK,0.09590675347805308
2020,CYP,SVN,0.09585258557500759
2020,SLV,POL,0.09584847490412783
2020,ISL,POL,0.0938066812818725
2020,AUT,MLT,0.0934274234847091
2020,BGR,FIN,0.09310767284776135
2020,DJI,PRT,0.09248705911271783
2020,MMR,SVN,0.09212505137986349
2020,LBR,GRC,0.09202187863094748
2020,AUT,SVN,0.09140333123458497
2020,IRN,GRC,0.09104545305087551
2020,BRN,DNK,0.0909346344759136
2020,GBR,ITA,0.09046885202295012
2020,SLV,SWE,0.09016652661517388
2020,GEO,AUT,0.08853672626839673
2020,CUW,GRC,0.08845079361007799
2020,BGR,LTU,0.08839125252045951
2020,LCA,HUN,0.08837495048359752
2020,CRI,SVN,0.08715916531239595
2020,ZMB,PRT,0.08611090349868478
2020,PRK,AUT,0.08606309938902704
2020,GEO,DNK,0.0859844157345835
2020,KHM,HRV,0.08589201052915467
2020,UZB,PRT,0.08525136991320606
2020,PRY,HUN,0.08453447107772565
2020,SVK,DNK,0.08420436112981068
2020,DJI,NLD,0.084181192793974
2020,LIE,SWE,0.08403442994417111
2020,CAN,GRC,0.08394748054111169
2020,PRT,HRV,0.08312105988781701
2020,SRB,HUN,0.08232916733789264
2020,GEO,LVA,0.08230432982870795
2020,LKA,LTU,0.0812179481988566
2020,KHM,PRT,0.08038574239888686
2020,BHR,MLT,0.08018073010902785
2020,SLV,CYP,0.07979839623519076
2020,SYC,FRA,0.07955715230700541
2020,BRN,BEL,0.07934763450909489
2020,URY,BGR,0.07918711103203835
2020,WSM,SVK,0.07906669201601393
2020,CYP,BGR,0.07860114380163956
2020,SVK,LVA,0.07645595948736945
2020,LCA,HRV,0.07642268867722173
2020,UZB,AUT,0.07631509959412364
2020,LKA,HUN,0.07556132380998161
2020,GIB,SVN,0.07374135179502503
2020,BRB,GRC,0.07193399946274173
2020,MHL,SWE,0.07182182489850798
2020,KGZ,ESP,0.07170667532235675
2020,BGR,SVN,0.07160425246415657
2020,BRN,PRT,0.07149956963363407
2020,PLW,DEU,0.07120917879202612
2020,UZB,HRV,0.07074314182847892
2020,KHM,GRC,0.07020999359256615
2020,IOT,DEU,0.06953504335643827
2020,GEO,SVK,0.06893966221764278
2020,JOR,LVA,0.0685898277994412
2020,MDG,HUN,0.06731549407517244
2020,DJI,AUT,0.06702798158832586
2020,LIE,LTU,0.06638781505012854
2020,IMN,DNK,0.0662790903023967
2020,LTU,HRV,0.06623071569642766
2020,GEO,BGR,0.06575372262020389
2020,TLS,MLT,0.06560935057429834
2020,LTU,DNK,0.06556300422046796
2020,PNG,CYP,0.06536849188342421
2020,FRO,DEU,0.06536487885438506
2020,ROU,GRC,0.06445555308445289
2020,KHM,LVA,0.0639028875483551
2020,IMN,BGR,0.06369946908358824
2020,TTO,SWE,0.0633786866374734
2020,PRT,SVK,0.06288166382025992
2020,JOR,GRC,0.06276123096096514
2020,LBR,SVN,0.06268044379294199
2020,BTN,ESP,0.0624836022865546
2020,BIH,LVA,0.06239058674588666
2020,PNG,EST,0.06117615101634223
2020,EST,FRA,0.06095117564377556
2020,ISL,CZE,0.06034711739185339
2020,IRN,BGR,0.05948219109882147
2020,GNQ,FIN,0.05945117728287052
2020,CPV,SVK,0.0587912621507291
2020,UZB,LTU,0.058790556193871885
2020,AND,DEU,0.05878311691889748
2020,UGA,GRC,0.05840912903693727
2020,KWT,SVN,0.058402906428337016
2020,PRK,HUN,0.05774692942739946
2020,PNG,SWE,0.05761807316463194
2020,LCA,LTU,0.056730131722795875
2020,LAO,FIN,0.05608248587910743
2020,SVK,MLT,0.05606220374845642
2020,BGR,HUN,0.05553531843194164
2020,AND,FIN,0.054784409470862785
2020,VIR,SVK,0.05431671307941376
2020,GIN,LTU,0.054249793719183946
2020,LAO,POL,0.05347984764495667
2020,MCO,GRC,0.053195141998883595
2020,MDG,HRV,0.0531645490907652
2020,JOR,BGR,0.05247795392370297
2020,BRN,AUT,0.05233143440278139
2020,IRN,SVN,0.05180682643993563
2020,MHL,POL,0.05141191880379873
2020,UGA,SVN,0.0512089734239424
2020,GIN,FIN,0.05113073838828269
2020,MDG,LTU,0.04967827191788273
2020,LCA,SVN,0.04959329159937424
2020,PRY,GRC,0.049132647732924736
2020,SRB,MLT,0.048734127307559306
2020,REU,DEU,0.04856878179450707
2020,SLV,HUN,0.04831133842921101
2020,IRN,HUN,0.047805976245729825
2020,GBR,SWE,0.047800564264399124
2020,GTM,GRC,0.04739095986316065
2020,WSM,LVA,0.04667811032017197
2020,PYF,SVK,0.04659806912910222
2020,IMN,SVN,0.046483488979762455
2020,VCT,FRA,0.04637833602777333
2020,KWT,HRV,0.04606856563486953
2020,DJI,HUN,0.04586605498670685
2020,PRK,HRV,0.04572401722906284
2020,UZB,SVK,0.044739146886799086
2020,MNG,HUN,0.04470032423447424
2020,BEN,ESP,0.04445742907792435
2020,KGZ,SWE,0.04444410120104278
2020,JOR,SVN,0.044182156623786044
2020,CYP,FIN,0.043865716394703984
2020,EST,PRT,0.04373835138260916
2020,LCA,BGR,0.04363648643473264
2020,LBR,HUN,0.04326614579039761
2020,GIB,MLT,0.04279572331586586
2020,KHM,SVN,0.04276997195293983
2020,AND,LTU,0.042493945173190564
2020,UGA,DNK,0.04207873174847434
2020,KWT,HUN,0.04177002263613418
2020,CPV,FIN,0.041353843263506405
2020,KWT,GRC,0.04131437172074871
2020,GEO,HRV,0.04120158405457173
2020,FIN,GRC,0.04105463848901297
2020,BOL,SVN,0.04087064765649863
2020,CUW,MLT,0.040729358190138405
2020,MUS,LVA,0.04069789330320625
2020,LAO,AUT,0.04037416094382032
2020,LKA,SVK,0.04035056973938827
2020,BTN,NLD,0.04020709682356433
2020,LCA,NLD,0.03986882748785396
2020,LAO,ITA,0.03892195500157458
2020,VCT,CYP,0.038765724475348436
2020,GIN,LVA,0.03870094878407196
2020,IMN,HUN,0.038479610648404605
2020,UZB,LVA,0.03845602644491909
2020,GGY,MLT,0.03778721715168172
2020,MDG,SVN,0.037760242933225656
2020,PYF,LVA,0.03771022448841609
2020,BTN,SWE,0.03761274383966399
2020,PRT,POL,0.03743365477977742
2020,TTO,LTU,0.037432151840913884
2020,GEO,SVN,0.03737175237307534
2020,LCA,FRA,0.03660528330334505
2020,BGR,GRC,0.03644845840919438
2020,LAO,LTU,0.03622436203416073
2020,DJI,HRV,0.03594085653648574
2020,UGA,AUT,0.03553395552402347
2020,BRN,HUN,0.035479497374657505
2020,SRB,BGR,0.03546366666829845
2020,MUS,AUT,0.035344677311969074
2020,JOR,HRV,0.03526381958039475
2020,PRK,LTU,0.03501368633886297
2020,VUT,SVK,0.03463778744821649
2020,LCA,CYP,0.03397760609722057
2020,MCO,BGR,0.03385831579522335
2020,MUS,SVK,0.03375765829984372
2020,ZMB,HUN,0.033639184951623755
2020,BHS,LTU,0.03361871936125874
2020,FRO,ESP,0.033216174092238274
2020,SLV,CZE,0.033212560185366474
2020,ZMB,SVN,0.032964407998515494
2020,MDG,BGR,0.032543233675300764
2020,MNG,CZE,0.03242283508241289
2020,BTN,IRL,0.032272879292100314
2020,PRK,SVN,0.032122901975239516
2020,ZMB,GRC,0.03194849469332797
2020,ESP,GRC,0.03186349125412331
2020,LKA,HRV,0.03172577417685292
2020,BRB,MLT,0.03152943441567062
2020,ISL,SWE,0.031209109362086433
2020,MCO,LVA,0.03073733343103824
2020,BHS,SWE,0.030672456785312482
2020,KGZ,EST,0.03040353759965785
2020,BHS,SVN,0.0303016879556343
2020,PNG,FIN,0.030239854377017362
2020,MMR,MLT,0.030224549459423794
2020,ISL,LTU,0.030218463205646525
2020,LKA,SVN,0.030046181750805853
2020,SRB,LVA,0.029904352777911574
2020,WLF,DEU,0.029583741835762716
2020,KGZ,ROU,0.02941852071253311
2020,LTU,AUT,0.029230989130429066
2020,MNG,DNK,0.029227387023471448
2020,MDG,SVK,0.029156281126088028
2020,MUS,BGR,0.028714616475648273
2020,UZB,HUN,0.028672822693581533
2020,DJI,LTU,0.02850740249511795
2020,LAO,SVK,0.028398054506733196
2020,BRN,HRV,0.02820332122482022
2020,LTU,BGR,0.02819077348430674
2020,BTN,EST,0.027982267293654724
2020,PRK,BGR,0.027740437719071056
2020,GIN,PRT,0.026984351920487062
2020,FRO,FRA,0.02698089730848774
2020,FRO,NLD,0.026761758059134888
2020,BTN,FRA,0.026614075688135792
2020,FRO,SWE,0.02653828193969737
2020,LIE,GRC,0.02635297074515678
2020,BTN,ROU,0.02618373642106653
2020,LKA,BGR,0.025931473992297272
2020,BOL,HRV,0.025359285176406562
2020,DJI,SVN,0.02529122857331457
2020,FRO,IRL,0.025257594998245158
2020,PNG,LTU,0.025181570739892165
2020,KWT,BGR,0.025147612394809973
2020,GNQ,SVK,0.025019482498139515
2020,CRI,GRC,0.024360756491356224
2020,SLV,DNK,0.0238421797644562
2020,PRT,BGR,0.023813728989048048
2020,TTO,GRC,0.023724535653493996
2020,GIN,HRV,0.023723784291783487
2020,SRB,SVK,0.023720848213601223
2020,VUT,LVA,0.02359653259553501
2020,WSM,GRC,0.023407194487515454
2020,TTO,AUT,0.023177427641748793
2020,PRI,GRC,0.02307005500165491
2020,TTO,SVN,0.02300602477112693
2020,UZB,SVN,0.02297351680586482
2020,LTU,GRC,0.022923284892731384
2020,NLD,MLT,0.022676812692403778
2020,KGZ,POL,0.022535629107930485
2020,FIN,LVA,0.0222535359093888
2020,MHL,SVN,0.022079400831598074
2020,DJI,BGR,0.021901703339647773
2020,DNK,MLT,0.02188977176670358
2020,UZB,BGR,0.021651188038628755
2020,MUS,DNK,0.0215267755974817
2020,BRN,LTU,0.021472654768404147
2020,IMN,AUT,0.021358613747553993
2020,SLV,PRT,0.021292463198699818
2020,PNG,SVN,0.021195751140365003
2020,PRI,SVK,0.021085174314675582
2020,PRK,NLD,0.020754824558102312
2020,UZB,GRC,0.02050287932034254
2020,IRN,MLT,0.020459495104490803
2020,GIN,GRC,0.020189425237355816
2020,PYF,GRC,0.02010769006441306
2020,MHL,DNK,0.01979845130917714
2020,CRI,PRT,0.019680953212222206
2020,BRN,SVN,0.01942823815689513
2020,GTM,BGR,0.019387582805378903
2020,FRO,POL,0.019323178073404206
2020,PRY,BGR,0.019297035070490538
2020,GTM,DNK,0.019228359949289293
2020,BTN,POL,0.018995968424121712
2020,KHM,BGR,0.018694555463993155
2020,ISL,GRC,0.018662936087594083
2020,KGZ,ITA,0.018436579244800806
2020,VCT,SVK,0.0183513232380357
2020,LKA,LVA,0.018340958651990362
2020,PNG,POL,0.018156175931887245
2020,UGA,BGR,0.01783454983116156
2020,CRI,HRV,0.017526007230535802
2020,BRN,BGR,0.017020314672116905
2020,GIN,BGR,0.016827242624548686
2020,PRY,HRV,0.016568061900510994
2020,KGZ,CZE,0.01651239383429159
2020,GNQ,GRC,0.01641603641199602
2020,KWT,LVA,0.016276331828205863
2020,UGA,HRV,0.016251108296285295
2020,MCO,HUN,0.016217021929809956
2020,BTN,ITA,0.015898031618330914
2020,LBR,LVA,0.01582447810398934
2020,MCO,HRV,0.015706528561529567
2020,SLV,AUT,0.015548190664537616
2020,MCO,SVN,0.015526986378727422
2020,BTN,CZE,0.015301404666466567
2020,GIN,SVN,0.015277662330708888
2020,NRU,DEU,0.01494836448984152
2020,MNG,ITA,0.014870094302944423
2020,SRB,AUT,0.014846676083464981
2020,LAO,GRC,0.014631417685962883
2020,BIH,MLT,0.014480318987665823
2020,PLW,ESP,0.014400161264540905
2020,SSD,SVK,0.014301561380222313
2020,IOT,ESP,0.01426555685653875
2020,GTM,HRV,0.014049477796639294
2020,FRO,FIN,0.013960788161011204
2020,LIE,DNK,0.013957522509415943
2020,SLV,LTU,0.013928852671040689
2020,LTU,SVK,0.013870344926347509
2020,PNG,DEU,0.013869413245928351
2020,BTN,BEL,0.013861540796761957
2020,MUS,HRV,0.013749137120781608
2020,KHM,HUN,0.013737097898335781
2020,FIN,MLT,0.013467554045448448
2020,LAO,HRV,0.013315076951372478
2020,GTM,AUT,0.013289208199421126
2020,TTO,BGR,0.013284703542622962
2020,IMN,LVA,0.013274060836954024
2020,VCT,NLD,0.013228253004951732
2020,PRT,GRC,0.013225084428934525
2020,ISL,AUT,0.01303761445032812
2020,SSD,FIN,0.012927650137316279
2020,IMN,SVK,0.012907670286639953
2020,LAO,PRT,0.012897375392330192
2020,LBR,SVK,0.012858126173800345
2020,MNG,AUT,0.012323599016179692
2020,FRO,BEL,0.012309945932788204
2020,FLK,DEU,0.01230757667012632
2020,KGZ,DNK,0.012156888238652993
2020,IOT,NLD,0.012140053201932396
2020,UGA,LVA,0.012090865832924949
2020,TTO,DNK,0.01204811263996467
2020,ZMB,LVA,0.011828136674002478
2020,BIH,HRV,0.011765476348777502
2020,ISL,SVN,0.01164564686422236
2020,CRI,BGR,0.011627507594482816
2020,UGA,SVK,0.011567039409860017
2020,EST,SWE,0.01155197947345108
2020,LIE,CZE,0.011164434813287537
2020,VUT,GRC,0.011034817933554552
2020,LAO,SVN,0.010824921572998745
2020,KGZ,BEL,0.01059039552782089
2020,GBR,BGR,0.010559892864469917
2020,LAO,LVA,0.010431153632646838
2020,MNG,POL,0.010401122567805727
2020,BTN,DNK,0.010395959162116133
2020,LBR,BGR,0.010148728011716266
2020,LBR,AUT,0.010120958191588444
2020,FRO,ITA,0.010028801162465293
2020,AND,SVN,0.010023811446716307
2020,SLV,SVN,0.00990066724216844
2020,MHL,LTU,0.009885186696436763
2020,CPV,GRC,0.00985068631637789
2020,REU,ESP,0.009793070463398341
2020,IOT,IRL,0.009792195751594531
2020,ZMB,SVK,0.009705485459424224
2020,KGZ,PRT,0.009559751103508147
2020,SRB,HRV,0.009386609422993575
2020,SYC,SVK,0.009375239613641407
2020,LKA,GRC,0.009282291735323325
2020,DJI,CYP,0.00899129991237837
2020,SYC,FIN,0.008805375737277408
2020,PLW,SWE,0.00872753483915534
2020,MDG,FIN,0.008709356497663627
2020,AUT,HRV,0.008655813640728654
2020,AUT,SVK,0.008652779122761469
2020,GRC,MLT,0.008645743493549374
2020,GTM,HUN,0.008562697693517043
2020,GTM,MLT,0.008544205612495
2020,IOT,SWE,0.008379635729831235
2020,SGP,MLT,0.008182119343694073
2020,LIE,SVN,0.008103531080680832
2020,MHL,PRT,0.00801975840734696
2020,LIE,BGR,0.00794926179004309
2020,BTN,PRT,0.007911887629417066
2020,PNG,HUN,0.007895352786462825
2020,MNG,LTU,0.007741970995128505
2020,GBR,SVK,0.0077109110809318185
2020,PLW,NLD,0.007669838752147598
2020,HTI,DEU,0.007526768545813248
2020,SLV,HRV,0.007511761934282007
2020,ZMB,BGR,0.007427288897692472
2020,PRY,AUT,0.007419479076610521
2020,MCO,MLT,0.007299921222224588
2020,PLW,IRL,0.0072734175596629105
2020,MHL,AUT,0.007236867688627376
2020,ISL,BGR,0.007028188119780976
2020,LCA,SVK,0.00699823654436031
2020,KGZ,AUT,0.006991555781536222
2020,CYP,SVK,0.006965613247813137
2020,BOL,BGR,0.006965267108967152
2020,ISL,DNK,0.006887995385681053
2020,PRT,LVA,0.006831789443268246
2020,DJI,FRA,0.006825928136692326
2020,SSD,GRC,0.006746780952587746
2020,IOT,EST,0.006666262636566555
2020,KHM,MLT,0.006617981984360764
2020,AND,HRV,0.00655505174051461
2020,MNG,SVK,0.006507142778684492
2020,PLW,EST,0.0064104846417300885
2020,BHS,GRC,0.006243374736189841
2020,DMA,DEU,0.006241957210040393
2020,SGP,GRC,0.006125121683027084
2020,IOT,ROU,0.0060681835274652655
2020,EST,FIN,0.006050632115792183
2020,WLF,ESP,0.006038100264817076
2020,PLW,ROU,0.006028802920740864
2020,SLV,BGR,0.006024338708203227
2020,VIR,CYP,0.005958289688015891
2020,ZMB,AUT,0.005929783567450311
2020,BTN,AUT,0.005878340653235532
2020,REU,SWE,0.005785423692039191
2020,MNG,FIN,0.005596611027018673
2020,PNG,PRT,0.005486318448824651
2020,LTU,FIN,0.005451179015519268
2020,LBR,HRV,0.005441316230982674
2020,WSM,MLT,0.0053041222934473225
2020,LIE,LVA,0.005116038018853822
2020,PNG,HRV,0.0050996614382943836
2020,LCA,LVA,0.005094594987407726
2020,TTO,HRV,0.00508819505739351
2020,PLW,FRA,0.00501107492662495
2020,URY,SVK,0.0049741677682267
2020,MHL,SVK,0.004904053567608657
2020,LVA,MLT,0.004773635723290145
2020,AND,EST,0.004771459189971707
2020,MNG,GRC,0.004744939465088501
2020,KGZ,HUN,0.004741981876064966
2020,EST,LTU,0.004643489015172978
2020,AND,ROU,0.0046168729723993955
2020,LIE,AUT,0.004475042284305195
2020,PYF,MLT,0.004448387931247143
2020,PLW,POL,0.004406794278491693
2020,FRO,CZE,0.0043991425146251
2020,CPV,LVA,0.004387150104625816
2020,TTO,SVK,0.004373819811097371
2020,LVA,SVK,0.0043566251937997595
2020,UZB,MLT,0.004293178392206352
2020,IOT,POL,0.004268316268835774
2020,FRO,HUN,0.004234757780585982
2020,SYC,GRC,0.004203598315533464
2020,BTN,CYP,0.004072881081021956
2020,FRO,PRT,0.00402463439629263
2020,REU,EST,0.003938539334621834
2020,PRY,MLT,0.003899178934364138
2020,FRO,LTU,0.00388662579856544
2020,BTN,HUN,0.0038378068977520797
2020,IOT,CZE,0.0038274589175530545
2020,REU,ROU,0.0038105209990232027
2020,LIE,HUN,0.003804043093568293
2020,SLV,GRC,0.0037523696672631807
2020,KGZ,HRV,0.003748998319142308
2020,MNG,PRT,0.0036814758840539017
2020,WLF,SWE,0.003640983438684907
2020,MDG,LVA,0.0036350727599214257
2020,PLW,ITA,0.0036315573825763596
2020,IOT,ITA,0.003625125244246272
2020,IOT,BEL,0.0035559164931229657
2020,PLW,CZE,0.0035484243715260136
2020,AND,POL,0.003536688263869626
2020,PNG,ITA,0.003441728036745292
2020,BTN,HRV,0.003311140129819236
2020,WLF,NLD,0.003250468346527985
2020,ISL,HRV,0.0031162210844797628
2020,MDG,GRC,0.00310272528832679
2020,PRK,SVK,0.0031025871459242835
2020,NRU,ESP,0.00305939243846146
2020,WLF,IRL,0.003053221399033635
2020,BEN,IRL,0.003028778649816272
2020,MHL,ITA,0.003021838522142462
2020,ZMB,HRV,0.0030175043282660787
2020,PLW,BEL,0.0030174119869208513
2020,GBR,CZE,0.0030139183017562623
2020,LAO,BGR,0.0029817015910327607
2020,PRY,DNK,0.002952934850673004
2020,FRO,CYP,0.0029482539168505053
2020,REU,POL,0.002937549068451378
2020,IOT,FRA,0.002925407841024297
2020,AND,ITA,0.002893393085620287
2020,KGZ,LTU,0.0028691096291051156
2020,MNG,SVN,0.002853236203144801
2020,LIE,SVK,0.002840828385821152
2020,MTQ,DEU,0.0028364884122879263
2020,EST,CYP,0.002774254219370367
2020,WLF,EST,0.002664721555945757
2020,VUT,MLT,0.0026422315787450953
2020,KGZ,SVN,0.002596619196069188
2020,AND,CZE,0.002591415984104081
2020,BTN,LTU,0.0025865236418200726
2020,BTN,FIN,0.002572396417197166
2020,PNG,BEL,0.002534403993154474
2020,GNQ,LVA,0.0025279163223232903
2020,WLF,ROU,0.0025062250177753306
2020,ISL,SVK,0.0025005452369946807
2020,FRO,EST,0.002436816187509281
2020,PLW,DNK,0.0024088692757737265
2020,FLK,ESP,0.002394450996344611
2020,REU,ITA,0.002394416642211639
2020,URY,GRC,0.0023206943719842606
2020,WLF,FRA,0.002289686419456242
2020,IOT,DNK,0.0022772959706216464
2020,KGZ,BGR,0.00227661339857215
2020,BEN,FRA,0.002253084356848187
2020,MHL,FIN,0.0022195909691670505
2020,REU,CZE,0.0021426694292365207
2020,BTN,SVN,0.002142257474457937
2020,LBR,DNK,0.002112139169424326
2020,DJI,SVK,0.002097037836375255
2020,ATG,IRL,0.0020835225668669535
2020,LAO,HUN,0.0020701481263162114
2020,BEN,NLD,0.002053953641006913
2020,NRU,NLD,0.002046608523313862
2020,ISL,LVA,0.002018621891714183
2020,MHL,GRC,0.002018557985612533
2020,BHS,BGR,0.0020106011549952747
2020,AND,BGR,0.001996118363551162
2020,AND,DNK,0.001907873250527023
2020,BTN,BGR,0.001889436672426654
2020,NRU,IRL,0.0018515834873560212
2020,WLF,POL,0.0018371408698762237
2020,PLW,PRT,0.001835283576441882
2020,NRU,SWE,0.0018322526761098798
2020,MAF,FRA,0.0018157160033879431
2020,PRK,CYP,0.0018036484688691706
2020,IOT,PRT,0.0017965030248792589
2020,IMN,MLT,0.001724369658500402
2020,AND,BEL,0.0016620315942189874
2020,MNG,BGR,0.0016525099691365869
2020,CAN,MLT,0.0016518408360110678
2020,BRN,SVK,0.001630430771038555
2020,DJI,FIN,0.0016290227014564831
2020,MHL,HRV,0.0015869070841489537
2020,REU,DNK,0.0015742513412550453
2020,WLF,ITA,0.0015531048246106472
2020,LCA,GRC,0.0015513270583303088
2020,FRO,ROU,0.0015292626173428845
2020,PNG,LVA,0.0015213779409149724
2020,MHL,LVA,0.0015159057392693908
2020,AND,PRT,0.0015002846990144147
2020,FRO,LVA,0.001494915783023088
2020,WLF,CZE,0.001479857124666957
2020,GRD,DEU,0.001469448113764529
2020,HTI,ESP,0.0014588161267944453
2020,JOR,MLT,0.0014543663227765142
2020,MAF,NLD,0.001451242301858811
2020,FLK,SWE,0.001441673787268183
2020,TTO,LVA,0.001428614550402332
2020,NRU,EST,0.001398459110397911
2020,REU,BEL,0.0013826858278808266
2020,BHS,MLT,0.0013701237395538394
2020,PLW,AUT,0.001367089046521551
2020,IMN,HRV,0.0013639572186027195
2020,MNG,HRV,0.0013514889856917232
2020,NRU,ROU,0.001312526778822598
2020,IOT,AUT,0.001299761439999738
2020,WLF,BEL,0.0012639211915076614
2020,FLK,IRL,0.0012501363597084046
2020,REU,PRT,0.0012413250240774962
2020,BEN,DEU,0.001235603492153996
2020,PNG,CZE,0.001234736424091427
2020,SSD,LVA,0.0012309537762685966
2020,FRO,SVK,0.0012252766894205191
2020,IOT,CYP,0.0012132593000185473
2020,DMA,ESP,0.0012041078104618576
2020,NRU,FRA,0.0012012398725410216
2020,PNG,SVK,0.0011576110961046449
2020,PNG,AUT,0.0011550058583409536
2020,BHS,HRV,0.0011538479584777505
2020,PNG,BGR,0.0011042237811199644
2020,AND,AUT,0.0010972382071218663
2020,PRY,SVK,0.0010720023406746069
2020,EST,SVN,0.0010620671001968294
2020,LAO,MLT,0.0010426908929019698
2020,FLK,EST,0.0010156234371883283
2020,MNG,LVA,0.0010137707915904102
2020,WLF,DNK,0.0010051275645039492
2020,FLK,ROU,0.0009731104828918535
2020,NRU,POL,0.0009649834579307875
2020,REU,AUT,0.0009060799271249734
2020,FRO,BGR,0.0009049826174481499
2020,PLW,HUN,0.0008985224830631362
2020,HTI,SWE,0.0008930940039677967
2020,SLV,SVK,0.0008863261033312029
2020,IOT,HUN,0.0008767707943835918
2020,CRI,AUT,0.0008495481098979347
2020,SYC,LVA,0.0008421192295547338
2020,BEN,SWE,0.0008370128036851419
2020,VCT,GRC,0.0008165294292653255
2020,LIE,MLT,0.0007998789091212725
2020,NRU,ITA,0.0007979487246332318
2020,NRU,CZE,0.0007932567150002013
2020,TON,DEU,0.0007882761129517144
2020,PLW,CYP,0.0007812127724228335
2020,PNG,DNK,0.0007726658058167107
2020,WLF,PRT,0.0007713656459462407
2020,PLW,HRV,0.000765691397143254
2020,FLK,POL,0.0007593522631924145
2020,AND,HUN,0.0007441954057834405
2020,DMA,SWE,0.0007406438132618711
2020,MUS,MLT,0.0007163285459609165
2020,NRU,BEL,0.0007132615460042203
2020,FRO,AUT,0.0007105085812436141
2020,FLK,ITA,0.0007045737320534333
2020,LBR,MLT,0.0007007856243391622
2020,IOT,HRV,0.0006995523729925339
2020,ISL,MLT,0.0006658818816986001
2020,EST,HRV,0.0006589879048830791
2020,FLK,BEL,0.0006281545261984359
2020,REU,HUN,0.0006183000254486828
2020,IOT,LTU,0.000614216729715093
2020,KWT,MLT,0.0006122529438122215
2020,LCA,MLT,0.0006118251800154293
2020,HTI,EST,0.0006109521037862004
2020,FLK,CZE,0.0006092430539137828
2020,PLW,LTU,0.0005939253119030854
2020,HTI,ROU,0.0005911584157168039
2020,TTO,MLT,0.0005796859504265963
2020,WLF,AUT,0.0005691157147624562
2020,GEO,MLT,0.0005470367312787485
2020,MTQ,ESP,0.0005430190743397729
2020,GBR,HUN,0.0005202777359748589
2020,PNG,MLT,0.0005089416700684233
2020,NRU,DNK,0.0005083269076714167
2020,CRI,HUN,0.0005083086522203204
2020,DMA,EST,0.0005066632334986431
2020,PLW,SVN,0.0005017742937498884
2020,ATG,BEL,0.0004939493101853176
2020,IOT,SVN,0.0004912722271370359
2020,DMA,ROU,0.0004902483067998827
2020,REU,HRV,0.0004859417821423564
2020,VIR,MLT,0.0004814309523200703
2020,PLW,FIN,0.0004541720703735843
2020,ATG,FIN,0.00045340711598600223
2020,HTI,POL,0.0004528482900552535
2020,PNG,GRC,0.00044393827139885294
2020,PLW,BGR,0.000440038707792479
2020,BEN,FIN,0.00043905902569573775
2020,SXM,FRA,0.00043686629994339044
2020,BTN,SVK,0.0004328337554262799
2020,LTU,MLT,0.0004306963395630338
2020,IOT,BGR,0.0004210846224330036
2020,HTI,ITA,0.0004052203481291977
2020,FLK,DNK,0.0003936368900556918
2020,NRU,PRT,0.00039199489764293123
2020,FRO,SVN,0.0003800356810724552
2020,REU,LTU,0.00037680359048645443
2020,DMA,POL,0.0003755475715720231
2020,WLF,HUN,0.0003729502762527207
2020,BEN,POL,0.0003679972605923493
2020,MHL,MLT,0.0003654800907257936
2020,LIE,HRV,0.0003630011712188245
2020,PRY,LVA,0.00035014660139116714
2020,REU,SVN,0.0003369258065978476
2020,MTQ,SWE,0.0003365655231616759
2020,HTI,CZE,0.00033181276088478146
2020,WLF,CYP,0.00032963447289557636
2020,DMA,ITA,0.0003249981505539609
2020,FLK,PRT,0.000324544921841946
2020,GTM,SVK,0.00032452722548128064
2020,MAF,ESP,0.0003241634603074327
2020,UGA,MLT,0.00032185961735049757
2020,WLF,HRV,0.0003175635423053564
2020,URY,MLT,0.00031301013564827697
2020,ATG,DEU,0.00031024749835231063
2020,MHL,HUN,0.0003090617212455428
2020,ZMB,MLT,0.0002990340838688293
2020,REU,BGR,0.0002957712201752222
2020,NRU,AUT,0.0002905880886792636
2020,GBR,HRV,0.0002855289526739517
2020,GRD,ESP,0.0002813120445230793
2020,MAF,DEU,0.0002762725586727518
2020,DMA,CZE,0.00027517267770114316
2020,FLK,FIN,0.0002694074009795352
2020,FRO,HRV,0.00026184655717208753
2020,WLF,FIN,0.00025947071380234393
2020,LKA,MLT,0.0002540007198333039
2020,WLF,LTU,0.0002470888239752424
2020,HTI,DNK,0.0002442898764840558
2020,GLP,FRA,0.00023352794227615129
2020,NRU,CYP,0.00023096856819686344
2020,MTQ,EST,0.00023023938524274716
2020,FLK,AUT,0.00022643039907338172
2020,MAF,BEL,0.00022623698672615572
2020,EST,MLT,0.00022416027429747332
2020,BTN,LVA,0.00022329525083648072
2020,MTQ,ROU,0.00022278006634599226
2020,NRU,FIN,0.00021912391330049214
2020,BEN,BEL,0.00021513189910286003
2020,HTI,BEL,0.0002128115653134705
2020,WLF,SVN,0.00020873083195613302
2020,BEN,LTU,0.00020586779488105736
2020,KGZ,SVK,0.00020517824822193897
2020,BRN,FRA,0.00020282102629178134
2020,IOT,FIN,0.00020275009819340598
2020,DMA,DNK,0.00020258985600237741
2020,DJI,GRC,0.00020104675624257808
2020,HTI,PRT,0.00019937865832377928
2020,BRN,NLD,0.00019803012732875043
2020,STP,DEU,0.0001926122967129518
2020,NRU,HUN,0.00019033350453905978
2020,WLF,BGR,0.00018278998604058635
2020,ATG,ITA,0.00018266340160734204
2020,AUT,LVA,0.0001811354082061035
2020,EST,BGR,0.00018099984866133743
2020,DMA,BEL,0.00017648485886115066
2020,NRU,HRV,0.0001754288327696059
2020,GRD,SWE,0.00017435839717362968
2020,MTQ,POL,0.0001706574234942602
2020,SLV,LVA,0.0001657719086899605
2020,DMA,PRT,0.00016302986225086543
2020,GBR,LVA,0.00016141854616529252
2020,DJI,LVA,0.00016121345080275903
2020,MAF,SWE,0.00015840543029634678
2020,FLK,HUN,0.00015356604808312876
2020,TON,ESP,0.00015090903992039597
2020,BRN,LVA,0.0001413788143508757
2020,HTI,AUT,0.00014049370733477403
2020,MTQ,ITA,0.00013961620937656607
2020,SOM,DEU,0.00013944192306406618
2020,ATG,CZE,0.00013899606281883846
2020,MHL,BGR,0.00013636653187567343
2020,BEN,ITA,0.00013302748363100634
2020,GEO,IRL,0.0001328349139506806
2020,NRU,LTU,0.00013048768708299406
2020,BTN,GRC,0.00012921684862083005
2020,ATG,ESP,0.00012807157811084826
2020,MTQ,CZE,0.00012504477128135933
2020,FLK,HRV,0.00012139390352730858
2020,GRD,EST,0.00011927594306171163
2020,ATG,NLD,0.0001192384004845836
2020,DMA,AUT,0.00011651158184628949
2020,GRD,ROU,0.00011541162899107407
2020,MAF,CYP,0.00011032977289150907
2020,GNQ,MLT,0.00010802309649989116
2020,NRU,SVN,0.00010646817644388846
2020,STP,FRA,0.00010318768652439083
2020,MAF,EST,0.00010153944338892913
2020,BRN,CYP,9.723188351298763e-05
2020,STP,HRV,9.676269243509629e-05
2020,FLK,LTU,9.657329790156908e-05
2020,GBR,MLT,9.57463603558932e-05
2020,NRU,BGR,9.536609475671946e-05
2020,HTI,HUN,9.528903647483865e-05
2020,BHS,HUN,9.388334613845496e-05
2020,STP,ESP,9.369968866560756e-05
2020,TON,SWE,9.353445558425216e-05
2020,PRK,LVA,9.342421216841114e-05
2020,MTQ,DNK,9.206147361495681e-05
2020,PLW,SVK,9.045808247626796e-05
2020,STP,NLD,8.854559212546837e-05
2020,GRD,POL,8.840939662125426e-05
2020,SXM,NLD,8.812439946243013e-05
2020,FLK,SVN,8.594411477729492e-05
2020,GLP,PRT,8.490914236147281e-05
2020,BEN,CZE,8.39354382787009e-05
2020,STP,BEL,8.20995189493399e-05
2020,SXM,ESP,8.151464163703964e-05
2020,BEN,HUN,8.07970865661068e-05
2020,MTQ,BEL,8.019876462765506e-05
2020,DMA,HUN,7.90232999250086e-05
2020,HTI,HRV,7.533526000595071e-05
2020,SOM,FRA,7.4469676868273e-05
2020,FLK,BGR,7.400937906809855e-05
2020,MTQ,PRT,7.239391830410415e-05
2020,GRD,ITA,7.232843773680937e-05
2020,SOM,HRV,7.121500751672107e-05
2020,FLK,NLD,7.09163816287807e-05
2020,SOM,ESP,6.784381364804759e-05
2020,MNG,MLT,6.77759153279421e-05
2020,SOM,NLD,6.528960056695191e-05
2020,GRD,CZE,6.47796770469791e-05
2020,BEN,PRT,6.459409152690549e-05
2020,MAF,ROU,6.405935770317079e-05
2020,TON,EST,6.398525966696061e-05
2020,DMA,HRV,6.247561174522652e-05
2020,TON,ROU,6.197544923976709e-05
2020,ATG,CYP,6.0174491161842694e-05
2020,IOT,SVK,6.008900788984011e-05
2020,STP,SWE,5.9613220358306296e-05
2020,SOM,BEL,5.93336967901652e-05
2020,GLP,ESP,5.926781554600778e-05
2020,BRN,IRL,5.906334851564397e-05
2020,CPV,MLT,5.881865172639658e-05
2020,ATG,FRA,5.874315961010317e-05
2020,HTI,LTU,5.765409890705423e-05
2020,SOM,SWE,5.718892725982988e-05
2020,GLP,NLD,5.621444010846386e-05
2020,GLP,DEU,5.495422162712692e-05
2020,SXM,DEU,5.456209553415208e-05
2020,SOM,LVA,5.417243022604388e-05
2020,STP,LVA,5.411355205732268e-05
2020,ATG,EST,5.30987163088321e-05
2020,MTQ,AUT,5.294553305696208e-05
2020,HTI,SVN,5.217846625150475e-05
2020,STP,ITA,5.167508867209264e-05
2020,STP,CYP,5.097427652486928e-05
2020,ATG,POL,5.072948024683892e-05
2020,SSD,MLT,4.968802815710176e-05
2020,BRN,MLT,4.82850442109563e-05
2020,MAF,DNK,4.8017416631086914e-05
2020,DMA,LTU,4.781260592388597e-05
2020,GRD,DNK,4.769261815695698e-05
2020,TON,POL,4.7428283272335765e-05
2020,BRN,FIN,4.642029537709362e-05
2020,HTI,BGR,4.574802326230483e-05
2020,REU,FRA,4.560141067488795e-05
2020,PLW,LVA,4.416523994653071e-05
2020,DMA,SVN,4.327165790272602e-05
2020,GRD,BEL,4.154711963490674e-05
2020,GIN,MLT,4.048629650638161e-05
2020,SXM,SWE,3.993368832459261e-05
2020,TON,ITA,3.880081377633336e-05
2020,WLF,SVK,3.855501513585755e-05
2020,DMA,BGR,3.793888465005078e-05
2020,SOM,ITA,3.777627914819808e-05
2020,GRD,PRT,3.750380443619839e-05
2020,BEN,SVN,3.703064001297962e-05
2020,MDG,MLT,3.6409004086655585e-05
2020,HTI,NLD,3.62516460334365e-05
2020,SOM,CYP,3.610710617940712e-05
2020,MTQ,HUN,3.590999857824878e-05
2020,BEN,CYP,3.5400058439202675e-05
2020,FLK,CYP,3.530729207294959e-05
2020,MAF,PRT,3.528278850570145e-05
2020,ATG,ROU,3.516834410240225e-05
2020,TON,CZE,3.475108086130117e-05
2020,FLK,FRA,3.393951317743382e-05
2020,REU,NLD,3.333678260092444e-05
2020,REU,IRL,3.297984395724846e-05
2020,IOT,GRC,3.235172413674311e-05
2020,STP,EST,3.2213743931408546e-05
2020,AND,SVK,3.220018837781181e-05
2020,STP,IRL,3.212629448360303e-05
2020,GLP,SWE,3.0548846232116905e-05
2020,SOM,EST,3.0397752162240597e-05
2020,STP,AUT,3.0005894291797365e-05
2020,SXM,BEL,2.8985642329679447e-05
2020,BEN,LVA,2.8491204588042253e-05
2020,MTQ,HRV,2.8390349821828996e-05
2020,REU,SVK,2.779600647225206e-05
2020,BEN,EST,2.7551686778583792e-05
2020,GRD,AUT,2.7428532175830742e-05
2020,STP,CZE,2.6576256772134013e-05
2020,NRU,SVK,2.6064789125703567e-05
2020,TON,DNK,2.5584716530834474e-05
2020,GLP,BEL,2.5512139515955526e-05
2020,ATG,PRT,2.522397258241949e-05
2020,BTN,MLT,2.4844977876083396e-05
2020,FRO,GRC,2.4479675470369078e-05
2020,PLW,GRC,2.445189503665517e-05
2020,SOM,CZE,2.4048429596260242e-05
2020,SOM,IRL,2.387227131485428e-05
2020,BEN,HRV,2.3858953820833572e-05
2020,GEO,GRC,2.361849820405477e-05
2020,BEN,SVK,2.3378236105311584e-05
2020,STP,DNK,2.2837068118157136e-05
2020,BEN,BGR,2.2447396707146544e-05
2020,TON,BEL,2.228913720031617e-05
2020,STP,FIN,2.2004703378036382e-05
2020,SOM,AUT,2.1743898031773607e-05
2020,MTQ,LTU,2.1727143923101966e-05
2020,SOM,MLT,2.048254131661749e-05
2020,STP,MLT,2.046027954031455e-05
2020,TON,PRT,2.0118850756241957e-05
2020,MTQ,SVN,1.966363307075207e-05
2020,NRU,LVA,1.9653862839395395e-05
2020,SYC,MLT,1.937909593344366e-05
2020,BEN,ROU,1.8708197720855796e-05
2020,SXM,PRT,1.8694248181528647e-05
2020,GRD,HUN,1.860324175748412e-05
2020,DMA,NLD,1.8531630649456328e-05
2020,WLF,LVA,1.825238994994962e-05
2020,MAF,AUT,1.783576389222872e-05
2020,MTQ,BGR,1.7240298685786876e-05
2020,SOM,DNK,1.652810686660923e-05
2020,STP,PRT,1.6076094190966502e-05
2020,SOM,FIN,1.5832216523953386e-05
2020,REU,FIN,1.58274915160797e-05
2020,IOT,LVA,1.5558161747273343e-05
2020,STP,BGR,1.513752659827817e-05
2020,GLP,HRV,1.4744868014376791e-05
2020,TON,AUT,1.4714348405354592e-05
2020,GRD,HRV,1.470767369049524e-05
2020,PRK,FIN,1.4266149563430189e-05
2020,VCT,MLT,1.3610137818784434e-05
2020,BEN,AUT,1.3556354106539262e-05
2020,STP,LTU,1.319379805927043e-05
2020,SXM,DNK,1.2086248896754165e-05
2020,SOM,PRT,1.1602465812462994e-05
2020,GLP,LVA,1.1283350832488307e-05
2020,GRD,LTU,1.125578744372173e-05
2020,SOM,BGR,1.104695120530608e-05
2020,GLP,POL,1.0726052779309823e-05
2020,BRN,GRC,1.0501663676765991e-05
2020,WLF,GRC,1.035387434180258e-05
2020,PRK,MLT,1.0306404717681239e-05
2020,GRD,SVN,1.0186781796957117e-05
2020,MAF,SVK,1.0099719829555198e-05
2020,TON,HUN,9.979794910625668e-06
2020,GLP,DNK,9.084701161399422e-06
2020,GRD,BGR,8.931368897831068e-06
2020,MAF,HRV,8.71617529613902e-06
2020,NRU,GRC,8.175716355763393e-06
2020,SOM,LTU,8.159900462165878e-06
2020,STP,ROU,8.062372166170366e-06
2020,GLP,ITA,7.900367367261444e-06
2020,TON,HRV,7.89137966433013e-06
2020,GLP,CYP,7.82953812399559e-06
2020,MAF,LTU,7.379183798256146e-06
2020,MAF,LVA,7.219230786215189e-06
2020,FLK,SVK,6.643618494440304e-06
2020,GLP,EST,6.36794927876359e-06
2020,GLP,AUT,6.36391359390107e-06
2020,ATG,LTU,6.32693454413817e-06
2020,TON,LTU,6.038272989833626e-06
2020,STP,GRC,5.993872780627227e-06
2020,SOM,SVN,5.791616081650731e-06
2020,STP,SVN,5.785321371455877e-06
2020,MAF,POL,5.768211751993181e-06
2020,TON,SVN,5.464749170640899e-06
2020,GLP,IRL,5.408224782852004e-06
2020,GLP,CZE,5.241341844298641e-06
2020,PLW,MLT,4.886652082009653e-06
2020,SXM,AUT,4.800517556800509e-06
2020,TON,BGR,4.7911543313946144e-06
2020,ATG,SWE,4.57785799322914e-06
2020,SOM,GRC,4.394533426977839e-06
2020,MAF,ITA,4.3445976981201235e-06
2020,STP,HUN,4.309221450546851e-06
2020,PSE,ESP,4.294002207079835e-06
2020,GLP,MLT,4.2202283821798874e-06
2020,HTI,SVK,4.12300976461935e-06
2020,PRK,GRC,3.7650414808705483e-06
2020,ATG,SVN,3.6408157276017876e-06
2020,SXM,HRV,3.5590498393114652e-06
2020,DMA,SVK,3.4192164101615836e-06
2020,FRO,MLT,3.2754927973007067e-06
2020,MAF,GRC,3.2676601976904674e-06
2020,GLP,FIN,3.258284029758615e-06
2020,DJI,MLT,2.9471848675783013e-06
2020,MAF,IRL,2.9162749965759e-06
2020,MAF,CZE,2.8543475642746124e-06
2020,SXM,LVA,2.850349657885945e-06
2020,SXM,POL,2.655924582131873e-06
2020,SXM,SVK,2.5572481826113388e-06
2020,SXM,CYP,2.5139543191229146e-06
2020,MAF,MLT,2.3286625060585833e-06
2020,GLP,BGR,2.3150370933957563e-06
2020,PSE,DEU,2.2592325158409934e-06
2020,NRU,MLT,2.2057361022691924e-06
2020,WLF,MLT,2.0548857342549757e-06
2020,GLP,SVK,1.9642164681447704e-06
2020,REU,CYP,1.8572531359806688e-06
2020,SXM,ITA,1.8336719351522235e-06
2020,MAF,FIN,1.8007995240177072e-06
2020,ATG,GRC,1.7295788879029823e-06
2020,GLP,LTU,1.6788548331522248e-06
2020,SXM,EST,1.672478550070327e-06
2020,MAF,BGR,1.5715901777031904e-06
2020,MTQ,SVK,1.553770299951366e-06
2020,IOT,MLT,1.5456829779410352e-06
2020,REU,LVA,1.4947822518396987e-06
2020,PSE,FRA,1.3336568159520364e-06
2020,SXM,IRL,1.2501409101871882e-06
2020,SXM,CZE,1.2139097754332628e-06
2020,GLP,SVN,1.1925010131404376e-06
2020,PSE,NLD,1.188102893986596e-06
2020,PSE,HRV,1.1551969254828703e-06
2020,FLK,GRC,1.0132111819609696e-06
2020,SXM,MLT,9.802919848321746e-07
2020,PSE,BEL,9.613222058892817e-07
2020,PSE,SWE,9.506621864017752e-07
2020,GLP,GRC,9.051865961861606e-07
2020,PSE,LVA,8.776995693940261e-07
2020,GRD,SVK,8.049336026179116e-07
2020,SXM,FIN,7.568948528239975e-07
2020,MAF,SVN,6.586066999944447e-07
2020,PSE,ITA,6.120497788881149e-07
2020,SXM,BGR,6.075663990877463e-07
2020,PSE,IRL,6.072169446371661e-07
2020,PSE,CYP,5.850059045439352e-07
2020,STP,POL,5.629630643312658e-07
2020,ATG,BGR,4.939455029508403e-07
2020,PSE,EST,4.925031768376934e-07
2020,HTI,CYP,4.616101684289856e-07
2020,TON,SVK,4.326681238446875e-07
2020,SXM,LTU,3.9000138460023493e-07
2020,PSE,CZE,3.896317040451444e-07
2020,GLP,ROU,3.5339452872745183e-07
2020,PSE,AUT,3.522937748925321e-07
2020,PSE,MLT,3.3185732334097257e-07
2020,SXM,SVN,2.7700907202342066e-07
2020,PSE,FIN,2.6913038528933306e-07
2020,PSE,DNK,2.677877329702505e-07
2020,BDI,DEU,2.4126852461379087e-07
2020,DMA,CYP,2.3597243384394726e-07
2020,SXM,GRC,2.1026375568945588e-07
2020,PSE,PRT,1.879826916572755e-07
2020,PSE,BGR,1.7935970667731391e-07
2020,PSE,LTU,1.4188949551518177e-07
2020,BDI,FRA,1.289171562071647e-07
2020,BDI,HRV,1.2288771318359828e-07
2020,ATG,MLT,1.2211501509177118e-07
2020,BDI,ESP,1.1738354516663664e-07
2020,BDI,NLD,1.1262865288064137e-07
2020,BDI,BEL,1.0269093406592066e-07
2020,PSE,SVN,9.605027293696346e-08
2020,BDI,SWE,9.495162570944113e-08
2020,BDI,LVA,8.945732116107205e-08
2020,ATG,AUT,8.505548851346556e-08
2020,SXM,ROU,7.768200382071471e-08
2020,FLK,MLT,7.273835951524415e-08
2020,PSE,GRC,7.120005656847525e-08
2020,BDI,ITA,6.52578521721365e-08
2020,BDI,CYP,6.270090121208466e-08
2020,GLP,HUN,5.135473311216721e-08
2020,BDI,EST,5.05786586640767e-08
2020,BDI,IRL,4.1129742547274666e-08
2020,BDI,CZE,4.023919192160747e-08
2020,ATG,HUN,3.985083563551016e-08
2020,BDI,AUT,3.761623375309073e-08
2020,HTI,MLT,3.729819035727319e-08
2020,BDI,MLT,3.382372304712808e-08
2020,BDI,DNK,2.8599027896994377e-08
2020,MAF,HUN,2.8424001287889784e-08
2020,BDI,FIN,2.742155864257019e-08
2020,BDI,PRT,2.0085310295556742e-08
2020,BDI,BGR,1.908880451055739e-08
2020,DMA,MLT,1.9066618022160412e-08
2020,BDI,LTU,1.4515278975330307e-08
2020,SXM,HUN,1.128862574131093e-08
2020,BDI,SVN,9.56395084540211e-09
2020,BDI,GRC,7.587864443464503e-09
2020,ATG,HRV,5.7990598144813356e-09
2020,FRO,DNK,3.728440754407607e-09
2020,TON,FRA,1.8257913399099621e-09
2020,TON,NLD,1.7826637510351205e-09
2020,BDI,ROU,1.6635121257254114e-09
2020,TON,LVA,1.2726896200457047e-09
2020,BDI,HUN,8.89123199434956e-10
2020,TON,CYP,8.752797189072337e-10
2020,TON,IRL,5.316872328158437e-10
2020,TON,MLT,4.346611255221028e-10
2020,TON,FIN,4.178746890553248e-10
2020,BDI,POL,1.1615636993044346e-10
2020,TON,GRC,9.453579318794383e-11
2021,LUX,DEU,4386.107440933326
2021,DNK,DEU,4019.6366238630503
2021,ESP,ITA,3492.425046867164
2021,CHE,DEU,3090.5774523860478
2021,DNK,SWE,2518.893058234091
2021,NLD,DEU,2178.297330024472
2021,LUX,FRA,2022.1497949924126
2021,CAN,DEU,1970.7759904219256
2021,AUT,ITA,1639.0800769807638
2021,IRL,DEU,1599.7344537769327
2021,DNK,ITA,1529.416659454754
2021,LUX,BEL,1431.5942364415826
2021,DNK,FRA,1414.2499606542024
2021,DNK,POL,1350.6567865528043
2021,LUX,ESP,1239.122705665483
2021,LUX,IRL,1207.6292081405534
2021,NLD,ROU,1097.2144029327735
2021,NLD,IRL,1064.3676872943715
2021,CHE,FRA,1037.9005304916222
2021,DNK,ESP,1029.049411299408
2021,NLD,ESP,988.6270634408684
2021,MLT,DEU,957.5346419208167
2021,SGP,DEU,935.2810367748345
2021,HKG,FRA,928.2751144126906
2021,IRL,FRA,906.5157689759209
2021,HKG,DEU,899.4408383854571
2021,LUX,ITA,867.3921862174337
2021,HKG,IRL,860.3856949405309
2021,ESP,NLD,854.2599936661027
2021,GBR,FRA,853.3503138156012
2021,SGP,FRA,771.8872929890861
2021,AUT,DEU,770.6314443187352
2021,NLD,BEL,766.7437528337199
2021,ESP,DEU,764.660656794917
2021,HKG,BEL,751.7307372646085
2021,CHE,ESP,751.720386257213
2021,GBR,DEU,750.8778310312299
2021,PAN,IRL,725.0914581072008
2021,SWE,DEU,710.4505887496618
2021,CHE,BEL,696.0168061870603
2021,VGB,IRL,680.5112139925732
2021,IRL,BEL,677.4318900689382
2021,GBR,NLD,675.7627799384277
2021,ESP,FRA,673.4415498329274
2021,AUT,FRA,653.5160977904434
2021,LUX,NLD,646.7219094507159
2021,EST,DEU,624.7918315632742
2021,CHE,IRL,623.2362328613762
2021,KAZ,DEU,611.0316508767999
2021,SGP,BEL,608.1686402318984
2021,GBR,ESP,607.9446260561674
2021,GBR,IRL,577.6068204967693
2021,NLD,CYP,575.9603892576419
2021,SWE,POL,572.5762428947611
2021,NLD,SWE,549.5615468529901
2021,SWE,FRA,547.4671955979084
2021,BEL,FRA,543.8631389702693
2021,CYM,IRL,537.0564428328945
2021,DNK,FIN,517.7141560120021
2021,NLD,EST,510.13814957842703
2021,NLD,HRV,503.73302838541207
2021,FIN,DEU,493.0991253861067
2021,NLD,POL,474.7761977405046
2021,BEL,DEU,472.5435067157395
2021,AUT,POL,446.99383430907284
2021,BMU,DEU,442.5125570507804
2021,LUX,PRT,442.26535164966174
2021,HKG,ESP,440.3165336108452
2021,DNK,BEL,427.29855108775484
2021,BEL,NLD,422.98553980210244
2021,NLD,ITA,419.0637231795919
2021,SWE,ROU,409.0406753987136
2021,IRL,ESP,397.3217956143973
2021,MLT,FRA,382.57671326891966
2021,SVK,DEU,371.76414579287615
2021,NLD,PRT,367.0563851661154
2021,AUT,NLD,364.53661131514457
2021,SWE,CYP,359.67110449772815
2021,AUT,ROU,348.58303658737344
2021,MLT,IRL,344.20215780298173
2021,KAZ,IRL,337.62105829410586
2021,SGP,ESP,336.59203980067366
2021,BMU,IRL,333.14782487089605
2021,NLD,LVA,325.05155052056415
2021,BIH,FRA,323.00366706901167
2021,SWE,EST,317.4003779006092
2021,PRT,DEU,314.29079430221867
2021,PAN,DEU,305.67854134910607
2021,VGB,DEU,294.3933614199075
2021,SWE,ESP,286.7484494285683
2021,MLT,BEL,281.62804145650676
2021,NLD,CZE,276.4592572224593
2021,DNK,CZE,274.1621092835258
2021,DNK,NLD,273.7741369523371
2021,DNK,HUN,271.3887914844447
2021,DNK,AUT,267.63813207796267
2021,KAZ,FRA,266.98773820593743
2021,LVA,IRL,266.3020013084402
2021,CYP,DEU,256.5616043622997
2021,BIH,IRL,254.92141323178902
2021,IRL,ITA,252.66780544025374
2021,NLD,FRA,251.4539528762124
2021,CAN,IRL,250.83210846409239
2021,BIH,BEL,248.50777940540036
2021,CYM,DEU,242.4893293567759
2021,GRC,DEU,242.29435757471148
2021,CYM,ESP,238.62583151062344
2021,SWE,ITA,230.3390243901629
2021,AUT,CYP,228.7681326544573
2021,JEY,IRL,220.68202400944546
2021,SVK,IRL,218.16565305041482
2021,SWE,BEL,215.97922068470226
2021,LUX,ROU,205.22260945964067
2021,AUT,EST,205.18053360885602
2021,SGP,IRL,202.60269484221976
2021,IMN,DEU,198.70136050639456
2021,PAN,FRA,197.28403497035572
2021,DNK,PRT,197.0480889810387
2021,ESP,PRT,195.50201000650858
2021,LUX,AUT,193.61157994305339
2021,MLT,ESP,193.22378670083123
2021,AUT,ESP,186.9468220701742
2021,CHE,NLD,185.3646646293259
2021,CAN,ESP,185.00009805694972
2021,CAN,FRA,182.5543486735094
2021,VGB,FRA,181.86837835040367
2021,KAZ,BEL,181.70812239309706
2021,KAZ,ESP,172.5104270527082
2021,NLD,SVK,168.4421251110595
2021,NLD,AUT,163.98427750004188
2021,BGR,ITA,162.47888056500634
2021,ESP,ROU,161.10559857267393
2021,IRL,NLD,156.6726660537959
2021,NLD,HUN,155.46036334598867
2021,CYM,FRA,154.9242929180581
2021,CHE,POL,153.42913893146616
2021,PAN,BEL,152.96521956242813
2021,KAZ,ITA,152.95501731352644
2021,LUX,POL,152.0469542124279
2021,AUT,BEL,151.95513277581537
2021,CHE,SWE,151.51832833615813
2021,ESP,POL,146.3742833123953
2021,DNK,LTU,145.54653678320665
2021,FIN,FRA,142.06821589168192
2021,AUT,SWE,141.1887063158491
2021,LTU,LVA,138.98583883421045
2021,VGB,BEL,138.89016879160448
2021,SRB,IRL,138.82841894771778
2021,FIN,POL,137.66018662601996
2021,PAN,ROU,134.70492754431427
2021,VGB,ESP,133.9380615770839
2021,NLD,FIN,128.30704633236144
2021,PAN,ESP,128.10745560519777
2021,DNK,ROU,126.92102328921425
2021,CAN,NLD,125.95281489742686
2021,GTM,DEU,125.23975137664968
2021,HKG,NLD,124.51028146696302
2021,MUS,IRL,123.97509615235175
2021,BIH,ESP,123.16958659462023
2021,KAZ,NLD,120.57187315373325
2021,CHE,ROU,120.55238231535824
2021,VGB,ROU,119.8702585791077
2021,GTM,IRL,119.85234715889149
2021,AUT,PRT,119.44710994233104
2021,FIN,ROU,119.234737907983
2021,NLD,BGR,118.15974324950788
2021,BHR,IRL,115.57757847497331
2021,BIH,DEU,114.23984653543727
2021,BEL,IRL,112.76756007137342
2021,LTU,POL,111.09671665923264
2021,IMN,IRL,107.75810849446607
2021,SVK,ITA,105.93864595664866
2021,KAZ,PRT,105.4569178197253
2021,NLD,DNK,105.2393816775031
2021,BHR,FRA,105.15345722092164
2021,PAN,CYP,103.18748646819704
2021,NLD,LTU,103.00674284698368
2021,DNK,GRC,101.93350846053174
2021,PRY,IRL,98.54115048441746
2021,FIN,ESP,95.83092049054277
2021,SWE,IRL,95.74756694512068
2021,CYM,BEL,94.7385879574033
2021,PAN,ITA,94.73820666206959
2021,LUX,CZE,94.36414810381737
2021,BMU,FRA,94.09039704010155
2021,BEL,ESP,93.19709523069874
2021,VGB,CYP,92.50683218084546
2021,TLS,DEU,92.49182375481578
2021,SGP,NLD,92.05714893890512
2021,PAN,EST,91.83799488273655
2021,ESP,IRL,91.8352206097779
2021,TLS,IRL,91.46551199885096
2021,TLS,FRA,91.06168217545333
2021,PAN,CZE,89.62956276855323
2021,FIN,CYP,89.24155366218612
2021,IRL,ROU,89.11561841299248
2021,LUX,CYP,87.44710934592752
2021,HKG,ROU,87.1336416766644
2021,BHR,BEL,86.72416678679068
2021,HKG,CZE,86.16779522823343
2021,JEY,DEU,85.87006642613397
2021,SGP,SWE,85.16912761775369
2021,CAN,PRT,85.15840333289528
2021,DNK,SVK,84.9611942580472
2021,BMU,ESP,83.88706914271695
2021,CYM,NLD,83.84667928046301
2021,LUX,EST,83.82397054543664
2021,VGB,CZE,82.71292686082768
2021,FIN,EST,82.70532670961636
2021,CYM,ROU,82.6732298361445
2021,VGB,EST,82.31951130137075
2021,PAN,NLD,81.40593979803398
2021,CHE,CZE,81.15981417435131
2021,IMN,FRA,77.03979079628527
2021,IRL,POL,74.72558335016365
2021,VGB,NLD,74.70258670651762
2021,BMU,BEL,72.37407158467457
2021,NLD,GRC,72.079149497518
2021,PAN,HRV,71.3931641513158
2021,LIE,DEU,71.23732495696125
2021,TLS,BEL,71.23360440891761
2021,HUN,DEU,70.56522844955704
2021,LUX,FIN,69.59775481909348
2021,PAN,SWE,69.01806837218943
2021,BHR,DEU,68.15708381669735
2021,VGB,ITA,67.34958009397933
2021,BMU,ROU,67.12361192568696
2021,CYM,CZE,65.61618561807084
2021,CYM,CYP,64.35364768809033
2021,VGB,HRV,63.99985792865436
2021,CAN,BEL,63.18004382572901
2021,CYP,IRL,63.13903922128601
2021,CHE,AUT,63.077121197665505
2021,CHE,ITA,62.022663079097555
2021,FIN,ITA,61.69950190742158
2021,VGB,SWE,61.501516689801875
2021,CUW,IRL,60.79320353254429
2021,BGR,NLD,59.99026630425506
2021,AUT,IRL,59.70469034268786
2021,BGR,DEU,59.369630457954266
2021,BRB,IRL,59.36767001395442
2021,CYP,FRA,59.063023820234584
2021,FIN,BEL,58.86266956750974
2021,CHE,CYP,58.101139583609225
2021,MLT,NLD,57.95661489682704
2021,CYP,ESP,57.94564910421179
2021,PAN,POL,57.85211886283055
2021,URY,ESP,57.38104488123369
2021,CYM,EST,57.35965158034327
2021,IMN,ESP,57.03801702996261
2021,AUT,HRV,56.951013284577165
2021,JEY,FRA,56.556031240220726
2021,HKG,ITA,56.09965430515918
2021,FIN,SWE,55.87621125676462
2021,GBR,ITA,55.80892076918258
2021,HKG,POL,55.514241824625316
2021,SWE,CZE,55.45551103047311
2021,IMN,BEL,55.18384454103121
2021,LBR,IRL,54.43422941292763
2021,DNK,EST,54.35815972131459
2021,GGY,FRA,54.246137558471084
2021,SWE,LTU,54.17064989763916
2021,CHE,EST,53.94643338064277
2021,MMR,IRL,53.79729346202493
2021,CRI,IRL,53.45954897952056
2021,MLT,ROU,52.99537853640834
2021,MCO,FRA,52.75999172803607
2021,DNK,IRL,52.63426372032245
2021,CAN,AUT,51.70614525889242
2021,PRT,FRA,51.6091232679893
2021,AUT,CZE,51.19050424827055
2021,DNK,CYP,51.116872858317926
2021,HKG,SWE,50.939516076253774
2021,VGB,POL,50.735022045986184
2021,MMR,FRA,50.58185614871429
2021,HKG,CYP,50.56854610137928
2021,LBR,FRA,50.24261674237429
2021,LUX,DNK,48.722521931060925
2021,BMU,CYP,47.99065872838894
2021,SWE,PRT,47.645537379459114
2021,JEY,ROU,47.59832013471424
2021,JEY,POL,47.4879093701412
2021,GGY,IRL,47.453734422065416
2021,HKG,EST,47.27418522203228
2021,GIN,FRA,47.06437686073424
2021,BIH,NLD,46.92115091057167
2021,SGP,POL,46.789906812752186
2021,IRL,SWE,46.779809668838375
2021,LUX,SWE,46.541900805944074
2021,LUX,GRC,46.43312659691734
2021,CYM,HRV,46.25409489361097
2021,CYM,ITA,46.074325847041415
2021,MLT,POL,46.01958696479841
2021,BHR,ESP,45.60511703690125
2021,PAN,LVA,45.47809726992703
2021,KWT,DEU,44.19324424356803
2021,CYM,SWE,43.631270993656614
2021,ESP,GRC,42.88159319350313
2021,BMU,EST,42.71178347389049
2021,TLS,ESP,42.692810607064445
2021,PRI,DEU,42.13014170184852
2021,MCO,BEL,42.04048263722458
2021,SWE,BGR,41.91023963098863
2021,LTU,EST,41.71900423054497
2021,BMU,CZE,41.7097188301567
2021,BRB,DEU,41.50464726922157
2021,AUT,LVA,41.16218683662746
2021,GGY,BEL,41.009332969556674
2021,DNK,BGR,40.962430271223404
2021,CYP,BEL,40.952794480097936
2021,MMR,BEL,40.86784600699975
2021,JEY,ESP,40.85199265405056
2021,LBR,ESP,40.76913720673926
2021,VGB,LVA,40.68471205168537
2021,DOM,IRL,40.67250827562237
2021,KAZ,AUT,40.65447021671337
2021,URY,DEU,40.26149496209057
2021,CUW,DEU,40.11770323986549
2021,FIN,HRV,39.98009696893854
2021,JEY,CYP,39.72907789280441
2021,LBR,BEL,39.67539024351397
2021,AUT,FIN,39.63022520778366
2021,AUT,LTU,39.58452209167534
2021,PRT,NLD,39.21061924343369
2021,GIN,BEL,38.86124658111329
2021,BGR,FRA,38.56540620056919
2021,AUT,GRC,38.481071567455345
2021,KHM,FRA,38.410184503246825
2021,IRL,CZE,38.39185840012129
2021,SWE,AUT,38.03281218913291
2021,LUX,HRV,37.80989333477239
2021,HUN,IRL,37.78575082606269
2021,BGR,IRL,37.5326255138776
2021,GBR,CZE,36.944914853491255
2021,BMU,NLD,36.768192123921466
2021,UGA,FRA,36.66852103534534
2021,DNK,LVA,36.49930548484645
2021,SWE,FIN,36.482985996696364
2021,CHE,LTU,36.482507054845286
2021,LBR,DEU,36.356212695697785
2021,UGA,IRL,35.79411508731664
2021,JEY,EST,35.555603726726574
2021,KHM,IRL,35.54158914456187
2021,GTM,FRA,35.415568589914976
2021,IMN,PRT,35.34706017714205
2021,SVK,FRA,35.12197365891804
2021,BMU,ITA,34.69840794955654
2021,BEL,ITA,34.21717474699335
2021,MLT,CZE,34.06154716211661
2021,CHE,DNK,33.567093093063484
2021,SGP,ROU,33.565355988655526
2021,CYM,POL,33.456963212604045
2021,BMU,HRV,33.45420139477504
2021,IRL,CYP,33.09792174940419
2021,CYP,PRT,33.093170855355254
2021,IRL,AUT,32.588586205513586
2021,BMU,SWE,32.23230741534141
2021,CHE,FIN,32.087064993376416
2021,IRN,FRA,31.722468681329357
2021,IRN,IRL,31.69292491692879
2021,GTM,ESP,31.617580680612033
2021,GIB,FRA,31.60474193062273
2021,GBR,PRT,31.504381979621353
2021,SWE,GRC,31.469210386669875
2021,EST,ESP,31.408832576230594
2021,KHM,BEL,31.38434556431021
2021,ZAF,DEU,31.37477376661765
2021,IRL,EST,31.314131548164646
2021,MLT,CYP,31.23425256537334
2021,HUN,ITA,31.181107145518563
2021,JEY,BEL,31.099813357543333
2021,FIN,LVA,31.005337418204995
2021,UGA,ESP,30.819203321583085
2021,SVK,NLD,30.780765632271393
2021,AUT,BGR,30.597671615569283
2021,NLD,SVN,30.384710913274432
2021,IMN,NLD,29.907059965050962
2021,CHE,PRT,29.851386941386867
2021,HKG,AUT,29.62501132630822
2021,LUX,LTU,29.336691168369352
2021,CYM,LVA,29.062874881456402
2021,UGA,BEL,29.06202087430976
2021,MLT,EST,28.83950192483667
2021,HKG,HRV,28.76054445990021
2021,BRB,ESP,28.631517483536456
2021,CYP,NLD,28.46148104538982
2021,GBR,CYP,28.424800317628886
2021,JEY,ITA,28.203864172186663
2021,GGY,DEU,28.088948443587363
2021,SWE,HRV,27.732546200247402
2021,FIN,IRL,27.69903579272606
2021,PRT,IRL,27.506972189785028
2021,KWT,FRA,27.444171592653387
2021,CHE,HUN,27.388002032838948
2021,BMU,POL,27.29404395975745
2021,JEY,CZE,27.222503329309838
2021,GIB,IRL,26.789908017182054
2021,LUX,LVA,26.75095111127923
2021,SGP,CZE,26.53130437610086
2021,SGP,AUT,26.317283019669066
2021,CAN,ROU,26.280953880845008
2021,SWE,HUN,26.20440048315024
2021,JOR,IRL,25.88967646038057
2021,KWT,IRL,25.826689519088852
2021,IRN,BEL,25.79074388231849
2021,JOR,FRA,25.643858067823658
2021,SVK,ESP,25.252970186056796
2021,ROU,ESP,25.229830189460277
2021,GBR,EST,25.171895138316255
2021,DNK,HRV,25.135685090715327
2021,GBR,DNK,24.61902851660024
2021,GIB,BEL,24.45092642790656
2021,GTM,BEL,24.439922690585078
2021,GGY,ESP,24.413425355946153
2021,GBR,POL,24.3922787203974
2021,DOM,DEU,24.315732844906087
2021,CYM,PRT,24.313139486712032
2021,ZAF,IRL,24.213365969072647
2021,HUN,PRT,23.254392963717017
2021,AUT,HUN,22.876418858396114
2021,MMR,DEU,22.81252626451779
2021,PRI,IRL,22.68190944550062
2021,PAN,AUT,22.426877591177796
2021,MMR,ESP,22.36948490674144
2021,PAN,SVK,22.270514797403415
2021,HUN,ESP,22.250184675610193
2021,KWT,BEL,22.24676111730642
2021,GTM,NLD,22.220248706626474
2021,PRY,DEU,22.18977258897327
2021,LUX,SVK,22.150439435578203
2021,BIH,ITA,22.03123368613018
2021,BIH,CZE,22.00044799673811
2021,PAN,HUN,21.87119361440646
2021,HUN,POL,21.740363703476348
2021,BMU,LVA,21.590577665314676
2021,MLT,AUT,21.499447326681224
2021,PRT,ESP,21.294641475584562
2021,KAZ,CZE,21.064387124210118
2021,LVA,CZE,20.826055689581835
2021,BGR,ROU,20.774709062871686
2021,HKG,PRT,20.72306676253341
2021,VGB,AUT,20.594619052912574
2021,JOR,BEL,20.55778678667404
2021,BIH,POL,20.552300299536757
2021,IRL,PRT,20.47890036886059
2021,BIH,ROU,20.2346269635119
2021,MCO,ESP,20.189078431814927
2021,VGB,SVK,20.16345827403923
2021,ESP,FIN,20.120624068418522
2021,HKG,LVA,20.120484123669495
2021,BRB,FRA,19.982646317505733
2021,GTM,PRT,19.86901183951076
2021,AUT,DNK,19.694723022701464
2021,VGB,HUN,19.65592215249277
2021,IRL,DNK,19.568220716587632
2021,CAN,DNK,19.512059424832014
2021,DNK,SVN,19.48393719694796
2021,PAN,PRT,19.46664698940972
2021,TLS,ITA,19.288111275065244
2021,LUX,HUN,19.233686205058913
2021,MLT,PRT,19.01233632452839
2021,KAZ,ROU,18.986845320080498
2021,LUX,BGR,18.909099547941114
2021,CUW,FRA,18.832748072949766
2021,UGA,DEU,18.754260198945197
2021,GIB,DEU,18.654501670346967
2021,GIN,ESP,18.499448984878132
2021,BHS,DEU,18.461232730226275
2021,MHL,IRL,18.42298796063547
2021,FIN,AUT,18.137502594418955
2021,MLT,ITA,17.94707406289622
2021,SWE,DNK,17.898875967664296
2021,GBR,ROU,17.882227543805765
2021,BHS,IRL,17.82965324224724
2021,PAN,BGR,17.781019974756774
2021,BEL,DNK,17.65526136834236
2021,VGB,PRT,17.59212629220749
2021,IRL,LTU,17.587511274947794
2021,BEL,CYP,17.572836849874168
2021,PAN,DNK,17.554141589493064
2021,JEY,SWE,17.520938038073417
2021,CYM,AUT,17.413753511974214
2021,HKG,HUN,17.392127020947093
2021,TTO,IRL,17.198214236234463
2021,FIN,CZE,17.083221814767047
2021,HKG,DNK,16.907668423051568
2021,HKG,SVK,16.438308545919693
2021,KHM,ESP,16.421277866841965
2021,KAZ,FIN,16.365766679110887
2021,PAN,LTU,16.238299558906565
2021,VGB,BGR,16.07762324929984
2021,VGB,DNK,16.001629822996318
2021,MUS,DEU,15.986233697804726
2021,SGP,FIN,15.971479830564137
2021,PAN,FIN,15.960572143061293
2021,IRN,DEU,15.955672661108279
2021,CHE,BGR,15.535984835585554
2021,SGP,ITA,15.515811521923652
2021,CYM,SVK,15.47894409075516
2021,LKA,DEU,15.472579405921529
2021,JEY,HRV,15.392565265723979
2021,MDG,DEU,15.366884688345293
2021,PRY,FRA,15.31650944709827
2021,BEL,EST,15.288920724621521
2021,TLS,NLD,15.26261301540419
2021,FIN,LTU,15.126495260135938
2021,CUW,ESP,15.12007893313653
2021,SVK,CZE,14.995198857145569
2021,VGB,LTU,14.674584298755601
2021,CYM,HUN,14.642844393593588
2021,IRN,ESP,14.525203242681847
2021,CHE,HRV,14.50446154234892
2021,CHE,SVK,14.438305592922688
2021,CUW,BEL,14.410269517629409
2021,GEO,DEU,14.315002514910253
2021,BMU,AUT,14.298374131874123
2021,IMN,AUT,14.260138698939436
2021,VGB,FIN,14.219783721433878
2021,MCO,DEU,14.158078119804921
2021,GIB,ESP,14.158007447319982
2021,BHR,NLD,14.118798193380792
2021,MHL,DEU,14.020581038527787
2021,CYP,AUT,13.863672503506494
2021,FIN,PRT,13.833392480922772
2021,KHM,DEU,13.658014214113704
2021,HKG,LTU,13.62772598878151
2021,URY,FRA,13.592514467750366
2021,CRI,DEU,13.590014955085998
2021,LIE,FRA,13.517847821037156
2021,BIH,CYP,13.508246200480585
2021,GIN,DEU,13.403910426190123
2021,CAN,FIN,13.38373354069111
2021,LTU,DEU,13.295324997994257
2021,SVK,ROU,13.191127182650117
2021,BGR,PRT,13.168368631873726
2021,FIN,BGR,13.097358928106607
2021,BEL,ROU,12.953631316540502
2021,BRB,BEL,12.81071098699605
2021,SVK,PRT,12.724036766890269
2021,BIH,EST,12.685621555028114
2021,MUS,CZE,12.628996105484651
2021,BHR,ROU,12.592022959487833
2021,PRI,ESP,12.539323553122445
2021,BEL,POL,12.493113796465344
2021,CYM,BGR,12.42208251448072
2021,URY,NLD,12.379026950140965
2021,GBR,SWE,12.303651284022893
2021,KWT,ESP,12.294195174011046
2021,GTM,ROU,12.257512582708078
2021,CHE,GRC,12.209406517173178
2021,GRC,ESP,12.149396882037363
2021,CHE,LVA,12.067523305320451
2021,MLT,DNK,12.004366781705421
2021,MCO,IRL,11.91681483071945
2021,KAZ,POL,11.906270652181739
2021,IRL,HUN,11.87131656352805
2021,CAN,LTU,11.828328443785653
2021,ISL,FRA,11.811070700145454
2021,BHR,CZE,11.764217602869586
2021,GTM,ITA,11.621420154904827
2021,CYM,DNK,11.480107588823653
2021,TLS,ROU,11.398879616081608
2021,GIN,IRL,11.359845722179136
2021,SGP,DNK,11.330080911981039
2021,MLT,LTU,11.324772113541362
2021,SGP,HUN,11.180112509210145
2021,FIN,DNK,11.178582692059711
2021,GGY,ROU,11.062118287701777
2021,JOR,DEU,11.002072221395865
2021,SGP,LTU,10.929627847476073
2021,BMU,DNK,10.882176327199712
2021,GTM,CZE,10.813579670464737
2021,IRL,FIN,10.779987310802431
2021,LIE,BEL,10.763083667357389
2021,CPV,FRA,10.718245197248573
2021,LKA,FRA,10.610549594518057
2021,BRB,NLD,10.533225430900572
2021,CUW,ROU,10.519778514831092
2021,SVK,POL,10.473418618925798
2021,JOR,ESP,10.461560273465201
2021,PAN,GRC,10.45739281350039
2021,MLT,SWE,10.457189410149484
2021,CYM,FIN,10.431926425386392
2021,VIR,DEU,10.421131457091711
2021,PRY,NLD,10.408989957136173
2021,IRL,HRV,10.403496451299375
2021,DOM,FRA,10.364883556774458
2021,BMU,SVK,10.364797692166556
2021,HKG,BGR,10.290840758826162
2021,BMU,HUN,10.230407877711267
2021,EST,ROU,10.211571648207132
2021,LBR,NLD,10.173088454628989
2021,SWE,NLD,10.127484642086419
2021,GGY,POL,10.11744947873644
2021,TLS,CZE,10.103359819342918
2021,CYM,LTU,10.095935233758357
2021,BMU,LTU,9.91061095594097
2021,SGP,SVK,9.869632533370353
2021,PNG,IRL,9.857157005815978
2021,LUX,SVN,9.850684087744424
2021,IRL,SVK,9.786497006933486
2021,SRB,ITA,9.784814469287003
2021,JEY,NLD,9.772578981757984
2021,JEY,LVA,9.745138803378147
2021,TLS,SWE,9.690166658657251
2021,HUN,FRA,9.641443066951647
2021,MUS,ROU,9.553696733414386
2021,ISL,BEL,9.460233751688744
2021,BGR,POL,9.394579033068451
2021,KAZ,GRC,9.350176344548492
2021,HKG,FIN,9.311449461165056
2021,VGB,GRC,9.271465925217987
2021,BRB,ROU,9.247632007235556
2021,GTM,CYP,9.243997364255474
2021,LAO,FRA,9.190791106179095
2021,BMU,PRT,9.13921959015144
2021,GTM,AUT,9.13558847696927
2021,PRY,CZE,9.110295002523108
2021,LAO,IRL,9.109028072371531
2021,CPV,BEL,9.059615484486429
2021,HUN,NLD,8.928151181565854
2021,LTU,ESP,8.924509188907834
2021,TLS,POL,8.886655055231806
2021,BEL,SWE,8.823426117642875
2021,WSM,FRA,8.802449006549075
2021,BMU,BGR,8.779067316956072
2021,CPV,IRL,8.669446439360692
2021,MUS,BEL,8.634068204067951
2021,LIE,ESP,8.63136636945009
2021,ROU,PRT,8.617406406643642
2021,CRI,FRA,8.572477375914927
2021,BHR,CYP,8.565253258727985
2021,ISL,IRL,8.560958300945375
2021,IRL,LVA,8.557623676997876
2021,LKA,BEL,8.528618107544933
2021,GGY,CYP,8.429185515415167
2021,LVA,FRA,8.354806694990815
2021,GTM,EST,8.353020568519733
2021,SRB,CZE,8.33740517823323
2021,WSM,IRL,8.29319816077127
2021,PRI,FRA,8.229284954570042
2021,IRL,BGR,8.20924636635446
2021,MHL,FRA,8.183312897864827
2021,CUW,NLD,8.163165097587454
2021,WSM,DEU,8.159780309045727
2021,GNQ,IRL,8.15936786439147
2021,IRL,GRC,8.129868574863188
2021,CRI,ESP,8.11108955133504
2021,CUW,CYP,8.082898505888359
2021,GIB,ROU,8.018150244942785
2021,FIN,GRC,8.005241414864647
2021,MMR,NLD,8.00516327099359
2021,CPV,ESP,7.984019760991793
2021,UZB,FRA,7.958648967992999
2021,GBR,AUT,7.946322684214637
2021,MUS,CYP,7.927932553168907
2021,UZB,IRL,7.915062208800973
2021,CYP,ITA,7.885240656310999
2021,BHR,EST,7.872609800973464
2021,EST,AUT,7.841011093101187
2021,ROU,POL,7.832255668326601
2021,MUS,ESP,7.790907868095214
2021,CYM,GRC,7.737208210197324
2021,SGP,EST,7.722743227220141
2021,DOM,ESP,7.660159234909817
2021,DOM,BEL,7.64966385880368
2021,GGY,EST,7.622989285145421
2021,GUY,DEU,7.585259611505569
2021,LVA,DEU,7.576783738343116
2021,KAZ,EST,7.557566451073685
2021,ZAF,ESP,7.538418756158391
2021,FIN,HUN,7.520949710173443
2021,BOL,DEU,7.478559681322493
2021,UGA,NLD,7.444998500015366
2021,DNK,MLT,7.435487209856017
2021,MLT,HRV,7.433591220190307
2021,GGY,NLD,7.424721766371384
2021,BMU,FIN,7.419261040495229
2021,LAO,BEL,7.384510812852437
2021,LKA,IRL,7.288511102154667
2021,KAZ,CYP,7.284684565792018
2021,CAN,CZE,7.260064325715925
2021,UZB,DEU,7.24374055733002
2021,CUW,EST,7.214281678674897
2021,CUW,CZE,7.178826225780722
2021,SRB,DEU,7.170839403298017
2021,LTU,FRA,7.153583596198198
2021,BRB,CYP,7.1143161026417765
2021,HKG,GRC,7.098608202889126
2021,MUS,EST,7.066878320361565
2021,PRY,ESP,7.021552003821435
2021,BRB,CZE,7.00270212592961
2021,TLS,CYP,6.9714707187833
2021,GTM,HRV,6.969077786737327
2021,GUY,IRL,6.940256096287836
2021,BHR,POL,6.91469375189895
2021,BIH,PRT,6.896731874855468
2021,PYF,IRL,6.892257031996717
2021,WSM,BEL,6.852911154187712
2021,JEY,PRT,6.8369501700892155
2021,GIB,POL,6.815355498843671
2021,PYF,DEU,6.788646176448373
2021,MCO,NLD,6.770514855555912
2021,PRY,ROU,6.744885001413904
2021,GTM,SWE,6.729575310947986
2021,SVK,AUT,6.7239365911795135
2021,GBR,BGR,6.709401084210803
2021,SVK,BEL,6.70869431803033
2021,MMR,ITA,6.63161253578604
2021,SGP,CYP,6.619823601601258
2021,TLS,EST,6.433291382515099
2021,ZAF,FRA,6.423327377514186
2021,IMN,CZE,6.375636935028682
2021,BRB,EST,6.358268908488931
2021,MLT,HUN,6.3500041905140705
2021,MHL,BEL,6.346511232516023
2021,JEY,HUN,6.333210257609885
2021,UZB,BEL,6.318077823214118
2021,PRY,BEL,6.310980441083229
2021,CAN,GRC,6.160209324770391
2021,CRI,NLD,6.155361687758266
2021,CPV,DEU,6.14512939756211
2021,SGP,PRT,6.13911714129398
2021,PRI,NLD,6.138938822788098
2021,JEY,LTU,6.125016408286829
2021,LIE,IRL,6.124646961678763
2021,BIH,AUT,6.093092837349252
2021,GIB,CYP,6.0821862179494595
2021,BGR,ESP,6.07991372273076
2021,GIN,NLD,5.998492320990793
2021,GGY,ITA,5.981472267412363
2021,LBR,CZE,5.9491000349433065
2021,GBR,GRC,5.9171066520176625
2021,AUT,SVK,5.901042643714032
2021,KAZ,DNK,5.833636773175604
2021,CUW,ITA,5.828707123536923
2021,GGY,CZE,5.795288198459181
2021,MUS,SWE,5.786508832289158
2021,MUS,HRV,5.776090415940662
2021,PRY,CYP,5.761960633401662
2021,EST,DNK,5.739985575485422
2021,BHS,FRA,5.629787561702354
2021,BRB,ITA,5.62249255542229
2021,ZAF,PRT,5.607165395321484
2021,JEY,BGR,5.599164454283706
2021,PRT,ROU,5.597819272763032
2021,CUW,HRV,5.548216131905005
2021,IMN,FIN,5.53704196660505
2021,BHR,SWE,5.535492090699877
2021,GIB,EST,5.4833741813506105
2021,LBR,ROU,5.438839016862509
2021,CUW,SWE,5.4382747268535265
2021,ZAF,BEL,5.428718522830801
2021,DOM,NLD,5.426802609050952
2021,ESP,SVN,5.399966559300646
2021,KAZ,SWE,5.398384425949875
2021,PYF,FRA,5.386586506292993
2021,MLT,BGR,5.336759191763283
2021,ESP,MLT,5.31924346617289
2021,VCT,DEU,5.300820414742416
2021,JEY,AUT,5.270066075921154
2021,BRB,PRT,5.256637293989442
2021,MLT,LVA,5.236824880590976
2021,KHM,NLD,5.216866295750339
2021,MMR,ROU,5.154329457541171
2021,TTO,DEU,5.144596223610376
2021,PRY,EST,5.138802472451563
2021,MMR,CZE,5.055016686344044
2021,SVK,CYP,5.0321080883893785
2021,BRB,HRV,4.997874306256049
2021,GBR,HUN,4.995994609636108
2021,BHR,ITA,4.955632134499843
2021,CYP,FIN,4.949957095364312
2021,MLT,FIN,4.939415306840812
2021,ISL,ESP,4.930379350095675
2021,LVA,EST,4.918943479100591
2021,EST,LTU,4.8762302689936865
2021,LKA,ESP,4.862887741552979
2021,URY,IRL,4.861965783883484
2021,GBR,LTU,4.858881889171132
2021,ROU,DEU,4.845689075707442
2021,BHR,HRV,4.82751461172113
2021,BMU,GRC,4.82477929084563
2021,BRB,SWE,4.7402893275640565
2021,SSD,FRA,4.739617649152071
2021,LVA,POL,4.716160688289676
2021,CRI,CZE,4.653695269938202
2021,CUW,POL,4.65292601512833
2021,SVK,EST,4.636440629328456
2021,DOM,ROU,4.62480801205244
2021,BRN,DEU,4.603129330894042
2021,MUS,ITA,4.536318522601859
2021,CUW,PRT,4.534606511680632
2021,GTM,LVA,4.507807859750792
2021,PRI,ROU,4.457721497520711
2021,BGR,BEL,4.456911757031836
2021,JEY,FIN,4.4547160660315335
2021,SRB,FRA,4.439967197110144
2021,SGP,LVA,4.376913960116443
2021,MHL,ESP,4.349573518405304
2021,SSD,ESP,4.310221577485801
2021,SGP,GRC,4.293800561172883
2021,IRN,NLD,4.290277949846021
2021,CRI,ROU,4.2804636853149995
2021,GTM,FIN,4.244223030338372
2021,AUT,SVN,4.232522380121457
2021,GIB,ITA,4.215509587327474
2021,SRB,ESP,4.213929327294671
2021,SSD,IRL,4.208583470794334
2021,PYF,BEL,4.19951873993686
2021,SGP,BGR,4.182418376145291
2021,PRY,HRV,4.174737847905019
2021,PRY,SWE,4.164873769925461
2021,GIB,NLD,4.154297495669775
2021,PRT,DNK,4.137177970095819
2021,CPV,POL,4.136869267594996
2021,CPV,PRT,4.1114103673322555
2021,KAZ,HRV,4.106835404873311
2021,MUS,POL,4.105239686176447
2021,ROU,FRA,4.087914953550453
2021,BIH,SWE,4.075372919967247
2021,JEY,DNK,4.040215152819107
2021,LTU,ROU,4.021149656702507
2021,SLV,IRL,4.01835060137914
2021,BRB,POL,4.01699815141545
2021,MLT,GRC,4.003560473880624
2021,PAN,SVN,3.980764440928132
2021,TLS,HRV,3.980738653668003
2021,GRC,ROU,3.9601431698488287
2021,CAN,ITA,3.9586310281986443
2021,IMN,POL,3.957082968800433
2021,GGY,SWE,3.9564169011708064
2021,WSM,ESP,3.9556652574685454
2021,GTM,POL,3.9550677091085804
2021,LAO,ESP,3.949129639201299
2021,ROU,IRL,3.9483799680841827
2021,MLT,SVK,3.9281584604498825
2021,CRI,BEL,3.9115386570637374
2021,LVA,CYP,3.900081001171646
2021,VCT,IRL,3.86581851320837
2021,UGA,CZE,3.8129811283718933
2021,BHS,NLD,3.81266325545233
2021,GNQ,ESP,3.7925324943067356
2021,VUT,DEU,3.791035162915242
2021,DOM,CZE,3.7854796414885534
2021,LVA,LTU,3.7842075256721004
2021,PRY,ITA,3.7761937687621776
2021,GNQ,DEU,3.7726782271879977
2021,IMN,ROU,3.761428153116932
2021,ZAF,NLD,3.755283608370512
2021,MUS,FRA,3.7299851764420837
2021,MUS,LVA,3.7211311890950296
2021,BIH,HUN,3.720629549989742
2021,GBR,SVK,3.7190356755019605
2021,VUT,IRL,3.685896668218921
2021,TLS,AUT,3.6824561091316945
2021,UZB,ESP,3.678644732574083
2021,GIB,CZE,3.6622103719007812
2021,SSD,BEL,3.6348037283425745
2021,JEY,GRC,3.628307846080329
2021,PRI,BEL,3.6281706308757244
2021,VUT,FRA,3.607100847728164
2021,LVA,ESP,3.5960507655968743
2021,URY,PRT,3.5924870944538503
2021,CAN,EST,3.58508583620194
2021,VGB,SVN,3.579454515043371
2021,BHS,ESP,3.567702795353775
2021,LTU,BEL,3.563381624337462
2021,GUM,DEU,3.560424720381218
2021,PRT,AUT,3.5465196205628793
2021,UGA,ROU,3.5400607179116492
2021,SGP,HRV,3.5388509239834844
2021,CUW,LVA,3.52993183352468
2021,BHR,AUT,3.521681937286883
2021,LBR,CYP,3.5216574460370382
2021,CRI,CYP,3.5211713326518503
2021,LAO,DEU,3.499785013085321
2021,JEY,SVK,3.493587648743441
2021,SRB,NLD,3.4282584300490826
2021,DOM,CYP,3.4198133678554097
2021,CAN,CYP,3.4140009633902575
2021,ROU,NLD,3.4041213316846157
2021,KWT,NLD,3.4000117269320396
2021,TLS,PRT,3.397154700173366
2021,JOR,NLD,3.370589161498059
2021,CHE,SVN,3.337996559794065
2021,LTU,HRV,3.334834480886984
2021,SSD,DEU,3.328472642277368
2021,SVK,DNK,3.2663642355918503
2021,MMR,CYP,3.2658389162294057
2021,GGY,HRV,3.264441013269897
2021,LBR,EST,3.236009517760713
2021,BHR,LVA,3.2133008419074507
2021,IRN,CZE,3.201400623442109
2021,BEL,LTU,3.1946046122376823
2021,LBR,PRT,3.1670310464597797
2021,IRN,ROU,3.152148982706375
2021,BRB,LVA,3.1394510717215587
2021,CRI,EST,3.1367120887816458
2021,SVK,LTU,3.1353884618181644
2021,URY,ITA,3.0888359948157778
2021,FSM,DEU,3.069990825612216
2021,DOM,EST,3.065803196731733
2021,FSM,IRL,3.0483830773656657
2021,LVA,ROU,3.047098880645716
2021,GIB,SWE,3.0427413061575184
2021,GRC,AUT,3.0408175739045364
2021,MMR,EST,3.029736440830044
2021,BIH,DNK,3.0246639987922888
2021,ESP,EST,3.0180966058653356
2021,DOM,PRT,3.0150891669191755
2021,FSM,FRA,2.9936758177623326
2021,BIH,SVK,2.98561571552259
2021,PRI,CYP,2.9678796340293614
2021,IRN,SWE,2.96255869394059
2021,CUW,AUT,2.947078062938089
2021,BHR,PRT,2.946986157478113
2021,ISL,DEU,2.9428675775575353
2021,CAN,LVA,2.9294840857607136
2021,BRB,AUT,2.9198981014915435
2021,GIN,ROU,2.9089175834529337
2021,KAZ,LVA,2.9084253904731665
2021,KHM,CZE,2.8974920239546265
2021,LTU,ITA,2.8779415185705295
2021,CYP,CZE,2.8704306630711747
2021,LBR,SWE,2.8516103233315833
2021,VUT,BEL,2.83415037955565
2021,TTO,FRA,2.782822526663715
2021,CYM,SVN,2.7525187640678324
2021,BOL,IRL,2.742806084889726
2021,MMR,POL,2.7418680715879113
2021,CRI,HRV,2.74161220860337
2021,DOM,HRV,2.7359065262770113
2021,SYC,IRL,2.7245365757957463
2021,GBR,FIN,2.723066404077102
2021,PRY,LVA,2.7209649230166475
2021,TLS,LVA,2.7144665512426793
2021,IMN,GRC,2.699856148316292
2021,PYF,ESP,2.6893123797375047
2021,DOM,SWE,2.682360191025587
2021,IMN,EST,2.6639589606068426
2021,CRI,SWE,2.663312680371808
2021,MNG,FRA,2.6588822655408717
2021,LBR,HRV,2.658707434240254
2021,LBR,ITA,2.6530400942403727
2021,GIB,HRV,2.640028892359945
2021,PRI,EST,2.6400178041392763
2021,IMN,CYP,2.624178699909119
2021,PRI,HRV,2.619784128764166
2021,LTU,CYP,2.6163023882122665
2021,SSD,ROU,2.600579578834463
2021,ESP,LTU,2.5795948241335664
2021,TLS,HUN,2.560412557545105
2021,MDG,ESP,2.5575197856195597
2021,BHS,PRT,2.547235893218106
2021,SYC,FRA,2.5171265661722506
2021,MNG,IRL,2.483175369145265
2021,PRI,SWE,2.477719268867809
2021,TTO,ROU,2.4646969484568575
2021,CAN,BGR,2.4486495167548483
2021,GTM,DNK,2.44252362727071
2021,BHR,HUN,2.436602506051975
2021,CYP,GRC,2.42833025356609
2021,PRT,LTU,2.4266512262248607
2021,IRN,POL,2.418947624293714
2021,KAZ,HUN,2.4185587684346994
2021,KAZ,SVK,2.3938379769560534
2021,CYP,ROU,2.389327915459591
2021,BGR,CZE,2.3753611923748172
2021,BGR,GRC,2.3700310345284787
2021,CRI,ITA,2.35729426207308
2021,ZAF,AUT,2.3492773982447415
2021,MCO,ROU,2.3435652433835816
2021,CAN,POL,2.342903608519657
2021,PRT,ITA,2.336388725287985
2021,FSM,BEL,2.3176847452735054
2021,PRI,ITA,2.2939629122085194
2021,LVA,BEL,2.2913465777982283
2021,HUN,ROU,2.2885265006557565
2021,KHM,ROU,2.28394383288576
2021,UGA,CYP,2.274792639747482
2021,AUT,MLT,2.2698698315454444
2021,BIH,LTU,2.2627846717394675
2021,CAN,SVN,2.2309990889590705
2021,DOM,ITA,2.2282478484641413
2021,HKG,SVN,2.2270269487127563
2021,GRC,DNK,2.2260201911015676
2021,GTM,GRC,2.2226260203845496
2021,BHR,SVK,2.209836444163183
2021,LBR,POL,2.2005194902901395
2021,IMN,ITA,2.1985004484014414
2021,MMR,SWE,2.1977192007805693
2021,GTM,SVK,2.1817911657776135
2021,GBR,HRV,2.1750933095181
2021,MUS,HUN,2.1738120620632717
2021,SYC,ESP,2.168458394777945
2021,CYP,DNK,2.1647628712155997
2021,IRN,CYP,2.129980541550306
2021,UGA,PRT,2.1286721374362143
2021,MNG,BEL,2.127163161492036
2021,SRB,PRT,2.1266149626915007
2021,EST,FRA,2.122937317052887
2021,MDG,IRL,2.1152649720823264
2021,WSM,ITA,2.1103787016836546
2021,SRB,POL,2.1049279473537625
2021,TLS,FIN,2.1023552974569664
2021,UGA,EST,2.099509281435271
2021,GGY,LVA,2.0954583262879933
2021,CAN,HRV,2.089618928481381
2021,KWT,CZE,2.061577850056967
2021,GTM,HUN,2.044865139560966
2021,BMU,SVN,2.0361820221485987
2021,LVA,ITA,2.0351927305958637
2021,HUN,CZE,2.030846659224157
2021,SYC,BEL,1.9973103429873449
2021,LTU,NLD,1.9959505232369563
2021,MUS,PRT,1.991301912425419
2021,SVK,GRC,1.9895506764998903
2021,BEL,FIN,1.979880421914955
2021,KWT,ROU,1.978149363593391
2021,TLS,SVK,1.9765892356929522
2021,LVA,SVK,1.974994253138465
2021,IRN,EST,1.974028665206753
2021,BHR,DNK,1.9541214464465968
2021,LBR,AUT,1.9524499019836674
2021,JOR,CZE,1.9506805269473277
2021,BEL,BGR,1.939479119314192
2021,VIR,IRL,1.9320912202634155
2021,BHS,BEL,1.931660524344805
2021,TTO,ESP,1.9305708905878454
2021,BIH,BGR,1.9297882506355177
2021,IRL,SVN,1.9284717836142444
2021,BGR,AUT,1.9148602229561533
2021,BGR,FIN,1.9068852185511758
2021,KAZ,SVN,1.9046567749167638
2021,SVK,FIN,1.903423585717287
2021,UGA,SWE,1.9015796454848868
2021,BIH,GRC,1.89644009438405
2021,GRC,LTU,1.8920037931368172
2021,MMR,HRV,1.8508491985248856
2021,IMN,DNK,1.8399348652533118
2021,PRY,POL,1.8322660317044142
2021,MUS,SVK,1.8247201556979746
2021,TLS,DNK,1.8168138225154458
2021,PRT,CYP,1.8160302953669252
2021,UGA,ITA,1.8094458324240013
2021,TTO,CZE,1.7945639414108472
2021,MMR,PRT,1.7878968011098801
2021,UGA,HRV,1.7866351114327372
2021,DOM,LVA,1.7862809989350164
2021,DOM,AUT,1.7796138201275085
2021,JOR,SWE,1.7778430020025973
2021,CRI,LVA,1.7711062249141376
2021,BIH,HRV,1.7702340496708824
2021,TLS,LTU,1.768775053788361
2021,GUY,FRA,1.7623824447763534
2021,LIE,NLD,1.7546935298504012
2021,BEL,AUT,1.7530317309249661
2021,CUW,SVK,1.7399528692555992
2021,TTO,NLD,1.7353964879395822
2021,TTO,BEL,1.7353228346898741
2021,ZAF,ROU,1.7281695855282224
2021,LTU,SVK,1.7268488879687718
2021,CUW,HUN,1.7227816567612881
2021,FIN,NLD,1.7227777815318848
2021,VUT,ESP,1.7186567326596827
2021,PRI,LVA,1.7163587253462562
2021,SYC,DEU,1.715925314918779
2021,CUW,FIN,1.7117125848317825
2021,BGR,CYP,1.708105442341698
2021,GIB,LVA,1.7030820996954863
2021,LBR,LVA,1.6980647274308238
2021,MCO,POL,1.6879134650563117
2021,BRB,SVK,1.6654816801183645
2021,BIH,FIN,1.6647254717389335
2021,GGY,AUT,1.6585552943826631
2021,BOL,ESP,1.6408364866541265
2021,BEL,HUN,1.6396223176060727
2021,GTM,BGR,1.6265740952207695
2021,BHS,CZE,1.6162565856651454
2021,BGR,EST,1.6004949516021283
2021,ISL,NLD,1.5998377688615493
2021,BRB,HUN,1.5968180986838172
2021,BEL,GRC,1.5936477951338235
2021,PRT,EST,1.5885510595999548
2021,GUY,ESP,1.5807657441717495
2021,LCA,DEU,1.56328534916751
2021,MUS,AUT,1.5548095184836397
2021,BHR,LTU,1.5518251021063116
2021,BRB,FIN,1.5496450744319585
2021,TTO,CYP,1.5416397319741386
2021,GGY,PRT,1.5306536041739789
2021,KAZ,LTU,1.5244387878298051
2021,BOL,FRA,1.5080934423239045
2021,URY,CZE,1.501976652361623
2021,MMR,AUT,1.4935828524392694
2021,BHR,BGR,1.490725101015911
2021,IRN,ITA,1.4895419627951931
2021,CUW,DNK,1.4862369692167259
2021,GGY,HUN,1.4796541038117295
2021,LVA,HRV,1.4780006634132605
2021,LTU,CZE,1.4702985857400854
2021,LCA,IRL,1.4656196017837773
2021,HUN,BEL,1.462790150377022
2021,WSM,NLD,1.4553764296441578
2021,GTM,LTU,1.451894309201354
2021,LIE,ROU,1.426330362426643
2021,SRB,CYP,1.4198262044110708
2021,FSM,ESP,1.4195200138603488
2021,VIR,ESP,1.4142315430540062
2021,CPV,NLD,1.4092865952358125
2021,CUW,BGR,1.4036943943937417
2021,BOL,PRT,1.403682585458901
2021,CAN,SWE,1.4001625831622457
2021,LVA,PRT,1.3933769051364258
2021,LKA,NLD,1.3836476880270234
2021,JOR,ROU,1.3750125295577291
2021,LVA,SWE,1.3741502120376536
2021,KHM,CYP,1.3741478743028384
2021,TTO,EST,1.3720771004098546
2021,LBR,SVK,1.3715804568432368
2021,KAZ,BGR,1.3666430020292606
2021,HUN,AUT,1.3640683188148848
2021,BRB,BGR,1.3623242084597624
2021,BGR,SWE,1.356020868347791
2021,BRB,DNK,1.3537409604052872
2021,TLS,BGR,1.3444425205096007
2021,GGY,LTU,1.3429089890686603
2021,PRY,SVK,1.335940784671968
2021,SRB,EST,1.324966943459084
2021,UGA,AUT,1.3161671539903608
2021,KHM,EST,1.3158764013311814
2021,MUS,BGR,1.307961790784713
2021,ZAF,CYP,1.306244156594549
2021,LVA,HUN,1.3047557611313687
2021,PYF,ITA,1.3004513976326562
2021,SGP,SVN,1.2965803910238618
2021,GUY,BEL,1.2819237503873357
2021,CUW,LTU,1.278083486165398
2021,GGY,BGR,1.2740643607459614
2021,LTU,AUT,1.2710332436590663
2021,MHL,NLD,1.269836897724301
2021,LBR,HUN,1.2619821976508017
2021,MUS,FIN,1.2541849640966174
2021,PRT,POL,1.249573080403364
2021,EST,LVA,1.2440911524852734
2021,MMR,LVA,1.239785771015711
2021,PRY,DNK,1.2392814683980753
2021,BHR,FIN,1.2372135846542984
2021,PRY,AUT,1.2364369599824054
2021,LUX,MLT,1.2341322894607385
2021,MUS,LTU,1.227839659764742
2021,UZB,ITA,1.2274540295995886
2021,LAO,NLD,1.2246250820266618
2021,IRN,HRV,1.223958340048111
2021,UZB,NLD,1.2230198538237191
2021,ZAF,EST,1.1988887628134877
2021,MHL,CZE,1.191627846224315
2021,PRI,AUT,1.1881078199062702
2021,JOR,POL,1.1845811305029585
2021,SVK,HUN,1.1843778069851925
2021,TTO,HRV,1.178593434053347
2021,TLS,GRC,1.1781187302719518
2021,GIB,AUT,1.1723324474808348
2021,BEL,PRT,1.1697737778684107
2021,PRY,HUN,1.16723509695948
2021,GGY,DNK,1.1527275459276343
2021,TTO,SWE,1.1517144394467707
2021,FRO,DEU,1.1495863116459024
2021,GGY,SVK,1.1485238355381644
2021,MUS,DNK,1.1480452928857126
2021,UGA,LVA,1.139963889896935
2021,TTO,ITA,1.1394202419350785
2021,MNG,ESP,1.1337767014058309
2021,BIH,LVA,1.1322964508234612
2021,BRB,LTU,1.1299144281029831
2021,LTU,PRT,1.1298832373726015
2021,LVA,NLD,1.116909990443326
2021,MCO,CYP,1.1035036797661224
2021,IRN,AUT,1.0985815003816686
2021,MCO,EST,1.0879502350090724
2021,GNQ,FRA,1.0866190034541297
2021,VIR,FRA,1.079797765923973
2021,LTU,IRL,1.0752445767421137
2021,GIN,CZE,1.0707073636737987
2021,UGA,POL,1.0663134962452696
2021,MMR,HUN,1.0504798036206733
2021,ZAF,FIN,1.0490167549644676
2021,DOM,POL,1.0479197235721305
2021,BHS,AUT,1.0461588827757662
2021,KHM,SWE,1.0450039502039372
2021,CPV,ROU,1.038773128484281
2021,BRB,GRC,1.0369935178961296
2021,PRI,CZE,1.0354562400579757
2021,BOL,BEL,1.0335932893300162
2021,GIB,HUN,1.0322924313516344
2021,WSM,ROU,1.0322817298240836
2021,GRC,IRL,1.0312701042475045
2021,GIB,PRT,1.0304958643540196
2021,LIE,AUT,1.0289291146100272
2021,CUW,GRC,1.0223454419088005
2021,IRN,PRT,1.018804265700152
2021,BHR,GRC,1.0117982736986457
2021,ZAF,SWE,1.0080486312384909
2021,KHM,POL,1.0052452591609722
2021,GUY,ROU,0.9940494669998927
2021,PRI,PRT,0.9938481847078343
2021,MCO,CZE,0.9920199781607566
2021,VIR,PRT,0.9887840100481734
2021,URY,AUT,0.9873850050128075
2021,BOL,NLD,0.9805053776329709
2021,UGA,SVK,0.9762606691421489
2021,WSM,CZE,0.9712083623125053
2021,GIB,LTU,0.9692805943897518
2021,NLD,MLT,0.9690448280935707
2021,MLT,SVN,0.959044264044026
2021,ZAF,HRV,0.9582679493260512
2021,LBR,DNK,0.957164840060175
2021,PRI,DNK,0.9560356578720992
2021,IMN,SWE,0.9555486081142536
2021,MMR,SVK,0.9553025395917388
2021,PRY,BGR,0.9486844124727601
2021,CRI,POL,0.9472015663645886
2021,GGY,FIN,0.9394358820798939
2021,ZAF,CZE,0.937549580144682
2021,GIB,BGR,0.9369884714384258
2021,EST,BGR,0.933207277105691
2021,MDG,ROU,0.9312908114362709
2021,DOM,FIN,0.9267970216999835
2021,KWT,AUT,0.9254773273373176
2021,PYF,NLD,0.9239922317685414
2021,GUY,NLD,0.9181418003237363
2021,MNG,DEU,0.9127042124754586
2021,CRI,SVK,0.9106683844924238
2021,MDA,FRA,0.9068731407144621
2021,EST,HRV,0.9049223005332575
2021,PRY,PRT,0.8989412228695228
2021,GNQ,CZE,0.8981366147526962
2021,WSM,SWE,0.8948911732607739
2021,KHM,AUT,0.8887313110289374
2021,PRY,LTU,0.8887128232326853
2021,DOM,SVK,0.8877783743040917
2021,SSD,NLD,0.8759789850493458
2021,PRI,SVK,0.8695670808362491
2021,GIB,SVK,0.865946029962708
2021,ESP,CYP,0.8658046307019103
2021,PRY,FIN,0.865559307966779
2021,GEO,ESP,0.8622461667009035
2021,LBR,BGR,0.8510415735748413
2021,GGY,GRC,0.8419166109107146
2021,GIN,SWE,0.8405943244439571
2021,CRI,AUT,0.8395907289996856
2021,WSM,POL,0.8326366159957992
2021,IRN,LVA,0.8295871576152858
2021,GRC,FRA,0.8283412964819332
2021,GIB,DNK,0.8274201052478461
2021,PRT,SWE,0.8259842426581386
2021,UZB,ROU,0.8233843878606237
2021,CRI,PRT,0.8217180588373794
2021,KWT,CYP,0.8210531790668366
2021,GIN,AUT,0.8207547868238815
2021,IRN,HUN,0.8144015761328938
2021,UZB,CZE,0.8128542127812572
2021,DOM,HUN,0.8088565466026744
2021,ZAF,ITA,0.8031160134647684
2021,KHM,PRT,0.802151745055586
2021,HUN,GRC,0.8020267085131005
2021,KWT,EST,0.7990205650853586
2021,VCT,FRA,0.7977688480600406
2021,BRN,FRA,0.7918616376933665
2021,PYF,ROU,0.7897394384721065
2021,UGA,HUN,0.789047422916155
2021,DOM,DNK,0.7879038138695184
2021,SVK,BGR,0.7824850789262414
2021,PRT,CZE,0.7787618458051008
2021,FIN,SVK,0.7761563083738453
2021,KHM,HRV,0.7671550396397318
2021,TTO,LVA,0.7615527087512596
2021,ALB,DEU,0.7604378368006083
2021,LAO,CZE,0.757335987968376
2021,MCO,AUT,0.7568505994599379
2021,GNQ,ROU,0.7544926646234962
2021,FSM,ITA,0.7514531499850562
2021,CRI,DNK,0.7508254248044788
2021,MMR,DNK,0.7415903562544414
2021,MDA,BEL,0.7399990305877793
2021,PYF,CZE,0.7366466016295931
2021,GUY,CZE,0.7361780407922426
2021,UZB,SWE,0.7310307253058341
2021,KHM,ITA,0.73069390492589
2021,VIR,BEL,0.7297761877614669
2021,GUY,CYP,0.7295307458138626
2021,MUS,GRC,0.7284885996819004
2021,GIB,FIN,0.7230324084513884
2021,GIN,EST,0.7230019609906411
2021,GNQ,NLD,0.7224083046169101
2021,JOR,AUT,0.7195585298926274
2021,CPV,CZE,0.7194992877213685
2021,KWT,POL,0.7190396885912764
2021,LIE,DNK,0.7189869236309707
2021,PRI,POL,0.7129761952694316
2021,PYF,SWE,0.7128669381168031
2021,GIN,CYP,0.7098868417770136
2021,GNQ,BEL,0.7043737340555203
2021,PRI,LTU,0.7028278143805378
2021,LBR,FIN,0.6987969030320087
2021,CRI,HUN,0.6984651466755424
2021,PNG,ESP,0.6975631384237173
2021,VIR,NLD,0.6906889415122078
2021,VUT,ITA,0.6872863891375686
2021,JOR,CYP,0.6779127603809936
2021,LBR,LTU,0.6735615258991424
2021,PRI,BGR,0.672456009283168
2021,JOR,EST,0.6698249494356644
2021,ZAF,POL,0.6655151364485622
2021,SLB,DEU,0.665318249976238
2021,IRN,SVK,0.6638427869525305
2021,GTM,SVN,0.6633498817049331
2021,SVK,HRV,0.6523977145627194
2021,GUY,EST,0.6517982364489263
2021,SLV,FRA,0.6510736726712558
2021,JOR,PRT,0.6493051389000407
2021,JEY,SVN,0.6467100263153073
2021,CRI,BGR,0.6410693373433872
2021,IRN,FIN,0.6401493959178134
2021,LTU,BGR,0.6374154945929742
2021,CYP,LTU,0.6366541428764678
2021,MCO,ITA,0.6364455607076893
2021,PYF,POL,0.6348825966141604
2021,BRN,BEL,0.6337029803507216
2021,LVA,AUT,0.6319291001276073
2021,SRB,BEL,0.6302078151304767
2021,ZAF,LVA,0.6291311066776335
2021,GIN,SVK,0.6285402056732323
2021,UZB,POL,0.6276612270084063
2021,CPV,CYP,0.6262622009545504
2021,SVK,LVA,0.6234217590730866
2021,DOM,BGR,0.6201668288399353
2021,LBR,GRC,0.618782954827484
2021,GBR,SVN,0.6136194351274347
2021,URY,POL,0.6130578154292639
2021,VCT,ESP,0.6106726085173397
2021,WSM,CYP,0.6100862744932014
2021,MCO,SWE,0.6015751534167237
2021,ESP,CZE,0.6012027240960227
2021,GIB,GRC,0.6005689710258311
2021,VUT,NLD,0.6001589573338127
2021,KWT,DNK,0.5995607278624779
2021,UGA,DNK,0.5902380338548506
2021,UGA,BGR,0.5865188381566513
2021,LTU,HUN,0.5853790928114092
2021,KWT,SWE,0.5851922066150637
2021,IMN,HUN,0.5838537597996043
2021,MMR,BGR,0.5818533491969654
2021,ROU,CZE,0.579261962158033
2021,CPV,EST,0.5780005037132632
2021,PRT,BGR,0.5771864428136265
2021,KHM,SVK,0.5684004665737765
2021,ROU,ITA,0.5679253935514168
2021,WSM,EST,0.5656594563678089
2021,CRI,FIN,0.5639994124647494
2021,ISL,ROU,0.5597989398749346
2021,TTO,POL,0.5574995477390452
2021,URY,ROU,0.5571007066618187
2021,GIN,HRV,0.5566171950815897
2021,VCT,NLD,0.5528392184311588
2021,CYP,SVN,0.5524383975736834
2021,LIE,LTU,0.5511383908269955
2021,CPV,SWE,0.5499306419082526
2021,BOL,AUT,0.5495669694545008
2021,KHM,HUN,0.5486976893061631
2021,CRI,LTU,0.5483688189169791
2021,KHM,LVA,0.5430938208773314
2021,SLV,DEU,0.5409056322891558
2021,HUN,DNK,0.5400360396025123
2021,DOM,LTU,0.5394005074422983
2021,MMR,LTU,0.5393461728159664
2021,PRT,LVA,0.5384765765390329
2021,MMR,FIN,0.5381466206965789
2021,FSM,NLD,0.5372571505865784
2021,GNQ,CYP,0.5351117169206407
2021,IMN,SVN,0.5338459816895145
2021,GUY,HRV,0.5311377092680435
2021,CYP,POL,0.5295308713358547
2021,SLB,FRA,0.5289248779733043
2021,GUY,PRT,0.5287604810441887
2021,LVA,FIN,0.5280951172044346
2021,BRN,ESP,0.5224578895510681
2021,GUY,ITA,0.5217280563694207
2021,PRY,GRC,0.5203801376724279
2021,GIN,HUN,0.5198312238780927
2021,MDG,FRA,0.5176534482709171
2021,PRI,FIN,0.5160998300420577
2021,SSD,HUN,0.5152777182206926
2021,URY,BGR,0.5150019767363277
2021,MCO,SVK,0.5144464112641018
2021,JOR,ITA,0.5138323018510066
2021,SYC,NLD,0.511883956944728
2021,LAO,SWE,0.5093736112734634
2021,DOM,GRC,0.5085326466887973
2021,SRB,ROU,0.5071780433663341
2021,GUY,SWE,0.5030944149168899
2021,ZAF,GRC,0.5006381105434445
2021,BGR,DNK,0.5001740069180357
2021,PYF,CYP,0.49754336267340366
2021,IMN,HRV,0.49281427220848756
2021,LVA,DNK,0.49091179372032984
2021,UZB,CYP,0.49019246788077003
2021,MMR,GRC,0.48770244571503474
2021,CPV,HRV,0.48616396107983134
2021,GIN,ITA,0.4852911251696236
2021,SSD,CZE,0.4830300542838603
2021,GRC,LVA,0.48247020634173576
2021,SLV,NLD,0.48235534086711024
2021,GNQ,EST,0.4790923642065956
2021,GNQ,PRT,0.4779036380878043
2021,LAO,ROU,0.47683667109913186
2021,PRI,HUN,0.4752396756564055
2021,IRN,DNK,0.4747089748618698
2021,UGA,FIN,0.4737131770791285
2021,LKA,ROU,0.4666851898596925
2021,HUN,FIN,0.46583337474086933
2021,SVK,SVN,0.46476669648774405
2021,URY,GRC,0.46027208768981565
2021,PYF,EST,0.45740857082036895
2021,UZB,EST,0.4566122501208813
2021,HUN,LTU,0.4520675472736367
2021,VIR,AUT,0.4517982961759389
2021,JOR,HUN,0.4516767594156552
2021,VUT,ROU,0.44997022976719253
2021,GEO,SWE,0.4497023524132075
2021,MHL,ROU,0.44961868258687215
2021,GIN,DNK,0.44535609627118
2021,UGA,GRC,0.4384216082296198
2021,MCO,DNK,0.43722735011482367
2021,TTO,HUN,0.4353295032382538
2021,IRN,LTU,0.43375806114481175
2021,SLB,BEL,0.4303413786596226
2021,KHM,DNK,0.43019940872533063
2021,BGR,LTU,0.43001870000486153
2021,BGR,LVA,0.42976421271648363
2021,KWT,HRV,0.4285485125838005
2021,FSM,ROU,0.42827210803098537
2021,KWT,LTU,0.42665141288856867
2021,PRK,DEU,0.4231070794389395
2021,IMN,LTU,0.4224851688071909
2021,EST,SVN,0.4205894448340576
2021,URY,SVK,0.42007651127657475
2021,ISL,CZE,0.4177680478744076
2021,IRL,MLT,0.41755419741036015
2021,ZAF,DNK,0.4135224125773782
2021,LCA,FRA,0.4124230825787609
2021,GNQ,ITA,0.41177205054989424
2021,GNQ,HRV,0.40760223322867306
2021,DJI,FRA,0.40677122619188893
2021,LTU,MLT,0.4066940524597683
2021,LKA,CZE,0.4017825599034088
2021,GNQ,SWE,0.40136890727016217
2021,IRN,BGR,0.40124405888220416
2021,GIN,LVA,0.4002591123822058
2021,BHS,FIN,0.3983094228677546
2021,VUT,CZE,0.39376256502775775
2021,PRT,HRV,0.3916750484492673
2021,UGA,LTU,0.3887501145082544
2021,JOR,FIN,0.3874864832845861
2021,SSD,ITA,0.38694040835670124
2021,LVA,BGR,0.3858138853325238
2021,LAO,POL,0.3848494303074548
2021,VUT,SWE,0.381713560730226
2021,DJI,ESP,0.3808803559344913
2021,KWT,ITA,0.3795442777882651
2021,MNG,NLD,0.3792939513922837
2021,IMN,SVK,0.37805768502814446
2021,GIN,PRT,0.3763891990286285
2021,BGR,SVN,0.37584706666488915
2021,CPV,ITA,0.37242502258671767
2021,TTO,SVK,0.37211913765628657
2021,BGR,HRV,0.36964777629445783
2021,MHL,PRT,0.3677105230038418
2021,MHL,AUT,0.36426539356269644
2021,IMN,BGR,0.3627837938858543
2021,GRC,BGR,0.36190652641918986
2021,PRI,GRC,0.3612224045735152
2021,LCA,ESP,0.3604904973591115
2021,GUY,AUT,0.3604465438756878
2021,CRI,GRC,0.35931004991324395
2021,FSM,SWE,0.3578013396748757
2021,TTO,AUT,0.3568320882721783
2021,KWT,LVA,0.35389144074015605
2021,CUW,SVN,0.3520998174527722
2021,FSM,CZE,0.3518700921763611
2021,GRC,HRV,0.3509373474679437
2021,JOR,SVK,0.350768991156399
2021,LTU,GRC,0.35064729742906053
2021,HUN,EST,0.34839801546343063
2021,LTU,SWE,0.34766593890666025
2021,SRB,AUT,0.3476277265156195
2021,IMN,LVA,0.3470093210584137
2021,WSM,HRV,0.3451514216368084
2021,CPV,AUT,0.34495222449975466
2021,VUT,POL,0.3442872086801575
2021,GUY,LVA,0.3430812588878863
2021,MDA,ESP,0.3430418225980701
2021,KWT,SVK,0.3418305096194976
2021,HUN,CYP,0.34137791480125496
2021,GUY,POL,0.34100016938134625
2021,FSM,POL,0.33961715182797175
2021,HUN,SVK,0.33734788066353116
2021,BRB,SVN,0.335719753006373
2021,MUS,SVN,0.3293899475548023
2021,URY,DNK,0.32749126373816
2021,IRN,GRC,0.3266884853834199
2021,CPV,LVA,0.3257658755210681
2021,URY,HUN,0.3225687384239121
2021,BHS,CYP,0.3221635061408884
2021,TLS,SVN,0.32110318649507275
2021,LTU,FIN,0.31873859352261513
2021,GIN,POL,0.3174324104922237
2021,CPV,SVK,0.3173232722514476
2021,BHS,POL,0.3171119474499746
2021,MDG,NLD,0.3120558505783381
2021,VCT,PRT,0.3112207604343449
2021,DJI,BEL,0.3111785895943116
2021,MCO,HUN,0.3109225003931309
2021,BHS,EST,0.3099479640585747
2021,GNQ,POL,0.30911927843695686
2021,CHE,MLT,0.307718913326037
2021,JOR,HRV,0.30754424101602845
2021,PRK,FRA,0.30608924965937023
2021,LCA,BEL,0.30580006140290167
2021,WSM,AUT,0.3048996114270135
2021,BHR,SVN,0.304116278931583
2021,LKA,AUT,0.3031582983183391
2021,TTO,DNK,0.30242029265931436
2021,PNG,DEU,0.3013504490323379
2021,ZAF,SVK,0.29995866847470665
2021,MCO,PRT,0.29978164607433067
2021,PRK,IRL,0.29784533745031083
2021,DJI,IRL,0.29385029737413354
2021,KWT,HUN,0.292445076302437
2021,UZB,AUT,0.2917120979971884
2021,SYC,CZE,0.29042989751881937
2021,LAO,CYP,0.2891919470001635
2021,PYF,HRV,0.28759931772071895
2021,BEL,CZE,0.28526351874134237
2021,URY,HRV,0.284861747125237
2021,UZB,HRV,0.2815354222222388
2021,LAO,EST,0.2809073718260229
2021,LTU,SVN,0.2792102463770993
2021,SSD,PRT,0.27886877614997074
2021,CYP,SVK,0.27871474343898794
2021,VUT,CYP,0.2767835670941794
2021,TTO,BGR,0.2732357293705341
2021,SSD,CYP,0.2725646458136524
2021,BEN,ESP,0.2720980030106385
2021,TTO,PRT,0.27049305990291517
2021,FSM,CYP,0.2703984049130125
2021,SSD,SWE,0.2688890497975286
2021,ROU,SVK,0.26807651886324435
2021,KHM,BGR,0.26799405898590023
2021,CYP,EST,0.2673286082200378
2021,MDG,AUT,0.26478120104352265
2021,SYC,ROU,0.2646055034231777
2021,LVA,GRC,0.26083635657748017
2021,VCT,BEL,0.2605544255394845
2021,MHL,CYP,0.26019566144844863
2021,GEO,FRA,0.25987734526678136
2021,MHL,POL,0.25934815123650223
2021,PYF,AUT,0.2582016528626776
2021,BHS,ROU,0.2574756681484555
2021,MHL,EST,0.25737702789274663
2021,TTO,FIN,0.2566259484262162
2021,ROU,GRC,0.25566888877907246
2021,VUT,EST,0.25533006415503307
2021,GNQ,LVA,0.25476345130644873
2021,MDG,BEL,0.2540073905948975
2021,SSD,EST,0.2513167677789584
2021,CAN,HUN,0.2506778521447364
2021,UZB,PRT,0.2502789130249371
2021,BGR,SVK,0.2494685843477714
2021,FSM,EST,0.2480081847922117
2021,JOR,DNK,0.24655377340338533
2021,BGR,MLT,0.24574700986604894
2021,PRK,BEL,0.24419269178244654
2021,SMR,DEU,0.24257343712404766
2021,TTO,LTU,0.2423429581842038
2021,PYF,PRT,0.24183900714836062
2021,PRY,SVN,0.2403900598951199
2021,JOR,LVA,0.23916443177380295
2021,WSM,LVA,0.23812833860179747
2021,WSM,PRT,0.2378991315991317
2021,KHM,LTU,0.23703726519625884
2021,GEO,ROU,0.23658665294638934
2021,CYP,BGR,0.234147567829091
2021,MCO,BGR,0.2338006295985823
2021,WSM,HUN,0.23285209292881978
2021,GEO,POL,0.23283325163707932
2021,LCA,ROU,0.23187922108692652
2021,PNG,FRA,0.23106894734371722
2021,ZAF,BGR,0.22959046252953608
2021,KAZ,MLT,0.22755770798684208
2021,MCO,HRV,0.22672593644798777
2021,LAO,AUT,0.22630580483580032
2021,URY,LTU,0.22606669138068555
2021,GIN,BGR,0.2244763423001087
2021,SLB,ESP,0.22427642132629555
2021,VCT,CZE,0.22412432902608623
2021,SSD,HRV,0.22168199646713868
2021,FIN,SVN,0.22116195344586723
2021,BHS,DNK,0.22082911219735973
2021,GEO,AUT,0.2189184863023789
2021,GNQ,AUT,0.21853762673993102
2021,SWE,SVK,0.21843845240426427
2021,ISL,ITA,0.21715531952037992
2021,MCO,LTU,0.21657256141635006
2021,BIH,SVN,0.2158527826196549
2021,BOL,FIN,0.21556286277191483
2021,MDA,DEU,0.21462036158533132
2021,ROU,AUT,0.21394413955854064
2021,DJI,DEU,0.21333548262477567
2021,KHM,GRC,0.21038881318785604
2021,SRB,GRC,0.21002037198661466
2021,MDG,CZE,0.20884013777181254
2021,KHM,FIN,0.2088128815365911
2021,ZAF,LTU,0.20871217516125273
2021,BEN,ROU,0.2082424116325517
2021,CYP,LVA,0.20618759031955536
2021,EST,BEL,0.20533633074047813
2021,KWT,BGR,0.2031067714960324
2021,SSD,AUT,0.202808476209632
2021,LBR,SVN,0.20274131351436162
2021,ESP,LVA,0.19712524029357242
2021,PYF,LVA,0.1968050903099683
2021,LCA,NLD,0.1961600825161985
2021,UZB,LVA,0.19607525690538288
2021,UZB,HUN,0.1952545821046477
2021,MDG,PRT,0.19493099860937663
2021,LKA,DNK,0.1938742837039904
2021,BHS,ITA,0.19303654645745938
2021,BHS,GRC,0.1929451108951896
2021,LAO,ITA,0.19229730362708333
2021,DOM,SVN,0.19202002136644356
2021,JOR,LTU,0.18944070429062815
2021,PRT,SVN,0.186657209623441
2021,GNQ,HUN,0.1851775518457518
2021,LAO,PRT,0.18371144171406956
2021,SSD,POL,0.1826969746830653
2021,CPV,DNK,0.18213403334688757
2021,MDG,ITA,0.1816166180028795
2021,SRB,FIN,0.1810466538868161
2021,PRT,FIN,0.18051459089800384
2021,SGP,MLT,0.1800698818294927
2021,KWT,PRT,0.1800344346983309
2021,PYF,HUN,0.17974990231028812
2021,MCO,GRC,0.17880057156501705
2021,GUM,ESP,0.17853083096741126
2021,WSM,SVK,0.1779519183107913
2021,MCO,LVA,0.17743133315754223
2021,WSM,FIN,0.17700202411909138
2021,GUY,DNK,0.1762235457716986
2021,ZAF,HUN,0.17604065763308077
2021,GUY,FIN,0.17458240815383877
2021,PRI,SVN,0.1741008106725973
2021,GIN,GRC,0.17164062462984692
2021,LCA,CYP,0.17109588748303164
2021,SYC,CYP,0.1696669275505958
2021,MUS,NLD,0.1690749080994119
2021,VCT,AUT,0.16787648052335633
2021,MHL,DNK,0.16768141310910048
2021,CYP,HRV,0.1672444243869618
2021,GUY,SVK,0.1659796798625287
2021,JOR,GRC,0.16348657644626324
2021,LCA,CZE,0.16318786024896023
2021,GRC,SVN,0.16310852772232529
2021,CRI,SVN,0.16292321126911322
2021,GIN,LTU,0.16245975729210568
2021,MDG,CYP,0.16154273589857224
2021,ISL,AUT,0.1613291808711981
2021,MDG,DNK,0.16115399102661215
2021,WSM,DNK,0.16098570935451856
2021,GIN,FIN,0.16091661259439644
2021,WSM,LTU,0.15922524141639544
2021,VUT,HRV,0.15898112260085887
2021,SVK,MLT,0.15868137809178334
2021,GUY,HUN,0.15781018176237538
2021,TTO,GRC,0.15716660027153753
2021,SYC,EST,0.1562098476344335
2021,UZB,SVK,0.15596531021437382
2021,ROU,BGR,0.1557354556248878
2021,SRB,LTU,0.15539752464494136
2021,MDG,HRV,0.15511692197417878
2021,GRL,DEU,0.15471951821570323
2021,PYF,FIN,0.15451674607715918
2021,FSM,HRV,0.1540147706898394
2021,UZB,FIN,0.15346613230372125
2021,LIE,LVA,0.1533089372501927
2021,VUT,AUT,0.15327172866377095
2021,GGY,SVN,0.15317861377519507
2021,LIE,ITA,0.15285391437073959
2021,LCA,EST,0.15278208635931131
2021,SYC,PRT,0.15262906622286118
2021,VIR,FIN,0.15184708713857503
2021,LAO,HUN,0.1491191722342852
2021,PRT,HUN,0.1478799379050012
2021,VUT,PRT,0.1476278534397696
2021,GNQ,SVK,0.1468027131977861
2021,CPV,GRC,0.14624167000333926
2021,MDG,EST,0.1446727589338106
2021,PNG,NLD,0.14347796667373833
2021,LAO,HRV,0.14179993109541378
2021,JOR,BGR,0.14175649406997257
2021,UZB,DNK,0.14044000457482192
2021,GUY,LTU,0.1396519197972481
2021,SSD,LVA,0.13954352491338298
2021,SYC,SWE,0.13943399712457474
2021,PRK,ESP,0.1391761829171096
2021,UGA,SVN,0.13881426480116782
2021,MDG,LTU,0.13814915355209975
2021,CYP,SWE,0.13806982730622344
2021,CPV,FIN,0.1368000683115493
2021,BGR,HUN,0.13584793297273864
2021,MDG,SWE,0.13553937616624545
2021,MDG,HUN,0.13517870661467984
2021,ZAF,SVN,0.13423580940318292
2021,FSM,PRT,0.13402575601286695
2021,LIE,SVK,0.13314981800703315
2021,CPV,HUN,0.13282548547687836
2021,SYC,HRV,0.13253816166744278
2021,GEO,LTU,0.13230256880549138
2021,PYF,SVK,0.1322888077232105
2021,GUY,BGR,0.13221017035869945
2021,SYC,ITA,0.13217315408893307
2021,CPV,BGR,0.13207330459297723
2021,LIE,BGR,0.1320479677823862
2021,PRT,GRC,0.13145825416298443
2021,FSM,AUT,0.13101403170283435
2021,LAO,SVK,0.13062846499032213
2021,UZB,LTU,0.12970045581963036
2021,MMR,SVN,0.12944913793732724
2021,PYF,LTU,0.12943802217524583
2021,LIE,CZE,0.1289333502394923
2021,GIB,SVN,0.12617670672963344
2021,PYF,DNK,0.12580823912878197
2021,MNG,CZE,0.12552578654091234
2021,GEO,DNK,0.12532608526312902
2021,LCA,ITA,0.12366563366491018
2021,CYP,HUN,0.12133999731374315
2021,SSD,SVK,0.12133627310094518
2021,LCA,HRV,0.12114653240388332
2021,LKA,LTU,0.12070349827934272
2021,ISL,SVK,0.1197203132414665
2021,ISL,POL,0.11923723228588615
2021,MHL,LTU,0.11898119845518618
2021,SWE,LVA,0.11893795825656564
2021,WSM,BGR,0.11868216311017594
2021,GNQ,BGR,0.11674500436478814
2021,BOL,CZE,0.1158394103722577
2021,CPV,LTU,0.1157967838735289
2021,LCA,SWE,0.11536625440990872
2021,MDA,NLD,0.1149174505048952
2021,GNQ,FIN,0.11284830658093668
2021,MDG,LVA,0.1111246012100012
2021,SSD,FIN,0.11010898925094145
2021,SWE,SVN,0.10986289809601608
2021,LIE,HRV,0.10983417227662942
2021,LCA,PRT,0.10980853387628615
2021,HUN,SVN,0.10963570326798393
2021,VUT,LVA,0.10834798420565814
2021,SVK,SWE,0.10821752504030924
2021,SYR,DEU,0.10771764871589133
2021,LKA,SVK,0.10594863871919452
2021,BHS,SWE,0.10563364401698051
2021,ROU,HUN,0.10536742851797329
2021,ISL,PRT,0.10523932865514492
2021,LAO,LVA,0.10517953716220793
2021,WSM,GRC,0.1042999895719125
2021,VCT,ROU,0.10392913186095692
2021,HUN,LVA,0.10365569096049944
2021,KWT,GRC,0.10359022222068481
2021,FSM,LVA,0.1032632888273806
2021,ISL,EST,0.10212564485112005
2021,SLV,CZE,0.10190903391180238
2021,VUT,HUN,0.10134240550373794
2021,BRN,NLD,0.10036443868724788
2021,GUY,GRC,0.10001591263782697
2021,LAO,FIN,0.09917190382393594
2021,BOL,GRC,0.09787495221423086
2021,GNQ,DNK,0.09786131867626201
2021,ALB,IRL,0.09785487575652671
2021,UZB,BGR,0.09759568495356527
2021,SYC,AUT,0.09703368506917505
2021,MNG,ROU,0.09696167134992417
2021,MHL,SWE,0.09619675450428446
2021,ISL,HUN,0.09600516746616605
2021,SLV,ESP,0.09515218133083672
2021,PYF,BGR,0.09477454178349187
2021,LKA,EST,0.0947034825795913
2021,URY,EST,0.09413481363765704
2021,FSM,HUN,0.09400645919020056
2021,SRB,HUN,0.09384454376368107
2021,GNQ,LTU,0.09316886206168216
2021,EST,POL,0.09275215117709132
2021,VIR,ROU,0.09246123405534123
2021,LAO,DNK,0.09238664045296126
2021,GEO,FIN,0.09130080555056476
2021,PRT,BEL,0.09119684280589933
2021,PNG,CYP,0.09082438777328221
2021,DJI,NLD,0.09032268234870819
2021,BRN,ROU,0.09028266884099509
2021,EST,PRT,0.09024785784677075
2021,BEN,DEU,0.08982589487470732
2021,IRN,SVN,0.08966274102949547
2021,LCA,POL,0.08891911973902769
2021,VIR,DNK,0.08746830683797366
2021,SYC,POL,0.08685693288910587
2021,SSD,DNK,0.08644695587877461
2021,MCO,FIN,0.08640907509481414
2021,ALB,ESP,0.08638499123198995
2021,ISL,CYP,0.08585465280967315
2021,GNQ,GRC,0.085617186966884
2021,LIE,PRT,0.08553319397846343
2021,VUT,FIN,0.08551209802178704
2021,SSD,GRC,0.08546782688424552
2021,SSD,BGR,0.08530430324371875
2021,UZB,GRC,0.08522327767595582
2021,LIE,SWE,0.08513980069030722
2021,PNG,EST,0.08506597306707799
2021,SYC,LVA,0.08475795723598246
2021,MDG,POL,0.08455942978724504
2021,ISL,DNK,0.08388216621631005
2021,LIE,POL,0.08287240601764996
2021,PYF,GRC,0.08218305662547604
2021,ROU,HRV,0.08205031891596093
2021,VIR,CZE,0.08159975616713284
2021,URY,SVN,0.08091407312843718
2021,GEO,BEL,0.0807612790965303
2021,FSM,FIN,0.08067826604646931
2021,LKA,CYP,0.08052241142061581
2021,LIE,EST,0.08020839463306459
2021,ISL,SWE,0.08018702988101688
2021,BEL,SVK,0.07978320006434526
2021,GRC,BEL,0.07950915000665036
2021,MHL,SVK,0.0791831158479925
2021,VUT,SVK,0.07909927820920196
2021,FRO,ESP,0.07859726758085703
2021,LCA,LVA,0.07787115594578753
2021,GEO,ITA,0.07715776856877697
2021,LCA,AUT,0.07648277266602288
2021,URY,CYP,0.07638164676562907
2021,VCT,ITA,0.07613501926139807
2021,HKG,MLT,0.07555960566213207
2021,HUN,BGR,0.07550302446580218
2021,GBR,BEL,0.07464069430187406
2021,BEL,SVN,0.07462668440566966
2021,MHL,ITA,0.07453048398023376
2021,PNG,PRT,0.07418643760645002
2021,VUT,DNK,0.07349008968412671
2021,HUN,HRV,0.07321457116013726
2021,LKA,SWE,0.07160362632034617
2021,FSM,SVK,0.07124020674545284
2021,VUT,LTU,0.07041996462340594
2021,VCT,CYP,0.07011693751597997
2021,SYC,SVK,0.06977089617666829
2021,VIR,GRC,0.06894520793817606
2021,PNG,POL,0.06894291481101841
2021,TTO,SVN,0.06766624047922712
2021,LKA,POL,0.06690113223688411
2021,SLB,NLD,0.06689588454025937
2021,LAO,LTU,0.06610936325986097
2021,MDG,BGR,0.06571285615035911
2021,BRN,AUT,0.06569658069478852
2021,VCT,EST,0.06516267968255297
2021,FSM,LTU,0.06439129645769531
2021,FSM,DNK,0.06387308321861022
2021,BHS,LTU,0.06369075150739575
2021,MNG,PRT,0.06344499817201484
2021,BEN,FRA,0.062448549499124845
2021,VCT,DNK,0.060749386539560093
2021,SYC,HUN,0.05921012019687386
2021,KHM,SVN,0.059070009384965316
2021,KWT,FIN,0.05903263112282513
2021,LIE,CYP,0.058782840485734206
2021,LAO,BGR,0.05855957094211823
2021,GUM,ROU,0.0581928187652118
2021,SLV,CYP,0.05809914259776516
2021,MHL,HRV,0.05754839295719684
2021,FRO,FRA,0.05714519524748387
2021,MHL,LVA,0.057112052185425075
2021,BOL,DNK,0.0569626345687677
2021,URY,LVA,0.05665777946593388
2021,SSD,LTU,0.05641657790223162
2021,LTU,DNK,0.056103066171976454
2021,ALB,FRA,0.055656695922925305
2021,MNG,AUT,0.055644963738198154
2021,LAO,GRC,0.054303129302688054
2021,GIN,SVN,0.053737288623915365
2021,VUT,BGR,0.05359062424685934
2021,ALB,PRT,0.05357698882198357
2021,VCT,FIN,0.05342308925923391
2021,SLV,EST,0.05272519718304629
2021,MDG,SVK,0.05262682666644679
2021,LIE,SVN,0.05196832703324658
2021,FSM,BGR,0.05076266160348975
2021,MDG,FIN,0.050642011060973074
2021,KWT,SVN,0.05032347255619676
2021,GEO,HUN,0.04842047994055939
2021,GEO,CZE,0.04834670717735142
2021,BHS,HRV,0.04782937962442902
2021,MHL,BGR,0.047554700717042375
2021,HUN,MLT,0.04748692754496613
2021,VUT,GRC,0.046953122142090395
2021,BEL,HRV,0.046661532669615806
2021,MHL,GRC,0.04637016879342315
2021,LIE,HUN,0.04631752494360636
2021,BRN,DNK,0.04611688013808687
2021,MHL,FIN,0.04607092936132967
2021,LKA,HUN,0.045886776155303816
2021,SYC,DNK,0.04587836090808246
2021,LKA,BGR,0.0449730610359058
2021,FSM,GRC,0.044951274601311354
2021,GUM,AUT,0.04468367389430838
2021,FRO,BEL,0.04333238385046417
2021,PAN,MLT,0.04315047179016441
2021,SYC,BGR,0.04305638428585836
2021,LKA,PRT,0.04289315391318618
2021,LKA,LVA,0.041645421879122055
2021,BEN,HUN,0.04134257804533093
2021,SLV,POL,0.04080955584460727
2021,BHS,LVA,0.04063318306130872
2021,VIR,LTU,0.04021847505365689
2021,URY,SWE,0.03947156041655631
2021,MDG,GRC,0.039425105652767245
2021,PRK,NLD,0.03934755066700187
2021,BHS,SVN,0.03913243785105076
2021,LCA,DNK,0.03870956898628913
2021,JOR,SVN,0.03870955468603646
2021,LCA,FIN,0.0383889174402357
2021,LCA,SVK,0.03786037623218249
2021,GUY,SVN,0.03758253273559457
2021,ALB,BEL,0.03702686439070071
2021,BEN,NLD,0.03678993649911209
2021,LCA,HUN,0.036563809933064184
2021,CPV,SVN,0.03564845018792657
2021,MHL,HUN,0.035348912567406174
2021,BRN,LTU,0.03530963472277462
2021,VCT,POL,0.0351588182256027
2021,VCT,LTU,0.035150884611601096
2021,ALB,NLD,0.03495985050670951
2021,SYC,FIN,0.033825598107844954
2021,TLS,MLT,0.03379786525643248
2021,GEO,LVA,0.03366829105245855
2021,SRB,DNK,0.03352164236550873
2021,DJI,ROU,0.033200854190760895
2021,GUM,DNK,0.032710531915799534
2021,SYC,LTU,0.03193936109923292
2021,LCA,LTU,0.031802325112490114
2021,ISL,GRC,0.03137253999885259
2021,SYC,GRC,0.031271140448066344
2021,SRB,SVK,0.030979611036642075
2021,ISL,BGR,0.030766153615847423
2021,LCA,BGR,0.030711198623229363
2021,DJI,CZE,0.030615374425559838
2021,LKA,HRV,0.030347141458344124
2021,SRB,SVN,0.029752259542882638
2021,VCT,SWE,0.029473270657021124
2021,VCT,HRV,0.029368134474871715
2021,SLV,ITA,0.028901458784044223
2021,ROU,EST,0.02886428267504655
2021,GNQ,SVN,0.02883806418129685
2021,HUN,SWE,0.0287652900476405
2021,MNG,EST,0.028137946144872892
2021,GUM,LTU,0.027788238096611715
2021,GEO,BGR,0.02764274806617354
2021,LIE,GRC,0.02758152080353669
2021,WSM,SVN,0.027398658511461126
2021,BHS,BGR,0.02679645227539766
2021,MNG,SVK,0.026422932802399303
2021,SWE,MLT,0.026389695902551163
2021,FRO,IRL,0.02625426850490901
2021,DJI,PRT,0.026144616596661396
2021,ROU,BEL,0.025982894901023613
2021,ALB,AUT,0.02578458780206519
2021,VCT,GRC,0.02557065025869204
2021,MNG,CYP,0.024666582024789288
2021,GBR,LVA,0.02444437085122444
2021,GEO,HRV,0.02422130438826763
2021,MCO,SVN,0.02408121635607669
2021,PNG,BEL,0.023898259130680603
2021,GEO,PRT,0.023860327523619353
2021,PRK,CZE,0.023843449786037894
2021,UZB,SVN,0.023666417514710155
2021,SRB,BGR,0.023412791228337428
2021,BEN,ITA,0.023153721425009856
2021,BIH,MLT,0.0231536412689092
2021,PYF,SVN,0.023054076081975607
2021,BEN,IRL,0.023003879281359732
2021,MNG,SWE,0.02292222356648841
2021,MNG,POL,0.02285412534647554
2021,GRL,IRL,0.02266129440179062
2021,VCT,LVA,0.02260059470902101
2021,LCA,GRC,0.022524867157534267
2021,ISL,LTU,0.02208618820941875
2021,LKA,GRC,0.02152889563648815
2021,ROU,CYP,0.021306666614021023
2021,MDA,ROU,0.02114913392570731
2021,SLB,ROU,0.02113615436505172
2021,BOL,SVN,0.02063637245943042
2021,MNG,DNK,0.020498869854849812
2021,PNG,CZE,0.020479828363392003
2021,SMR,FRA,0.020465816973884093
2021,MDG,SVN,0.020385137919336705
2021,SSD,SVN,0.02035535531008773
2021,SLV,DNK,0.02033162311407802
2021,PNG,AUT,0.020299387586030313
2021,ROU,SVN,0.02020846176268673
2021,PNG,ITA,0.020154823907968803
2021,SMR,ESP,0.019877846369143366
2021,DJI,CYP,0.01984505520009552
2021,FRO,ROU,0.019834796882674328
2021,MNG,HUN,0.019611306536631186
2021,DJI,ITA,0.01860340081068012
2021,DJI,EST,0.018493669193779295
2021,GRL,ESP,0.0184581768811635
2021,VIR,SVN,0.018005665523266677
2021,DJI,SWE,0.01733676746077453
2021,IOT,FRA,0.017158526360441673
2021,GRL,FRA,0.01657937505755443
2021,DJI,HRV,0.016198913546034362
2021,BHS,HUN,0.016078583513431215
2021,IOT,IRL,0.01599033932453022
2021,URY,FIN,0.01598171527434094
2021,ISL,LVA,0.015938909374981623
2021,GEO,GRC,0.01575163639938279
2021,PRK,ROU,0.015540454736903108
2021,MHL,SVN,0.015279114137501798
2021,SMR,IRL,0.015174576785053205
2021,GEO,SVK,0.0151266693907379
2021,SMR,BEL,0.014991107362324419
2021,BEN,PRT,0.014977845768509645
2021,FRO,AUT,0.014973075083411988
2021,SLV,ROU,0.014965232024827965
2021,SRB,MLT,0.014743089027622574
2021,LKA,ITA,0.014716801204131848
2021,DJI,AUT,0.014156414907423776
2021,SLB,AUT,0.013674230533520248
2021,BEL,MLT,0.013632440611370308
2021,IOT,BEL,0.013608235431884422
2021,LKA,SVN,0.013529697372254493
2021,LAO,SVN,0.013356970163563102
2021,VUT,SVN,0.013034335406431886
2021,IOT,ESP,0.012433206465371481
2021,GEO,SVN,0.012353016660851117
2021,GUM,FRA,0.01206679658505565
2021,SRB,HRV,0.012020441171166286
2021,FSM,SVN,0.01201418891717498
2021,ISL,HRV,0.011889438294776655
2021,MDA,AUT,0.011833828922487383
2021,BOL,ROU,0.011694135286790726
2021,CYP,MLT,0.011608640339234894
2021,VCT,BGR,0.011495965756727875
2021,GRL,PRT,0.01137274884651326
2021,VGB,MLT,0.011328518233799826
2021,IOT,DEU,0.01130190191043259
2021,GRL,NLD,0.01109007366470894
2021,PLW,DEU,0.010975286405724493
2021,VIR,LVA,0.01091905713235621
2021,ROU,SWE,0.0108960531353484
2021,FRO,DNK,0.010818264806282608
2021,PLW,IRL,0.010613121795673803
2021,GUF,DEU,0.0105724741100135
2021,DJI,POL,0.010346100535810797
2021,SYC,SVN,0.010252078966807235
2021,DJI,LVA,0.01021935479293473
2021,SLV,SWE,0.010160969620109952
2021,GUF,IRL,0.01010969082724372
2021,PLW,FRA,0.010053489733044253
2021,DJI,SVK,0.0098912583245784
2021,BRN,LVA,0.009846070977143146
2021,MNG,FIN,0.009804186858711223
2021,STP,ITA,0.009686122617378999
2021,MNG,GRC,0.00968238271189024
2021,GRC,CYP,0.00961725297031531
2021,BOL,EST,0.009541258591175194
2021,GEO,EST,0.009494253863984397
2021,MNE,POL,0.009361333686737918
2021,MNE,PRT,0.009108579166038527
2021,MDA,SVK,0.009081462453805686
2021,GEO,CYP,0.009035521153373697
2021,GBR,MLT,0.009032638939845987
2021,PNG,LTU,0.009028402408517076
2021,FRO,LTU,0.008953016560723436
2021,GRC,EST,0.008950189821561816
2021,URY,BEL,0.008876316874497405
2021,SLB,DNK,0.008729608388556735
2021,PRK,AUT,0.008682677143773946
2021,GTM,MLT,0.00861366777608217
2021,ALB,ROU,0.008478126952396582
2021,BEN,CZE,0.008451009844620397
2021,GRL,BEL,0.008403989027032778
2021,BRN,BGR,0.008350668122925597
2021,LCA,SVN,0.00828770952563757
2021,SRB,SWE,0.008283113513994165
2021,VCT,SVK,0.008230483989291871
2021,VCT,SVN,0.008229517315481858
2021,MNE,ESP,0.008131000306909527
2021,PLW,BEL,0.008026531383175595
2021,ISL,FIN,0.007778800539957274
2021,BRN,SVK,0.007770770040618182
2021,VIR,BGR,0.007696964975756132
2021,ALB,FIN,0.007685878761315086
2021,MMR,MLT,0.00761923006453096
2021,MNG,ITA,0.007559238604736484
2021,SLV,LTU,0.007517833940165439
2021,VIR,HRV,0.007463674388167362
2021,PNG,GRC,0.007458122839132501
2021,MDA,PRT,0.007256919744585743
2021,FRO,NLD,0.007147122887371004
2021,GUM,LVA,0.007089718748307458
2021,BRN,HRV,0.007042837569398194
2021,BEN,POL,0.0069381361696860214
2021,VIR,EST,0.006721066449367176
2021,MNG,BGR,0.00670834164276961
2021,GRC,POL,0.006663313378219849
2021,ALB,DNK,0.006562232572920431
2021,SSD,MLT,0.006486889147283604
2021,MDA,DNK,0.006467353910646847
2021,ISL,SVN,0.006204667000579346
2021,BMU,MLT,0.006109026306484659
2021,DJI,BGR,0.006069412360496632
2021,SMR,ROU,0.0060032802386576906
2021,JEY,MLT,0.005879971765846139
2021,MDA,SWE,0.005870550196449135
2021,DJI,DNK,0.005827201553205261
2021,PRK,POL,0.005816663306177415
2021,BEN,AUT,0.005754481154132253
2021,MNG,LTU,0.005700055073383449
2021,GRL,AUT,0.005602035842037077
2021,PNG,BGR,0.005526818698348505
2021,PRK,EST,0.00551072850380069
2021,PRK,DNK,0.005509176869049533
2021,MDA,POL,0.0054857436587753775
2021,SYR,ESP,0.005401299801402543
2021,PRK,CYP,0.005335335438573355
2021,GUM,BGR,0.005318080685114016
2021,VCT,HUN,0.0052532694573577945
2021,SLB,SVK,0.0052297392623041955
2021,GUM,HRV,0.005156892714039372
2021,DJI,HUN,0.00509426790856795
2021,BEN,FIN,0.005031299968653987
2021,BRN,SWE,0.005009230630102934
2021,PNG,FIN,0.004984143382755377
2021,PNG,SVK,0.0049787514483555
2021,BEN,GRC,0.0048296142345420874
2021,DJI,GRC,0.004784943363525225
2021,SLB,LTU,0.004784615883290585
2021,PLW,ESP,0.004784513956904787
2021,DJI,FIN,0.004550248607100199
2021,WLF,FRA,0.004440995320164077
2021,WLF,IRL,0.004320389539083794
2021,WLF,DEU,0.004317344638535899
2021,ALB,CZE,0.004167068154905562
2021,BEN,SWE,0.0038988266350244026
2021,ALB,LTU,0.003849371966041732
2021,PNG,HUN,0.0037393326509584535
2021,WSM,MLT,0.0036899781070603124
2021,JOR,MLT,0.003666973576994563
2021,PRK,LTU,0.003665354855281223
2021,ALB,POL,0.0036267050954699367
2021,MNG,LVA,0.0036156837219822615
2021,DJI,LTU,0.003545453394232908
2021,ALB,GRC,0.003541545757838357
2021,IRN,MLT,0.003519447213486629
2021,WLF,BEL,0.0035023580534971734
2021,BEN,BEL,0.0034972980991667896
2021,SLB,SWE,0.0034081127028984977
2021,SMR,AUT,0.0033413910996953956
2021,IOT,NLD,0.0033398799836500417
2021,BRN,SVN,0.0033189003879308507
2021,PRK,SWE,0.0033049654028443364
2021,BEN,BGR,0.003210106758510631
2021,MDA,HUN,0.003081309531113705
2021,PRK,SVK,0.0030332884563378415
2021,GUF,FRA,0.002977308576407667
2021,PNG,HRV,0.002911843259909027
2021,GIN,MLT,0.002884837456947484
2021,NRU,DEU,0.002877007608887903
2021,NRU,IRL,0.0028613850858440503
2021,BRN,HUN,0.0027001073383487637
2021,SMR,NLD,0.0026004660138998744
2021,MNG,HRV,0.0025979168683983507
2021,GUF,ESP,0.0025812764345458277
2021,NRU,FRA,0.0024667840969510597
2021,SMR,DNK,0.00240736867619487
2021,GUM,SVN,0.0023968186466268916
2021,BRN,PRT,0.002391826400142321
2021,STP,NLD,0.0023651575448897107
2021,PYF,MLT,0.002345434611022195
2021,FRO,LVA,0.0023346979232322443
2021,UZB,MLT,0.0022663548797455767
2021,SMR,POL,0.002250881058800359
2021,GUF,BEL,0.002248168424671279
2021,SLV,FIN,0.0022206274398146606
2021,STP,DEU,0.002167904984502975
2021,SLV,BGR,0.0021314932992257114
2021,ROU,LTU,0.002117990166426267
2021,SMR,LTU,0.0020934949803705586
2021,MNG,SVN,0.0020507720069833503
2021,WLF,ESP,0.002015809128184493
2021,BEN,SVK,0.001966230077924033
2021,URY,MLT,0.0019445328427856257
2021,SLB,BGR,0.0019360684463305905
2021,MDA,BGR,0.0019332263210587615
2021,NRU,BEL,0.00191234426023324
2021,STP,FRA,0.001900631616111997
2021,ESP,BEL,0.001897624158426728
2021,SLV,AUT,0.0018786613334548859
2021,PRK,LVA,0.0018445758838592026
2021,PRK,ITA,0.0018407598813451262
2021,FRO,BGR,0.0018252032679403913
2021,SLV,HUN,0.0018191673386417934
2021,SLB,HUN,0.0017940777508004902
2021,IOT,CZE,0.001792728570987335
2021,SLB,LVA,0.001790078124253624
2021,IOT,ROU,0.0017727201648697558
2021,GRL,FIN,0.0017609906161640525
2021,SYR,ROU,0.0017605746790982423
2021,MDA,EST,0.0017499814841566328
2021,PRK,HRV,0.00174668134557935
2021,TTO,MLT,0.0017244927858546598
2021,GUF,ROU,0.0017224554959271512
2021,FRO,HRV,0.0016944942422130412
2021,GRL,ROU,0.0016698763253522003
2021,MDA,GRC,0.0016682142330557105
2021,SLV,GRC,0.0016591036575563907
2021,SMR,CYP,0.0016044655126904363
2021,BEN,HRV,0.0015826936349760074
2021,EST,SVK,0.001549725692770425
2021,EST,IRL,0.001542595201200724
2021,PRK,BGR,0.001538856130988643
2021,PRK,PRT,0.001532331950095465
2021,SMR,CZE,0.0015192670067868262
2021,MNE,DEU,0.0015014355841095185
2021,BRN,EST,0.0015009948985777696
2021,PLW,NLD,0.001497730995425022
2021,SMR,EST,0.0014692727108381563
2021,MDG,MLT,0.0014691544404858957
2021,BRN,GRC,0.0014519902843079847
2021,GRL,DNK,0.0014265644410391633
2021,DJI,SVN,0.001381243950173703
2021,GUF,NLD,0.001353163579881482
2021,SYR,AUT,0.0013518668883321305
2021,EST,GRC,0.0013253152457834445
2021,PNG,DNK,0.0013170633127592057
2021,FSM,MLT,0.0012834452967512412
2021,GUF,CYP,0.0012758223134394582
2021,PRK,HUN,0.0012468593911710406
2021,GGY,MLT,0.0012343655394422197
2021,MDA,LVA,0.001226257768021821
2021,VUT,MLT,0.0012153729770476498
2021,SRB,LVA,0.0012148233491705092
2021,NRU,ESP,0.0012017192658552946
2021,PNG,SVN,0.0011943126451679316
2021,SLB,HRV,0.0011879210243452161
2021,GUF,CZE,0.0011812112412039589
2021,GUM,BEL,0.0011683571421711163
2021,SLB,PRT,0.001147605675008791
2021,SMR,ITA,0.0011421669243945193
2021,GUF,EST,0.001139149821210253
2021,PLW,ITA,0.0011371965531675277
2021,IOT,CYP,0.0011355237573297556
2021,ISL,MLT,0.0011092322101558733
2021,IMN,MLT,0.0011076327179275142
2021,ALB,SVN,0.001067808258457253
2021,IOT,EST,0.0010443254926717064
2021,CUW,MLT,0.0010315208599627507
2021,GEO,MLT,0.0010293676879562506
2021,BEL,LVA,0.0010224187429697692
2021,SLB,EST,0.0010175406076649322
2021,ALB,LVA,0.0010154083814928867
2021,IOT,PRT,0.001013921464146602
2021,PLW,CZE,0.0010128152010970143
2021,SYR,DNK,0.0009896295703279976
2021,BRN,IRL,0.0009824987461724694
2021,REU,ESP,0.0009754655508010006
2021,PLW,ROU,0.0009681282058472895
2021,MDA,LTU,0.000967606028146419
2021,EST,CZE,0.000941716721643386
2021,GRL,CZE,0.0009385401901678313
2021,IOT,SWE,0.000936929438938156
2021,BEN,DNK,0.0009349240587701882
2021,BOL,LVA,0.0009340500399230713
2021,SLB,GRC,0.000928166163063482
2021,GUF,ITA,0.0009153993943911205
2021,ROU,LVA,0.000909479574606714
2021,GUF,HRV,0.0008945479374534167
2021,GUF,SWE,0.0008662609788257675
2021,BRB,MLT,0.0008502578161165433
2021,SYR,LTU,0.0008407097199920226
2021,IOT,HRV,0.0008406676601486337
2021,PLW,SWE,0.000840471262392979
2021,IOT,ITA,0.0008367644156166887
2021,LIE,FIN,0.0008298995476896769
2021,GRL,GRC,0.0008035094599031117
2021,PRK,GRC,0.0008001608244232859
2021,FRO,SVN,0.0007906021873662149
2021,WLF,ITA,0.0007724043797527658
2021,BHS,SVK,0.0007629116941494661
2021,GUF,PRT,0.0007624509247974057
2021,IOT,POL,0.0007459749760609955
2021,SMR,HRV,0.0007384430473251676
2021,ALB,BGR,0.0007366883294742609
2021,GRL,LTU,0.0007307518572390924
2021,SMR,LVA,0.0007196582065614911
2021,ALB,HRV,0.0007143597293319748
2021,GIB,MLT,0.0007109580615170315
2021,GUF,POL,0.0007024770791293604
2021,LAO,MLT,0.0007008213530974832
2021,PLW,POL,0.0006942628134526935
2021,MDA,HRV,0.0006918084585289042
2021,WLF,NLD,0.000680851788928412
2021,FRO,ITA,0.0006449567872273251
2021,DMA,DEU,0.0006446253347483395
2021,IOT,AUT,0.000642941727019469
2021,BEN,MLT,0.0006238198536143907
2021,SLB,SVN,0.00059041390651615
2021,SMR,SWE,0.0005900871905907842
2021,SMR,BGR,0.0005825437496720543
2021,GUF,LVA,0.0005744733842023209
2021,NRU,ITA,0.0005743151827601976
2021,BEN,LTU,0.0005664024921147365
2021,PLW,CYP,0.0005577637253980148
2021,MNE,FRA,0.0005528313881019291
2021,BEN,SVN,0.0005510310056873954
2021,STP,PRT,0.0005452662842986608
2021,FRO,SVK,0.0005384753869704396
2021,IOT,LVA,0.000537386510981655
2021,GUF,AUT,0.000535897955798371
2021,PLW,EST,0.0005223281699804722
2021,DOM,MLT,0.0004975854208416629
2021,STP,ROU,0.0004686733970970017
2021,WLF,CZE,0.0004593356258109473
2021,WLF,ROU,0.0004426751798362118
2021,NRU,NLD,0.0004406365152087511
2021,IOT,SVK,0.0004396578594393487
2021,FRO,PRT,0.00042907244557372317
2021,IOT,HUN,0.00041226575283404113
2021,FRO,CZE,0.00040972312035293044
2021,STP,POL,0.0004041012880462066
2021,PLW,AUT,0.00039606235008209523
2021,FRO,POL,0.00039099116734986165
2021,WLF,SWE,0.00038985868542648644
2021,MDA,SVN,0.0003882464757711011
2021,PRK,SVN,0.00037052281825831253
2021,SYR,FRA,0.0003650707591806547
2021,BRN,ITA,0.0003631674452806656
2021,SMR,HUN,0.00034598942230813914
2021,WLF,POL,0.000340656007033811
2021,FRO,SWE,0.00034059499718737466
2021,ALB,EST,0.000340192906232283
2021,NRU,ROU,0.00033996738197233185
2021,FRO,EST,0.0003342194338929035
2021,PLW,PRT,0.00033340295906312574
2021,SLV,BEL,0.0003216636202102069
2021,PLW,HRV,0.00032082473300358035
2021,BRN,CZE,0.00032076216191628365
2021,SMR,PRT,0.0003163550404261543
2021,IOT,DNK,0.0003122904504222919
2021,NRU,CZE,0.0003026605235656698
2021,HTI,DEU,0.0002866904720902559
2021,GUF,SVK,0.00027794798313427057
2021,GUF,FIN,0.00027731637804198953
2021,GUF,DNK,0.00027605279158955453
2021,NRU,SWE,0.0002758715551411223
2021,GUF,HUN,0.0002750547824434836
2021,PNG,ROU,0.0002703863098551222
2021,IOT,BGR,0.000266386893394916
2021,NRU,POL,0.0002653253813210141
2021,GNQ,MLT,0.0002617881698482437
2021,WLF,CYP,0.00025145684559644416
2021,LKA,FIN,0.0002509529125573049
2021,FRO,CYP,0.0002490175245375203
2021,PRY,MLT,0.0002480297794042721
2021,IOT,FIN,0.000239053038239276
2021,WLF,EST,0.00023533965043937404
2021,PLW,HUN,0.00023303565232257162
2021,GUF,LTU,0.00023217326368550712
2021,SMR,SVK,0.00022865092291335381
2021,GRL,SVN,0.0002285640291574582
2021,PLW,LVA,0.00022782512837482354
2021,GUF,BGR,0.0002277404586403849
2021,MTQ,DEU,0.0002225028251708225
2021,LIE,MLT,0.00021939864944632025
2021,SYR,LVA,0.00021449346457264303
2021,NRU,CYP,0.00021356774005607681
2021,IOT,LTU,0.00021318044626396175
2021,BEN,EST,0.00020541372008490107
2021,IOT,GRC,0.00019812538303208777
2021,NRU,EST,0.00019636234332265202
2021,REU,FRA,0.00019000142034986556
2021,REU,DEU,0.0001899317391146821
2021,FRO,HUN,0.00018914829918546306
2021,PLW,DNK,0.00018862044698009995
2021,GRL,EST,0.00018856867404812847
2021,GRL,LVA,0.00018799283843235666
2021,BEN,LVA,0.00018759147191853713
2021,PLW,SVK,0.00018750456482830006
2021,GRL,ITA,0.00018734449710288922
2021,PLW,FIN,0.00018145349166914137
2021,REU,NLD,0.00017865201490549555
2021,SMR,SVN,0.00017722122300330162
2021,BEN,CYP,0.00016830071210112996
2021,SMR,GRC,0.00016668328313297566
2021,PLW,LTU,0.00016557511205062504
2021,GUF,GRC,0.00016423262738468684
2021,SYR,BGR,0.00016089404834278943
2021,MNE,SVK,0.00015641145945214708
2021,SYR,HRV,0.0001560174421485748
2021,MNE,IRL,0.0001556917897723895
2021,WLF,AUT,0.00015013593620927078
2021,GRL,BGR,0.00014924064653765116
2021,SMR,FIN,0.0001455778154023018
2021,WLF,HRV,0.00014289504074632483
2021,MNE,GRC,0.0001337620540165349
2021,EST,SWE,0.00013214343887129392
2021,LVA,SVN,0.0001314471672371238
2021,GRL,HRV,0.00013123691724768751
2021,GRL,CYP,0.00012823993385447757
2021,LBR,MLT,0.00012355349049318149
2021,NRU,PRT,0.00012088877400300772
2021,STP,GRC,0.00012058600020537428
2021,NRU,HRV,0.00011957277291559001
2021,MNG,MLT,0.00011841378215507098
2021,FRO,GRC,0.0001164550094963644
2021,PLW,BGR,0.00011509227740229832
2021,NRU,AUT,0.00011468096482066068
2021,DMA,IRL,0.00011020249797564181
2021,BRN,POL,0.0001083879327087023
2021,HTI,IRL,0.00010514542971327977
2021,WLF,PRT,0.00010438869662252615
2021,WLF,HUN,0.0001043094137225398
2021,WLF,LVA,0.00010123640392068073
2021,PLW,GRC,9.900939608355872e-05
2021,MNE,CZE,9.504603783100182e-05
2021,MDA,IRL,9.123542403762901e-05
2021,GRL,POL,8.770786032837754e-05
2021,DMA,ESP,8.318331338283716e-05
2021,WLF,SVK,8.191037588911077e-05
2021,NRU,LVA,8.075461341745787e-05
2021,REU,IRL,8.063419770113193e-05
2021,WLF,DNK,7.834210309098337e-05
2021,GUY,MLT,7.71787051840262e-05
2021,WLF,FIN,7.524237981204345e-05
2021,NRU,HUN,7.360498180327186e-05
2021,SYR,SVN,7.251372779633157e-05
2021,WLF,LTU,7.250724846944016e-05
2021,GRL,SWE,6.627024306616503e-05
2021,NRU,FIN,6.433169353241309e-05
2021,IOT,SVN,6.410641234088951e-05
2021,HTI,ESP,6.290144185873526e-05
2021,DMA,FRA,6.17596588103344e-05
2021,REU,PRT,6.17128343240432e-05
2021,STP,FIN,6.090489639595832e-05
2021,ALB,SVK,6.059587831898555e-05
2021,VCT,MLT,6.04968808919264e-05
2021,GUF,SVN,5.9656574538280855e-05
2021,HTI,FRA,5.781273926527019e-05
2021,SLV,SVN,5.6767549490279315e-05
2021,DMA,PRT,5.639820041769285e-05
2021,NRU,SVK,5.630719695242742e-05
2021,MDA,CZE,5.569699967663807e-05
2021,NRU,DNK,5.431789414634686e-05
2021,PNG,LVA,5.387273843285516e-05
2021,HTI,PRT,5.381015064907791e-05
2021,NRU,LTU,5.3286010692817194e-05
2021,WLF,BGR,5.110237949268499e-05
2021,STP,LTU,4.8419978179162424e-05
2021,WLF,GRC,4.381568306493363e-05
2021,SLB,IRL,4.1664766194690355e-05
2021,DMA,BEL,4.164141002522194e-05
2021,NRU,BGR,4.0165320392149733e-05
2021,HTI,BEL,3.962278308848663e-05
2021,DMA,NLD,3.939547257422965e-05
2021,HTI,NLD,3.758765879781301e-05
2021,NRU,GRC,3.6132488859196476e-05
2021,SYR,BEL,3.5347660489677707e-05
2021,MNE,BEL,3.180370115580435e-05
2021,REU,ITA,2.9805346516173262e-05
2021,PLW,SVN,2.9369210820326904e-05
2021,DMA,AUT,2.639997767922728e-05
2021,REU,CZE,2.6325122225102394e-05
2021,STP,SVK,2.4422552816249453e-05
2021,STP,EST,2.3611147156575728e-05
2021,STP,ESP,2.2720210052111964e-05
2021,HTI,AUT,2.10676414486085e-05
2021,STP,BEL,1.9931089089069495e-05
2021,LCA,MLT,1.96727204708802e-05
2021,STP,HRV,1.763753510834698e-05
2021,GRD,DEU,1.6965865914199533e-05
2021,STP,SWE,1.565293354469766e-05
2021,SLB,ITA,1.540082036347532e-05
2021,STP,SVN,1.4950684504223718e-05
2021,STP,MLT,1.4727189509522407e-05
2021,SLB,CZE,1.3602542020953732e-05
2021,MNE,SWE,1.333703650091482e-05
2021,WLF,SVN,1.2177594499205442e-05
2021,GRL,HUN,1.1864680854002558e-05
2021,REU,AUT,1.1228022706946502e-05
2021,MTQ,ESP,1.1156987547848037e-05
2021,BDI,ITA,1.021843493368152e-05
2021,NRU,SVN,9.80739885263216e-06
2021,REU,POL,8.895455621188437e-06
2021,DMA,FIN,8.661044642972123e-06
2021,HTI,FIN,8.263599078783946e-06
2021,REU,BGR,8.17316723720977e-06
2021,REU,GRC,7.682621239486017e-06
2021,REU,SVK,7.3626747032735655e-06
2021,STP,AUT,6.551920633816019e-06
2021,GRD,IRL,6.222331872420211e-06
2021,DMA,ROU,6.094700961562207e-06
2021,REU,HUN,5.529798023042591e-06
2021,DMA,DNK,5.45044623384881e-06
2021,ALB,SWE,5.1669452083372226e-06
2021,STP,DNK,4.895517152569845e-06
2021,DMA,CZE,4.654281780026574e-06
2021,SLB,POL,4.596400649086603e-06
2021,HTI,CZE,4.440702041760889e-06
2021,REU,HRV,4.30609057953901e-06
2021,DMA,GRC,3.932492450952276e-06
2021,HTI,GRC,3.7520348104178055e-06
2021,GRD,ESP,3.7224028430535053e-06
2021,MTQ,ROU,3.6366634873063443e-06
2021,STP,BGR,3.456628979358884e-06
2021,GRD,FRA,3.4212618764615355e-06
2021,FRO,FIN,3.3932169857252394e-06
2021,GRD,PRT,3.1843953308909484e-06
2021,STP,HUN,3.042011034812642e-06
2021,MTQ,AUT,2.792431931949628e-06
2021,DMA,LTU,2.6859764529139713e-06
2021,BDI,NLD,2.4987967372198495e-06
2021,GRD,BEL,2.3448104854180296e-06
2021,BDI,DEU,2.244994418820677e-06
2021,GRD,NLD,2.224375210459087e-06
2021,PLW,MLT,2.205527292864822e-06
2021,HTI,DNK,2.1836617332626365e-06
2021,MTQ,DNK,2.0441903243853647e-06
2021,BDI,FRA,1.9741746227562083e-06
2021,MTQ,LTU,1.7365797534271612e-06
2021,WLF,MLT,1.4104172617289239e-06
2021,GRD,AUT,1.2467480252814185e-06
2021,DMA,SVN,1.0608169868225968e-06
2021,REU,SVN,1.060562201012385e-06
2021,NRU,MLT,9.796612933276133e-07
2021,FRO,MLT,8.970570305995743e-07
2021,HTI,SVN,7.910950256103655e-07
2021,MTQ,FRA,7.54094396538467e-07
2021,DMA,LVA,7.22812331539719e-07
2021,BDI,PRT,5.725147048467947e-07
2021,STP,LVA,5.45773245645851e-07
2021,DMA,BGR,5.140390493722795e-07
2021,STP,CYP,5.040219222944685e-07
2021,DMA,HRV,4.984588210291135e-07
2021,GRD,FIN,4.890260667442542e-07
2021,BDI,ROU,4.749400807438358e-07
2021,REU,EST,4.741913424733218e-07
2021,HTI,ROU,4.482944990638207e-07
2021,MTQ,LVA,4.430601894585357e-07
2021,BDI,POL,4.2647610718042326e-07
2021,DMA,EST,3.833557670633991e-07
2021,HTI,EST,3.657640035514841e-07
2021,MTQ,BGR,3.3234461331274995e-07
2021,MTQ,HRV,3.2227143896858875e-07
2021,SMR,MLT,3.127632795977554e-07
2021,GRD,CZE,2.6279337034161594e-07
2021,GRD,GRC,2.2203918754201642e-07
2021,MTQ,SVN,1.4978519760403467e-07
2021,GUF,MLT,1.4896322456010707e-07
2021,GRD,DNK,1.292254740744892e-07
2021,BDI,GRC,1.2573649293258986e-07
2021,IOT,MLT,1.0182643400763423e-07
2021,MTQ,BEL,7.301453769081437e-08
2021,BDI,FIN,5.970425512553418e-08
2021,REU,LVA,4.7730483930334796e-08
2021,GRD,SVN,4.6815689520614114e-08
2021,HTI,LVA,3.5806794130459285e-08
2021,GRD,ROU,2.652932378860363e-08
2021,GRD,EST,2.1645306156326205e-08
2021,BDI,SVN,1.5795447427625656e-08
2021,BDI,MLT,1.55593242295109e-08
2021,BDI,LTU,1.407714936881077e-08
2021,BDI,EST,9.330391635036369e-09
2021,BDI,SVK,3.991101432708399e-09
2021,BDI,ESP,3.7129068190646767e-09
2021,BDI,BEL,3.257112342731743e-09
2021,BDI,HRV,2.8823027703120564e-09
2021,BDI,SWE,2.557981795202276e-09
2021,GRD,LVA,2.118986597655286e-09
2021,BDI,AUT,1.0707062453854718e-09
2021,BDI,DNK,8.000189688798699e-10
2021,BDI,LVA,5.766112318514901e-10
2021,BDI,BGR,5.648777576880356e-10
2021,BDI,HUN,4.971214389708492e-10
2021,BDI,CYP,8.236659907425735e-11
2021,GLP,LVA,2.3223052407172e-21
2021,GLP,POL,1.854542433486871e-21
2021,MAF,LVA,1.8357088970371975e-21
2021,MAF,POL,1.4659571814226623e-21
2021,GLP,EST,6.97031213183093e-22
2021,MAF,EST,5.509811445620609e-22
2021,GLP,DEU,1.9770734132751164e-22
2021,MAF,DEU,1.5628140483909776e-22
2021,STP,CZE,1.455836510296881e-22
2021,GLP,FRA,1.0186547022764546e-22
2021,MAF,FRA,8.052143478779582e-23
2021,GLP,ROU,6.717618259570511e-23
2021,GLP,ESP,6.468503157056991e-23
2021,GLP,BEL,5.838012499019867e-23
2021,GLP,HRV,5.536095856613773e-23
2021,STP,IRL,5.3230508551124e-23
2021,MAF,ROU,5.310064925911609e-23
2021,MAF,ESP,5.113147310581605e-23
2021,MAF,BEL,4.614764371868456e-23
2021,GLP,ITA,4.559084500760224e-23
2021,MAF,HRV,4.376108808029957e-23
2021,GLP,CYP,4.371571948403827e-23
2021,MAF,ITA,3.6038122093740265e-23
2021,MAF,CYP,3.4555894630133944e-23
2021,GLP,SVK,2.822003216053565e-23
2021,MAF,SVK,2.2307043537382932e-23
2021,GLP,CZE,2.22220454404024e-23
2021,GLP,AUT,1.9682065808068734e-23
2021,MAF,CZE,1.7565824599660878e-23
2021,GLP,NLD,1.7288375218704807e-23
2021,MAF,AUT,1.5558050975583708e-23
2021,MAF,NLD,1.3665914216553472e-23
2021,GLP,PRT,1.1142298809864214e-23
2021,GLP,BGR,9.965945028342861e-24
2021,GLP,HUN,9.317887725309942e-24
2021,MAF,PRT,8.807635060237765e-24
2021,GLP,IRL,8.125162210676978e-24
2021,MAF,BGR,7.877764574248078e-24
2021,MAF,HUN,7.365495757854217e-24
2021,GLP,MLT,6.795438934452226e-24
2021,MAF,IRL,6.42268393426344e-24
2021,GLP,SWE,5.807680728586259e-24
2021,MAF,MLT,5.3715797099068796e-24
2021,GLP,GRC,5.091253536654746e-24
2021,GLP,FIN,5.084528236769327e-24
2021,MAF,SWE,4.590788065967053e-24
2021,GLP,SVN,4.553382604922597e-24
2021,MAF,GRC,4.024475013208368e-24
2021,MAF,FIN,4.019158876199998e-24
2021,MAF,SVN,3.5993050409210635e-24
2021,GLP,DNK,8.736698976835716e-25
2021,MAF,DNK,6.906084420478703e-25
2022,GBR,FRA,9311.371944798777
2022,CHE,FRA,6846.291649481587
2022,SGP,FRA,3229.8432885584953
2022,BIH,FRA,2942.7499697911794
2022,IRL,FRA,2352.8331976202
2022,JEY,FRA,1916.0101536689192
2022,HKG,FRA,1868.7334851128896
2022,HKG,IRL,1498.0101527380475
2022,PAN,IRL,1194.0626691255375
2022,VGB,IRL,1139.3661610148686
2022,NLD,ESP,1087.0736521730046
2022,LUX,NLD,1080.0366902940027
2022,GRC,CYP,1048.605751347906
2022,ASM,FRA,1035.6037848473502
2022,SGP,IRL,996.7407451540062
2022,CHE,ESP,973.8502417078546
2022,CYM,IRL,954.5035679405569
2022,LUX,ESP,897.3745786146943
2022,MKD,FRA,856.7183928201661
2022,GBR,ESP,823.6350166360573
2022,CHE,NLD,819.4732218204759
2022,KAZ,FRA,813.5591210289427
2022,NLD,ITA,763.827161658806
2022,CHL,IRL,753.733283572453
2022,LUX,DEU,743.0087125313233
2022,PAN,NLD,665.4924002092031
2022,DNK,DEU,651.7494934017352
2022,CHE,DEU,635.6693440366419
2022,CHL,ESP,628.4809063965331
2022,VGB,NLD,607.2886277434288
2022,BHR,FRA,550.3295113345054
2022,NGA,FRA,548.4168438644331
2022,BMU,IRL,534.1036286596312
2022,CHE,SWE,522.5580399540927
2022,CHE,POL,505.58901991110633
2022,CHL,ITA,482.7952321640734
2022,LUX,FRA,474.8069450591788
2022,GBR,BEL,468.691774000384
2022,TLS,FRA,444.21827742739515
2022,CYM,NLD,439.1238797271848
2022,NLD,CYP,425.3017312473271
2022,NLD,SWE,424.4187564273778
2022,GGY,FRA,421.87840936209795
2022,DNK,FRA,413.09604462332715
2022,NLD,FRA,413.04485393001266
2022,IMN,FRA,408.1597212510772
2022,SGP,DEU,402.3084305244321
2022,NLD,DEU,400.3973039505721
2022,NLD,POL,379.07718070157745
2022,IRL,NLD,370.4131615129639
2022,IRL,ESP,370.1808119700738
2022,FIN,DEU,359.3361126142107
2022,JEY,NLD,354.9901679036897
2022,SGP,ESP,345.462975060241
2022,GBR,ITA,342.61494827530305
2022,GBR,DEU,338.80204235819576
2022,DNK,SWE,333.4409635321354
2022,MLT,NLD,330.38421937977574
2022,BMU,NLD,318.032387264529
2022,PRY,IRL,302.0166782113697
2022,LUX,ITA,299.02618166459524
2022,DNK,POL,295.5383958981498
2022,NLD,BEL,294.0101003133293
2022,LUX,POL,292.2950032674951
2022,MLT,FRA,290.19663389262047
2022,KAZ,ESP,288.521832517659
2022,ASM,IRL,281.69497792238064
2022,KAZ,IRL,280.05398256053303
2022,NLD,ROU,273.3088256385257
2022,MMR,FRA,269.1333271570593
2022,NLD,AUT,266.8849164822293
2022,PRT,FRA,262.30246968435677
2022,DNK,ESP,235.82629765795167
2022,LBR,FRA,232.37342137434106
2022,URY,IRL,228.7115403000341
2022,GIB,FRA,224.27608686577128
2022,KHM,FRA,224.08663929449386
2022,IRL,SWE,222.82999568560416
2022,FIN,FRA,218.75468348217387
2022,FIN,HRV,211.21840683373065
2022,FIN,POL,209.13240244283827
2022,JEY,ESP,208.733548235529
2022,HKG,DEU,208.6927060999563
2022,HKG,ESP,208.298682211827
2022,JEY,DEU,203.5843978030278
2022,FIN,ESP,201.36575677130037
2022,FIN,NLD,201.1746794939928
2022,IRL,POL,201.02951907833864
2022,MUS,NLD,199.04373281251
2022,CHE,ROU,195.11316020044015
2022,PAN,DEU,195.07893758988138
2022,IRL,DEU,195.05092120582307
2022,BIH,ESP,192.47435890038525
2022,SGP,POL,189.88434203184062
2022,CHE,BEL,189.59776649954202
2022,FIN,ROU,188.39848602755038
2022,UGA,FRA,187.15618849542685
2022,VGB,DEU,184.98398597187534
2022,BIH,NLD,184.47243980823595
2022,GTM,IRL,183.91095445951188
2022,NGA,NLD,183.2220000673567
2022,LUX,SWE,178.51259539253567
2022,SGP,SWE,174.85417554306892
2022,KAZ,ITA,173.52883467698226
2022,PRI,IRL,172.7929044439946
2022,CHE,AUT,170.68494483642326
2022,CYM,ESP,167.70911780820234
2022,BHR,IRL,166.36102689346524
2022,PRT,ESP,165.53423338441044
2022,IRN,FRA,163.66076377801508
2022,GBR,POL,162.06182134266928
2022,GBR,AUT,159.90500640906575
2022,IRL,ITA,159.44132865116003
2022,CRI,IRL,158.3500117447344
2022,FIN,LVA,158.13510367007083
2022,JOR,FRA,155.87713654903504
2022,CHE,HUN,150.5386401542268
2022,SWE,ESP,149.75143398409386
2022,HKG,SWE,149.59117067954583
2022,SWE,DEU,149.4705461411572
2022,SVK,NLD,147.70230470369663
2022,FIN,SWE,145.13269813958252
2022,NLD,HUN,143.48317174272438
2022,ISL,FRA,142.88810515550838
2022,PAN,POL,140.30536667435965
2022,LUX,CYP,139.56377906155242
2022,NLD,PRT,138.8309431971405
2022,CYM,DEU,137.88846617644313
2022,CHL,AUT,137.34477202933974
2022,HKG,NLD,136.4943229863481
2022,LIE,FRA,135.92414798159277
2022,FIN,BEL,134.90685661872456
2022,CHE,CYP,133.9513686956525
2022,SWE,NLD,132.562826576286
2022,QAT,FRA,132.4821508648599
2022,TLS,IRL,131.33663578325744
2022,KAZ,DEU,130.64180898800157
2022,HKG,POL,129.12742314640613
2022,VGB,POL,128.9175042918595
2022,SGP,NLD,127.60931943267246
2022,CHE,CZE,125.40405195631932
2022,LVA,NLD,125.35461084643347
2022,CHE,EST,125.1705826875886
2022,PAN,BEL,124.69036415213502
2022,MLT,DEU,123.5497018696517
2022,NLD,EST,122.31216646305329
2022,CHE,MLT,120.44369586570265
2022,FIN,ITA,120.11357915584858
2022,BHR,DEU,119.94868855204103
2022,JEY,POL,119.80670553003381
2022,PAN,SWE,115.18118734140975
2022,VGB,BEL,114.81664015278298
2022,BHR,NLD,114.46329256280512
2022,BGR,ESP,112.53347227834857
2022,BGR,ROU,111.28769073287052
2022,BHR,ESP,110.211322384906
2022,NGA,ESP,109.90845375716951
2022,HKG,BEL,109.58747938255424
2022,IRL,ROU,108.19546986660838
2022,BGR,ITA,107.85032260481611
2022,VGB,SWE,107.09810511919527
2022,GRC,POL,106.32426646144508
2022,LUX,EST,105.57462896302944
2022,GTM,NLD,105.06856402036964
2022,BMU,DEU,104.44665026689687
2022,IRL,AUT,104.22331923439954
2022,MLT,POL,103.27885915165695
2022,MCO,FRA,102.0412042137833
2022,HKG,HUN,101.79333010426085
2022,MLT,SWE,100.02907805749378
2022,AUT,POL,97.77583851622079
2022,ZAF,NLD,97.75121564142005
2022,BIH,POL,97.08083714494016
2022,FIN,CYP,96.8460216713321
2022,PAN,CYP,94.72387151544886
2022,LUX,ROU,93.90655121985351
2022,LUX,AUT,91.79389497004708
2022,FIN,SVK,91.37282738019385
2022,ASM,ESP,90.26292303236194
2022,KAZ,NLD,89.99632876205898
2022,CYM,POL,89.51456374566735
2022,DOM,IRL,89.14246793211356
2022,JEY,SWE,88.55805470122557
2022,BRB,IRL,88.05959887076514
2022,CUW,IRL,86.56119086516861
2022,IRL,BEL,86.18748214580256
2022,FIN,EST,86.15334717687739
2022,BEL,ESP,86.0801680234544
2022,CYM,BEL,86.03623044157169
2022,VGB,CYP,85.33059581541033
2022,MMR,IRL,85.08748932050008
2022,PAN,EST,83.81067604275226
2022,AUT,FRA,83.74922247838143
2022,BIH,SWE,81.44106716845114
2022,NGA,ITA,80.45284551057549
2022,SGP,BEL,80.19221468228478
2022,BMU,POL,79.07501530598
2022,AUT,DEU,78.69588952266152
2022,PNG,IRL,78.33588312989517
2022,BMU,SWE,78.0826773575143
2022,BOL,IRL,77.3693738464833
2022,BEL,ITA,77.36850257616695
2022,BHS,IRL,76.91270118653992
2022,ASM,NLD,75.88886689889102
2022,LBR,NLD,75.86285173745638
2022,BIH,DEU,75.76112952040612
2022,VGB,EST,75.47348315497311
2022,CHL,FRA,75.45476309435003
2022,LKA,FRA,74.85419236772357
2022,NLD,MLT,74.39737117517616
2022,MHL,FRA,73.80172302050939
2022,IRL,CYP,73.48088506745297
2022,CHE,ITA,73.25387981919218
2022,GBR,SWE,73.11898340783506
2022,CYM,SWE,72.61945301524418
2022,KHM,IRL,72.31152006369099
2022,MLT,ESP,71.89889893746083
2022,NLD,CZE,71.29304413878147
2022,FIN,IRL,70.8920920935089
2022,CPV,FRA,70.82287405646726
2022,CHE,FIN,70.53343035513349
2022,DNK,NLD,70.38693446062231
2022,AUT,CYP,70.15206940403391
2022,FIN,MLT,70.1391318886747
2022,DNK,HUN,69.42935629747664
2022,IRL,HUN,68.51741488699437
2022,MLT,CYP,67.8794973939354
2022,PAN,HUN,67.76480509010379
2022,IRL,EST,67.54279569699435
2022,VGB,ESP,67.36783521567506
2022,BIH,BEL,65.97851732750759
2022,PNG,FRA,65.58177098499243
2022,VGB,ITA,64.04855503577785
2022,LUX,PRT,63.783275605740286
2022,KWT,IRL,63.7307893118397
2022,PAN,ITA,63.535469410109165
2022,VGB,HUN,63.334799731956934
2022,LTU,POL,63.314164174597686
2022,AUT,EST,62.98731211246528
2022,SGP,HUN,62.800866654989186
2022,UGA,NLD,62.649212397031434
2022,PAN,ESP,62.430615080117136
2022,GRC,ROU,62.35227970242389
2022,SVK,DEU,61.17249705638322
2022,GTM,DEU,61.03532067300894
2022,CHE,PRT,59.983711751278825
2022,CYM,CYP,59.536031999525726
2022,BMU,BEL,59.49583768784366
2022,GBR,HUN,59.38295327286769
2022,AUT,ROU,59.281401862498036
2022,FIN,CZE,59.05101050172526
2022,KAZ,AUT,58.29638838701973
2022,CHL,ROU,58.06341977983059
2022,SGP,AUT,58.04877254185884
2022,GBR,ROU,57.767879841049286
2022,JOR,IRL,57.63124463585101
2022,GIN,FRA,57.53872329896183
2022,LVA,SWE,57.51228250128802
2022,MLT,EST,57.49820995261861
2022,CHL,DEU,57.3999796957928
2022,JEY,BEL,56.79477149635825
2022,BMU,ESP,56.766394100628744
2022,SWE,ITA,56.415944563447134
2022,IRL,MLT,56.307310583617806
2022,CHE,LTU,56.24638779554302
2022,LAO,FRA,55.36042248291417
2022,PRY,NLD,55.263907070120844
2022,KWT,FRA,54.39100322029164
2022,CUW,NLD,54.28191067143098
2022,BMU,FRA,54.17456698992825
2022,JEY,CYP,53.70988813837789
2022,FIN,AUT,53.66807400735778
2022,GGY,NLD,53.58494706439891
2022,CYM,EST,52.681714397980066
2022,IRL,CZE,52.014066062005995
2022,LUX,GRC,51.43317817214901
2022,MKD,ESP,51.048654052889
2022,LUX,HUN,50.439888316231276
2022,CYM,HUN,49.99328319281656
2022,DNK,AUT,49.491302723975295
2022,BRB,NLD,49.3957075374335
2022,HUN,ESP,49.39451893172454
2022,SVK,SWE,48.96679365352545
2022,VGB,FRA,48.76979349721503
2022,MUS,FRA,48.60742612694966
2022,DNK,BEL,48.56130591006177
2022,IRN,IRL,48.5163378187809
2022,HUN,ITA,48.2795853340473
2022,QAT,IRL,47.564317757288165
2022,HUN,FRA,47.142689769986625
2022,ASM,DEU,47.12013868003473
2022,MHL,IRL,47.09529845204509
2022,JEY,EST,46.88678991383073
2022,PAN,FRA,46.59926688790445
2022,CYM,ITA,46.568937217248674
2022,SVK,ESP,46.218345897879146
2022,SVK,POL,45.965332963393635
2022,WSM,FRA,44.70942657252811
2022,LTU,LVA,44.685470625744635
2022,KAZ,POL,44.17112508111764
2022,BMU,CYP,44.08922356476778
2022,HKG,ROU,44.04257586417957
2022,LVA,POL,43.77876873806068
2022,NLD,DNK,43.54285678074759
2022,NGA,POL,43.40854017956978
2022,DOM,FRA,43.24093219604092
2022,GBR,PRT,43.04588395059994
2022,LUX,BEL,42.652590229054496
2022,CYM,FRA,42.47700122243989
2022,NGA,DEU,42.4343522729801
2022,BIH,CYP,42.09710646925083
2022,UZB,FRA,41.88894221812873
2022,CHL,POL,41.24567974178146
2022,GTM,ESP,41.16776732661517
2022,DNK,ITA,40.99591138503252
2022,TTO,IRL,40.763083310951465
2022,ASM,POL,40.197731161537675
2022,CHE,DNK,40.146403997455955
2022,BMU,EST,39.64783056252177
2022,HKG,AUT,39.253026786786066
2022,FIN,DNK,39.200484576118654
2022,DNK,LTU,39.138131808696876
2022,BMU,HUN,38.98936820468033
2022,GNQ,FRA,37.94081275475828
2022,BGR,NLD,37.77197906406892
2022,NLD,FIN,37.60038051959139
2022,BIH,EST,37.1146102213945
2022,SRB,HRV,36.43810792257657
2022,DOM,NLD,35.995291524096416
2022,LVA,DEU,35.56006410182115
2022,TLS,ESP,35.154166216611095
2022,NLD,LTU,34.70059982577927
2022,PAN,ROU,34.66144639312355
2022,DNK,FIN,34.51963202502796
2022,ASM,BEL,34.38420282992488
2022,GIB,NLD,34.36723917570426
2022,BHR,POL,33.935765562990895
2022,ASM,SWE,33.75273013152781
2022,FIN,PRT,33.7456307685815
2022,MUS,POL,33.642952479368475
2022,HKG,ITA,33.510933292853395
2022,FIN,HUN,32.21853170457273
2022,FIN,BGR,32.21034640369177
2022,VGB,ROU,32.16556959690875
2022,ASM,ITA,32.1228404365365
2022,HKG,CYP,32.074387926280096
2022,BMU,ITA,31.99277629286657
2022,LTU,EST,31.898756819047957
2022,MLT,HUN,31.726297662637823
2022,PYF,FRA,31.625040674349677
2022,BMU,ROU,31.403039931549685
2022,BGR,AUT,31.388293268205242
2022,ROU,ESP,31.299321849205526
2022,LVA,CYP,31.039963321471078
2022,MUS,DEU,31.023315911928126
2022,CRI,NLD,31.012866872974236
2022,MLT,ROU,30.802947536267062
2022,MLT,BEL,30.765712258281862
2022,LVA,HUN,30.55005474034531
2022,IRL,FIN,30.043631812798054
2022,JEY,ROU,29.977508459847492
2022,SGP,ROU,29.947006186486586
2022,CHE,GRC,29.852347783757654
2022,HKG,EST,29.765088189991605
2022,HUN,BEL,29.68928632801943
2022,LVA,EST,29.671628954793327
2022,SVK,CYP,29.513269396178135
2022,GGY,ESP,29.041609944751738
2022,MLT,ITA,28.55625632312818
2022,SGP,CZE,28.42069300212954
2022,SVK,ITA,28.414216142164214
2022,HUN,DEU,28.31465012620462
2022,SLV,IRL,28.164942698764744
2022,IMN,NLD,27.874923232296826
2022,CHL,PRT,27.663455797294393
2022,BIH,ITA,27.512937139911937
2022,NLD,GRC,27.31448185431095
2022,SWE,POL,27.178824243095086
2022,LKA,IRL,26.863907050762077
2022,LTU,FRA,26.715048982862278
2022,BGR,DEU,26.673122756746697
2022,IMN,ESP,26.670029716706484
2022,DNK,CZE,26.65857392725577
2022,BIH,HUN,26.599181831597402
2022,KAZ,ROU,26.42895216499371
2022,PRY,DEU,26.282900278167908
2022,SVK,EST,26.058412686078775
2022,CPV,NLD,25.356773262226387
2022,JEY,ITA,24.729750558298996
2022,NGA,AUT,24.410488378609593
2022,BIH,ROU,24.26762516695113
2022,HKG,CZE,24.088557903212745
2022,PRI,ESP,23.956390922886477
2022,IRL,LTU,23.95028742117807
2022,HUN,PRT,23.726055260782566
2022,AUT,ITA,23.702832853150205
2022,SGP,FIN,23.680441945202798
2022,SVK,HUN,23.605133024419835
2022,DNK,PRT,23.516386516048158
2022,BIH,AUT,23.289901285921342
2022,BEL,DEU,23.27223037897999
2022,PRI,NLD,22.978843193680007
2022,ROU,NLD,22.800245753573645
2022,SRB,SVN,22.580858083090185
2022,BEL,AUT,22.53543615359185
2022,HUN,POL,22.43059036568056
2022,MUS,CYP,22.339983417893553
2022,VIR,IRL,22.264736830332115
2022,CHE,SVK,22.164065607606183
2022,CHE,SVN,22.040218042818246
2022,ASM,HUN,21.913053342321675
2022,GGY,POL,21.82759664698458
2022,SSD,FRA,21.77331878177323
2022,IRL,DNK,21.72776373200412
2022,CHL,HUN,21.625357936022063
2022,SVK,FRA,21.522097118498777
2022,LVA,FRA,21.485006108553723
2022,KAZ,BEL,21.456380225099025
2022,JEY,HUN,21.36672275388153
2022,GIN,NLD,21.259425112904072
2022,AUT,ESP,21.184216205731932
2022,NGA,CYP,20.883521637937395
2022,SWE,AUT,20.847909214399913
2022,CYM,ROU,20.722167180548595
2022,AUT,SWE,20.317911473157565
2022,GTM,POL,20.276929458065855
2022,GRC,ESP,20.0172594260459
2022,MKD,HRV,20.01180101104732
2022,MUS,EST,19.78814730553607
2022,LAO,IRL,19.672648177822598
2022,TLS,NLD,19.537135731364195
2022,FIN,LTU,19.523123739981813
2022,HKG,MLT,19.496846692943578
2022,DNK,EST,19.344285825982535
2022,SGP,LTU,19.196511140083235
2022,GGY,DEU,19.182269830678894
2022,JEY,AUT,19.172792666929222
2022,SGP,ITA,19.06206127670182
2022,GRC,SWE,19.025224196666137
2022,GGY,SWE,18.937100747377475
2022,NLD,IRL,18.842632273469043
2022,CUW,DEU,18.626694545990354
2022,GRC,HRV,18.42900307117023
2022,ZAF,POL,18.40820121803263
2022,BMU,AUT,18.241125388045326
2022,NGA,EST,18.194857708987627
2022,MNG,FRA,18.06338136351803
2022,CHE,HRV,17.99183083341495
2022,AUT,BEL,17.97344376097915
2022,MMR,ESP,17.966038594158398
2022,DOM,DEU,17.84881912496387
2022,LBR,ESP,17.820118165777703
2022,LUX,HRV,17.799921548336265
2022,LVA,ROU,17.753850738990163
2022,BHR,SWE,17.744048738130672
2022,VUT,FRA,17.499468716761037
2022,GBR,CYP,17.39357242507652
2022,SRB,HUN,17.32496193440424
2022,NGA,BEL,17.281970688457367
2022,BRB,DEU,17.094795030341693
2022,HKG,HRV,17.08181622062399
2022,LUX,LTU,17.059088461565203
2022,SGP,PRT,16.81790536350965
2022,BHR,BEL,16.804528120031048
2022,SGP,MLT,16.802542500824902
2022,MDG,FRA,16.757387905893523
2022,SVK,ROU,16.745894928143294
2022,KWT,ESP,16.373305308999367
2022,BMU,MLT,16.301194706680644
2022,NLD,HRV,16.292151694830853
2022,TLS,DEU,16.258134052186065
2022,GBR,GRC,16.235023153271644
2022,LBR,POL,16.205673341694286
2022,KAZ,SWE,16.170433210179034
2022,KAZ,PRT,16.071494352011513
2022,PAN,HRV,16.008985846767278
2022,HKG,PRT,16.000242826566318
2022,KAZ,HUN,15.906584147017567
2022,PAN,PRT,15.902253119361763
2022,IRL,PRT,15.83128165935414
2022,ASM,AUT,15.802555352256627
2022,ESP,HUN,15.71419865766556
2022,MKD,BEL,15.655473597612437
2022,LBR,DEU,15.609751650632838
2022,BGR,FRA,15.530551896920686
2022,FIN,GRC,15.488832006683234
2022,DNK,SVK,15.406840236828854
2022,GEO,IRL,15.400955442877036
2022,VGB,PRT,15.255167902908944
2022,HKG,FIN,15.21853089771757
2022,GIB,ESP,15.1681020687786
2022,DNK,CYP,15.08102479422534
2022,UGA,ESP,15.058850867432744
2022,ASM,CYP,15.049663362219288
2022,GEO,FRA,15.032485436114602
2022,GTM,ITA,15.011531846509195
2022,TLS,POL,14.997096531728811
2022,BMU,CZE,14.914389608012252
2022,BEL,NLD,14.870996578381055
2022,GBR,SVK,14.825090086109475
2022,IMN,POL,14.747803389745554
2022,VGB,HRV,14.739574072405437
2022,CHE,IRL,14.563158478128129
2022,LUX,IRL,14.468928910816146
2022,SGP,SVK,14.433477131008145
2022,MDA,FRA,14.182683189566054
2022,PRY,BEL,14.158483329526925
2022,ZAF,DEU,14.144890655591219
2022,SWE,HUN,14.07777158742889
2022,HUN,AUT,14.05077371202265
2022,GRC,FRA,14.04844784718588
2022,GTM,BEL,13.978140283329854
2022,FIN,SVN,13.952144683808138
2022,HKG,LTU,13.622551405070224
2022,PRY,ESP,13.529475332367848
2022,FSM,FRA,13.521883234741882
2022,BIH,HRV,13.502743875360338
2022,PAN,LTU,13.399675774366123
2022,WSM,IRL,13.396597679256365
2022,CHL,GRC,13.385732172088417
2022,TLS,BEL,13.359845321840764
2022,MKD,SVN,13.243936628214765
2022,GIB,POL,13.214096888004365
2022,ASM,EST,13.21009655234457
2022,GBR,EST,13.162006141129375
2022,TTO,NLD,13.139747739013359
2022,SRB,SWE,13.125240329287434
2022,ASM,ROU,13.110116715280448
2022,UZB,IRL,13.10984248195969
2022,MKD,POL,13.107448973252023
2022,KHM,ESP,12.933324624839578
2022,SYC,FRA,12.888811154646945
2022,UGA,POL,12.759160048690527
2022,GBR,FIN,12.71372995529863
2022,DJI,FRA,12.60695016128612
2022,JEY,GRC,12.381478203483383
2022,MUS,ESP,12.377664555135889
2022,GGY,BEL,12.357565808581993
2022,IMN,DEU,12.296555425664192
2022,VGB,LTU,12.290182594592999
2022,BHR,HUN,12.273526921566033
2022,CYM,HRV,12.22503337533648
2022,IRL,GRC,12.1399370182891
2022,MUS,HUN,12.065060915913678
2022,GBR,CZE,12.04890894563916
2022,GBR,DNK,11.970477860956048
2022,TLS,SWE,11.95803572941309
2022,GUY,IRL,11.916607612050239
2022,UGA,DEU,11.89323440747302
2022,SWE,PRT,11.888760846376044
2022,HKG,SVK,11.8719815897364
2022,IMN,SWE,11.835115975749439
2022,VGB,AUT,11.788240778682107
2022,GNQ,NLD,11.731547674815879
2022,GIB,SWE,11.728754834388248
2022,GIB,DEU,11.706437537670523
2022,CYP,ESP,11.702512586837136
2022,CUW,POL,11.696296251791653
2022,BRN,FRA,11.618459922547551
2022,KAZ,GRC,11.60788686213613
2022,SGP,HRV,11.581957700426663
2022,GGY,CYP,11.356258894910184
2022,CHL,DNK,11.309848571556842
2022,JEY,PRT,11.27654946401841
2022,ROU,POL,11.25266878129937
2022,BIH,SVN,11.230659279647046
2022,NGA,ROU,11.226107078574723
2022,LVA,ITA,11.220692463832235
2022,PRI,DEU,11.190359183756662
2022,HKG,LVA,11.175229798384358
2022,MCO,NLD,11.06024652351486
2022,VCT,IRL,10.997539786421866
2022,GRC,BGR,10.950403544524344
2022,MKD,DEU,10.926091590220064
2022,ZAF,CYP,10.910080989208378
2022,PRY,POL,10.881361671124992
2022,SWE,GRC,10.877724472715348
2022,PRY,HUN,10.863236498483273
2022,CYM,PRT,10.8423431077613
2022,BEL,HUN,10.823150229387
2022,CYP,SWE,10.818738943823968
2022,DOM,ESP,10.796362469947436
2022,CRI,DEU,10.794040225078277
2022,GRC,MLT,10.767528846279632
2022,NGA,SWE,10.755219399052663
2022,PYF,IRL,10.716051557005283
2022,PAN,LVA,10.644083901998604
2022,GBR,SVN,10.581083452992225
2022,NGA,HUN,10.570534820092233
2022,MUS,IRL,10.551806902915166
2022,SGP,GRC,10.549468829106443
2022,BGR,POL,10.4792105136721
2022,CHE,BGR,10.40526432292597
2022,LVA,ESP,10.38024219688308
2022,BRB,POL,10.361339859461115
2022,TLS,ITA,10.334084280027582
2022,PRI,ITA,10.231113514961606
2022,PAN,AUT,10.119110778425815
2022,PRT,ITA,10.10042857180642
2022,GGY,EST,10.076790259920328
2022,IRN,ESP,10.027768943487711
2022,AUT,LTU,9.9993925219514
2022,SGP,EST,9.997602193575222
2022,LUX,CZE,9.936366912998198
2022,BHR,AUT,9.896656138065008
2022,ZAF,EST,9.833256936803172
2022,SWE,ROU,9.813189252534123
2022,VGB,LVA,9.7389510296547
2022,LUX,SVN,9.672948746937767
2022,CUW,BEL,9.57439998353379
2022,GRC,CZE,9.56977017714705
2022,NLD,SVN,9.563018670543341
2022,MLT,LTU,9.533761438177144
2022,NLD,BGR,9.517529970550955
2022,IMN,BEL,9.49977382931032
2022,BMU,LTU,9.44949812142918
2022,GRC,AUT,9.439010048496911
2022,CUW,SWE,9.350908493572936
2022,SGP,CYP,9.29696531944504
2022,PRT,IRL,9.294203279223101
2022,CHE,LVA,9.25308347713926
2022,MUS,ITA,9.19579125238821
2022,BHR,ROU,9.18469262903895
2022,ROU,PRT,9.17094067165758
2022,KWT,ITA,9.105695009592047
2022,NGA,IRL,9.072362409535826
2022,GTM,CYP,9.058872857031776
2022,MUS,BEL,9.023591445940056
2022,LVA,LTU,9.01309464803128
2022,BEL,ROU,8.993070417024144
2022,JOR,ESP,8.988256935983715
2022,GTM,SWE,8.920772800972056
2022,TLS,HUN,8.882464241044756
2022,BRB,BEL,8.83806621968429
2022,PRI,BEL,8.785778517697004
2022,GTM,HUN,8.763335525790879
2022,CPV,POL,8.752765836324158
2022,HKG,DNK,8.740888491655802
2022,ISL,ESP,8.701022798770447
2022,ZAF,SWE,8.677807582467377
2022,ROU,HUN,8.622262578855615
2022,BMU,HRV,8.592881243634459
2022,LBR,CYP,8.59023331020316
2022,CYP,FRA,8.555760537495726
2022,CYM,LTU,8.529037482090622
2022,LVA,BEL,8.521544753474663
2022,IRL,SVN,8.405678461037766
2022,ZAF,ESP,8.317058250769179
2022,BEL,POL,8.278643412414866
2022,BMU,PRT,8.267124187640803
2022,CRI,BEL,8.248303680459408
2022,PRY,ITA,8.199652949800223
2022,BRB,SWE,8.183031860962437
2022,SVK,BEL,8.139189393436371
2022,BHR,CYP,8.113061503244511
2022,LIE,ESP,8.086216530606952
2022,CYM,CZE,8.044783311672742
2022,BMU,FIN,7.9556705308487885
2022,URY,DEU,7.9318226778018985
2022,MMR,DEU,7.899639192760762
2022,AUT,HUN,7.846056899454381
2022,LTU,FIN,7.835907013872288
2022,PRT,DEU,7.797148442594077
2022,LBR,BEL,7.772602558123526
2022,MUS,SWE,7.748229895134155
2022,GTM,EST,7.697668357653044
2022,CUW,ESP,7.696190241789514
2022,CYM,LVA,7.686158790077341
2022,MMR,BEL,7.6330814298679845
2022,LBR,EST,7.5920873507048805
2022,JEY,LTU,7.551287613929303
2022,BHR,GRC,7.5035710491990795
2022,QAT,ESP,7.495088067370406
2022,CHL,CZE,7.473766153444709
2022,CUW,CYP,7.426397428661639
2022,MNG,IRL,7.326035356139389
2022,MCO,ESP,7.290231774947278
2022,BEL,FRA,7.252324820458716
2022,BHR,PRT,7.190438763481131
2022,GIB,BEL,7.1742201790309155
2022,MLT,PRT,7.16633403308484
2022,GIB,CYP,7.152183935851629
2022,DOM,POL,7.1287969413060885
2022,SGP,SVN,7.0637829096623586
2022,GRC,HUN,7.059097875116774
2022,PRI,POL,7.050332948532255
2022,BRB,ESP,7.049426427807406
2022,BGR,PRT,7.042259825915416
2022,CHL,SWE,7.011678262078318
2022,CYM,AUT,6.986837538224788
2022,UGA,CYP,6.981972036674534
2022,CUW,FRA,6.981136542742769
2022,IRL,SVK,6.969033907089652
2022,BRN,IRL,6.966940110802784
2022,PAN,BGR,6.96000674263263
2022,URY,ESP,6.941021861389344
2022,BMU,DNK,6.903498674462209
2022,CYP,ROU,6.775756278910241
2022,SSD,NLD,6.7588661982394544
2022,PAN,GRC,6.7319709381113055
2022,DOM,BEL,6.6785561727362515
2022,CYP,MLT,6.669402475261544
2022,MMR,POL,6.6635248869312536
2022,PRI,FRA,6.608554990606086
2022,BRB,CYP,6.579168804635113
2022,SGP,LVA,6.575779214704737
2022,PAN,CZE,6.570416833706116
2022,CUW,EST,6.552927222445476
2022,VGB,GRC,6.552752608844082
2022,IMN,CYP,6.461117420518554
2022,VGB,CZE,6.433593719527069
2022,NLD,LVA,6.370738436715945
2022,MKD,AUT,6.369307788662752
2022,MKD,SWE,6.363698771681528
2022,URY,NLD,6.354625090286261
2022,GIB,EST,6.351839905519395
2022,VGB,BGR,6.313959899890588
2022,GNQ,ESP,6.25719014416223
2022,SRB,POL,6.251833660701822
2022,MLT,GRC,6.249252898348633
2022,PAN,SVK,6.24113952404241
2022,HUN,ROU,6.180766411625968
2022,UGA,EST,6.15908162786152
2022,IRL,HRV,6.151450086445113
2022,SGP,DNK,6.151202598008747
2022,LKA,ESP,6.104025248152181
2022,CHL,HRV,6.077596760041663
2022,DNK,ROU,6.026732829329848
2022,MMR,SWE,6.020960284666748
2022,SVK,AUT,5.995408814152123
2022,PRY,CYP,5.960895440992445
2022,ZAF,FRA,5.929200271381585
2022,TLS,AUT,5.916927891632481
2022,CRI,POL,5.886200156279654
2022,UGA,BEL,5.880667156654315
2022,BRB,EST,5.798701276779914
2022,CRI,HUN,5.793470654940982
2022,BMU,LVA,5.776440889186487
2022,VGB,SVK,5.759803008246836
2022,MMR,NLD,5.758494584913462
2022,IRN,NLD,5.749508913805894
2022,IMN,EST,5.721970576699824
2022,CYP,AUT,5.720751539922284
2022,GGY,ROU,5.671997353839911
2022,KHM,BEL,5.653789639472012
2022,CYP,CZE,5.62965699224871
2022,MDG,NLD,5.610351262135163
2022,NGA,PRT,5.566626566761872
2022,PRI,SWE,5.555548999013944
2022,BIH,LTU,5.539929837913598
2022,NLD,SVK,5.513401638514933
2022,GUY,NLD,5.481997938664217
2022,AUT,NLD,5.451392529994889
2022,LUX,BGR,5.406283537397005
2022,SLB,FRA,5.394221648723497
2022,CPV,ESP,5.354965722179684
2022,LBR,SWE,5.348158128659131
2022,LUX,FIN,5.315846692299706
2022,GGY,ITA,5.315815868116896
2022,CUW,ITA,5.311518351383371
2022,HKG,SVN,5.306793602503384
2022,MMR,HUN,5.304959168398479
2022,SWE,FRA,5.288519947444368
2022,BIH,GRC,5.287597429733571
2022,PRT,HUN,5.220836732389775
2022,BEL,PRT,5.219951520498597
2022,CYP,POL,5.21677894555408
2022,KAZ,HRV,5.202097864670814
2022,PRY,EST,5.189581252299508
2022,VUT,IRL,5.178595812897822
2022,CYM,GRC,5.158856980248121
2022,CUW,HUN,5.145260801884367
2022,IRN,DEU,5.119245492677843
2022,ZAF,HUN,5.06786013801683
2022,LUX,DNK,5.057176769190834
2022,LBR,HUN,5.051036505392521
2022,IRL,BGR,5.0340823802561845
2022,GTM,AUT,5.030636936043342
2022,PRT,BEL,5.026291238885552
2022,TTO,DEU,5.016629102892591
2022,GTM,ROU,5.0130008448123755
2022,MCO,POL,4.995623470684635
2022,GBR,HRV,4.97468982760704
2022,BHR,HRV,4.935897239791464
2022,BRB,ITA,4.924787649029364
2022,SRB,FRA,4.917142369678389
2022,BHR,ITA,4.914295037076435
2022,CRI,ESP,4.910312777474662
2022,CRI,ITA,4.90713162065276
2022,BRB,HUN,4.884163658684465
2022,KWT,SWE,4.871150726693369
2022,ROU,FRA,4.857471550558884
2022,GRC,SVN,4.85350236166081
2022,BIH,CZE,4.835974583807885
2022,PRT,CZE,4.828946136664353
2022,SRB,DEU,4.817768476408796
2022,ZAF,ROU,4.791312328026693
2022,ROU,DEU,4.787555258518316
2022,IRN,BEL,4.77272882150366
2022,MLT,AUT,4.766271662739162
2022,CPV,DEU,4.7512618854487085
2022,CYM,BGR,4.716847114022682
2022,BHR,EST,4.710131813364673
2022,KAZ,CYP,4.707746229447174
2022,GRC,FIN,4.6995609409312955
2022,LVA,SVK,4.698929226121818
2022,HKG,GRC,4.678378281072515
2022,KWT,AUT,4.677002105098792
2022,GTM,PRT,4.667562129978159
2022,PRI,AUT,4.621371191372498
2022,MCO,SWE,4.605921194837186
2022,PAN,DNK,4.585567985418378
2022,TLS,ROU,4.584840126359146
2022,PRI,ROU,4.583146162049129
2022,PRI,HUN,4.536764252904619
2022,JEY,CZE,4.523978317842513
2022,BIH,SVK,4.519384071604863
2022,CYM,SVK,4.518903258274042
2022,CHL,CYP,4.5090242816528505
2022,GGY,HUN,4.506535622201251
2022,KHM,DEU,4.502254328074792
2022,BGR,HUN,4.49833660489207
2022,VGB,DNK,4.4720108768625995
2022,TLS,CYP,4.452762797924601
2022,ZAF,ITA,4.440900544233978
2022,ZAF,BEL,4.42253570507835
2022,VGB,MLT,4.396168829871001
2022,MCO,DEU,4.393289626571978
2022,MKD,HUN,4.384897164821116
2022,IRN,POL,4.379843028727009
2022,CHL,BEL,4.3554322236943595
2022,PAN,MLT,4.348055093314818
2022,SYC,NLD,4.3479936186851385
2022,SRB,CYP,4.334850280841918
2022,CPV,PRT,4.326465468759938
2022,CHL,NLD,4.316936473524225
2022,MHL,ESP,4.263879105857423
2022,GIN,ESP,4.259634825555912
2022,GIN,POL,4.255311000722048
2022,CHL,FIN,4.254414975023845
2022,HKG,BGR,4.190271383620719
2022,KAZ,DNK,4.16058259691521
2022,GTM,FRA,4.132126225203167
2022,KHM,POL,4.128286213902073
2022,KWT,HUN,4.118569278248044
2022,JEY,SVN,4.088235476675072
2022,SVK,PRT,4.083567434523783
2022,JEY,HRV,4.066122411593442
2022,BMU,GRC,4.031599245563169
2022,IRL,LVA,4.020352259359659
2022,ASM,HRV,4.019761615911287
2022,LUX,LVA,4.0088411496432315
2022,BIH,FIN,3.986954799298283
2022,VGB,FIN,3.945855538132232
2022,PAN,FIN,3.941131117255588
2022,LBR,IRL,3.9346894943325244
2022,SWE,HRV,3.9313519626924656
2022,SVK,LTU,3.9189904847794277
2022,SVK,GRC,3.9125246709425454
2022,KHM,HUN,3.907355238754655
2022,TLS,EST,3.8925588240949964
2022,AUT,GRC,3.886496220001939
2022,DOM,HUN,3.8860238955080733
2022,JOR,BEL,3.8653633391196305
2022,SRB,EST,3.86196067071661
2022,GIN,DEU,3.8569280041115985
2022,IMN,HUN,3.8456994278308674
2022,CHL,LVA,3.842516662576957
2022,ZAF,IRL,3.8255109723519234
2022,JEY,FIN,3.8246348987386747
2022,LBN,IRL,3.809395779229293
2022,CYP,HUN,3.79115661873126
2022,IRN,SWE,3.7853364210259004
2022,PNG,ESP,3.77290611110146
2022,KWT,ROU,3.7253330871880617
2022,NGA,GRC,3.7238160606772635
2022,FSM,IRL,3.7089913572710884
2022,WSM,ESP,3.696390266370176
2022,KWT,POL,3.686627619172483
2022,ASM,PRT,3.6860164203466175
2022,CRI,CYP,3.668119698962075
2022,IMN,ROU,3.629857709243704
2022,BIH,PRT,3.6295181389537516
2022,LKA,SWE,3.626882511352202
2022,AUT,PRT,3.6264327632203357
2022,BGR,GRC,3.5975992854095122
2022,BMU,BGR,3.5921272769341086
2022,BMU,SVK,3.585573558804781
2022,SSD,ESP,3.5829807117440176
2022,PRT,POL,3.5807372093639045
2022,LBR,ITA,3.5793252759677814
2022,GRC,DNK,3.577094652390005
2022,BHS,DEU,3.5588382446526285
2022,GIB,ROU,3.5471161223716967
2022,CHL,MLT,3.5376515623635014
2022,BGR,BEL,3.513779664452234
2022,BRB,FRA,3.511481358461997
2022,UGA,HUN,3.5099558335205145
2022,GTM,GRC,3.481419689880809
2022,EST,DEU,3.4655646839737964
2022,GRC,ITA,3.465141169707663
2022,DOM,CYP,3.420962020443583
2022,SRB,ROU,3.411392339646003
2022,LKA,DEU,3.404695617453264
2022,ZAF,MLT,3.3971720685772633
2022,IMN,ITA,3.3493596786339337
2022,KHM,SWE,3.2848045891531994
2022,UGA,SWE,3.28312894892718
2022,PRY,SWE,3.2753870482902583
2022,BOL,ESP,3.2544598013908423
2022,ASM,SVK,3.245100620553854
2022,GGY,AUT,3.2317901551755353
2022,CRI,EST,3.2287765896684864
2022,BGR,SWE,3.2279949253680704
2022,MUS,LTU,3.225865263511938
2022,GIB,ITA,3.2235492978247704
2022,ZAF,CZE,3.220562034219688
2022,BGR,HRV,3.2134534195712563
2022,GBR,BGR,3.2098218919978594
2022,LAO,ESP,3.1989905194076687
2022,EST,NLD,3.1769129713154878
2022,CYM,DNK,3.1728435666501724
2022,GTM,HRV,3.1667178033464993
2022,CYM,MLT,3.1538576838890986
2022,LIE,POL,3.152488328496509
2022,JEY,SVK,3.1522092241778914
2022,NGA,LTU,3.149229190146181
2022,IRN,HUN,3.1416226792932243
2022,KWT,DEU,3.1339770844900317
2022,BHR,CZE,3.1302333645801395
2022,MDG,ESP,3.1258660790530572
2022,ASM,CZE,3.086650052686075
2022,IMN,AUT,3.0864841169548933
2022,UGA,IRL,3.0829562540728883
2022,LKA,POL,3.0813046926349834
2022,PRY,ROU,3.080600715980975
2022,PRT,AUT,3.0794608213958847
2022,GRC,DEU,3.0647519918095134
2022,BEL,GRC,3.051111814178201
2022,BGR,DNK,3.0485402632320504
2022,UZB,ESP,3.019891171215684
2022,MMR,ITA,2.9973637023921857
2022,PRI,CYP,2.9886369864980935
2022,JOR,DEU,2.9642888587040845
2022,DOM,EST,2.9516936160726006
2022,CUW,ROU,2.9487328514404343
2022,UGA,ITA,2.9246615955400537
2022,MUS,ROU,2.91822579460934
2022,ZAF,AUT,2.899218817147426
2022,PRY,HRV,2.892327387181225
2022,ROU,ITA,2.8824339129994105
2022,URY,ITA,2.8740030446258276
2022,KAZ,EST,2.858283968269558
2022,CPV,CYP,2.8501695093525603
2022,LIE,NLD,2.8436653314113105
2022,BGR,CYP,2.843595237000685
2022,PRY,FRA,2.8399738178313862
2022,MLT,BGR,2.816471141559789
2022,DOM,SWE,2.8163086394919814
2022,HUN,SWE,2.8089944409385734
2022,CYP,FIN,2.8077932640633474
2022,JOR,HUN,2.792751167469022
2022,PRI,MLT,2.7751232959063223
2022,JOR,POL,2.7535676011481387
2022,MCO,BEL,2.752452250013549
2022,PRI,CZE,2.734838017000269
2022,PRI,EST,2.732964263798686
2022,CYM,FIN,2.6953514934446687
2022,TTO,BEL,2.689963019282049
2022,MMR,AUT,2.6898575838716
2022,LIE,BEL,2.686033034478987
2022,ISL,BEL,2.680091243052423
2022,KAZ,SVN,2.670201234113229
2022,SGP,BGR,2.6569937742183156
2022,ISL,POL,2.638546733186435
2022,LTU,ESP,2.620511857958903
2022,ASM,LTU,2.6059492764889174
2022,JEY,BGR,2.605632860248183
2022,PRT,SWE,2.5918610814420378
2022,ASM,GRC,2.5794403654915175
2022,LIE,SWE,2.5783721182532338
2022,PRK,FRA,2.575240507184874
2022,GIB,HUN,2.5563330013651138
2022,GRC,LTU,2.5527918857226517
2022,LIE,DEU,2.5451413128449696
2022,ASM,LVA,2.5427241692374016
2022,QAT,BEL,2.541929907897867
2022,TTO,POL,2.53705084852111
2022,GNQ,DEU,2.5367256150192197
2022,BRB,ROU,2.5366413360797115
2022,BHR,SVN,2.5290298086221044
2022,CPV,EST,2.516419974844971
2022,SRB,ESP,2.510248269404427
2022,GNQ,POL,2.506407349660268
2022,SLB,IRL,2.502658755970134
2022,BHS,ESP,2.4889398983920787
2022,CHL,EST,2.4775493005239833
2022,MCO,CYP,2.476961349645428
2022,URY,HUN,2.4721616762064538
2022,LVA,PRT,2.470211038924065
2022,TLS,PRT,2.4585834620831553
2022,KAZ,CZE,2.4508275125293046
2022,KAZ,FIN,2.4470234364805403
2022,DOM,ITA,2.446857533044114
2022,PYF,ESP,2.430912247149495
2022,BHR,MLT,2.420142329775723
2022,ISL,DEU,2.402730903154997
2022,PRY,PRT,2.388574062254708
2022,GIN,CYP,2.3756838077239464
2022,CHL,SVK,2.340423344793979
2022,ASM,FIN,2.329365716962543
2022,BMU,SVN,2.3200664349701245
2022,LCA,IRL,2.3200026966001754
2022,GBR,LTU,2.314234565906097
2022,PRY,AUT,2.3069425379318687
2022,URY,POL,2.3043582801804945
2022,TTO,ESP,2.2968201630066516
2022,CPV,BEL,2.2965634609361354
2022,KWT,BEL,2.296499475823586
2022,KAZ,LVA,2.2832558932437332
2022,ZAF,LTU,2.277739140533947
2022,EST,ESP,2.276748923157762
2022,MLT,CZE,2.273993776728839
2022,KAZ,SVK,2.272331027266602
2022,SYC,ESP,2.2630786897547086
2022,MLT,FIN,2.247521687512266
2022,CYP,DNK,2.2156508024715227
2022,BGR,LVA,2.2156410877775006
2022,ROU,CYP,2.21497759062004
2022,MCO,EST,2.197942204632733
2022,SWE,SVN,2.1871616303874006
2022,BIH,BGR,2.1868296578268143
2022,KWT,MLT,2.172865098195968
2022,AUT,BGR,2.1622359993601403
2022,GIN,EST,2.0976869084545933
2022,MMR,ROU,2.0604713938203734
2022,QAT,POL,2.058264547996167
2022,BHR,LVA,2.048520874623181
2022,LBR,AUT,2.028557247361351
2022,JOR,SWE,1.9888833273044086
2022,LKA,HUN,1.9825348597696157
2022,ROU,EST,1.9721235022931816
2022,DNK,BGR,1.9678340017791667
2022,KWT,CZE,1.9540519986701328
2022,LBR,ROU,1.9484390371381015
2022,NGA,FIN,1.934660576508315
2022,BHS,HUN,1.9321186555400895
2022,BHS,NLD,1.92944253273169
2022,BEL,CYP,1.9223377216915976
2022,ROU,IRL,1.9190488176219072
2022,GUY,DEU,1.9129150425701464
2022,BGR,EST,1.904986864116128
2022,PRY,LVA,1.8962101182110442
2022,CRI,SWE,1.8911546184128525
2022,GIN,BEL,1.8904100065332503
2022,GBR,LVA,1.8841939502671279
2022,LKA,BEL,1.8563218902827405
2022,LVA,GRC,1.8559913215685262
2022,PAN,SVN,1.8476458418057857
2022,SRB,ITA,1.8257160293058954
2022,ZAF,FIN,1.8211812192807204
2022,VGB,SVN,1.8054950265493752
2022,GIB,AUT,1.7707782435459536
2022,BHR,FIN,1.7680939725728635
2022,MHL,HUN,1.762895098478044
2022,MLT,HRV,1.760708245116708
2022,BHR,SVK,1.7503175019964161
2022,ISL,SWE,1.747958537183042
2022,KHM,AUT,1.746990747128994
2022,MMR,CYP,1.7376338301763228
2022,TTO,HUN,1.7310714735839607
2022,GRC,IRL,1.7286156911914243
2022,GRC,BEL,1.7236868242347292
2022,PRI,HRV,1.7159243517466416
2022,MHL,BEL,1.6982530330092325
2022,LKA,AUT,1.691098355480967
2022,MUS,PRT,1.6841479397936334
2022,GTM,LVA,1.6751506606143904
2022,BHS,BEL,1.6687659637080423
2022,ASM,SVN,1.665810628199748
2022,TLS,HRV,1.619024457054574
2022,NGA,CZE,1.6142893876319029
2022,BEL,DNK,1.6003239105943639
2022,GGY,LTU,1.5901822072277703
2022,MKD,ITA,1.5890676186111534
2022,BGR,FIN,1.5580590596323183
2022,WSM,NLD,1.5456280665355009
2022,CRI,ROU,1.5445913822080923
2022,DNK,GRC,1.542406709153989
2022,TTO,CYP,1.530542873846614
2022,PNG,HUN,1.529927246203894
2022,HUN,CYP,1.527768993520087
2022,HUN,GRC,1.524347886870077
2022,MMR,EST,1.5115461464625364
2022,NGA,DNK,1.501202928943345
2022,CHL,LTU,1.4976800439185844
2022,TTO,ITA,1.496658829724288
2022,MUS,GRC,1.4959932410906465
2022,QAT,DEU,1.4942455443156981
2022,CRI,FRA,1.4919590199604378
2022,WSM,DEU,1.4794407890469707
2022,URY,FRA,1.47681095983169
2022,CYM,SVN,1.4743227463111184
2022,MCO,ITA,1.471447742972618
2022,BGR,SVK,1.468682942355033
2022,SWE,CYP,1.468643629964289
2022,HUN,DNK,1.4660931084154813
2022,CYP,LTU,1.4648509707247892
2022,CUW,PRT,1.4457255625562084
2022,LKA,ROU,1.4368067705873961
2022,ASM,DNK,1.4366319573523416
2022,URY,ROU,1.4264508625280754
2022,BHS,ITA,1.4220124923767599
2022,TTO,SWE,1.4180725776118135
2022,SSD,POL,1.4087779339825837
2022,SSD,DEU,1.3995744914156065
2022,MKD,SVK,1.3901522475883328
2022,MKD,ROU,1.3852212604814949
2022,CRI,HRV,1.3749029235831116
2022,DOM,ROU,1.3726338174470487
2022,PNG,BEL,1.3700021117477084
2022,LAO,BEL,1.3693386706462065
2022,PRI,PRT,1.3650790211068156
2022,TLS,SVK,1.3617583328684746
2022,PYF,NLD,1.3549288923714085
2022,BRB,PRT,1.3495181770098812
2022,TTO,EST,1.342118308517029
2022,IRN,AUT,1.3413418266643995
2022,ASM,MLT,1.3404760646436302
2022,URY,HRV,1.328918049555111
2022,BHR,LTU,1.3268376717263228
2022,MDG,POL,1.326066573397738
2022,UGA,AUT,1.3257603355243197
2022,VUT,ESP,1.3242151785089473
2022,ASM,BGR,1.321332489452733
2022,GNQ,CYP,1.3211027522666579
2022,MCO,ROU,1.3187226495501188
2022,WSM,POL,1.3171529138915394
2022,IRN,CYP,1.3160524567875347
2022,MHL,POL,1.3154088527889574
2022,MUS,BGR,1.3153754566530653
2022,LBR,LTU,1.3139771665412692
2022,PRI,DNK,1.3107718209804433
2022,LTU,DEU,1.309222632187178
2022,DOM,PRT,1.2956620474128069
2022,CUW,HRV,1.2941818732823762
2022,MKD,CZE,1.293770682492653
2022,GTM,LTU,1.2930114002233069
2022,MHL,DEU,1.2893469515770057
2022,NGA,BGR,1.2861125377831775
2022,CPV,SWE,1.2751732549106503
2022,PRK,IRL,1.2633991706331849
2022,WSM,BEL,1.2580214269308436
2022,MCO,HUN,1.2514350822295985
2022,BGR,CZE,1.2426771004507702
2022,PRI,FIN,1.2376065301295944
2022,PRI,LVA,1.2322963035864858
2022,WSM,ITA,1.2313296454439164
2022,TLS,CZE,1.2177019203195252
2022,BRB,HRV,1.216929417629003
2022,LCA,NLD,1.2150656776922015
2022,GNQ,BEL,1.211576552425164
2022,JOR,AUT,1.2041033934676075
2022,UZB,DEU,1.1917967520857804
2022,LVA,BGR,1.1914369024873765
2022,LKA,MLT,1.184422140581523
2022,HUN,EST,1.1822323381896918
2022,LKA,CZE,1.178210360815107
2022,DOM,HRV,1.1778505556966727
2022,FSM,ESP,1.1766524739818616
2022,IRN,ROU,1.1763579818443595
2022,KHM,ROU,1.1753126968401535
2022,CRI,AUT,1.1734858445710372
2022,UZB,BEL,1.1721144781525445
2022,GIN,HUN,1.1706505988460283
2022,GNQ,EST,1.1682901287685863
2022,PYF,DEU,1.167690494728363
2022,SWE,DNK,1.1669978522556506
2022,CPV,ITA,1.1539272448276476
2022,IRN,EST,1.1531051973398718
2022,SVK,BGR,1.1485998928864591
2022,MLT,SVN,1.1372182810365206
2022,QAT,SWE,1.136495642667254
2022,PNG,POL,1.1361611045219426
2022,ZAF,DNK,1.1298569641787883
2022,LUX,SVK,1.1273167974893101
2022,UGA,ROU,1.1266091894679124
2022,URY,AUT,1.1237870531456111
2022,ROU,CZE,1.1212847183619903
2022,WSM,SWE,1.118738070449841
2022,UZB,POL,1.1179484045345796
2022,CPV,HUN,1.105993508777963
2022,CRI,PRT,1.1051262273242226
2022,UZB,SWE,1.1044949528761376
2022,LBN,SWE,1.102650484854611
2022,ISL,AUT,1.0984636062470727
2022,GIN,SWE,1.097130915483461
2022,CPV,IRL,1.0967918691902392
2022,CUW,AUT,1.0960855807317966
2022,LAO,DEU,1.0885529210513167
2022,QAT,HUN,1.085823490088993
2022,KAZ,MLT,1.0840567926100433
2022,PRY,SVK,1.083960092112855
2022,GRC,SVK,1.0832307173993116
2022,GUY,POL,1.0826816042570253
2022,PRY,GRC,1.0800155769192783
2022,PRT,GRC,1.079215203661997
2022,CUW,LTU,1.0765302992366064
2022,JEY,LVA,1.076025234587373
2022,MDG,DEU,1.0676263445275458
2022,BHR,DNK,1.0657127587250979
2022,QAT,AUT,1.0629598895175214
2022,GGY,GRC,1.0574231541295147
2022,MKD,FIN,1.0498626601296244
2022,DOM,AUT,1.0415642909511609
2022,GIN,IRL,1.0382730629254833
2022,TLS,LVA,1.0334381934921377
2022,KWT,FIN,1.024725876601848
2022,MNG,ESP,1.0171139039221435
2022,PNG,DEU,1.0154737500244169
2022,LAO,POL,1.0138514565940617
2022,DJI,ESP,1.0121871631001969
2022,GUY,BEL,1.0120370536031214
2022,GIB,LTU,1.0099509187579516
2022,BHS,POL,1.0088445520663414
2022,ISL,HUN,1.0054641718759725
2022,LAO,HUN,1.000280244706063
2022,BRB,AUT,0.9995266238903182
2022,SVK,HRV,0.9978263311057898
2022,UGA,LTU,0.9925790681157122
2022,VCT,NLD,0.9884471405273343
2022,LIE,AUT,0.9837097450372679
2022,PYF,POL,0.9817991164114102
2022,PRI,LTU,0.9788608919969659
2022,MUS,CZE,0.9780554722272788
2022,PYF,BEL,0.9742630576334878
2022,LBR,CZE,0.9669059906307845
2022,GIN,ITA,0.9645499591355821
2022,MLT,SVK,0.962956243299965
2022,ROU,BEL,0.9610634443098668
2022,FSM,NLD,0.9561267405990082
2022,CRI,LVA,0.9540656250215908
2022,CYP,BEL,0.9522652201579879
2022,KWT,DNK,0.9514602102318812
2022,MUS,FIN,0.9462180506900295
2022,SWE,LVA,0.9439948019425968
2022,BRB,LTU,0.9438868197712074
2022,CHL,BGR,0.939795212332097
2022,NGA,SVK,0.9321616323629177
2022,KAZ,LTU,0.9306810905877695
2022,GGY,PRT,0.9194330500212154
2022,TLS,GRC,0.9192566396411095
2022,IMN,LTU,0.9188023740245251
2022,DNK,HRV,0.9063906704908882
2022,PRY,LTU,0.9057127562321304
2022,URY,LVA,0.9004659632438583
2022,GTM,CZE,0.899108184609957
2022,DJI,NLD,0.8941611816034735
2022,SYC,POL,0.890378151799523
2022,LIE,CYP,0.8892525569799012
2022,DOM,GRC,0.8876021691402622
2022,PRY,CZE,0.886639398128465
2022,MMR,HRV,0.8859047164461796
2022,IRN,ITA,0.8839951052594248
2022,PRT,ROU,0.8814866468384719
2022,AUT,FIN,0.8798461635903273
2022,SYC,DEU,0.8789641995508778
2022,CHL,SVN,0.878043854829989
2022,MHL,SWE,0.8757785063711521
2022,DNK,IRL,0.8743522898824938
2022,MCO,AUT,0.8739758849822313
2022,TLS,FIN,0.8678841230762799
2022,UZB,HUN,0.8619740848651835
2022,PYF,SWE,0.8594420181935447
2022,GEO,ESP,0.8581990144645054
2022,LBR,GRC,0.8542462038545018
2022,GGY,CZE,0.8542326091052092
2022,SRB,BEL,0.8525262062304526
2022,WSM,HUN,0.8453351164730338
2022,PRT,HRV,0.8438918574664276
2022,UZB,NLD,0.8367236589782407
2022,URY,SWE,0.8354001574163884
2022,GTM,SVN,0.8308924399638733
2022,GTM,SVK,0.8275409981165404
2022,CUW,LVA,0.8212242922042781
2022,DNK,LVA,0.8172205391121217
2022,LBN,FRA,0.8157139150982601
2022,GUY,ESP,0.8129112509882944
2022,LBR,PRT,0.8059662371255399
2022,URY,BEL,0.8058424867227689
2022,LIE,HUN,0.8037145755012481
2022,MKD,GRC,0.8033017051091492
2022,LTU,NLD,0.8018445127352888
2022,GNQ,SWE,0.8008047131924569
2022,GNQ,IRL,0.7988695963917105
2022,GNQ,HUN,0.7926923536712566
2022,TLS,LTU,0.7888598103528826
2022,LAO,SWE,0.7878089582519292
2022,GUY,SWE,0.7845195324258442
2022,MDA,ESP,0.7840499805634098
2022,GTM,DNK,0.784026933846304
2022,PRY,MLT,0.7824623928699335
2022,LIE,EST,0.781007876340447
2022,VUT,NLD,0.7766222165828824
2022,BEN,NLD,0.776144385679491
2022,JOR,ROU,0.774430589804317
2022,GNQ,ITA,0.7729555901278916
2022,BRB,LVA,0.7718959612070765
2022,MMR,SVK,0.7716882044782929
2022,GGY,FIN,0.7659585637621145
2022,ZAF,PRT,0.761175199732771
2022,ROU,SWE,0.7547524187775975
2022,LBN,ESP,0.7544878102011797
2022,BHS,FRA,0.7544463799574507
2022,PRI,SVK,0.7540026759102085
2022,GTM,BGR,0.7535509942258451
2022,SSD,CYP,0.7518371542871742
2022,CUW,GRC,0.7517220383489998
2022,IMN,GRC,0.7501145415703099
2022,JEY,MLT,0.7491567004264682
2022,SLV,HUN,0.7490663183392408
2022,LBR,FIN,0.7468613567287086
2022,PRY,DNK,0.7443582924104277
2022,SRB,PRT,0.7433084703184254
2022,BHS,ROU,0.741798607494655
2022,LVA,CZE,0.7370972847600906
2022,LTU,BEL,0.7359856905511727
2022,VCT,DEU,0.7346690836262059
2022,NGA,SVN,0.7321655178193021
2022,IMN,CZE,0.728216566903367
2022,BHS,HRV,0.726175698900293
2022,ZAF,BGR,0.7251793618975324
2022,LTU,ROU,0.7192803129112837
2022,BOL,FRA,0.7183297454069885
2022,GTM,MLT,0.7109867107934664
2022,MDG,SWE,0.7090804736711099
2022,ZAF,GRC,0.7079104392360306
2022,LKA,FIN,0.7067462541777645
2022,SLV,DEU,0.7067290324505898
2022,URY,PRT,0.7033436041768534
2022,PRY,BGR,0.698770822801437
2022,DOM,LVA,0.697627281248256
2022,LBN,ROU,0.6968671983544261
2022,BRB,GRC,0.6909674297333186
2022,SVK,FIN,0.689514345746597
2022,TLS,SVN,0.6869892670169201
2022,GGY,SVK,0.6853235639117982
2022,PYF,HUN,0.6827028485745199
2022,GUY,CYP,0.6801107742030633
2022,LBN,MLT,0.6785506088381421
2022,LTU,SWE,0.6741574326520677
2022,UGA,GRC,0.6715892218829762
2022,PYF,ITA,0.6684185103915485
2022,KHM,CYP,0.668363768204052
2022,SSD,BEL,0.667723006123942
2022,BOL,ITA,0.6666149822901809
2022,SSD,EST,0.6642821147433482
2022,GRC,LVA,0.6600802356572799
2022,KWT,HRV,0.6593275296672232
2022,LIE,ROU,0.6566301724583898
2022,WSM,AUT,0.6564921795328283
2022,IMN,SVK,0.6516970648437301
2022,BRN,ESP,0.6495463091481855
2022,KHM,ITA,0.6408169653938842
2022,VUT,DEU,0.6373198898308073
2022,BGR,LTU,0.6364202379776408
2022,FRO,FRA,0.633991825968151
2022,SLV,BEL,0.6310464004279921
2022,EST,POL,0.6288474209507641
2022,MDG,CYP,0.6271994843336198
2022,GIB,GRC,0.6255161758044746
2022,MMR,CZE,0.6240861329519608
2022,BHR,BGR,0.6232633894270208
2022,IMN,FIN,0.6202997583048444
2022,GRC,EST,0.6177258994255093
2022,KWT,PRT,0.6171987383492639
2022,URY,CYP,0.6113825123932972
2022,KHM,HRV,0.6088742760037931
2022,FSM,DEU,0.6054429935306367
2022,TTO,ROU,0.6018554646684066
2022,MLT,IRL,0.599979285899438
2022,LVA,FIN,0.5997865946262427
2022,GUY,EST,0.5980412105497831
2022,TTO,FRA,0.5964241210090244
2022,GUY,HUN,0.5948749920101387
2022,CYP,SVN,0.5929663709574498
2022,BGR,IRL,0.5922321976339769
2022,KHM,SVK,0.589324741769988
2022,SVK,CZE,0.581037776885858
2022,LBN,AUT,0.5790722455034556
2022,LTU,CYP,0.5789293693726876
2022,BOL,DEU,0.5781245150237558
2022,UZB,ITA,0.5760057088955459
2022,MHL,AUT,0.5747311758786177
2022,CUW,CZE,0.5737999298561025
2022,GIB,PRT,0.573687969571831
2022,PNG,SWE,0.5730622833398745
2022,SVK,SVN,0.5712355776251752
2022,KHM,EST,0.570680340823109
2022,MMR,LVA,0.567771580930836
2022,MDG,EST,0.5673279088061793
2022,LBN,CZE,0.5611341062177838
2022,CRI,SVK,0.560233334722676
2022,MDG,BEL,0.559462446387515
2022,UGA,CZE,0.5581712618388814
2022,GGY,BGR,0.5569449129811147
2022,GUY,ITA,0.5566990629757244
2022,CRI,LTU,0.5557370980385563
2022,UZB,AUT,0.5526405885423674
2022,UGA,PRT,0.5505939083798057
2022,LBR,BGR,0.5498538855755442
2022,KAZ,BGR,0.5493295588500252
2022,KWT,LTU,0.5458247095022587
2022,PRT,MLT,0.5455838868708349
2022,SRB,LTU,0.5433374873217482
2022,IMN,PRT,0.5430182410186645
2022,VUT,POL,0.5412646443828539
2022,BIH,IRL,0.5388170578165457
2022,CUW,BGR,0.5369130385774584
2022,HUN,CZE,0.5344966237815072
2022,VUT,BEL,0.5332536395524841
2022,MKD,NLD,0.5326054516829002
2022,GTM,FIN,0.5317117242415379
2022,LBN,POL,0.530205659303158
2022,IRN,HRV,0.5275225801113403
2022,QAT,ROU,0.5274912639962581
2022,URY,SVK,0.5224466101964285
2022,MKD,CYP,0.5214537525792586
2022,KHM,NLD,0.5198893646064153
2022,JEY,DNK,0.5180349677925101
2022,FSM,POL,0.5172647124916926
2022,BHS,AUT,0.5145836722746625
2022,TLS,DNK,0.5144721129030231
2022,URY,GRC,0.514399931637659
2022,PNG,AUT,0.512597345046742
2022,GIB,CZE,0.5053296288603847
2022,GGY,SVN,0.5045086951880505
2022,TLS,MLT,0.4995661614088426
2022,CPV,AUT,0.4967397687201814
2022,MMR,PRT,0.4954261084845972
2022,BRB,CZE,0.49469235471631545
2022,BGR,SVN,0.4923282909712667
2022,BEL,FIN,0.4889167885610709
2022,BHS,LVA,0.4888699994997812
2022,DOM,LTU,0.4883886289151793
2022,KWT,EST,0.48791268910963975
2022,PRI,GRC,0.4876929241886364
2022,BRB,BGR,0.4863698627811211
2022,SYC,CYP,0.4845673576230415
2022,URY,EST,0.48443870111939613
2022,CRI,CZE,0.48400231737245747
2022,CYP,HRV,0.48055607353820534
2022,CUW,SVK,0.48052969034704296
2022,PRT,FIN,0.47875322711426976
2022,DNK,SVN,0.4736180514000315
2022,IMN,SVN,0.4730876117284304
2022,BHS,SWE,0.472234928863811
2022,KWT,CYP,0.4717960347995358
2022,VUT,SWE,0.4687140570963476
2022,WSM,ROU,0.46817088928377304
2022,KWT,LVA,0.4668471365721164
2022,IRN,SVK,0.46546030112517334
2022,UGA,FIN,0.4641088237324128
2022,BEL,HRV,0.46399638404935095
2022,SRB,NLD,0.462509475534267
2022,KHM,CZE,0.4622054562954309
2022,LIE,ITA,0.46013422330834536
2022,GIB,FIN,0.46008169654652376
2022,PRT,SVN,0.45718859128054984
2022,TLS,BGR,0.45484717114019413
2022,PRI,BGR,0.45336216212549235
2022,MUS,AUT,0.45199460148288384
2022,ROU,GRC,0.45189433955095737
2022,UZB,ROU,0.45036583420326215
2022,MKD,PRT,0.447119779793278
2022,SSD,IRL,0.44563759462628505
2022,FSM,BEL,0.4449430091154059
2022,BRB,SVK,0.44479734562955253
2022,TTO,HRV,0.4446469223351484
2022,KWT,NLD,0.4438164390772781
2022,CPV,ROU,0.44167039064350455
2022,MMR,FIN,0.44143641091381686
2022,SSD,ITA,0.43830884787307245
2022,DOM,SVK,0.4364161510331731
2022,UGA,BGR,0.4361898831364066
2022,PRY,FIN,0.4355114138800701
2022,FSM,SWE,0.4353310806836531
2022,HUN,FIN,0.4348798968230764
2022,LAO,AUT,0.43084079496422406
2022,SYC,EST,0.42829636736196375
2022,TTO,PRT,0.4279815703159705
2022,LVA,HRV,0.42749134375585124
2022,VCT,ESP,0.42739719959696765
2022,JOR,NLD,0.4264992753057636
2022,JOR,HRV,0.42624064901609493
2022,MDG,HUN,0.4239579757733716
2022,LCA,DEU,0.42187839739883476
2022,SSD,HUN,0.4208411204692418
2022,LBR,SVK,0.4203927045703328
2022,JOR,CYP,0.4202368804372084
2022,FSM,ITA,0.4182836794136446
2022,ISL,ROU,0.4160446811838479
2022,JOR,ITA,0.41584436741310393
2022,LKA,LTU,0.41516733397452765
2022,MMR,GRC,0.4132776700314928
2022,GIN,AUT,0.4115034364789881
2022,SYC,BEL,0.4096284301924434
2022,JOR,SVK,0.4090944105985314
2022,CYP,LVA,0.40885339806495824
2022,LKA,DNK,0.4087528341480695
2022,MNG,BEL,0.4058605091887614
2022,CRI,DNK,0.40445005403406165
2022,DOM,CZE,0.4044345988224761
2022,CRI,MLT,0.40322015280729995
2022,MHL,ROU,0.4026117420543642
2022,PYF,AUT,0.4021724772449854
2022,CPV,LTU,0.40153703367705296
2022,CRI,BGR,0.4015156134796778
2022,CUW,MLT,0.40068485241288987
2022,KHM,LVA,0.3979787959020362
2022,PRT,SVK,0.3965692115927494
2022,VCT,BEL,0.39621316248604543
2022,MMR,SVN,0.396183170959206
2022,ISL,ITA,0.39536950948022936
2022,LBR,MLT,0.39481929733277676
2022,SSD,SWE,0.38976913221091936
2022,KWT,SVK,0.38891740138607667
2022,IRN,CZE,0.3882266807386208
2022,JEY,IRL,0.3876697569136693
2022,BEN,ESP,0.38568553979549913
2022,WSM,CYP,0.3849897698475555
2022,PRY,SVN,0.38409447961676857
2022,LTU,ITA,0.3817091698898228
2022,LBN,HUN,0.3811385351376142
2022,GIN,ROU,0.3808956344159232
2022,CUW,DNK,0.37886504571676427
2022,MKD,EST,0.3749565144038296
2022,URY,MLT,0.3742059527046307
2022,SVK,DNK,0.37202788572685447
2022,MLT,LVA,0.3701830068667161
2022,GIB,SVK,0.370039137238907
2022,HUN,SVK,0.3693145671978012
2022,LBR,SVN,0.36897370467108914
2022,MDG,ITA,0.36477089046307304
2022,MDG,ROU,0.3633500706793184
2022,BHS,PRT,0.3633452749835373
2022,BHS,CYP,0.3581374070994515
2022,MCO,LTU,0.3571539641130963
2022,SWE,FIN,0.35653084878959956
2022,TTO,AUT,0.35521976565300767
2022,JOR,EST,0.3546989865168473
2022,VUT,HUN,0.35350478896997106
2022,CUW,FIN,0.3530116141181828
2022,GIB,BGR,0.347719442156897
2022,VUT,ITA,0.3471201459298858
2022,MDG,AUT,0.34515147582403155
2022,QAT,CZE,0.344484104613708
2022,BRB,DNK,0.3444753903391575
2022,URY,CZE,0.34203613026491897
2022,GIN,LTU,0.34029868989529244
2022,CYP,EST,0.33842275835263325
2022,BRB,MLT,0.3383518452081853
2022,IRN,LVA,0.3371932380103278
2022,HUN,HRV,0.336921991969077
2022,CRI,GRC,0.33664044641424434
2022,GNQ,AUT,0.3365898317784624
2022,WSM,EST,0.335139943697209
2022,IMN,BGR,0.33330799257443977
2022,NGA,HRV,0.3315825888925892
2022,PNG,ROU,0.33008838601783724
2022,CYP,SVK,0.3299825230903831
2022,BGR,MLT,0.3266935407265271
2022,VCT,HUN,0.3259799281963109
2022,MUS,HRV,0.3224165847685566
2022,PYF,ROU,0.32233537341925567
2022,DOM,BGR,0.3202645245025333
2022,PRI,SVN,0.3198726953647278
2022,GRL,IRL,0.3193147321950245
2022,JOR,CZE,0.31653768600249
2022,KWT,GRC,0.3160802716358791
2022,KHM,FIN,0.31564413711831957
2022,MDG,IRL,0.31406410277497304
2022,PYF,CYP,0.31297890279221413
2022,DJI,POL,0.31126721673539004
2022,BOL,POL,0.31124311398068066
2022,MMR,LTU,0.30944259979267713
2022,CPV,CZE,0.30825285687960646
2022,GEO,BEL,0.3079151335115051
2022,CPV,GRC,0.3075092846762392
2022,KHM,SVN,0.3058070046697347
2022,MDG,CZE,0.3056188904040213
2022,ROU,LTU,0.30510727202564886
2022,ISL,CYP,0.30500066807657955
2022,BRB,FIN,0.30237759661895575
2022,UGA,SVK,0.3021577677999424
2022,MNG,HUN,0.3019931990615855
2022,BHS,EST,0.3010556491871513
2022,ZAF,SVN,0.3005179660920412
2022,QAT,SVK,0.2999253923372229
2022,SLB,ESP,0.2996341824922465
2022,SYC,IRL,0.29663203473740507
2022,LKA,NLD,0.2946933501285931
2022,EST,PRT,0.2941798943872691
2022,LAO,ROU,0.2935884746780567
2022,KWT,SVN,0.29283074620157173
2022,LKA,SVK,0.29007574000878955
2022,CYP,ITA,0.2887404001816502
2022,MHL,HRV,0.2879183540304663
2022,GNQ,ROU,0.2877173139778171
2022,TTO,LVA,0.2873272016607721
2022,SRB,GRC,0.28686595136592563
2022,LBN,FIN,0.28642131073513943
2022,BIH,DNK,0.2846919438368597
2022,FSM,HUN,0.284664414373922
2022,SYC,ITA,0.28466107878986024
2022,BHS,SVK,0.28343714149344834
2022,JOR,LVA,0.28142085623878
2022,BOL,HRV,0.2808922775164558
2022,PNG,HRV,0.2803939246911278
2022,MNG,POL,0.2765520676139554
2022,GIB,SVN,0.27617053134148517
2022,URY,DNK,0.27481220538307105
2022,PYF,EST,0.2737583574222212
2022,BOL,ROU,0.27337355881465036
2022,BEL,SVN,0.27336650466324847
2022,IRN,FIN,0.2727704109559235
2022,DOM,SVN,0.27276856392231963
2022,LTU,AUT,0.27183752238158904
2022,DOM,MLT,0.2690144430730353
2022,SYC,HUN,0.26779952395136314
2022,CYP,IRL,0.2670652290492544
2022,IRN,PRT,0.2659639085877466
2022,GUY,FRA,0.26504612814514467
2022,LVA,SVN,0.26496558286444116
2022,DJI,BEL,0.26363317845428674
2022,ISL,EST,0.26334377301513767
2022,LBR,HRV,0.2627378475245033
2022,MHL,NLD,0.2627098114132141
2022,MDG,MLT,0.2610071333647079
2022,MNG,DEU,0.2590483445681212
2022,UZB,CYP,0.25873553816272654
2022,MDA,BEL,0.2587296293537497
2022,HUN,LTU,0.25699978179391586
2022,GEO,POL,0.25639128781708426
2022,LKA,ITA,0.25516445388390646
2022,CRI,FIN,0.2550863688779955
2022,DJI,DEU,0.2533916252465831
2022,GUY,ROU,0.24986921765381678
2022,LCA,POL,0.24961813642335834
2022,UGA,SVN,0.24920435668303553
2022,ZAF,HRV,0.24659490485538865
2022,DOM,DNK,0.2464970795118509
2022,MCO,GRC,0.24630947360193406
2022,MLT,DNK,0.24366009422434273
2022,KHM,GRC,0.24197018187325645
2022,SYC,SWE,0.24140138288412893
2022,ISL,SVK,0.24115663913415628
2022,IRN,GRC,0.24101955885376455
2022,VCT,ITA,0.23985816453737313
2022,IRN,SVN,0.2397084109473988
2022,PNG,NLD,0.238725986174046
2022,SLV,ESP,0.2382475914128231
2022,LKA,HRV,0.2377540045933246
2022,BOL,NLD,0.235275892979698
2022,GNQ,CZE,0.23481704030945488
2022,MMR,MLT,0.23470916999570124
2022,ISL,CZE,0.23299406931474792
2022,SLV,POL,0.2328145633772044
2022,UZB,EST,0.23063517419629706
2022,MHL,SVK,0.2305897119541113
2022,QAT,FIN,0.22786088341451619
2022,ROU,AUT,0.2275358019049818
2022,EST,GRC,0.22709886697099627
2022,IRN,LTU,0.2267451804433146
2022,LBN,DNK,0.2266948370911332
2022,QAT,HRV,0.2262771062637277
2022,BRN,BEL,0.22617448479871868
2022,MCO,PRT,0.22566700907777834
2022,VCT,POL,0.22504176874644352
2022,PNG,SVK,0.2242372855247112
2022,DOM,FIN,0.22213058627478438
2022,TTO,LTU,0.22155547761953545
2022,LCA,BEL,0.21954147331345228
2022,LIE,SVK,0.2189432594954766
2022,MMR,DNK,0.21890856294588407
2022,MHL,CYP,0.21818710151439635
2022,GEO,DEU,0.2181426054277727
2022,HUN,IRL,0.21796214233232405
2022,SLV,FRA,0.21785788444482265
2022,ZAF,LVA,0.21766862265317521
2022,MMR,BGR,0.21607793503457945
2022,VUT,AUT,0.21508858817880205
2022,KHM,PRT,0.21467220011289226
2022,JOR,FIN,0.2144965966005098
2022,GIN,GRC,0.21306369826891847
2022,MDA,POL,0.2123081266750176
2022,LIE,CZE,0.21180907113574052
2022,SLV,ITA,0.21179350235712954
2022,JOR,SVN,0.21135567647186004
2022,SLV,HRV,0.2092097819251323
2022,MCO,CZE,0.2077407671849444
2022,BHS,MLT,0.20693886470394812
2022,FSM,AUT,0.20642548108848527
2022,TTO,GRC,0.20387782165820445
2022,GRC,NLD,0.20187166217684996
2022,MHL,ITA,0.20136888310567364
2022,BOL,BEL,0.20123664776805794
2022,BOL,SWE,0.20091021493104716
2022,PNG,LVA,0.20037098555753796
2022,SLV,ROU,0.2001273408611315
2022,QAT,MLT,0.20003008208684495
2022,GNQ,LTU,0.19975170547674836
2022,CUW,SVN,0.19967928198391866
2022,LTU,HRV,0.19958690252641853
2022,ISL,FIN,0.19928156537762637
2022,SVK,LVA,0.19727272864319517
2022,UZB,CZE,0.197025866609635
2022,MKD,LTU,0.195889005537742
2022,LKA,EST,0.19546575923542492
2022,MHL,LVA,0.19541514756206033
2022,BOL,LVA,0.19508118289625043
2022,LKA,SVN,0.1921371022632324
2022,FSM,CYP,0.19155419101932789
2022,LCA,SWE,0.191179624991419
2022,MUS,SVN,0.19064306530918645
2022,GGY,HRV,0.19006024838267513
2022,MCO,FIN,0.18591532934951177
2022,CYP,BGR,0.1845639245286614
2022,MHL,EST,0.18397560602525792
2022,QAT,NLD,0.18312664652203275
2022,BHS,CZE,0.18285591340507373
2022,BOL,AUT,0.18285059695567815
2022,GIN,PRT,0.18227981588813164
2022,BRB,SVN,0.18170531665546472
2022,PRT,DNK,0.18124912707618426
2022,URY,BGR,0.18093451166585636
2022,CPV,FIN,0.1791088434142708
2022,GIN,CZE,0.1786798353139492
2022,SRB,AUT,0.17859418669550925
2022,LIE,FIN,0.17835942245291292
2022,BRN,POL,0.17736600418232512
2022,SSD,AUT,0.17726009007309182
2022,LKA,LVA,0.17720290323937765
2022,CPV,BGR,0.1765084943973688
2022,VUT,CYP,0.17509074170987496
2022,LCA,ESP,0.1746144546317726
2022,SLV,NLD,0.17452101452757135
2022,CYP,DEU,0.17391098548022357
2022,ZAF,SVK,0.17303116061159476
2022,VUT,ROU,0.17188537660687048
2022,JOR,GRC,0.17153426341857544
2022,MHL,CZE,0.17084099961295315
2022,URY,SVN,0.17039938831788376
2022,MDA,DEU,0.16986621844333927
2022,FSM,ROU,0.16981848420218823
2022,LTU,PRT,0.1696499886470363
2022,QAT,SVN,0.16887125922011653
2022,LIE,GRC,0.16835903052982343
2022,FSM,EST,0.1680863459889692
2022,CPV,SVK,0.16804639439775937
2022,WSM,HRV,0.1674845920517223
2022,MCO,SVK,0.16728803761844718
2022,KHM,MLT,0.16662947540219003
2022,PNG,CZE,0.16530510128949022
2022,BHS,GRC,0.1651924359920574
2022,LAO,CYP,0.16479983891233538
2022,BHS,DNK,0.1645367944738165
2022,URY,FIN,0.16342765305872003
2022,TTO,SVK,0.16329688114440102
2022,MKD,BGR,0.16216951252103812
2022,PRT,BGR,0.16062198048458443
2022,PRT,EST,0.1604789322215934
2022,LAO,HRV,0.16030297833523913
2022,QAT,LVA,0.15862255227323452
2022,HUN,BGR,0.15855074731024485
2022,PNG,CYP,0.1583720112019557
2022,LCA,CYP,0.15821914731034994
2022,PNG,ITA,0.15820493755668072
2022,UZB,MLT,0.15789360594604332
2022,ISL,SVN,0.15695764596175676
2022,GUY,PRT,0.15614995083542801
2022,ROU,BGR,0.1559618807748621
2022,GIN,FIN,0.1557065115251122
2022,LAO,ITA,0.15509483892583895
2022,SLV,SWE,0.1537474007666835
2022,GNQ,GRC,0.15358248065063265
2022,SLV,LVA,0.1535396914438203
2022,VUT,EST,0.15318949538164678
2022,TTO,CZE,0.15305707170844438
2022,LBR,DNK,0.1529524826194113
2022,MUS,SVK,0.1525189631942851
2022,BOL,CZE,0.15219584715586787
2022,QAT,CYP,0.15202541654770632
2022,GRC,PRT,0.15040723495481936
2022,MDG,FIN,0.14987726441417323
2022,LBN,LTU,0.1494365146823688
2022,GUY,HRV,0.14939657476843435
2022,ROU,HRV,0.14938160370833128
2022,LAO,SVK,0.14920640104146327
2022,HUN,LVA,0.14907767214289608
2022,UZB,HRV,0.14773729363916946
2022,LIE,SVN,0.14773328998194718
2022,GIN,BGR,0.14728372149386096
2022,LAO,NLD,0.1472082190236222
2022,MDG,LTU,0.14553714181854482
2022,PRK,ESP,0.14551732217185986
2022,IRN,BGR,0.1451022854953481
2022,KWT,BGR,0.14300455936156828
2022,JOR,PRT,0.14285437738711987
2022,ISL,GRC,0.1424154314078806
2022,BIH,LVA,0.1423678022757879
2022,LKA,CYP,0.14171253390359514
2022,MKD,IRL,0.14069530890050047
2022,LAO,EST,0.14036917893297648
2022,BRN,DEU,0.14035231167286993
2022,IRN,MLT,0.13955974122995174
2022,LCA,EST,0.13932619329627252
2022,SSD,ROU,0.13905957935130975
2022,TTO,BGR,0.1383439490257295
2022,WSM,SVK,0.13753689013061954
2022,LIE,LTU,0.13610348671357891
2022,MNG,AUT,0.1341344293566624
2022,SVK,IRL,0.1317903542816732
2022,KHM,BGR,0.13136274981068238
2022,MNG,SWE,0.13021419439191328
2022,PNG,EST,0.13019937312972185
2022,LVA,AUT,0.1301396135661979
2022,CRI,SVN,0.12952322593134186
2022,VIR,DEU,0.12858035262307638
2022,IMN,HRV,0.12809150632245508
2022,BOL,CYP,0.12676573716725528
2022,UZB,SVK,0.1266517116706798
2022,BEN,POL,0.1259521463678307
2022,BEN,DEU,0.1257347678237372
2022,QAT,GRC,0.12520023042245568
2022,UGA,HRV,0.12490087115784364
2022,GEO,SWE,0.12478224463557652
2022,KHM,DNK,0.12470136346053487
2022,KHM,LTU,0.1240045264461091
2022,PYF,HRV,0.123810775001474
2022,LCA,HUN,0.12338921590795332
2022,ROU,SVK,0.12312540822771313
2022,WSM,PRT,0.12306512532172519
2022,SSD,CZE,0.12269559321887272
2022,LTU,GRC,0.12213222132001983
2022,LCA,ITA,0.12198895816989172
2022,BOL,SVK,0.12082750647238774
2022,GNQ,PRT,0.12046163002335397
2022,WSM,CZE,0.12030592287583906
2022,QAT,EST,0.12002382341792056
2022,PRT,LTU,0.11988029805042855
2022,UZB,FIN,0.11977805397237679
2022,LKA,PRT,0.11927290902348278
2022,PNG,FIN,0.11906366400475706
2022,MCO,BGR,0.11902317659417425
2022,MCO,SVN,0.11896667632816121
2022,TTO,DNK,0.11817997174861423
2022,CYP,PRT,0.11806410120847226
2022,TTO,MLT,0.11768807446533827
2022,JOR,MLT,0.11764094262268102
2022,GUY,AUT,0.1171292837098442
2022,QAT,ITA,0.11675298628489447
2022,URY,LTU,0.11642300543138707
2022,LAO,CZE,0.1158495237427199
2022,GIB,HRV,0.11561463932974672
2022,EST,AUT,0.11552683879868803
2022,GEO,AUT,0.1152145750632672
2022,SLV,CYP,0.1133248660294402
2022,GNQ,FIN,0.11250322302329832
2022,IRN,DNK,0.11039703088098674
2022,SSD,LTU,0.11005189956706518
2022,BOL,EST,0.10898498411895616
2022,MHL,FIN,0.10807072318391461
2022,WSM,LVA,0.10766921036179238
2022,MHL,SVN,0.10736104540617374
2022,BEL,LVA,0.1058980396862564
2022,VCT,CYP,0.10556692811543292
2022,PRT,CYP,0.1055627032085755
2022,MDA,SWE,0.10537359511828963
2022,LAO,LVA,0.1051194767398099
2022,DJI,CYP,0.10431084692674801
2022,BHS,BGR,0.10426966014652232
2022,SYC,AUT,0.10405942820898129
2022,LBN,BEL,0.10384280647837342
2022,SLB,BEL,0.10331965355169319
2022,DJI,SWE,0.10287334410173574
2022,PYF,SVK,0.0993804347066586
2022,SLV,EST,0.09934291050062831
2022,MDA,AUT,0.09917975755641988
2022,BEL,LTU,0.09820742489514399
2022,LTU,CZE,0.09815107922364993
2022,UZB,LVA,0.09705256056527138
2022,GUY,LTU,0.0966079639384138
2022,GUY,LVA,0.0956034638709273
2022,EST,HRV,0.09408807947173814
2022,GIN,SVK,0.0933324131010817
2022,HUN,SVN,0.09194053951674402
2022,LIE,PRT,0.09143445295608328
2022,SLV,SVK,0.09109632765042744
2022,DJI,EST,0.09104140520502903
2022,JOR,BGR,0.0909665329345382
2022,LBR,LVA,0.09073722382890005
2022,VCT,EST,0.09034480845138837
2022,PNG,SVN,0.09029274410601705
2022,WSM,GRC,0.09028505785644647
2022,BHS,SVN,0.08871572851864322
2022,IMN,IRL,0.08839517148019052
2022,ISL,PRT,0.0876552184410685
2022,SRB,BGR,0.08755923991982278
2022,WSM,FIN,0.08726821373217487
2022,JOR,DNK,0.08714947843405488
2022,DJI,AUT,0.08687080989627494
2022,BEN,CYP,0.08685730756750601
2022,GNQ,BGR,0.08683957885099156
2022,MDG,DNK,0.08678029085793387
2022,ROU,FIN,0.08642027376801124
2022,SSD,GRC,0.08630166628136027
2022,EST,ROU,0.08626604816525735
2022,VIR,FRA,0.08578763311989016
2022,ISL,LTU,0.08563957492047378
2022,PYF,CZE,0.08547730792306112
2022,PYF,PRT,0.08538916545207986
2022,MHL,GRC,0.08538254766125687
2022,QAT,DNK,0.08504310423576328
2022,SYC,ROU,0.0849329448431438
2022,PNG,MLT,0.08489538144871324
2022,BRN,AUT,0.08463796953492281
2022,BRN,SWE,0.08408601731977292
2022,SWE,EST,0.0838415140793642
2022,VCT,ROU,0.08371434112536795
2022,BOL,MLT,0.08366846441944152
2022,GGY,IRL,0.08340515296884002
2022,MHL,MLT,0.08310416448387134
2022,GEO,CYP,0.08269862706051018
2022,VIR,POL,0.08258759043986147
2022,TTO,FIN,0.0822009474650543
2022,SLV,PRT,0.08210051331672387
2022,CPV,SVN,0.08065835708807642
2022,SLB,POL,0.0798369567471699
2022,UZB,PRT,0.0797595882389794
2022,PYF,LVA,0.07960706702770538
2022,SLV,AUT,0.07958307226208668
2022,BEL,EST,0.0785940547997108
2022,GUY,GRC,0.07763589160799314
2022,LAO,FIN,0.07763471353989905
2022,BOL,PRT,0.07748146347171231
2022,VIR,HRV,0.07707882731672351
2022,BEN,EST,0.07707451823917497
2022,LAO,SVN,0.07672292733500533
2022,UZB,DNK,0.07642750777641104
2022,SYC,CZE,0.07638510285905123
2022,VCT,AUT,0.07588700214436846
2022,GIN,SVN,0.075410211086095
2022,MUS,LVA,0.07374711434694912
2022,PNG,GRC,0.07347152456600561
2022,ESP,CYP,0.0733449366281043
2022,UZB,LTU,0.07331777237478646
2022,LKA,BGR,0.07309127544791193
2022,VCT,FRA,0.07302916800220215
2022,UZB,SVN,0.07223772490549774
2022,IOT,FRA,0.0719181193784823
2022,SWE,LTU,0.07169303915010718
2022,LKA,GRC,0.07112726263030755
2022,WSM,LTU,0.07101144196437117
2022,VCT,HRV,0.07093512676368523
2022,JOR,LTU,0.07078731892104557
2022,SYC,LTU,0.07052825062282542
2022,GEO,ROU,0.07025150855095548
2022,VCT,PRT,0.0702058371499202
2022,WSM,SVN,0.06953483198114288
2022,ESP,EST,0.06913394883202406
2022,BHS,LTU,0.06848663415118711
2022,VIR,ROU,0.06832585645456453
2022,VIR,NLD,0.06785086680504185
2022,VCT,SWE,0.06764598336730453
2022,MNG,ROU,0.06690852728649051
2022,LCA,FRA,0.06677664587119904
2022,MDG,GRC,0.06630999519580497
2022,GNQ,SVK,0.06621550734315952
2022,SLV,MLT,0.06598094567003585
2022,VIR,ESP,0.06577915919234292
2022,BEN,FRA,0.06577709367243229
2022,UZB,GRC,0.06553348760936384
2022,AUT,HRV,0.06369138782325506
2022,NGA,LVA,0.06365597596521168
2022,BOL,HUN,0.06235508974229971
2022,PYF,GRC,0.06222711017374958
2022,SSD,PRT,0.062176662058463956
2022,VUT,HRV,0.06197634407434886
2022,TTO,SVN,0.06157901463569883
2022,PYF,FIN,0.06138207338376971
2022,SLB,DEU,0.0611140789439634
2022,GNQ,SVN,0.06103959942518115
2022,LAO,GRC,0.0610191457667541
2022,BHS,FIN,0.060676644478205165
2022,LBN,SVN,0.06050750123695571
2022,BOL,DNK,0.06043422954591354
2022,LTU,BGR,0.06040373321548527
2022,MHL,PRT,0.06024470664128742
2022,DJI,ITA,0.05975788673708525
2022,LCA,ROU,0.059610699378556314
2022,LBN,HRV,0.05957043950894112
2022,SLV,CZE,0.05876495447365184
2022,ISL,NLD,0.05855977076478511
2022,BEN,ITA,0.05855544540380207
2022,GGY,LVA,0.05829744784103076
2022,QAT,BGR,0.05799651165870626
2022,SSD,FIN,0.05754123497904921
2022,GGY,DNK,0.056948998293139486
2022,WSM,DNK,0.05665963510117124
2022,DJI,IRL,0.05649044989285411
2022,GEO,HRV,0.05630649552424609
2022,VIR,LVA,0.0562591738117669
2022,VIR,SWE,0.05623386161794398
2022,GNQ,HRV,0.05607455835352933
2022,GIB,DNK,0.05590227123383263
2022,PYF,LTU,0.05567027226926569
2022,LIE,BGR,0.055384343634287896
2022,GIB,MLT,0.05511649082991571
2022,MHL,BGR,0.055018165968102724
2022,GUY,CZE,0.05495545821530242
2022,VIR,BEL,0.054818014231099464
2022,PLW,FRA,0.05461905726932877
2022,MHL,DNK,0.05451121866128976
2022,GUY,SVK,0.05439274553841793
2022,PNG,DNK,0.054374083550526364
2022,GUY,BGR,0.05429021881608412
2022,WSM,MLT,0.053800758132542405
2022,SYC,GRC,0.053792936795626925
2022,PNG,BGR,0.053769058084860266
2022,BOL,FIN,0.05259803380971984
2022,FSM,HRV,0.0524921295543085
2022,VUT,SVK,0.052163218014665384
2022,EST,SVN,0.05189551210888032
2022,LAO,PRT,0.05144707511801975
2022,PRK,BEL,0.0513882150684184
2022,QAT,LTU,0.051229710136495396
2022,GNQ,MLT,0.05118060738159842
2022,LBN,LVA,0.0509697217394626
2022,PYF,SVN,0.04945035832759902
2022,SLV,DNK,0.049362430015641556
2022,SSD,BGR,0.04893761452216715
2022,FSM,PRT,0.04757989773837336
2022,SRB,IRL,0.047531200070779184
2022,MDG,BGR,0.047168543177370265
2022,GEO,SVK,0.04716641472687698
2022,GEO,NLD,0.04693363513712798
2022,MDG,PRT,0.04654389138569791
2022,VCT,LVA,0.04582174696675741
2022,VUT,CZE,0.04559265176344921
2022,VUT,PRT,0.04535363117278121
2022,VIR,ITA,0.044965118033829674
2022,LAO,MLT,0.044155747634270215
2022,MNG,SVK,0.0438489874722321
2022,MDG,SVN,0.04366191233165185
2022,WSM,BGR,0.043366024339661094
2022,BOL,BGR,0.04333433669056795
2022,FSM,SVK,0.04237330167505043
2022,PRT,LVA,0.04236711117517505
2022,BOL,GRC,0.04223963947773366
2022,GIB,LVA,0.04180315987495603
2022,PNG,PRT,0.04164536784311766
2022,LTU,SVN,0.041278855910856206
2022,PRK,POL,0.04125830390651768
2022,PRK,HUN,0.040835329181195555
2022,LTU,SVK,0.04065756369573885
2022,GUY,DNK,0.04049136521203074
2022,FSM,CZE,0.040119039017818395
2022,MNG,HRV,0.03992675160026997
2022,SYC,PRT,0.03992152900966994
2022,VUT,LVA,0.03948633094236549
2022,AUT,SVN,0.03947370090251485
2022,GEO,LVA,0.03947262049439336
2022,DJI,HUN,0.03941714756318811
2022,LBN,EST,0.03934191142431381
2022,LBN,SVK,0.039154867209014954
2022,SLB,AUT,0.03866139000793739
2022,GUY,MLT,0.0385055942516572
2022,MDG,SVK,0.03843755112498185
2022,SLB,HUN,0.038205228593649186
2022,SLB,SWE,0.03726573050424595
2022,BRN,ROU,0.037198895596526754
2022,FRO,ESP,0.03676600490256186
2022,UZB,BGR,0.03664200781111534
2022,PYF,MLT,0.03638961258809451
2022,PYF,DNK,0.03632558649867138
2022,VIR,CYP,0.03613202371993366
2022,SSD,SVK,0.03574771691626984
2022,GEO,CZE,0.03529409729915137
2022,MCO,HRV,0.035083877336878136
2022,SYC,FIN,0.034889102160936616
2022,VIR,SVK,0.03484042008026368
2022,MNG,NLD,0.03480252751102631
2022,PRK,DEU,0.03433274017507763
2022,MKD,LVA,0.03428165038390338
2022,MHL,LTU,0.03426505912576166
2022,VUT,GRC,0.03418312159653247
2022,ISL,BGR,0.03406221791578933
2022,SLV,BGR,0.03387943549723982
2022,MNG,CZE,0.033855075470751415
2022,LCA,PRT,0.033683296590965715
2022,LAO,BGR,0.03361102771837238
2022,GIN,HRV,0.03340926106254866
2022,VUT,FIN,0.0333395785360269
2022,FSM,GRC,0.03333618874215698
2022,FSM,LTU,0.03327100465892382
2022,FSM,LVA,0.033237996225433664
2022,PYF,BGR,0.033223473476910625
2022,BEN,BEL,0.03280852787199478
2022,SSD,SVN,0.032390456630354184
2022,MDG,HRV,0.03211319722342275
2022,SRB,CZE,0.03203598383865919
2022,LAO,DNK,0.031990691636021626
2022,GUY,FIN,0.03164376985342757
2022,MNG,ITA,0.03147987866187598
2022,SYC,BGR,0.031303905700955835
2022,GEO,ITA,0.03126613475578528
2022,QAT,PRT,0.03125346806889935
2022,VCT,GRC,0.03107789601422695
2022,LCA,HRV,0.031058973201273942
2022,VIR,EST,0.031049891461711044
2022,VUT,LTU,0.03061006867625417
2022,FSM,FIN,0.03020248251146556
2022,LAO,LTU,0.029524307033541974
2022,DJI,ROU,0.0294893405545994
2022,IMN,LVA,0.029440727422821347
2022,BRN,SVK,0.028755830499273008
2022,ROU,SVN,0.028487785688557702
2022,PNG,LTU,0.028195489846580036
2022,DJI,CZE,0.027883110931565425
2022,EST,CYP,0.02760950787549421
2022,ISL,HRV,0.027588186823250465
2022,MNG,LVA,0.02725671034052304
2022,BOL,LTU,0.026930260131075568
2022,CYP,GRC,0.026822283485327808
2022,MUS,DNK,0.026776196834373888
2022,VUT,SVN,0.0267673549569562
2022,MNG,CYP,0.026591333751168286
2022,SSD,HRV,0.026416315842637594
2022,VCT,SVK,0.02611860787367866
2022,BEN,SWE,0.025996424760181595
2022,MKD,DNK,0.02586752779528008
2022,BRN,HRV,0.025752751626578148
2022,IMN,DNK,0.02573845555562887
2022,GEO,FIN,0.025630123831802826
2022,ISL,IRL,0.025018801624262704
2022,GEO,EST,0.024655687335503444
2022,LCA,AUT,0.024568350826022305
2022,ALB,DEU,0.024298787334382083
2022,VIR,MLT,0.02412902470885862
2022,WLF,FRA,0.024026140723136205
2022,MNG,FIN,0.023829909356443024
2022,LIE,HRV,0.02332182190235841
2022,AUT,CZE,0.023049231556553664
2022,MDA,SVK,0.02303888207508231
2022,VIR,CZE,0.023010672221933183
2022,UGA,LVA,0.022781779339682184
2022,MNG,SVN,0.022665214744329785
2022,EST,LVA,0.02262315468522392
2022,LCA,LTU,0.02253322991264232
2022,MCO,IRL,0.02251786334307356
2022,BOL,SVN,0.022313404562899573
2022,BRN,CZE,0.02220844362563148
2022,SLV,LTU,0.022174895255935172
2022,ALB,NLD,0.02206533070794647
2022,LBN,DEU,0.02192601833695393
2022,FSM,SVN,0.02172685956843668
2022,CPV,HRV,0.021521295657323563
2022,BEN,IRL,0.02136996220936685
2022,GUY,SVN,0.02129443557689034
2022,BRN,NLD,0.021231517181071972
2022,MNG,EST,0.02117251176446358
2022,SYC,SVK,0.021146442464723816
2022,IOT,NLD,0.0205208333735532
2022,SLV,FIN,0.020496165861499032
2022,VIR,AUT,0.020484332139938465
2022,MDA,CZE,0.020451762438909022
2022,LBN,BGR,0.020413653427366483
2022,VCT,DNK,0.02035236128723831
2022,GEO,SVN,0.020252363417466942
2022,PRK,SWE,0.020027727407472197
2022,SRB,FIN,0.019826633262856903
2022,LCA,LVA,0.019759620841482518
2022,GNQ,DNK,0.01963004227197874
2022,VCT,CZE,0.019560783469541855
2022,MDA,ROU,0.0195337592902403
2022,DJI,SVK,0.01946833945748899
2022,PRK,AUT,0.019259888905297777
2022,SYC,SVN,0.01912669051249529
2022,DJI,GRC,0.01892074314701709
2022,FSM,DNK,0.01873211770819253
2022,VUT,DNK,0.018573684259435553
2022,MUS,MLT,0.01851746969419102
2022,VUT,MLT,0.018400793218154042
2022,VCT,MLT,0.01832445920379423
2022,PLW,IRL,0.018212736643219627
2022,BRN,LVA,0.018035639753989283
2022,MNG,GRC,0.017927019148430045
2022,VUT,BGR,0.017680779949935544
2022,FSM,MLT,0.01750255016810833
2022,LTU,HUN,0.01748080816254061
2022,LTU,IRL,0.01744010079039725
2022,MDG,LVA,0.017398332209037987
2022,MDA,FIN,0.017264703689831948
2022,LCA,GRC,0.017055735039464295
2022,FSM,BGR,0.01700314451983086
2022,SLB,ROU,0.016851591239152662
2022,VIR,PRT,0.016768542994063614
2022,DJI,FIN,0.016753362429448453
2022,GEO,MLT,0.016690469779174072
2022,BRN,FIN,0.016599683400776385
2022,VCT,LTU,0.016474091382845977
2022,GEO,GRC,0.016258650893481056
2022,SYC,HRV,0.016207925633347713
2022,ALB,ESP,0.01601359108927005
2022,BRN,CYP,0.015616573567662906
2022,VIR,DNK,0.015454240067284849
2022,MDA,SVN,0.015274808305659101
2022,GUF,IRL,0.01512535261849216
2022,MCO,DNK,0.015030458195871428
2022,SLV,GRC,0.014906745895116463
2022,VIR,FIN,0.014565499134903995
2022,LIE,IRL,0.014558317974416608
2022,VCT,BGR,0.014512900674549717
2022,SLV,SVN,0.01436237516166353
2022,BRN,SVN,0.014269580960767799
2022,BEL,BGR,0.014192949129234486
2022,DJI,LTU,0.014134581445568851
2022,BRN,ITA,0.014070235518542317
2022,DJI,SVN,0.01405889825986752
2022,SSD,MLT,0.013955339085745885
2022,GRL,DEU,0.012837280118807923
2022,GNQ,LVA,0.012642930268957717
2022,BEN,CZE,0.012632681907116555
2022,SLB,SVK,0.012238646834496903
2022,BEN,LTU,0.012213006050789373
2022,BRN,EST,0.012176175377912234
2022,MDA,GRC,0.012085590316193098
2022,LCA,BGR,0.011989131252796664
2022,GIN,MLT,0.0119758646863758
2022,VIR,BGR,0.011968787508395516
2022,VCT,FIN,0.011879389237202722
2022,NRU,FRA,0.011815388744176524
2022,LCA,CZE,0.01175941813258726
2022,LBN,NLD,0.011609006342798928
2022,GEO,BGR,0.011482509781060149
2022,BRN,GRC,0.011441193181049454
2022,FRO,BEL,0.01143310960614116
2022,MNG,MLT,0.011338348537513771
2022,LCA,SVK,0.011319771599541461
2022,PRK,ROU,0.011306594567315635
2022,SRB,DNK,0.011305834205664254
2022,IOT,ESP,0.011192690809101414
2022,BEN,ROU,0.010903674536022515
2022,VIR,HUN,0.010756027538798557
2022,GEO,DNK,0.010689969027567884
2022,MNG,PRT,0.010683174417706463
2022,LVA,IRL,0.010608970165689246
2022,VCT,SVN,0.010001516314900049
2022,NGA,MLT,0.00983204167266968
2022,SLB,CZE,0.009584838568826652
2022,SLB,HRV,0.009476772425586932
2022,MNG,BGR,0.008983870447497195
2022,GUF,NLD,0.008767129881693448
2022,FRO,POL,0.008559113697119902
2022,LCA,DNK,0.008483763671852633
2022,MNE,PRT,0.008254449169825042
2022,PRK,HRV,0.008219441286810913
2022,DJI,BGR,0.008217054556896832
2022,GEO,PRT,0.008189596233393348
2022,MNG,DNK,0.008178810471205313
2022,SLB,NLD,0.008162291671137877
2022,LCA,MLT,0.007895576601044148
2022,LVA,DNK,0.0077821044681694665
2022,WLF,IRL,0.007731430883058965
2022,LBN,ITA,0.00769334814777403
2022,BEN,GRC,0.007649297020121174
2022,VIR,LTU,0.007645380088732827
2022,MCO,LVA,0.007622530144756736
2022,BRN,MLT,0.00755032067815196
2022,SRB,SVK,0.007472976943216778
2022,GEO,HUN,0.007440132982845846
2022,MNE,POL,0.007397083217848003
2022,PRK,SVK,0.007281536144111363
2022,SLB,FIN,0.007247219877556978
2022,DJI,PRT,0.007187540552557947
2022,LCA,FIN,0.007079384463120094
2022,GRL,ESP,0.00676966278295659
2022,REU,NLD,0.006760031073180696
2022,GRL,NLD,0.00673726671191412
2022,PRK,NLD,0.006736326152787856
2022,ALB,POL,0.006718065780941282
2022,GRL,BEL,0.006642019851539606
2022,GIN,LVA,0.0066310450629391785
2022,SLB,LVA,0.006563646275916753
2022,MDA,PRT,0.006467004058438021
2022,SYC,MLT,0.006464624251907558
2022,SLB,SVN,0.006447704204060929
2022,SLB,CYP,0.006278054965446166
2022,LIE,LVA,0.006240447220644851
2022,LBN,CYP,0.0061820417673971746
2022,BEN,PRT,0.00604805909230161
2022,MDA,CYP,0.006030131385400689
2022,BRN,BGR,0.005815303798894035
2022,VIR,SVN,0.0056548355335282645
2022,FRO,DEU,0.005631012666528971
2022,PRK,LVA,0.005590895438538222
2022,CPV,LVA,0.005528938356673241
2022,PRK,CZE,0.0054925730495951515
2022,EST,FRA,0.0053753547894207845
2022,ISL,LVA,0.005291513652035216
2022,GEO,LTU,0.005288443559612508
2022,BEN,BGR,0.005256955376667153
2022,VIR,GRC,0.005221073902165189
2022,BEN,HUN,0.005179370254154816
2022,SSD,DNK,0.005160766330495735
2022,SLB,GRC,0.005149957808046246
2022,SLB,ITA,0.005098752803959975
2022,ISL,DNK,0.004981616169818317
2022,IOT,DEU,0.004880747575534311
2022,BRN,DNK,0.004835855147610104
2022,SLB,EST,0.004829501922636922
2022,MDA,HUN,0.004702681017467084
2022,ALB,PRT,0.004666048039301918
2022,PRK,CYP,0.00460766946227872
2022,IOT,POL,0.00459580498986988
2022,FRO,AUT,0.004536775661141338
2022,LCA,SVN,0.004506510992249612
2022,GIN,DNK,0.004325380487391902
2022,PRK,ITA,0.00429793614528646
2022,EST,HUN,0.0042249529912916335
2022,MDA,EST,0.004099367092314821
2022,REU,ESP,0.0040879474633874514
2022,SSD,LVA,0.004064881446801055
2022,FLK,IRL,0.003986425394545721
2022,NRU,IRL,0.0038577969685564158
2022,MNG,LTU,0.0038005344371098565
2022,DJI,HRV,0.003749390928934295
2022,PRK,EST,0.003749224441597874
2022,BRN,PRT,0.003703804336695001
2022,FRO,SWE,0.0036384640669451765
2022,PRK,SVN,0.0035453732332047403
2022,PRK,FIN,0.0035036690644339357
2022,PLW,ESP,0.003450181984125386
2022,FRO,HUN,0.003436212530464238
2022,UGA,DNK,0.0033951382621482925
2022,BRN,HUN,0.0033657165227713114
2022,GRL,POL,0.0033363844802668597
2022,SRB,LVA,0.00329358200960124
2022,UGA,MLT,0.0032500879923867063
2022,BEN,FIN,0.0031035621672523767
2022,MDA,NLD,0.0030919718116330405
2022,GUF,DEU,0.0030264375577001494
2022,GRL,ITA,0.0029956960899579833
2022,MDA,LTU,0.0028769070562729504
2022,MDA,ITA,0.0028724875972222473
2022,LIE,DNK,0.0027711250194132017
2022,GRL,HUN,0.0027634411561035083
2022,SLB,MLT,0.0027181989079499333
2022,PRK,GRC,0.0026680212656895047
2022,MDA,BGR,0.00266143908147527
2022,IOT,BEL,0.0024851038987618703
2022,SYC,DNK,0.00244564483183411
2022,BRN,LTU,0.002392349963282926
2022,PRK,MLT,0.0023841593824722625
2022,IOT,CYP,0.0023518483081600688
2022,GRL,FRA,0.002332330277275896
2022,GRL,HRV,0.0023085411701208062
2022,SLB,BGR,0.002306932954565458
2022,BEL,IRL,0.0023039846872329826
2022,GRL,ROU,0.0022916870248209055
2022,BEN,AUT,0.002289452410671827
2022,SYC,LVA,0.0022555106406947478
2022,HTI,IRL,0.002138308279812089
2022,EST,CZE,0.0021330042294766443
2022,IOT,EST,0.0020807516085291212
2022,LBN,PRT,0.0020251726558435006
2022,MDA,HRV,0.0020199562865906326
2022,GUF,POL,0.0018496683809421663
2022,BEN,HRV,0.001759512946176407
2022,SLB,DNK,0.001753036248731956
2022,WLF,ESP,0.0017289934994436128
2022,IOT,SWE,0.001724280306900635
2022,DMA,IRL,0.0016859438248444105
2022,GRL,LVA,0.0016198152500360786
2022,ALB,GRC,0.0016169406685897303
2022,PRK,BGR,0.0016016196896178215
2022,GRL,SWE,0.001595574790925327
2022,FLK,NLD,0.0015912426173948341
2022,GUF,BEL,0.00155759557925081
2022,IOT,HUN,0.0015198794810760024
2022,PLW,BEL,0.0014677358465191633
2022,PRK,DNK,0.0014525011982456089
2022,GUF,SWE,0.0014314004502749855
2022,IOT,ITA,0.001395247230336263
2022,IOT,IRL,0.001382967112423256
2022,PLW,DEU,0.001364701103406174
2022,SLB,PRT,0.0013407349447301497
2022,GUF,ESP,0.0012416837242759634
2022,GRL,PRT,0.0012342016765109183
2022,GRL,AUT,0.001231661485786031
2022,GRL,CYP,0.0011986193044305163
2022,GUF,CYP,0.0011743799066774468
2022,PLW,POL,0.0011553739136165757
2022,REU,DEU,0.0011423796402621881
2022,PRK,PRT,0.0011375916509069948
2022,EST,SVK,0.0011369891043883065
2022,CPV,MLT,0.0011366881626095804
2022,REU,POL,0.0011210549879022954
2022,PLW,SWE,0.0010899974693042306
2022,PLW,HUN,0.001067856167779742
2022,GUF,EST,0.0010351159632278396
2022,GRL,EST,0.001007387628521848
2022,FRO,SVK,0.000979252269861113
2022,FRO,ITA,0.0009779460224826058
2022,EST,IRL,0.0009673191711190352
2022,FRO,ROU,0.0009614231613610203
2022,NRU,ESP,0.0009542735498004385
2022,GRL,SVK,0.0009430071893385413
2022,LBN,GRC,0.0008805573204736556
2022,SLB,LTU,0.0008690343380870196
2022,GUF,ITA,0.0008690139844220964
2022,FRO,CZE,0.0008669147293990544
2022,GUF,HUN,0.0008588141367963211
2022,ALB,AUT,0.0008120452086910309
2022,GUF,FRA,0.0007837985332592121
2022,REU,CYP,0.0007735254146387894
2022,PRK,LTU,0.0007370218085772291
2022,BEL,CZE,0.0007287438284216276
2022,CPV,DNK,0.0007280299124630608
2022,MNE,DEU,0.0007195026873707847
2022,REU,FRA,0.0006981763847498405
2022,IOT,AUT,0.0006951821892574684
2022,REU,EST,0.0006868889317029085
2022,FRO,SVN,0.0006850762763701695
2022,GRL,MLT,0.0006796288952066476
2022,FRO,FIN,0.0006638403303689323
2022,ALB,HRV,0.0006534911745976447
2022,BEL,SVK,0.0006388015692020356
2022,WLF,BEL,0.000634058812720679
2022,WLF,DEU,0.0006327532490299769
2022,MNE,ESP,0.0006306082126729523
2022,IOT,ROU,0.0006213911950590583
2022,GIB,IRL,0.0006160111808404513
2022,GRL,CZE,0.000608975746387146
2022,ALB,ROU,0.0005991630550854688
2022,DJI,LVA,0.0005818045207761316
2022,FRO,GRC,0.0005710467024898038
2022,REU,ITA,0.0005641631978409356
2022,WLF,POL,0.0005587050334841348
2022,FLK,DEU,0.00055711751682288
2022,MNE,FRA,0.0005331179117475512
2022,GRL,DNK,0.0005299016446949982
2022,MDA,LVA,0.0005270754769317043
2022,GRL,GRC,0.0005252953876399873
2022,PLW,AUT,0.0005033067333391323
2022,WLF,SWE,0.0004992101300513765
2022,IOT,CZE,0.00045879978426562713
2022,REU,IRL,0.0004539490964624933
2022,LUX,MLT,0.0004536714299552426
2022,GUF,ROU,0.0004516726817375401
2022,WLF,HUN,0.00044951705274262393
2022,NRU,DEU,0.0004466110829774076
2022,GRD,IRL,0.00043486257296328814
2022,PLW,ITA,0.00042171537456645367
2022,WLF,ITA,0.000406669643133062
2022,NRU,NLD,0.0003991803692965194
2022,PLW,ROU,0.00037603880258447385
2022,IOT,LTU,0.0003681735706332855
2022,NRU,BEL,0.000367796841048604
2022,NRU,POL,0.0003674090009548454
2022,ALB,SVN,0.0003604416133774443
2022,NRU,SWE,0.00035185092040879336
2022,GRL,BGR,0.0003507982923117815
2022,BEN,SVN,0.0003355475271559205
2022,FLK,POL,0.00030086794129115913
2022,FLK,BEL,0.0002973951485542114
2022,REU,BEL,0.0002935694064853137
2022,NRU,ITA,0.0002913247332979212
2022,IOT,GRC,0.00028463291708298415
2022,WLF,AUT,0.00028373837932560013
2022,WLF,NLD,0.0002762178127752683
2022,NRU,HUN,0.0002607387623640709
2022,FRO,CYP,0.00025552071651082107
2022,IOT,PRT,0.00025435338929588727
2022,MTQ,IRL,0.00025199594232478057
2022,STP,ITA,0.0002481168521364384
2022,STP,ESP,0.00024195553753575522
2022,FLK,ESP,0.00023861319227928178
2022,GUF,PRT,0.0002376813155834093
2022,PLW,NLD,0.00023693726995348038
2022,GRL,FIN,0.00023575345480797937
2022,PLW,CYP,0.00023331568253474893
2022,REU,SWE,0.00023149214692265517
2022,GRL,LTU,0.00023128981347853928
2022,GRL,SVN,0.00023014418541965744
2022,IOT,FIN,0.0002292572931447284
2022,GUF,HRV,0.00022004694380290592
2022,MNE,CZE,0.00021154748014127168
2022,ALB,FRA,0.00020673047854739517
2022,PLW,EST,0.0002013485802110887
2022,FRO,PRT,0.00020111559788600793
2022,WLF,ROU,0.0001954837155451072
2022,TON,IRL,0.0001936023537635981
2022,ALB,CYP,0.00019176254667881918
2022,FLK,HUN,0.00019077341801081334
2022,ESP,LTU,0.00018790790153382826
2022,FLK,CYP,0.0001855883720018425
2022,PLW,HRV,0.00017634884249839996
2022,FLK,SWE,0.0001729298404211781
2022,GUF,AUT,0.00017252327670886356
2022,GUF,LTU,0.00016827268621751024
2022,NRU,AUT,0.00016443600131713833
2022,FLK,EST,0.00016302224954523663
2022,FLK,ITA,0.00015793875660485775
2022,IOT,BGR,0.00015714679669957325
2022,ALB,LVA,0.00015712970241668037
2022,PLW,SVK,0.0001549453729486239
2022,FRO,EST,0.00015056187600310074
2022,IOT,MLT,0.000147039397878789
2022,GUF,LVA,0.00013988087560340277
2022,EST,SWE,0.00013570573180596816
2022,NRU,ROU,0.0001325975353293392
2022,IOT,SVK,0.00013256958013590698
2022,REU,CZE,0.00012960955637079886
2022,STP,LTU,0.00012958351899794996
2022,EST,BEL,0.00012871231846650968
2022,MNE,GRC,0.00012468988898193563
2022,STP,SVK,0.00012402307852058382
2022,WLF,CYP,0.00012380400953570625
2022,IOT,SVN,0.00012322744889597934
2022,GUF,GRC,0.00012191259529560442
2022,IOT,HRV,0.00012187315952744108
2022,PLW,CZE,0.00012124949623367618
2022,NRU,CYP,0.0001144835909234721
2022,FRO,BGR,0.00011418791455772423
2022,PLW,LVA,0.00011365974909392123
2022,MNE,SVK,0.00011276451150799806
2022,REU,ROU,0.00010992712965035166
2022,REU,LTU,0.000108835698936281
2022,WLF,EST,0.0001067778297477646
2022,NRU,EST,0.00010007416114423765
2022,FRO,HRV,9.69066490479462e-05
2022,MNE,IRL,9.593695610851399e-05
2022,FRO,IRL,9.40720864729169e-05
2022,STP,ROU,8.848973159350724e-05
2022,GUF,BGR,8.716561216899263e-05
2022,GUF,CZE,8.539520070385507e-05
2022,PLW,FIN,8.313455759026508e-05
2022,WLF,HRV,8.297601069861742e-05
2022,ALB,CZE,8.203309407058493e-05
2022,GUF,SVK,8.114110606431861e-05
2022,PLW,PRT,8.010634669497688e-05
2022,PLW,SVN,7.946307515667611e-05
2022,STP,SWE,7.82772786752459e-05
2022,PLW,GRC,7.215033707168865e-05
2022,REU,GRC,7.176515824197667e-05
2022,WLF,SVK,7.068201605099357e-05
2022,STP,AUT,7.054426247153328e-05
2022,FLK,FRA,6.667384331739936e-05
2022,FLK,ROU,6.5991952802505e-05
2022,IOT,DNK,6.03052987925667e-05
2022,GUF,DNK,5.986797946972571e-05
2022,WLF,CZE,5.685686359043021e-05
2022,GUF,MLT,5.637341766142446e-05
2022,MDA,IRL,5.590005932730521e-05
2022,STP,EST,5.411658352140376e-05
2022,REU,PRT,5.3664799278760974e-05
2022,WLF,LVA,5.35962412190072e-05
2022,GUF,FIN,5.223168503256588e-05
2022,REU,HUN,5.193672898821327e-05
2022,GGY,MLT,4.7860146555672836e-05
2022,FLK,HRV,4.7534160015567477e-05
2022,PLW,MLT,4.74009712347148e-05
2022,REU,BGR,4.6910254858276765e-05
2022,WLF,PRT,4.651251314673107e-05
2022,NRU,HRV,4.6485812824670404e-05
2022,FLK,PRT,4.6247036381878954e-05
2022,PLW,LTU,4.40262274539052e-05
2022,ALB,SVK,4.372740235044028e-05
2022,DJI,MLT,4.2190472103876135e-05
2022,PLW,DNK,4.044100874736395e-05
2022,WLF,FIN,3.9884857415485995e-05
2022,WLF,GRC,3.769068806473053e-05
2022,MAF,ESP,3.7444854405477476e-05
2022,ALB,IRL,3.720207558151818e-05
2022,NRU,SVK,3.712566126371333e-05
2022,PLW,BGR,3.707112450643685e-05
2022,WLF,SVN,3.581187244567583e-05
2022,IOT,LVA,3.492359725073647e-05
2022,NRU,PRT,3.4759349873523034e-05
2022,FLK,AUT,3.46940673009885e-05
2022,NRU,CZE,3.271573878722734e-05
2022,GUF,SVN,3.2335439870830625e-05
2022,FLK,LVA,3.102360787853535e-05
2022,MNE,AUT,3.0372043969782486e-05
2022,NRU,LVA,2.9625832191151217e-05
2022,ALB,HUN,2.934451960759102e-05
2022,REU,FIN,2.738666318051672e-05
2022,DJI,DNK,2.702229751565574e-05
2022,FLK,LTU,2.6706070596014987e-05
2022,REU,AUT,2.4884872515038553e-05
2022,NRU,GRC,2.460241438463926e-05
2022,WLF,LTU,2.3744270251578598e-05
2022,NRU,FIN,2.3625510214668263e-05
2022,WLF,MLT,2.3585658408934166e-05
2022,FRO,LVA,2.3579487082007587e-05
2022,STP,FRA,2.325867886412703e-05
2022,WLF,DNK,2.323762310124474e-05
2022,STP,DEU,2.2719393604572946e-05
2022,FLK,GRC,2.2425039056898682e-05
2022,PSE,ESP,2.221552059813993e-05
2022,NRU,LTU,2.0826945005396107e-05
2022,REU,HRV,1.9740869930027012e-05
2022,STP,POL,1.92833217133718e-05
2022,NRU,SVN,1.8887812255951952e-05
2022,WLF,BGR,1.8214310941683655e-05
2022,FRO,DNK,1.8154669044246124e-05
2022,FLK,SVK,1.763693177990648e-05
2022,FLK,CZE,1.7250722040598202e-05
2022,FLK,BGR,1.608684862828579e-05
2022,NRU,MLT,1.5175909191295706e-05
2022,NRU,DNK,1.5168585637457475e-05
2022,STP,PRT,1.3573987929210024e-05
2022,MNE,SWE,1.3459047669738407e-05
2022,HTI,DEU,1.2811260302845733e-05
2022,MNE,BEL,1.2765453653794147e-05
2022,FLK,MLT,1.2720612031538477e-05
2022,FLK,DNK,1.2519900085431033e-05
2022,NRU,BGR,1.195649011900014e-05
2022,HTI,ESP,1.1128846894605428e-05
2022,DMA,DEU,9.738094226972747e-06
2022,FLK,FIN,9.259001893549435e-06
2022,HTI,ITA,9.241996816666321e-06
2022,HTI,FRA,8.70915177579243e-06
2022,HTI,POL,8.404102071113112e-06
2022,SWE,BEL,7.696665904536247e-06
2022,HTI,HRV,7.402655468320271e-06
2022,HTI,ROU,7.104290380512851e-06
2022,GRD,ESP,6.548327297465221e-06
2022,HTI,NLD,6.516401555004409e-06
2022,DMA,FRA,6.497289429875815e-06
2022,STP,GRC,6.394878384742991e-06
2022,FLK,SVN,6.3338925559664915e-06
2022,GRD,ITA,6.2734595803969e-06
2022,DMA,POL,6.270776940573571e-06
2022,DMA,HRV,5.836608665361036e-06
2022,HTI,LVA,5.4031346241109395e-06
2022,HTI,SWE,5.400919869568849e-06
2022,MAF,FRA,5.3982149552080385e-06
2022,HTI,BEL,5.264930653528924e-06
2022,ALB,SWE,5.219099385418472e-06
2022,DMA,ROU,5.17381101573144e-06
2022,DMA,NLD,5.137843567848909e-06
2022,STP,DNK,5.132447174594328e-06
2022,DMA,ESP,4.982420357070526e-06
2022,ALB,BEL,4.950140080780318e-06
2022,STP,CZE,4.606940790250648e-06
2022,DMA,LVA,4.260090517809002e-06
2022,DMA,SWE,4.258204799885193e-06
2022,DMA,BEL,4.150991567668081e-06
2022,REU,SVN,3.673850508832944e-06
2022,HTI,CYP,3.4920851687417264e-06
2022,DMA,ITA,3.404875329470542e-06
2022,HTI,AUT,3.3676601789419956e-06
2022,HTI,SVK,3.3478878064554066e-06
2022,PSE,FRA,3.20268718986042e-06
2022,GRD,DEU,3.0080269743134632e-06
2022,HTI,EST,2.984010564565014e-06
2022,DMA,CYP,2.736010524319946e-06
2022,DMA,SVK,2.638466567584409e-06
2022,MAF,ITA,2.4895005463526098e-06
2022,DMA,EST,2.3511782920524835e-06
2022,HTI,MLT,2.317353064704877e-06
2022,MAF,IRL,2.29078769036776e-06
2022,HTI,CZE,2.2133450970970328e-06
2022,GRD,FRA,2.183266020951504e-06
2022,GRD,POL,2.0276309027008604e-06
2022,HTI,PRT,2.012423603608323e-06
2022,GRD,AUT,1.9341636775367054e-06
2022,GRD,ROU,1.9287229868494834e-06
2022,DMA,MLT,1.827112316119514e-06
2022,STP,CYP,1.7769820048512643e-06
2022,DMA,CZE,1.7429148158374508e-06
2022,HTI,DNK,1.586072683546974e-06
2022,STP,FIN,1.5680198075283008e-06
2022,DMA,AUT,1.551196670467668e-06
2022,GRD,HRV,1.5054599688273486e-06
2022,PSE,ITA,1.4769866659833206e-06
2022,MTQ,DEU,1.4615604585559842e-06
2022,HTI,FIN,1.429986698095003e-06
2022,MAF,DEU,1.4107197020033036e-06
2022,PSE,IRL,1.3590930430720536e-06
2022,GRD,NLD,1.3252246742869747e-06
2022,DMA,PRT,1.2887619331945515e-06
2022,DMA,DNK,1.1702351298449764e-06
2022,FRO,LTU,1.1535584775059786e-06
2022,HTI,BGR,1.1494831120629158e-06
2022,TON,DEU,1.1143312495497424e-06
2022,DMA,FIN,1.1029373619912913e-06
2022,GRD,LVA,1.0988222966196948e-06
2022,GRD,SWE,1.0983773348819376e-06
2022,GRD,BEL,1.0707212593079974e-06
2022,HTI,HUN,1.0330095675990524e-06
2022,MAF,CZE,1.0023996039963376e-06
2022,MTQ,POL,9.992158068872203e-07
2022,MTQ,FRA,9.756023676342261e-07
2022,DMA,BGR,9.063076245090918e-07
2022,MTQ,HRV,8.723879115512921e-07
2022,PSE,DEU,8.369607278663045e-07
2022,DMA,HUN,8.144742949947906e-07
2022,MTQ,ROU,7.733206808196768e-07
2022,MTQ,NLD,7.679446879201885e-07
2022,MTQ,ESP,7.499937354104104e-07
2022,TON,FRA,7.431958572464562e-07
2022,HTI,LTU,7.405046029994122e-07
2022,GRD,CYP,7.297776419396614e-07
2022,GRD,SVK,6.808974101530104e-07
2022,TON,POL,6.797075426159388e-07
2022,TON,HRV,6.7023836515402e-07
2022,GRD,PRT,6.529863415010814e-07
2022,MTQ,LVA,6.367484412493105e-07
2022,MTQ,SWE,6.365792746901437e-07
2022,HTI,GRC,6.303332397104607e-07
2022,MTQ,BEL,6.205484890485319e-07
2022,GRD,EST,6.086153003623402e-07
2022,PSE,CZE,5.947099916321332e-07
2022,TON,ROU,5.941269726338933e-07
2022,TON,NLD,5.899967036969645e-07
2022,DMA,LTU,5.789280043469865e-07
2022,TON,ESP,5.687058023037775e-07
2022,REU,LVA,5.649745576900745e-07
2022,HTI,SVN,5.446973079073717e-07
2022,MTQ,ITA,5.089208902076675e-07
2022,TON,LVA,4.892012241646201e-07
2022,TON,SWE,4.889111944442161e-07
2022,TON,BEL,4.76603307736973e-07
2022,GRD,MLT,4.712744348946687e-07
2022,GRD,CZE,4.502082113054889e-07
2022,DMA,SVN,4.2819880926005696e-07
2022,GRD,DNK,4.1344697921126287e-07
2022,MTQ,CYP,4.0894681212042325e-07
2022,DMA,GRC,3.956403297551926e-07
2022,MTQ,SVK,3.9531122641531366e-07
2022,TON,ITA,3.909938468071731e-07
2022,MTQ,EST,3.514265967601106e-07
2022,REU,SVK,3.4920321710285023e-07
2022,MAF,HUN,3.4706229710152103e-07
2022,GRD,FIN,3.1858119320145744e-07
2022,TON,CYP,3.1418574141306794e-07
2022,TON,SVK,3.0236873318222896e-07
2022,MTQ,MLT,2.730953519445097e-07
2022,TON,EST,2.699940984570704e-07
2022,MTQ,CZE,2.622817177103424e-07
2022,MTQ,PRT,2.617410091063851e-07
2022,MAF,AUT,2.454215570746769e-07
2022,REU,MLT,2.42312215746208e-07
2022,GRD,GRC,2.414876266793715e-07
2022,GRD,BGR,2.337675740090153e-07
2022,MTQ,AUT,2.321090082403721e-07
2022,MAF,GRC,2.1588315631867758e-07
2022,GRD,HUN,2.100806336444158e-07
2022,TON,MLT,2.0981375348606962e-07
2022,PSE,HUN,2.0590731977766083e-07
2022,TON,CZE,1.9899001329235006e-07
2022,MAF,HRV,1.8861383837061283e-07
2022,TON,AUT,1.779635558059072e-07
2022,MTQ,DNK,1.749130427414503e-07
2022,MTQ,FIN,1.648541605178794e-07
2022,GRD,LTU,1.561650190924735e-07
2022,REU,DNK,1.5519695464536486e-07
2022,MAF,BEL,1.5444270734060518e-07
2022,PSE,AUT,1.4560525719716809e-07
2022,MTQ,BGR,1.354642500637126e-07
2022,TON,DNK,1.343822286609621e-07
2022,PSE,GRC,1.2808052754205627e-07
2022,TON,FIN,1.2665418854539635e-07
2022,MTQ,HUN,1.2173807941580826e-07
2022,GRD,SVN,1.1220749610771752e-07
2022,PSE,HRV,1.1190201371977147e-07
2022,TON,BGR,1.0407450206189601e-07
2022,TON,PRT,1.0292398471347684e-07
2022,TON,HUN,9.352895683704609e-08
2022,PSE,BEL,9.162874847914533e-08
2022,MTQ,LTU,8.653137834101887e-08
2022,MAF,SWE,8.192178772979968e-08
2022,STP,SVN,8.096012038552489e-08
2022,TON,LTU,6.648034525223767e-08
2022,MTQ,SVN,6.400214342895716e-08
2022,MTQ,GRC,6.017967334717136e-08
2022,TON,SVN,4.917157999346629e-08
2022,PSE,SWE,4.860307755614053e-08
2022,TON,GRC,4.475197111232096e-08
2022,MAF,SVN,3.596956032075727e-08
2022,MAF,BGR,2.537424966184974e-08
2022,PSE,SVN,2.134024877113501e-08
2022,MAF,EST,1.6415594486413705e-08
2022,PSE,BGR,1.5054195695916747e-08
2022,PSE,EST,9.739147961282765e-09
2022,STP,HRV,1.6899084841774184e-15
2022,STP,NLD,1.4054802687299772e-15
2022,STP,BEL,8.0978625577426715e-16
2022,STP,IRL,6.042155711013099e-16
2022,STP,BGR,2.387376376098452e-16
2022,STP,HUN,1.6788328020024687e-16
