iso3,year,fuel,production,unit,source
ABW,2016,crude_oil_lease_condensate,0.0,thousand_barrels_per_day,EIA_INTL_v2:productId=53
AFG,2016,crude_oil_lease_condensate,0.0,thousand_barrels_per_day,EIA_INTL_v2:productId=53
AGO,2016,crude_oil_lease_condensate,1796.7777540983607,thousand_barrels_per_day,EIA_INTL_v2:productId=53
ALB,2016,crude_oil_lease_condensate,19.05189,thousand_barrels_per_day,EIA_INTL_v2:productId=53
ARE,2016,crude_oil_lease_condensate,3767.7945732240437,thousand_barrels_per_day,EIA_INTL_v2:productId=53
ARG,2016,crude_oil_lease_condensate,705.0372633879781,thousand_barrels_per_day,EIA_INTL_v2:productId=53
ARM,2016,crude_oil_lease_condensate,0.0,thousand_barrels_per_day,EIA_INTL_v2:productId=53
ASM,2016,crude_oil_lease_condensate,0.0,thousand_barrels_per_day,EIA_INTL_v2:productId=53
ATA,2016,crude_oil_lease_condensate,0.0,thousand_barrels_per_day,EIA_INTL_v2:productId=53
ATG,2016,crude_oil_lease_condensate,0.0,thousand_barrels_per_day,EIA_INTL_v2:productId=53
AUS,2016,crude_oil_lease_condensate,367.108418579235,thousand_barrels_per_day,EIA_INTL_v2:productId=53
AUT,2016,crude_oil_lease_condensate,29.36100218579235,thousand_barrels_per_day,EIA_INTL_v2:productId=53
AZE,2016,crude_oil_lease_condensate,839.0564513661202,thousand_barrels_per_day,EIA_INTL_v2:productId=53
BDI,2016,crude_oil_lease_condensate,0.0,thousand_barrels_per_day,EIA_INTL_v2:productId=53
BEL,2016,crude_oil_lease_condensate,19.9088,thousand_barrels_per_day,EIA_INTL_v2:productId=53
BEN,2016,crude_oil_lease_condensate,0.0,thousand_barrels_per_day,EIA_INTL_v2:productId=53
BFA,2016,crude_oil_lease_condensate,0.0,thousand_barrels_per_day,EIA_INTL_v2:productId=53
BGD,2016,crude_oil_lease_condensate,14.9286,thousand_barrels_per_day,EIA_INTL_v2:productId=53
BGR,2016,crude_oil_lease_condensate,4.2034,thousand_barrels_per_day,EIA_INTL_v2:productId=53
BHR,2016,crude_oil_lease_condensate,215.4984737704918,thousand_barrels_per_day,EIA_INTL_v2:productId=53
BHS,2016,crude_oil_lease_condensate,0.0,thousand_barrels_per_day,EIA_INTL_v2:productId=53
BIH,2016,crude_oil_lease_condensate,0.1865,thousand_barrels_per_day,EIA_INTL_v2:productId=53
BLR,2016,crude_oil_lease_condensate,32.959266666666664,thousand_barrels_per_day,EIA_INTL_v2:productId=53
BLZ,2016,crude_oil_lease_condensate,1.7,thousand_barrels_per_day,EIA_INTL_v2:productId=53
BMU,2016,crude_oil_lease_condensate,0.0,thousand_barrels_per_day,EIA_INTL_v2:productId=53
BOL,2016,crude_oil_lease_condensate,81.30932786885246,thousand_barrels_per_day,EIA_INTL_v2:productId=53
BRA,2016,crude_oil_lease_condensate,3219.382080327869,thousand_barrels_per_day,EIA_INTL_v2:productId=53
BRB,2016,crude_oil_lease_condensate,1.0,thousand_barrels_per_day,EIA_INTL_v2:productId=53
BRN,2016,crude_oil_lease_condensate,120.9929387978142,thousand_barrels_per_day,EIA_INTL_v2:productId=53
BTN,2016,crude_oil_lease_condensate,0.0,thousand_barrels_per_day,EIA_INTL_v2:productId=53
BWA,2016,crude_oil_lease_condensate,0.0,thousand_barrels_per_day,EIA_INTL_v2:productId=53
CAF,2016,crude_oil_lease_condensate,0.0,thousand_barrels_per_day,EIA_INTL_v2:productId=53
CAN,2016,crude_oil_lease_condensate,4576.818819672131,thousand_barrels_per_day,EIA_INTL_v2:productId=53
CHE,2016,crude_oil_lease_condensate,1.1427,thousand_barrels_per_day,EIA_INTL_v2:productId=53
CHL,2016,crude_oil_lease_condensate,11.014797267759564,thousand_barrels_per_day,EIA_INTL_v2:productId=53
CHN,2016,crude_oil_lease_condensate,4838.198454644808,thousand_barrels_per_day,EIA_INTL_v2:productId=53
CIV,2016,crude_oil_lease_condensate,41.545090163934425,thousand_barrels_per_day,EIA_INTL_v2:productId=53
CMR,2016,crude_oil_lease_condensate,92.3527,thousand_barrels_per_day,EIA_INTL_v2:productId=53
COD,2016,crude_oil_lease_condensate,20.0,thousand_barrels_per_day,EIA_INTL_v2:productId=53
COG,2016,crude_oil_lease_condensate,204.80032513661203,thousand_barrels_per_day,EIA_INTL_v2:productId=53
COK,2016,crude_oil_lease_condensate,0.0,thousand_barrels_per_day,EIA_INTL_v2:productId=53
COL,2016,crude_oil_lease_condensate,914.9251535519126,thousand_barrels_per_day,EIA_INTL_v2:productId=53
COM,2016,crude_oil_lease_condensate,0.0,thousand_barrels_per_day,EIA_INTL_v2:productId=53
CPV,2016,crude_oil_lease_condensate,0.0,thousand_barrels_per_day,EIA_INTL_v2:productId=53
CRI,2016,crude_oil_lease_condensate,1.571,thousand_barrels_per_day,EIA_INTL_v2:productId=53
CUB,2016,crude_oil_lease_condensate,48.376,thousand_barrels_per_day,EIA_INTL_v2:productId=53
CYM,2016,crude_oil_lease_condensate,0.0,thousand_barrels_per_day,EIA_INTL_v2:productId=53
CYP,2016,crude_oil_lease_condensate,0.01,thousand_barrels_per_day,EIA_INTL_v2:productId=53
CZE,2016,crude_oil_lease_condensate,14.203233333333335,thousand_barrels_per_day,EIA_INTL_v2:productId=53
DEU,2016,crude_oil_lease_condensate,172.48243717298908,thousand_barrels_per_day,EIA_INTL_v2:productId=53
DJI,2016,crude_oil_lease_condensate,0.0,thousand_barrels_per_day,EIA_INTL_v2:productId=53
DMA,2016,crude_oil_lease_condensate,0.0,thousand_barrels_per_day,EIA_INTL_v2:productId=53
DNK,2016,crude_oil_lease_condensate,142.36401202185792,thousand_barrels_per_day,EIA_INTL_v2:productId=53
DOM,2016,crude_oil_lease_condensate,-0.0872,thousand_barrels_per_day,EIA_INTL_v2:productId=53
DZA,2016,crude_oil_lease_condensate,1698.432255737705,thousand_barrels_per_day,EIA_INTL_v2:productId=53
ECU,2016,crude_oil_lease_condensate,552.4072295081967,thousand_barrels_per_day,EIA_INTL_v2:productId=53
EGY,2016,crude_oil_lease_condensate,685.4975136612022,thousand_barrels_per_day,EIA_INTL_v2:productId=53
ERI,2016,crude_oil_lease_condensate,0.0,thousand_barrels_per_day,EIA_INTL_v2:productId=53
ESH,2016,crude_oil_lease_condensate,0.0,thousand_barrels_per_day,EIA_INTL_v2:productId=53
ESP,2016,crude_oil_lease_condensate,60.42126666666667,thousand_barrels_per_day,EIA_INTL_v2:productId=53
EST,2016,crude_oil_lease_condensate,14.0,thousand_barrels_per_day,EIA_INTL_v2:productId=53
ETH,2016,crude_oil_lease_condensate,0.354,thousand_barrels_per_day,EIA_INTL_v2:productId=53
FIN,2016,crude_oil_lease_condensate,9.3942,thousand_barrels_per_day,EIA_INTL_v2:productId=53
FJI,2016,crude_oil_lease_condensate,0.0,thousand_barrels_per_day,EIA_INTL_v2:productId=53
FLK,2016,crude_oil_lease_condensate,0.0,thousand_barrels_per_day,EIA_INTL_v2:productId=53
FRA,2016,crude_oil_lease_condensate,106.20428895088526,thousand_barrels_per_day,EIA_INTL_v2:productId=53
FRO,2016,crude_oil_lease_condensate,0.0,thousand_barrels_per_day,EIA_INTL_v2:productId=53
GAB,2016,crude_oil_lease_condensate,210.52467213114755,thousand_barrels_per_day,EIA_INTL_v2:productId=53
GBR,2016,crude_oil_lease_condensate,1066.117868852459,thousand_barrels_per_day,EIA_INTL_v2:productId=53
GEO,2016,crude_oil_lease_condensate,0.39549,thousand_barrels_per_day,EIA_INTL_v2:productId=53
GHA,2016,crude_oil_lease_condensate,98.92695573770492,thousand_barrels_per_day,EIA_INTL_v2:productId=53
GIB,2016,crude_oil_lease_condensate,0.0,thousand_barrels_per_day,EIA_INTL_v2:productId=53
GIN,2016,crude_oil_lease_condensate,0.0,thousand_barrels_per_day,EIA_INTL_v2:productId=53
GLP,2016,crude_oil_lease_condensate,0.0,thousand_barrels_per_day,EIA_INTL_v2:productId=53
GMB,2016,crude_oil_lease_condensate,0.0,thousand_barrels_per_day,EIA_INTL_v2:productId=53
GNB,2016,crude_oil_lease_condensate,0.0,thousand_barrels_per_day,EIA_INTL_v2:productId=53
GNQ,2016,crude_oil_lease_condensate,244.0,thousand_barrels_per_day,EIA_INTL_v2:productId=53
GRC,2016,crude_oil_lease_condensate,13.295831147540984,thousand_barrels_per_day,EIA_INTL_v2:productId=53
GRD,2016,crude_oil_lease_condensate,0.0,thousand_barrels_per_day,EIA_INTL_v2:productId=53
GRL,2016,crude_oil_lease_condensate,0.0,thousand_barrels_per_day,EIA_INTL_v2:productId=53
GTM,2016,crude_oil_lease_condensate,12.828026338797814,thousand_barrels_per_day,EIA_INTL_v2:productId=53
GUF,2016,crude_oil_lease_condensate,0.0,thousand_barrels_per_day,EIA_INTL_v2:productId=53
GUM,2016,crude_oil_lease_condensate,0.0,thousand_barrels_per_day,EIA_INTL_v2:productId=53
GUY,2016,crude_oil_lease_condensate,0.0,thousand_barrels_per_day,EIA_INTL_v2:productId=53
HKG,2016,crude_oil_lease_condensate,0.071,thousand_barrels_per_day,EIA_INTL_v2:productId=53
HND,2016,crude_oil_lease_condensate,0.0,thousand_barrels_per_day,EIA_INTL_v2:productId=53
HRV,2016,crude_oil_lease_condensate,17.554367213114755,thousand_barrels_per_day,EIA_INTL_v2:productId=53
HTI,2016,crude_oil_lease_condensate,0.0,thousand_barrels_per_day,EIA_INTL_v2:productId=53
HUN,2016,crude_oil_lease_condensate,36.66363333333334,thousand_barrels_per_day,EIA_INTL_v2:productId=53
IDN,2016,crude_oil_lease_condensate,940.999118579235,thousand_barrels_per_day,EIA_INTL_v2:productId=53
IND,2016,crude_oil_lease_condensate,1000.5508557377049,thousand_barrels_per_day,EIA_INTL_v2:productId=53
IRL,2016,crude_oil_lease_condensate,0.308,thousand_barrels_per_day,EIA_INTL_v2:productId=53
IRN,2016,crude_oil_lease_condensate,4438.250366666667,thousand_barrels_per_day,EIA_INTL_v2:productId=53
IRQ,2016,crude_oil_lease_condensate,4530.191393442623,thousand_barrels_per_day,EIA_INTL_v2:productId=53
ISL,2016,crude_oil_lease_condensate,0.0,thousand_barrels_per_day,EIA_INTL_v2:productId=53
ISR,2016,crude_oil_lease_condensate,4.7322,thousand_barrels_per_day,EIA_INTL_v2:productId=53
ITA,2016,crude_oil_lease_condensate,142.89876338797814,thousand_barrels_per_day,EIA_INTL_v2:productId=53
JAM,2016,crude_oil_lease_condensate,0.9349999999999999,thousand_barrels_per_day,EIA_INTL_v2:productId=53
JOR,2016,crude_oil_lease_condensate,0.3085,thousand_barrels_per_day,EIA_INTL_v2:productId=53
JPN,2016,crude_oil_lease_condensate,95.86183278688523,thousand_barrels_per_day,EIA_INTL_v2:productId=53
KAZ,2016,crude_oil_lease_condensate,1697.5164535519125,thousand_barrels_per_day,EIA_INTL_v2:productId=53
KEN,2016,crude_oil_lease_condensate,0.8334,thousand_barrels_per_day,EIA_INTL_v2:productId=53
KGZ,2016,crude_oil_lease_condensate,0.9789,thousand_barrels_per_day,EIA_INTL_v2:productId=53
KHM,2016,crude_oil_lease_condensate,0.0,thousand_barrels_per_day,EIA_INTL_v2:productId=53
KIR,2016,crude_oil_lease_condensate,0.0,thousand_barrels_per_day,EIA_INTL_v2:productId=53
KNA,2016,crude_oil_lease_condensate,0.0,thousand_barrels_per_day,EIA_INTL_v2:productId=53
KOR,2016,crude_oil_lease_condensate,79.84897540983607,thousand_barrels_per_day,EIA_INTL_v2:productId=53
KWT,2016,crude_oil_lease_condensate,3163.092475409836,thousand_barrels_per_day,EIA_INTL_v2:productId=53
LAO,2016,crude_oil_lease_condensate,0.0,thousand_barrels_per_day,EIA_INTL_v2:productId=53
LBN,2016,crude_oil_lease_condensate,0.0,thousand_barrels_per_day,EIA_INTL_v2:productId=53
LBR,2016,crude_oil_lease_condensate,0.0,thousand_barrels_per_day,EIA_INTL_v2:productId=53
LBY,2016,crude_oil_lease_condensate,478.7167923497268,thousand_barrels_per_day,EIA_INTL_v2:productId=53
LCA,2016,crude_oil_lease_condensate,0.0,thousand_barrels_per_day,EIA_INTL_v2:productId=53
LKA,2016,crude_oil_lease_condensate,-0.241,thousand_barrels_per_day,EIA_INTL_v2:productId=53
LSO,2016,crude_oil_lease_condensate,0.0,thousand_barrels_per_day,EIA_INTL_v2:productId=53
LTU,2016,crude_oil_lease_condensate,8.2037,thousand_barrels_per_day,EIA_INTL_v2:productId=53
LUX,2016,crude_oil_lease_condensate,0.0,thousand_barrels_per_day,EIA_INTL_v2:productId=53
LVA,2016,crude_oil_lease_condensate,0.922,thousand_barrels_per_day,EIA_INTL_v2:productId=53
MAC,2016,crude_oil_lease_condensate,0.0,thousand_barrels_per_day,EIA_INTL_v2:productId=53
MAR,2016,crude_oil_lease_condensate,0.16,thousand_barrels_per_day,EIA_INTL_v2:productId=53
MDA,2016,crude_oil_lease_condensate,0.0,thousand_barrels_per_day,EIA_INTL_v2:productId=53
MDG,2016,crude_oil_lease_condensate,0.0,thousand_barrels_per_day,EIA_INTL_v2:productId=53
MDV,2016,crude_oil_lease_condensate,0.0,thousand_barrels_per_day,EIA_INTL_v2:productId=53
MEX,2016,crude_oil_lease_condensate,2478.1006797814207,thousand_barrels_per_day,EIA_INTL_v2:productId=53
MKD,2016,crude_oil_lease_condensate,0.236,thousand_barrels_per_day,EIA_INTL_v2:productId=53
MLI,2016,crude_oil_lease_condensate,0.0,thousand_barrels_per_day,EIA_INTL_v2:productId=53
MLT,2016,crude_oil_lease_condensate,0.0,thousand_barrels_per_day,EIA_INTL_v2:productId=53
MMR,2016,crude_oil_lease_condensate,11.5264,thousand_barrels_per_day,EIA_INTL_v2:productId=53
MNE,2016,crude_oil_lease_condensate,0.0,thousand_barrels_per_day,EIA_INTL_v2:productId=53
MNG,2016,crude_oil_lease_condensate,23.42622950819672,thousand_barrels_per_day,EIA_INTL_v2:productId=53
MOZ,2016,crude_oil_lease_condensate,0.282,thousand_barrels_per_day,EIA_INTL_v2:productId=53
MRT,2016,crude_oil_lease_condensate,4.836065573770492,thousand_barrels_per_day,EIA_INTL_v2:productId=53
MSR,2016,crude_oil_lease_condensate,0.0,thousand_barrels_per_day,EIA_INTL_v2:productId=53
MTQ,2016,crude_oil_lease_condensate,-0.24,thousand_barrels_per_day,EIA_INTL_v2:productId=53
MUS,2016,crude_oil_lease_condensate,0.517,thousand_barrels_per_day,EIA_INTL_v2:productId=53
MWI,2016,crude_oil_lease_condensate,0.517,thousand_barrels_per_day,EIA_INTL_v2:productId=53
MYS,2016,crude_oil_lease_condensate,746.4968355191257,thousand_barrels_per_day,EIA_INTL_v2:productId=53
NAM,2016,crude_oil_lease_condensate,0.0,thousand_barrels_per_day,EIA_INTL_v2:productId=53
NCL,2016,crude_oil_lease_condensate,0.0,thousand_barrels_per_day,EIA_INTL_v2:productId=53
NER,2016,crude_oil_lease_condensate,13.3738,thousand_barrels_per_day,EIA_INTL_v2:productId=53
NGA,2016,crude_oil_lease_condensate,1937.5029267759562,thousand_barrels_per_day,EIA_INTL_v2:productId=53
NIC,2016,crude_oil_lease_condensate,-0.018,thousand_barrels_per_day,EIA_INTL_v2:productId=53
NIU,2016,crude_oil_lease_condensate,0.0,thousand_barrels_per_day,EIA_INTL_v2:productId=53
NLD,2016,crude_oil_lease_condensate,62.12827415998907,thousand_barrels_per_day,EIA_INTL_v2:productId=53
NOR,2016,crude_oil_lease_condensate,1999.399924590164,thousand_barrels_per_day,EIA_INTL_v2:productId=53
NPL,2016,crude_oil_lease_condensate,0.0,thousand_barrels_per_day,EIA_INTL_v2:productId=53
NRU,2016,crude_oil_lease_condensate,0.0,thousand_barrels_per_day,EIA_INTL_v2:productId=53
NZL,2016,crude_oil_lease_condensate,45.64677267759563,thousand_barrels_per_day,EIA_INTL_v2:productId=53
OMN,2016,crude_oil_lease_condensate,1012.4714852459016,thousand_barrels_per_day,EIA_INTL_v2:productId=53
PAK,2016,crude_oil_lease_condensate,88.60573224043716,thousand_barrels_per_day,EIA_INTL_v2:productId=53
PAN,2016,crude_oil_lease_condensate,0.446,thousand_barrels_per_day,EIA_INTL_v2:productId=53
PER,2016,crude_oil_lease_condensate,141.22450109289616,thousand_barrels_per_day,EIA_INTL_v2:productId=53
PHL,2016,crude_oil_lease_condensate,31.9472,thousand_barrels_per_day,EIA_INTL_v2:productId=53
PNG,2016,crude_oil_lease_condensate,56.054223278688525,thousand_barrels_per_day,EIA_INTL_v2:productId=53
POL,2016,crude_oil_lease_condensate,31.874097267759563,thousand_barrels_per_day,EIA_INTL_v2:productId=53
PRI,2016,crude_oil_lease_condensate,0.0,thousand_barrels_per_day,EIA_INTL_v2:productId=53
PRK,2016,crude_oil_lease_condensate,0.103,thousand_barrels_per_day,EIA_INTL_v2:productId=53
PRT,2016,crude_oil_lease_condensate,10.579991781,thousand_barrels_per_day,EIA_INTL_v2:productId=53
PRY,2016,crude_oil_lease_condensate,4.687,thousand_barrels_per_day,EIA_INTL_v2:productId=53
PSE,2016,crude_oil_lease_condensate,0.0,thousand_barrels_per_day,EIA_INTL_v2:productId=53
PYF,2016,crude_oil_lease_condensate,0.0,thousand_barrels_per_day,EIA_INTL_v2:productId=53
QAT,2016,crude_oil_lease_condensate,1845.053293989071,thousand_barrels_per_day,EIA_INTL_v2:productId=53
REU,2016,crude_oil_lease_condensate,0.0,thousand_barrels_per_day,EIA_INTL_v2:productId=53
ROU,2016,crude_oil_lease_condensate,93.41093606557376,thousand_barrels_per_day,EIA_INTL_v2:productId=53
RUS,2016,crude_oil_lease_condensate,11244.645296721312,thousand_barrels_per_day,EIA_INTL_v2:productId=53
RWA,2016,crude_oil_lease_condensate,0.0,thousand_barrels_per_day,EIA_INTL_v2:productId=53
SAU,2016,crude_oil_lease_condensate,12170.176155737705,thousand_barrels_per_day,EIA_INTL_v2:productId=53
SDN,2016,crude_oil_lease_condensate,107.30558469945355,thousand_barrels_per_day,EIA_INTL_v2:productId=53
SEN,2016,crude_oil_lease_condensate,-0.0241,thousand_barrels_per_day,EIA_INTL_v2:productId=53
SGP,2016,crude_oil_lease_condensate,31.6106,thousand_barrels_per_day,EIA_INTL_v2:productId=53
SHN,2016,crude_oil_lease_condensate,0.0,thousand_barrels_per_day,EIA_INTL_v2:productId=53
SLB,2016,crude_oil_lease_condensate,0.0,thousand_barrels_per_day,EIA_INTL_v2:productId=53
SLE,2016,crude_oil_lease_condensate,0.0,thousand_barrels_per_day,EIA_INTL_v2:productId=53
SLV,2016,crude_oil_lease_condensate,0.0,thousand_barrels_per_day,EIA_INTL_v2:productId=53
SOM,2016,crude_oil_lease_condensate,0.0,thousand_barrels_per_day,EIA_INTL_v2:productId=53
SPM,2016,crude_oil_lease_condensate,0.0,thousand_barrels_per_day,EIA_INTL_v2:productId=53
SRB,2016,crude_oil_lease_condensate,22.6169,thousand_barrels_per_day,EIA_INTL_v2:productId=53
SSD,2016,crude_oil_lease_condensate,152.45901639344262,thousand_barrels_per_day,EIA_INTL_v2:productId=53
STP,2016,crude_oil_lease_condensate,0.0,thousand_barrels_per_day,EIA_INTL_v2:productId=53
SUR,2016,crude_oil_lease_condensate,15.55,thousand_barrels_per_day,EIA_INTL_v2:productId=53
SVK,2016,crude_oil_lease_condensate,11.8556,thousand_barrels_per_day,EIA_INTL_v2:productId=53
SVN,2016,crude_oil_lease_condensate,0.005,thousand_barrels_per_day,EIA_INTL_v2:productId=53
SWE,2016,crude_oil_lease_condensate,12.5772,thousand_barrels_per_day,EIA_INTL_v2:productId=53
SWZ,2016,crude_oil_lease_condensate,0.775,thousand_barrels_per_day,EIA_INTL_v2:productId=53
SYC,2016,crude_oil_lease_condensate,0.0,thousand_barrels_per_day,EIA_INTL_v2:productId=53
SYR,2016,crude_oil_lease_condensate,23.648497267759563,thousand_barrels_per_day,EIA_INTL_v2:productId=53
TCA,2016,crude_oil_lease_condensate,0.0,thousand_barrels_per_day,EIA_INTL_v2:productId=53
TCD,2016,crude_oil_lease_condensate,114.0,thousand_barrels_per_day,EIA_INTL_v2:productId=53
TGO,2016,crude_oil_lease_condensate,0.0,thousand_barrels_per_day,EIA_INTL_v2:productId=53
THA,2016,crude_oil_lease_condensate,524.6818901639344,thousand_barrels_per_day,EIA_INTL_v2:productId=53
TJK,2016,crude_oil_lease_condensate,0.17474,thousand_barrels_per_day,EIA_INTL_v2:productId=53
TKM,2016,crude_oil_lease_condensate,265.5220885245902,thousand_barrels_per_day,EIA_INTL_v2:productId=53
TLS,2016,crude_oil_lease_condensate,30.0,thousand_barrels_per_day,EIA_INTL_v2:productId=53
TON,2016,crude_oil_lease_condensate,0.0,thousand_barrels_per_day,EIA_INTL_v2:productId=53
TTO,2016,crude_oil_lease_condensate,97.22859508196721,thousand_barrels_per_day,EIA_INTL_v2:productId=53
TUN,2016,crude_oil_lease_condensate,41.725,thousand_barrels_per_day,EIA_INTL_v2:productId=53
TUR,2016,crude_oil_lease_condensate,62.81476775956284,thousand_barrels_per_day,EIA_INTL_v2:productId=53
TWN,2016,crude_oil_lease_condensate,22.2658,thousand_barrels_per_day,EIA_INTL_v2:productId=53
TZA,2016,crude_oil_lease_condensate,0.0,thousand_barrels_per_day,EIA_INTL_v2:productId=53
UGA,2016,crude_oil_lease_condensate,0.0,thousand_barrels_per_day,EIA_INTL_v2:productId=53
UKR,2016,crude_oil_lease_condensate,56.563037158469946,thousand_barrels_per_day,EIA_INTL_v2:productId=53
URY,2016,crude_oil_lease_condensate,1.8991,thousand_barrels_per_day,EIA_INTL_v2:productId=53
USA,2016,crude_oil_lease_condensate,14849.860792349727,thousand_barrels_per_day,EIA_INTL_v2:productId=53
UZB,2016,crude_oil_lease_condensate,63.1717,thousand_barrels_per_day,EIA_INTL_v2:productId=53
VCT,2016,crude_oil_lease_condensate,0.0,thousand_barrels_per_day,EIA_INTL_v2:productId=53
VEN,2016,crude_oil_lease_condensate,2330.1895907103826,thousand_barrels_per_day,EIA_INTL_v2:productId=53
VGB,2016,crude_oil_lease_condensate,0.0,thousand_barrels_per_day,EIA_INTL_v2:productId=53
VIR,2016,crude_oil_lease_condensate,0.0,thousand_barrels_per_day,EIA_INTL_v2:productId=53
VNM,2016,crude_oil_lease_condensate,336.55252677595627,thousand_barrels_per_day,EIA_INTL_v2:productId=53
VUT,2016,crude_oil_lease_condensate,0.0,thousand_barrels_per_day,EIA_INTL_v2:productId=53
WAK,2016,crude_oil_lease_condensate,0.0,thousand_barrels_per_day,EIA_INTL_v2:productId=53
WSM,2016,crude_oil_lease_condensate,0.0,thousand_barrels_per_day,EIA_INTL_v2:productId=53
YEM,2016,crude_oil_lease_condensate,18.49079180327869,thousand_barrels_per_day,EIA_INTL_v2:productId=53
ZAF,2016,crude_oil_lease_condensate,115.5072,thousand_barrels_per_day,EIA_INTL_v2:productId=53
ZMB,2016,crude_oil_lease_condensate,0.1278,thousand_barrels_per_day,EIA_INTL_v2:productId=53
ZWE,2016,crude_oil_lease_condensate,0.819,thousand_barrels_per_day,EIA_INTL_v2:productId=53
ABW,2017,crude_oil_lease_condensate,0.0,thousand_barrels_per_day,EIA_INTL_v2:productId=53
AFG,2017,crude_oil_lease_condensate,0.0,thousand_barrels_per_day,EIA_INTL_v2:productId=53
AGO,2017,crude_oil_lease_condensate,1708.3545306249114,thousand_barrels_per_day,EIA_INTL_v2:productId=53
ALB,2017,crude_oil_lease_condensate,17.05404,thousand_barrels_per_day,EIA_INTL_v2:productId=53
ARE,2017,crude_oil_lease_condensate,3723.6506821917806,thousand_barrels_per_day,EIA_INTL_v2:productId=53
ARG,2017,crude_oil_lease_condensate,686.3095116093149,thousand_barrels_per_day,EIA_INTL_v2:productId=53
ARM,2017,crude_oil_lease_condensate,0.0,thousand_barrels_per_day,EIA_INTL_v2:productId=53
ASM,2017,crude_oil_lease_condensate,0.0,thousand_barrels_per_day,EIA_INTL_v2:productId=53
ATA,2017,crude_oil_lease_condensate,0.0,thousand_barrels_per_day,EIA_INTL_v2:productId=53
ATG,2017,crude_oil_lease_condensate,0.0,thousand_barrels_per_day,EIA_INTL_v2:productId=53
AUS,2017,crude_oil_lease_condensate,336.9518433705448,thousand_barrels_per_day,EIA_INTL_v2:productId=53
AUT,2017,crude_oil_lease_condensate,27.186649315068493,thousand_barrels_per_day,EIA_INTL_v2:productId=53
AZE,2017,crude_oil_lease_condensate,794.8208502137726,thousand_barrels_per_day,EIA_INTL_v2:productId=53
BDI,2017,crude_oil_lease_condensate,0.0,thousand_barrels_per_day,EIA_INTL_v2:productId=53
BEL,2017,crude_oil_lease_condensate,19.6025,thousand_barrels_per_day,EIA_INTL_v2:productId=53
BEN,2017,crude_oil_lease_condensate,0.0,thousand_barrels_per_day,EIA_INTL_v2:productId=53
BFA,2017,crude_oil_lease_condensate,0.0,thousand_barrels_per_day,EIA_INTL_v2:productId=53
BGD,2017,crude_oil_lease_condensate,15.2496,thousand_barrels_per_day,EIA_INTL_v2:productId=53
BGR,2017,crude_oil_lease_condensate,6.0457,thousand_barrels_per_day,EIA_INTL_v2:productId=53
BHR,2017,crude_oil_lease_condensate,213.22496164383563,thousand_barrels_per_day,EIA_INTL_v2:productId=53
BHS,2017,crude_oil_lease_condensate,0.0,thousand_barrels_per_day,EIA_INTL_v2:productId=53
BIH,2017,crude_oil_lease_condensate,0.1942,thousand_barrels_per_day,EIA_INTL_v2:productId=53
BLR,2017,crude_oil_lease_condensate,32.175024657534244,thousand_barrels_per_day,EIA_INTL_v2:productId=53
BLZ,2017,crude_oil_lease_condensate,0.9896624109589041,thousand_barrels_per_day,EIA_INTL_v2:productId=53
BMU,2017,crude_oil_lease_condensate,0.0,thousand_barrels_per_day,EIA_INTL_v2:productId=53
BOL,2017,crude_oil_lease_condensate,78.17478123287671,thousand_barrels_per_day,EIA_INTL_v2:productId=53
BRA,2017,crude_oil_lease_condensate,3356.2156535087224,thousand_barrels_per_day,EIA_INTL_v2:productId=53
BRB,2017,crude_oil_lease_condensate,0.6408575342465753,thousand_barrels_per_day,EIA_INTL_v2:productId=53
BRN,2017,crude_oil_lease_condensate,113.3402506849315,thousand_barrels_per_day,EIA_INTL_v2:productId=53
BTN,2017,crude_oil_lease_condensate,0.0,thousand_barrels_per_day,EIA_INTL_v2:productId=53
BWA,2017,crude_oil_lease_condensate,0.0,thousand_barrels_per_day,EIA_INTL_v2:productId=53
CAF,2017,crude_oil_lease_condensate,0.0,thousand_barrels_per_day,EIA_INTL_v2:productId=53
CAN,2017,crude_oil_lease_condensate,4946.555156164383,thousand_barrels_per_day,EIA_INTL_v2:productId=53
CHE,2017,crude_oil_lease_condensate,1.2755,thousand_barrels_per_day,EIA_INTL_v2:productId=53
CHL,2017,crude_oil_lease_condensate,11.854534246575342,thousand_barrels_per_day,EIA_INTL_v2:productId=53
CHN,2017,crude_oil_lease_condensate,4688.222720253378,thousand_barrels_per_day,EIA_INTL_v2:productId=53
CIV,2017,crude_oil_lease_condensate,39.086376,thousand_barrels_per_day,EIA_INTL_v2:productId=53
CMR,2017,crude_oil_lease_condensate,76.32675205479451,thousand_barrels_per_day,EIA_INTL_v2:productId=53
COD,2017,crude_oil_lease_condensate,19.0,thousand_barrels_per_day,EIA_INTL_v2:productId=53
COG,2017,crude_oil_lease_condensate,252.64239007178517,thousand_barrels_per_day,EIA_INTL_v2:productId=53
COK,2017,crude_oil_lease_condensate,0.0,thousand_barrels_per_day,EIA_INTL_v2:productId=53
COL,2017,crude_oil_lease_condensate,884.3143851205481,thousand_barrels_per_day,EIA_INTL_v2:productId=53
COM,2017,crude_oil_lease_condensate,0.0,thousand_barrels_per_day,EIA_INTL_v2:productId=53
CPV,2017,crude_oil_lease_condensate,0.0,thousand_barrels_per_day,EIA_INTL_v2:productId=53
CRI,2017,crude_oil_lease_condensate,0.0,thousand_barrels_per_day,EIA_INTL_v2:productId=53
CUB,2017,crude_oil_lease_condensate,47.008,thousand_barrels_per_day,EIA_INTL_v2:productId=53
CYM,2017,crude_oil_lease_condensate,0.0,thousand_barrels_per_day,EIA_INTL_v2:productId=53
CYP,2017,crude_oil_lease_condensate,0.0,thousand_barrels_per_day,EIA_INTL_v2:productId=53
CZE,2017,crude_oil_lease_condensate,11.858941095890412,thousand_barrels_per_day,EIA_INTL_v2:productId=53
DEU,2017,crude_oil_lease_condensate,165.91460089041095,thousand_barrels_per_day,EIA_INTL_v2:productId=53
DJI,2017,crude_oil_lease_condensate,0.0,thousand_barrels_per_day,EIA_INTL_v2:productId=53
DMA,2017,crude_oil_lease_condensate,0.0,thousand_barrels_per_day,EIA_INTL_v2:productId=53
DNK,2017,crude_oil_lease_condensate,144.51640824394661,thousand_barrels_per_day,EIA_INTL_v2:productId=53
DOM,2017,crude_oil_lease_condensate,-0.0909,thousand_barrels_per_day,EIA_INTL_v2:productId=53
DZA,2017,crude_oil_lease_condensate,1632.8695246575342,thousand_barrels_per_day,EIA_INTL_v2:productId=53
ECU,2017,crude_oil_lease_condensate,535.9282876712329,thousand_barrels_per_day,EIA_INTL_v2:productId=53
EGY,2017,crude_oil_lease_condensate,711.5735257534246,thousand_barrels_per_day,EIA_INTL_v2:productId=53
ERI,2017,crude_oil_lease_condensate,0.0,thousand_barrels_per_day,EIA_INTL_v2:productId=53
ESH,2017,crude_oil_lease_condensate,0.0,thousand_barrels_per_day,EIA_INTL_v2:productId=53
ESP,2017,crude_oil_lease_condensate,76.8172493150685,thousand_barrels_per_day,EIA_INTL_v2:productId=53
EST,2017,crude_oil_lease_condensate,18.391846575342466,thousand_barrels_per_day,EIA_INTL_v2:productId=53
ETH,2017,crude_oil_lease_condensate,0.0,thousand_barrels_per_day,EIA_INTL_v2:productId=53
FIN,2017,crude_oil_lease_condensate,16.048099999999998,thousand_barrels_per_day,EIA_INTL_v2:productId=53
FJI,2017,crude_oil_lease_condensate,0.0,thousand_barrels_per_day,EIA_INTL_v2:productId=53
FLK,2017,crude_oil_lease_condensate,0.0,thousand_barrels_per_day,EIA_INTL_v2:productId=53
FRA,2017,crude_oil_lease_condensate,110.2771850550137,thousand_barrels_per_day,EIA_INTL_v2:productId=53
FRO,2017,crude_oil_lease_condensate,0.0,thousand_barrels_per_day,EIA_INTL_v2:productId=53
GAB,2017,crude_oil_lease_condensate,198.54231506849314,thousand_barrels_per_day,EIA_INTL_v2:productId=53
GBR,2017,crude_oil_lease_condensate,1053.292616862018,thousand_barrels_per_day,EIA_INTL_v2:productId=53
GEO,2017,crude_oil_lease_condensate,0.4123739726027397,thousand_barrels_per_day,EIA_INTL_v2:productId=53
GHA,2017,crude_oil_lease_condensate,151.33582739726026,thousand_barrels_per_day,EIA_INTL_v2:productId=53
GIB,2017,crude_oil_lease_condensate,0.0,thousand_barrels_per_day,EIA_INTL_v2:productId=53
GIN,2017,crude_oil_lease_condensate,0.0,thousand_barrels_per_day,EIA_INTL_v2:productId=53
GLP,2017,crude_oil_lease_condensate,0.0,thousand_barrels_per_day,EIA_INTL_v2:productId=53
GMB,2017,crude_oil_lease_condensate,0.0,thousand_barrels_per_day,EIA_INTL_v2:productId=53
GNB,2017,crude_oil_lease_condensate,0.0,thousand_barrels_per_day,EIA_INTL_v2:productId=53
GNQ,2017,crude_oil_lease_condensate,202.77876712328768,thousand_barrels_per_day,EIA_INTL_v2:productId=53
GRC,2017,crude_oil_lease_condensate,13.11281506849315,thousand_barrels_per_day,EIA_INTL_v2:productId=53
GRD,2017,crude_oil_lease_condensate,0.0,thousand_barrels_per_day,EIA_INTL_v2:productId=53
GRL,2017,crude_oil_lease_condensate,0.0,thousand_barrels_per_day,EIA_INTL_v2:productId=53
GTM,2017,crude_oil_lease_condensate,9.648205698630138,thousand_barrels_per_day,EIA_INTL_v2:productId=53
GUF,2017,crude_oil_lease_condensate,0.0,thousand_barrels_per_day,EIA_INTL_v2:productId=53
GUM,2017,crude_oil_lease_condensate,0.0,thousand_barrels_per_day,EIA_INTL_v2:productId=53
GUY,2017,crude_oil_lease_condensate,0.0,thousand_barrels_per_day,EIA_INTL_v2:productId=53
HKG,2017,crude_oil_lease_condensate,0.096,thousand_barrels_per_day,EIA_INTL_v2:productId=53
HND,2017,crude_oil_lease_condensate,0.0,thousand_barrels_per_day,EIA_INTL_v2:productId=53
HRV,2017,crude_oil_lease_condensate,17.96093698630137,thousand_barrels_per_day,EIA_INTL_v2:productId=53
HTI,2017,crude_oil_lease_condensate,0.0,thousand_barrels_per_day,EIA_INTL_v2:productId=53
HUN,2017,crude_oil_lease_condensate,38.44027808219178,thousand_barrels_per_day,EIA_INTL_v2:productId=53
IDN,2017,crude_oil_lease_condensate,893.7166397260274,thousand_barrels_per_day,EIA_INTL_v2:productId=53
IND,2017,crude_oil_lease_condensate,1006.076885260274,thousand_barrels_per_day,EIA_INTL_v2:productId=53
IRL,2017,crude_oil_lease_condensate,0.414,thousand_barrels_per_day,EIA_INTL_v2:productId=53
IRN,2017,crude_oil_lease_condensate,4949.400743835617,thousand_barrels_per_day,EIA_INTL_v2:productId=53
IRQ,2017,crude_oil_lease_condensate,4518.889931506849,thousand_barrels_per_day,EIA_INTL_v2:productId=53
ISL,2017,crude_oil_lease_condensate,0.0,thousand_barrels_per_day,EIA_INTL_v2:productId=53
ISR,2017,crude_oil_lease_condensate,5.4707,thousand_barrels_per_day,EIA_INTL_v2:productId=53
ITA,2017,crude_oil_lease_condensate,128.72433561643837,thousand_barrels_per_day,EIA_INTL_v2:productId=53
JAM,2017,crude_oil_lease_condensate,-0.721,thousand_barrels_per_day,EIA_INTL_v2:productId=53
JOR,2017,crude_oil_lease_condensate,0.3184,thousand_barrels_per_day,EIA_INTL_v2:productId=53
JPN,2017,crude_oil_lease_condensate,102.90295342465754,thousand_barrels_per_day,EIA_INTL_v2:productId=53
KAZ,2017,crude_oil_lease_condensate,1879.2251360091113,thousand_barrels_per_day,EIA_INTL_v2:productId=53
KEN,2017,crude_oil_lease_condensate,-0.0298,thousand_barrels_per_day,EIA_INTL_v2:productId=53
KGZ,2017,crude_oil_lease_condensate,3.4781,thousand_barrels_per_day,EIA_INTL_v2:productId=53
KHM,2017,crude_oil_lease_condensate,0.0,thousand_barrels_per_day,EIA_INTL_v2:productId=53
KIR,2017,crude_oil_lease_condensate,0.0,thousand_barrels_per_day,EIA_INTL_v2:productId=53
KNA,2017,crude_oil_lease_condensate,0.0,thousand_barrels_per_day,EIA_INTL_v2:productId=53
KOR,2017,crude_oil_lease_condensate,88.31667808219179,thousand_barrels_per_day,EIA_INTL_v2:productId=53
KWT,2017,crude_oil_lease_condensate,3025.003164383562,thousand_barrels_per_day,EIA_INTL_v2:productId=53
LAO,2017,crude_oil_lease_condensate,0.0,thousand_barrels_per_day,EIA_INTL_v2:productId=53
LBN,2017,crude_oil_lease_condensate,0.0,thousand_barrels_per_day,EIA_INTL_v2:productId=53
LBR,2017,crude_oil_lease_condensate,0.0,thousand_barrels_per_day,EIA_INTL_v2:productId=53
LBY,2017,crude_oil_lease_condensate,912.8804109589041,thousand_barrels_per_day,EIA_INTL_v2:productId=53
LCA,2017,crude_oil_lease_condensate,0.0,thousand_barrels_per_day,EIA_INTL_v2:productId=53
LKA,2017,crude_oil_lease_condensate,-0.251,thousand_barrels_per_day,EIA_INTL_v2:productId=53
LSO,2017,crude_oil_lease_condensate,0.0,thousand_barrels_per_day,EIA_INTL_v2:productId=53
LTU,2017,crude_oil_lease_condensate,8.694899999999999,thousand_barrels_per_day,EIA_INTL_v2:productId=53
LUX,2017,crude_oil_lease_condensate,0.0,thousand_barrels_per_day,EIA_INTL_v2:productId=53
LVA,2017,crude_oil_lease_condensate,1.595,thousand_barrels_per_day,EIA_INTL_v2:productId=53
MAC,2017,crude_oil_lease_condensate,0.0,thousand_barrels_per_day,EIA_INTL_v2:productId=53
MAR,2017,crude_oil_lease_condensate,0.025,thousand_barrels_per_day,EIA_INTL_v2:productId=53
MDA,2017,crude_oil_lease_condensate,0.0,thousand_barrels_per_day,EIA_INTL_v2:productId=53
MDG,2017,crude_oil_lease_condensate,0.0,thousand_barrels_per_day,EIA_INTL_v2:productId=53
MDV,2017,crude_oil_lease_condensate,0.0,thousand_barrels_per_day,EIA_INTL_v2:productId=53
MEX,2017,crude_oil_lease_condensate,2245.236012328767,thousand_barrels_per_day,EIA_INTL_v2:productId=53
MKD,2017,crude_oil_lease_condensate,0.0,thousand_barrels_per_day,EIA_INTL_v2:productId=53
MLI,2017,crude_oil_lease_condensate,0.0,thousand_barrels_per_day,EIA_INTL_v2:productId=53
MLT,2017,crude_oil_lease_condensate,0.0,thousand_barrels_per_day,EIA_INTL_v2:productId=53
MMR,2017,crude_oil_lease_condensate,12.3029,thousand_barrels_per_day,EIA_INTL_v2:productId=53
MNE,2017,crude_oil_lease_condensate,0.0,thousand_barrels_per_day,EIA_INTL_v2:productId=53
MNG,2017,crude_oil_lease_condensate,20.0,thousand_barrels_per_day,EIA_INTL_v2:productId=53
MOZ,2017,crude_oil_lease_condensate,0.0,thousand_barrels_per_day,EIA_INTL_v2:productId=53
MRT,2017,crude_oil_lease_condensate,0.0,thousand_barrels_per_day,EIA_INTL_v2:productId=53
MSR,2017,crude_oil_lease_condensate,0.0,thousand_barrels_per_day,EIA_INTL_v2:productId=53
MTQ,2017,crude_oil_lease_condensate,-0.25,thousand_barrels_per_day,EIA_INTL_v2:productId=53
MUS,2017,crude_oil_lease_condensate,0.0,thousand_barrels_per_day,EIA_INTL_v2:productId=53
MWI,2017,crude_oil_lease_condensate,0.0,thousand_barrels_per_day,EIA_INTL_v2:productId=53
MYS,2017,crude_oil_lease_condensate,754.2847926485027,thousand_barrels_per_day,EIA_INTL_v2:productId=53
NAM,2017,crude_oil_lease_condensate,0.0,thousand_barrels_per_day,EIA_INTL_v2:productId=53
NCL,2017,crude_oil_lease_condensate,0.0,thousand_barrels_per_day,EIA_INTL_v2:productId=53
NER,2017,crude_oil_lease_condensate,16.3893,thousand_barrels_per_day,EIA_INTL_v2:productId=53
NGA,2017,crude_oil_lease_condensate,2019.1982643835615,thousand_barrels_per_day,EIA_INTL_v2:productId=53
NIC,2017,crude_oil_lease_condensate,-0.198,thousand_barrels_per_day,EIA_INTL_v2:productId=53
NIU,2017,crude_oil_lease_condensate,0.0,thousand_barrels_per_day,EIA_INTL_v2:productId=53
NLD,2017,crude_oil_lease_condensate,66.79251454292019,thousand_barrels_per_day,EIA_INTL_v2:productId=53
NOR,2017,crude_oil_lease_condensate,1974.959594520548,thousand_barrels_per_day,EIA_INTL_v2:productId=53
NPL,2017,crude_oil_lease_condensate,0.0,thousand_barrels_per_day,EIA_INTL_v2:productId=53
NRU,2017,crude_oil_lease_condensate,0.0,thousand_barrels_per_day,EIA_INTL_v2:productId=53
NZL,2017,crude_oil_lease_condensate,26.696009589041097,thousand_barrels_per_day,EIA_INTL_v2:productId=53
OMN,2017,crude_oil_lease_condensate,978.9465260273972,thousand_barrels_per_day,EIA_INTL_v2:productId=53
PAK,2017,crude_oil_lease_condensate,105.91961643835617,thousand_barrels_per_day,EIA_INTL_v2:productId=53
PAN,2017,crude_oil_lease_condensate,0.0,thousand_barrels_per_day,EIA_INTL_v2:productId=53
PER,2017,crude_oil_lease_condensate,140.50585616438357,thousand_barrels_per_day,EIA_INTL_v2:productId=53
PHL,2017,crude_oil_lease_condensate,16.4652,thousand_barrels_per_day,EIA_INTL_v2:productId=53
PNG,2017,crude_oil_lease_condensate,50.48460452054795,thousand_barrels_per_day,EIA_INTL_v2:productId=53
POL,2017,crude_oil_lease_condensate,31.69395616438356,thousand_barrels_per_day,EIA_INTL_v2:productId=53
PRI,2017,crude_oil_lease_condensate,0.0,thousand_barrels_per_day,EIA_INTL_v2:productId=53
PRK,2017,crude_oil_lease_condensate,0.1073,thousand_barrels_per_day,EIA_INTL_v2:productId=53
PRT,2017,crude_oil_lease_condensate,11.506214795,thousand_barrels_per_day,EIA_INTL_v2:productId=53
PRY,2017,crude_oil_lease_condensate,5.697,thousand_barrels_per_day,EIA_INTL_v2:productId=53
PSE,2017,crude_oil_lease_condensate,0.0,thousand_barrels_per_day,EIA_INTL_v2:productId=53
PYF,2017,crude_oil_lease_condensate,0.0,thousand_barrels_per_day,EIA_INTL_v2:productId=53
QAT,2017,crude_oil_lease_condensate,1791.868902739726,thousand_barrels_per_day,EIA_INTL_v2:productId=53
REU,2017,crude_oil_lease_condensate,0.0,thousand_barrels_per_day,EIA_INTL_v2:productId=53
ROU,2017,crude_oil_lease_condensate,89.43484657534246,thousand_barrels_per_day,EIA_INTL_v2:productId=53
RUS,2017,crude_oil_lease_condensate,11230.708615502315,thousand_barrels_per_day,EIA_INTL_v2:productId=53
RWA,2017,crude_oil_lease_condensate,0.0,thousand_barrels_per_day,EIA_INTL_v2:productId=53
SAU,2017,crude_oil_lease_condensate,12083.636891780821,thousand_barrels_per_day,EIA_INTL_v2:productId=53
SDN,2017,crude_oil_lease_condensate,104.07564600117016,thousand_barrels_per_day,EIA_INTL_v2:productId=53
SEN,2017,crude_oil_lease_condensate,-0.0251,thousand_barrels_per_day,EIA_INTL_v2:productId=53
SGP,2017,crude_oil_lease_condensate,19.0121,thousand_barrels_per_day,EIA_INTL_v2:productId=53
SHN,2017,crude_oil_lease_condensate,0.0,thousand_barrels_per_day,EIA_INTL_v2:productId=53
SLB,2017,crude_oil_lease_condensate,0.0,thousand_barrels_per_day,EIA_INTL_v2:productId=53
SLE,2017,crude_oil_lease_condensate,0.0,thousand_barrels_per_day,EIA_INTL_v2:productId=53
SLV,2017,crude_oil_lease_condensate,0.0,thousand_barrels_per_day,EIA_INTL_v2:productId=53
SOM,2017,crude_oil_lease_condensate,0.0,thousand_barrels_per_day,EIA_INTL_v2:productId=53
SPM,2017,crude_oil_lease_condensate,0.0,thousand_barrels_per_day,EIA_INTL_v2:productId=53
SRB,2017,crude_oil_lease_condensate,19.6839,thousand_barrels_per_day,EIA_INTL_v2:productId=53
SSD,2017,crude_oil_lease_condensate,150.12476583882116,thousand_barrels_per_day,EIA_INTL_v2:productId=53
STP,2017,crude_oil_lease_condensate,0.0,thousand_barrels_per_day,EIA_INTL_v2:productId=53
SUR,2017,crude_oil_lease_condensate,15.531,thousand_barrels_per_day,EIA_INTL_v2:productId=53
SVK,2017,crude_oil_lease_condensate,8.885480821917808,thousand_barrels_per_day,EIA_INTL_v2:productId=53
SVN,2017,crude_oil_lease_condensate,0.0,thousand_barrels_per_day,EIA_INTL_v2:productId=53
SWE,2017,crude_oil_lease_condensate,16.595499999999998,thousand_barrels_per_day,EIA_INTL_v2:productId=53
SWZ,2017,crude_oil_lease_condensate,0.0,thousand_barrels_per_day,EIA_INTL_v2:productId=53
SYC,2017,crude_oil_lease_condensate,0.0,thousand_barrels_per_day,EIA_INTL_v2:productId=53
SYR,2017,crude_oil_lease_condensate,24.383,thousand_barrels_per_day,EIA_INTL_v2:productId=53
TCA,2017,crude_oil_lease_condensate,0.0,thousand_barrels_per_day,EIA_INTL_v2:productId=53
TCD,2017,crude_oil_lease_condensate,127.919117,thousand_barrels_per_day,EIA_INTL_v2:productId=53
TGO,2017,crude_oil_lease_condensate,0.0,thousand_barrels_per_day,EIA_INTL_v2:productId=53
THA,2017,crude_oil_lease_condensate,536.3401731506849,thousand_barrels_per_day,EIA_INTL_v2:productId=53
TJK,2017,crude_oil_lease_condensate,0.31052,thousand_barrels_per_day,EIA_INTL_v2:productId=53
TKM,2017,crude_oil_lease_condensate,270.1240066666666,thousand_barrels_per_day,EIA_INTL_v2:productId=53
TLS,2017,crude_oil_lease_condensate,21.0,thousand_barrels_per_day,EIA_INTL_v2:productId=53
TON,2017,crude_oil_lease_condensate,0.0,thousand_barrels_per_day,EIA_INTL_v2:productId=53
TTO,2017,crude_oil_lease_condensate,99.28320684931508,thousand_barrels_per_day,EIA_INTL_v2:productId=53
TUN,2017,crude_oil_lease_condensate,42.41320547945205,thousand_barrels_per_day,EIA_INTL_v2:productId=53
TUR,2017,crude_oil_lease_condensate,65.38740273972603,thousand_barrels_per_day,EIA_INTL_v2:productId=53
TWN,2017,crude_oil_lease_condensate,23.7574,thousand_barrels_per_day,EIA_INTL_v2:productId=53
TZA,2017,crude_oil_lease_condensate,0.0,thousand_barrels_per_day,EIA_INTL_v2:productId=53
UGA,2017,crude_oil_lease_condensate,0.0,thousand_barrels_per_day,EIA_INTL_v2:productId=53
UKR,2017,crude_oil_lease_condensate,55.812043835616436,thousand_barrels_per_day,EIA_INTL_v2:productId=53
URY,2017,crude_oil_lease_condensate,1.946,thousand_barrels_per_day,EIA_INTL_v2:productId=53
USA,2017,crude_oil_lease_condensate,15673.331663013698,thousand_barrels_per_day,EIA_INTL_v2:productId=53
UZB,2017,crude_oil_lease_condensate,47.24702328767123,thousand_barrels_per_day,EIA_INTL_v2:productId=53
VCT,2017,crude_oil_lease_condensate,0.0,thousand_barrels_per_day,EIA_INTL_v2:productId=53
VEN,2017,crude_oil_lease_condensate,2066.046794520548,thousand_barrels_per_day,EIA_INTL_v2:productId=53
VGB,2017,crude_oil_lease_condensate,0.0,thousand_barrels_per_day,EIA_INTL_v2:productId=53
VIR,2017,crude_oil_lease_condensate,0.0,thousand_barrels_per_day,EIA_INTL_v2:productId=53
VNM,2017,crude_oil_lease_condensate,288.24348126279415,thousand_barrels_per_day,EIA_INTL_v2:productId=53
VUT,2017,crude_oil_lease_condensate,0.0,thousand_barrels_per_day,EIA_INTL_v2:productId=53
WAK,2017,crude_oil_lease_condensate,0.0,thousand_barrels_per_day,EIA_INTL_v2:productId=53
WSM,2017,crude_oil_lease_condensate,0.0,thousand_barrels_per_day,EIA_INTL_v2:productId=53
YEM,2017,crude_oil_lease_condensate,32.2295,thousand_barrels_per_day,EIA_INTL_v2:productId=53
ZAF,2017,crude_oil_lease_condensate,119.36871780821917,thousand_barrels_per_day,EIA_INTL_v2:productId=53
ZMB,2017,crude_oil_lease_condensate,0.1331,thousand_barrels_per_day,EIA_INTL_v2:productId=53
ZWE,2017,crude_oil_lease_condensate,0.8,thousand_barrels_per_day,EIA_INTL_v2:productId=53
ABW,2018,crude_oil_lease_condensate,0.0,thousand_barrels_per_day,EIA_INTL_v2:productId=53
AFG,2018,crude_oil_lease_condensate,0.0,thousand_barrels_per_day,EIA_INTL_v2:productId=53
AGO,2018,crude_oil_lease_condensate,1637.1164413612435,thousand_barrels_per_day,EIA_INTL_v2:productId=53
ALB,2018,crude_oil_lease_condensate,16.05469,thousand_barrels_per_day,EIA_INTL_v2:productId=53
ARE,2018,crude_oil_lease_condensate,3786.2396520547945,thousand_barrels_per_day,EIA_INTL_v2:productId=53
ARG,2018,crude_oil_lease_condensate,704.8591448772406,thousand_barrels_per_day,EIA_INTL_v2:productId=53
ARM,2018,crude_oil_lease_condensate,0.0,thousand_barrels_per_day,EIA_INTL_v2:productId=53
ASM,2018,crude_oil_lease_condensate,0.0,thousand_barrels_per_day,EIA_INTL_v2:productId=53
ATA,2018,crude_oil_lease_condensate,0.0,thousand_barrels_per_day,EIA_INTL_v2:productId=53
ATG,2018,crude_oil_lease_condensate,0.0,thousand_barrels_per_day,EIA_INTL_v2:productId=53
AUS,2018,crude_oil_lease_condensate,364.6694620001146,thousand_barrels_per_day,EIA_INTL_v2:productId=53
AUT,2018,crude_oil_lease_condensate,26.92270410958904,thousand_barrels_per_day,EIA_INTL_v2:productId=53
AZE,2018,crude_oil_lease_condensate,795.0061213641234,thousand_barrels_per_day,EIA_INTL_v2:productId=53
BDI,2018,crude_oil_lease_condensate,0.0,thousand_barrels_per_day,EIA_INTL_v2:productId=53
BEL,2018,crude_oil_lease_condensate,18.8857,thousand_barrels_per_day,EIA_INTL_v2:productId=53
BEN,2018,crude_oil_lease_condensate,0.0,thousand_barrels_per_day,EIA_INTL_v2:productId=53
BFA,2018,crude_oil_lease_condensate,0.0,thousand_barrels_per_day,EIA_INTL_v2:productId=53
BGD,2018,crude_oil_lease_condensate,15.1857,thousand_barrels_per_day,EIA_INTL_v2:productId=53
BGR,2018,crude_oil_lease_condensate,6.0647,thousand_barrels_per_day,EIA_INTL_v2:productId=53
BHR,2018,crude_oil_lease_condensate,211.21219452054794,thousand_barrels_per_day,EIA_INTL_v2:productId=53
BHS,2018,crude_oil_lease_condensate,0.0,thousand_barrels_per_day,EIA_INTL_v2:productId=53
BIH,2018,crude_oil_lease_condensate,0.1966,thousand_barrels_per_day,EIA_INTL_v2:productId=53
BLR,2018,crude_oil_lease_condensate,33.874112328767126,thousand_barrels_per_day,EIA_INTL_v2:productId=53
BLZ,2018,crude_oil_lease_condensate,0.825957397260274,thousand_barrels_per_day,EIA_INTL_v2:productId=53
BMU,2018,crude_oil_lease_condensate,0.0,thousand_barrels_per_day,EIA_INTL_v2:productId=53
BOL,2018,crude_oil_lease_condensate,56.89210323276562,thousand_barrels_per_day,EIA_INTL_v2:productId=53
BRA,2018,crude_oil_lease_condensate,3412.7906563751017,thousand_barrels_per_day,EIA_INTL_v2:productId=53
BRB,2018,crude_oil_lease_condensate,1.001,thousand_barrels_per_day,EIA_INTL_v2:productId=53
BRN,2018,crude_oil_lease_condensate,111.58755479452056,thousand_barrels_per_day,EIA_INTL_v2:productId=53
BTN,2018,crude_oil_lease_condensate,0.0,thousand_barrels_per_day,EIA_INTL_v2:productId=53
BWA,2018,crude_oil_lease_condensate,0.0,thousand_barrels_per_day,EIA_INTL_v2:productId=53
CAF,2018,crude_oil_lease_condensate,0.0,thousand_barrels_per_day,EIA_INTL_v2:productId=53
CAN,2018,crude_oil_lease_condensate,5348.1455602739725,thousand_barrels_per_day,EIA_INTL_v2:productId=53
CHE,2018,crude_oil_lease_condensate,1.3344,thousand_barrels_per_day,EIA_INTL_v2:productId=53
CHL,2018,crude_oil_lease_condensate,15.18615205479452,thousand_barrels_per_day,EIA_INTL_v2:productId=53
CHN,2018,crude_oil_lease_condensate,4706.352145322903,thousand_barrels_per_day,EIA_INTL_v2:productId=53
CIV,2018,crude_oil_lease_condensate,38.04986,thousand_barrels_per_day,EIA_INTL_v2:productId=53
CMR,2018,crude_oil_lease_condensate,69.22649452054794,thousand_barrels_per_day,EIA_INTL_v2:productId=53
COD,2018,crude_oil_lease_condensate,25.0,thousand_barrels_per_day,EIA_INTL_v2:productId=53
COG,2018,crude_oil_lease_condensate,347.2824123192914,thousand_barrels_per_day,EIA_INTL_v2:productId=53
COK,2018,crude_oil_lease_condensate,0.0,thousand_barrels_per_day,EIA_INTL_v2:productId=53
COL,2018,crude_oil_lease_condensate,892.945264270959,thousand_barrels_per_day,EIA_INTL_v2:productId=53
COM,2018,crude_oil_lease_condensate,0.0,thousand_barrels_per_day,EIA_INTL_v2:productId=53
CPV,2018,crude_oil_lease_condensate,0.0,thousand_barrels_per_day,EIA_INTL_v2:productId=53
CRI,2018,crude_oil_lease_condensate,0.0,thousand_barrels_per_day,EIA_INTL_v2:productId=53
CUB,2018,crude_oil_lease_condensate,45.99,thousand_barrels_per_day,EIA_INTL_v2:productId=53
CYM,2018,crude_oil_lease_condensate,0.0,thousand_barrels_per_day,EIA_INTL_v2:productId=53
CYP,2018,crude_oil_lease_condensate,0.0,thousand_barrels_per_day,EIA_INTL_v2:productId=53
CZE,2018,crude_oil_lease_condensate,10.623065753424658,thousand_barrels_per_day,EIA_INTL_v2:productId=53
DEU,2018,crude_oil_lease_condensate,169.2988294249315,thousand_barrels_per_day,EIA_INTL_v2:productId=53
DJI,2018,crude_oil_lease_condensate,0.0,thousand_barrels_per_day,EIA_INTL_v2:productId=53
DMA,2018,crude_oil_lease_condensate,0.0,thousand_barrels_per_day,EIA_INTL_v2:productId=53
DNK,2018,crude_oil_lease_condensate,121.94001102172581,thousand_barrels_per_day,EIA_INTL_v2:productId=53
DOM,2018,crude_oil_lease_condensate,-0.0919,thousand_barrels_per_day,EIA_INTL_v2:productId=53
DZA,2018,crude_oil_lease_condensate,1576.7869342465754,thousand_barrels_per_day,EIA_INTL_v2:productId=53
ECU,2018,crude_oil_lease_condensate,522.243266230137,thousand_barrels_per_day,EIA_INTL_v2:productId=53
EGY,2018,crude_oil_lease_condensate,729.8128230136987,thousand_barrels_per_day,EIA_INTL_v2:productId=53
ERI,2018,crude_oil_lease_condensate,0.0,thousand_barrels_per_day,EIA_INTL_v2:productId=53
ESH,2018,crude_oil_lease_condensate,0.0,thousand_barrels_per_day,EIA_INTL_v2:productId=53
ESP,2018,crude_oil_lease_condensate,76.44153424657534,thousand_barrels_per_day,EIA_INTL_v2:productId=53
EST,2018,crude_oil_lease_condensate,21.556101369863015,thousand_barrels_per_day,EIA_INTL_v2:productId=53
ETH,2018,crude_oil_lease_condensate,0.0,thousand_barrels_per_day,EIA_INTL_v2:productId=53
FIN,2018,crude_oil_lease_condensate,16.2243,thousand_barrels_per_day,EIA_INTL_v2:productId=53
FJI,2018,crude_oil_lease_condensate,0.0,thousand_barrels_per_day,EIA_INTL_v2:productId=53
FLK,2018,crude_oil_lease_condensate,0.0,thousand_barrels_per_day,EIA_INTL_v2:productId=53
FRA,2018,crude_oil_lease_condensate,116.36322382167123,thousand_barrels_per_day,EIA_INTL_v2:productId=53
FRO,2018,crude_oil_lease_condensate,0.0,thousand_barrels_per_day,EIA_INTL_v2:productId=53
GAB,2018,crude_oil_lease_condensate,195.52461643835616,thousand_barrels_per_day,EIA_INTL_v2:productId=53
GBR,2018,crude_oil_lease_condensate,1155.114344646102,thousand_barrels_per_day,EIA_INTL_v2:productId=53
GEO,2018,crude_oil_lease_condensate,0.37240438356164385,thousand_barrels_per_day,EIA_INTL_v2:productId=53
GHA,2018,crude_oil_lease_condensate,173.2359780821918,thousand_barrels_per_day,EIA_INTL_v2:productId=53
GIB,2018,crude_oil_lease_condensate,0.0,thousand_barrels_per_day,EIA_INTL_v2:productId=53
GIN,2018,crude_oil_lease_condensate,0.0,thousand_barrels_per_day,EIA_INTL_v2:productId=53
GLP,2018,crude_oil_lease_condensate,0.0,thousand_barrels_per_day,EIA_INTL_v2:productId=53
GMB,2018,crude_oil_lease_condensate,0.0,thousand_barrels_per_day,EIA_INTL_v2:productId=53
GNB,2018,crude_oil_lease_condensate,0.0,thousand_barrels_per_day,EIA_INTL_v2:productId=53
GNQ,2018,crude_oil_lease_condensate,184.98438356164382,thousand_barrels_per_day,EIA_INTL_v2:productId=53
GRC,2018,crude_oil_lease_condensate,15.676598630136988,thousand_barrels_per_day,EIA_INTL_v2:productId=53
GRD,2018,crude_oil_lease_condensate,0.0,thousand_barrels_per_day,EIA_INTL_v2:productId=53
GRL,2018,crude_oil_lease_condensate,0.0,thousand_barrels_per_day,EIA_INTL_v2:productId=53
GTM,2018,crude_oil_lease_condensate,13.262561206392695,thousand_barrels_per_day,EIA_INTL_v2:productId=53
GUF,2018,crude_oil_lease_condensate,0.0,thousand_barrels_per_day,EIA_INTL_v2:productId=53
GUM,2018,crude_oil_lease_condensate,0.0,thousand_barrels_per_day,EIA_INTL_v2:productId=53
GUY,2018,crude_oil_lease_condensate,0.0,thousand_barrels_per_day,EIA_INTL_v2:productId=53
HKG,2018,crude_oil_lease_condensate,0.096,thousand_barrels_per_day,EIA_INTL_v2:productId=53
HND,2018,crude_oil_lease_condensate,0.02,thousand_barrels_per_day,EIA_INTL_v2:productId=53
HRV,2018,crude_oil_lease_condensate,17.97708082191781,thousand_barrels_per_day,EIA_INTL_v2:productId=53
HTI,2018,crude_oil_lease_condensate,0.0,thousand_barrels_per_day,EIA_INTL_v2:productId=53
HUN,2018,crude_oil_lease_condensate,39.73092191780822,thousand_barrels_per_day,EIA_INTL_v2:productId=53
IDN,2018,crude_oil_lease_condensate,909.4651493150685,thousand_barrels_per_day,EIA_INTL_v2:productId=53
IND,2018,crude_oil_lease_condensate,985.6854096438357,thousand_barrels_per_day,EIA_INTL_v2:productId=53
IRL,2018,crude_oil_lease_condensate,0.5406,thousand_barrels_per_day,EIA_INTL_v2:productId=53
IRN,2018,crude_oil_lease_condensate,4711.350636986302,thousand_barrels_per_day,EIA_INTL_v2:productId=53
IRQ,2018,crude_oil_lease_condensate,4680.760890410959,thousand_barrels_per_day,EIA_INTL_v2:productId=53
ISL,2018,crude_oil_lease_condensate,0.0,thousand_barrels_per_day,EIA_INTL_v2:productId=53
ISR,2018,crude_oil_lease_condensate,6.2118,thousand_barrels_per_day,EIA_INTL_v2:productId=53
ITA,2018,crude_oil_lease_condensate,143.14453150684932,thousand_barrels_per_day,EIA_INTL_v2:productId=53
JAM,2018,crude_oil_lease_condensate,-0.73,thousand_barrels_per_day,EIA_INTL_v2:productId=53
JOR,2018,crude_oil_lease_condensate,0.3220000000000001,thousand_barrels_per_day,EIA_INTL_v2:productId=53
JPN,2018,crude_oil_lease_condensate,98.1581397260274,thousand_barrels_per_day,EIA_INTL_v2:productId=53
KAZ,2018,crude_oil_lease_condensate,1965.4668268493149,thousand_barrels_per_day,EIA_INTL_v2:productId=53
KEN,2018,crude_oil_lease_condensate,-0.0301,thousand_barrels_per_day,EIA_INTL_v2:productId=53
KGZ,2018,crude_oil_lease_condensate,3.9778,thousand_barrels_per_day,EIA_INTL_v2:productId=53
KHM,2018,crude_oil_lease_condensate,0.0,thousand_barrels_per_day,EIA_INTL_v2:productId=53
KIR,2018,crude_oil_lease_condensate,0.0,thousand_barrels_per_day,EIA_INTL_v2:productId=53
KNA,2018,crude_oil_lease_condensate,0.0,thousand_barrels_per_day,EIA_INTL_v2:productId=53
KOR,2018,crude_oil_lease_condensate,93.58673698630137,thousand_barrels_per_day,EIA_INTL_v2:productId=53
KWT,2018,crude_oil_lease_condensate,3058.648095890411,thousand_barrels_per_day,EIA_INTL_v2:productId=53
LAO,2018,crude_oil_lease_condensate,0.0,thousand_barrels_per_day,EIA_INTL_v2:productId=53
LBN,2018,crude_oil_lease_condensate,0.0,thousand_barrels_per_day,EIA_INTL_v2:productId=53
LBR,2018,crude_oil_lease_condensate,0.0,thousand_barrels_per_day,EIA_INTL_v2:productId=53
LBY,2018,crude_oil_lease_condensate,1045.936904109589,thousand_barrels_per_day,EIA_INTL_v2:productId=53
LCA,2018,crude_oil_lease_condensate,0.0,thousand_barrels_per_day,EIA_INTL_v2:productId=53
LKA,2018,crude_oil_lease_condensate,-0.254,thousand_barrels_per_day,EIA_INTL_v2:productId=53
LSO,2018,crude_oil_lease_condensate,0.0,thousand_barrels_per_day,EIA_INTL_v2:productId=53
LTU,2018,crude_oil_lease_condensate,8.8007,thousand_barrels_per_day,EIA_INTL_v2:productId=53
LUX,2018,crude_oil_lease_condensate,0.0,thousand_barrels_per_day,EIA_INTL_v2:productId=53
LVA,2018,crude_oil_lease_condensate,1.595,thousand_barrels_per_day,EIA_INTL_v2:productId=53
MAC,2018,crude_oil_lease_condensate,0.0,thousand_barrels_per_day,EIA_INTL_v2:productId=53
MAR,2018,crude_oil_lease_condensate,0.1,thousand_barrels_per_day,EIA_INTL_v2:productId=53
MDA,2018,crude_oil_lease_condensate,0.0,thousand_barrels_per_day,EIA_INTL_v2:productId=53
MDG,2018,crude_oil_lease_condensate,0.0,thousand_barrels_per_day,EIA_INTL_v2:productId=53
MDV,2018,crude_oil_lease_condensate,0.0,thousand_barrels_per_day,EIA_INTL_v2:productId=53
MEX,2018,crude_oil_lease_condensate,2074.197923287671,thousand_barrels_per_day,EIA_INTL_v2:productId=53
MKD,2018,crude_oil_lease_condensate,0.0,thousand_barrels_per_day,EIA_INTL_v2:productId=53
MLI,2018,crude_oil_lease_condensate,0.0,thousand_barrels_per_day,EIA_INTL_v2:productId=53
MLT,2018,crude_oil_lease_condensate,0.0,thousand_barrels_per_day,EIA_INTL_v2:productId=53
MMR,2018,crude_oil_lease_condensate,10.407,thousand_barrels_per_day,EIA_INTL_v2:productId=53
MNE,2018,crude_oil_lease_condensate,0.0,thousand_barrels_per_day,EIA_INTL_v2:productId=53
MNG,2018,crude_oil_lease_condensate,19.408860273972603,thousand_barrels_per_day,EIA_INTL_v2:productId=53
MOZ,2018,crude_oil_lease_condensate,0.0,thousand_barrels_per_day,EIA_INTL_v2:productId=53
MRT,2018,crude_oil_lease_condensate,0.0,thousand_barrels_per_day,EIA_INTL_v2:productId=53
MSR,2018,crude_oil_lease_condensate,0.0,thousand_barrels_per_day,EIA_INTL_v2:productId=53
MTQ,2018,crude_oil_lease_condensate,-0.253,thousand_barrels_per_day,EIA_INTL_v2:productId=53
MUS,2018,crude_oil_lease_condensate,0.0,thousand_barrels_per_day,EIA_INTL_v2:productId=53
MWI,2018,crude_oil_lease_condensate,0.0,thousand_barrels_per_day,EIA_INTL_v2:productId=53
MYS,2018,crude_oil_lease_condensate,753.6529096812673,thousand_barrels_per_day,EIA_INTL_v2:productId=53
NAM,2018,crude_oil_lease_condensate,0.0,thousand_barrels_per_day,EIA_INTL_v2:productId=53
NCL,2018,crude_oil_lease_condensate,0.0,thousand_barrels_per_day,EIA_INTL_v2:productId=53
NER,2018,crude_oil_lease_condensate,15.3939,thousand_barrels_per_day,EIA_INTL_v2:productId=53
NGA,2018,crude_oil_lease_condensate,1977.4909307461942,thousand_barrels_per_day,EIA_INTL_v2:productId=53
NIC,2018,crude_oil_lease_condensate,-0.001,thousand_barrels_per_day,EIA_INTL_v2:productId=53
NIU,2018,crude_oil_lease_condensate,0.0,thousand_barrels_per_day,EIA_INTL_v2:productId=53
NLD,2018,crude_oil_lease_condensate,65.57215380549026,thousand_barrels_per_day,EIA_INTL_v2:productId=53
NOR,2018,crude_oil_lease_condensate,1858.0662246575343,thousand_barrels_per_day,EIA_INTL_v2:productId=53
NPL,2018,crude_oil_lease_condensate,0.0,thousand_barrels_per_day,EIA_INTL_v2:productId=53
NRU,2018,crude_oil_lease_condensate,0.0,thousand_barrels_per_day,EIA_INTL_v2:productId=53
NZL,2018,crude_oil_lease_condensate,25.69041095890411,thousand_barrels_per_day,EIA_INTL_v2:productId=53
OMN,2018,crude_oil_lease_condensate,987.3099712328767,thousand_barrels_per_day,EIA_INTL_v2:productId=53
PAK,2018,crude_oil_lease_condensate,107.09760273972603,thousand_barrels_per_day,EIA_INTL_v2:productId=53
PAN,2018,crude_oil_lease_condensate,0.0,thousand_barrels_per_day,EIA_INTL_v2:productId=53
PER,2018,crude_oil_lease_condensate,139.88826164383562,thousand_barrels_per_day,EIA_INTL_v2:productId=53
PHL,2018,crude_oil_lease_condensate,15.5776,thousand_barrels_per_day,EIA_INTL_v2:productId=53
PNG,2018,crude_oil_lease_condensate,35.679056712328766,thousand_barrels_per_day,EIA_INTL_v2:productId=53
POL,2018,crude_oil_lease_condensate,41.200876712328764,thousand_barrels_per_day,EIA_INTL_v2:productId=53
PRI,2018,crude_oil_lease_condensate,0.0,thousand_barrels_per_day,EIA_INTL_v2:productId=53
PRK,2018,crude_oil_lease_condensate,0.1086,thousand_barrels_per_day,EIA_INTL_v2:productId=53
PRT,2018,crude_oil_lease_condensate,11.491704712,thousand_barrels_per_day,EIA_INTL_v2:productId=53
PRY,2018,crude_oil_lease_condensate,6.893,thousand_barrels_per_day,EIA_INTL_v2:productId=53
PSE,2018,crude_oil_lease_condensate,0.0,thousand_barrels_per_day,EIA_INTL_v2:productId=53
PYF,2018,crude_oil_lease_condensate,0.0,thousand_barrels_per_day,EIA_INTL_v2:productId=53
QAT,2018,crude_oil_lease_condensate,1821.3070671232877,thousand_barrels_per_day,EIA_INTL_v2:productId=53
REU,2018,crude_oil_lease_condensate,0.0,thousand_barrels_per_day,EIA_INTL_v2:productId=53
ROU,2018,crude_oil_lease_condensate,88.44024383561644,thousand_barrels_per_day,EIA_INTL_v2:productId=53
RUS,2018,crude_oil_lease_condensate,11384.519334889039,thousand_barrels_per_day,EIA_INTL_v2:productId=53
RWA,2018,crude_oil_lease_condensate,0.0,thousand_barrels_per_day,EIA_INTL_v2:productId=53
SAU,2018,crude_oil_lease_condensate,12405.652012328766,thousand_barrels_per_day,EIA_INTL_v2:productId=53
SDN,2018,crude_oil_lease_condensate,69.05250314063927,thousand_barrels_per_day,EIA_INTL_v2:productId=53
SEN,2018,crude_oil_lease_condensate,-0.0254,thousand_barrels_per_day,EIA_INTL_v2:productId=53
SGP,2018,crude_oil_lease_condensate,19.2382,thousand_barrels_per_day,EIA_INTL_v2:productId=53
SHN,2018,crude_oil_lease_condensate,0.0,thousand_barrels_per_day,EIA_INTL_v2:productId=53
SLB,2018,crude_oil_lease_condensate,0.0,thousand_barrels_per_day,EIA_INTL_v2:productId=53
SLE,2018,crude_oil_lease_condensate,0.0,thousand_barrels_per_day,EIA_INTL_v2:productId=53
SLV,2018,crude_oil_lease_condensate,0.003,thousand_barrels_per_day,EIA_INTL_v2:productId=53
SOM,2018,crude_oil_lease_condensate,0.0,thousand_barrels_per_day,EIA_INTL_v2:productId=53
SPM,2018,crude_oil_lease_condensate,0.0,thousand_barrels_per_day,EIA_INTL_v2:productId=53
SRB,2018,crude_oil_lease_condensate,18.704,thousand_barrels_per_day,EIA_INTL_v2:productId=53
SSD,2018,crude_oil_lease_condensate,155.7925489275114,thousand_barrels_per_day,EIA_INTL_v2:productId=53
STP,2018,crude_oil_lease_condensate,0.0,thousand_barrels_per_day,EIA_INTL_v2:productId=53
SUR,2018,crude_oil_lease_condensate,15.525,thousand_barrels_per_day,EIA_INTL_v2:productId=53
SVK,2018,crude_oil_lease_condensate,5.974420547945205,thousand_barrels_per_day,EIA_INTL_v2:productId=53
SVN,2018,crude_oil_lease_condensate,0.0,thousand_barrels_per_day,EIA_INTL_v2:productId=53
SWE,2018,crude_oil_lease_condensate,14.5223,thousand_barrels_per_day,EIA_INTL_v2:productId=53
SWZ,2018,crude_oil_lease_condensate,0.0,thousand_barrels_per_day,EIA_INTL_v2:productId=53
SYC,2018,crude_oil_lease_condensate,0.0,thousand_barrels_per_day,EIA_INTL_v2:productId=53
SYR,2018,crude_oil_lease_condensate,30.768479452054795,thousand_barrels_per_day,EIA_INTL_v2:productId=53
TCA,2018,crude_oil_lease_condensate,0.0,thousand_barrels_per_day,EIA_INTL_v2:productId=53
TCD,2018,crude_oil_lease_condensate,131.51523953424658,thousand_barrels_per_day,EIA_INTL_v2:productId=53
TGO,2018,crude_oil_lease_condensate,0.0,thousand_barrels_per_day,EIA_INTL_v2:productId=53
THA,2018,crude_oil_lease_condensate,519.5000698630137,thousand_barrels_per_day,EIA_INTL_v2:productId=53
TJK,2018,crude_oil_lease_condensate,0.31045,thousand_barrels_per_day,EIA_INTL_v2:productId=53
TKM,2018,crude_oil_lease_condensate,269.1559362100456,thousand_barrels_per_day,EIA_INTL_v2:productId=53
TLS,2018,crude_oil_lease_condensate,15.0,thousand_barrels_per_day,EIA_INTL_v2:productId=53
TON,2018,crude_oil_lease_condensate,0.0,thousand_barrels_per_day,EIA_INTL_v2:productId=53
TTO,2018,crude_oil_lease_condensate,87.97980267248553,thousand_barrels_per_day,EIA_INTL_v2:productId=53
TUN,2018,crude_oil_lease_condensate,40.388021917808224,thousand_barrels_per_day,EIA_INTL_v2:productId=53
TUR,2018,crude_oil_lease_condensate,70.33589452054794,thousand_barrels_per_day,EIA_INTL_v2:productId=53
TWN,2018,crude_oil_lease_condensate,24.0301,thousand_barrels_per_day,EIA_INTL_v2:productId=53
TZA,2018,crude_oil_lease_condensate,0.0,thousand_barrels_per_day,EIA_INTL_v2:productId=53
UGA,2018,crude_oil_lease_condensate,0.0,thousand_barrels_per_day,EIA_INTL_v2:productId=53
UKR,2018,crude_oil_lease_condensate,58.382327397260276,thousand_barrels_per_day,EIA_INTL_v2:productId=53
URY,2018,crude_oil_lease_condensate,1.9649,thousand_barrels_per_day,EIA_INTL_v2:productId=53
USA,2018,crude_oil_lease_condensate,17909.764,thousand_barrels_per_day,EIA_INTL_v2:productId=53
UZB,2018,crude_oil_lease_condensate,44.15024931506849,thousand_barrels_per_day,EIA_INTL_v2:productId=53
VCT,2018,crude_oil_lease_condensate,0.0,thousand_barrels_per_day,EIA_INTL_v2:productId=53
VEN,2018,crude_oil_lease_condensate,1539.3161178082191,thousand_barrels_per_day,EIA_INTL_v2:productId=53
VGB,2018,crude_oil_lease_condensate,0.0,thousand_barrels_per_day,EIA_INTL_v2:productId=53
VIR,2018,crude_oil_lease_condensate,0.0,thousand_barrels_per_day,EIA_INTL_v2:productId=53
VNM,2018,crude_oil_lease_condensate,257.1890327423278,thousand_barrels_per_day,EIA_INTL_v2:productId=53
VUT,2018,crude_oil_lease_condensate,0.0,thousand_barrels_per_day,EIA_INTL_v2:productId=53
WAK,2018,crude_oil_lease_condensate,0.0,thousand_barrels_per_day,EIA_INTL_v2:productId=53
WSM,2018,crude_oil_lease_condensate,0.0,thousand_barrels_per_day,EIA_INTL_v2:productId=53
YEM,2018,crude_oil_lease_condensate,47.2322,thousand_barrels_per_day,EIA_INTL_v2:productId=53
ZAF,2018,crude_oil_lease_condensate,114.87995616438356,thousand_barrels_per_day,EIA_INTL_v2:productId=53
ZMB,2018,crude_oil_lease_condensate,0.1347,thousand_barrels_per_day,EIA_INTL_v2:productId=53
ZWE,2018,crude_oil_lease_condensate,0.8,thousand_barrels_per_day,EIA_INTL_v2:productId=53
ABW,2019,crude_oil_lease_condensate,0.0,thousand_barrels_per_day,EIA_INTL_v2:productId=53
AFG,2019,crude_oil_lease_condensate,0.0,thousand_barrels_per_day,EIA_INTL_v2:productId=53
AGO,2019,crude_oil_lease_condensate,1488.932374060542,thousand_barrels_per_day,EIA_INTL_v2:productId=53
ALB,2019,crude_oil_lease_condensate,18.05546,thousand_barrels_per_day,EIA_INTL_v2:productId=53
ARE,2019,crude_oil_lease_condensate,4130.0483910611765,thousand_barrels_per_day,EIA_INTL_v2:productId=53
ARG,2019,crude_oil_lease_condensate,723.0593229718976,thousand_barrels_per_day,EIA_INTL_v2:productId=53
ARM,2019,crude_oil_lease_condensate,0.0,thousand_barrels_per_day,EIA_INTL_v2:productId=53
ASM,2019,crude_oil_lease_condensate,0.0,thousand_barrels_per_day,EIA_INTL_v2:productId=53
ATA,2019,crude_oil_lease_condensate,0.0,thousand_barrels_per_day,EIA_INTL_v2:productId=53
ATG,2019,crude_oil_lease_condensate,0.0,thousand_barrels_per_day,EIA_INTL_v2:productId=53
AUS,2019,crude_oil_lease_condensate,475.30953961695866,thousand_barrels_per_day,EIA_INTL_v2:productId=53
AUT,2019,crude_oil_lease_condensate,26.442115068493152,thousand_barrels_per_day,EIA_INTL_v2:productId=53
AZE,2019,crude_oil_lease_condensate,773.2083641038494,thousand_barrels_per_day,EIA_INTL_v2:productId=53
BDI,2019,crude_oil_lease_condensate,0.0,thousand_barrels_per_day,EIA_INTL_v2:productId=53
BEL,2019,crude_oil_lease_condensate,24.3528,thousand_barrels_per_day,EIA_INTL_v2:productId=53
BEN,2019,crude_oil_lease_condensate,0.0,thousand_barrels_per_day,EIA_INTL_v2:productId=53
BFA,2019,crude_oil_lease_condensate,0.0,thousand_barrels_per_day,EIA_INTL_v2:productId=53
BGD,2019,crude_oil_lease_condensate,14.7376,thousand_barrels_per_day,EIA_INTL_v2:productId=53
BGR,2019,crude_oil_lease_condensate,6.0875,thousand_barrels_per_day,EIA_INTL_v2:productId=53
BHR,2019,crude_oil_lease_condensate,211.2451191780822,thousand_barrels_per_day,EIA_INTL_v2:productId=53
BHS,2019,crude_oil_lease_condensate,0.0,thousand_barrels_per_day,EIA_INTL_v2:productId=53
BIH,2019,crude_oil_lease_condensate,0.1993,thousand_barrels_per_day,EIA_INTL_v2:productId=53
BLR,2019,crude_oil_lease_condensate,34.25623150684932,thousand_barrels_per_day,EIA_INTL_v2:productId=53
BLZ,2019,crude_oil_lease_condensate,0.9703505989607936,thousand_barrels_per_day,EIA_INTL_v2:productId=53
BMU,2019,crude_oil_lease_condensate,0.0,thousand_barrels_per_day,EIA_INTL_v2:productId=53
BOL,2019,crude_oil_lease_condensate,52.123482904109586,thousand_barrels_per_day,EIA_INTL_v2:productId=53
BRA,2019,crude_oil_lease_condensate,3659.460139419097,thousand_barrels_per_day,EIA_INTL_v2:productId=53
BRB,2019,crude_oil_lease_condensate,1.001,thousand_barrels_per_day,EIA_INTL_v2:productId=53
BRN,2019,crude_oil_lease_condensate,121.5264410958904,thousand_barrels_per_day,EIA_INTL_v2:productId=53
BTN,2019,crude_oil_lease_condensate,0.0,thousand_barrels_per_day,EIA_INTL_v2:productId=53
BWA,2019,crude_oil_lease_condensate,0.0,thousand_barrels_per_day,EIA_INTL_v2:productId=53
CAF,2019,crude_oil_lease_condensate,0.0,thousand_barrels_per_day,EIA_INTL_v2:productId=53
CAN,2019,crude_oil_lease_condensate,5477.585794520548,thousand_barrels_per_day,EIA_INTL_v2:productId=53
CHE,2019,crude_oil_lease_condensate,1.1922,thousand_barrels_per_day,EIA_INTL_v2:productId=53
CHL,2019,crude_oil_lease_condensate,18.91924109589041,thousand_barrels_per_day,EIA_INTL_v2:productId=53
CHN,2019,crude_oil_lease_condensate,4825.035850382273,thousand_barrels_per_day,EIA_INTL_v2:productId=53
CIV,2019,crude_oil_lease_condensate,40.404989,thousand_barrels_per_day,EIA_INTL_v2:productId=53
CMR,2019,crude_oil_lease_condensate,69.59111143013699,thousand_barrels_per_day,EIA_INTL_v2:productId=53
COD,2019,crude_oil_lease_condensate,24.0,thousand_barrels_per_day,EIA_INTL_v2:productId=53
COG,2019,crude_oil_lease_condensate,335.49581749635945,thousand_barrels_per_day,EIA_INTL_v2:productId=53
COK,2019,crude_oil_lease_condensate,0.0,thousand_barrels_per_day,EIA_INTL_v2:productId=53
COL,2019,crude_oil_lease_condensate,916.4082891150686,thousand_barrels_per_day,EIA_INTL_v2:productId=53
COM,2019,crude_oil_lease_condensate,0.0,thousand_barrels_per_day,EIA_INTL_v2:productId=53
CPV,2019,crude_oil_lease_condensate,0.0,thousand_barrels_per_day,EIA_INTL_v2:productId=53
CRI,2019,crude_oil_lease_condensate,0.0,thousand_barrels_per_day,EIA_INTL_v2:productId=53
CUB,2019,crude_oil_lease_condensate,40.969,thousand_barrels_per_day,EIA_INTL_v2:productId=53
CYM,2019,crude_oil_lease_condensate,0.0,thousand_barrels_per_day,EIA_INTL_v2:productId=53
CYP,2019,crude_oil_lease_condensate,0.0,thousand_barrels_per_day,EIA_INTL_v2:productId=53
CZE,2019,crude_oil_lease_condensate,9.58214794520548,thousand_barrels_per_day,EIA_INTL_v2:productId=53
DEU,2019,crude_oil_lease_condensate,162.12985953424658,thousand_barrels_per_day,EIA_INTL_v2:productId=53
DJI,2019,crude_oil_lease_condensate,0.0,thousand_barrels_per_day,EIA_INTL_v2:productId=53
DMA,2019,crude_oil_lease_condensate,0.0,thousand_barrels_per_day,EIA_INTL_v2:productId=53
DNK,2019,crude_oil_lease_condensate,109.24510597946856,thousand_barrels_per_day,EIA_INTL_v2:productId=53
DOM,2019,crude_oil_lease_condensate,-0.0932,thousand_barrels_per_day,EIA_INTL_v2:productId=53
DZA,2019,crude_oil_lease_condensate,1570.104304109589,thousand_barrels_per_day,EIA_INTL_v2:productId=53
ECU,2019,crude_oil_lease_condensate,536.3766893671233,thousand_barrels_per_day,EIA_INTL_v2:productId=53
EGY,2019,crude_oil_lease_condensate,716.8338123287672,thousand_barrels_per_day,EIA_INTL_v2:productId=53
ERI,2019,crude_oil_lease_condensate,0.0,thousand_barrels_per_day,EIA_INTL_v2:productId=53
ESH,2019,crude_oil_lease_condensate,0.0,thousand_barrels_per_day,EIA_INTL_v2:productId=53
ESP,2019,crude_oil_lease_condensate,76.43326712328768,thousand_barrels_per_day,EIA_INTL_v2:productId=53
EST,2019,crude_oil_lease_condensate,22.591887671232875,thousand_barrels_per_day,EIA_INTL_v2:productId=53
ETH,2019,crude_oil_lease_condensate,0.0,thousand_barrels_per_day,EIA_INTL_v2:productId=53
FIN,2019,crude_oil_lease_condensate,16.4589,thousand_barrels_per_day,EIA_INTL_v2:productId=53
FJI,2019,crude_oil_lease_condensate,0.0,thousand_barrels_per_day,EIA_INTL_v2:productId=53
FLK,2019,crude_oil_lease_condensate,0.0,thousand_barrels_per_day,EIA_INTL_v2:productId=53
FRA,2019,crude_oil_lease_condensate,99.63383575342466,thousand_barrels_per_day,EIA_INTL_v2:productId=53
FRO,2019,crude_oil_lease_condensate,0.0,thousand_barrels_per_day,EIA_INTL_v2:productId=53
GAB,2019,crude_oil_lease_condensate,201.46582191780823,thousand_barrels_per_day,EIA_INTL_v2:productId=53
GBR,2019,crude_oil_lease_condensate,1179.4506918067716,thousand_barrels_per_day,EIA_INTL_v2:productId=53
GEO,2019,crude_oil_lease_condensate,0.3373608219178082,thousand_barrels_per_day,EIA_INTL_v2:productId=53
GHA,2019,crude_oil_lease_condensate,200.8592506849315,thousand_barrels_per_day,EIA_INTL_v2:productId=53
GIB,2019,crude_oil_lease_condensate,0.0,thousand_barrels_per_day,EIA_INTL_v2:productId=53
GIN,2019,crude_oil_lease_condensate,0.0,thousand_barrels_per_day,EIA_INTL_v2:productId=53
GLP,2019,crude_oil_lease_condensate,0.0,thousand_barrels_per_day,EIA_INTL_v2:productId=53
GMB,2019,crude_oil_lease_condensate,0.0,thousand_barrels_per_day,EIA_INTL_v2:productId=53
GNB,2019,crude_oil_lease_condensate,0.0,thousand_barrels_per_day,EIA_INTL_v2:productId=53
GNQ,2019,crude_oil_lease_condensate,166.76712328767124,thousand_barrels_per_day,EIA_INTL_v2:productId=53
GRC,2019,crude_oil_lease_condensate,16.01657260273973,thousand_barrels_per_day,EIA_INTL_v2:productId=53
GRD,2019,crude_oil_lease_condensate,0.0,thousand_barrels_per_day,EIA_INTL_v2:productId=53
GRL,2019,crude_oil_lease_condensate,0.0,thousand_barrels_per_day,EIA_INTL_v2:productId=53
GTM,2019,crude_oil_lease_condensate,13.618607788946623,thousand_barrels_per_day,EIA_INTL_v2:productId=53
GUF,2019,crude_oil_lease_condensate,0.0,thousand_barrels_per_day,EIA_INTL_v2:productId=53
GUM,2019,crude_oil_lease_condensate,0.0,thousand_barrels_per_day,EIA_INTL_v2:productId=53
GUY,2019,crude_oil_lease_condensate,1.273972602739726,thousand_barrels_per_day,EIA_INTL_v2:productId=53
HKG,2019,crude_oil_lease_condensate,0.096,thousand_barrels_per_day,EIA_INTL_v2:productId=53
HND,2019,crude_oil_lease_condensate,0.02,thousand_barrels_per_day,EIA_INTL_v2:productId=53
HRV,2019,crude_oil_lease_condensate,17.614609589041095,thousand_barrels_per_day,EIA_INTL_v2:productId=53
HTI,2019,crude_oil_lease_condensate,0.0,thousand_barrels_per_day,EIA_INTL_v2:productId=53
HUN,2019,crude_oil_lease_condensate,39.52169589041096,thousand_barrels_per_day,EIA_INTL_v2:productId=53
IDN,2019,crude_oil_lease_condensate,916.7774794520549,thousand_barrels_per_day,EIA_INTL_v2:productId=53
IND,2019,crude_oil_lease_condensate,957.0704353424658,thousand_barrels_per_day,EIA_INTL_v2:productId=53
IRL,2019,crude_oil_lease_condensate,0.7704,thousand_barrels_per_day,EIA_INTL_v2:productId=53
IRN,2019,crude_oil_lease_condensate,3400.3200698630135,thousand_barrels_per_day,EIA_INTL_v2:productId=53
IRQ,2019,crude_oil_lease_condensate,4783.264863013698,thousand_barrels_per_day,EIA_INTL_v2:productId=53
ISL,2019,crude_oil_lease_condensate,0.0,thousand_barrels_per_day,EIA_INTL_v2:productId=53
ISR,2019,crude_oil_lease_condensate,6.6105,thousand_barrels_per_day,EIA_INTL_v2:productId=53
ITA,2019,crude_oil_lease_condensate,123.51635479452055,thousand_barrels_per_day,EIA_INTL_v2:productId=53
JAM,2019,crude_oil_lease_condensate,-0.74,thousand_barrels_per_day,EIA_INTL_v2:productId=53
JOR,2019,crude_oil_lease_condensate,0.3262,thousand_barrels_per_day,EIA_INTL_v2:productId=53
JPN,2019,crude_oil_lease_condensate,101.25742739726027,thousand_barrels_per_day,EIA_INTL_v2:productId=53
KAZ,2019,crude_oil_lease_condensate,1965.87763369863,thousand_barrels_per_day,EIA_INTL_v2:productId=53
KEN,2019,crude_oil_lease_condensate,-0.0305,thousand_barrels_per_day,EIA_INTL_v2:productId=53
KGZ,2019,crude_oil_lease_condensate,4.6775,thousand_barrels_per_day,EIA_INTL_v2:productId=53
KHM,2019,crude_oil_lease_condensate,0.0,thousand_barrels_per_day,EIA_INTL_v2:productId=53
KIR,2019,crude_oil_lease_condensate,0.0,thousand_barrels_per_day,EIA_INTL_v2:productId=53
KNA,2019,crude_oil_lease_condensate,0.0,thousand_barrels_per_day,EIA_INTL_v2:productId=53
KOR,2019,crude_oil_lease_condensate,96.89979452054794,thousand_barrels_per_day,EIA_INTL_v2:productId=53
KWT,2019,crude_oil_lease_condensate,3017.1754383561642,thousand_barrels_per_day,EIA_INTL_v2:productId=53
LAO,2019,crude_oil_lease_condensate,0.0,thousand_barrels_per_day,EIA_INTL_v2:productId=53
LBN,2019,crude_oil_lease_condensate,0.0,thousand_barrels_per_day,EIA_INTL_v2:productId=53
LBR,2019,crude_oil_lease_condensate,0.0,thousand_barrels_per_day,EIA_INTL_v2:productId=53
LBY,2019,crude_oil_lease_condensate,1192.6352328767123,thousand_barrels_per_day,EIA_INTL_v2:productId=53
LCA,2019,crude_oil_lease_condensate,0.0,thousand_barrels_per_day,EIA_INTL_v2:productId=53
LKA,2019,crude_oil_lease_condensate,-0.257,thousand_barrels_per_day,EIA_INTL_v2:productId=53
LSO,2019,crude_oil_lease_condensate,0.0,thousand_barrels_per_day,EIA_INTL_v2:productId=53
LTU,2019,crude_oil_lease_condensate,8.7603,thousand_barrels_per_day,EIA_INTL_v2:productId=53
LUX,2019,crude_oil_lease_condensate,0.0,thousand_barrels_per_day,EIA_INTL_v2:productId=53
LVA,2019,crude_oil_lease_condensate,1.595,thousand_barrels_per_day,EIA_INTL_v2:productId=53
MAC,2019,crude_oil_lease_condensate,0.0,thousand_barrels_per_day,EIA_INTL_v2:productId=53
MAR,2019,crude_oil_lease_condensate,0.07,thousand_barrels_per_day,EIA_INTL_v2:productId=53
MDA,2019,crude_oil_lease_condensate,0.0,thousand_barrels_per_day,EIA_INTL_v2:productId=53
MDG,2019,crude_oil_lease_condensate,0.0,thousand_barrels_per_day,EIA_INTL_v2:productId=53
MDV,2019,crude_oil_lease_condensate,0.0,thousand_barrels_per_day,EIA_INTL_v2:productId=53
MEX,2019,crude_oil_lease_condensate,1918.3707013698631,thousand_barrels_per_day,EIA_INTL_v2:productId=53
MKD,2019,crude_oil_lease_condensate,0.0,thousand_barrels_per_day,EIA_INTL_v2:productId=53
MLI,2019,crude_oil_lease_condensate,0.0,thousand_barrels_per_day,EIA_INTL_v2:productId=53
MLT,2019,crude_oil_lease_condensate,0.0,thousand_barrels_per_day,EIA_INTL_v2:productId=53
MMR,2019,crude_oil_lease_condensate,9.3148,thousand_barrels_per_day,EIA_INTL_v2:productId=53
MNE,2019,crude_oil_lease_condensate,0.0,thousand_barrels_per_day,EIA_INTL_v2:productId=53
MNG,2019,crude_oil_lease_condensate,18.462572602739726,thousand_barrels_per_day,EIA_INTL_v2:productId=53
MOZ,2019,crude_oil_lease_condensate,0.0,thousand_barrels_per_day,EIA_INTL_v2:productId=53
MRT,2019,crude_oil_lease_condensate,0.0,thousand_barrels_per_day,EIA_INTL_v2:productId=53
MSR,2019,crude_oil_lease_condensate,0.0,thousand_barrels_per_day,EIA_INTL_v2:productId=53
MTQ,2019,crude_oil_lease_condensate,-0.256,thousand_barrels_per_day,EIA_INTL_v2:productId=53
MUS,2019,crude_oil_lease_condensate,0.0,thousand_barrels_per_day,EIA_INTL_v2:productId=53
MWI,2019,crude_oil_lease_condensate,0.0,thousand_barrels_per_day,EIA_INTL_v2:productId=53
MYS,2019,crude_oil_lease_condensate,711.4266623362628,thousand_barrels_per_day,EIA_INTL_v2:productId=53
NAM,2019,crude_oil_lease_condensate,0.0,thousand_barrels_per_day,EIA_INTL_v2:productId=53
NCL,2019,crude_oil_lease_condensate,0.0,thousand_barrels_per_day,EIA_INTL_v2:productId=53
NER,2019,crude_oil_lease_condensate,15.3995,thousand_barrels_per_day,EIA_INTL_v2:productId=53
NGA,2019,crude_oil_lease_condensate,2009.662780114515,thousand_barrels_per_day,EIA_INTL_v2:productId=53
NIC,2019,crude_oil_lease_condensate,-0.003,thousand_barrels_per_day,EIA_INTL_v2:productId=53
NIU,2019,crude_oil_lease_condensate,0.0,thousand_barrels_per_day,EIA_INTL_v2:productId=53
NLD,2019,crude_oil_lease_condensate,71.46230757757377,thousand_barrels_per_day,EIA_INTL_v2:productId=53
NOR,2019,crude_oil_lease_condensate,1742.76258630137,thousand_barrels_per_day,EIA_INTL_v2:productId=53
NPL,2019,crude_oil_lease_condensate,0.0,thousand_barrels_per_day,EIA_INTL_v2:productId=53
NRU,2019,crude_oil_lease_condensate,0.0,thousand_barrels_per_day,EIA_INTL_v2:productId=53
NZL,2019,crude_oil_lease_condensate,22.153049315068493,thousand_barrels_per_day,EIA_INTL_v2:productId=53
OMN,2019,crude_oil_lease_condensate,979.9821821917808,thousand_barrels_per_day,EIA_INTL_v2:productId=53
PAK,2019,crude_oil_lease_condensate,102.21808219178082,thousand_barrels_per_day,EIA_INTL_v2:productId=53
PAN,2019,crude_oil_lease_condensate,0.0,thousand_barrels_per_day,EIA_INTL_v2:productId=53
PER,2019,crude_oil_lease_condensate,145.47499616438355,thousand_barrels_per_day,EIA_INTL_v2:productId=53
PHL,2019,crude_oil_lease_condensate,14.3245,thousand_barrels_per_day,EIA_INTL_v2:productId=53
PNG,2019,crude_oil_lease_condensate,35.42040863013699,thousand_barrels_per_day,EIA_INTL_v2:productId=53
POL,2019,crude_oil_lease_condensate,40.313353424657535,thousand_barrels_per_day,EIA_INTL_v2:productId=53
PRI,2019,crude_oil_lease_condensate,0.0,thousand_barrels_per_day,EIA_INTL_v2:productId=53
PRK,2019,crude_oil_lease_condensate,0.1109,thousand_barrels_per_day,EIA_INTL_v2:productId=53
PRT,2019,crude_oil_lease_condensate,11.176501000000002,thousand_barrels_per_day,EIA_INTL_v2:productId=53
PRY,2019,crude_oil_lease_condensate,8.97,thousand_barrels_per_day,EIA_INTL_v2:productId=53
PSE,2019,crude_oil_lease_condensate,0.0,thousand_barrels_per_day,EIA_INTL_v2:productId=53
PYF,2019,crude_oil_lease_condensate,0.0,thousand_barrels_per_day,EIA_INTL_v2:productId=53
QAT,2019,crude_oil_lease_condensate,1744.5212356164384,thousand_barrels_per_day,EIA_INTL_v2:productId=53
REU,2019,crude_oil_lease_condensate,0.0,thousand_barrels_per_day,EIA_INTL_v2:productId=53
ROU,2019,crude_oil_lease_condensate,88.3667602739726,thousand_barrels_per_day,EIA_INTL_v2:productId=53
RUS,2019,crude_oil_lease_condensate,11473.707151875547,thousand_barrels_per_day,EIA_INTL_v2:productId=53
RWA,2019,crude_oil_lease_condensate,0.0,thousand_barrels_per_day,EIA_INTL_v2:productId=53
SAU,2019,crude_oil_lease_condensate,11741.460635616439,thousand_barrels_per_day,EIA_INTL_v2:productId=53
SDN,2019,crude_oil_lease_condensate,71.62329833607306,thousand_barrels_per_day,EIA_INTL_v2:productId=53
SEN,2019,crude_oil_lease_condensate,-0.0265,thousand_barrels_per_day,EIA_INTL_v2:productId=53
SGP,2019,crude_oil_lease_condensate,19.5112,thousand_barrels_per_day,EIA_INTL_v2:productId=53
SHN,2019,crude_oil_lease_condensate,0.0,thousand_barrels_per_day,EIA_INTL_v2:productId=53
SLB,2019,crude_oil_lease_condensate,0.0,thousand_barrels_per_day,EIA_INTL_v2:productId=53
SLE,2019,crude_oil_lease_condensate,0.0,thousand_barrels_per_day,EIA_INTL_v2:productId=53
SLV,2019,crude_oil_lease_condensate,0.003,thousand_barrels_per_day,EIA_INTL_v2:productId=53
SOM,2019,crude_oil_lease_condensate,0.0,thousand_barrels_per_day,EIA_INTL_v2:productId=53
SPM,2019,crude_oil_lease_condensate,0.0,thousand_barrels_per_day,EIA_INTL_v2:productId=53
SRB,2019,crude_oil_lease_condensate,18.7282,thousand_barrels_per_day,EIA_INTL_v2:productId=53
SSD,2019,crude_oil_lease_condensate,157.11030150636986,thousand_barrels_per_day,EIA_INTL_v2:productId=53
STP,2019,crude_oil_lease_condensate,0.0,thousand_barrels_per_day,EIA_INTL_v2:productId=53
SUR,2019,crude_oil_lease_condensate,15.519,thousand_barrels_per_day,EIA_INTL_v2:productId=53
SVK,2019,crude_oil_lease_condensate,5.132650684931507,thousand_barrels_per_day,EIA_INTL_v2:productId=53
SVN,2019,crude_oil_lease_condensate,0.0,thousand_barrels_per_day,EIA_INTL_v2:productId=53
SWE,2019,crude_oil_lease_condensate,13.2469,thousand_barrels_per_day,EIA_INTL_v2:productId=53
SWZ,2019,crude_oil_lease_condensate,0.0,thousand_barrels_per_day,EIA_INTL_v2:productId=53
SYC,2019,crude_oil_lease_condensate,0.0,thousand_barrels_per_day,EIA_INTL_v2:productId=53
SYR,2019,crude_oil_lease_condensate,37.35664657534247,thousand_barrels_per_day,EIA_INTL_v2:productId=53
TCA,2019,crude_oil_lease_condensate,0.0,thousand_barrels_per_day,EIA_INTL_v2:productId=53
TCD,2019,crude_oil_lease_condensate,128.0,thousand_barrels_per_day,EIA_INTL_v2:productId=53
TGO,2019,crude_oil_lease_condensate,0.0,thousand_barrels_per_day,EIA_INTL_v2:productId=53
THA,2019,crude_oil_lease_condensate,525.0202082191781,thousand_barrels_per_day,EIA_INTL_v2:productId=53
TJK,2019,crude_oil_lease_condensate,0.31037,thousand_barrels_per_day,EIA_INTL_v2:productId=53
TKM,2019,crude_oil_lease_condensate,251.51537666666667,thousand_barrels_per_day,EIA_INTL_v2:productId=53
TLS,2019,crude_oil_lease_condensate,23.0,thousand_barrels_per_day,EIA_INTL_v2:productId=53
TON,2019,crude_oil_lease_condensate,0.0,thousand_barrels_per_day,EIA_INTL_v2:productId=53
TTO,2019,crude_oil_lease_condensate,82.81268296961109,thousand_barrels_per_day,EIA_INTL_v2:productId=53
TUN,2019,crude_oil_lease_condensate,37.70013795846222,thousand_barrels_per_day,EIA_INTL_v2:productId=53
TUR,2019,crude_oil_lease_condensate,75.12263561643836,thousand_barrels_per_day,EIA_INTL_v2:productId=53
TWN,2019,crude_oil_lease_condensate,24.3594,thousand_barrels_per_day,EIA_INTL_v2:productId=53
TZA,2019,crude_oil_lease_condensate,0.0,thousand_barrels_per_day,EIA_INTL_v2:productId=53
UGA,2019,crude_oil_lease_condensate,0.0,thousand_barrels_per_day,EIA_INTL_v2:productId=53
UKR,2019,crude_oil_lease_condensate,62.04572191780822,thousand_barrels_per_day,EIA_INTL_v2:productId=53
URY,2019,crude_oil_lease_condensate,2.0281,thousand_barrels_per_day,EIA_INTL_v2:productId=53
USA,2019,crude_oil_lease_condensate,19471.199202739725,thousand_barrels_per_day,EIA_INTL_v2:productId=53
UZB,2019,crude_oil_lease_condensate,41.33179863013699,thousand_barrels_per_day,EIA_INTL_v2:productId=53
VCT,2019,crude_oil_lease_condensate,0.0,thousand_barrels_per_day,EIA_INTL_v2:productId=53
VEN,2019,crude_oil_lease_condensate,927.7052712328767,thousand_barrels_per_day,EIA_INTL_v2:productId=53
VGB,2019,crude_oil_lease_condensate,0.0,thousand_barrels_per_day,EIA_INTL_v2:productId=53
VIR,2019,crude_oil_lease_condensate,0.0,thousand_barrels_per_day,EIA_INTL_v2:productId=53
VNM,2019,crude_oil_lease_condensate,240.20555026737424,thousand_barrels_per_day,EIA_INTL_v2:productId=53
VUT,2019,crude_oil_lease_condensate,0.0,thousand_barrels_per_day,EIA_INTL_v2:productId=53
WAK,2019,crude_oil_lease_condensate,0.0,thousand_barrels_per_day,EIA_INTL_v2:productId=53
WSM,2019,crude_oil_lease_condensate,0.0,thousand_barrels_per_day,EIA_INTL_v2:productId=53
YEM,2019,crude_oil_lease_condensate,62.73284246575342,thousand_barrels_per_day,EIA_INTL_v2:productId=53
ZAF,2019,crude_oil_lease_condensate,117.59168219178082,thousand_barrels_per_day,EIA_INTL_v2:productId=53
ZMB,2019,crude_oil_lease_condensate,0.1366,thousand_barrels_per_day,EIA_INTL_v2:productId=53
ZWE,2019,crude_oil_lease_condensate,0.8,thousand_barrels_per_day,EIA_INTL_v2:productId=53
ABW,2020,crude_oil_lease_condensate,0.0,thousand_barrels_per_day,EIA_INTL_v2:productId=53
AFG,2020,crude_oil_lease_condensate,0.0,thousand_barrels_per_day,EIA_INTL_v2:productId=53
AGO,2020,crude_oil_lease_condensate,1284.1390298272693,thousand_barrels_per_day,EIA_INTL_v2:productId=53
ALB,2020,crude_oil_lease_condensate,17.313858961748632,thousand_barrels_per_day,EIA_INTL_v2:productId=53
ARE,2020,crude_oil_lease_condensate,3780.3662101836217,thousand_barrels_per_day,EIA_INTL_v2:productId=53
ARG,2020,crude_oil_lease_condensate,656.8417081697287,thousand_barrels_per_day,EIA_INTL_v2:productId=53
ARM,2020,crude_oil_lease_condensate,0.0,thousand_barrels_per_day,EIA_INTL_v2:productId=53
ASM,2020,crude_oil_lease_condensate,0.0,thousand_barrels_per_day,EIA_INTL_v2:productId=53
ATA,2020,crude_oil_lease_condensate,0.0,thousand_barrels_per_day,EIA_INTL_v2:productId=53
ATG,2020,crude_oil_lease_condensate,0.0,thousand_barrels_per_day,EIA_INTL_v2:productId=53
AUS,2020,crude_oil_lease_condensate,475.1731504392142,thousand_barrels_per_day,EIA_INTL_v2:productId=53
AUT,2020,crude_oil_lease_condensate,24.4670043715847,thousand_barrels_per_day,EIA_INTL_v2:productId=53
AZE,2020,crude_oil_lease_condensate,700.3683322683845,thousand_barrels_per_day,EIA_INTL_v2:productId=53
BDI,2020,crude_oil_lease_condensate,0.0,thousand_barrels_per_day,EIA_INTL_v2:productId=53
BEL,2020,crude_oil_lease_condensate,23.6427,thousand_barrels_per_day,EIA_INTL_v2:productId=53
BEN,2020,crude_oil_lease_condensate,0.0,thousand_barrels_per_day,EIA_INTL_v2:productId=53
BFA,2020,crude_oil_lease_condensate,0.0,thousand_barrels_per_day,EIA_INTL_v2:productId=53
BGD,2020,crude_oil_lease_condensate,13.7978,thousand_barrels_per_day,EIA_INTL_v2:productId=53
BGR,2020,crude_oil_lease_condensate,5.9982,thousand_barrels_per_day,EIA_INTL_v2:productId=53
BHR,2020,crude_oil_lease_condensate,184.56135300546447,thousand_barrels_per_day,EIA_INTL_v2:productId=53
BHS,2020,crude_oil_lease_condensate,0.0,thousand_barrels_per_day,EIA_INTL_v2:productId=53
BIH,2020,crude_oil_lease_condensate,0.1884,thousand_barrels_per_day,EIA_INTL_v2:productId=53
BLR,2020,crude_oil_lease_condensate,34.58876065573771,thousand_barrels_per_day,EIA_INTL_v2:productId=53
BLZ,2020,crude_oil_lease_condensate,1.7,thousand_barrels_per_day,EIA_INTL_v2:productId=53
BMU,2020,crude_oil_lease_condensate,0.0,thousand_barrels_per_day,EIA_INTL_v2:productId=53
BOL,2020,crude_oil_lease_condensate,48.594071462348474,thousand_barrels_per_day,EIA_INTL_v2:productId=53
BRA,2020,crude_oil_lease_condensate,3767.5390111100764,thousand_barrels_per_day,EIA_INTL_v2:productId=53
BRB,2020,crude_oil_lease_condensate,1.001,thousand_barrels_per_day,EIA_INTL_v2:productId=53
BRN,2020,crude_oil_lease_condensate,109.9940912568306,thousand_barrels_per_day,EIA_INTL_v2:productId=53
BTN,2020,crude_oil_lease_condensate,0.0,thousand_barrels_per_day,EIA_INTL_v2:productId=53
BWA,2020,crude_oil_lease_condensate,0.0,thousand_barrels_per_day,EIA_INTL_v2:productId=53
CAF,2020,crude_oil_lease_condensate,0.0,thousand_barrels_per_day,EIA_INTL_v2:productId=53
CAN,2020,crude_oil_lease_condensate,5234.650101639344,thousand_barrels_per_day,EIA_INTL_v2:productId=53
CHE,2020,crude_oil_lease_condensate,1.1408,thousand_barrels_per_day,EIA_INTL_v2:productId=53
CHL,2020,crude_oil_lease_condensate,15.91923606557377,thousand_barrels_per_day,EIA_INTL_v2:productId=53
CHN,2020,crude_oil_lease_condensate,4828.245993685322,thousand_barrels_per_day,EIA_INTL_v2:productId=53
CIV,2020,crude_oil_lease_condensate,37.795137365368845,thousand_barrels_per_day,EIA_INTL_v2:productId=53
CMR,2020,crude_oil_lease_condensate,72.02330056475931,thousand_barrels_per_day,EIA_INTL_v2:productId=53
COD,2020,crude_oil_lease_condensate,23.0,thousand_barrels_per_day,EIA_INTL_v2:productId=53
COG,2020,crude_oil_lease_condensate,288.9654532548902,thousand_barrels_per_day,EIA_INTL_v2:productId=53
COK,2020,crude_oil_lease_condensate,0.0,thousand_barrels_per_day,EIA_INTL_v2:productId=53
COL,2020,crude_oil_lease_condensate,812.2474289344262,thousand_barrels_per_day,EIA_INTL_v2:productId=53
COM,2020,crude_oil_lease_condensate,0.0,thousand_barrels_per_day,EIA_INTL_v2:productId=53
CPV,2020,crude_oil_lease_condensate,0.0,thousand_barrels_per_day,EIA_INTL_v2:productId=53
CRI,2020,crude_oil_lease_condensate,0.0,thousand_barrels_per_day,EIA_INTL_v2:productId=53
CUB,2020,crude_oil_lease_condensate,39.468300546448084,thousand_barrels_per_day,EIA_INTL_v2:productId=53
CYM,2020,crude_oil_lease_condensate,0.0,thousand_barrels_per_day,EIA_INTL_v2:productId=53
CYP,2020,crude_oil_lease_condensate,0.0,thousand_barrels_per_day,EIA_INTL_v2:productId=53
CZE,2020,crude_oil_lease_condensate,10.160922950819673,thousand_barrels_per_day,EIA_INTL_v2:productId=53
DEU,2020,crude_oil_lease_condensate,185.58012076502732,thousand_barrels_per_day,EIA_INTL_v2:productId=53
DJI,2020,crude_oil_lease_condensate,0.0,thousand_barrels_per_day,EIA_INTL_v2:productId=53
DMA,2020,crude_oil_lease_condensate,0.0,thousand_barrels_per_day,EIA_INTL_v2:productId=53
DNK,2020,crude_oil_lease_condensate,79.07805938403531,thousand_barrels_per_day,EIA_INTL_v2:productId=53
DOM,2020,crude_oil_lease_condensate,-0.0881,thousand_barrels_per_day,EIA_INTL_v2:productId=53
DZA,2020,crude_oil_lease_condensate,1404.306743715847,thousand_barrels_per_day,EIA_INTL_v2:productId=53
ECU,2020,crude_oil_lease_condensate,484.86382390710384,thousand_barrels_per_day,EIA_INTL_v2:productId=53
EGY,2020,crude_oil_lease_condensate,681.5823172131147,thousand_barrels_per_day,EIA_INTL_v2:productId=53
ERI,2020,crude_oil_lease_condensate,0.0,thousand_barrels_per_day,EIA_INTL_v2:productId=53
ESH,2020,crude_oil_lease_condensate,0.0,thousand_barrels_per_day,EIA_INTL_v2:productId=53
ESP,2020,crude_oil_lease_condensate,74.60522786885245,thousand_barrels_per_day,EIA_INTL_v2:productId=53
EST,2020,crude_oil_lease_condensate,22.91243442622951,thousand_barrels_per_day,EIA_INTL_v2:productId=53
ETH,2020,crude_oil_lease_condensate,0.0,thousand_barrels_per_day,EIA_INTL_v2:productId=53
FIN,2020,crude_oil_lease_condensate,16.0127,thousand_barrels_per_day,EIA_INTL_v2:productId=53
FJI,2020,crude_oil_lease_condensate,0.0,thousand_barrels_per_day,EIA_INTL_v2:productId=53
FLK,2020,crude_oil_lease_condensate,0.0,thousand_barrels_per_day,EIA_INTL_v2:productId=53
FRA,2020,crude_oil_lease_condensate,105.55833060109289,thousand_barrels_per_day,EIA_INTL_v2:productId=53
FRO,2020,crude_oil_lease_condensate,0.0,thousand_barrels_per_day,EIA_INTL_v2:productId=53
GAB,2020,crude_oil_lease_condensate,173.33587978142077,thousand_barrels_per_day,EIA_INTL_v2:productId=53
GBR,2020,crude_oil_lease_condensate,1097.9934662147039,thousand_barrels_per_day,EIA_INTL_v2:productId=53
GEO,2020,crude_oil_lease_condensate,0.31283071038251364,thousand_barrels_per_day,EIA_INTL_v2:productId=53
GHA,2020,crude_oil_lease_condensate,202.0483317769215,thousand_barrels_per_day,EIA_INTL_v2:productId=53
GIB,2020,crude_oil_lease_condensate,0.0,thousand_barrels_per_day,EIA_INTL_v2:productId=53
GIN,2020,crude_oil_lease_condensate,0.0,thousand_barrels_per_day,EIA_INTL_v2:productId=53
GLP,2020,crude_oil_lease_condensate,0.0,thousand_barrels_per_day,EIA_INTL_v2:productId=53
GMB,2020,crude_oil_lease_condensate,0.0,thousand_barrels_per_day,EIA_INTL_v2:productId=53
GNB,2020,crude_oil_lease_condensate,0.0,thousand_barrels_per_day,EIA_INTL_v2:productId=53
GNQ,2020,crude_oil_lease_condensate,157.56284153005464,thousand_barrels_per_day,EIA_INTL_v2:productId=53
GRC,2020,crude_oil_lease_condensate,13.983020765027323,thousand_barrels_per_day,EIA_INTL_v2:productId=53
GRD,2020,crude_oil_lease_condensate,0.0,thousand_barrels_per_day,EIA_INTL_v2:productId=53
GRL,2020,crude_oil_lease_condensate,0.0,thousand_barrels_per_day,EIA_INTL_v2:productId=53
GTM,2020,crude_oil_lease_condensate,11.824723606557377,thousand_barrels_per_day,EIA_INTL_v2:productId=53
GUF,2020,crude_oil_lease_condensate,0.0,thousand_barrels_per_day,EIA_INTL_v2:productId=53
GUM,2020,crude_oil_lease_condensate,0.0,thousand_barrels_per_day,EIA_INTL_v2:productId=53
GUY,2020,crude_oil_lease_condensate,74.61899071038252,thousand_barrels_per_day,EIA_INTL_v2:productId=53
HKG,2020,crude_oil_lease_condensate,0.096,thousand_barrels_per_day,EIA_INTL_v2:productId=53
HND,2020,crude_oil_lease_condensate,0.02,thousand_barrels_per_day,EIA_INTL_v2:productId=53
HRV,2020,crude_oil_lease_condensate,15.82411092896175,thousand_barrels_per_day,EIA_INTL_v2:productId=53
HTI,2020,crude_oil_lease_condensate,0.0,thousand_barrels_per_day,EIA_INTL_v2:productId=53
HUN,2020,crude_oil_lease_condensate,37.0459043715847,thousand_barrels_per_day,EIA_INTL_v2:productId=53
IDN,2020,crude_oil_lease_condensate,894.6906983606558,thousand_barrels_per_day,EIA_INTL_v2:productId=53
IND,2020,crude_oil_lease_condensate,905.0341221311476,thousand_barrels_per_day,EIA_INTL_v2:productId=53
IRL,2020,crude_oil_lease_condensate,0.7611,thousand_barrels_per_day,EIA_INTL_v2:productId=53
IRN,2020,crude_oil_lease_condensate,3005.4735978142076,thousand_barrels_per_day,EIA_INTL_v2:productId=53
IRQ,2020,crude_oil_lease_condensate,4151.775579234973,thousand_barrels_per_day,EIA_INTL_v2:productId=53
ISL,2020,crude_oil_lease_condensate,0.0,thousand_barrels_per_day,EIA_INTL_v2:productId=53
ISR,2020,crude_oil_lease_condensate,8.3036,thousand_barrels_per_day,EIA_INTL_v2:productId=53
ITA,2020,crude_oil_lease_condensate,152.21901584699452,thousand_barrels_per_day,EIA_INTL_v2:productId=53
JAM,2020,crude_oil_lease_condensate,-0.7,thousand_barrels_per_day,EIA_INTL_v2:productId=53
JOR,2020,crude_oil_lease_condensate,0.3095,thousand_barrels_per_day,EIA_INTL_v2:productId=53
JPN,2020,crude_oil_lease_condensate,95.94632732240436,thousand_barrels_per_day,EIA_INTL_v2:productId=53
KAZ,2020,crude_oil_lease_condensate,1859.5557862714006,thousand_barrels_per_day,EIA_INTL_v2:productId=53
KEN,2020,crude_oil_lease_condensate,-0.0289,thousand_barrels_per_day,EIA_INTL_v2:productId=53
KGZ,2020,crude_oil_lease_condensate,4.7787,thousand_barrels_per_day,EIA_INTL_v2:productId=53
KHM,2020,crude_oil_lease_condensate,0.0,thousand_barrels_per_day,EIA_INTL_v2:productId=53
KIR,2020,crude_oil_lease_condensate,0.0,thousand_barrels_per_day,EIA_INTL_v2:productId=53
KNA,2020,crude_oil_lease_condensate,0.0,thousand_barrels_per_day,EIA_INTL_v2:productId=53
KOR,2020,crude_oil_lease_condensate,99.00579071038253,thousand_barrels_per_day,EIA_INTL_v2:productId=53
KWT,2020,crude_oil_lease_condensate,2734.78525136612,thousand_barrels_per_day,EIA_INTL_v2:productId=53
LAO,2020,crude_oil_lease_condensate,0.0,thousand_barrels_per_day,EIA_INTL_v2:productId=53
LBN,2020,crude_oil_lease_condensate,0.0,thousand_barrels_per_day,EIA_INTL_v2:productId=53
LBR,2020,crude_oil_lease_condensate,0.0,thousand_barrels_per_day,EIA_INTL_v2:productId=53
LBY,2020,crude_oil_lease_condensate,417.0947704918033,thousand_barrels_per_day,EIA_INTL_v2:productId=53
LCA,2020,crude_oil_lease_condensate,0.0,thousand_barrels_per_day,EIA_INTL_v2:productId=53
LKA,2020,crude_oil_lease_condensate,-0.243,thousand_barrels_per_day,EIA_INTL_v2:productId=53
LSO,2020,crude_oil_lease_condensate,0.0,thousand_barrels_per_day,EIA_INTL_v2:productId=53
LTU,2020,crude_oil_lease_condensate,8.501600000000002,thousand_barrels_per_day,EIA_INTL_v2:productId=53
LUX,2020,crude_oil_lease_condensate,0.0,thousand_barrels_per_day,EIA_INTL_v2:productId=53
LVA,2020,crude_oil_lease_condensate,1.595,thousand_barrels_per_day,EIA_INTL_v2:productId=53
MAC,2020,crude_oil_lease_condensate,0.0,thousand_barrels_per_day,EIA_INTL_v2:productId=53
MAR,2020,crude_oil_lease_condensate,0.05,thousand_barrels_per_day,EIA_INTL_v2:productId=53
MDA,2020,crude_oil_lease_condensate,0.0,thousand_barrels_per_day,EIA_INTL_v2:productId=53
MDG,2020,crude_oil_lease_condensate,0.0,thousand_barrels_per_day,EIA_INTL_v2:productId=53
MDV,2020,crude_oil_lease_condensate,0.0,thousand_barrels_per_day,EIA_INTL_v2:productId=53
MEX,2020,crude_oil_lease_condensate,1946.1863393442623,thousand_barrels_per_day,EIA_INTL_v2:productId=53
MKD,2020,crude_oil_lease_condensate,0.0,thousand_barrels_per_day,EIA_INTL_v2:productId=53
MLI,2020,crude_oil_lease_condensate,0.0,thousand_barrels_per_day,EIA_INTL_v2:productId=53
MLT,2020,crude_oil_lease_condensate,0.0,thousand_barrels_per_day,EIA_INTL_v2:productId=53
MMR,2020,crude_oil_lease_condensate,9.3438,thousand_barrels_per_day,EIA_INTL_v2:productId=53
MNE,2020,crude_oil_lease_condensate,0.0,thousand_barrels_per_day,EIA_INTL_v2:productId=53
MNG,2020,crude_oil_lease_condensate,17.562166666666666,thousand_barrels_per_day,EIA_INTL_v2:productId=53
MOZ,2020,crude_oil_lease_condensate,0.0,thousand_barrels_per_day,EIA_INTL_v2:productId=53
MRT,2020,crude_oil_lease_condensate,0.0,thousand_barrels_per_day,EIA_INTL_v2:productId=53
MSR,2020,crude_oil_lease_condensate,0.0,thousand_barrels_per_day,EIA_INTL_v2:productId=53
MTQ,2020,crude_oil_lease_condensate,-0.242,thousand_barrels_per_day,EIA_INTL_v2:productId=53
MUS,2020,crude_oil_lease_condensate,0.0,thousand_barrels_per_day,EIA_INTL_v2:productId=53
MWI,2020,crude_oil_lease_condensate,0.0,thousand_barrels_per_day,EIA_INTL_v2:productId=53
MYS,2020,crude_oil_lease_condensate,655.5424920331401,thousand_barrels_per_day,EIA_INTL_v2:productId=53
NAM,2020,crude_oil_lease_condensate,0.0,thousand_barrels_per_day,EIA_INTL_v2:productId=53
NCL,2020,crude_oil_lease_condensate,0.0,thousand_barrels_per_day,EIA_INTL_v2:productId=53
NER,2020,crude_oil_lease_condensate,14.3776,thousand_barrels_per_day,EIA_INTL_v2:productId=53
NGA,2020,crude_oil_lease_condensate,1854.0507592205886,thousand_barrels_per_day,EIA_INTL_v2:productId=53
NIC,2020,crude_oil_lease_condensate,0.008,thousand_barrels_per_day,EIA_INTL_v2:productId=53
NIU,2020,crude_oil_lease_condensate,0.0,thousand_barrels_per_day,EIA_INTL_v2:productId=53
NLD,2020,crude_oil_lease_condensate,90.7754518487925,thousand_barrels_per_day,EIA_INTL_v2:productId=53
NOR,2020,crude_oil_lease_condensate,2007.1670759562844,thousand_barrels_per_day,EIA_INTL_v2:productId=53
NPL,2020,crude_oil_lease_condensate,0.0,thousand_barrels_per_day,EIA_INTL_v2:productId=53
NRU,2020,crude_oil_lease_condensate,0.0,thousand_barrels_per_day,EIA_INTL_v2:productId=53
NZL,2020,crude_oil_lease_condensate,19.363472677595627,thousand_barrels_per_day,EIA_INTL_v2:productId=53
OMN,2020,crude_oil_lease_condensate,958.2885961748634,thousand_barrels_per_day,EIA_INTL_v2:productId=53
PAK,2020,crude_oil_lease_condensate,90.14189617486339,thousand_barrels_per_day,EIA_INTL_v2:productId=53
PAN,2020,crude_oil_lease_condensate,0.0,thousand_barrels_per_day,EIA_INTL_v2:productId=53
PER,2020,crude_oil_lease_condensate,130.22490765027322,thousand_barrels_per_day,EIA_INTL_v2:productId=53
PHL,2020,crude_oil_lease_condensate,14.0734,thousand_barrels_per_day,EIA_INTL_v2:productId=53
PNG,2020,crude_oil_lease_condensate,39.42060005464481,thousand_barrels_per_day,EIA_INTL_v2:productId=53
POL,2020,crude_oil_lease_condensate,38.87264808743169,thousand_barrels_per_day,EIA_INTL_v2:productId=53
PRI,2020,crude_oil_lease_condensate,0.0,thousand_barrels_per_day,EIA_INTL_v2:productId=53
PRK,2020,crude_oil_lease_condensate,0.1049,thousand_barrels_per_day,EIA_INTL_v2:productId=53
PRT,2020,crude_oil_lease_condensate,11.9508,thousand_barrels_per_day,EIA_INTL_v2:productId=53
PRY,2020,crude_oil_lease_condensate,8.97,thousand_barrels_per_day,EIA_INTL_v2:productId=53
PSE,2020,crude_oil_lease_condensate,0.0,thousand_barrels_per_day,EIA_INTL_v2:productId=53
PYF,2020,crude_oil_lease_condensate,0.0,thousand_barrels_per_day,EIA_INTL_v2:productId=53
QAT,2020,crude_oil_lease_condensate,1730.1465311393442,thousand_barrels_per_day,EIA_INTL_v2:productId=53
REU,2020,crude_oil_lease_condensate,0.0,thousand_barrels_per_day,EIA_INTL_v2:productId=53
ROU,2020,crude_oil_lease_condensate,86.06795737704918,thousand_barrels_per_day,EIA_INTL_v2:productId=53
RUS,2020,crude_oil_lease_condensate,10495.997380304158,thousand_barrels_per_day,EIA_INTL_v2:productId=53
RWA,2020,crude_oil_lease_condensate,0.0,thousand_barrels_per_day,EIA_INTL_v2:productId=53
SAU,2020,crude_oil_lease_condensate,11090.743369398908,thousand_barrels_per_day,EIA_INTL_v2:productId=53
SDN,2020,crude_oil_lease_condensate,65.26778269216757,thousand_barrels_per_day,EIA_INTL_v2:productId=53
SEN,2020,crude_oil_lease_condensate,-0.0251,thousand_barrels_per_day,EIA_INTL_v2:productId=53
SGP,2020,crude_oil_lease_condensate,18.444,thousand_barrels_per_day,EIA_INTL_v2:productId=53
SHN,2020,crude_oil_lease_condensate,0.0,thousand_barrels_per_day,EIA_INTL_v2:productId=53
SLB,2020,crude_oil_lease_condensate,0.0,thousand_barrels_per_day,EIA_INTL_v2:productId=53
SLE,2020,crude_oil_lease_condensate,0.0,thousand_barrels_per_day,EIA_INTL_v2:productId=53
SLV,2020,crude_oil_lease_condensate,0.003,thousand_barrels_per_day,EIA_INTL_v2:productId=53
SOM,2020,crude_oil_lease_condensate,0.0,thousand_barrels_per_day,EIA_INTL_v2:productId=53
SPM,2020,crude_oil_lease_condensate,0.0,thousand_barrels_per_day,EIA_INTL_v2:productId=53
SRB,2020,crude_oil_lease_condensate,17.935856830601093,thousand_barrels_per_day,EIA_INTL_v2:productId=53
SSD,2020,crude_oil_lease_condensate,162.530858541439,thousand_barrels_per_day,EIA_INTL_v2:productId=53
STP,2020,crude_oil_lease_condensate,0.0,thousand_barrels_per_day,EIA_INTL_v2:productId=53
SUR,2020,crude_oil_lease_condensate,15.072762295081967,thousand_barrels_per_day,EIA_INTL_v2:productId=53
SVK,2020,crude_oil_lease_condensate,5.285251912568306,thousand_barrels_per_day,EIA_INTL_v2:productId=53
SVN,2020,crude_oil_lease_condensate,0.0,thousand_barrels_per_day,EIA_INTL_v2:productId=53
SWE,2020,crude_oil_lease_condensate,13.1019,thousand_barrels_per_day,EIA_INTL_v2:productId=53
SWZ,2020,crude_oil_lease_condensate,0.0,thousand_barrels_per_day,EIA_INTL_v2:productId=53
SYC,2020,crude_oil_lease_condensate,0.0,thousand_barrels_per_day,EIA_INTL_v2:productId=53
SYR,2020,crude_oil_lease_condensate,53.39153825136613,thousand_barrels_per_day,EIA_INTL_v2:productId=53
TCA,2020,crude_oil_lease_condensate,0.0,thousand_barrels_per_day,EIA_INTL_v2:productId=53
TCD,2020,crude_oil_lease_condensate,122.75409836065573,thousand_barrels_per_day,EIA_INTL_v2:productId=53
TGO,2020,crude_oil_lease_condensate,0.0,thousand_barrels_per_day,EIA_INTL_v2:productId=53
THA,2020,crude_oil_lease_condensate,488.631918579235,thousand_barrels_per_day,EIA_INTL_v2:productId=53
TJK,2020,crude_oil_lease_condensate,0.31068,thousand_barrels_per_day,EIA_INTL_v2:productId=53
TKM,2020,crude_oil_lease_condensate,240.0108464530552,thousand_barrels_per_day,EIA_INTL_v2:productId=53
TLS,2020,crude_oil_lease_condensate,14.0,thousand_barrels_per_day,EIA_INTL_v2:productId=53
TON,2020,crude_oil_lease_condensate,0.0,thousand_barrels_per_day,EIA_INTL_v2:productId=53
TTO,2020,crude_oil_lease_condensate,76.62429172841576,thousand_barrels_per_day,EIA_INTL_v2:productId=53
TUN,2020,crude_oil_lease_condensate,34.79866393442623,thousand_barrels_per_day,EIA_INTL_v2:productId=53
TUR,2020,crude_oil_lease_condensate,78.42659945355192,thousand_barrels_per_day,EIA_INTL_v2:productId=53
TWN,2020,crude_oil_lease_condensate,23.0721,thousand_barrels_per_day,EIA_INTL_v2:productId=53
TZA,2020,crude_oil_lease_condensate,0.0,thousand_barrels_per_day,EIA_INTL_v2:productId=53
UGA,2020,crude_oil_lease_condensate,0.0,thousand_barrels_per_day,EIA_INTL_v2:productId=53
UKR,2020,crude_oil_lease_condensate,61.17640765027323,thousand_barrels_per_day,EIA_INTL_v2:productId=53
URY,2020,crude_oil_lease_condensate,1.9718,thousand_barrels_per_day,EIA_INTL_v2:productId=53
USA,2020,crude_oil_lease_condensate,18609.48106010929,thousand_barrels_per_day,EIA_INTL_v2:productId=53
UZB,2020,crude_oil_lease_condensate,39.18530546448088,thousand_barrels_per_day,EIA_INTL_v2:productId=53
VCT,2020,crude_oil_lease_condensate,0.0,thousand_barrels_per_day,EIA_INTL_v2:productId=53
VEN,2020,crude_oil_lease_condensate,552.8571579234973,thousand_barrels_per_day,EIA_INTL_v2:productId=53
VGB,2020,crude_oil_lease_condensate,0.0,thousand_barrels_per_day,EIA_INTL_v2:productId=53
VIR,2020,crude_oil_lease_condensate,0.0,thousand_barrels_per_day,EIA_INTL_v2:productId=53
VNM,2020,crude_oil_lease_condensate,214.46288859259627,thousand_barrels_per_day,EIA_INTL_v2:productId=53
VUT,2020,crude_oil_lease_condensate,0.0,thousand_barrels_per_day,EIA_INTL_v2:productId=53
WAK,2020,crude_oil_lease_condensate,0.0,thousand_barrels_per_day,EIA_INTL_v2:productId=53
WSM,2020,crude_oil_lease_condensate,0.0,thousand_barrels_per_day,EIA_INTL_v2:productId=53
YEM,2020,crude_oil_lease_condensate,58.49828306010929,thousand_barrels_per_day,EIA_INTL_v2:productId=53
ZAF,2020,crude_oil_lease_condensate,100.38207650273225,thousand_barrels_per_day,EIA_INTL_v2:productId=53
ZMB,2020,crude_oil_lease_condensate,0.1292,thousand_barrels_per_day,EIA_INTL_v2:productId=53
ZWE,2020,crude_oil_lease_condensate,0.8,thousand_barrels_per_day,EIA_INTL_v2:productId=53
ABW,2021,crude_oil_lease_condensate,0.0,thousand_barrels_per_day,EIA_INTL_v2:productId=53
AFG,2021,crude_oil_lease_condensate,0.0,thousand_barrels_per_day,EIA_INTL_v2:productId=53
AGO,2021,crude_oil_lease_condensate,1150.4174036093525,thousand_barrels_per_day,EIA_INTL_v2:productId=53
ALB,2021,crude_oil_lease_condensate,16.150553172151987,thousand_barrels_per_day,EIA_INTL_v2:productId=53
ARE,2021,crude_oil_lease_condensate,3785.883804289888,thousand_barrels_per_day,EIA_INTL_v2:productId=53
ARG,2021,crude_oil_lease_condensate,708.554534570368,thousand_barrels_per_day,EIA_INTL_v2:productId=53
ARM,2021,crude_oil_lease_condensate,0.0,thousand_barrels_per_day,EIA_INTL_v2:productId=53
ASM,2021,crude_oil_lease_condensate,0.0,thousand_barrels_per_day,EIA_INTL_v2:productId=53
ATA,2021,crude_oil_lease_condensate,0.0,thousand_barrels_per_day,EIA_INTL_v2:productId=53
ATG,2021,crude_oil_lease_condensate,0.0,thousand_barrels_per_day,EIA_INTL_v2:productId=53
AUS,2021,crude_oil_lease_condensate,460.1342704607053,thousand_barrels_per_day,EIA_INTL_v2:productId=53
AUT,2021,crude_oil_lease_condensate,24.90202726406311,thousand_barrels_per_day,EIA_INTL_v2:productId=53
AZE,2021,crude_oil_lease_condensate,716.7350728223131,thousand_barrels_per_day,EIA_INTL_v2:productId=53
BDI,2021,crude_oil_lease_condensate,0.0,thousand_barrels_per_day,EIA_INTL_v2:productId=53
BEL,2021,crude_oil_lease_condensate,24.79236143224496,thousand_barrels_per_day,EIA_INTL_v2:productId=53
BEN,2021,crude_oil_lease_condensate,0.0,thousand_barrels_per_day,EIA_INTL_v2:productId=53
BFA,2021,crude_oil_lease_condensate,0.0,thousand_barrels_per_day,EIA_INTL_v2:productId=53
BGD,2021,crude_oil_lease_condensate,12.226021703633918,thousand_barrels_per_day,EIA_INTL_v2:productId=53
BGR,2021,crude_oil_lease_condensate,6.142786379499914,thousand_barrels_per_day,EIA_INTL_v2:productId=53
BHR,2021,crude_oil_lease_condensate,188.67548681131385,thousand_barrels_per_day,EIA_INTL_v2:productId=53
BHS,2021,crude_oil_lease_condensate,0.0,thousand_barrels_per_day,EIA_INTL_v2:productId=53
BIH,2021,crude_oil_lease_condensate,0.20605362283020215,thousand_barrels_per_day,EIA_INTL_v2:productId=53
BLR,2021,crude_oil_lease_condensate,34.1826539008157,thousand_barrels_per_day,EIA_INTL_v2:productId=53
BLZ,2021,crude_oil_lease_condensate,0.0,thousand_barrels_per_day,EIA_INTL_v2:productId=53
BMU,2021,crude_oil_lease_condensate,0.0,thousand_barrels_per_day,EIA_INTL_v2:productId=53
BOL,2021,crude_oil_lease_condensate,65.40553047085776,thousand_barrels_per_day,EIA_INTL_v2:productId=53
BRA,2021,crude_oil_lease_condensate,3689.549810612853,thousand_barrels_per_day,EIA_INTL_v2:productId=53
BRB,2021,crude_oil_lease_condensate,0.5335205479452054,thousand_barrels_per_day,EIA_INTL_v2:productId=53
BRN,2021,crude_oil_lease_condensate,106.71072264925259,thousand_barrels_per_day,EIA_INTL_v2:productId=53
BTN,2021,crude_oil_lease_condensate,0.0,thousand_barrels_per_day,EIA_INTL_v2:productId=53
BWA,2021,crude_oil_lease_condensate,0.0,thousand_barrels_per_day,EIA_INTL_v2:productId=53
CAF,2021,crude_oil_lease_condensate,0.0,thousand_barrels_per_day,EIA_INTL_v2:productId=53
CAN,2021,crude_oil_lease_condensate,5537.4510031105865,thousand_barrels_per_day,EIA_INTL_v2:productId=53
CHE,2021,crude_oil_lease_condensate,1.224109863297987,thousand_barrels_per_day,EIA_INTL_v2:productId=53
CHL,2021,crude_oil_lease_condensate,15.965946363204392,thousand_barrels_per_day,EIA_INTL_v2:productId=53
CHN,2021,crude_oil_lease_condensate,4964.475354372086,thousand_barrels_per_day,EIA_INTL_v2:productId=53
CIV,2021,crude_oil_lease_condensate,34.10932295520694,thousand_barrels_per_day,EIA_INTL_v2:productId=53
CMR,2021,crude_oil_lease_condensate,68.66177506789799,thousand_barrels_per_day,EIA_INTL_v2:productId=53
COD,2021,crude_oil_lease_condensate,22.0,thousand_barrels_per_day,EIA_INTL_v2:productId=53
COG,2021,crude_oil_lease_condensate,270.74874728961805,thousand_barrels_per_day,EIA_INTL_v2:productId=53
COK,2021,crude_oil_lease_condensate,0.0,thousand_barrels_per_day,EIA_INTL_v2:productId=53
COL,2021,crude_oil_lease_condensate,767.5322711315248,thousand_barrels_per_day,EIA_INTL_v2:productId=53
COM,2021,crude_oil_lease_condensate,0.0,thousand_barrels_per_day,EIA_INTL_v2:productId=53
CPV,2021,crude_oil_lease_condensate,0.0,thousand_barrels_per_day,EIA_INTL_v2:productId=53
CRI,2021,crude_oil_lease_condensate,0.4,thousand_barrels_per_day,EIA_INTL_v2:productId=53
CUB,2021,crude_oil_lease_condensate,36.82968150485937,thousand_barrels_per_day,EIA_INTL_v2:productId=53
CYM,2021,crude_oil_lease_condensate,0.0,thousand_barrels_per_day,EIA_INTL_v2:productId=53
CYP,2021,crude_oil_lease_condensate,0.0,thousand_barrels_per_day,EIA_INTL_v2:productId=53
CZE,2021,crude_oil_lease_condensate,10.712069880615447,thousand_barrels_per_day,EIA_INTL_v2:productId=53
DEU,2021,crude_oil_lease_condensate,188.7047877555778,thousand_barrels_per_day,EIA_INTL_v2:productId=53
DJI,2021,crude_oil_lease_condensate,0.0,thousand_barrels_per_day,EIA_INTL_v2:productId=53
DMA,2021,crude_oil_lease_condensate,0.0,thousand_barrels_per_day,EIA_INTL_v2:productId=53
DNK,2021,crude_oil_lease_condensate,71.78097714743676,thousand_barrels_per_day,EIA_INTL_v2:productId=53
DOM,2021,crude_oil_lease_condensate,-0.0963548539537009,thousand_barrels_per_day,EIA_INTL_v2:productId=53
DZA,2021,crude_oil_lease_condensate,1415.129339462147,thousand_barrels_per_day,EIA_INTL_v2:productId=53
ECU,2021,crude_oil_lease_condensate,475.6496458627345,thousand_barrels_per_day,EIA_INTL_v2:productId=53
EGY,2021,crude_oil_lease_condensate,659.8219063208123,thousand_barrels_per_day,EIA_INTL_v2:productId=53
ERI,2021,crude_oil_lease_condensate,0.0,thousand_barrels_per_day,EIA_INTL_v2:productId=53
ESH,2021,crude_oil_lease_condensate,0.0,thousand_barrels_per_day,EIA_INTL_v2:productId=53
ESP,2021,crude_oil_lease_condensate,76.7029266791065,thousand_barrels_per_day,EIA_INTL_v2:productId=53
EST,2021,crude_oil_lease_condensate,21.843742465753426,thousand_barrels_per_day,EIA_INTL_v2:productId=53
ETH,2021,crude_oil_lease_condensate,0.0,thousand_barrels_per_day,EIA_INTL_v2:productId=53
FIN,2021,crude_oil_lease_condensate,16.73502354803338,thousand_barrels_per_day,EIA_INTL_v2:productId=53
FJI,2021,crude_oil_lease_condensate,0.0,thousand_barrels_per_day,EIA_INTL_v2:productId=53
FLK,2021,crude_oil_lease_condensate,0.0,thousand_barrels_per_day,EIA_INTL_v2:productId=53
FRA,2021,crude_oil_lease_condensate,107.91239986377091,thousand_barrels_per_day,EIA_INTL_v2:productId=53
FRO,2021,crude_oil_lease_condensate,0.0,thousand_barrels_per_day,EIA_INTL_v2:productId=53
GAB,2021,crude_oil_lease_condensate,174.7152686187853,thousand_barrels_per_day,EIA_INTL_v2:productId=53
GBR,2021,crude_oil_lease_condensate,936.4927013120862,thousand_barrels_per_day,EIA_INTL_v2:productId=53
GEO,2021,crude_oil_lease_condensate,0.2910526988793737,thousand_barrels_per_day,EIA_INTL_v2:productId=53
GHA,2021,crude_oil_lease_condensate,186.359062561988,thousand_barrels_per_day,EIA_INTL_v2:productId=53
GIB,2021,crude_oil_lease_condensate,0.0,thousand_barrels_per_day,EIA_INTL_v2:productId=53
GIN,2021,crude_oil_lease_condensate,0.0,thousand_barrels_per_day,EIA_INTL_v2:productId=53
GLP,2021,crude_oil_lease_condensate,0.0,thousand_barrels_per_day,EIA_INTL_v2:productId=53
GMB,2021,crude_oil_lease_condensate,0.0,thousand_barrels_per_day,EIA_INTL_v2:productId=53
GNB,2021,crude_oil_lease_condensate,0.0,thousand_barrels_per_day,EIA_INTL_v2:productId=53
GNQ,2021,crude_oil_lease_condensate,142.56164383561645,thousand_barrels_per_day,EIA_INTL_v2:productId=53
GRC,2021,crude_oil_lease_condensate,14.512479791155027,thousand_barrels_per_day,EIA_INTL_v2:productId=53
GRD,2021,crude_oil_lease_condensate,0.0,thousand_barrels_per_day,EIA_INTL_v2:productId=53
GRL,2021,crude_oil_lease_condensate,0.0,thousand_barrels_per_day,EIA_INTL_v2:productId=53
GTM,2021,crude_oil_lease_condensate,11.156160259860508,thousand_barrels_per_day,EIA_INTL_v2:productId=53
GUF,2021,crude_oil_lease_condensate,0.0,thousand_barrels_per_day,EIA_INTL_v2:productId=53
GUM,2021,crude_oil_lease_condensate,0.0,thousand_barrels_per_day,EIA_INTL_v2:productId=53
GUY,2021,crude_oil_lease_condensate,116.91307068493151,thousand_barrels_per_day,EIA_INTL_v2:productId=53
HKG,2021,crude_oil_lease_condensate,0.096,thousand_barrels_per_day,EIA_INTL_v2:productId=53
HND,2021,crude_oil_lease_condensate,0.02,thousand_barrels_per_day,EIA_INTL_v2:productId=53
HRV,2021,crude_oil_lease_condensate,15.50214060005226,thousand_barrels_per_day,EIA_INTL_v2:productId=53
HTI,2021,crude_oil_lease_condensate,0.0,thousand_barrels_per_day,EIA_INTL_v2:productId=53
HUN,2021,crude_oil_lease_condensate,39.304695052116465,thousand_barrels_per_day,EIA_INTL_v2:productId=53
IDN,2021,crude_oil_lease_condensate,863.6648492804488,thousand_barrels_per_day,EIA_INTL_v2:productId=53
IND,2021,crude_oil_lease_condensate,902.2251091795976,thousand_barrels_per_day,EIA_INTL_v2:productId=53
IRL,2021,crude_oil_lease_condensate,0.7761548398382766,thousand_barrels_per_day,EIA_INTL_v2:productId=53
IRN,2021,crude_oil_lease_condensate,3483.96860926821,thousand_barrels_per_day,EIA_INTL_v2:productId=53
IRQ,2021,crude_oil_lease_condensate,4149.022057648205,thousand_barrels_per_day,EIA_INTL_v2:productId=53
ISL,2021,crude_oil_lease_condensate,0.0,thousand_barrels_per_day,EIA_INTL_v2:productId=53
ISR,2021,crude_oil_lease_condensate,8.800413885078257,thousand_barrels_per_day,EIA_INTL_v2:productId=53
ITA,2021,crude_oil_lease_condensate,146.77639123073322,thousand_barrels_per_day,EIA_INTL_v2:productId=53
JAM,2021,crude_oil_lease_condensate,2.234555962681362,thousand_barrels_per_day,EIA_INTL_v2:productId=53
JOR,2021,crude_oil_lease_condensate,0.3366321637512257,thousand_barrels_per_day,EIA_INTL_v2:productId=53
JPN,2021,crude_oil_lease_condensate,103.57303042704814,thousand_barrels_per_day,EIA_INTL_v2:productId=53
KAZ,2021,crude_oil_lease_condensate,1863.5632480308996,thousand_barrels_per_day,EIA_INTL_v2:productId=53
KEN,2021,crude_oil_lease_condensate,-0.031600244220696086,thousand_barrels_per_day,EIA_INTL_v2:productId=53
KGZ,2021,crude_oil_lease_condensate,5.276728545429663,thousand_barrels_per_day,EIA_INTL_v2:productId=53
KHM,2021,crude_oil_lease_condensate,0.0,thousand_barrels_per_day,EIA_INTL_v2:productId=53
KIR,2021,crude_oil_lease_condensate,0.0,thousand_barrels_per_day,EIA_INTL_v2:productId=53
KNA,2021,crude_oil_lease_condensate,0.0,thousand_barrels_per_day,EIA_INTL_v2:productId=53
KOR,2021,crude_oil_lease_condensate,108.1516268334663,thousand_barrels_per_day,EIA_INTL_v2:productId=53
KWT,2021,crude_oil_lease_condensate,2716.895738040163,thousand_barrels_per_day,EIA_INTL_v2:productId=53
LAO,2021,crude_oil_lease_condensate,0.0,thousand_barrels_per_day,EIA_INTL_v2:productId=53
LBN,2021,crude_oil_lease_condensate,0.0,thousand_barrels_per_day,EIA_INTL_v2:productId=53
LBR,2021,crude_oil_lease_condensate,0.0,thousand_barrels_per_day,EIA_INTL_v2:productId=53
LBY,2021,crude_oil_lease_condensate,1251.7370438156995,thousand_barrels_per_day,EIA_INTL_v2:productId=53
LCA,2021,crude_oil_lease_condensate,0.0,thousand_barrels_per_day,EIA_INTL_v2:productId=53
LKA,2021,crude_oil_lease_condensate,-0.26585118948254627,thousand_barrels_per_day,EIA_INTL_v2:productId=53
LSO,2021,crude_oil_lease_condensate,0.0,thousand_barrels_per_day,EIA_INTL_v2:productId=53
LTU,2021,crude_oil_lease_condensate,8.92044642802988,thousand_barrels_per_day,EIA_INTL_v2:productId=53
LUX,2021,crude_oil_lease_condensate,0.0,thousand_barrels_per_day,EIA_INTL_v2:productId=53
LVA,2021,crude_oil_lease_condensate,1.595,thousand_barrels_per_day,EIA_INTL_v2:productId=53
MAC,2021,crude_oil_lease_condensate,0.0,thousand_barrels_per_day,EIA_INTL_v2:productId=53
MAR,2021,crude_oil_lease_condensate,0.025,thousand_barrels_per_day,EIA_INTL_v2:productId=53
MDA,2021,crude_oil_lease_condensate,0.0,thousand_barrels_per_day,EIA_INTL_v2:productId=53
MDG,2021,crude_oil_lease_condensate,0.0,thousand_barrels_per_day,EIA_INTL_v2:productId=53
MDV,2021,crude_oil_lease_condensate,0.0,thousand_barrels_per_day,EIA_INTL_v2:productId=53
MEX,2021,crude_oil_lease_condensate,1969.0140663875166,thousand_barrels_per_day,EIA_INTL_v2:productId=53
MKD,2021,crude_oil_lease_condensate,0.0,thousand_barrels_per_day,EIA_INTL_v2:productId=53
MLI,2021,crude_oil_lease_condensate,0.0,thousand_barrels_per_day,EIA_INTL_v2:productId=53
MLT,2021,crude_oil_lease_condensate,0.0,thousand_barrels_per_day,EIA_INTL_v2:productId=53
MMR,2021,crude_oil_lease_condensate,8.245696551518693,thousand_barrels_per_day,EIA_INTL_v2:productId=53
MNE,2021,crude_oil_lease_condensate,0.0,thousand_barrels_per_day,EIA_INTL_v2:productId=53
MNG,2021,crude_oil_lease_condensate,16.70334794520548,thousand_barrels_per_day,EIA_INTL_v2:productId=53
MOZ,2021,crude_oil_lease_condensate,0.0,thousand_barrels_per_day,EIA_INTL_v2:productId=53
MRT,2021,crude_oil_lease_condensate,0.0,thousand_barrels_per_day,EIA_INTL_v2:productId=53
MSR,2021,crude_oil_lease_condensate,0.0,thousand_barrels_per_day,EIA_INTL_v2:productId=53
MTQ,2021,crude_oil_lease_condensate,-0.264824077500866,thousand_barrels_per_day,EIA_INTL_v2:productId=53
MUS,2021,crude_oil_lease_condensate,0.0,thousand_barrels_per_day,EIA_INTL_v2:productId=53
MWI,2021,crude_oil_lease_condensate,0.0,thousand_barrels_per_day,EIA_INTL_v2:productId=53
MYS,2021,crude_oil_lease_condensate,608.6511465808913,thousand_barrels_per_day,EIA_INTL_v2:productId=53
NAM,2021,crude_oil_lease_condensate,0.0,thousand_barrels_per_day,EIA_INTL_v2:productId=53
NCL,2021,crude_oil_lease_condensate,0.0,thousand_barrels_per_day,EIA_INTL_v2:productId=53
NER,2021,crude_oil_lease_condensate,14.412987017704927,thousand_barrels_per_day,EIA_INTL_v2:productId=53
NGA,2021,crude_oil_lease_condensate,1601.0476958664235,thousand_barrels_per_day,EIA_INTL_v2:productId=53
NIC,2021,crude_oil_lease_condensate,-0.00998355426342906,thousand_barrels_per_day,EIA_INTL_v2:productId=53
NIU,2021,crude_oil_lease_condensate,0.0,thousand_barrels_per_day,EIA_INTL_v2:productId=53
NLD,2021,crude_oil_lease_condensate,91.85766303609454,thousand_barrels_per_day,EIA_INTL_v2:productId=53
NOR,2021,crude_oil_lease_condensate,2030.8475376005504,thousand_barrels_per_day,EIA_INTL_v2:productId=53
NPL,2021,crude_oil_lease_condensate,0.0,thousand_barrels_per_day,EIA_INTL_v2:productId=53
NRU,2021,crude_oil_lease_condensate,0.0,thousand_barrels_per_day,EIA_INTL_v2:productId=53
NZL,2021,crude_oil_lease_condensate,19.71828920062869,thousand_barrels_per_day,EIA_INTL_v2:productId=53
OMN,2021,crude_oil_lease_condensate,980.2050718410666,thousand_barrels_per_day,EIA_INTL_v2:productId=53
PAK,2021,crude_oil_lease_condensate,92.44381046170675,thousand_barrels_per_day,EIA_INTL_v2:productId=53
PAN,2021,crude_oil_lease_condensate,0.0,thousand_barrels_per_day,EIA_INTL_v2:productId=53
PER,2021,crude_oil_lease_condensate,125.35508601954399,thousand_barrels_per_day,EIA_INTL_v2:productId=53
PHL,2021,crude_oil_lease_condensate,14.46686454667123,thousand_barrels_per_day,EIA_INTL_v2:productId=53
PNG,2021,crude_oil_lease_condensate,37.04303375170194,thousand_barrels_per_day,EIA_INTL_v2:productId=53
POL,2021,crude_oil_lease_condensate,35.81539531715085,thousand_barrels_per_day,EIA_INTL_v2:productId=53
PRI,2021,crude_oil_lease_condensate,0.0,thousand_barrels_per_day,EIA_INTL_v2:productId=53
PRK,2021,crude_oil_lease_condensate,0.11471389448318925,thousand_barrels_per_day,EIA_INTL_v2:productId=53
PRT,2021,crude_oil_lease_condensate,12.316839680162392,thousand_barrels_per_day,EIA_INTL_v2:productId=53
PRY,2021,crude_oil_lease_condensate,2.0,thousand_barrels_per_day,EIA_INTL_v2:productId=53
PSE,2021,crude_oil_lease_condensate,0.0,thousand_barrels_per_day,EIA_INTL_v2:productId=53
PYF,2021,crude_oil_lease_condensate,0.0,thousand_barrels_per_day,EIA_INTL_v2:productId=53
QAT,2021,crude_oil_lease_condensate,1767.2020680637725,thousand_barrels_per_day,EIA_INTL_v2:productId=53
REU,2021,crude_oil_lease_condensate,0.0,thousand_barrels_per_day,EIA_INTL_v2:productId=53
ROU,2021,crude_oil_lease_condensate,84.27437420267425,thousand_barrels_per_day,EIA_INTL_v2:productId=53
RUS,2021,crude_oil_lease_condensate,10776.717885604343,thousand_barrels_per_day,EIA_INTL_v2:productId=53
RWA,2021,crude_oil_lease_condensate,0.0,thousand_barrels_per_day,EIA_INTL_v2:productId=53
SAU,2021,crude_oil_lease_condensate,10948.370184704458,thousand_barrels_per_day,EIA_INTL_v2:productId=53
SDN,2021,crude_oil_lease_condensate,63.38777145002412,thousand_barrels_per_day,EIA_INTL_v2:productId=53
SEN,2021,crude_oil_lease_condensate,-0.02740680846674951,thousand_barrels_per_day,EIA_INTL_v2:productId=53
SGP,2021,crude_oil_lease_condensate,20.171733955009085,thousand_barrels_per_day,EIA_INTL_v2:productId=53
SHN,2021,crude_oil_lease_condensate,0.0,thousand_barrels_per_day,EIA_INTL_v2:productId=53
SLB,2021,crude_oil_lease_condensate,0.0,thousand_barrels_per_day,EIA_INTL_v2:productId=53
SLE,2021,crude_oil_lease_condensate,0.0,thousand_barrels_per_day,EIA_INTL_v2:productId=53
SLV,2021,crude_oil_lease_condensate,0.003,thousand_barrels_per_day,EIA_INTL_v2:productId=53
SOM,2021,crude_oil_lease_condensate,0.0,thousand_barrels_per_day,EIA_INTL_v2:productId=53
SPM,2021,crude_oil_lease_condensate,0.0,thousand_barrels_per_day,EIA_INTL_v2:productId=53
SRB,2021,crude_oil_lease_condensate,16.985803316804905,thousand_barrels_per_day,EIA_INTL_v2:productId=53
SSD,2021,crude_oil_lease_condensate,157.12214203150683,thousand_barrels_per_day,EIA_INTL_v2:productId=53
STP,2021,crude_oil_lease_condensate,0.0,thousand_barrels_per_day,EIA_INTL_v2:productId=53
SUR,2021,crude_oil_lease_condensate,14.272603841546447,thousand_barrels_per_day,EIA_INTL_v2:productId=53
SVK,2021,crude_oil_lease_condensate,6.414878430707146,thousand_barrels_per_day,EIA_INTL_v2:productId=53
SVN,2021,crude_oil_lease_condensate,0.004136986301369863,thousand_barrels_per_day,EIA_INTL_v2:productId=53
SWE,2021,crude_oil_lease_condensate,13.33665159997691,thousand_barrels_per_day,EIA_INTL_v2:productId=53
SWZ,2021,crude_oil_lease_condensate,0.0,thousand_barrels_per_day,EIA_INTL_v2:productId=53
SYC,2021,crude_oil_lease_condensate,0.0,thousand_barrels_per_day,EIA_INTL_v2:productId=53
SYR,2021,crude_oil_lease_condensate,77.75842317621222,thousand_barrels_per_day,EIA_INTL_v2:productId=53
TCA,2021,crude_oil_lease_condensate,0.0,thousand_barrels_per_day,EIA_INTL_v2:productId=53
TCD,2021,crude_oil_lease_condensate,105.52328767123288,thousand_barrels_per_day,EIA_INTL_v2:productId=53
TGO,2021,crude_oil_lease_condensate,0.0,thousand_barrels_per_day,EIA_INTL_v2:productId=53
THA,2021,crude_oil_lease_condensate,460.59804743775123,thousand_barrels_per_day,EIA_INTL_v2:productId=53
TJK,2021,crude_oil_lease_condensate,0.31018146364968024,thousand_barrels_per_day,EIA_INTL_v2:productId=53
TKM,2021,crude_oil_lease_condensate,252.72998070492432,thousand_barrels_per_day,EIA_INTL_v2:productId=53
TLS,2021,crude_oil_lease_condensate,12.0,thousand_barrels_per_day,EIA_INTL_v2:productId=53
TON,2021,crude_oil_lease_condensate,0.0,thousand_barrels_per_day,EIA_INTL_v2:productId=53
TTO,2021,crude_oil_lease_condensate,81.62328915185576,thousand_barrels_per_day,EIA_INTL_v2:productId=53
TUN,2021,crude_oil_lease_condensate,42.02238619787645,thousand_barrels_per_day,EIA_INTL_v2:productId=53
TUR,2021,crude_oil_lease_condensate,84.39849594178786,thousand_barrels_per_day,EIA_INTL_v2:productId=53
TWN,2021,crude_oil_lease_condensate,25.15603805217253,thousand_barrels_per_day,EIA_INTL_v2:productId=53
TZA,2021,crude_oil_lease_condensate,0.0,thousand_barrels_per_day,EIA_INTL_v2:productId=53
UGA,2021,crude_oil_lease_condensate,0.0,thousand_barrels_per_day,EIA_INTL_v2:productId=53
UKR,2021,crude_oil_lease_condensate,61.54828776007379,thousand_barrels_per_day,EIA_INTL_v2:productId=53
URY,2021,crude_oil_lease_condensate,1.4628508419820676,thousand_barrels_per_day,EIA_INTL_v2:productId=53
USA,2021,crude_oil_lease_condensate,19038.883561643837,thousand_barrels_per_day,EIA_INTL_v2:productId=53
UZB,2021,crude_oil_lease_condensate,37.52346046882157,thousand_barrels_per_day,EIA_INTL_v2:productId=53
VCT,2021,crude_oil_lease_condensate,0.0,thousand_barrels_per_day,EIA_INTL_v2:productId=53
VEN,2021,crude_oil_lease_condensate,613.9243055449448,thousand_barrels_per_day,EIA_INTL_v2:productId=53
VGB,2021,crude_oil_lease_condensate,0.0,thousand_barrels_per_day,EIA_INTL_v2:productId=53
VIR,2021,crude_oil_lease_condensate,0.0,thousand_barrels_per_day,EIA_INTL_v2:productId=53
VNM,2021,crude_oil_lease_condensate,206.04667127485874,thousand_barrels_per_day,EIA_INTL_v2:productId=53
VUT,2021,crude_oil_lease_condensate,0.0,thousand_barrels_per_day,EIA_INTL_v2:productId=53
WAK,2021,crude_oil_lease_condensate,0.0,thousand_barrels_per_day,EIA_INTL_v2:productId=53
WSM,2021,crude_oil_lease_condensate,0.0,thousand_barrels_per_day,EIA_INTL_v2:productId=53
YEM,2021,crude_oil_lease_condensate,57.09958303943764,thousand_barrels_per_day,EIA_INTL_v2:productId=53
ZAF,2021,crude_oil_lease_condensate,100.25049077863503,thousand_barrels_per_day,EIA_INTL_v2:productId=53
ZMB,2021,crude_oil_lease_condensate,0.14129901343144388,thousand_barrels_per_day,EIA_INTL_v2:productId=53
ZWE,2021,crude_oil_lease_condensate,0.8,thousand_barrels_per_day,EIA_INTL_v2:productId=53
ABW,2022,crude_oil_lease_condensate,0.0,thousand_barrels_per_day,EIA_INTL_v2:productId=53
AFG,2022,crude_oil_lease_condensate,0.0,thousand_barrels_per_day,EIA_INTL_v2:productId=53
AGO,2022,crude_oil_lease_condensate,1185.2543993966585,thousand_barrels_per_day,EIA_INTL_v2:productId=53
ALB,2022,crude_oil_lease_condensate,15.059758268871336,thousand_barrels_per_day,EIA_INTL_v2:productId=53
ARE,2022,crude_oil_lease_condensate,4458.4926732601325,thousand_barrels_per_day,EIA_INTL_v2:productId=53
ARG,2022,crude_oil_lease_condensate,787.2274929198345,thousand_barrels_per_day,EIA_INTL_v2:productId=53
ARM,2022,crude_oil_lease_condensate,0.0,thousand_barrels_per_day,EIA_INTL_v2:productId=53
ASM,2022,crude_oil_lease_condensate,0.0,thousand_barrels_per_day,EIA_INTL_v2:productId=53
ATA,2022,crude_oil_lease_condensate,0.0,thousand_barrels_per_day,EIA_INTL_v2:productId=53
ATG,2022,crude_oil_lease_condensate,0.0,thousand_barrels_per_day,EIA_INTL_v2:productId=53
AUS,2022,crude_oil_lease_condensate,436.0413569946447,thousand_barrels_per_day,EIA_INTL_v2:productId=53
AUT,2022,crude_oil_lease_condensate,23.946355073020502,thousand_barrels_per_day,EIA_INTL_v2:productId=53
AZE,2022,crude_oil_lease_condensate,672.7760815605857,thousand_barrels_per_day,EIA_INTL_v2:productId=53
BDI,2022,crude_oil_lease_condensate,0.0,thousand_barrels_per_day,EIA_INTL_v2:productId=53
BEL,2022,crude_oil_lease_condensate,24.6058295771095,thousand_barrels_per_day,EIA_INTL_v2:productId=53
BEN,2022,crude_oil_lease_condensate,0.0,thousand_barrels_per_day,EIA_INTL_v2:productId=53
BFA,2022,crude_oil_lease_condensate,0.0,thousand_barrels_per_day,EIA_INTL_v2:productId=53
BGD,2022,crude_oil_lease_condensate,9.938133931671562,thousand_barrels_per_day,EIA_INTL_v2:productId=53
BGR,2022,crude_oil_lease_condensate,6.119306322579973,thousand_barrels_per_day,EIA_INTL_v2:productId=53
BHR,2022,crude_oil_lease_condensate,201.71099556058707,thousand_barrels_per_day,EIA_INTL_v2:productId=53
BHS,2022,crude_oil_lease_condensate,0.0,thousand_barrels_per_day,EIA_INTL_v2:productId=53
BIH,2022,crude_oil_lease_condensate,0.2031851416578563,thousand_barrels_per_day,EIA_INTL_v2:productId=53
BLR,2022,crude_oil_lease_condensate,31.966923418592852,thousand_barrels_per_day,EIA_INTL_v2:productId=53
BLZ,2022,crude_oil_lease_condensate,0.0,thousand_barrels_per_day,EIA_INTL_v2:productId=53
BMU,2022,crude_oil_lease_condensate,0.0,thousand_barrels_per_day,EIA_INTL_v2:productId=53
BOL,2022,crude_oil_lease_condensate,61.98388887987147,thousand_barrels_per_day,EIA_INTL_v2:productId=53
BRA,2022,crude_oil_lease_condensate,3810.2661886879555,thousand_barrels_per_day,EIA_INTL_v2:productId=53
BRB,2022,crude_oil_lease_condensate,0.5074438356164384,thousand_barrels_per_day,EIA_INTL_v2:productId=53
BRN,2022,crude_oil_lease_condensate,93.80493257062658,thousand_barrels_per_day,EIA_INTL_v2:productId=53
BTN,2022,crude_oil_lease_condensate,0.0,thousand_barrels_per_day,EIA_INTL_v2:productId=53
BWA,2022,crude_oil_lease_condensate,0.0,thousand_barrels_per_day,EIA_INTL_v2:productId=53
CAF,2022,crude_oil_lease_condensate,0.0,thousand_barrels_per_day,EIA_INTL_v2:productId=53
CAN,2022,crude_oil_lease_condensate,5693.533535116019,thousand_barrels_per_day,EIA_INTL_v2:productId=53
CHE,2022,crude_oil_lease_condensate,1.210629189806569,thousand_barrels_per_day,EIA_INTL_v2:productId=53
CHL,2022,crude_oil_lease_condensate,16.764406000036416,thousand_barrels_per_day,EIA_INTL_v2:productId=53
CHN,2022,crude_oil_lease_condensate,5117.647527051503,thousand_barrels_per_day,EIA_INTL_v2:productId=53
CIV,2022,crude_oil_lease_condensate,31.410251129460185,thousand_barrels_per_day,EIA_INTL_v2:productId=53
CMR,2022,crude_oil_lease_condensate,66.29503774909675,thousand_barrels_per_day,EIA_INTL_v2:productId=53
COD,2022,crude_oil_lease_condensate,21.0,thousand_barrels_per_day,EIA_INTL_v2:productId=53
COG,2022,crude_oil_lease_condensate,279.34810531007315,thousand_barrels_per_day,EIA_INTL_v2:productId=53
COK,2022,crude_oil_lease_condensate,0.0,thousand_barrels_per_day,EIA_INTL_v2:productId=53
COL,2022,crude_oil_lease_condensate,784.9995885496664,thousand_barrels_per_day,EIA_INTL_v2:productId=53
COM,2022,crude_oil_lease_condensate,0.0,thousand_barrels_per_day,EIA_INTL_v2:productId=53
CPV,2022,crude_oil_lease_condensate,0.0,thousand_barrels_per_day,EIA_INTL_v2:productId=53
CRI,2022,crude_oil_lease_condensate,0.4,thousand_barrels_per_day,EIA_INTL_v2:productId=53
CUB,2022,crude_oil_lease_condensate,34.599717175532376,thousand_barrels_per_day,EIA_INTL_v2:productId=53
CYM,2022,crude_oil_lease_condensate,0.0,thousand_barrels_per_day,EIA_INTL_v2:productId=53
CYP,2022,crude_oil_lease_condensate,0.0,thousand_barrels_per_day,EIA_INTL_v2:productId=53
CZE,2022,crude_oil_lease_condensate,9.942746550865653,thousand_barrels_per_day,EIA_INTL_v2:productId=53
DEU,2022,crude_oil_lease_condensate,185.22286166022147,thousand_barrels_per_day,EIA_INTL_v2:productId=53
DJI,2022,crude_oil_lease_condensate,0.0,thousand_barrels_per_day,EIA_INTL_v2:productId=53
DMA,2022,crude_oil_lease_condensate,0.0,thousand_barrels_per_day,EIA_INTL_v2:productId=53
DNK,2022,crude_oil_lease_condensate,72.44732920057616,thousand_barrels_per_day,EIA_INTL_v2:productId=53
DOM,2022,crude_oil_lease_condensate,-0.09501385890089653,thousand_barrels_per_day,EIA_INTL_v2:productId=53
DZA,2022,crude_oil_lease_condensate,1473.0306811788857,thousand_barrels_per_day,EIA_INTL_v2:productId=53
ECU,2022,crude_oil_lease_condensate,483.7680670056882,thousand_barrels_per_day,EIA_INTL_v2:productId=53
EGY,2022,crude_oil_lease_condensate,666.6487442187587,thousand_barrels_per_day,EIA_INTL_v2:productId=53
ERI,2022,crude_oil_lease_condensate,0.0,thousand_barrels_per_day,EIA_INTL_v2:productId=53
ESH,2022,crude_oil_lease_condensate,0.0,thousand_barrels_per_day,EIA_INTL_v2:productId=53
ESP,2022,crude_oil_lease_condensate,76.19299686472863,thousand_barrels_per_day,EIA_INTL_v2:productId=53
EST,2022,crude_oil_lease_condensate,21.21090684931507,thousand_barrels_per_day,EIA_INTL_v2:productId=53
ETH,2022,crude_oil_lease_condensate,0.0,thousand_barrels_per_day,EIA_INTL_v2:productId=53
FIN,2022,crude_oil_lease_condensate,16.61781568507262,thousand_barrels_per_day,EIA_INTL_v2:productId=53
FJI,2022,crude_oil_lease_condensate,0.0,thousand_barrels_per_day,EIA_INTL_v2:productId=53
FLK,2022,crude_oil_lease_condensate,0.0,thousand_barrels_per_day,EIA_INTL_v2:productId=53
FRA,2022,crude_oil_lease_condensate,106.48176535139677,thousand_barrels_per_day,EIA_INTL_v2:productId=53
FRO,2022,crude_oil_lease_condensate,0.0,thousand_barrels_per_day,EIA_INTL_v2:productId=53
GAB,2022,crude_oil_lease_condensate,195.48683291343988,thousand_barrels_per_day,EIA_INTL_v2:productId=53
GBR,2022,crude_oil_lease_condensate,883.1260367694358,thousand_barrels_per_day,EIA_INTL_v2:productId=53
GEO,2022,crude_oil_lease_condensate,0.27095611589026075,thousand_barrels_per_day,EIA_INTL_v2:productId=53
GHA,2022,crude_oil_lease_condensate,175.25798717061699,thousand_barrels_per_day,EIA_INTL_v2:productId=53
GIB,2022,crude_oil_lease_condensate,0.0,thousand_barrels_per_day,EIA_INTL_v2:productId=53
GIN,2022,crude_oil_lease_condensate,0.0,thousand_barrels_per_day,EIA_INTL_v2:productId=53
GLP,2022,crude_oil_lease_condensate,0.0,thousand_barrels_per_day,EIA_INTL_v2:productId=53
GMB,2022,crude_oil_lease_condensate,0.0,thousand_barrels_per_day,EIA_INTL_v2:productId=53
GNB,2022,crude_oil_lease_condensate,0.0,thousand_barrels_per_day,EIA_INTL_v2:productId=53
GNQ,2022,crude_oil_lease_condensate,128.3835616438356,thousand_barrels_per_day,EIA_INTL_v2:productId=53
GRC,2022,crude_oil_lease_condensate,14.339312596457953,thousand_barrels_per_day,EIA_INTL_v2:productId=53
GRD,2022,crude_oil_lease_condensate,0.0,thousand_barrels_per_day,EIA_INTL_v2:productId=53
GRL,2022,crude_oil_lease_condensate,0.0,thousand_barrels_per_day,EIA_INTL_v2:productId=53
GTM,2022,crude_oil_lease_condensate,11.029270091698342,thousand_barrels_per_day,EIA_INTL_v2:productId=53
GUF,2022,crude_oil_lease_condensate,0.0,thousand_barrels_per_day,EIA_INTL_v2:productId=53
GUM,2022,crude_oil_lease_condensate,0.0,thousand_barrels_per_day,EIA_INTL_v2:productId=53
GUY,2022,crude_oil_lease_condensate,289.59473671232877,thousand_barrels_per_day,EIA_INTL_v2:productId=53
HKG,2022,crude_oil_lease_condensate,0.096,thousand_barrels_per_day,EIA_INTL_v2:productId=53
HND,2022,crude_oil_lease_condensate,0.02,thousand_barrels_per_day,EIA_INTL_v2:productId=53
HRV,2022,crude_oil_lease_condensate,15.09152099938159,thousand_barrels_per_day,EIA_INTL_v2:productId=53
HTI,2022,crude_oil_lease_condensate,0.0,thousand_barrels_per_day,EIA_INTL_v2:productId=53
HUN,2022,crude_oil_lease_condensate,39.278810927349944,thousand_barrels_per_day,EIA_INTL_v2:productId=53
IDN,2022,crude_oil_lease_condensate,835.1585879253512,thousand_barrels_per_day,EIA_INTL_v2:productId=53
IND,2022,crude_oil_lease_condensate,918.178589962716,thousand_barrels_per_day,EIA_INTL_v2:productId=53
IRL,2022,crude_oil_lease_condensate,0.7737427093042012,thousand_barrels_per_day,EIA_INTL_v2:productId=53
IRN,2022,crude_oil_lease_condensate,3682.8404133577833,thousand_barrels_per_day,EIA_INTL_v2:productId=53
IRQ,2022,crude_oil_lease_condensate,4553.356668015935,thousand_barrels_per_day,EIA_INTL_v2:productId=53
ISL,2022,crude_oil_lease_condensate,0.0,thousand_barrels_per_day,EIA_INTL_v2:productId=53
ISR,2022,crude_oil_lease_condensate,9.71981273666196,thousand_barrels_per_day,EIA_INTL_v2:productId=53
ITA,2022,crude_oil_lease_condensate,131.3363808744604,thousand_barrels_per_day,EIA_INTL_v2:productId=53
JAM,2022,crude_oil_lease_condensate,2.2450658202290623,thousand_barrels_per_day,EIA_INTL_v2:productId=53
JOR,2022,crude_oil_lease_condensate,0.3322192075026425,thousand_barrels_per_day,EIA_INTL_v2:productId=53
JPN,2022,crude_oil_lease_condensate,100.9493990390161,thousand_barrels_per_day,EIA_INTL_v2:productId=53
KAZ,2022,crude_oil_lease_condensate,1829.31709972384,thousand_barrels_per_day,EIA_INTL_v2:productId=53
KEN,2022,crude_oil_lease_condensate,-0.03116799650338693,thousand_barrels_per_day,EIA_INTL_v2:productId=53
KGZ,2022,crude_oil_lease_condensate,5.903028431688398,thousand_barrels_per_day,EIA_INTL_v2:productId=53
KHM,2022,crude_oil_lease_condensate,0.0,thousand_barrels_per_day,EIA_INTL_v2:productId=53
KIR,2022,crude_oil_lease_condensate,0.0,thousand_barrels_per_day,EIA_INTL_v2:productId=53
KNA,2022,crude_oil_lease_condensate,0.0,thousand_barrels_per_day,EIA_INTL_v2:productId=53
KOR,2022,crude_oil_lease_condensate,108.23879301410142,thousand_barrels_per_day,EIA_INTL_v2:productId=53
KWT,2022,crude_oil_lease_condensate,3022.2153501599537,thousand_barrels_per_day,EIA_INTL_v2:productId=53
LAO,2022,crude_oil_lease_condensate,0.0,thousand_barrels_per_day,EIA_INTL_v2:productId=53
LBN,2022,crude_oil_lease_condensate,0.0,thousand_barrels_per_day,EIA_INTL_v2:productId=53
LBR,2022,crude_oil_lease_condensate,0.0,thousand_barrels_per_day,EIA_INTL_v2:productId=53
LBY,2022,crude_oil_lease_condensate,1076.8345815844639,thousand_barrels_per_day,EIA_INTL_v2:productId=53
LCA,2022,crude_oil_lease_condensate,0.0,thousand_barrels_per_day,EIA_INTL_v2:productId=53
LKA,2022,crude_oil_lease_condensate,-0.2620700083910877,thousand_barrels_per_day,EIA_INTL_v2:productId=53
LSO,2022,crude_oil_lease_condensate,0.0,thousand_barrels_per_day,EIA_INTL_v2:productId=53
LTU,2022,crude_oil_lease_condensate,8.852519539862165,thousand_barrels_per_day,EIA_INTL_v2:productId=53
LUX,2022,crude_oil_lease_condensate,0.0,thousand_barrels_per_day,EIA_INTL_v2:productId=53
LVA,2022,crude_oil_lease_condensate,1.595,thousand_barrels_per_day,EIA_INTL_v2:productId=53
MAC,2022,crude_oil_lease_condensate,0.0,thousand_barrels_per_day,EIA_INTL_v2:productId=53
MAR,2022,crude_oil_lease_condensate,0.025,thousand_barrels_per_day,EIA_INTL_v2:productId=53
MDA,2022,crude_oil_lease_condensate,0.0,thousand_barrels_per_day,EIA_INTL_v2:productId=53
MDG,2022,crude_oil_lease_condensate,0.0,thousand_barrels_per_day,EIA_INTL_v2:productId=53
MDV,2022,crude_oil_lease_condensate,0.0,thousand_barrels_per_day,EIA_INTL_v2:productId=53
MEX,2022,crude_oil_lease_condensate,2030.0060791941785,thousand_barrels_per_day,EIA_INTL_v2:productId=53
MKD,2022,crude_oil_lease_condensate,0.0,thousand_barrels_per_day,EIA_INTL_v2:productId=53
MLI,2022,crude_oil_lease_condensate,0.0,thousand_barrels_per_day,EIA_INTL_v2:productId=53
MLT,2022,crude_oil_lease_condensate,0.0,thousand_barrels_per_day,EIA_INTL_v2:productId=53
MMR,2022,crude_oil_lease_condensate,6.561681846800187,thousand_barrels_per_day,EIA_INTL_v2:productId=53
MNE,2022,crude_oil_lease_condensate,0.0,thousand_barrels_per_day,EIA_INTL_v2:productId=53
MNG,2022,crude_oil_lease_condensate,15.887772602739727,thousand_barrels_per_day,EIA_INTL_v2:productId=53
MOZ,2022,crude_oil_lease_condensate,0.0,thousand_barrels_per_day,EIA_INTL_v2:productId=53
MRT,2022,crude_oil_lease_condensate,0.0,thousand_barrels_per_day,EIA_INTL_v2:productId=53
MSR,2022,crude_oil_lease_condensate,0.0,thousand_barrels_per_day,EIA_INTL_v2:productId=53
MTQ,2022,crude_oil_lease_condensate,-0.2609915305442653,thousand_barrels_per_day,EIA_INTL_v2:productId=53
MUS,2022,crude_oil_lease_condensate,0.0,thousand_barrels_per_day,EIA_INTL_v2:productId=53
MWI,2022,crude_oil_lease_condensate,0.0,thousand_barrels_per_day,EIA_INTL_v2:productId=53
MYS,2022,crude_oil_lease_condensate,602.6175687163505,thousand_barrels_per_day,EIA_INTL_v2:productId=53
NAM,2022,crude_oil_lease_condensate,0.0,thousand_barrels_per_day,EIA_INTL_v2:productId=53
NCL,2022,crude_oil_lease_condensate,0.0,thousand_barrels_per_day,EIA_INTL_v2:productId=53
NER,2022,crude_oil_lease_condensate,13.407233066403538,thousand_barrels_per_day,EIA_INTL_v2:productId=53
NGA,2022,crude_oil_lease_condensate,1369.9204416958132,thousand_barrels_per_day,EIA_INTL_v2:productId=53
NIC,2022,crude_oil_lease_condensate,-0.0070676604882726,thousand_barrels_per_day,EIA_INTL_v2:productId=53
NIU,2022,crude_oil_lease_condensate,0.0,thousand_barrels_per_day,EIA_INTL_v2:productId=53
NLD,2022,crude_oil_lease_condensate,88.15173709182929,thousand_barrels_per_day,EIA_INTL_v2:productId=53
NOR,2022,crude_oil_lease_condensate,1906.9277713100437,thousand_barrels_per_day,EIA_INTL_v2:productId=53
NPL,2022,crude_oil_lease_condensate,0.0,thousand_barrels_per_day,EIA_INTL_v2:productId=53
NRU,2022,crude_oil_lease_condensate,0.0,thousand_barrels_per_day,EIA_INTL_v2:productId=53
NZL,2022,crude_oil_lease_condensate,18.10635558005713,thousand_barrels_per_day,EIA_INTL_v2:productId=53
OMN,2022,crude_oil_lease_condensate,1072.6206306194765,thousand_barrels_per_day,EIA_INTL_v2:productId=53
PAK,2022,crude_oil_lease_condensate,86.24582486169703,thousand_barrels_per_day,EIA_INTL_v2:productId=53
PAN,2022,crude_oil_lease_condensate,0.0,thousand_barrels_per_day,EIA_INTL_v2:productId=53
PER,2022,crude_oil_lease_condensate,123.01198277710519,thousand_barrels_per_day,EIA_INTL_v2:productId=53
PHL,2022,crude_oil_lease_condensate,14.285287412822344,thousand_barrels_per_day,EIA_INTL_v2:productId=53
PNG,2022,crude_oil_lease_condensate,34.444293542515034,thousand_barrels_per_day,EIA_INTL_v2:productId=53
POL,2022,crude_oil_lease_condensate,32.74681272750803,thousand_barrels_per_day,EIA_INTL_v2:productId=53
PRI,2022,crude_oil_lease_condensate,0.0,thousand_barrels_per_day,EIA_INTL_v2:productId=53
PRK,2022,crude_oil_lease_condensate,0.1131322794341985,thousand_barrels_per_day,EIA_INTL_v2:productId=53
PRT,2022,crude_oil_lease_condensate,12.257473982253408,thousand_barrels_per_day,EIA_INTL_v2:productId=53
PRY,2022,crude_oil_lease_condensate,2.0,thousand_barrels_per_day,EIA_INTL_v2:productId=53
PSE,2022,crude_oil_lease_condensate,0.0,thousand_barrels_per_day,EIA_INTL_v2:productId=53
PYF,2022,crude_oil_lease_condensate,0.0,thousand_barrels_per_day,EIA_INTL_v2:productId=53
QAT,2022,crude_oil_lease_condensate,1788.6729557343456,thousand_barrels_per_day,EIA_INTL_v2:productId=53
REU,2022,crude_oil_lease_condensate,0.0,thousand_barrels_per_day,EIA_INTL_v2:productId=53
ROU,2022,crude_oil_lease_condensate,80.14522620919827,thousand_barrels_per_day,EIA_INTL_v2:productId=53
RUS,2022,crude_oil_lease_condensate,10978.258398966173,thousand_barrels_per_day,EIA_INTL_v2:productId=53
RWA,2022,crude_oil_lease_condensate,0.0,thousand_barrels_per_day,EIA_INTL_v2:productId=53
SAU,2022,crude_oil_lease_condensate,12347.303219848496,thousand_barrels_per_day,EIA_INTL_v2:productId=53
SDN,2022,crude_oil_lease_condensate,66.68771719097164,thousand_barrels_per_day,EIA_INTL_v2:productId=53
SEN,2022,crude_oil_lease_condensate,-0.02706978291397467,thousand_barrels_per_day,EIA_INTL_v2:productId=53
SGP,2022,crude_oil_lease_condensate,19.89143715521748,thousand_barrels_per_day,EIA_INTL_v2:productId=53
SHN,2022,crude_oil_lease_condensate,0.0,thousand_barrels_per_day,EIA_INTL_v2:productId=53
SLB,2022,crude_oil_lease_condensate,0.0,thousand_barrels_per_day,EIA_INTL_v2:productId=53
SLE,2022,crude_oil_lease_condensate,0.0,thousand_barrels_per_day,EIA_INTL_v2:productId=53
SLV,2022,crude_oil_lease_condensate,0.003,thousand_barrels_per_day,EIA_INTL_v2:productId=53
SOM,2022,crude_oil_lease_condensate,0.0,thousand_barrels_per_day,EIA_INTL_v2:productId=53
SPM,2022,crude_oil_lease_condensate,0.0,thousand_barrels_per_day,EIA_INTL_v2:productId=53
SRB,2022,crude_oil_lease_condensate,15.931554104477023,thousand_barrels_per_day,EIA_INTL_v2:productId=53
SSD,2022,crude_oil_lease_condensate,155.1095863053467,thousand_barrels_per_day,EIA_INTL_v2:productId=53
STP,2022,crude_oil_lease_condensate,0.0,thousand_barrels_per_day,EIA_INTL_v2:productId=53
SUR,2022,crude_oil_lease_condensate,13.558098262752889,thousand_barrels_per_day,EIA_INTL_v2:productId=53
SVK,2022,crude_oil_lease_condensate,6.672015339855383,thousand_barrels_per_day,EIA_INTL_v2:productId=53
SVN,2022,crude_oil_lease_condensate,0.0,thousand_barrels_per_day,EIA_INTL_v2:productId=53
SWE,2022,crude_oil_lease_condensate,13.298556515916829,thousand_barrels_per_day,EIA_INTL_v2:productId=53
SWZ,2022,crude_oil_lease_condensate,0.0,thousand_barrels_per_day,EIA_INTL_v2:productId=53
SYC,2022,crude_oil_lease_condensate,0.0,thousand_barrels_per_day,EIA_INTL_v2:productId=53
SYR,2022,crude_oil_lease_condensate,92.43000320689251,thousand_barrels_per_day,EIA_INTL_v2:productId=53
TCA,2022,crude_oil_lease_condensate,0.0,thousand_barrels_per_day,EIA_INTL_v2:productId=53
TCD,2022,crude_oil_lease_condensate,109.56438356164384,thousand_barrels_per_day,EIA_INTL_v2:productId=53
TGO,2022,crude_oil_lease_condensate,0.0,thousand_barrels_per_day,EIA_INTL_v2:productId=53
THA,2022,crude_oil_lease_condensate,420.959867764078,thousand_barrels_per_day,EIA_INTL_v2:productId=53
TJK,2022,crude_oil_lease_condensate,0.3102625001644544,thousand_barrels_per_day,EIA_INTL_v2:productId=53
TKM,2022,crude_oil_lease_condensate,255.0183786557563,thousand_barrels_per_day,EIA_INTL_v2:productId=53
TLS,2022,crude_oil_lease_condensate,10.0,thousand_barrels_per_day,EIA_INTL_v2:productId=53
TON,2022,crude_oil_lease_condensate,0.0,thousand_barrels_per_day,EIA_INTL_v2:productId=53
TTO,2022,crude_oil_lease_condensate,78.75860794125799,thousand_barrels_per_day,EIA_INTL_v2:productId=53
TUN,2022,crude_oil_lease_condensate,36.446484653040514,thousand_barrels_per_day,EIA_INTL_v2:productId=53
TUR,2022,crude_oil_lease_condensate,86.92746084849836,thousand_barrels_per_day,EIA_INTL_v2:productId=53
TWN,2022,crude_oil_lease_condensate,24.81791607900071,thousand_barrels_per_day,EIA_INTL_v2:productId=53
TZA,2022,crude_oil_lease_condensate,0.0,thousand_barrels_per_day,EIA_INTL_v2:productId=53
UGA,2022,crude_oil_lease_condensate,0.0,thousand_barrels_per_day,EIA_INTL_v2:productId=53
UKR,2022,crude_oil_lease_condensate,18.317687925162037,thousand_barrels_per_day,EIA_INTL_v2:productId=53
URY,2022,crude_oil_lease_condensate,1.448064336779434,thousand_barrels_per_day,EIA_INTL_v2:productId=53
USA,2022,crude_oil_lease_condensate,20394.575224657536,thousand_barrels_per_day,EIA_INTL_v2:productId=53
UZB,2022,crude_oil_lease_condensate,49.740227573497734,thousand_barrels_per_day,EIA_INTL_v2:productId=53
VCT,2022,crude_oil_lease_condensate,0.0,thousand_barrels_per_day,EIA_INTL_v2:productId=53
VEN,2022,crude_oil_lease_condensate,742.646966915804,thousand_barrels_per_day,EIA_INTL_v2:productId=53
VGB,2022,crude_oil_lease_condensate,0.0,thousand_barrels_per_day,EIA_INTL_v2:productId=53
VIR,2022,crude_oil_lease_condensate,0.0,thousand_barrels_per_day,EIA_INTL_v2:productId=53
VNM,2022,crude_oil_lease_condensate,201.04718834730966,thousand_barrels_per_day,EIA_INTL_v2:productId=53
VUT,2022,crude_oil_lease_condensate,0.0,thousand_barrels_per_day,EIA_INTL_v2:productId=53
WAK,2022,crude_oil_lease_condensate,0.0,thousand_barrels_per_day,EIA_INTL_v2:productId=53
WSM,2022,crude_oil_lease_condensate,0.0,thousand_barrels_per_day,EIA_INTL_v2:productId=53
YEM,2022,crude_oil_lease_condensate,48.8046718087534,thousand_barrels_per_day,EIA_INTL_v2:productId=53
ZAF,2022,crude_oil_lease_condensate,93.32695985897156,thousand_barrels_per_day,EIA_INTL_v2:productId=53
ZMB,2022,crude_oil_lease_condensate,0.1393392802733073,thousand_barrels_per_day,EIA_INTL_v2:productId=53
ZWE,2022,crude_oil_lease_condensate,0.8,thousand_barrels_per_day,EIA_INTL_v2:productId=53
ABW,2023,crude_oil_lease_condensate,0.0,thousand_barrels_per_day,EIA_INTL_v2:productId=53
AFG,2023,crude_oil_lease_condensate,0.0,thousand_barrels_per_day,EIA_INTL_v2:productId=53
AGO,2023,crude_oil_lease_condensate,1174.42220270514,thousand_barrels_per_day,EIA_INTL_v2:productId=53
ALB,2023,crude_oil_lease_condensate,14.044726754799408,thousand_barrels_per_day,EIA_INTL_v2:productId=53
ARE,2023,crude_oil_lease_condensate,4422.8739517117865,thousand_barrels_per_day,EIA_INTL_v2:productId=53
ARG,2023,crude_oil_lease_condensate,819.0188040242807,thousand_barrels_per_day,EIA_INTL_v2:productId=53
ARM,2023,crude_oil_lease_condensate,0.0,thousand_barrels_per_day,EIA_INTL_v2:productId=53
ASM,2023,crude_oil_lease_condensate,0.0,thousand_barrels_per_day,EIA_INTL_v2:productId=53
ATA,2023,crude_oil_lease_condensate,0.0,thousand_barrels_per_day,EIA_INTL_v2:productId=53
ATG,2023,crude_oil_lease_condensate,0.0,thousand_barrels_per_day,EIA_INTL_v2:productId=53
AUS,2023,crude_oil_lease_condensate,405.2773434801286,thousand_barrels_per_day,EIA_INTL_v2:productId=53
AUT,2023,crude_oil_lease_condensate,23.10377275380466,thousand_barrels_per_day,EIA_INTL_v2:productId=53
AZE,2023,crude_oil_lease_condensate,623.1671597339765,thousand_barrels_per_day,EIA_INTL_v2:productId=53
BDI,2023,crude_oil_lease_condensate,0.0,thousand_barrels_per_day,EIA_INTL_v2:productId=53
BEL,2023,crude_oil_lease_condensate,24.939280789220742,thousand_barrels_per_day,EIA_INTL_v2:productId=53
BEN,2023,crude_oil_lease_condensate,0.0,thousand_barrels_per_day,EIA_INTL_v2:productId=53
BFA,2023,crude_oil_lease_condensate,0.0,thousand_barrels_per_day,EIA_INTL_v2:productId=53
BGD,2023,crude_oil_lease_condensate,9.811513149789446,thousand_barrels_per_day,EIA_INTL_v2:productId=53
BGR,2023,crude_oil_lease_condensate,6.1601399615128765,thousand_barrels_per_day,EIA_INTL_v2:productId=53
BHR,2023,crude_oil_lease_condensate,193.02793420846328,thousand_barrels_per_day,EIA_INTL_v2:productId=53
BHS,2023,crude_oil_lease_condensate,0.0,thousand_barrels_per_day,EIA_INTL_v2:productId=53
BIH,2023,crude_oil_lease_condensate,0.2081702870871233,thousand_barrels_per_day,EIA_INTL_v2:productId=53
BLR,2023,crude_oil_lease_condensate,29.814202932317606,thousand_barrels_per_day,EIA_INTL_v2:productId=53
BLZ,2023,crude_oil_lease_condensate,0.7871234,thousand_barrels_per_day,EIA_INTL_v2:productId=53
BMU,2023,crude_oil_lease_condensate,0.0,thousand_barrels_per_day,EIA_INTL_v2:productId=53
BOL,2023,crude_oil_lease_condensate,57.62912436686518,thousand_barrels_per_day,EIA_INTL_v2:productId=53
BRA,2023,crude_oil_lease_condensate,4281.785793037097,thousand_barrels_per_day,EIA_INTL_v2:productId=53
BRB,2023,crude_oil_lease_condensate,1.507849315068493,thousand_barrels_per_day,EIA_INTL_v2:productId=53
BRN,2023,crude_oil_lease_condensate,94.60030991526408,thousand_barrels_per_day,EIA_INTL_v2:productId=53
BTN,2023,crude_oil_lease_condensate,0.0,thousand_barrels_per_day,EIA_INTL_v2:productId=53
BWA,2023,crude_oil_lease_condensate,0.0,thousand_barrels_per_day,EIA_INTL_v2:productId=53
CAF,2023,crude_oil_lease_condensate,0.0,thousand_barrels_per_day,EIA_INTL_v2:productId=53
CAN,2023,crude_oil_lease_condensate,5759.517832595806,thousand_barrels_per_day,EIA_INTL_v2:productId=53
CHE,2023,crude_oil_lease_condensate,1.234401756803863,thousand_barrels_per_day,EIA_INTL_v2:productId=53
CHL,2023,crude_oil_lease_condensate,18.074348197976985,thousand_barrels_per_day,EIA_INTL_v2:productId=53
CHN,2023,crude_oil_lease_condensate,5261.3862725982035,thousand_barrels_per_day,EIA_INTL_v2:productId=53
CIV,2023,crude_oil_lease_condensate,30.541483391012292,thousand_barrels_per_day,EIA_INTL_v2:productId=53
CMR,2023,crude_oil_lease_condensate,63.99022767955689,thousand_barrels_per_day,EIA_INTL_v2:productId=53
COD,2023,crude_oil_lease_condensate,19.0,thousand_barrels_per_day,EIA_INTL_v2:productId=53
COG,2023,crude_oil_lease_condensate,266.7677360351194,thousand_barrels_per_day,EIA_INTL_v2:productId=53
COK,2023,crude_oil_lease_condensate,0.0,thousand_barrels_per_day,EIA_INTL_v2:productId=53
COL,2023,crude_oil_lease_condensate,808.059931933036,thousand_barrels_per_day,EIA_INTL_v2:productId=53
COM,2023,crude_oil_lease_condensate,0.0,thousand_barrels_per_day,EIA_INTL_v2:productId=53
CPV,2023,crude_oil_lease_condensate,0.0,thousand_barrels_per_day,EIA_INTL_v2:productId=53
CRI,2023,crude_oil_lease_condensate,0.4,thousand_barrels_per_day,EIA_INTL_v2:productId=53
CUB,2023,crude_oil_lease_condensate,32.60660448987151,thousand_barrels_per_day,EIA_INTL_v2:productId=53
CYM,2023,crude_oil_lease_condensate,0.0,thousand_barrels_per_day,EIA_INTL_v2:productId=53
CYP,2023,crude_oil_lease_condensate,0.0,thousand_barrels_per_day,EIA_INTL_v2:productId=53
CZE,2023,crude_oil_lease_condensate,9.399515524419726,thousand_barrels_per_day,EIA_INTL_v2:productId=53
DEU,2023,crude_oil_lease_condensate,185.45165591316936,thousand_barrels_per_day,EIA_INTL_v2:productId=53
DJI,2023,crude_oil_lease_condensate,0.0,thousand_barrels_per_day,EIA_INTL_v2:productId=53
DMA,2023,crude_oil_lease_condensate,0.0,thousand_barrels_per_day,EIA_INTL_v2:productId=53
DNK,2023,crude_oil_lease_condensate,67.55774052039739,thousand_barrels_per_day,EIA_INTL_v2:productId=53
DOM,2023,crude_oil_lease_condensate,-0.09724697746995617,thousand_barrels_per_day,EIA_INTL_v2:productId=53
DZA,2023,crude_oil_lease_condensate,1444.291045526906,thousand_barrels_per_day,EIA_INTL_v2:productId=53
ECU,2023,crude_oil_lease_condensate,478.0209226663343,thousand_barrels_per_day,EIA_INTL_v2:productId=53
EGY,2023,crude_oil_lease_condensate,666.3163873368911,thousand_barrels_per_day,EIA_INTL_v2:productId=53
ERI,2023,crude_oil_lease_condensate,0.0,thousand_barrels_per_day,EIA_INTL_v2:productId=53
ESH,2023,crude_oil_lease_condensate,0.0,thousand_barrels_per_day,EIA_INTL_v2:productId=53
ESP,2023,crude_oil_lease_condensate,76.91276341589978,thousand_barrels_per_day,EIA_INTL_v2:productId=53
EST,2023,crude_oil_lease_condensate,23.742435616438357,thousand_barrels_per_day,EIA_INTL_v2:productId=53
ETH,2023,crude_oil_lease_condensate,0.0,thousand_barrels_per_day,EIA_INTL_v2:productId=53
FIN,2023,crude_oil_lease_condensate,16.82755685520822,thousand_barrels_per_day,EIA_INTL_v2:productId=53
FJI,2023,crude_oil_lease_condensate,0.0,thousand_barrels_per_day,EIA_INTL_v2:productId=53
FLK,2023,crude_oil_lease_condensate,0.0,thousand_barrels_per_day,EIA_INTL_v2:productId=53
FRA,2023,crude_oil_lease_condensate,106.92719754060366,thousand_barrels_per_day,EIA_INTL_v2:productId=53
FRO,2023,crude_oil_lease_condensate,0.0,thousand_barrels_per_day,EIA_INTL_v2:productId=53
GAB,2023,crude_oil_lease_condensate,203.9450206831016,thousand_barrels_per_day,EIA_INTL_v2:productId=53
GBR,2023,crude_oil_lease_condensate,799.3697169401781,thousand_barrels_per_day,EIA_INTL_v2:productId=53
GEO,2023,crude_oil_lease_condensate,0.2520927843704981,thousand_barrels_per_day,EIA_INTL_v2:productId=53
GHA,2023,crude_oil_lease_condensate,176.39474261687386,thousand_barrels_per_day,EIA_INTL_v2:productId=53
GIB,2023,crude_oil_lease_condensate,0.0,thousand_barrels_per_day,EIA_INTL_v2:productId=53
GIN,2023,crude_oil_lease_condensate,0.0,thousand_barrels_per_day,EIA_INTL_v2:productId=53
GLP,2023,crude_oil_lease_condensate,0.0,thousand_barrels_per_day,EIA_INTL_v2:productId=53
GMB,2023,crude_oil_lease_condensate,0.0,thousand_barrels_per_day,EIA_INTL_v2:productId=53
GNB,2023,crude_oil_lease_condensate,0.0,thousand_barrels_per_day,EIA_INTL_v2:productId=53
GNQ,2023,crude_oil_lease_condensate,97.53792432778796,thousand_barrels_per_day,EIA_INTL_v2:productId=53
GRC,2023,crude_oil_lease_condensate,14.566676154858357,thousand_barrels_per_day,EIA_INTL_v2:productId=53
GRD,2023,crude_oil_lease_condensate,0.0,thousand_barrels_per_day,EIA_INTL_v2:productId=53
GRL,2023,crude_oil_lease_condensate,0.0,thousand_barrels_per_day,EIA_INTL_v2:productId=53
GTM,2023,crude_oil_lease_condensate,6.184002999687656,thousand_barrels_per_day,EIA_INTL_v2:productId=53
GUF,2023,crude_oil_lease_condensate,0.0,thousand_barrels_per_day,EIA_INTL_v2:productId=53
GUM,2023,crude_oil_lease_condensate,0.0,thousand_barrels_per_day,EIA_INTL_v2:productId=53
GUY,2023,crude_oil_lease_condensate,391.3878131506849,thousand_barrels_per_day,EIA_INTL_v2:productId=53
HKG,2023,crude_oil_lease_condensate,0.096,thousand_barrels_per_day,EIA_INTL_v2:productId=53
HND,2023,crude_oil_lease_condensate,0.02,thousand_barrels_per_day,EIA_INTL_v2:productId=53
HRV,2023,crude_oil_lease_condensate,14.475163036720549,thousand_barrels_per_day,EIA_INTL_v2:productId=53
HTI,2023,crude_oil_lease_condensate,0.0,thousand_barrels_per_day,EIA_INTL_v2:productId=53
HUN,2023,crude_oil_lease_condensate,40.16651314984589,thousand_barrels_per_day,EIA_INTL_v2:productId=53
IDN,2023,crude_oil_lease_condensate,863.235721587148,thousand_barrels_per_day,EIA_INTL_v2:productId=53
IND,2023,crude_oil_lease_condensate,927.3318052432962,thousand_barrels_per_day,EIA_INTL_v2:productId=53
IRL,2023,crude_oil_lease_condensate,0.7780020279668767,thousand_barrels_per_day,EIA_INTL_v2:productId=53
IRN,2023,crude_oil_lease_condensate,4119.433515561318,thousand_barrels_per_day,EIA_INTL_v2:productId=53
IRQ,2023,crude_oil_lease_condensate,4435.723686776704,thousand_barrels_per_day,EIA_INTL_v2:productId=53
ISL,2023,crude_oil_lease_condensate,0.0,thousand_barrels_per_day,EIA_INTL_v2:productId=53
ISR,2023,crude_oil_lease_condensate,18.85446083892411,thousand_barrels_per_day,EIA_INTL_v2:productId=53
ITA,2023,crude_oil_lease_condensate,149.1444456691694,thousand_barrels_per_day,EIA_INTL_v2:productId=53
JAM,2023,crude_oil_lease_condensate,2.2272941517152054,thousand_barrels_per_day,EIA_INTL_v2:productId=53
JOR,2023,crude_oil_lease_condensate,0.33956901024860275,thousand_barrels_per_day,EIA_INTL_v2:productId=53
JPN,2023,crude_oil_lease_condensate,102.58796594817994,thousand_barrels_per_day,EIA_INTL_v2:productId=53
KAZ,2023,crude_oil_lease_condensate,1957.4229871253594,thousand_barrels_per_day,EIA_INTL_v2:productId=53
KEN,2023,crude_oil_lease_condensate,-0.03190485103028767,thousand_barrels_per_day,EIA_INTL_v2:productId=53
KGZ,2023,crude_oil_lease_condensate,6.176487996937049,thousand_barrels_per_day,EIA_INTL_v2:productId=53
KHM,2023,crude_oil_lease_condensate,0.0,thousand_barrels_per_day,EIA_INTL_v2:productId=53
KIR,2023,crude_oil_lease_condensate,0.0,thousand_barrels_per_day,EIA_INTL_v2:productId=53
KNA,2023,crude_oil_lease_condensate,0.0,thousand_barrels_per_day,EIA_INTL_v2:productId=53
KOR,2023,crude_oil_lease_condensate,108.94824736030355,thousand_barrels_per_day,EIA_INTL_v2:productId=53
KWT,2023,crude_oil_lease_condensate,2906.367628609174,thousand_barrels_per_day,EIA_INTL_v2:productId=53
LAO,2023,crude_oil_lease_condensate,0.0,thousand_barrels_per_day,EIA_INTL_v2:productId=53
LBN,2023,crude_oil_lease_condensate,0.0,thousand_barrels_per_day,EIA_INTL_v2:productId=53
LBR,2023,crude_oil_lease_condensate,0.0,thousand_barrels_per_day,EIA_INTL_v2:productId=53
LBY,2023,crude_oil_lease_condensate,1244.3494527080866,thousand_barrels_per_day,EIA_INTL_v2:productId=53
LCA,2023,crude_oil_lease_condensate,0.0,thousand_barrels_per_day,EIA_INTL_v2:productId=53
LKA,2023,crude_oil_lease_condensate,-0.2682392856816712,thousand_barrels_per_day,EIA_INTL_v2:productId=53
LSO,2023,crude_oil_lease_condensate,0.0,thousand_barrels_per_day,EIA_INTL_v2:productId=53
LTU,2023,crude_oil_lease_condensate,8.97392289817526,thousand_barrels_per_day,EIA_INTL_v2:productId=53
LUX,2023,crude_oil_lease_condensate,0.0,thousand_barrels_per_day,EIA_INTL_v2:productId=53
LVA,2023,crude_oil_lease_condensate,1.595,thousand_barrels_per_day,EIA_INTL_v2:productId=53
MAC,2023,crude_oil_lease_condensate,0.0,thousand_barrels_per_day,EIA_INTL_v2:productId=53
MAR,2023,crude_oil_lease_condensate,0.025,thousand_barrels_per_day,EIA_INTL_v2:productId=53
MDA,2023,crude_oil_lease_condensate,0.0,thousand_barrels_per_day,EIA_INTL_v2:productId=53
MDG,2023,crude_oil_lease_condensate,0.0,thousand_barrels_per_day,EIA_INTL_v2:productId=53
MDV,2023,crude_oil_lease_condensate,0.0,thousand_barrels_per_day,EIA_INTL_v2:productId=53
MEX,2023,crude_oil_lease_condensate,2119.326228207232,thousand_barrels_per_day,EIA_INTL_v2:productId=53
MKD,2023,crude_oil_lease_condensate,0.0,thousand_barrels_per_day,EIA_INTL_v2:productId=53
MLI,2023,crude_oil_lease_condensate,0.0,thousand_barrels_per_day,EIA_INTL_v2:productId=53
MLT,2023,crude_oil_lease_condensate,0.0,thousand_barrels_per_day,EIA_INTL_v2:productId=53
MMR,2023,crude_oil_lease_condensate,6.462917845559398,thousand_barrels_per_day,EIA_INTL_v2:productId=53
MNE,2023,crude_oil_lease_condensate,0.0,thousand_barrels_per_day,EIA_INTL_v2:productId=53
MNG,2023,crude_oil_lease_condensate,15.111775342465753,thousand_barrels_per_day,EIA_INTL_v2:productId=53
MOZ,2023,crude_oil_lease_condensate,0.0,thousand_barrels_per_day,EIA_INTL_v2:productId=53
MRT,2023,crude_oil_lease_condensate,0.0,thousand_barrels_per_day,EIA_INTL_v2:productId=53
MSR,2023,crude_oil_lease_condensate,0.0,thousand_barrels_per_day,EIA_INTL_v2:productId=53
MTQ,2023,crude_oil_lease_condensate,-0.26713540908126027,thousand_barrels_per_day,EIA_INTL_v2:productId=53
MUS,2023,crude_oil_lease_condensate,0.0,thousand_barrels_per_day,EIA_INTL_v2:productId=53
MWI,2023,crude_oil_lease_condensate,0.0,thousand_barrels_per_day,EIA_INTL_v2:productId=53
MYS,2023,crude_oil_lease_condensate,597.1912495619079,thousand_barrels_per_day,EIA_INTL_v2:productId=53
NAM,2023,crude_oil_lease_condensate,0.0,thousand_barrels_per_day,EIA_INTL_v2:productId=53
NCL,2023,crude_oil_lease_condensate,0.0,thousand_barrels_per_day,EIA_INTL_v2:productId=53
NER,2023,crude_oil_lease_condensate,13.416819604156794,thousand_barrels_per_day,EIA_INTL_v2:productId=53
NGA,2023,crude_oil_lease_condensate,1517.096571943692,thousand_barrels_per_day,EIA_INTL_v2:productId=53
NIC,2023,crude_oil_lease_condensate,-0.011942157604575343,thousand_barrels_per_day,EIA_INTL_v2:productId=53
NIU,2023,crude_oil_lease_condensate,0.0,thousand_barrels_per_day,EIA_INTL_v2:productId=53
NLD,2023,crude_oil_lease_condensate,85.46983646065183,thousand_barrels_per_day,EIA_INTL_v2:productId=53
NOR,2023,crude_oil_lease_condensate,2024.7116939689527,thousand_barrels_per_day,EIA_INTL_v2:productId=53
NPL,2023,crude_oil_lease_condensate,0.0,thousand_barrels_per_day,EIA_INTL_v2:productId=53
NRU,2023,crude_oil_lease_condensate,0.0,thousand_barrels_per_day,EIA_INTL_v2:productId=53
NZL,2023,crude_oil_lease_condensate,19.66244882573233,thousand_barrels_per_day,EIA_INTL_v2:productId=53
OMN,2023,crude_oil_lease_condensate,1057.3273533155448,thousand_barrels_per_day,EIA_INTL_v2:productId=53
PAK,2023,crude_oil_lease_condensate,88.51555007285528,thousand_barrels_per_day,EIA_INTL_v2:productId=53
PAN,2023,crude_oil_lease_condensate,0.0,thousand_barrels_per_day,EIA_INTL_v2:productId=53
PER,2023,crude_oil_lease_condensate,120.98136892947535,thousand_barrels_per_day,EIA_INTL_v2:productId=53
PHL,2023,crude_oil_lease_condensate,14.380459132260548,thousand_barrels_per_day,EIA_INTL_v2:productId=53
PNG,2023,crude_oil_lease_condensate,32.13979065721455,thousand_barrels_per_day,EIA_INTL_v2:productId=53
POL,2023,crude_oil_lease_condensate,32.65774206974767,thousand_barrels_per_day,EIA_INTL_v2:productId=53
PRI,2023,crude_oil_lease_condensate,0.0,thousand_barrels_per_day,EIA_INTL_v2:productId=53
PRK,2023,crude_oil_lease_condensate,0.11579552248446576,thousand_barrels_per_day,EIA_INTL_v2:productId=53
PRT,2023,crude_oil_lease_condensate,12.362192258882466,thousand_barrels_per_day,EIA_INTL_v2:productId=53
PRY,2023,crude_oil_lease_condensate,2.0,thousand_barrels_per_day,EIA_INTL_v2:productId=53
PSE,2023,crude_oil_lease_condensate,0.0,thousand_barrels_per_day,EIA_INTL_v2:productId=53
PYF,2023,crude_oil_lease_condensate,0.0,thousand_barrels_per_day,EIA_INTL_v2:productId=53
QAT,2023,crude_oil_lease_condensate,1826.700149181679,thousand_barrels_per_day,EIA_INTL_v2:productId=53
REU,2023,crude_oil_lease_condensate,0.0,thousand_barrels_per_day,EIA_INTL_v2:productId=53
ROU,2023,crude_oil_lease_condensate,77.48181215275403,thousand_barrels_per_day,EIA_INTL_v2:productId=53
RUS,2023,crude_oil_lease_condensate,10906.811380853469,thousand_barrels_per_day,EIA_INTL_v2:productId=53
RWA,2023,crude_oil_lease_condensate,0.0,thousand_barrels_per_day,EIA_INTL_v2:productId=53
SAU,2023,crude_oil_lease_condensate,11412.935418132076,thousand_barrels_per_day,EIA_INTL_v2:productId=53
SDN,2023,crude_oil_lease_condensate,69.85359433430101,thousand_barrels_per_day,EIA_INTL_v2:productId=53
SEN,2023,crude_oil_lease_condensate,-0.027704317458093153,thousand_barrels_per_day,EIA_INTL_v2:productId=53
SGP,2023,crude_oil_lease_condensate,20.359694431680197,thousand_barrels_per_day,EIA_INTL_v2:productId=53
SHN,2023,crude_oil_lease_condensate,0.0,thousand_barrels_per_day,EIA_INTL_v2:productId=53
SLB,2023,crude_oil_lease_condensate,0.0,thousand_barrels_per_day,EIA_INTL_v2:productId=53
SLE,2023,crude_oil_lease_condensate,0.0,thousand_barrels_per_day,EIA_INTL_v2:productId=53
SLV,2023,crude_oil_lease_condensate,0.003,thousand_barrels_per_day,EIA_INTL_v2:productId=53
SOM,2023,crude_oil_lease_condensate,0.0,thousand_barrels_per_day,EIA_INTL_v2:productId=53
SPM,2023,crude_oil_lease_condensate,0.0,thousand_barrels_per_day,EIA_INTL_v2:productId=53
SRB,2023,crude_oil_lease_condensate,15.01653831498274,thousand_barrels_per_day,EIA_INTL_v2:productId=53
SSD,2023,crude_oil_lease_condensate,146.21014695420436,thousand_barrels_per_day,EIA_INTL_v2:productId=53
STP,2023,crude_oil_lease_condensate,0.0,thousand_barrels_per_day,EIA_INTL_v2:productId=53
SUR,2023,crude_oil_lease_condensate,13.232332645960849,thousand_barrels_per_day,EIA_INTL_v2:productId=53
SVK,2023,crude_oil_lease_condensate,9.725377492314275,thousand_barrels_per_day,EIA_INTL_v2:productId=53
SVN,2023,crude_oil_lease_condensate,0.0,thousand_barrels_per_day,EIA_INTL_v2:productId=53
SWE,2023,crude_oil_lease_condensate,13.36582845554137,thousand_barrels_per_day,EIA_INTL_v2:productId=53
SWZ,2023,crude_oil_lease_condensate,0.0,thousand_barrels_per_day,EIA_INTL_v2:productId=53
SYC,2023,crude_oil_lease_condensate,0.0,thousand_barrels_per_day,EIA_INTL_v2:productId=53
SYR,2023,crude_oil_lease_condensate,61.43433377187973,thousand_barrels_per_day,EIA_INTL_v2:productId=53
TCA,2023,crude_oil_lease_condensate,0.0,thousand_barrels_per_day,EIA_INTL_v2:productId=53
TCD,2023,crude_oil_lease_condensate,124.01095890410959,thousand_barrels_per_day,EIA_INTL_v2:productId=53
TGO,2023,crude_oil_lease_condensate,0.0,thousand_barrels_per_day,EIA_INTL_v2:productId=53
THA,2023,crude_oil_lease_condensate,406.9200676831072,thousand_barrels_per_day,EIA_INTL_v2:productId=53
TJK,2023,crude_oil_lease_condensate,0.31110982027416906,thousand_barrels_per_day,EIA_INTL_v2:productId=53
TKM,2023,crude_oil_lease_condensate,274.67961556869767,thousand_barrels_per_day,EIA_INTL_v2:productId=53
TLS,2023,crude_oil_lease_condensate,5.0,thousand_barrels_per_day,EIA_INTL_v2:productId=53
TON,2023,crude_oil_lease_condensate,0.0,thousand_barrels_per_day,EIA_INTL_v2:productId=53
TTO,2023,crude_oil_lease_condensate,72.72641576089751,thousand_barrels_per_day,EIA_INTL_v2:productId=53
TUN,2023,crude_oil_lease_condensate,34.398295227478904,thousand_barrels_per_day,EIA_INTL_v2:productId=53
TUR,2023,crude_oil_lease_condensate,97.12681297883836,thousand_barrels_per_day,EIA_INTL_v2:productId=53
TWN,2023,crude_oil_lease_condensate,25.382701274568475,thousand_barrels_per_day,EIA_INTL_v2:productId=53
TZA,2023,crude_oil_lease_condensate,0.0,thousand_barrels_per_day,EIA_INTL_v2:productId=53
UGA,2023,crude_oil_lease_condensate,0.0,thousand_barrels_per_day,EIA_INTL_v2:productId=53
UKR,2023,crude_oil_lease_condensate,7.245311526236164,thousand_barrels_per_day,EIA_INTL_v2:productId=53
URY,2023,crude_oil_lease_condensate,1.4727364163961645,thousand_barrels_per_day,EIA_INTL_v2:productId=53
USA,2023,crude_oil_lease_condensate,21981.60540547945,thousand_barrels_per_day,EIA_INTL_v2:productId=53
UZB,2023,crude_oil_lease_condensate,49.007840992283285,thousand_barrels_per_day,EIA_INTL_v2:productId=53
VCT,2023,crude_oil_lease_condensate,0.0,thousand_barrels_per_day,EIA_INTL_v2:productId=53
VEN,2023,crude_oil_lease_condensate,809.707899019714,thousand_barrels_per_day,EIA_INTL_v2:productId=53
VGB,2023,crude_oil_lease_condensate,0.0,thousand_barrels_per_day,EIA_INTL_v2:productId=53
VIR,2023,crude_oil_lease_condensate,0.0,thousand_barrels_per_day,EIA_INTL_v2:productId=53
VNM,2023,crude_oil_lease_condensate,197.36036307520112,thousand_barrels_per_day,EIA_INTL_v2:productId=53
VUT,2023,crude_oil_lease_condensate,0.0,thousand_barrels_per_day,EIA_INTL_v2:productId=53
WAK,2023,crude_oil_lease_condensate,0.0,thousand_barrels_per_day,EIA_INTL_v2:productId=53
WSM,2023,crude_oil_lease_condensate,0.0,thousand_barrels_per_day,EIA_INTL_v2:productId=53
YEM,2023,crude_oil_lease_condensate,15.245720467327754,thousand_barrels_per_day,EIA_INTL_v2:productId=53
ZAF,2023,crude_oil_lease_condensate,101.67622377552118,thousand_barrels_per_day,EIA_INTL_v2:productId=53
ZMB,2023,crude_oil_lease_condensate,0.14261940166224657,thousand_barrels_per_day,EIA_INTL_v2:productId=53
ZWE,2023,crude_oil_lease_condensate,0.8,thousand_barrels_per_day,EIA_INTL_v2:productId=53
ABW,2016,natural_gas_dry,0.0,billion_cubic_feet,EIA_INTL_v2:productId=26
AFG,2016,natural_gas_dry,5.83751991,billion_cubic_feet,EIA_INTL_v2:productId=26
AGO,2016,natural_gas_dry,60.494313,billion_cubic_feet,EIA_INTL_v2:productId=26
ALB,2016,natural_gas_dry,1.5891615,billion_cubic_feet,EIA_INTL_v2:productId=26
ARE,2016,natural_gas_dry,2157.1811891,billion_cubic_feet,EIA_INTL_v2:productId=26
ARG,2016,natural_gas_dry,1386.6779302,billion_cubic_feet,EIA_INTL_v2:productId=26
ARM,2016,natural_gas_dry,0.0,billion_cubic_feet,EIA_INTL_v2:productId=26
ASM,2016,natural_gas_dry,0.0,billion_cubic_feet,EIA_INTL_v2:productId=26
ATA,2016,natural_gas_dry,0.0,billion_cubic_feet,EIA_INTL_v2:productId=26
ATG,2016,natural_gas_dry,0.0,billion_cubic_feet,EIA_INTL_v2:productId=26
AUS,2016,natural_gas_dry,3269.125859,billion_cubic_feet,EIA_INTL_v2:productId=26
AUT,2016,natural_gas_dry,41.8832342,billion_cubic_feet,EIA_INTL_v2:productId=26
AZE,2016,natural_gas_dry,617.3769854,billion_cubic_feet,EIA_INTL_v2:productId=26
BDI,2016,natural_gas_dry,0.0,billion_cubic_feet,EIA_INTL_v2:productId=26
BEL,2016,natural_gas_dry,0.0,billion_cubic_feet,EIA_INTL_v2:productId=26
BEN,2016,natural_gas_dry,0.0,billion_cubic_feet,EIA_INTL_v2:productId=26
BFA,2016,natural_gas_dry,0.0,billion_cubic_feet,EIA_INTL_v2:productId=26
BGD,2016,natural_gas_dry,975.0427438,billion_cubic_feet,EIA_INTL_v2:productId=26
BGR,2016,natural_gas_dry,3.2842671,billion_cubic_feet,EIA_INTL_v2:productId=26
BHR,2016,natural_gas_dry,541.379001,billion_cubic_feet,EIA_INTL_v2:productId=26
BHS,2016,natural_gas_dry,0.0,billion_cubic_feet,EIA_INTL_v2:productId=26
BIH,2016,natural_gas_dry,0.0,billion_cubic_feet,EIA_INTL_v2:productId=26
BLR,2016,natural_gas_dry,0.7769324,billion_cubic_feet,EIA_INTL_v2:productId=26
BLZ,2016,natural_gas_dry,0.0,billion_cubic_feet,EIA_INTL_v2:productId=26
BMU,2016,natural_gas_dry,0.0,billion_cubic_feet,EIA_INTL_v2:productId=26
BOL,2016,natural_gas_dry,697.856985,billion_cubic_feet,EIA_INTL_v2:productId=26
BRA,2016,natural_gas_dry,825.6953781,billion_cubic_feet,EIA_INTL_v2:productId=26
BRB,2016,natural_gas_dry,0.60647693,billion_cubic_feet,EIA_INTL_v2:productId=26
BRN,2016,natural_gas_dry,409.6894347,billion_cubic_feet,EIA_INTL_v2:productId=26
BTN,2016,natural_gas_dry,0.0,billion_cubic_feet,EIA_INTL_v2:productId=26
BWA,2016,natural_gas_dry,0.0,billion_cubic_feet,EIA_INTL_v2:productId=26
CAF,2016,natural_gas_dry,0.0,billion_cubic_feet,EIA_INTL_v2:productId=26
CAN,2016,natural_gas_dry,6120.437842,billion_cubic_feet,EIA_INTL_v2:productId=26
CHE,2016,natural_gas_dry,0.0,billion_cubic_feet,EIA_INTL_v2:productId=26
CHL,2016,natural_gas_dry,42.6251453,billion_cubic_feet,EIA_INTL_v2:productId=26
CHN,2016,natural_gas_dry,5007.397558,billion_cubic_feet,EIA_INTL_v2:productId=26
CIV,2016,natural_gas_dry,81.5775759,billion_cubic_feet,EIA_INTL_v2:productId=26
CMR,2016,natural_gas_dry,19.585377,billion_cubic_feet,EIA_INTL_v2:productId=26
COD,2016,natural_gas_dry,0.0,billion_cubic_feet,EIA_INTL_v2:productId=26
COG,2016,natural_gas_dry,30.5933702,billion_cubic_feet,EIA_INTL_v2:productId=26
COK,2016,natural_gas_dry,0.0,billion_cubic_feet,EIA_INTL_v2:productId=26
COL,2016,natural_gas_dry,382.6038745,billion_cubic_feet,EIA_INTL_v2:productId=26
COM,2016,natural_gas_dry,0.0,billion_cubic_feet,EIA_INTL_v2:productId=26
CPV,2016,natural_gas_dry,0.0,billion_cubic_feet,EIA_INTL_v2:productId=26
CRI,2016,natural_gas_dry,0.0,billion_cubic_feet,EIA_INTL_v2:productId=26
CUB,2016,natural_gas_dry,42.024868,billion_cubic_feet,EIA_INTL_v2:productId=26
CYM,2016,natural_gas_dry,0.0,billion_cubic_feet,EIA_INTL_v2:productId=26
CYP,2016,natural_gas_dry,0.0,billion_cubic_feet,EIA_INTL_v2:productId=26
CZE,2016,natural_gas_dry,7.6986787,billion_cubic_feet,EIA_INTL_v2:productId=26
DEU,2016,natural_gas_dry,319.0003041,billion_cubic_feet,EIA_INTL_v2:productId=26
DJI,2016,natural_gas_dry,0.0,billion_cubic_feet,EIA_INTL_v2:productId=26
DMA,2016,natural_gas_dry,0.0,billion_cubic_feet,EIA_INTL_v2:productId=26
DNK,2016,natural_gas_dry,159.5532,billion_cubic_feet,EIA_INTL_v2:productId=26
DOM,2016,natural_gas_dry,0.0,billion_cubic_feet,EIA_INTL_v2:productId=26
DZA,2016,natural_gas_dry,3312.0140515,billion_cubic_feet,EIA_INTL_v2:productId=26
ECU,2016,natural_gas_dry,19.31729,billion_cubic_feet,EIA_INTL_v2:productId=26
EGY,2016,natural_gas_dry,1496.8268579,billion_cubic_feet,EIA_INTL_v2:productId=26
ERI,2016,natural_gas_dry,0.0,billion_cubic_feet,EIA_INTL_v2:productId=26
ESH,2016,natural_gas_dry,0.0,billion_cubic_feet,EIA_INTL_v2:productId=26
ESP,2016,natural_gas_dry,1.9070124,billion_cubic_feet,EIA_INTL_v2:productId=26
EST,2016,natural_gas_dry,0.0,billion_cubic_feet,EIA_INTL_v2:productId=26
ETH,2016,natural_gas_dry,0.0,billion_cubic_feet,EIA_INTL_v2:productId=26
FIN,2016,natural_gas_dry,0.0,billion_cubic_feet,EIA_INTL_v2:productId=26
FJI,2016,natural_gas_dry,0.0,billion_cubic_feet,EIA_INTL_v2:productId=26
FLK,2016,natural_gas_dry,0.0,billion_cubic_feet,EIA_INTL_v2:productId=26
FRA,2016,natural_gas_dry,0.7063003,billion_cubic_feet,EIA_INTL_v2:productId=26
FRO,2016,natural_gas_dry,0.0,billion_cubic_feet,EIA_INTL_v2:productId=26
FSM,2016,natural_gas_dry,0.0,billion_cubic_feet,EIA_INTL_v2:productId=26
GAB,2016,natural_gas_dry,19.46193117,billion_cubic_feet,EIA_INTL_v2:productId=26
GBR,2016,natural_gas_dry,1470.373619,billion_cubic_feet,EIA_INTL_v2:productId=26
GEO,2016,natural_gas_dry,0.22473181818182,billion_cubic_feet,EIA_INTL_v2:productId=26
GHA,2016,natural_gas_dry,22.48429829,billion_cubic_feet,EIA_INTL_v2:productId=26
GIB,2016,natural_gas_dry,0.0,billion_cubic_feet,EIA_INTL_v2:productId=26
GIN,2016,natural_gas_dry,0.0,billion_cubic_feet,EIA_INTL_v2:productId=26
GMB,2016,natural_gas_dry,0.0,billion_cubic_feet,EIA_INTL_v2:productId=26
GNB,2016,natural_gas_dry,0.0,billion_cubic_feet,EIA_INTL_v2:productId=26
GNQ,2016,natural_gas_dry,278.1408098,billion_cubic_feet,EIA_INTL_v2:productId=26
GRC,2016,natural_gas_dry,0.3178335,billion_cubic_feet,EIA_INTL_v2:productId=26
GRD,2016,natural_gas_dry,0.0,billion_cubic_feet,EIA_INTL_v2:productId=26
GRL,2016,natural_gas_dry,0.0,billion_cubic_feet,EIA_INTL_v2:productId=26
GTM,2016,natural_gas_dry,0.0,billion_cubic_feet,EIA_INTL_v2:productId=26
GUM,2016,natural_gas_dry,0.0,billion_cubic_feet,EIA_INTL_v2:productId=26
GUY,2016,natural_gas_dry,0.0,billion_cubic_feet,EIA_INTL_v2:productId=26
HKG,2016,natural_gas_dry,0.0,billion_cubic_feet,EIA_INTL_v2:productId=26
HND,2016,natural_gas_dry,0.0,billion_cubic_feet,EIA_INTL_v2:productId=26
HRV,2016,natural_gas_dry,42.7665064,billion_cubic_feet,EIA_INTL_v2:productId=26
HTI,2016,natural_gas_dry,0.0,billion_cubic_feet,EIA_INTL_v2:productId=26
HUN,2016,natural_gas_dry,65.0148943,billion_cubic_feet,EIA_INTL_v2:productId=26
IDN,2016,natural_gas_dry,2533.2512151,billion_cubic_feet,EIA_INTL_v2:productId=26
IND,2016,natural_gas_dry,1091.9398969,billion_cubic_feet,EIA_INTL_v2:productId=26
IRL,2016,natural_gas_dry,108.3808539,billion_cubic_feet,EIA_INTL_v2:productId=26
IRN,2016,natural_gas_dry,7082.8069867,billion_cubic_feet,EIA_INTL_v2:productId=26
IRQ,2016,natural_gas_dry,335.984429,billion_cubic_feet,EIA_INTL_v2:productId=26
ISL,2016,natural_gas_dry,0.0,billion_cubic_feet,EIA_INTL_v2:productId=26
ISR,2016,natural_gas_dry,336.198494,billion_cubic_feet,EIA_INTL_v2:productId=26
ITA,2016,natural_gas_dry,204.2975708,billion_cubic_feet,EIA_INTL_v2:productId=26
JAM,2016,natural_gas_dry,0.0,billion_cubic_feet,EIA_INTL_v2:productId=26
JOR,2016,natural_gas_dry,4.5203269,billion_cubic_feet,EIA_INTL_v2:productId=26
JPN,2016,natural_gas_dry,102.8372545,billion_cubic_feet,EIA_INTL_v2:productId=26
KAZ,2016,natural_gas_dry,750.90282610001,billion_cubic_feet,EIA_INTL_v2:productId=26
KEN,2016,natural_gas_dry,0.0,billion_cubic_feet,EIA_INTL_v2:productId=26
KGZ,2016,natural_gas_dry,0.9601265625,billion_cubic_feet,EIA_INTL_v2:productId=26
KHM,2016,natural_gas_dry,0.0,billion_cubic_feet,EIA_INTL_v2:productId=26
KIR,2016,natural_gas_dry,0.0,billion_cubic_feet,EIA_INTL_v2:productId=26
KNA,2016,natural_gas_dry,0.0,billion_cubic_feet,EIA_INTL_v2:productId=26
KOR,2016,natural_gas_dry,5.4364275023427,billion_cubic_feet,EIA_INTL_v2:productId=26
KWT,2016,natural_gas_dry,610.6315504,billion_cubic_feet,EIA_INTL_v2:productId=26
LAO,2016,natural_gas_dry,0.0,billion_cubic_feet,EIA_INTL_v2:productId=26
LBN,2016,natural_gas_dry,0.0,billion_cubic_feet,EIA_INTL_v2:productId=26
LBR,2016,natural_gas_dry,0.0,billion_cubic_feet,EIA_INTL_v2:productId=26
LBY,2016,natural_gas_dry,628.9864547,billion_cubic_feet,EIA_INTL_v2:productId=26
LCA,2016,natural_gas_dry,0.0,billion_cubic_feet,EIA_INTL_v2:productId=26
LKA,2016,natural_gas_dry,0.0,billion_cubic_feet,EIA_INTL_v2:productId=26
LSO,2016,natural_gas_dry,0.0,billion_cubic_feet,EIA_INTL_v2:productId=26
LTU,2016,natural_gas_dry,0.0,billion_cubic_feet,EIA_INTL_v2:productId=26
LUX,2016,natural_gas_dry,0.0,billion_cubic_feet,EIA_INTL_v2:productId=26
LVA,2016,natural_gas_dry,0.0,billion_cubic_feet,EIA_INTL_v2:productId=26
MAC,2016,natural_gas_dry,0.0,billion_cubic_feet,EIA_INTL_v2:productId=26
MAR,2016,natural_gas_dry,3.0370924,billion_cubic_feet,EIA_INTL_v2:productId=26
MDA,2016,natural_gas_dry,0.00341208,billion_cubic_feet,EIA_INTL_v2:productId=26
MDG,2016,natural_gas_dry,0.0,billion_cubic_feet,EIA_INTL_v2:productId=26
MDV,2016,natural_gas_dry,0.0,billion_cubic_feet,EIA_INTL_v2:productId=26
MEX,2016,natural_gas_dry,1295.910108,billion_cubic_feet,EIA_INTL_v2:productId=26
MKD,2016,natural_gas_dry,0.0,billion_cubic_feet,EIA_INTL_v2:productId=26
MLI,2016,natural_gas_dry,0.0,billion_cubic_feet,EIA_INTL_v2:productId=26
MLT,2016,natural_gas_dry,0.0,billion_cubic_feet,EIA_INTL_v2:productId=26
MMR,2016,natural_gas_dry,669.6072767,billion_cubic_feet,EIA_INTL_v2:productId=26
MNE,2016,natural_gas_dry,0.0,billion_cubic_feet,EIA_INTL_v2:productId=26
MNG,2016,natural_gas_dry,0.0,billion_cubic_feet,EIA_INTL_v2:productId=26
MNP,2016,natural_gas_dry,0.0,billion_cubic_feet,EIA_INTL_v2:productId=26
MOZ,2016,natural_gas_dry,204.4738215,billion_cubic_feet,EIA_INTL_v2:productId=26
MRT,2016,natural_gas_dry,0.0,billion_cubic_feet,EIA_INTL_v2:productId=26
MSR,2016,natural_gas_dry,0.0,billion_cubic_feet,EIA_INTL_v2:productId=26
MUS,2016,natural_gas_dry,0.0,billion_cubic_feet,EIA_INTL_v2:productId=26
MWI,2016,natural_gas_dry,0.0,billion_cubic_feet,EIA_INTL_v2:productId=26
MYS,2016,natural_gas_dry,2214.4272934,billion_cubic_feet,EIA_INTL_v2:productId=26
NAM,2016,natural_gas_dry,0.0,billion_cubic_feet,EIA_INTL_v2:productId=26
NCL,2016,natural_gas_dry,0.0,billion_cubic_feet,EIA_INTL_v2:productId=26
NER,2016,natural_gas_dry,0.0,billion_cubic_feet,EIA_INTL_v2:productId=26
NGA,2016,natural_gas_dry,1474.7554164,billion_cubic_feet,EIA_INTL_v2:productId=26
NIC,2016,natural_gas_dry,0.0,billion_cubic_feet,EIA_INTL_v2:productId=26
NIU,2016,natural_gas_dry,0.0,billion_cubic_feet,EIA_INTL_v2:productId=26
NLD,2016,natural_gas_dry,1840.1592759,billion_cubic_feet,EIA_INTL_v2:productId=26
NOR,2016,natural_gas_dry,4307.937017,billion_cubic_feet,EIA_INTL_v2:productId=26
NPL,2016,natural_gas_dry,0.0,billion_cubic_feet,EIA_INTL_v2:productId=26
NRU,2016,natural_gas_dry,0.0,billion_cubic_feet,EIA_INTL_v2:productId=26
NZL,2016,natural_gas_dry,178.9057564,billion_cubic_feet,EIA_INTL_v2:productId=26
OMN,2016,natural_gas_dry,1076.401035,billion_cubic_feet,EIA_INTL_v2:productId=26
PAK,2016,natural_gas_dry,1339.96037,billion_cubic_feet,EIA_INTL_v2:productId=26
PAN,2016,natural_gas_dry,0.0,billion_cubic_feet,EIA_INTL_v2:productId=26
PER,2016,natural_gas_dry,495.63752,billion_cubic_feet,EIA_INTL_v2:productId=26
PHL,2016,natural_gas_dry,134.4903953,billion_cubic_feet,EIA_INTL_v2:productId=26
PNG,2016,natural_gas_dry,388.2615,billion_cubic_feet,EIA_INTL_v2:productId=26
POL,2016,natural_gas_dry,206.5222052,billion_cubic_feet,EIA_INTL_v2:productId=26
PRI,2016,natural_gas_dry,0.0,billion_cubic_feet,EIA_INTL_v2:productId=26
PRK,2016,natural_gas_dry,0.0,billion_cubic_feet,EIA_INTL_v2:productId=26
PRT,2016,natural_gas_dry,0.0,billion_cubic_feet,EIA_INTL_v2:productId=26
PRY,2016,natural_gas_dry,0.0,billion_cubic_feet,EIA_INTL_v2:productId=26
PSE,2016,natural_gas_dry,0.0,billion_cubic_feet,EIA_INTL_v2:productId=26
PYF,2016,natural_gas_dry,0.0,billion_cubic_feet,EIA_INTL_v2:productId=26
QAT,2016,natural_gas_dry,5868.8579501,billion_cubic_feet,EIA_INTL_v2:productId=26
ROU,2016,natural_gas_dry,336.1638693,billion_cubic_feet,EIA_INTL_v2:productId=26
RUS,2016,natural_gas_dry,21750.0475459,billion_cubic_feet,EIA_INTL_v2:productId=26
RWA,2016,natural_gas_dry,1.019263,billion_cubic_feet,EIA_INTL_v2:productId=26
SAU,2016,natural_gas_dry,3739.1158233,billion_cubic_feet,EIA_INTL_v2:productId=26
SDN,2016,natural_gas_dry,0.0,billion_cubic_feet,EIA_INTL_v2:productId=26
SEN,2016,natural_gas_dry,2.1189006,billion_cubic_feet,EIA_INTL_v2:productId=26
SGP,2016,natural_gas_dry,0.0,billion_cubic_feet,EIA_INTL_v2:productId=26
SHN,2016,natural_gas_dry,0.0,billion_cubic_feet,EIA_INTL_v2:productId=26
SLB,2016,natural_gas_dry,0.0,billion_cubic_feet,EIA_INTL_v2:productId=26
SLE,2016,natural_gas_dry,0.0,billion_cubic_feet,EIA_INTL_v2:productId=26
SLV,2016,natural_gas_dry,0.0,billion_cubic_feet,EIA_INTL_v2:productId=26
SOM,2016,natural_gas_dry,0.0,billion_cubic_feet,EIA_INTL_v2:productId=26
SPM,2016,natural_gas_dry,0.0,billion_cubic_feet,EIA_INTL_v2:productId=26
SRB,2016,natural_gas_dry,19.423265,billion_cubic_feet,EIA_INTL_v2:productId=26
SSD,2016,natural_gas_dry,0.0,billion_cubic_feet,EIA_INTL_v2:productId=26
STP,2016,natural_gas_dry,0.0,billion_cubic_feet,EIA_INTL_v2:productId=26
SUR,2016,natural_gas_dry,0.175735,billion_cubic_feet,EIA_INTL_v2:productId=26
SVK,2016,natural_gas_dry,3.2842953,billion_cubic_feet,EIA_INTL_v2:productId=26
SVN,2016,natural_gas_dry,0.1765744,billion_cubic_feet,EIA_INTL_v2:productId=26
SWE,2016,natural_gas_dry,0.0,billion_cubic_feet,EIA_INTL_v2:productId=26
SWZ,2016,natural_gas_dry,0.0,billion_cubic_feet,EIA_INTL_v2:productId=26
SYC,2016,natural_gas_dry,0.0,billion_cubic_feet,EIA_INTL_v2:productId=26
SYR,2016,natural_gas_dry,132.431415,billion_cubic_feet,EIA_INTL_v2:productId=26
TCA,2016,natural_gas_dry,0.0,billion_cubic_feet,EIA_INTL_v2:productId=26
TCD,2016,natural_gas_dry,0.0,billion_cubic_feet,EIA_INTL_v2:productId=26
TGO,2016,natural_gas_dry,0.0,billion_cubic_feet,EIA_INTL_v2:productId=26
THA,2016,natural_gas_dry,1383.7125208,billion_cubic_feet,EIA_INTL_v2:productId=26
TJK,2016,natural_gas_dry,0.67082734375,billion_cubic_feet,EIA_INTL_v2:productId=26
TKM,2016,natural_gas_dry,2692.134259,billion_cubic_feet,EIA_INTL_v2:productId=26
TLS,2016,natural_gas_dry,222.8004423,billion_cubic_feet,EIA_INTL_v2:productId=26
TON,2016,natural_gas_dry,0.0,billion_cubic_feet,EIA_INTL_v2:productId=26
TTO,2016,natural_gas_dry,1136.613618,billion_cubic_feet,EIA_INTL_v2:productId=26
TUN,2016,natural_gas_dry,48.3462968,billion_cubic_feet,EIA_INTL_v2:productId=26
TUR,2016,natural_gas_dry,12.9606092,billion_cubic_feet,EIA_INTL_v2:productId=26
TUV,2016,natural_gas_dry,0.0,billion_cubic_feet,EIA_INTL_v2:productId=26
TWN,2016,natural_gas_dry,10.2060491,billion_cubic_feet,EIA_INTL_v2:productId=26
TZA,2016,natural_gas_dry,31.755,billion_cubic_feet,EIA_INTL_v2:productId=26
UGA,2016,natural_gas_dry,0.0,billion_cubic_feet,EIA_INTL_v2:productId=26
UKR,2016,natural_gas_dry,696.052737,billion_cubic_feet,EIA_INTL_v2:productId=26
URY,2016,natural_gas_dry,0.0,billion_cubic_feet,EIA_INTL_v2:productId=26
USA,2016,natural_gas_dry,26592.11501,billion_cubic_feet,EIA_INTL_v2:productId=26
UZB,2016,natural_gas_dry,1823.314671,billion_cubic_feet,EIA_INTL_v2:productId=26
VCT,2016,natural_gas_dry,0.0,billion_cubic_feet,EIA_INTL_v2:productId=26
VEN,2016,natural_gas_dry,971.9389743,billion_cubic_feet,EIA_INTL_v2:productId=26
VGB,2016,natural_gas_dry,0.0,billion_cubic_feet,EIA_INTL_v2:productId=26
VIR,2016,natural_gas_dry,0.0,billion_cubic_feet,EIA_INTL_v2:productId=26
VNM,2016,natural_gas_dry,356.0149068,billion_cubic_feet,EIA_INTL_v2:productId=26
VUT,2016,natural_gas_dry,0.0,billion_cubic_feet,EIA_INTL_v2:productId=26
WAK,2016,natural_gas_dry,0.0,billion_cubic_feet,EIA_INTL_v2:productId=26
WSM,2016,natural_gas_dry,0.0,billion_cubic_feet,EIA_INTL_v2:productId=26
XKS,2016,natural_gas_dry,0.0,billion_cubic_feet,EIA_INTL_v2:productId=26
YEM,2016,natural_gas_dry,17.2338166,billion_cubic_feet,EIA_INTL_v2:productId=26
ZAF,2016,natural_gas_dry,34.2909037,billion_cubic_feet,EIA_INTL_v2:productId=26
ZMB,2016,natural_gas_dry,0.0,billion_cubic_feet,EIA_INTL_v2:productId=26
ZWE,2016,natural_gas_dry,0.0,billion_cubic_feet,EIA_INTL_v2:productId=26
ABW,2017,natural_gas_dry,0.0,billion_cubic_feet,EIA_INTL_v2:productId=26
AFG,2017,natural_gas_dry,5.51262467,billion_cubic_feet,EIA_INTL_v2:productId=26
AGO,2017,natural_gas_dry,203.8526,billion_cubic_feet,EIA_INTL_v2:productId=26
ALB,2017,natural_gas_dry,1.765735,billion_cubic_feet,EIA_INTL_v2:productId=26
ARE,2017,natural_gas_dry,1927.735689,billion_cubic_feet,EIA_INTL_v2:productId=26
ARG,2017,natural_gas_dry,1444.8765558,billion_cubic_feet,EIA_INTL_v2:productId=26
ARM,2017,natural_gas_dry,0.0,billion_cubic_feet,EIA_INTL_v2:productId=26
ASM,2017,natural_gas_dry,0.0,billion_cubic_feet,EIA_INTL_v2:productId=26
ATA,2017,natural_gas_dry,0.0,billion_cubic_feet,EIA_INTL_v2:productId=26
ATG,2017,natural_gas_dry,0.0,billion_cubic_feet,EIA_INTL_v2:productId=26
AUS,2017,natural_gas_dry,3851.32231,billion_cubic_feet,EIA_INTL_v2:productId=26
AUT,2017,natural_gas_dry,44.8143543,billion_cubic_feet,EIA_INTL_v2:productId=26
AZE,2017,natural_gas_dry,598.5542503,billion_cubic_feet,EIA_INTL_v2:productId=26
BDI,2017,natural_gas_dry,0.0,billion_cubic_feet,EIA_INTL_v2:productId=26
BEL,2017,natural_gas_dry,0.0,billion_cubic_feet,EIA_INTL_v2:productId=26
BEN,2017,natural_gas_dry,0.0,billion_cubic_feet,EIA_INTL_v2:productId=26
BFA,2017,natural_gas_dry,0.0,billion_cubic_feet,EIA_INTL_v2:productId=26
BGD,2017,natural_gas_dry,981.8,billion_cubic_feet,EIA_INTL_v2:productId=26
BGR,2017,natural_gas_dry,2.825176,billion_cubic_feet,EIA_INTL_v2:productId=26
BHR,2017,natural_gas_dry,561.1199183,billion_cubic_feet,EIA_INTL_v2:productId=26
BHS,2017,natural_gas_dry,0.0,billion_cubic_feet,EIA_INTL_v2:productId=26
BIH,2017,natural_gas_dry,0.0,billion_cubic_feet,EIA_INTL_v2:productId=26
BLR,2017,natural_gas_dry,2.0835763,billion_cubic_feet,EIA_INTL_v2:productId=26
BLZ,2017,natural_gas_dry,0.0,billion_cubic_feet,EIA_INTL_v2:productId=26
BMU,2017,natural_gas_dry,0.0,billion_cubic_feet,EIA_INTL_v2:productId=26
BOL,2017,natural_gas_dry,676.1332218,billion_cubic_feet,EIA_INTL_v2:productId=26
BRA,2017,natural_gas_dry,930.35847,billion_cubic_feet,EIA_INTL_v2:productId=26
BRB,2017,natural_gas_dry,0.520962454,billion_cubic_feet,EIA_INTL_v2:productId=26
BRN,2017,natural_gas_dry,450.1953956,billion_cubic_feet,EIA_INTL_v2:productId=26
BTN,2017,natural_gas_dry,0.0,billion_cubic_feet,EIA_INTL_v2:productId=26
BWA,2017,natural_gas_dry,0.0,billion_cubic_feet,EIA_INTL_v2:productId=26
CAF,2017,natural_gas_dry,0.0,billion_cubic_feet,EIA_INTL_v2:productId=26
CAN,2017,natural_gas_dry,6217.703507,billion_cubic_feet,EIA_INTL_v2:productId=26
CHE,2017,natural_gas_dry,0.0,billion_cubic_feet,EIA_INTL_v2:productId=26
CHL,2017,natural_gas_dry,43.2254952,billion_cubic_feet,EIA_INTL_v2:productId=26
CHN,2017,natural_gas_dry,5358.897365,billion_cubic_feet,EIA_INTL_v2:productId=26
CIV,2017,natural_gas_dry,81.5775759,billion_cubic_feet,EIA_INTL_v2:productId=26
CMR,2017,natural_gas_dry,21.694197,billion_cubic_feet,EIA_INTL_v2:productId=26
COD,2017,natural_gas_dry,0.0,billion_cubic_feet,EIA_INTL_v2:productId=26
COG,2017,natural_gas_dry,30.37484613,billion_cubic_feet,EIA_INTL_v2:productId=26
COK,2017,natural_gas_dry,0.0,billion_cubic_feet,EIA_INTL_v2:productId=26
COL,2017,natural_gas_dry,373.4576215,billion_cubic_feet,EIA_INTL_v2:productId=26
COM,2017,natural_gas_dry,0.0,billion_cubic_feet,EIA_INTL_v2:productId=26
CPV,2017,natural_gas_dry,0.0,billion_cubic_feet,EIA_INTL_v2:productId=26
CRI,2017,natural_gas_dry,0.0,billion_cubic_feet,EIA_INTL_v2:productId=26
CUB,2017,natural_gas_dry,37.3081406,billion_cubic_feet,EIA_INTL_v2:productId=26
CYM,2017,natural_gas_dry,0.0,billion_cubic_feet,EIA_INTL_v2:productId=26
CYP,2017,natural_gas_dry,0.0,billion_cubic_feet,EIA_INTL_v2:productId=26
CZE,2017,natural_gas_dry,8.0871404,billion_cubic_feet,EIA_INTL_v2:productId=26
DEU,2017,natural_gas_dry,291.2614901,billion_cubic_feet,EIA_INTL_v2:productId=26
DJI,2017,natural_gas_dry,0.0,billion_cubic_feet,EIA_INTL_v2:productId=26
DMA,2017,natural_gas_dry,0.0,billion_cubic_feet,EIA_INTL_v2:productId=26
DNK,2017,natural_gas_dry,170.7832746,billion_cubic_feet,EIA_INTL_v2:productId=26
DOM,2017,natural_gas_dry,0.0,billion_cubic_feet,EIA_INTL_v2:productId=26
DZA,2017,natural_gas_dry,3364.615825,billion_cubic_feet,EIA_INTL_v2:productId=26
ECU,2017,natural_gas_dry,16.872369837093,billion_cubic_feet,EIA_INTL_v2:productId=26
EGY,2017,natural_gas_dry,1796.0129963,billion_cubic_feet,EIA_INTL_v2:productId=26
ERI,2017,natural_gas_dry,0.0,billion_cubic_feet,EIA_INTL_v2:productId=26
ESH,2017,natural_gas_dry,0.0,billion_cubic_feet,EIA_INTL_v2:productId=26
ESP,2017,natural_gas_dry,1.2360145,billion_cubic_feet,EIA_INTL_v2:productId=26
EST,2017,natural_gas_dry,0.0,billion_cubic_feet,EIA_INTL_v2:productId=26
ETH,2017,natural_gas_dry,0.0,billion_cubic_feet,EIA_INTL_v2:productId=26
FIN,2017,natural_gas_dry,0.0,billion_cubic_feet,EIA_INTL_v2:productId=26
FJI,2017,natural_gas_dry,0.0,billion_cubic_feet,EIA_INTL_v2:productId=26
FLK,2017,natural_gas_dry,0.0,billion_cubic_feet,EIA_INTL_v2:productId=26
FRA,2017,natural_gas_dry,0.5650415,billion_cubic_feet,EIA_INTL_v2:productId=26
FRO,2017,natural_gas_dry,0.0,billion_cubic_feet,EIA_INTL_v2:productId=26
FSM,2017,natural_gas_dry,0.0,billion_cubic_feet,EIA_INTL_v2:productId=26
GAB,2017,natural_gas_dry,17.19731529,billion_cubic_feet,EIA_INTL_v2:productId=26
GBR,2017,natural_gas_dry,1486.174952,billion_cubic_feet,EIA_INTL_v2:productId=26
GEO,2017,natural_gas_dry,0.26004651818182,billion_cubic_feet,EIA_INTL_v2:productId=26
GHA,2017,natural_gas_dry,32.24344053,billion_cubic_feet,EIA_INTL_v2:productId=26
GIB,2017,natural_gas_dry,0.0,billion_cubic_feet,EIA_INTL_v2:productId=26
GIN,2017,natural_gas_dry,0.0,billion_cubic_feet,EIA_INTL_v2:productId=26
GMB,2017,natural_gas_dry,0.0,billion_cubic_feet,EIA_INTL_v2:productId=26
GNB,2017,natural_gas_dry,0.0,billion_cubic_feet,EIA_INTL_v2:productId=26
GNQ,2017,natural_gas_dry,293.3378299,billion_cubic_feet,EIA_INTL_v2:productId=26
GRC,2017,natural_gas_dry,0.2825188,billion_cubic_feet,EIA_INTL_v2:productId=26
GRD,2017,natural_gas_dry,0.0,billion_cubic_feet,EIA_INTL_v2:productId=26
GRL,2017,natural_gas_dry,0.0,billion_cubic_feet,EIA_INTL_v2:productId=26
GTM,2017,natural_gas_dry,0.0,billion_cubic_feet,EIA_INTL_v2:productId=26
GUM,2017,natural_gas_dry,0.0,billion_cubic_feet,EIA_INTL_v2:productId=26
GUY,2017,natural_gas_dry,0.0,billion_cubic_feet,EIA_INTL_v2:productId=26
HKG,2017,natural_gas_dry,0.0,billion_cubic_feet,EIA_INTL_v2:productId=26
HND,2017,natural_gas_dry,0.0,billion_cubic_feet,EIA_INTL_v2:productId=26
HRV,2017,natural_gas_dry,37.0102103,billion_cubic_feet,EIA_INTL_v2:productId=26
HTI,2017,natural_gas_dry,0.0,billion_cubic_feet,EIA_INTL_v2:productId=26
HUN,2017,natural_gas_dry,64.2026562,billion_cubic_feet,EIA_INTL_v2:productId=26
IDN,2017,natural_gas_dry,2546.3176541,billion_cubic_feet,EIA_INTL_v2:productId=26
IND,2017,natural_gas_dry,1113.7643815,billion_cubic_feet,EIA_INTL_v2:productId=26
IRL,2017,natural_gas_dry,124.2371542,billion_cubic_feet,EIA_INTL_v2:productId=26
IRN,2017,natural_gas_dry,7597.867282,billion_cubic_feet,EIA_INTL_v2:productId=26
IRQ,2017,natural_gas_dry,343.753663,billion_cubic_feet,EIA_INTL_v2:productId=26
ISL,2017,natural_gas_dry,0.0,billion_cubic_feet,EIA_INTL_v2:productId=26
ISR,2017,natural_gas_dry,352.4121566,billion_cubic_feet,EIA_INTL_v2:productId=26
ITA,2017,natural_gas_dry,195.5748399,billion_cubic_feet,EIA_INTL_v2:productId=26
JAM,2017,natural_gas_dry,0.0,billion_cubic_feet,EIA_INTL_v2:productId=26
JOR,2017,natural_gas_dry,4.3437534,billion_cubic_feet,EIA_INTL_v2:productId=26
JPN,2017,natural_gas_dry,107.5694243,billion_cubic_feet,EIA_INTL_v2:productId=26
KAZ,2017,natural_gas_dry,791.475423616,billion_cubic_feet,EIA_INTL_v2:productId=26
KEN,2017,natural_gas_dry,0.0,billion_cubic_feet,EIA_INTL_v2:productId=26
KGZ,2017,natural_gas_dry,0.9601265625,billion_cubic_feet,EIA_INTL_v2:productId=26
KHM,2017,natural_gas_dry,0.0,billion_cubic_feet,EIA_INTL_v2:productId=26
KIR,2017,natural_gas_dry,0.0,billion_cubic_feet,EIA_INTL_v2:productId=26
KNA,2017,natural_gas_dry,0.0,billion_cubic_feet,EIA_INTL_v2:productId=26
KOR,2017,natural_gas_dry,12.02464049247,billion_cubic_feet,EIA_INTL_v2:productId=26
KWT,2017,natural_gas_dry,596.546,billion_cubic_feet,EIA_INTL_v2:productId=26
LAO,2017,natural_gas_dry,0.0,billion_cubic_feet,EIA_INTL_v2:productId=26
LBN,2017,natural_gas_dry,0.0,billion_cubic_feet,EIA_INTL_v2:productId=26
LBR,2017,natural_gas_dry,0.0,billion_cubic_feet,EIA_INTL_v2:productId=26
LBY,2017,natural_gas_dry,656.0721673,billion_cubic_feet,EIA_INTL_v2:productId=26
LCA,2017,natural_gas_dry,0.0,billion_cubic_feet,EIA_INTL_v2:productId=26
LKA,2017,natural_gas_dry,0.0,billion_cubic_feet,EIA_INTL_v2:productId=26
LSO,2017,natural_gas_dry,0.0,billion_cubic_feet,EIA_INTL_v2:productId=26
LTU,2017,natural_gas_dry,0.0,billion_cubic_feet,EIA_INTL_v2:productId=26
LUX,2017,natural_gas_dry,0.0,billion_cubic_feet,EIA_INTL_v2:productId=26
LVA,2017,natural_gas_dry,0.0,billion_cubic_feet,EIA_INTL_v2:productId=26
MAC,2017,natural_gas_dry,0.0,billion_cubic_feet,EIA_INTL_v2:productId=26
MAR,2017,natural_gas_dry,3.0724071,billion_cubic_feet,EIA_INTL_v2:productId=26
MDA,2017,natural_gas_dry,0.003408289,billion_cubic_feet,EIA_INTL_v2:productId=26
MDG,2017,natural_gas_dry,0.0,billion_cubic_feet,EIA_INTL_v2:productId=26
MDV,2017,natural_gas_dry,0.0,billion_cubic_feet,EIA_INTL_v2:productId=26
MEX,2017,natural_gas_dry,1114.76694,billion_cubic_feet,EIA_INTL_v2:productId=26
MKD,2017,natural_gas_dry,0.0,billion_cubic_feet,EIA_INTL_v2:productId=26
MLI,2017,natural_gas_dry,0.0,billion_cubic_feet,EIA_INTL_v2:productId=26
MLT,2017,natural_gas_dry,0.0,billion_cubic_feet,EIA_INTL_v2:productId=26
MMR,2017,natural_gas_dry,649.5132124,billion_cubic_feet,EIA_INTL_v2:productId=26
MNE,2017,natural_gas_dry,0.0,billion_cubic_feet,EIA_INTL_v2:productId=26
MNG,2017,natural_gas_dry,0.0,billion_cubic_feet,EIA_INTL_v2:productId=26
MNP,2017,natural_gas_dry,0.0,billion_cubic_feet,EIA_INTL_v2:productId=26
MOZ,2017,natural_gas_dry,211.7486497,billion_cubic_feet,EIA_INTL_v2:productId=26
MRT,2017,natural_gas_dry,0.0,billion_cubic_feet,EIA_INTL_v2:productId=26
MSR,2017,natural_gas_dry,0.0,billion_cubic_feet,EIA_INTL_v2:productId=26
MUS,2017,natural_gas_dry,0.0,billion_cubic_feet,EIA_INTL_v2:productId=26
MWI,2017,natural_gas_dry,0.0,billion_cubic_feet,EIA_INTL_v2:productId=26
MYS,2017,natural_gas_dry,2316.362227,billion_cubic_feet,EIA_INTL_v2:productId=26
NAM,2017,natural_gas_dry,0.0,billion_cubic_feet,EIA_INTL_v2:productId=26
NCL,2017,natural_gas_dry,0.0,billion_cubic_feet,EIA_INTL_v2:productId=26
NER,2017,natural_gas_dry,0.0,billion_cubic_feet,EIA_INTL_v2:productId=26
NGA,2017,natural_gas_dry,1570.7760857,billion_cubic_feet,EIA_INTL_v2:productId=26
NIC,2017,natural_gas_dry,0.0,billion_cubic_feet,EIA_INTL_v2:productId=26
NIU,2017,natural_gas_dry,0.0,billion_cubic_feet,EIA_INTL_v2:productId=26
NLD,2017,natural_gas_dry,1600.5490364,billion_cubic_feet,EIA_INTL_v2:productId=26
NOR,2017,natural_gas_dry,4577.344346,billion_cubic_feet,EIA_INTL_v2:productId=26
NPL,2017,natural_gas_dry,0.0,billion_cubic_feet,EIA_INTL_v2:productId=26
NRU,2017,natural_gas_dry,0.0,billion_cubic_feet,EIA_INTL_v2:productId=26
NZL,2017,natural_gas_dry,180.3536591,billion_cubic_feet,EIA_INTL_v2:productId=26
OMN,2017,natural_gas_dry,1102.70342356,billion_cubic_feet,EIA_INTL_v2:productId=26
PAK,2017,natural_gas_dry,1339.000512,billion_cubic_feet,EIA_INTL_v2:productId=26
PAN,2017,natural_gas_dry,0.0,billion_cubic_feet,EIA_INTL_v2:productId=26
PER,2017,natural_gas_dry,458.66487,billion_cubic_feet,EIA_INTL_v2:productId=26
PHL,2017,natural_gas_dry,132.5854279,billion_cubic_feet,EIA_INTL_v2:productId=26
PNG,2017,natural_gas_dry,395.38612962963,billion_cubic_feet,EIA_INTL_v2:productId=26
POL,2017,natural_gas_dry,203.3438822,billion_cubic_feet,EIA_INTL_v2:productId=26
PRI,2017,natural_gas_dry,0.0,billion_cubic_feet,EIA_INTL_v2:productId=26
PRK,2017,natural_gas_dry,0.0,billion_cubic_feet,EIA_INTL_v2:productId=26
PRT,2017,natural_gas_dry,0.0,billion_cubic_feet,EIA_INTL_v2:productId=26
PRY,2017,natural_gas_dry,0.0,billion_cubic_feet,EIA_INTL_v2:productId=26
PSE,2017,natural_gas_dry,0.0,billion_cubic_feet,EIA_INTL_v2:productId=26
PYF,2017,natural_gas_dry,0.0,billion_cubic_feet,EIA_INTL_v2:productId=26
QAT,2017,natural_gas_dry,5874.8261344,billion_cubic_feet,EIA_INTL_v2:productId=26
ROU,2017,natural_gas_dry,363.2587619,billion_cubic_feet,EIA_INTL_v2:productId=26
RUS,2017,natural_gas_dry,23539.30276,billion_cubic_feet,EIA_INTL_v2:productId=26
RWA,2017,natural_gas_dry,1.057889553,billion_cubic_feet,EIA_INTL_v2:productId=26
SAU,2017,natural_gas_dry,3858.867971,billion_cubic_feet,EIA_INTL_v2:productId=26
SDN,2017,natural_gas_dry,0.0,billion_cubic_feet,EIA_INTL_v2:productId=26
SEN,2017,natural_gas_dry,2.1189006,billion_cubic_feet,EIA_INTL_v2:productId=26
SGP,2017,natural_gas_dry,0.0,billion_cubic_feet,EIA_INTL_v2:productId=26
SHN,2017,natural_gas_dry,0.0,billion_cubic_feet,EIA_INTL_v2:productId=26
SLB,2017,natural_gas_dry,0.0,billion_cubic_feet,EIA_INTL_v2:productId=26
SLE,2017,natural_gas_dry,0.0,billion_cubic_feet,EIA_INTL_v2:productId=26
SLV,2017,natural_gas_dry,0.0,billion_cubic_feet,EIA_INTL_v2:productId=26
SOM,2017,natural_gas_dry,0.0,billion_cubic_feet,EIA_INTL_v2:productId=26
SPM,2017,natural_gas_dry,0.0,billion_cubic_feet,EIA_INTL_v2:productId=26
SRB,2017,natural_gas_dry,18.0813064,billion_cubic_feet,EIA_INTL_v2:productId=26
SSD,2017,natural_gas_dry,0.0,billion_cubic_feet,EIA_INTL_v2:productId=26
STP,2017,natural_gas_dry,0.0,billion_cubic_feet,EIA_INTL_v2:productId=26
SUR,2017,natural_gas_dry,0.181850578,billion_cubic_feet,EIA_INTL_v2:productId=26
SVK,2017,natural_gas_dry,5.026982602,billion_cubic_feet,EIA_INTL_v2:productId=26
SVN,2017,natural_gas_dry,0.2825185,billion_cubic_feet,EIA_INTL_v2:productId=26
SWE,2017,natural_gas_dry,0.0,billion_cubic_feet,EIA_INTL_v2:productId=26
SWZ,2017,natural_gas_dry,0.0,billion_cubic_feet,EIA_INTL_v2:productId=26
SYC,2017,natural_gas_dry,0.0,billion_cubic_feet,EIA_INTL_v2:productId=26
SYR,2017,natural_gas_dry,130.674065,billion_cubic_feet,EIA_INTL_v2:productId=26
TCA,2017,natural_gas_dry,0.0,billion_cubic_feet,EIA_INTL_v2:productId=26
TCD,2017,natural_gas_dry,0.0,billion_cubic_feet,EIA_INTL_v2:productId=26
TGO,2017,natural_gas_dry,0.0,billion_cubic_feet,EIA_INTL_v2:productId=26
THA,2017,natural_gas_dry,1363.1593654,billion_cubic_feet,EIA_INTL_v2:productId=26
TJK,2017,natural_gas_dry,0.6700390625,billion_cubic_feet,EIA_INTL_v2:productId=26
TKM,2017,natural_gas_dry,2735.208407144,billion_cubic_feet,EIA_INTL_v2:productId=26
TLS,2017,natural_gas_dry,204.2955395,billion_cubic_feet,EIA_INTL_v2:productId=26
TON,2017,natural_gas_dry,0.0,billion_cubic_feet,EIA_INTL_v2:productId=26
TTO,2017,natural_gas_dry,1159.964475,billion_cubic_feet,EIA_INTL_v2:productId=26
TUN,2017,natural_gas_dry,45.026715,billion_cubic_feet,EIA_INTL_v2:productId=26
TUR,2017,natural_gas_dry,12.5015181,billion_cubic_feet,EIA_INTL_v2:productId=26
TUV,2017,natural_gas_dry,0.0,billion_cubic_feet,EIA_INTL_v2:productId=26
TWN,2017,natural_gas_dry,8.4403141,billion_cubic_feet,EIA_INTL_v2:productId=26
TZA,2017,natural_gas_dry,33.434,billion_cubic_feet,EIA_INTL_v2:productId=26
UGA,2017,natural_gas_dry,0.0,billion_cubic_feet,EIA_INTL_v2:productId=26
UKR,2017,natural_gas_dry,696.7237163,billion_cubic_feet,EIA_INTL_v2:productId=26
URY,2017,natural_gas_dry,0.0,billion_cubic_feet,EIA_INTL_v2:productId=26
USA,2017,natural_gas_dry,27340.583495,billion_cubic_feet,EIA_INTL_v2:productId=26
UZB,2017,natural_gas_dry,1840.3427772545,billion_cubic_feet,EIA_INTL_v2:productId=26
VCT,2017,natural_gas_dry,0.0,billion_cubic_feet,EIA_INTL_v2:productId=26
VEN,2017,natural_gas_dry,956.3651916,billion_cubic_feet,EIA_INTL_v2:productId=26
VGB,2017,natural_gas_dry,0.0,billion_cubic_feet,EIA_INTL_v2:productId=26
VIR,2017,natural_gas_dry,0.0,billion_cubic_feet,EIA_INTL_v2:productId=26
VNM,2017,natural_gas_dry,328.6523709,billion_cubic_feet,EIA_INTL_v2:productId=26
VUT,2017,natural_gas_dry,0.0,billion_cubic_feet,EIA_INTL_v2:productId=26
WAK,2017,natural_gas_dry,0.0,billion_cubic_feet,EIA_INTL_v2:productId=26
WSM,2017,natural_gas_dry,0.0,billion_cubic_feet,EIA_INTL_v2:productId=26
XKS,2017,natural_gas_dry,0.0,billion_cubic_feet,EIA_INTL_v2:productId=26
YEM,2017,natural_gas_dry,10.2044166,billion_cubic_feet,EIA_INTL_v2:productId=26
ZAF,2017,natural_gas_dry,32.1013923,billion_cubic_feet,EIA_INTL_v2:productId=26
ZMB,2017,natural_gas_dry,0.0,billion_cubic_feet,EIA_INTL_v2:productId=26
ZWE,2017,natural_gas_dry,0.0,billion_cubic_feet,EIA_INTL_v2:productId=26
ABW,2018,natural_gas_dry,0.0,billion_cubic_feet,EIA_INTL_v2:productId=26
AFG,2018,natural_gas_dry,5.41021204,billion_cubic_feet,EIA_INTL_v2:productId=26
AGO,2018,natural_gas_dry,228.10403,billion_cubic_feet,EIA_INTL_v2:productId=26
ALB,2018,natural_gas_dry,1.515804683,billion_cubic_feet,EIA_INTL_v2:productId=26
ARE,2018,natural_gas_dry,1712.74149,billion_cubic_feet,EIA_INTL_v2:productId=26
ARG,2018,natural_gas_dry,1481.61671,billion_cubic_feet,EIA_INTL_v2:productId=26
ARM,2018,natural_gas_dry,0.0,billion_cubic_feet,EIA_INTL_v2:productId=26
ASM,2018,natural_gas_dry,0.0,billion_cubic_feet,EIA_INTL_v2:productId=26
ATA,2018,natural_gas_dry,0.0,billion_cubic_feet,EIA_INTL_v2:productId=26
ATG,2018,natural_gas_dry,0.0,billion_cubic_feet,EIA_INTL_v2:productId=26
AUS,2018,natural_gas_dry,4464.790648,billion_cubic_feet,EIA_INTL_v2:productId=26
AUT,2018,natural_gas_dry,36.42782697,billion_cubic_feet,EIA_INTL_v2:productId=26
AZE,2018,natural_gas_dry,634.442852,billion_cubic_feet,EIA_INTL_v2:productId=26
BDI,2018,natural_gas_dry,0.0,billion_cubic_feet,EIA_INTL_v2:productId=26
BEL,2018,natural_gas_dry,0.0,billion_cubic_feet,EIA_INTL_v2:productId=26
BEN,2018,natural_gas_dry,0.0,billion_cubic_feet,EIA_INTL_v2:productId=26
BFA,2018,natural_gas_dry,0.0,billion_cubic_feet,EIA_INTL_v2:productId=26
BGD,2018,natural_gas_dry,964.7,billion_cubic_feet,EIA_INTL_v2:productId=26
BGR,2018,natural_gas_dry,1.162071095,billion_cubic_feet,EIA_INTL_v2:productId=26
BHR,2018,natural_gas_dry,567.7568038,billion_cubic_feet,EIA_INTL_v2:productId=26
BHS,2018,natural_gas_dry,0.0,billion_cubic_feet,EIA_INTL_v2:productId=26
BIH,2018,natural_gas_dry,0.0,billion_cubic_feet,EIA_INTL_v2:productId=26
BLR,2018,natural_gas_dry,2.2241643,billion_cubic_feet,EIA_INTL_v2:productId=26
BLZ,2018,natural_gas_dry,0.0,billion_cubic_feet,EIA_INTL_v2:productId=26
BMU,2018,natural_gas_dry,0.0,billion_cubic_feet,EIA_INTL_v2:productId=26
BOL,2018,natural_gas_dry,631.7881941,billion_cubic_feet,EIA_INTL_v2:productId=26
BRA,2018,natural_gas_dry,860.2094797,billion_cubic_feet,EIA_INTL_v2:productId=26
BRB,2018,natural_gas_dry,1.019111613,billion_cubic_feet,EIA_INTL_v2:productId=26
BRN,2018,natural_gas_dry,446.6810034,billion_cubic_feet,EIA_INTL_v2:productId=26
BTN,2018,natural_gas_dry,0.0,billion_cubic_feet,EIA_INTL_v2:productId=26
BWA,2018,natural_gas_dry,0.0,billion_cubic_feet,EIA_INTL_v2:productId=26
CAF,2018,natural_gas_dry,0.0,billion_cubic_feet,EIA_INTL_v2:productId=26
CAN,2018,natural_gas_dry,6485.25285,billion_cubic_feet,EIA_INTL_v2:productId=26
CHE,2018,natural_gas_dry,0.0,billion_cubic_feet,EIA_INTL_v2:productId=26
CHL,2018,natural_gas_dry,44.06477041,billion_cubic_feet,EIA_INTL_v2:productId=26
CHN,2018,natural_gas_dry,5839.130074,billion_cubic_feet,EIA_INTL_v2:productId=26
CIV,2018,natural_gas_dry,75.43595397,billion_cubic_feet,EIA_INTL_v2:productId=26
CMR,2018,natural_gas_dry,56.841197,billion_cubic_feet,EIA_INTL_v2:productId=26
COD,2018,natural_gas_dry,0.0,billion_cubic_feet,EIA_INTL_v2:productId=26
COG,2018,natural_gas_dry,30.6178449,billion_cubic_feet,EIA_INTL_v2:productId=26
COK,2018,natural_gas_dry,0.0,billion_cubic_feet,EIA_INTL_v2:productId=26
COL,2018,natural_gas_dry,396.2708815,billion_cubic_feet,EIA_INTL_v2:productId=26
COM,2018,natural_gas_dry,0.0,billion_cubic_feet,EIA_INTL_v2:productId=26
CPV,2018,natural_gas_dry,0.0,billion_cubic_feet,EIA_INTL_v2:productId=26
CRI,2018,natural_gas_dry,0.0,billion_cubic_feet,EIA_INTL_v2:productId=26
CUB,2018,natural_gas_dry,34.4717777,billion_cubic_feet,EIA_INTL_v2:productId=26
CYM,2018,natural_gas_dry,0.0,billion_cubic_feet,EIA_INTL_v2:productId=26
CYP,2018,natural_gas_dry,0.0,billion_cubic_feet,EIA_INTL_v2:productId=26
CZE,2018,natural_gas_dry,7.691350033,billion_cubic_feet,EIA_INTL_v2:productId=26
DEU,2018,natural_gas_dry,229.8771607,billion_cubic_feet,EIA_INTL_v2:productId=26
DJI,2018,natural_gas_dry,0.0,billion_cubic_feet,EIA_INTL_v2:productId=26
DMA,2018,natural_gas_dry,0.0,billion_cubic_feet,EIA_INTL_v2:productId=26
DNK,2018,natural_gas_dry,152.0964246,billion_cubic_feet,EIA_INTL_v2:productId=26
DOM,2018,natural_gas_dry,0.0,billion_cubic_feet,EIA_INTL_v2:productId=26
DZA,2018,natural_gas_dry,3397.494297,billion_cubic_feet,EIA_INTL_v2:productId=26
ECU,2018,natural_gas_dry,13.39228964,billion_cubic_feet,EIA_INTL_v2:productId=26
EGY,2018,natural_gas_dry,2116.754747,billion_cubic_feet,EIA_INTL_v2:productId=26
ERI,2018,natural_gas_dry,0.0,billion_cubic_feet,EIA_INTL_v2:productId=26
ESH,2018,natural_gas_dry,0.0,billion_cubic_feet,EIA_INTL_v2:productId=26
ESP,2018,natural_gas_dry,3.2136377,billion_cubic_feet,EIA_INTL_v2:productId=26
EST,2018,natural_gas_dry,0.0,billion_cubic_feet,EIA_INTL_v2:productId=26
ETH,2018,natural_gas_dry,0.0,billion_cubic_feet,EIA_INTL_v2:productId=26
FIN,2018,natural_gas_dry,0.0,billion_cubic_feet,EIA_INTL_v2:productId=26
FJI,2018,natural_gas_dry,0.0,billion_cubic_feet,EIA_INTL_v2:productId=26
FLK,2018,natural_gas_dry,0.0,billion_cubic_feet,EIA_INTL_v2:productId=26
FRA,2018,natural_gas_dry,0.30956069,billion_cubic_feet,EIA_INTL_v2:productId=26
FRO,2018,natural_gas_dry,0.0,billion_cubic_feet,EIA_INTL_v2:productId=26
FSM,2018,natural_gas_dry,0.0,billion_cubic_feet,EIA_INTL_v2:productId=26
GAB,2018,natural_gas_dry,18.71332239,billion_cubic_feet,EIA_INTL_v2:productId=26
GBR,2018,natural_gas_dry,1438.051171,billion_cubic_feet,EIA_INTL_v2:productId=26
GEO,2018,natural_gas_dry,0.318777155,billion_cubic_feet,EIA_INTL_v2:productId=26
GHA,2018,natural_gas_dry,37.41004525,billion_cubic_feet,EIA_INTL_v2:productId=26
GIB,2018,natural_gas_dry,0.0,billion_cubic_feet,EIA_INTL_v2:productId=26
GIN,2018,natural_gas_dry,0.0,billion_cubic_feet,EIA_INTL_v2:productId=26
GMB,2018,natural_gas_dry,0.0,billion_cubic_feet,EIA_INTL_v2:productId=26
GNB,2018,natural_gas_dry,0.0,billion_cubic_feet,EIA_INTL_v2:productId=26
GNQ,2018,natural_gas_dry,263.2972088,billion_cubic_feet,EIA_INTL_v2:productId=26
GRC,2018,natural_gas_dry,0.397836107,billion_cubic_feet,EIA_INTL_v2:productId=26
GRD,2018,natural_gas_dry,0.0,billion_cubic_feet,EIA_INTL_v2:productId=26
GRL,2018,natural_gas_dry,0.0,billion_cubic_feet,EIA_INTL_v2:productId=26
GTM,2018,natural_gas_dry,2.378729233,billion_cubic_feet,EIA_INTL_v2:productId=26
GUM,2018,natural_gas_dry,0.0,billion_cubic_feet,EIA_INTL_v2:productId=26
GUY,2018,natural_gas_dry,0.0,billion_cubic_feet,EIA_INTL_v2:productId=26
HKG,2018,natural_gas_dry,0.0,billion_cubic_feet,EIA_INTL_v2:productId=26
HND,2018,natural_gas_dry,0.0,billion_cubic_feet,EIA_INTL_v2:productId=26
HRV,2018,natural_gas_dry,43.2343247,billion_cubic_feet,EIA_INTL_v2:productId=26
HTI,2018,natural_gas_dry,0.0,billion_cubic_feet,EIA_INTL_v2:productId=26
HUN,2018,natural_gas_dry,66.7099999,billion_cubic_feet,EIA_INTL_v2:productId=26
IDN,2018,natural_gas_dry,2549.665687,billion_cubic_feet,EIA_INTL_v2:productId=26
IND,2018,natural_gas_dry,1125.113348,billion_cubic_feet,EIA_INTL_v2:productId=26
IRL,2018,natural_gas_dry,119.8184382,billion_cubic_feet,EIA_INTL_v2:productId=26
IRN,2018,natural_gas_dry,7987.900287,billion_cubic_feet,EIA_INTL_v2:productId=26
IRQ,2018,natural_gas_dry,359.998425,billion_cubic_feet,EIA_INTL_v2:productId=26
ISL,2018,natural_gas_dry,0.0,billion_cubic_feet,EIA_INTL_v2:productId=26
ISR,2018,natural_gas_dry,362.5411705,billion_cubic_feet,EIA_INTL_v2:productId=26
ITA,2018,natural_gas_dry,192.3983595,billion_cubic_feet,EIA_INTL_v2:productId=26
JAM,2018,natural_gas_dry,0.0,billion_cubic_feet,EIA_INTL_v2:productId=26
JOR,2018,natural_gas_dry,4.093577054,billion_cubic_feet,EIA_INTL_v2:productId=26
JPN,2018,natural_gas_dry,98.14001141,billion_cubic_feet,EIA_INTL_v2:productId=26
KAZ,2018,natural_gas_dry,836.6782396,billion_cubic_feet,EIA_INTL_v2:productId=26
KEN,2018,natural_gas_dry,0.0,billion_cubic_feet,EIA_INTL_v2:productId=26
KGZ,2018,natural_gas_dry,1.005431046,billion_cubic_feet,EIA_INTL_v2:productId=26
KHM,2018,natural_gas_dry,0.0,billion_cubic_feet,EIA_INTL_v2:productId=26
KIR,2018,natural_gas_dry,0.0,billion_cubic_feet,EIA_INTL_v2:productId=26
KNA,2018,natural_gas_dry,0.0,billion_cubic_feet,EIA_INTL_v2:productId=26
KOR,2018,natural_gas_dry,10.77913049,billion_cubic_feet,EIA_INTL_v2:productId=26
KWT,2018,natural_gas_dry,633.02,billion_cubic_feet,EIA_INTL_v2:productId=26
LAO,2018,natural_gas_dry,0.0,billion_cubic_feet,EIA_INTL_v2:productId=26
LBN,2018,natural_gas_dry,0.0,billion_cubic_feet,EIA_INTL_v2:productId=26
LBR,2018,natural_gas_dry,0.0,billion_cubic_feet,EIA_INTL_v2:productId=26
LBY,2018,natural_gas_dry,595.5128675,billion_cubic_feet,EIA_INTL_v2:productId=26
LCA,2018,natural_gas_dry,0.0,billion_cubic_feet,EIA_INTL_v2:productId=26
LKA,2018,natural_gas_dry,0.0,billion_cubic_feet,EIA_INTL_v2:productId=26
LSO,2018,natural_gas_dry,0.0,billion_cubic_feet,EIA_INTL_v2:productId=26
LTU,2018,natural_gas_dry,0.0,billion_cubic_feet,EIA_INTL_v2:productId=26
LUX,2018,natural_gas_dry,0.0,billion_cubic_feet,EIA_INTL_v2:productId=26
LVA,2018,natural_gas_dry,0.0,billion_cubic_feet,EIA_INTL_v2:productId=26
MAC,2018,natural_gas_dry,0.0,billion_cubic_feet,EIA_INTL_v2:productId=26
MAR,2018,natural_gas_dry,3.283218806,billion_cubic_feet,EIA_INTL_v2:productId=26
MDA,2018,natural_gas_dry,0.003135322,billion_cubic_feet,EIA_INTL_v2:productId=26
MDG,2018,natural_gas_dry,0.0,billion_cubic_feet,EIA_INTL_v2:productId=26
MDV,2018,natural_gas_dry,0.0,billion_cubic_feet,EIA_INTL_v2:productId=26
MEX,2018,natural_gas_dry,1074.22785,billion_cubic_feet,EIA_INTL_v2:productId=26
MKD,2018,natural_gas_dry,0.0,billion_cubic_feet,EIA_INTL_v2:productId=26
MLI,2018,natural_gas_dry,0.0,billion_cubic_feet,EIA_INTL_v2:productId=26
MLT,2018,natural_gas_dry,0.0,billion_cubic_feet,EIA_INTL_v2:productId=26
MMR,2018,natural_gas_dry,598.1500798,billion_cubic_feet,EIA_INTL_v2:productId=26
MNE,2018,natural_gas_dry,0.0,billion_cubic_feet,EIA_INTL_v2:productId=26
MNG,2018,natural_gas_dry,0.0,billion_cubic_feet,EIA_INTL_v2:productId=26
MNP,2018,natural_gas_dry,0.0,billion_cubic_feet,EIA_INTL_v2:productId=26
MOZ,2018,natural_gas_dry,212.141455,billion_cubic_feet,EIA_INTL_v2:productId=26
MRT,2018,natural_gas_dry,0.0,billion_cubic_feet,EIA_INTL_v2:productId=26
MSR,2018,natural_gas_dry,0.0,billion_cubic_feet,EIA_INTL_v2:productId=26
MUS,2018,natural_gas_dry,0.0,billion_cubic_feet,EIA_INTL_v2:productId=26
MWI,2018,natural_gas_dry,0.0,billion_cubic_feet,EIA_INTL_v2:productId=26
MYS,2018,natural_gas_dry,2443.96334,billion_cubic_feet,EIA_INTL_v2:productId=26
NAM,2018,natural_gas_dry,0.0,billion_cubic_feet,EIA_INTL_v2:productId=26
NCL,2018,natural_gas_dry,0.0,billion_cubic_feet,EIA_INTL_v2:productId=26
NER,2018,natural_gas_dry,1.249721879,billion_cubic_feet,EIA_INTL_v2:productId=26
NGA,2018,natural_gas_dry,1609.336086,billion_cubic_feet,EIA_INTL_v2:productId=26
NIC,2018,natural_gas_dry,0.0,billion_cubic_feet,EIA_INTL_v2:productId=26
NIU,2018,natural_gas_dry,0.0,billion_cubic_feet,EIA_INTL_v2:productId=26
NLD,2018,natural_gas_dry,1370.311232,billion_cubic_feet,EIA_INTL_v2:productId=26
NOR,2018,natural_gas_dry,4473.446666,billion_cubic_feet,EIA_INTL_v2:productId=26
NPL,2018,natural_gas_dry,0.0,billion_cubic_feet,EIA_INTL_v2:productId=26
NRU,2018,natural_gas_dry,0.0,billion_cubic_feet,EIA_INTL_v2:productId=26
NZL,2018,natural_gas_dry,159.0897725,billion_cubic_feet,EIA_INTL_v2:productId=26
OMN,2018,natural_gas_dry,1264.84244,billion_cubic_feet,EIA_INTL_v2:productId=26
PAK,2018,natural_gas_dry,1313.573928,billion_cubic_feet,EIA_INTL_v2:productId=26
PAN,2018,natural_gas_dry,0.0,billion_cubic_feet,EIA_INTL_v2:productId=26
PER,2018,natural_gas_dry,448.8745573,billion_cubic_feet,EIA_INTL_v2:productId=26
PHL,2018,natural_gas_dry,148.6336887,billion_cubic_feet,EIA_INTL_v2:productId=26
PNG,2018,natural_gas_dry,355.581159,billion_cubic_feet,EIA_INTL_v2:productId=26
POL,2018,natural_gas_dry,200.9381052,billion_cubic_feet,EIA_INTL_v2:productId=26
PRI,2018,natural_gas_dry,0.0,billion_cubic_feet,EIA_INTL_v2:productId=26
PRK,2018,natural_gas_dry,0.0,billion_cubic_feet,EIA_INTL_v2:productId=26
PRT,2018,natural_gas_dry,0.0,billion_cubic_feet,EIA_INTL_v2:productId=26
PRY,2018,natural_gas_dry,0.0,billion_cubic_feet,EIA_INTL_v2:productId=26
PSE,2018,natural_gas_dry,0.0,billion_cubic_feet,EIA_INTL_v2:productId=26
PYF,2018,natural_gas_dry,0.0,billion_cubic_feet,EIA_INTL_v2:productId=26
QAT,2018,natural_gas_dry,5843.193834,billion_cubic_feet,EIA_INTL_v2:productId=26
ROU,2018,natural_gas_dry,352.5663064,billion_cubic_feet,EIA_INTL_v2:productId=26
RUS,2018,natural_gas_dry,24673.47889,billion_cubic_feet,EIA_INTL_v2:productId=26
RWA,2018,natural_gas_dry,1.742271937,billion_cubic_feet,EIA_INTL_v2:productId=26
SAU,2018,natural_gas_dry,3928.061466,billion_cubic_feet,EIA_INTL_v2:productId=26
SDN,2018,natural_gas_dry,0.0,billion_cubic_feet,EIA_INTL_v2:productId=26
SEN,2018,natural_gas_dry,2.1189006,billion_cubic_feet,EIA_INTL_v2:productId=26
SGP,2018,natural_gas_dry,0.0,billion_cubic_feet,EIA_INTL_v2:productId=26
SHN,2018,natural_gas_dry,0.0,billion_cubic_feet,EIA_INTL_v2:productId=26
SLB,2018,natural_gas_dry,0.0,billion_cubic_feet,EIA_INTL_v2:productId=26
SLE,2018,natural_gas_dry,0.0,billion_cubic_feet,EIA_INTL_v2:productId=26
SLV,2018,natural_gas_dry,0.0,billion_cubic_feet,EIA_INTL_v2:productId=26
SOM,2018,natural_gas_dry,0.0,billion_cubic_feet,EIA_INTL_v2:productId=26
SPM,2018,natural_gas_dry,0.0,billion_cubic_feet,EIA_INTL_v2:productId=26
SRB,2018,natural_gas_dry,16.69236726,billion_cubic_feet,EIA_INTL_v2:productId=26
SSD,2018,natural_gas_dry,0.0,billion_cubic_feet,EIA_INTL_v2:productId=26
STP,2018,natural_gas_dry,0.0,billion_cubic_feet,EIA_INTL_v2:productId=26
SUR,2018,natural_gas_dry,0.197772169,billion_cubic_feet,EIA_INTL_v2:productId=26
SVK,2018,natural_gas_dry,2.848623474,billion_cubic_feet,EIA_INTL_v2:productId=26
SVN,2018,natural_gas_dry,0.550830698,billion_cubic_feet,EIA_INTL_v2:productId=26
SWE,2018,natural_gas_dry,0.0,billion_cubic_feet,EIA_INTL_v2:productId=26
SWZ,2018,natural_gas_dry,0.0,billion_cubic_feet,EIA_INTL_v2:productId=26
SYC,2018,natural_gas_dry,0.0,billion_cubic_feet,EIA_INTL_v2:productId=26
SYR,2018,natural_gas_dry,129.971125,billion_cubic_feet,EIA_INTL_v2:productId=26
TCA,2018,natural_gas_dry,0.0,billion_cubic_feet,EIA_INTL_v2:productId=26
TCD,2018,natural_gas_dry,0.0,billion_cubic_feet,EIA_INTL_v2:productId=26
TGO,2018,natural_gas_dry,0.0,billion_cubic_feet,EIA_INTL_v2:productId=26
THA,2018,natural_gas_dry,1329.179456,billion_cubic_feet,EIA_INTL_v2:productId=26
TJK,2018,natural_gas_dry,0.648950863,billion_cubic_feet,EIA_INTL_v2:productId=26
TKM,2018,natural_gas_dry,2873.687587,billion_cubic_feet,EIA_INTL_v2:productId=26
TLS,2018,natural_gas_dry,220.9453156,billion_cubic_feet,EIA_INTL_v2:productId=26
TON,2018,natural_gas_dry,0.0,billion_cubic_feet,EIA_INTL_v2:productId=26
TTO,2018,natural_gas_dry,1240.3336,billion_cubic_feet,EIA_INTL_v2:productId=26
TUN,2018,natural_gas_dry,43.10116376,billion_cubic_feet,EIA_INTL_v2:productId=26
TUR,2018,natural_gas_dry,15.1023961,billion_cubic_feet,EIA_INTL_v2:productId=26
TUV,2018,natural_gas_dry,0.0,billion_cubic_feet,EIA_INTL_v2:productId=26
TWN,2018,natural_gas_dry,5.79339353,billion_cubic_feet,EIA_INTL_v2:productId=26
TZA,2018,natural_gas_dry,44.9315,billion_cubic_feet,EIA_INTL_v2:productId=26
UGA,2018,natural_gas_dry,0.0,billion_cubic_feet,EIA_INTL_v2:productId=26
UKR,2018,natural_gas_dry,706.9630567,billion_cubic_feet,EIA_INTL_v2:productId=26
URY,2018,natural_gas_dry,0.0,billion_cubic_feet,EIA_INTL_v2:productId=26
USA,2018,natural_gas_dry,30774.274153,billion_cubic_feet,EIA_INTL_v2:productId=26
UZB,2018,natural_gas_dry,1970.082163,billion_cubic_feet,EIA_INTL_v2:productId=26
VCT,2018,natural_gas_dry,0.0,billion_cubic_feet,EIA_INTL_v2:productId=26
VEN,2018,natural_gas_dry,823.1799863,billion_cubic_feet,EIA_INTL_v2:productId=26
VGB,2018,natural_gas_dry,0.0,billion_cubic_feet,EIA_INTL_v2:productId=26
VIR,2018,natural_gas_dry,0.0,billion_cubic_feet,EIA_INTL_v2:productId=26
VNM,2018,natural_gas_dry,335.7329683,billion_cubic_feet,EIA_INTL_v2:productId=26
VUT,2018,natural_gas_dry,0.0,billion_cubic_feet,EIA_INTL_v2:productId=26
WAK,2018,natural_gas_dry,0.0,billion_cubic_feet,EIA_INTL_v2:productId=26
WSM,2018,natural_gas_dry,0.0,billion_cubic_feet,EIA_INTL_v2:productId=26
XKS,2018,natural_gas_dry,0.0,billion_cubic_feet,EIA_INTL_v2:productId=26
YEM,2018,natural_gas_dry,3.1750166,billion_cubic_feet,EIA_INTL_v2:productId=26
ZAF,2018,natural_gas_dry,38.13216059,billion_cubic_feet,EIA_INTL_v2:productId=26
ZMB,2018,natural_gas_dry,0.0,billion_cubic_feet,EIA_INTL_v2:productId=26
ZWE,2018,natural_gas_dry,0.0,billion_cubic_feet,EIA_INTL_v2:productId=26
ABW,2019,natural_gas_dry,0.0,billion_cubic_feet,EIA_INTL_v2:productId=26
AFG,2019,natural_gas_dry,4.54500189,billion_cubic_feet,EIA_INTL_v2:productId=26
AGO,2019,natural_gas_dry,238.9996,billion_cubic_feet,EIA_INTL_v2:productId=26
ALB,2019,natural_gas_dry,2.752030114,billion_cubic_feet,EIA_INTL_v2:productId=26
ARE,2019,natural_gas_dry,1963.269306,billion_cubic_feet,EIA_INTL_v2:productId=26
ARG,2019,natural_gas_dry,1544.098794,billion_cubic_feet,EIA_INTL_v2:productId=26
ARM,2019,natural_gas_dry,0.0,billion_cubic_feet,EIA_INTL_v2:productId=26
ASM,2019,natural_gas_dry,0.0,billion_cubic_feet,EIA_INTL_v2:productId=26
ATA,2019,natural_gas_dry,0.0,billion_cubic_feet,EIA_INTL_v2:productId=26
ATG,2019,natural_gas_dry,0.0,billion_cubic_feet,EIA_INTL_v2:productId=26
AUS,2019,natural_gas_dry,5124.930036,billion_cubic_feet,EIA_INTL_v2:productId=26
AUT,2019,natural_gas_dry,32.64899727,billion_cubic_feet,EIA_INTL_v2:productId=26
AZE,2019,natural_gas_dry,814.8903746,billion_cubic_feet,EIA_INTL_v2:productId=26
BDI,2019,natural_gas_dry,0.0,billion_cubic_feet,EIA_INTL_v2:productId=26
BEL,2019,natural_gas_dry,0.1370733,billion_cubic_feet,EIA_INTL_v2:productId=26
BEN,2019,natural_gas_dry,0.0,billion_cubic_feet,EIA_INTL_v2:productId=26
BFA,2019,natural_gas_dry,0.0,billion_cubic_feet,EIA_INTL_v2:productId=26
BGD,2019,natural_gas_dry,914.8,billion_cubic_feet,EIA_INTL_v2:productId=26
BGR,2019,natural_gas_dry,1.370211629,billion_cubic_feet,EIA_INTL_v2:productId=26
BHR,2019,natural_gas_dry,627.3195332,billion_cubic_feet,EIA_INTL_v2:productId=26
BHS,2019,natural_gas_dry,0.0,billion_cubic_feet,EIA_INTL_v2:productId=26
BIH,2019,natural_gas_dry,0.0,billion_cubic_feet,EIA_INTL_v2:productId=26
BLR,2019,natural_gas_dry,2.4350463,billion_cubic_feet,EIA_INTL_v2:productId=26
BLZ,2019,natural_gas_dry,0.0,billion_cubic_feet,EIA_INTL_v2:productId=26
BMU,2019,natural_gas_dry,0.0,billion_cubic_feet,EIA_INTL_v2:productId=26
BOL,2019,natural_gas_dry,554.3413914,billion_cubic_feet,EIA_INTL_v2:productId=26
BRA,2019,natural_gas_dry,881.2452773,billion_cubic_feet,EIA_INTL_v2:productId=26
BRB,2019,natural_gas_dry,0.906881496,billion_cubic_feet,EIA_INTL_v2:productId=26
BRN,2019,natural_gas_dry,453.5698153,billion_cubic_feet,EIA_INTL_v2:productId=26
BTN,2019,natural_gas_dry,0.0,billion_cubic_feet,EIA_INTL_v2:productId=26
BWA,2019,natural_gas_dry,0.0,billion_cubic_feet,EIA_INTL_v2:productId=26
CAF,2019,natural_gas_dry,0.0,billion_cubic_feet,EIA_INTL_v2:productId=26
CAN,2019,natural_gas_dry,6068.211941,billion_cubic_feet,EIA_INTL_v2:productId=26
CHE,2019,natural_gas_dry,0.0,billion_cubic_feet,EIA_INTL_v2:productId=26
CHL,2019,natural_gas_dry,49.71512241,billion_cubic_feet,EIA_INTL_v2:productId=26
CHN,2019,natural_gas_dry,6332.548363,billion_cubic_feet,EIA_INTL_v2:productId=26
CIV,2019,natural_gas_dry,80.5213734,billion_cubic_feet,EIA_INTL_v2:productId=26
CMR,2019,natural_gas_dry,83.552917,billion_cubic_feet,EIA_INTL_v2:productId=26
COD,2019,natural_gas_dry,0.0,billion_cubic_feet,EIA_INTL_v2:productId=26
COG,2019,natural_gas_dry,40.802848,billion_cubic_feet,EIA_INTL_v2:productId=26
COK,2019,natural_gas_dry,0.0,billion_cubic_feet,EIA_INTL_v2:productId=26
COL,2019,natural_gas_dry,405.2228815,billion_cubic_feet,EIA_INTL_v2:productId=26
COM,2019,natural_gas_dry,0.0,billion_cubic_feet,EIA_INTL_v2:productId=26
CPV,2019,natural_gas_dry,0.0,billion_cubic_feet,EIA_INTL_v2:productId=26
CRI,2019,natural_gas_dry,0.0,billion_cubic_feet,EIA_INTL_v2:productId=26
CUB,2019,natural_gas_dry,33.80282485,billion_cubic_feet,EIA_INTL_v2:productId=26
CYM,2019,natural_gas_dry,0.0,billion_cubic_feet,EIA_INTL_v2:productId=26
CYP,2019,natural_gas_dry,0.0,billion_cubic_feet,EIA_INTL_v2:productId=26
CZE,2019,natural_gas_dry,7.38384893,billion_cubic_feet,EIA_INTL_v2:productId=26
DEU,2019,natural_gas_dry,211.7439452,billion_cubic_feet,EIA_INTL_v2:productId=26
DJI,2019,natural_gas_dry,0.0,billion_cubic_feet,EIA_INTL_v2:productId=26
DMA,2019,natural_gas_dry,0.0,billion_cubic_feet,EIA_INTL_v2:productId=26
DNK,2019,natural_gas_dry,119.7337727,billion_cubic_feet,EIA_INTL_v2:productId=26
DOM,2019,natural_gas_dry,0.0,billion_cubic_feet,EIA_INTL_v2:productId=26
DZA,2019,natural_gas_dry,3144.731764,billion_cubic_feet,EIA_INTL_v2:productId=26
ECU,2019,natural_gas_dry,12.09185063,billion_cubic_feet,EIA_INTL_v2:productId=26
EGY,2019,natural_gas_dry,2305.494137,billion_cubic_feet,EIA_INTL_v2:productId=26
ERI,2019,natural_gas_dry,0.0,billion_cubic_feet,EIA_INTL_v2:productId=26
ESH,2019,natural_gas_dry,0.0,billion_cubic_feet,EIA_INTL_v2:productId=26
ESP,2019,natural_gas_dry,4.6968551,billion_cubic_feet,EIA_INTL_v2:productId=26
EST,2019,natural_gas_dry,0.0,billion_cubic_feet,EIA_INTL_v2:productId=26
ETH,2019,natural_gas_dry,0.0,billion_cubic_feet,EIA_INTL_v2:productId=26
FIN,2019,natural_gas_dry,0.0,billion_cubic_feet,EIA_INTL_v2:productId=26
FJI,2019,natural_gas_dry,0.0,billion_cubic_feet,EIA_INTL_v2:productId=26
FLK,2019,natural_gas_dry,0.0,billion_cubic_feet,EIA_INTL_v2:productId=26
FRA,2019,natural_gas_dry,0.573253896,billion_cubic_feet,EIA_INTL_v2:productId=26
FRO,2019,natural_gas_dry,0.0,billion_cubic_feet,EIA_INTL_v2:productId=26
FSM,2019,natural_gas_dry,0.0,billion_cubic_feet,EIA_INTL_v2:productId=26
GAB,2019,natural_gas_dry,16.3860208,billion_cubic_feet,EIA_INTL_v2:productId=26
GBR,2019,natural_gas_dry,1390.365826,billion_cubic_feet,EIA_INTL_v2:productId=26
GEO,2019,natural_gas_dry,0.318777155,billion_cubic_feet,EIA_INTL_v2:productId=26
GHA,2019,natural_gas_dry,52.90985939,billion_cubic_feet,EIA_INTL_v2:productId=26
GIB,2019,natural_gas_dry,0.0,billion_cubic_feet,EIA_INTL_v2:productId=26
GIN,2019,natural_gas_dry,0.0,billion_cubic_feet,EIA_INTL_v2:productId=26
GMB,2019,natural_gas_dry,0.0,billion_cubic_feet,EIA_INTL_v2:productId=26
GNB,2019,natural_gas_dry,0.0,billion_cubic_feet,EIA_INTL_v2:productId=26
GNQ,2019,natural_gas_dry,211.7977283,billion_cubic_feet,EIA_INTL_v2:productId=26
GRC,2019,natural_gas_dry,0.397836107,billion_cubic_feet,EIA_INTL_v2:productId=26
GRD,2019,natural_gas_dry,0.0,billion_cubic_feet,EIA_INTL_v2:productId=26
GRL,2019,natural_gas_dry,0.0,billion_cubic_feet,EIA_INTL_v2:productId=26
GTM,2019,natural_gas_dry,2.468153402,billion_cubic_feet,EIA_INTL_v2:productId=26
GUM,2019,natural_gas_dry,0.0,billion_cubic_feet,EIA_INTL_v2:productId=26
GUY,2019,natural_gas_dry,0.0,billion_cubic_feet,EIA_INTL_v2:productId=26
HKG,2019,natural_gas_dry,0.0,billion_cubic_feet,EIA_INTL_v2:productId=26
HND,2019,natural_gas_dry,0.0,billion_cubic_feet,EIA_INTL_v2:productId=26
HRV,2019,natural_gas_dry,36.1627483,billion_cubic_feet,EIA_INTL_v2:productId=26
HTI,2019,natural_gas_dry,0.0,billion_cubic_feet,EIA_INTL_v2:productId=26
HUN,2019,natural_gas_dry,60.2120951,billion_cubic_feet,EIA_INTL_v2:productId=26
IDN,2019,natural_gas_dry,2368.970672,billion_cubic_feet,EIA_INTL_v2:productId=26
IND,2019,natural_gas_dry,1103.169724,billion_cubic_feet,EIA_INTL_v2:productId=26
IRL,2019,natural_gas_dry,93.66081067,billion_cubic_feet,EIA_INTL_v2:productId=26
IRN,2019,natural_gas_dry,8294.078736,billion_cubic_feet,EIA_INTL_v2:productId=26
IRQ,2019,natural_gas_dry,378.248425,billion_cubic_feet,EIA_INTL_v2:productId=26
ISL,2019,natural_gas_dry,0.0,billion_cubic_feet,EIA_INTL_v2:productId=26
ISR,2019,natural_gas_dry,363.2441105,billion_cubic_feet,EIA_INTL_v2:productId=26
ITA,2019,natural_gas_dry,169.6209947,billion_cubic_feet,EIA_INTL_v2:productId=26
JAM,2019,natural_gas_dry,0.0,billion_cubic_feet,EIA_INTL_v2:productId=26
JOR,2019,natural_gas_dry,4.340801052,billion_cubic_feet,EIA_INTL_v2:productId=26
JPN,2019,natural_gas_dry,89.1297472,billion_cubic_feet,EIA_INTL_v2:productId=26
KAZ,2019,natural_gas_dry,819.0568267,billion_cubic_feet,EIA_INTL_v2:productId=26
KEN,2019,natural_gas_dry,0.0,billion_cubic_feet,EIA_INTL_v2:productId=26
KGZ,2019,natural_gas_dry,0.902380042,billion_cubic_feet,EIA_INTL_v2:productId=26
KHM,2019,natural_gas_dry,0.0,billion_cubic_feet,EIA_INTL_v2:productId=26
KIR,2019,natural_gas_dry,0.0,billion_cubic_feet,EIA_INTL_v2:productId=26
KNA,2019,natural_gas_dry,0.0,billion_cubic_feet,EIA_INTL_v2:productId=26
KOR,2019,natural_gas_dry,9.138444506,billion_cubic_feet,EIA_INTL_v2:productId=26
KWT,2019,natural_gas_dry,618.561,billion_cubic_feet,EIA_INTL_v2:productId=26
LAO,2019,natural_gas_dry,0.0,billion_cubic_feet,EIA_INTL_v2:productId=26
LBN,2019,natural_gas_dry,0.0,billion_cubic_feet,EIA_INTL_v2:productId=26
LBR,2019,natural_gas_dry,0.0,billion_cubic_feet,EIA_INTL_v2:productId=26
LBY,2019,natural_gas_dry,524.4973832,billion_cubic_feet,EIA_INTL_v2:productId=26
LCA,2019,natural_gas_dry,0.0,billion_cubic_feet,EIA_INTL_v2:productId=26
LKA,2019,natural_gas_dry,0.0,billion_cubic_feet,EIA_INTL_v2:productId=26
LSO,2019,natural_gas_dry,0.0,billion_cubic_feet,EIA_INTL_v2:productId=26
LTU,2019,natural_gas_dry,0.0,billion_cubic_feet,EIA_INTL_v2:productId=26
LUX,2019,natural_gas_dry,0.0,billion_cubic_feet,EIA_INTL_v2:productId=26
LVA,2019,natural_gas_dry,0.0,billion_cubic_feet,EIA_INTL_v2:productId=26
MAC,2019,natural_gas_dry,0.0,billion_cubic_feet,EIA_INTL_v2:productId=26
MAR,2019,natural_gas_dry,3.732081143,billion_cubic_feet,EIA_INTL_v2:productId=26
MDA,2019,natural_gas_dry,0.002303154,billion_cubic_feet,EIA_INTL_v2:productId=26
MDG,2019,natural_gas_dry,0.0,billion_cubic_feet,EIA_INTL_v2:productId=26
MDV,2019,natural_gas_dry,0.0,billion_cubic_feet,EIA_INTL_v2:productId=26
MEX,2019,natural_gas_dry,1069.2748,billion_cubic_feet,EIA_INTL_v2:productId=26
MKD,2019,natural_gas_dry,0.0,billion_cubic_feet,EIA_INTL_v2:productId=26
MLI,2019,natural_gas_dry,0.0,billion_cubic_feet,EIA_INTL_v2:productId=26
MLT,2019,natural_gas_dry,0.0,billion_cubic_feet,EIA_INTL_v2:productId=26
MMR,2019,natural_gas_dry,612.5880752,billion_cubic_feet,EIA_INTL_v2:productId=26
MNE,2019,natural_gas_dry,0.0,billion_cubic_feet,EIA_INTL_v2:productId=26
MNG,2019,natural_gas_dry,0.0,billion_cubic_feet,EIA_INTL_v2:productId=26
MNP,2019,natural_gas_dry,0.0,billion_cubic_feet,EIA_INTL_v2:productId=26
MOZ,2019,natural_gas_dry,191.5408901,billion_cubic_feet,EIA_INTL_v2:productId=26
MRT,2019,natural_gas_dry,0.0,billion_cubic_feet,EIA_INTL_v2:productId=26
MSR,2019,natural_gas_dry,0.0,billion_cubic_feet,EIA_INTL_v2:productId=26
MUS,2019,natural_gas_dry,0.0,billion_cubic_feet,EIA_INTL_v2:productId=26
MWI,2019,natural_gas_dry,0.0,billion_cubic_feet,EIA_INTL_v2:productId=26
MYS,2019,natural_gas_dry,2539.385583,billion_cubic_feet,EIA_INTL_v2:productId=26
NAM,2019,natural_gas_dry,0.0,billion_cubic_feet,EIA_INTL_v2:productId=26
NCL,2019,natural_gas_dry,0.0,billion_cubic_feet,EIA_INTL_v2:productId=26
NER,2019,natural_gas_dry,1.370733,billion_cubic_feet,EIA_INTL_v2:productId=26
NGA,2019,natural_gas_dry,1634.960378,billion_cubic_feet,EIA_INTL_v2:productId=26
NIC,2019,natural_gas_dry,0.0,billion_cubic_feet,EIA_INTL_v2:productId=26
NIU,2019,natural_gas_dry,0.0,billion_cubic_feet,EIA_INTL_v2:productId=26
NLD,2019,natural_gas_dry,1170.764034,billion_cubic_feet,EIA_INTL_v2:productId=26
NOR,2019,natural_gas_dry,4252.748297,billion_cubic_feet,EIA_INTL_v2:productId=26
NPL,2019,natural_gas_dry,0.0,billion_cubic_feet,EIA_INTL_v2:productId=26
NRU,2019,natural_gas_dry,0.0,billion_cubic_feet,EIA_INTL_v2:productId=26
NZL,2019,natural_gas_dry,168.4908794,billion_cubic_feet,EIA_INTL_v2:productId=26
OMN,2019,natural_gas_dry,1281.236722,billion_cubic_feet,EIA_INTL_v2:productId=26
PAK,2019,natural_gas_dry,1079.925388,billion_cubic_feet,EIA_INTL_v2:productId=26
PAN,2019,natural_gas_dry,0.0,billion_cubic_feet,EIA_INTL_v2:productId=26
PER,2019,natural_gas_dry,474.1069104,billion_cubic_feet,EIA_INTL_v2:productId=26
PHL,2019,natural_gas_dry,149.6972018,billion_cubic_feet,EIA_INTL_v2:productId=26
PNG,2019,natural_gas_dry,406.5437982,billion_cubic_feet,EIA_INTL_v2:productId=26
POL,2019,natural_gas_dry,202.8097843,billion_cubic_feet,EIA_INTL_v2:productId=26
PRI,2019,natural_gas_dry,0.0,billion_cubic_feet,EIA_INTL_v2:productId=26
PRK,2019,natural_gas_dry,0.0,billion_cubic_feet,EIA_INTL_v2:productId=26
PRT,2019,natural_gas_dry,0.0,billion_cubic_feet,EIA_INTL_v2:productId=26
PRY,2019,natural_gas_dry,0.0,billion_cubic_feet,EIA_INTL_v2:productId=26
PSE,2019,natural_gas_dry,0.0,billion_cubic_feet,EIA_INTL_v2:productId=26
PYF,2019,natural_gas_dry,0.0,billion_cubic_feet,EIA_INTL_v2:productId=26
QAT,2019,natural_gas_dry,5913.839304,billion_cubic_feet,EIA_INTL_v2:productId=26
ROU,2019,natural_gas_dry,341.3662931,billion_cubic_feet,EIA_INTL_v2:productId=26
RUS,2019,natural_gas_dry,25035.53021,billion_cubic_feet,EIA_INTL_v2:productId=26
RWA,2019,natural_gas_dry,2.128678055,billion_cubic_feet,EIA_INTL_v2:productId=26
SAU,2019,natural_gas_dry,3982.174327,billion_cubic_feet,EIA_INTL_v2:productId=26
SDN,2019,natural_gas_dry,0.0,billion_cubic_feet,EIA_INTL_v2:productId=26
SEN,2019,natural_gas_dry,2.303703526,billion_cubic_feet,EIA_INTL_v2:productId=26
SGP,2019,natural_gas_dry,0.0,billion_cubic_feet,EIA_INTL_v2:productId=26
SHN,2019,natural_gas_dry,0.0,billion_cubic_feet,EIA_INTL_v2:productId=26
SLB,2019,natural_gas_dry,0.0,billion_cubic_feet,EIA_INTL_v2:productId=26
SLE,2019,natural_gas_dry,0.0,billion_cubic_feet,EIA_INTL_v2:productId=26
SLV,2019,natural_gas_dry,0.0,billion_cubic_feet,EIA_INTL_v2:productId=26
SOM,2019,natural_gas_dry,0.0,billion_cubic_feet,EIA_INTL_v2:productId=26
SPM,2019,natural_gas_dry,0.0,billion_cubic_feet,EIA_INTL_v2:productId=26
SRB,2019,natural_gas_dry,16.30743731,billion_cubic_feet,EIA_INTL_v2:productId=26
SSD,2019,natural_gas_dry,0.0,billion_cubic_feet,EIA_INTL_v2:productId=26
STP,2019,natural_gas_dry,0.0,billion_cubic_feet,EIA_INTL_v2:productId=26
SUR,2019,natural_gas_dry,0.215029346,billion_cubic_feet,EIA_INTL_v2:productId=26
SVK,2019,natural_gas_dry,2.446464866,billion_cubic_feet,EIA_INTL_v2:productId=26
SVN,2019,natural_gas_dry,0.356419863,billion_cubic_feet,EIA_INTL_v2:productId=26
SWE,2019,natural_gas_dry,0.0,billion_cubic_feet,EIA_INTL_v2:productId=26
SWZ,2019,natural_gas_dry,0.0,billion_cubic_feet,EIA_INTL_v2:productId=26
SYC,2019,natural_gas_dry,0.0,billion_cubic_feet,EIA_INTL_v2:productId=26
SYR,2019,natural_gas_dry,124.699075,billion_cubic_feet,EIA_INTL_v2:productId=26
TCA,2019,natural_gas_dry,0.0,billion_cubic_feet,EIA_INTL_v2:productId=26
TCD,2019,natural_gas_dry,0.0,billion_cubic_feet,EIA_INTL_v2:productId=26
TGO,2019,natural_gas_dry,0.0,billion_cubic_feet,EIA_INTL_v2:productId=26
THA,2019,natural_gas_dry,1353.214697,billion_cubic_feet,EIA_INTL_v2:productId=26
TJK,2019,natural_gas_dry,0.648950863,billion_cubic_feet,EIA_INTL_v2:productId=26
TKM,2019,natural_gas_dry,2953.119807,billion_cubic_feet,EIA_INTL_v2:productId=26
TLS,2019,natural_gas_dry,194.8427226,billion_cubic_feet,EIA_INTL_v2:productId=26
TON,2019,natural_gas_dry,0.0,billion_cubic_feet,EIA_INTL_v2:productId=26
TTO,2019,natural_gas_dry,1258.747216,billion_cubic_feet,EIA_INTL_v2:productId=26
TUN,2019,natural_gas_dry,39.6182298,billion_cubic_feet,EIA_INTL_v2:productId=26
TUR,2019,natural_gas_dry,16.7191581,billion_cubic_feet,EIA_INTL_v2:productId=26
TUV,2019,natural_gas_dry,0.0,billion_cubic_feet,EIA_INTL_v2:productId=26
TWN,2019,natural_gas_dry,4.607604044,billion_cubic_feet,EIA_INTL_v2:productId=26
TZA,2019,natural_gas_dry,48.691,billion_cubic_feet,EIA_INTL_v2:productId=26
UGA,2019,natural_gas_dry,0.0,billion_cubic_feet,EIA_INTL_v2:productId=26
UKR,2019,natural_gas_dry,697.0721285,billion_cubic_feet,EIA_INTL_v2:productId=26
URY,2019,natural_gas_dry,0.0,billion_cubic_feet,EIA_INTL_v2:productId=26
USA,2019,natural_gas_dry,33899.020594,billion_cubic_feet,EIA_INTL_v2:productId=26
UZB,2019,natural_gas_dry,1974.681462,billion_cubic_feet,EIA_INTL_v2:productId=26
VCT,2019,natural_gas_dry,0.0,billion_cubic_feet,EIA_INTL_v2:productId=26
VEN,2019,natural_gas_dry,702.2743063,billion_cubic_feet,EIA_INTL_v2:productId=26
VGB,2019,natural_gas_dry,0.0,billion_cubic_feet,EIA_INTL_v2:productId=26
VIR,2019,natural_gas_dry,0.0,billion_cubic_feet,EIA_INTL_v2:productId=26
VNM,2019,natural_gas_dry,343.2655938,billion_cubic_feet,EIA_INTL_v2:productId=26
VUT,2019,natural_gas_dry,0.0,billion_cubic_feet,EIA_INTL_v2:productId=26
WAK,2019,natural_gas_dry,0.0,billion_cubic_feet,EIA_INTL_v2:productId=26
WSM,2019,natural_gas_dry,0.0,billion_cubic_feet,EIA_INTL_v2:productId=26
XKS,2019,natural_gas_dry,0.0,billion_cubic_feet,EIA_INTL_v2:productId=26
YEM,2019,natural_gas_dry,0.3632566,billion_cubic_feet,EIA_INTL_v2:productId=26
ZAF,2019,natural_gas_dry,43.40909602,billion_cubic_feet,EIA_INTL_v2:productId=26
ZMB,2019,natural_gas_dry,0.0,billion_cubic_feet,EIA_INTL_v2:productId=26
ZWE,2019,natural_gas_dry,0.0,billion_cubic_feet,EIA_INTL_v2:productId=26
ABW,2020,natural_gas_dry,0.0,billion_cubic_feet,EIA_INTL_v2:productId=26
AFG,2020,natural_gas_dry,2.83223894,billion_cubic_feet,EIA_INTL_v2:productId=26
AGO,2020,natural_gas_dry,263.094515,billion_cubic_feet,EIA_INTL_v2:productId=26
ALB,2020,natural_gas_dry,1.977320953,billion_cubic_feet,EIA_INTL_v2:productId=26
ARE,2020,natural_gas_dry,1971.343688,billion_cubic_feet,EIA_INTL_v2:productId=26
ARG,2020,natural_gas_dry,1423.004627,billion_cubic_feet,EIA_INTL_v2:productId=26
ARM,2020,natural_gas_dry,0.0,billion_cubic_feet,EIA_INTL_v2:productId=26
ASM,2020,natural_gas_dry,0.0,billion_cubic_feet,EIA_INTL_v2:productId=26
ATA,2020,natural_gas_dry,0.0,billion_cubic_feet,EIA_INTL_v2:productId=26
ATG,2020,natural_gas_dry,0.0,billion_cubic_feet,EIA_INTL_v2:productId=26
AUS,2020,natural_gas_dry,5112.12007,billion_cubic_feet,EIA_INTL_v2:productId=26
AUT,2020,natural_gas_dry,26.88207936,billion_cubic_feet,EIA_INTL_v2:productId=26
AZE,2020,natural_gas_dry,867.8624246,billion_cubic_feet,EIA_INTL_v2:productId=26
BDI,2020,natural_gas_dry,0.0,billion_cubic_feet,EIA_INTL_v2:productId=26
BEL,2020,natural_gas_dry,0.2118882,billion_cubic_feet,EIA_INTL_v2:productId=26
BEN,2020,natural_gas_dry,0.0,billion_cubic_feet,EIA_INTL_v2:productId=26
BFA,2020,natural_gas_dry,0.0,billion_cubic_feet,EIA_INTL_v2:productId=26
BGD,2020,natural_gas_dry,868.9,billion_cubic_feet,EIA_INTL_v2:productId=26
BGR,2020,natural_gas_dry,2.305484889,billion_cubic_feet,EIA_INTL_v2:productId=26
BHR,2020,natural_gas_dry,636.9421412,billion_cubic_feet,EIA_INTL_v2:productId=26
BHS,2020,natural_gas_dry,0.0,billion_cubic_feet,EIA_INTL_v2:productId=26
BIH,2020,natural_gas_dry,0.0,billion_cubic_feet,EIA_INTL_v2:productId=26
BLR,2020,natural_gas_dry,2.3912489,billion_cubic_feet,EIA_INTL_v2:productId=26
BLZ,2020,natural_gas_dry,0.0,billion_cubic_feet,EIA_INTL_v2:productId=26
BMU,2020,natural_gas_dry,0.0,billion_cubic_feet,EIA_INTL_v2:productId=26
BOL,2020,natural_gas_dry,536.916877,billion_cubic_feet,EIA_INTL_v2:productId=26
BRA,2020,natural_gas_dry,829.5549706,billion_cubic_feet,EIA_INTL_v2:productId=26
BRB,2020,natural_gas_dry,0.392770093,billion_cubic_feet,EIA_INTL_v2:productId=26
BRN,2020,natural_gas_dry,443.4564303,billion_cubic_feet,EIA_INTL_v2:productId=26
BTN,2020,natural_gas_dry,0.0,billion_cubic_feet,EIA_INTL_v2:productId=26
BWA,2020,natural_gas_dry,0.0,billion_cubic_feet,EIA_INTL_v2:productId=26
CAF,2020,natural_gas_dry,0.0,billion_cubic_feet,EIA_INTL_v2:productId=26
CAN,2020,natural_gas_dry,5959.582766,billion_cubic_feet,EIA_INTL_v2:productId=26
CHE,2020,natural_gas_dry,0.0,billion_cubic_feet,EIA_INTL_v2:productId=26
CHL,2020,natural_gas_dry,48.30253441,billion_cubic_feet,EIA_INTL_v2:productId=26
CHN,2020,natural_gas_dry,6922.082591,billion_cubic_feet,EIA_INTL_v2:productId=26
CIV,2020,natural_gas_dry,83.00583049,billion_cubic_feet,EIA_INTL_v2:productId=26
CMR,2020,natural_gas_dry,84.654983,billion_cubic_feet,EIA_INTL_v2:productId=26
COD,2020,natural_gas_dry,0.0,billion_cubic_feet,EIA_INTL_v2:productId=26
COG,2020,natural_gas_dry,44.53390703,billion_cubic_feet,EIA_INTL_v2:productId=26
COK,2020,natural_gas_dry,0.0,billion_cubic_feet,EIA_INTL_v2:productId=26
COL,2020,natural_gas_dry,399.2358715,billion_cubic_feet,EIA_INTL_v2:productId=26
COM,2020,natural_gas_dry,0.0,billion_cubic_feet,EIA_INTL_v2:productId=26
CPV,2020,natural_gas_dry,0.0,billion_cubic_feet,EIA_INTL_v2:productId=26
CRI,2020,natural_gas_dry,0.0,billion_cubic_feet,EIA_INTL_v2:productId=26
CUB,2020,natural_gas_dry,31.97614943,billion_cubic_feet,EIA_INTL_v2:productId=26
CYM,2020,natural_gas_dry,0.0,billion_cubic_feet,EIA_INTL_v2:productId=26
CYP,2020,natural_gas_dry,0.0,billion_cubic_feet,EIA_INTL_v2:productId=26
CZE,2020,natural_gas_dry,6.95980713,billion_cubic_feet,EIA_INTL_v2:productId=26
DEU,2020,natural_gas_dry,181.1261003,billion_cubic_feet,EIA_INTL_v2:productId=26
DJI,2020,natural_gas_dry,0.0,billion_cubic_feet,EIA_INTL_v2:productId=26
DMA,2020,natural_gas_dry,0.0,billion_cubic_feet,EIA_INTL_v2:productId=26
DNK,2020,natural_gas_dry,63.99824827,billion_cubic_feet,EIA_INTL_v2:productId=26
DOM,2020,natural_gas_dry,0.0,billion_cubic_feet,EIA_INTL_v2:productId=26
DZA,2020,natural_gas_dry,2991.908585,billion_cubic_feet,EIA_INTL_v2:productId=26
ECU,2020,natural_gas_dry,10.2295996,billion_cubic_feet,EIA_INTL_v2:productId=26
EGY,2020,natural_gas_dry,2139.474219,billion_cubic_feet,EIA_INTL_v2:productId=26
ERI,2020,natural_gas_dry,0.0,billion_cubic_feet,EIA_INTL_v2:productId=26
ESH,2020,natural_gas_dry,0.0,billion_cubic_feet,EIA_INTL_v2:productId=26
ESP,2020,natural_gas_dry,2.0482526,billion_cubic_feet,EIA_INTL_v2:productId=26
EST,2020,natural_gas_dry,0.0,billion_cubic_feet,EIA_INTL_v2:productId=26
ETH,2020,natural_gas_dry,0.0,billion_cubic_feet,EIA_INTL_v2:productId=26
FIN,2020,natural_gas_dry,0.0,billion_cubic_feet,EIA_INTL_v2:productId=26
FJI,2020,natural_gas_dry,0.0,billion_cubic_feet,EIA_INTL_v2:productId=26
FLK,2020,natural_gas_dry,0.0,billion_cubic_feet,EIA_INTL_v2:productId=26
FRA,2020,natural_gas_dry,0.625138262,billion_cubic_feet,EIA_INTL_v2:productId=26
FRO,2020,natural_gas_dry,0.0,billion_cubic_feet,EIA_INTL_v2:productId=26
FSM,2020,natural_gas_dry,0.0,billion_cubic_feet,EIA_INTL_v2:productId=26
GAB,2020,natural_gas_dry,17.72598249,billion_cubic_feet,EIA_INTL_v2:productId=26
GBR,2020,natural_gas_dry,1392.011902,billion_cubic_feet,EIA_INTL_v2:productId=26
GEO,2020,natural_gas_dry,0.215440227,billion_cubic_feet,EIA_INTL_v2:productId=26
GHA,2020,natural_gas_dry,91.08532755,billion_cubic_feet,EIA_INTL_v2:productId=26
GIB,2020,natural_gas_dry,0.0,billion_cubic_feet,EIA_INTL_v2:productId=26
GIN,2020,natural_gas_dry,0.0,billion_cubic_feet,EIA_INTL_v2:productId=26
GMB,2020,natural_gas_dry,0.0,billion_cubic_feet,EIA_INTL_v2:productId=26
GNB,2020,natural_gas_dry,0.0,billion_cubic_feet,EIA_INTL_v2:productId=26
GNQ,2020,natural_gas_dry,204.6218923,billion_cubic_feet,EIA_INTL_v2:productId=26
GRC,2020,natural_gas_dry,0.202898963,billion_cubic_feet,EIA_INTL_v2:productId=26
GRD,2020,natural_gas_dry,0.0,billion_cubic_feet,EIA_INTL_v2:productId=26
GRL,2020,natural_gas_dry,0.0,billion_cubic_feet,EIA_INTL_v2:productId=26
GTM,2020,natural_gas_dry,2.375622553,billion_cubic_feet,EIA_INTL_v2:productId=26
GUM,2020,natural_gas_dry,0.0,billion_cubic_feet,EIA_INTL_v2:productId=26
GUY,2020,natural_gas_dry,0.0,billion_cubic_feet,EIA_INTL_v2:productId=26
HKG,2020,natural_gas_dry,0.0,billion_cubic_feet,EIA_INTL_v2:productId=26
HND,2020,natural_gas_dry,0.0,billion_cubic_feet,EIA_INTL_v2:productId=26
HRV,2020,natural_gas_dry,29.9821803,billion_cubic_feet,EIA_INTL_v2:productId=26
HTI,2020,natural_gas_dry,0.0,billion_cubic_feet,EIA_INTL_v2:productId=26
HUN,2020,natural_gas_dry,59.5058011,billion_cubic_feet,EIA_INTL_v2:productId=26
IDN,2020,natural_gas_dry,2457.038987,billion_cubic_feet,EIA_INTL_v2:productId=26
IND,2020,natural_gas_dry,976.7787502,billion_cubic_feet,EIA_INTL_v2:productId=26
IRL,2020,natural_gas_dry,73.17414243,billion_cubic_feet,EIA_INTL_v2:productId=26
IRN,2020,natural_gas_dry,8788.273603,billion_cubic_feet,EIA_INTL_v2:productId=26
IRQ,2020,natural_gas_dry,260.269339,billion_cubic_feet,EIA_INTL_v2:productId=26
ISL,2020,natural_gas_dry,0.0,billion_cubic_feet,EIA_INTL_v2:productId=26
ISR,2020,natural_gas_dry,529.4302394,billion_cubic_feet,EIA_INTL_v2:productId=26
ITA,2020,natural_gas_dry,142.6607465,billion_cubic_feet,EIA_INTL_v2:productId=26
JAM,2020,natural_gas_dry,0.0,billion_cubic_feet,EIA_INTL_v2:productId=26
JOR,2020,natural_gas_dry,6.596969699,billion_cubic_feet,EIA_INTL_v2:productId=26
JPN,2020,natural_gas_dry,81.05998511,billion_cubic_feet,EIA_INTL_v2:productId=26
KAZ,2020,natural_gas_dry,752.1624928,billion_cubic_feet,EIA_INTL_v2:productId=26
KEN,2020,natural_gas_dry,0.0,billion_cubic_feet,EIA_INTL_v2:productId=26
KGZ,2020,natural_gas_dry,0.835842522,billion_cubic_feet,EIA_INTL_v2:productId=26
KHM,2020,natural_gas_dry,0.0,billion_cubic_feet,EIA_INTL_v2:productId=26
KIR,2020,natural_gas_dry,0.0,billion_cubic_feet,EIA_INTL_v2:productId=26
KNA,2020,natural_gas_dry,0.0,billion_cubic_feet,EIA_INTL_v2:productId=26
KOR,2020,natural_gas_dry,6.527460361,billion_cubic_feet,EIA_INTL_v2:productId=26
KWT,2020,natural_gas_dry,583.779,billion_cubic_feet,EIA_INTL_v2:productId=26
LAO,2020,natural_gas_dry,0.0,billion_cubic_feet,EIA_INTL_v2:productId=26
LBN,2020,natural_gas_dry,0.0,billion_cubic_feet,EIA_INTL_v2:productId=26
LBR,2020,natural_gas_dry,0.0,billion_cubic_feet,EIA_INTL_v2:productId=26
LBY,2020,natural_gas_dry,379.1587861,billion_cubic_feet,EIA_INTL_v2:productId=26
LCA,2020,natural_gas_dry,0.0,billion_cubic_feet,EIA_INTL_v2:productId=26
LKA,2020,natural_gas_dry,0.0,billion_cubic_feet,EIA_INTL_v2:productId=26
LSO,2020,natural_gas_dry,0.0,billion_cubic_feet,EIA_INTL_v2:productId=26
LTU,2020,natural_gas_dry,0.0,billion_cubic_feet,EIA_INTL_v2:productId=26
LUX,2020,natural_gas_dry,0.0,billion_cubic_feet,EIA_INTL_v2:productId=26
LVA,2020,natural_gas_dry,0.0,billion_cubic_feet,EIA_INTL_v2:productId=26
MAC,2020,natural_gas_dry,0.0,billion_cubic_feet,EIA_INTL_v2:productId=26
MAR,2020,natural_gas_dry,3.730185909,billion_cubic_feet,EIA_INTL_v2:productId=26
MDA,2020,natural_gas_dry,0.000353147,billion_cubic_feet,EIA_INTL_v2:productId=26
MDG,2020,natural_gas_dry,0.0,billion_cubic_feet,EIA_INTL_v2:productId=26
MDV,2020,natural_gas_dry,0.0,billion_cubic_feet,EIA_INTL_v2:productId=26
MEX,2020,natural_gas_dry,1078.58004,billion_cubic_feet,EIA_INTL_v2:productId=26
MKD,2020,natural_gas_dry,0.0,billion_cubic_feet,EIA_INTL_v2:productId=26
MLI,2020,natural_gas_dry,0.0,billion_cubic_feet,EIA_INTL_v2:productId=26
MLT,2020,natural_gas_dry,0.0,billion_cubic_feet,EIA_INTL_v2:productId=26
MMR,2020,natural_gas_dry,595.5889879,billion_cubic_feet,EIA_INTL_v2:productId=26
MNE,2020,natural_gas_dry,0.0,billion_cubic_feet,EIA_INTL_v2:productId=26
MNG,2020,natural_gas_dry,0.0,billion_cubic_feet,EIA_INTL_v2:productId=26
MNP,2020,natural_gas_dry,0.0,billion_cubic_feet,EIA_INTL_v2:productId=26
MOZ,2020,natural_gas_dry,187.9735605,billion_cubic_feet,EIA_INTL_v2:productId=26
MRT,2020,natural_gas_dry,0.0,billion_cubic_feet,EIA_INTL_v2:productId=26
MSR,2020,natural_gas_dry,0.0,billion_cubic_feet,EIA_INTL_v2:productId=26
MUS,2020,natural_gas_dry,0.0,billion_cubic_feet,EIA_INTL_v2:productId=26
MWI,2020,natural_gas_dry,0.0,billion_cubic_feet,EIA_INTL_v2:productId=26
MYS,2020,natural_gas_dry,2301.539746,billion_cubic_feet,EIA_INTL_v2:productId=26
NAM,2020,natural_gas_dry,0.0,billion_cubic_feet,EIA_INTL_v2:productId=26
NCL,2020,natural_gas_dry,0.0,billion_cubic_feet,EIA_INTL_v2:productId=26
NER,2020,natural_gas_dry,1.3772733,billion_cubic_feet,EIA_INTL_v2:productId=26
NGA,2020,natural_gas_dry,1652.59288,billion_cubic_feet,EIA_INTL_v2:productId=26
NIC,2020,natural_gas_dry,0.0,billion_cubic_feet,EIA_INTL_v2:productId=26
NIU,2020,natural_gas_dry,0.0,billion_cubic_feet,EIA_INTL_v2:productId=26
NLD,2020,natural_gas_dry,852.1474929,billion_cubic_feet,EIA_INTL_v2:productId=26
NOR,2020,natural_gas_dry,4142.692776,billion_cubic_feet,EIA_INTL_v2:productId=26
NPL,2020,natural_gas_dry,0.0,billion_cubic_feet,EIA_INTL_v2:productId=26
NRU,2020,natural_gas_dry,0.0,billion_cubic_feet,EIA_INTL_v2:productId=26
NZL,2020,natural_gas_dry,166.7810112,billion_cubic_feet,EIA_INTL_v2:productId=26
OMN,2020,natural_gas_dry,1260.116292,billion_cubic_feet,EIA_INTL_v2:productId=26
PAK,2020,natural_gas_dry,1146.878328,billion_cubic_feet,EIA_INTL_v2:productId=26
PAN,2020,natural_gas_dry,0.0,billion_cubic_feet,EIA_INTL_v2:productId=26
PER,2020,natural_gas_dry,424.9241278,billion_cubic_feet,EIA_INTL_v2:productId=26
PHL,2020,natural_gas_dry,135.9373075,billion_cubic_feet,EIA_INTL_v2:productId=26
PNG,2020,natural_gas_dry,419.2482919,billion_cubic_feet,EIA_INTL_v2:productId=26
POL,2020,natural_gas_dry,200.1216293,billion_cubic_feet,EIA_INTL_v2:productId=26
PRI,2020,natural_gas_dry,0.0,billion_cubic_feet,EIA_INTL_v2:productId=26
PRK,2020,natural_gas_dry,0.0,billion_cubic_feet,EIA_INTL_v2:productId=26
PRT,2020,natural_gas_dry,0.0,billion_cubic_feet,EIA_INTL_v2:productId=26
PRY,2020,natural_gas_dry,0.0,billion_cubic_feet,EIA_INTL_v2:productId=26
PSE,2020,natural_gas_dry,0.0,billion_cubic_feet,EIA_INTL_v2:productId=26
PYF,2020,natural_gas_dry,0.0,billion_cubic_feet,EIA_INTL_v2:productId=26
QAT,2020,natural_gas_dry,5911.223712,billion_cubic_feet,EIA_INTL_v2:productId=26
ROU,2020,natural_gas_dry,306.1384919,billion_cubic_feet,EIA_INTL_v2:productId=26
RUS,2020,natural_gas_dry,23598.69998,billion_cubic_feet,EIA_INTL_v2:productId=26
RWA,2020,natural_gas_dry,2.08416765,billion_cubic_feet,EIA_INTL_v2:productId=26
SAU,2020,natural_gas_dry,4017.991135,billion_cubic_feet,EIA_INTL_v2:productId=26
SDN,2020,natural_gas_dry,0.0,billion_cubic_feet,EIA_INTL_v2:productId=26
SEN,2020,natural_gas_dry,2.258587785,billion_cubic_feet,EIA_INTL_v2:productId=26
SGP,2020,natural_gas_dry,0.0,billion_cubic_feet,EIA_INTL_v2:productId=26
SHN,2020,natural_gas_dry,0.0,billion_cubic_feet,EIA_INTL_v2:productId=26
SLB,2020,natural_gas_dry,0.0,billion_cubic_feet,EIA_INTL_v2:productId=26
SLE,2020,natural_gas_dry,0.0,billion_cubic_feet,EIA_INTL_v2:productId=26
SLV,2020,natural_gas_dry,0.0,billion_cubic_feet,EIA_INTL_v2:productId=26
SOM,2020,natural_gas_dry,0.0,billion_cubic_feet,EIA_INTL_v2:productId=26
SPM,2020,natural_gas_dry,0.0,billion_cubic_feet,EIA_INTL_v2:productId=26
SRB,2020,natural_gas_dry,15.31862093,billion_cubic_feet,EIA_INTL_v2:productId=26
SSD,2020,natural_gas_dry,0.0,billion_cubic_feet,EIA_INTL_v2:productId=26
STP,2020,natural_gas_dry,0.0,billion_cubic_feet,EIA_INTL_v2:productId=26
SUR,2020,natural_gas_dry,0.233465482,billion_cubic_feet,EIA_INTL_v2:productId=26
SVK,2020,natural_gas_dry,2.207482113,billion_cubic_feet,EIA_INTL_v2:productId=26
SVN,2020,natural_gas_dry,0.172831232,billion_cubic_feet,EIA_INTL_v2:productId=26
SWE,2020,natural_gas_dry,0.0,billion_cubic_feet,EIA_INTL_v2:productId=26
SWZ,2020,natural_gas_dry,0.0,billion_cubic_feet,EIA_INTL_v2:productId=26
SYC,2020,natural_gas_dry,0.0,billion_cubic_feet,EIA_INTL_v2:productId=26
SYR,2020,natural_gas_dry,97.392443,billion_cubic_feet,EIA_INTL_v2:productId=26
TCA,2020,natural_gas_dry,0.0,billion_cubic_feet,EIA_INTL_v2:productId=26
TCD,2020,natural_gas_dry,0.0,billion_cubic_feet,EIA_INTL_v2:productId=26
TGO,2020,natural_gas_dry,0.0,billion_cubic_feet,EIA_INTL_v2:productId=26
THA,2020,natural_gas_dry,1202.478262,billion_cubic_feet,EIA_INTL_v2:productId=26
TJK,2020,natural_gas_dry,0.652599723,billion_cubic_feet,EIA_INTL_v2:productId=26
TKM,2020,natural_gas_dry,2812.531807,billion_cubic_feet,EIA_INTL_v2:productId=26
TLS,2020,natural_gas_dry,236.8852051,billion_cubic_feet,EIA_INTL_v2:productId=26
TON,2020,natural_gas_dry,0.0,billion_cubic_feet,EIA_INTL_v2:productId=26
TTO,2020,natural_gas_dry,1090.755094,billion_cubic_feet,EIA_INTL_v2:productId=26
TUN,2020,natural_gas_dry,42.79689863,billion_cubic_feet,EIA_INTL_v2:productId=26
TUR,2020,natural_gas_dry,15.64703553,billion_cubic_feet,EIA_INTL_v2:productId=26
TUV,2020,natural_gas_dry,0.0,billion_cubic_feet,EIA_INTL_v2:productId=26
TWN,2020,natural_gas_dry,2.689444344,billion_cubic_feet,EIA_INTL_v2:productId=26
TZA,2020,natural_gas_dry,42.25694371,billion_cubic_feet,EIA_INTL_v2:productId=26
UGA,2020,natural_gas_dry,0.0,billion_cubic_feet,EIA_INTL_v2:productId=26
UKR,2020,natural_gas_dry,688.3399857,billion_cubic_feet,EIA_INTL_v2:productId=26
URY,2020,natural_gas_dry,0.0,billion_cubic_feet,EIA_INTL_v2:productId=26
USA,2020,natural_gas_dry,33811.129105,billion_cubic_feet,EIA_INTL_v2:productId=26
UZB,2020,natural_gas_dry,1622.352296,billion_cubic_feet,EIA_INTL_v2:productId=26
VCT,2020,natural_gas_dry,0.0,billion_cubic_feet,EIA_INTL_v2:productId=26
VEN,2020,natural_gas_dry,675.3392956,billion_cubic_feet,EIA_INTL_v2:productId=26
VGB,2020,natural_gas_dry,0.0,billion_cubic_feet,EIA_INTL_v2:productId=26
VIR,2020,natural_gas_dry,0.0,billion_cubic_feet,EIA_INTL_v2:productId=26
VNM,2020,natural_gas_dry,301.5448072,billion_cubic_feet,EIA_INTL_v2:productId=26
VUT,2020,natural_gas_dry,0.0,billion_cubic_feet,EIA_INTL_v2:productId=26
WAK,2020,natural_gas_dry,0.0,billion_cubic_feet,EIA_INTL_v2:productId=26
WSM,2020,natural_gas_dry,0.0,billion_cubic_feet,EIA_INTL_v2:productId=26
XKS,2020,natural_gas_dry,0.0,billion_cubic_feet,EIA_INTL_v2:productId=26
YEM,2020,natural_gas_dry,0.3666106,billion_cubic_feet,EIA_INTL_v2:productId=26
ZAF,2020,natural_gas_dry,41.71331598,billion_cubic_feet,EIA_INTL_v2:productId=26
ZMB,2020,natural_gas_dry,0.0,billion_cubic_feet,EIA_INTL_v2:productId=26
ZWE,2020,natural_gas_dry,0.0,billion_cubic_feet,EIA_INTL_v2:productId=26
ABW,2021,natural_gas_dry,0.0,billion_cubic_feet,EIA_INTL_v2:productId=26
AGO,2021,natural_gas_dry,210.122465,billion_cubic_feet,EIA_INTL_v2:productId=26
ALB,2021,natural_gas_dry,2.092430599,billion_cubic_feet,EIA_INTL_v2:productId=26
ARE,2021,natural_gas_dry,1949.810973,billion_cubic_feet,EIA_INTL_v2:productId=26
ARG,2021,natural_gas_dry,1434.369508,billion_cubic_feet,EIA_INTL_v2:productId=26
ARM,2021,natural_gas_dry,0.0,billion_cubic_feet,EIA_INTL_v2:productId=26
ASM,2021,natural_gas_dry,0.0,billion_cubic_feet,EIA_INTL_v2:productId=26
ATA,2021,natural_gas_dry,0.0,billion_cubic_feet,EIA_INTL_v2:productId=26
ATG,2021,natural_gas_dry,0.0,billion_cubic_feet,EIA_INTL_v2:productId=26
AUS,2021,natural_gas_dry,5195.331513,billion_cubic_feet,EIA_INTL_v2:productId=26
AUT,2021,natural_gas_dry,24.16952801,billion_cubic_feet,EIA_INTL_v2:productId=26
AZE,2021,natural_gas_dry,1108.002385,billion_cubic_feet,EIA_INTL_v2:productId=26
BDI,2021,natural_gas_dry,0.0,billion_cubic_feet,EIA_INTL_v2:productId=26
BEL,2021,natural_gas_dry,0.18363644,billion_cubic_feet,EIA_INTL_v2:productId=26
BEN,2021,natural_gas_dry,0.0,billion_cubic_feet,EIA_INTL_v2:productId=26
BFA,2021,natural_gas_dry,0.0,billion_cubic_feet,EIA_INTL_v2:productId=26
BGD,2021,natural_gas_dry,851.0,billion_cubic_feet,EIA_INTL_v2:productId=26
BGR,2021,natural_gas_dry,1.277446723,billion_cubic_feet,EIA_INTL_v2:productId=26
BHR,2021,natural_gas_dry,648.4773388,billion_cubic_feet,EIA_INTL_v2:productId=26
BHS,2021,natural_gas_dry,0.0,billion_cubic_feet,EIA_INTL_v2:productId=26
BIH,2021,natural_gas_dry,0.0,billion_cubic_feet,EIA_INTL_v2:productId=26
BLR,2021,natural_gas_dry,2.6384518,billion_cubic_feet,EIA_INTL_v2:productId=26
BLZ,2021,natural_gas_dry,0.0,billion_cubic_feet,EIA_INTL_v2:productId=26
BMU,2021,natural_gas_dry,0.0,billion_cubic_feet,EIA_INTL_v2:productId=26
BOL,2021,natural_gas_dry,552.6418864,billion_cubic_feet,EIA_INTL_v2:productId=26
BRA,2021,natural_gas_dry,832.8524259,billion_cubic_feet,EIA_INTL_v2:productId=26
BRB,2021,natural_gas_dry,0.344636157,billion_cubic_feet,EIA_INTL_v2:productId=26
BRN,2021,natural_gas_dry,404.7236032,billion_cubic_feet,EIA_INTL_v2:productId=26
BTN,2021,natural_gas_dry,0.0,billion_cubic_feet,EIA_INTL_v2:productId=26
BWA,2021,natural_gas_dry,0.0,billion_cubic_feet,EIA_INTL_v2:productId=26
CAF,2021,natural_gas_dry,0.0,billion_cubic_feet,EIA_INTL_v2:productId=26
CAN,2021,natural_gas_dry,6196.495637,billion_cubic_feet,EIA_INTL_v2:productId=26
CHE,2021,natural_gas_dry,0.0,billion_cubic_feet,EIA_INTL_v2:productId=26
CHL,2021,natural_gas_dry,44.41791741,billion_cubic_feet,EIA_INTL_v2:productId=26
CHN,2021,natural_gas_dry,7479.346847,billion_cubic_feet,EIA_INTL_v2:productId=26
CIV,2021,natural_gas_dry,88.09775114,billion_cubic_feet,EIA_INTL_v2:productId=26
CMR,2021,natural_gas_dry,82.889248,billion_cubic_feet,EIA_INTL_v2:productId=26
COD,2021,natural_gas_dry,0.0,billion_cubic_feet,EIA_INTL_v2:productId=26
COG,2021,natural_gas_dry,45.31754022,billion_cubic_feet,EIA_INTL_v2:productId=26
COK,2021,natural_gas_dry,0.0,billion_cubic_feet,EIA_INTL_v2:productId=26
COL,2021,natural_gas_dry,403.4248516,billion_cubic_feet,EIA_INTL_v2:productId=26
COM,2021,natural_gas_dry,0.0,billion_cubic_feet,EIA_INTL_v2:productId=26
CPV,2021,natural_gas_dry,0.0,billion_cubic_feet,EIA_INTL_v2:productId=26
CRI,2021,natural_gas_dry,0.0,billion_cubic_feet,EIA_INTL_v2:productId=26
CUB,2021,natural_gas_dry,30.86991645,billion_cubic_feet,EIA_INTL_v2:productId=26
CYM,2021,natural_gas_dry,0.0,billion_cubic_feet,EIA_INTL_v2:productId=26
CYP,2021,natural_gas_dry,0.0,billion_cubic_feet,EIA_INTL_v2:productId=26
CZE,2021,natural_gas_dry,7.20701003,billion_cubic_feet,EIA_INTL_v2:productId=26
DEU,2021,natural_gas_dry,178.7247007,billion_cubic_feet,EIA_INTL_v2:productId=26
DJI,2021,natural_gas_dry,0.0,billion_cubic_feet,EIA_INTL_v2:productId=26
DMA,2021,natural_gas_dry,0.0,billion_cubic_feet,EIA_INTL_v2:productId=26
DNK,2021,natural_gas_dry,66.37346829,billion_cubic_feet,EIA_INTL_v2:productId=26
DOM,2021,natural_gas_dry,0.0,billion_cubic_feet,EIA_INTL_v2:productId=26
DZA,2021,natural_gas_dry,3700.008085,billion_cubic_feet,EIA_INTL_v2:productId=26
ECU,2021,natural_gas_dry,10.70235635,billion_cubic_feet,EIA_INTL_v2:productId=26
EGY,2021,natural_gas_dry,2420.280927,billion_cubic_feet,EIA_INTL_v2:productId=26
ERI,2021,natural_gas_dry,0.0,billion_cubic_feet,EIA_INTL_v2:productId=26
ESH,2021,natural_gas_dry,0.0,billion_cubic_feet,EIA_INTL_v2:productId=26
ESP,2021,natural_gas_dry,1.672625642,billion_cubic_feet,EIA_INTL_v2:productId=26
EST,2021,natural_gas_dry,0.0,billion_cubic_feet,EIA_INTL_v2:productId=26
ETH,2021,natural_gas_dry,0.0,billion_cubic_feet,EIA_INTL_v2:productId=26
FIN,2021,natural_gas_dry,0.0,billion_cubic_feet,EIA_INTL_v2:productId=26
FJI,2021,natural_gas_dry,0.0,billion_cubic_feet,EIA_INTL_v2:productId=26
FLK,2021,natural_gas_dry,0.0,billion_cubic_feet,EIA_INTL_v2:productId=26
FRA,2021,natural_gas_dry,0.802385084,billion_cubic_feet,EIA_INTL_v2:productId=26
FRO,2021,natural_gas_dry,0.0,billion_cubic_feet,EIA_INTL_v2:productId=26
FSM,2021,natural_gas_dry,0.0,billion_cubic_feet,EIA_INTL_v2:productId=26
GAB,2021,natural_gas_dry,16.02934233,billion_cubic_feet,EIA_INTL_v2:productId=26
GBR,2021,natural_gas_dry,1149.728567,billion_cubic_feet,EIA_INTL_v2:productId=26
GEO,2021,natural_gas_dry,0.397143206,billion_cubic_feet,EIA_INTL_v2:productId=26
GHA,2021,natural_gas_dry,103.1407386,billion_cubic_feet,EIA_INTL_v2:productId=26
GIB,2021,natural_gas_dry,0.0,billion_cubic_feet,EIA_INTL_v2:productId=26
GIN,2021,natural_gas_dry,0.0,billion_cubic_feet,EIA_INTL_v2:productId=26
GMB,2021,natural_gas_dry,0.0,billion_cubic_feet,EIA_INTL_v2:productId=26
GNB,2021,natural_gas_dry,0.0,billion_cubic_feet,EIA_INTL_v2:productId=26
GNQ,2021,natural_gas_dry,239.3792383,billion_cubic_feet,EIA_INTL_v2:productId=26
GRC,2021,natural_gas_dry,0.115989486,billion_cubic_feet,EIA_INTL_v2:productId=26
GRD,2021,natural_gas_dry,0.0,billion_cubic_feet,EIA_INTL_v2:productId=26
GRL,2021,natural_gas_dry,0.0,billion_cubic_feet,EIA_INTL_v2:productId=26
GTM,2021,natural_gas_dry,2.542634433,billion_cubic_feet,EIA_INTL_v2:productId=26
GUM,2021,natural_gas_dry,0.0,billion_cubic_feet,EIA_INTL_v2:productId=26
GUY,2021,natural_gas_dry,0.0,billion_cubic_feet,EIA_INTL_v2:productId=26
HKG,2021,natural_gas_dry,0.0,billion_cubic_feet,EIA_INTL_v2:productId=26
HND,2021,natural_gas_dry,0.0,billion_cubic_feet,EIA_INTL_v2:productId=26
HRV,2021,natural_gas_dry,26.34123473,billion_cubic_feet,EIA_INTL_v2:productId=26
HTI,2021,natural_gas_dry,0.0,billion_cubic_feet,EIA_INTL_v2:productId=26
HUN,2021,natural_gas_dry,53.00083336,billion_cubic_feet,EIA_INTL_v2:productId=26
IDN,2021,natural_gas_dry,2450.889991,billion_cubic_feet,EIA_INTL_v2:productId=26
IND,2021,natural_gas_dry,1145.961549,billion_cubic_feet,EIA_INTL_v2:productId=26
IRL,2021,natural_gas_dry,55.39643993,billion_cubic_feet,EIA_INTL_v2:productId=26
IRN,2021,natural_gas_dry,9044.305178,billion_cubic_feet,EIA_INTL_v2:productId=26
IRQ,2021,natural_gas_dry,338.667973,billion_cubic_feet,EIA_INTL_v2:productId=26
ISL,2021,natural_gas_dry,0.0,billion_cubic_feet,EIA_INTL_v2:productId=26
ISR,2021,natural_gas_dry,665.5852884,billion_cubic_feet,EIA_INTL_v2:productId=26
ITA,2021,natural_gas_dry,113.367556,billion_cubic_feet,EIA_INTL_v2:productId=26
JAM,2021,natural_gas_dry,0.0,billion_cubic_feet,EIA_INTL_v2:productId=26
JOR,2021,natural_gas_dry,8.596276125,billion_cubic_feet,EIA_INTL_v2:productId=26
JPN,2021,natural_gas_dry,81.3830793,billion_cubic_feet,EIA_INTL_v2:productId=26
KAZ,2021,natural_gas_dry,944.548155,billion_cubic_feet,EIA_INTL_v2:productId=26
KEN,2021,natural_gas_dry,0.0,billion_cubic_feet,EIA_INTL_v2:productId=26
KGZ,2021,natural_gas_dry,0.829062099,billion_cubic_feet,EIA_INTL_v2:productId=26
KHM,2021,natural_gas_dry,0.0,billion_cubic_feet,EIA_INTL_v2:productId=26
KIR,2021,natural_gas_dry,0.0,billion_cubic_feet,EIA_INTL_v2:productId=26
KNA,2021,natural_gas_dry,0.0,billion_cubic_feet,EIA_INTL_v2:productId=26
KOR,2021,natural_gas_dry,1.940596324,billion_cubic_feet,EIA_INTL_v2:productId=26
KWT,2021,natural_gas_dry,562.692,billion_cubic_feet,EIA_INTL_v2:productId=26
LAO,2021,natural_gas_dry,0.0,billion_cubic_feet,EIA_INTL_v2:productId=26
LBN,2021,natural_gas_dry,0.0,billion_cubic_feet,EIA_INTL_v2:productId=26
LBR,2021,natural_gas_dry,0.0,billion_cubic_feet,EIA_INTL_v2:productId=26
LBY,2021,natural_gas_dry,445.9631075,billion_cubic_feet,EIA_INTL_v2:productId=26
LCA,2021,natural_gas_dry,0.0,billion_cubic_feet,EIA_INTL_v2:productId=26
LKA,2021,natural_gas_dry,0.0,billion_cubic_feet,EIA_INTL_v2:productId=26
LSO,2021,natural_gas_dry,0.0,billion_cubic_feet,EIA_INTL_v2:productId=26
LTU,2021,natural_gas_dry,0.0,billion_cubic_feet,EIA_INTL_v2:productId=26
LUX,2021,natural_gas_dry,0.0,billion_cubic_feet,EIA_INTL_v2:productId=26
LVA,2021,natural_gas_dry,0.0,billion_cubic_feet,EIA_INTL_v2:productId=26
MAC,2021,natural_gas_dry,0.0,billion_cubic_feet,EIA_INTL_v2:productId=26
MAR,2021,natural_gas_dry,4.171725603,billion_cubic_feet,EIA_INTL_v2:productId=26
MDA,2021,natural_gas_dry,0.0,billion_cubic_feet,EIA_INTL_v2:productId=26
MDG,2021,natural_gas_dry,0.0,billion_cubic_feet,EIA_INTL_v2:productId=26
MDV,2021,natural_gas_dry,0.0,billion_cubic_feet,EIA_INTL_v2:productId=26
MEX,2021,natural_gas_dry,1093.0436,billion_cubic_feet,EIA_INTL_v2:productId=26
MKD,2021,natural_gas_dry,0.0,billion_cubic_feet,EIA_INTL_v2:productId=26
MLI,2021,natural_gas_dry,0.0,billion_cubic_feet,EIA_INTL_v2:productId=26
MLT,2021,natural_gas_dry,0.0,billion_cubic_feet,EIA_INTL_v2:productId=26
MMR,2021,natural_gas_dry,610.6198207,billion_cubic_feet,EIA_INTL_v2:productId=26
MNE,2021,natural_gas_dry,0.0,billion_cubic_feet,EIA_INTL_v2:productId=26
MNG,2021,natural_gas_dry,0.0,billion_cubic_feet,EIA_INTL_v2:productId=26
MNP,2021,natural_gas_dry,0.0,billion_cubic_feet,EIA_INTL_v2:productId=26
MOZ,2021,natural_gas_dry,189.8739152,billion_cubic_feet,EIA_INTL_v2:productId=26
MRT,2021,natural_gas_dry,0.0,billion_cubic_feet,EIA_INTL_v2:productId=26
MSR,2021,natural_gas_dry,0.0,billion_cubic_feet,EIA_INTL_v2:productId=26
MUS,2021,natural_gas_dry,0.0,billion_cubic_feet,EIA_INTL_v2:productId=26
MWI,2021,natural_gas_dry,0.0,billion_cubic_feet,EIA_INTL_v2:productId=26
MYS,2021,natural_gas_dry,2513.241025,billion_cubic_feet,EIA_INTL_v2:productId=26
NAM,2021,natural_gas_dry,0.0,billion_cubic_feet,EIA_INTL_v2:productId=26
NCL,2021,natural_gas_dry,0.0,billion_cubic_feet,EIA_INTL_v2:productId=26
NER,2021,natural_gas_dry,1.047080855,billion_cubic_feet,EIA_INTL_v2:productId=26
NGA,2021,natural_gas_dry,1536.347482,billion_cubic_feet,EIA_INTL_v2:productId=26
NIC,2021,natural_gas_dry,0.0,billion_cubic_feet,EIA_INTL_v2:productId=26
NIU,2021,natural_gas_dry,0.0,billion_cubic_feet,EIA_INTL_v2:productId=26
NLD,2021,natural_gas_dry,764.384354,billion_cubic_feet,EIA_INTL_v2:productId=26
NOR,2021,natural_gas_dry,4237.346593,billion_cubic_feet,EIA_INTL_v2:productId=26
NPL,2021,natural_gas_dry,0.0,billion_cubic_feet,EIA_INTL_v2:productId=26
NRU,2021,natural_gas_dry,0.0,billion_cubic_feet,EIA_INTL_v2:productId=26
NZL,2021,natural_gas_dry,146.9014837,billion_cubic_feet,EIA_INTL_v2:productId=26
OMN,2021,natural_gas_dry,1360.940749,billion_cubic_feet,EIA_INTL_v2:productId=26
PAK,2021,natural_gas_dry,1009.183523,billion_cubic_feet,EIA_INTL_v2:productId=26
PAN,2021,natural_gas_dry,0.0,billion_cubic_feet,EIA_INTL_v2:productId=26
PER,2021,natural_gas_dry,401.4911292,billion_cubic_feet,EIA_INTL_v2:productId=26
PHL,2021,natural_gas_dry,115.834803,billion_cubic_feet,EIA_INTL_v2:productId=26
PNG,2021,natural_gas_dry,399.3081376,billion_cubic_feet,EIA_INTL_v2:productId=26
POL,2021,natural_gas_dry,198.8540788,billion_cubic_feet,EIA_INTL_v2:productId=26
PRI,2021,natural_gas_dry,0.0,billion_cubic_feet,EIA_INTL_v2:productId=26
PRK,2021,natural_gas_dry,0.0,billion_cubic_feet,EIA_INTL_v2:productId=26
PRT,2021,natural_gas_dry,0.0,billion_cubic_feet,EIA_INTL_v2:productId=26
PRY,2021,natural_gas_dry,0.0,billion_cubic_feet,EIA_INTL_v2:productId=26
PSE,2021,natural_gas_dry,0.0,billion_cubic_feet,EIA_INTL_v2:productId=26
PYF,2021,natural_gas_dry,0.0,billion_cubic_feet,EIA_INTL_v2:productId=26
QAT,2021,natural_gas_dry,5964.195762,billion_cubic_feet,EIA_INTL_v2:productId=26
ROU,2021,natural_gas_dry,306.9756975,billion_cubic_feet,EIA_INTL_v2:productId=26
RUS,2021,natural_gas_dry,25872.73326,billion_cubic_feet,EIA_INTL_v2:productId=26
RWA,2021,natural_gas_dry,2.221047427,billion_cubic_feet,EIA_INTL_v2:productId=26
SAU,2021,natural_gas_dry,4081.529088,billion_cubic_feet,EIA_INTL_v2:productId=26
SDN,2021,natural_gas_dry,0.0,billion_cubic_feet,EIA_INTL_v2:productId=26
SEN,2021,natural_gas_dry,1.931008627,billion_cubic_feet,EIA_INTL_v2:productId=26
SGP,2021,natural_gas_dry,0.0,billion_cubic_feet,EIA_INTL_v2:productId=26
SHN,2021,natural_gas_dry,0.0,billion_cubic_feet,EIA_INTL_v2:productId=26
SLB,2021,natural_gas_dry,0.0,billion_cubic_feet,EIA_INTL_v2:productId=26
SLE,2021,natural_gas_dry,0.0,billion_cubic_feet,EIA_INTL_v2:productId=26
SLV,2021,natural_gas_dry,0.0,billion_cubic_feet,EIA_INTL_v2:productId=26
SOM,2021,natural_gas_dry,0.0,billion_cubic_feet,EIA_INTL_v2:productId=26
SPM,2021,natural_gas_dry,0.0,billion_cubic_feet,EIA_INTL_v2:productId=26
SRB,2021,natural_gas_dry,13.67973633,billion_cubic_feet,EIA_INTL_v2:productId=26
SSD,2021,natural_gas_dry,0.0,billion_cubic_feet,EIA_INTL_v2:productId=26
STP,2021,natural_gas_dry,0.0,billion_cubic_feet,EIA_INTL_v2:productId=26
SUR,2021,natural_gas_dry,0.252252902,billion_cubic_feet,EIA_INTL_v2:productId=26
SVK,2021,natural_gas_dry,1.960279213,billion_cubic_feet,EIA_INTL_v2:productId=26
SVN,2021,natural_gas_dry,0.162801857,billion_cubic_feet,EIA_INTL_v2:productId=26
SWE,2021,natural_gas_dry,0.0,billion_cubic_feet,EIA_INTL_v2:productId=26
SWZ,2021,natural_gas_dry,0.0,billion_cubic_feet,EIA_INTL_v2:productId=26
SYC,2021,natural_gas_dry,0.0,billion_cubic_feet,EIA_INTL_v2:productId=26
SYR,2021,natural_gas_dry,149.305052,billion_cubic_feet,EIA_INTL_v2:productId=26
TCA,2021,natural_gas_dry,0.0,billion_cubic_feet,EIA_INTL_v2:productId=26
TCD,2021,natural_gas_dry,0.0,billion_cubic_feet,EIA_INTL_v2:productId=26
TGO,2021,natural_gas_dry,0.0,billion_cubic_feet,EIA_INTL_v2:productId=26
THA,2021,natural_gas_dry,1160.977549,billion_cubic_feet,EIA_INTL_v2:productId=26
TJK,2021,natural_gas_dry,0.652599723,billion_cubic_feet,EIA_INTL_v2:productId=26
TKM,2021,natural_gas_dry,2850.244538,billion_cubic_feet,EIA_INTL_v2:productId=26
TLS,2021,natural_gas_dry,214.2169203,billion_cubic_feet,EIA_INTL_v2:productId=26
TON,2021,natural_gas_dry,0.0,billion_cubic_feet,EIA_INTL_v2:productId=26
TTO,2021,natural_gas_dry,908.3881576,billion_cubic_feet,EIA_INTL_v2:productId=26
TUN,2021,natural_gas_dry,54.92281713,billion_cubic_feet,EIA_INTL_v2:productId=26
TUR,2021,natural_gas_dry,13.98865722,billion_cubic_feet,EIA_INTL_v2:productId=26
TUV,2021,natural_gas_dry,0.0,billion_cubic_feet,EIA_INTL_v2:productId=26
TWN,2021,natural_gas_dry,2.880002465,billion_cubic_feet,EIA_INTL_v2:productId=26
TZA,2021,natural_gas_dry,50.09694837,billion_cubic_feet,EIA_INTL_v2:productId=26
UGA,2021,natural_gas_dry,0.0,billion_cubic_feet,EIA_INTL_v2:productId=26
UKR,2021,natural_gas_dry,671.2123562,billion_cubic_feet,EIA_INTL_v2:productId=26
URY,2021,natural_gas_dry,0.0,billion_cubic_feet,EIA_INTL_v2:productId=26
USA,2021,natural_gas_dry,34529.276007,billion_cubic_feet,EIA_INTL_v2:productId=26
UZB,2021,natural_gas_dry,1754.975214,billion_cubic_feet,EIA_INTL_v2:productId=26
VCT,2021,natural_gas_dry,0.0,billion_cubic_feet,EIA_INTL_v2:productId=26
VEN,2021,natural_gas_dry,750.8798251,billion_cubic_feet,EIA_INTL_v2:productId=26
VGB,2021,natural_gas_dry,0.0,billion_cubic_feet,EIA_INTL_v2:productId=26
VIR,2021,natural_gas_dry,0.0,billion_cubic_feet,EIA_INTL_v2:productId=26
VNM,2021,natural_gas_dry,246.4834722,billion_cubic_feet,EIA_INTL_v2:productId=26
VUT,2021,natural_gas_dry,0.0,billion_cubic_feet,EIA_INTL_v2:productId=26
WAK,2021,natural_gas_dry,0.0,billion_cubic_feet,EIA_INTL_v2:productId=26
WSM,2021,natural_gas_dry,0.0,billion_cubic_feet,EIA_INTL_v2:productId=26
XKS,2021,natural_gas_dry,0.0,billion_cubic_feet,EIA_INTL_v2:productId=26
YEM,2021,natural_gas_dry,0.3666106,billion_cubic_feet,EIA_INTL_v2:productId=26
ZAF,2021,natural_gas_dry,2.560190606,billion_cubic_feet,EIA_INTL_v2:productId=26
ZMB,2021,natural_gas_dry,0.0,billion_cubic_feet,EIA_INTL_v2:productId=26
ZWE,2021,natural_gas_dry,0.0,billion_cubic_feet,EIA_INTL_v2:productId=26
ABW,2022,natural_gas_dry,0.0,billion_cubic_feet,EIA_INTL_v2:productId=26
AGO,2022,natural_gas_dry,190.346233,billion_cubic_feet,EIA_INTL_v2:productId=26
ALB,2022,natural_gas_dry,1.802660487,billion_cubic_feet,EIA_INTL_v2:productId=26
ARE,2022,natural_gas_dry,1941.529182,billion_cubic_feet,EIA_INTL_v2:productId=26
ARG,2022,natural_gas_dry,1562.431063,billion_cubic_feet,EIA_INTL_v2:productId=26
ARM,2022,natural_gas_dry,0.0,billion_cubic_feet,EIA_INTL_v2:productId=26
ASM,2022,natural_gas_dry,0.0,billion_cubic_feet,EIA_INTL_v2:productId=26
ATA,2022,natural_gas_dry,0.0,billion_cubic_feet,EIA_INTL_v2:productId=26
ATG,2022,natural_gas_dry,0.0,billion_cubic_feet,EIA_INTL_v2:productId=26
AUS,2022,natural_gas_dry,5430.817964,billion_cubic_feet,EIA_INTL_v2:productId=26
AUT,2022,natural_gas_dry,22.37963168,billion_cubic_feet,EIA_INTL_v2:productId=26
AZE,2022,natural_gas_dry,1206.883545,billion_cubic_feet,EIA_INTL_v2:productId=26
BDI,2022,natural_gas_dry,0.0,billion_cubic_feet,EIA_INTL_v2:productId=26
BEL,2022,natural_gas_dry,0.47674845,billion_cubic_feet,EIA_INTL_v2:productId=26
BEN,2022,natural_gas_dry,0.0,billion_cubic_feet,EIA_INTL_v2:productId=26
BFA,2022,natural_gas_dry,0.0,billion_cubic_feet,EIA_INTL_v2:productId=26
BGD,2022,natural_gas_dry,823.8,billion_cubic_feet,EIA_INTL_v2:productId=26
BGR,2022,natural_gas_dry,0.685211705,billion_cubic_feet,EIA_INTL_v2:productId=26
BHR,2022,natural_gas_dry,612.5148987,billion_cubic_feet,EIA_INTL_v2:productId=26
BHS,2022,natural_gas_dry,0.0,billion_cubic_feet,EIA_INTL_v2:productId=26
BIH,2022,natural_gas_dry,0.0,billion_cubic_feet,EIA_INTL_v2:productId=26
BLR,2022,natural_gas_dry,2.445598223,billion_cubic_feet,EIA_INTL_v2:productId=26
BLZ,2022,natural_gas_dry,0.0,billion_cubic_feet,EIA_INTL_v2:productId=26
BMU,2022,natural_gas_dry,0.0,billion_cubic_feet,EIA_INTL_v2:productId=26
BOL,2022,natural_gas_dry,502.0374532,billion_cubic_feet,EIA_INTL_v2:productId=26
BRA,2022,natural_gas_dry,787.3292202,billion_cubic_feet,EIA_INTL_v2:productId=26
BRB,2022,natural_gas_dry,0.327720416,billion_cubic_feet,EIA_INTL_v2:productId=26
BRN,2022,natural_gas_dry,371.6849417,billion_cubic_feet,EIA_INTL_v2:productId=26
BTN,2022,natural_gas_dry,0.0,billion_cubic_feet,EIA_INTL_v2:productId=26
BWA,2022,natural_gas_dry,0.0,billion_cubic_feet,EIA_INTL_v2:productId=26
CAF,2022,natural_gas_dry,0.0,billion_cubic_feet,EIA_INTL_v2:productId=26
CAN,2022,natural_gas_dry,6628.896322,billion_cubic_feet,EIA_INTL_v2:productId=26
CHE,2022,natural_gas_dry,0.0,billion_cubic_feet,EIA_INTL_v2:productId=26
CHL,2022,natural_gas_dry,48.28646622,billion_cubic_feet,EIA_INTL_v2:productId=26
CHN,2022,natural_gas_dry,7994.972429,billion_cubic_feet,EIA_INTL_v2:productId=26
CIV,2022,natural_gas_dry,94.84172877,billion_cubic_feet,EIA_INTL_v2:productId=26
CMR,2022,natural_gas_dry,85.361277,billion_cubic_feet,EIA_INTL_v2:productId=26
COD,2022,natural_gas_dry,0.0,billion_cubic_feet,EIA_INTL_v2:productId=26
COG,2022,natural_gas_dry,50.97439012,billion_cubic_feet,EIA_INTL_v2:productId=26
COK,2022,natural_gas_dry,0.0,billion_cubic_feet,EIA_INTL_v2:productId=26
COL,2022,natural_gas_dry,398.6887965,billion_cubic_feet,EIA_INTL_v2:productId=26
COM,2022,natural_gas_dry,0.0,billion_cubic_feet,EIA_INTL_v2:productId=26
CPV,2022,natural_gas_dry,0.0,billion_cubic_feet,EIA_INTL_v2:productId=26
CRI,2022,natural_gas_dry,0.0,billion_cubic_feet,EIA_INTL_v2:productId=26
CUB,2022,natural_gas_dry,30.16362245,billion_cubic_feet,EIA_INTL_v2:productId=26
CYM,2022,natural_gas_dry,0.0,billion_cubic_feet,EIA_INTL_v2:productId=26
CYP,2022,natural_gas_dry,0.0,billion_cubic_feet,EIA_INTL_v2:productId=26
CZE,2022,natural_gas_dry,7.921214523,billion_cubic_feet,EIA_INTL_v2:productId=26
DEU,2022,natural_gas_dry,170.3551168,billion_cubic_feet,EIA_INTL_v2:productId=26
DJI,2022,natural_gas_dry,0.0,billion_cubic_feet,EIA_INTL_v2:productId=26
DMA,2022,natural_gas_dry,0.0,billion_cubic_feet,EIA_INTL_v2:productId=26
DNK,2022,natural_gas_dry,68.8762315,billion_cubic_feet,EIA_INTL_v2:productId=26
DOM,2022,natural_gas_dry,0.0,billion_cubic_feet,EIA_INTL_v2:productId=26
DZA,2022,natural_gas_dry,3578.566941,billion_cubic_feet,EIA_INTL_v2:productId=26
ECU,2022,natural_gas_dry,9.612008329,billion_cubic_feet,EIA_INTL_v2:productId=26
EGY,2022,natural_gas_dry,2300.210947,billion_cubic_feet,EIA_INTL_v2:productId=26
ERI,2022,natural_gas_dry,0.0,billion_cubic_feet,EIA_INTL_v2:productId=26
ESH,2022,natural_gas_dry,0.0,billion_cubic_feet,EIA_INTL_v2:productId=26
ESP,2022,natural_gas_dry,1.448224011,billion_cubic_feet,EIA_INTL_v2:productId=26
EST,2022,natural_gas_dry,0.0,billion_cubic_feet,EIA_INTL_v2:productId=26
ETH,2022,natural_gas_dry,0.0,billion_cubic_feet,EIA_INTL_v2:productId=26
FIN,2022,natural_gas_dry,0.0,billion_cubic_feet,EIA_INTL_v2:productId=26
FJI,2022,natural_gas_dry,0.0,billion_cubic_feet,EIA_INTL_v2:productId=26
FLK,2022,natural_gas_dry,0.0,billion_cubic_feet,EIA_INTL_v2:productId=26
FRA,2022,natural_gas_dry,0.714356219,billion_cubic_feet,EIA_INTL_v2:productId=26
FRO,2022,natural_gas_dry,0.0,billion_cubic_feet,EIA_INTL_v2:productId=26
FSM,2022,natural_gas_dry,0.0,billion_cubic_feet,EIA_INTL_v2:productId=26
GAB,2022,natural_gas_dry,16.34992918,billion_cubic_feet,EIA_INTL_v2:productId=26
GBR,2022,natural_gas_dry,1332.168264,billion_cubic_feet,EIA_INTL_v2:productId=26
GEO,2022,natural_gas_dry,0.348020458,billion_cubic_feet,EIA_INTL_v2:productId=26
GHA,2022,natural_gas_dry,113.1957955,billion_cubic_feet,EIA_INTL_v2:productId=26
GIB,2022,natural_gas_dry,0.0,billion_cubic_feet,EIA_INTL_v2:productId=26
GIN,2022,natural_gas_dry,0.0,billion_cubic_feet,EIA_INTL_v2:productId=26
GMB,2022,natural_gas_dry,0.0,billion_cubic_feet,EIA_INTL_v2:productId=26
GNB,2022,natural_gas_dry,0.0,billion_cubic_feet,EIA_INTL_v2:productId=26
GNQ,2022,natural_gas_dry,275.3231452,billion_cubic_feet,EIA_INTL_v2:productId=26
GRC,2022,natural_gas_dry,0.0,billion_cubic_feet,EIA_INTL_v2:productId=26
GRD,2022,natural_gas_dry,0.0,billion_cubic_feet,EIA_INTL_v2:productId=26
GRL,2022,natural_gas_dry,0.0,billion_cubic_feet,EIA_INTL_v2:productId=26
GTM,2022,natural_gas_dry,2.555861652,billion_cubic_feet,EIA_INTL_v2:productId=26
GUM,2022,natural_gas_dry,0.0,billion_cubic_feet,EIA_INTL_v2:productId=26
GUY,2022,natural_gas_dry,0.0,billion_cubic_feet,EIA_INTL_v2:productId=26
HKG,2022,natural_gas_dry,0.0,billion_cubic_feet,EIA_INTL_v2:productId=26
HND,2022,natural_gas_dry,0.0,billion_cubic_feet,EIA_INTL_v2:productId=26
HRV,2022,natural_gas_dry,26.3094515,billion_cubic_feet,EIA_INTL_v2:productId=26
HTI,2022,natural_gas_dry,0.0,billion_cubic_feet,EIA_INTL_v2:productId=26
HUN,2022,natural_gas_dry,53.60118326,billion_cubic_feet,EIA_INTL_v2:productId=26
IDN,2022,natural_gas_dry,2387.207911,billion_cubic_feet,EIA_INTL_v2:productId=26
IND,2022,natural_gas_dry,1181.264104,billion_cubic_feet,EIA_INTL_v2:productId=26
IRL,2022,natural_gas_dry,51.32758614,billion_cubic_feet,EIA_INTL_v2:productId=26
IRN,2022,natural_gas_dry,9225.822736,billion_cubic_feet,EIA_INTL_v2:productId=26
IRQ,2022,natural_gas_dry,348.202942,billion_cubic_feet,EIA_INTL_v2:productId=26
ISL,2022,natural_gas_dry,0.0,billion_cubic_feet,EIA_INTL_v2:productId=26
ISR,2022,natural_gas_dry,759.3024151,billion_cubic_feet,EIA_INTL_v2:productId=26
ITA,2022,natural_gas_dry,110.6065115,billion_cubic_feet,EIA_INTL_v2:productId=26
JAM,2022,natural_gas_dry,0.0,billion_cubic_feet,EIA_INTL_v2:productId=26
JOR,2022,natural_gas_dry,7.096708019,billion_cubic_feet,EIA_INTL_v2:productId=26
JPN,2022,natural_gas_dry,75.84940707,billion_cubic_feet,EIA_INTL_v2:productId=26
KAZ,2022,natural_gas_dry,953.8924246,billion_cubic_feet,EIA_INTL_v2:productId=26
KEN,2022,natural_gas_dry,0.0,billion_cubic_feet,EIA_INTL_v2:productId=26
KGZ,2022,natural_gas_dry,1.100702771,billion_cubic_feet,EIA_INTL_v2:productId=26
KHM,2022,natural_gas_dry,0.0,billion_cubic_feet,EIA_INTL_v2:productId=26
KIR,2022,natural_gas_dry,0.0,billion_cubic_feet,EIA_INTL_v2:productId=26
KNA,2022,natural_gas_dry,0.0,billion_cubic_feet,EIA_INTL_v2:productId=26
KOR,2022,natural_gas_dry,0.0,billion_cubic_feet,EIA_INTL_v2:productId=26
KWT,2022,natural_gas_dry,593.935,billion_cubic_feet,EIA_INTL_v2:productId=26
LAO,2022,natural_gas_dry,0.0,billion_cubic_feet,EIA_INTL_v2:productId=26
LBN,2022,natural_gas_dry,0.0,billion_cubic_feet,EIA_INTL_v2:productId=26
LBR,2022,natural_gas_dry,0.0,billion_cubic_feet,EIA_INTL_v2:productId=26
LBY,2022,natural_gas_dry,430.7756323,billion_cubic_feet,EIA_INTL_v2:productId=26
LCA,2022,natural_gas_dry,0.0,billion_cubic_feet,EIA_INTL_v2:productId=26
LKA,2022,natural_gas_dry,0.0,billion_cubic_feet,EIA_INTL_v2:productId=26
LSO,2022,natural_gas_dry,0.0,billion_cubic_feet,EIA_INTL_v2:productId=26
LTU,2022,natural_gas_dry,0.0,billion_cubic_feet,EIA_INTL_v2:productId=26
LUX,2022,natural_gas_dry,0.0,billion_cubic_feet,EIA_INTL_v2:productId=26
LVA,2022,natural_gas_dry,0.0,billion_cubic_feet,EIA_INTL_v2:productId=26
MAC,2022,natural_gas_dry,0.0,billion_cubic_feet,EIA_INTL_v2:productId=26
MAR,2022,natural_gas_dry,2.930625786,billion_cubic_feet,EIA_INTL_v2:productId=26
MDA,2022,natural_gas_dry,0.0,billion_cubic_feet,EIA_INTL_v2:productId=26
MDG,2022,natural_gas_dry,0.0,billion_cubic_feet,EIA_INTL_v2:productId=26
MDV,2022,natural_gas_dry,0.0,billion_cubic_feet,EIA_INTL_v2:productId=26
MEX,2022,natural_gas_dry,1155.1958,billion_cubic_feet,EIA_INTL_v2:productId=26
MKD,2022,natural_gas_dry,0.0,billion_cubic_feet,EIA_INTL_v2:productId=26
MLI,2022,natural_gas_dry,0.0,billion_cubic_feet,EIA_INTL_v2:productId=26
MLT,2022,natural_gas_dry,0.0,billion_cubic_feet,EIA_INTL_v2:productId=26
MMR,2022,natural_gas_dry,534.5623225,billion_cubic_feet,EIA_INTL_v2:productId=26
MNE,2022,natural_gas_dry,0.0,billion_cubic_feet,EIA_INTL_v2:productId=26
MNG,2022,natural_gas_dry,0.0,billion_cubic_feet,EIA_INTL_v2:productId=26
MNP,2022,natural_gas_dry,0.0,billion_cubic_feet,EIA_INTL_v2:productId=26
MOZ,2022,natural_gas_dry,198.8313649,billion_cubic_feet,EIA_INTL_v2:productId=26
MRT,2022,natural_gas_dry,0.0,billion_cubic_feet,EIA_INTL_v2:productId=26
MSR,2022,natural_gas_dry,0.0,billion_cubic_feet,EIA_INTL_v2:productId=26
MUS,2022,natural_gas_dry,0.0,billion_cubic_feet,EIA_INTL_v2:productId=26
MWI,2022,natural_gas_dry,0.0,billion_cubic_feet,EIA_INTL_v2:productId=26
MYS,2022,natural_gas_dry,2764.214723,billion_cubic_feet,EIA_INTL_v2:productId=26
NAM,2022,natural_gas_dry,0.0,billion_cubic_feet,EIA_INTL_v2:productId=26
NCL,2022,natural_gas_dry,0.0,billion_cubic_feet,EIA_INTL_v2:productId=26
NER,2022,natural_gas_dry,0.951130815,billion_cubic_feet,EIA_INTL_v2:productId=26
NGA,2022,natural_gas_dry,1417.539543,billion_cubic_feet,EIA_INTL_v2:productId=26
NIC,2022,natural_gas_dry,0.0,billion_cubic_feet,EIA_INTL_v2:productId=26
NIU,2022,natural_gas_dry,0.0,billion_cubic_feet,EIA_INTL_v2:productId=26
NLD,2022,natural_gas_dry,635.5199896,billion_cubic_feet,EIA_INTL_v2:productId=26
NOR,2022,natural_gas_dry,4582.853778,billion_cubic_feet,EIA_INTL_v2:productId=26
NPL,2022,natural_gas_dry,0.0,billion_cubic_feet,EIA_INTL_v2:productId=26
NRU,2022,natural_gas_dry,0.0,billion_cubic_feet,EIA_INTL_v2:productId=26
NZL,2022,natural_gas_dry,138.0348454,billion_cubic_feet,EIA_INTL_v2:productId=26
OMN,2022,natural_gas_dry,1431.331175,billion_cubic_feet,EIA_INTL_v2:productId=26
PAK,2022,natural_gas_dry,942.1791768,billion_cubic_feet,EIA_INTL_v2:productId=26
PAN,2022,natural_gas_dry,0.0,billion_cubic_feet,EIA_INTL_v2:productId=26
PER,2022,natural_gas_dry,483.7624085,billion_cubic_feet,EIA_INTL_v2:productId=26
PHL,2022,natural_gas_dry,106.9183357,billion_cubic_feet,EIA_INTL_v2:productId=26
PNG,2022,natural_gas_dry,422.7233445,billion_cubic_feet,EIA_INTL_v2:productId=26
POL,2022,natural_gas_dry,196.0398504,billion_cubic_feet,EIA_INTL_v2:productId=26
PRI,2022,natural_gas_dry,0.0,billion_cubic_feet,EIA_INTL_v2:productId=26
PRK,2022,natural_gas_dry,0.0,billion_cubic_feet,EIA_INTL_v2:productId=26
PRT,2022,natural_gas_dry,0.0,billion_cubic_feet,EIA_INTL_v2:productId=26
PRY,2022,natural_gas_dry,0.0,billion_cubic_feet,EIA_INTL_v2:productId=26
PSE,2022,natural_gas_dry,0.0,billion_cubic_feet,EIA_INTL_v2:productId=26
PYF,2022,natural_gas_dry,0.0,billion_cubic_feet,EIA_INTL_v2:productId=26
QAT,2022,natural_gas_dry,6012.223754,billion_cubic_feet,EIA_INTL_v2:productId=26
ROU,2022,natural_gas_dry,311.2808067,billion_cubic_feet,EIA_INTL_v2:productId=26
RUS,2022,natural_gas_dry,22916.35739,billion_cubic_feet,EIA_INTL_v2:productId=26
RWA,2022,natural_gas_dry,2.259081359,billion_cubic_feet,EIA_INTL_v2:productId=26
SAU,2022,natural_gas_dry,4303.814088,billion_cubic_feet,EIA_INTL_v2:productId=26
SDN,2022,natural_gas_dry,0.0,billion_cubic_feet,EIA_INTL_v2:productId=26
SEN,2022,natural_gas_dry,1.224714627,billion_cubic_feet,EIA_INTL_v2:productId=26
SGP,2022,natural_gas_dry,0.0,billion_cubic_feet,EIA_INTL_v2:productId=26
SHN,2022,natural_gas_dry,0.0,billion_cubic_feet,EIA_INTL_v2:productId=26
SLB,2022,natural_gas_dry,0.0,billion_cubic_feet,EIA_INTL_v2:productId=26
SLE,2022,natural_gas_dry,0.0,billion_cubic_feet,EIA_INTL_v2:productId=26
SLV,2022,natural_gas_dry,0.0,billion_cubic_feet,EIA_INTL_v2:productId=26
SOM,2022,natural_gas_dry,0.0,billion_cubic_feet,EIA_INTL_v2:productId=26
SPM,2022,natural_gas_dry,0.0,billion_cubic_feet,EIA_INTL_v2:productId=26
SRB,2022,natural_gas_dry,12.4708082,billion_cubic_feet,EIA_INTL_v2:productId=26
SSD,2022,natural_gas_dry,0.0,billion_cubic_feet,EIA_INTL_v2:productId=26
STP,2022,natural_gas_dry,0.0,billion_cubic_feet,EIA_INTL_v2:productId=26
SUR,2022,natural_gas_dry,0.254513043,billion_cubic_feet,EIA_INTL_v2:productId=26
SVK,2022,natural_gas_dry,1.854335113,billion_cubic_feet,EIA_INTL_v2:productId=26
SVN,2022,natural_gas_dry,0.136245203,billion_cubic_feet,EIA_INTL_v2:productId=26
SWE,2022,natural_gas_dry,0.0,billion_cubic_feet,EIA_INTL_v2:productId=26
SWZ,2022,natural_gas_dry,0.0,billion_cubic_feet,EIA_INTL_v2:productId=26
SYC,2022,natural_gas_dry,0.0,billion_cubic_feet,EIA_INTL_v2:productId=26
SYR,2022,natural_gas_dry,129.52882,billion_cubic_feet,EIA_INTL_v2:productId=26
TCA,2022,natural_gas_dry,0.0,billion_cubic_feet,EIA_INTL_v2:productId=26
TCD,2022,natural_gas_dry,0.0,billion_cubic_feet,EIA_INTL_v2:productId=26
TGO,2022,natural_gas_dry,0.0,billion_cubic_feet,EIA_INTL_v2:productId=26
THA,2022,natural_gas_dry,926.9902374,billion_cubic_feet,EIA_INTL_v2:productId=26
TJK,2022,natural_gas_dry,0.652599723,billion_cubic_feet,EIA_INTL_v2:productId=26
TKM,2022,natural_gas_dry,3053.745668,billion_cubic_feet,EIA_INTL_v2:productId=26
TLS,2022,natural_gas_dry,103.3114368,billion_cubic_feet,EIA_INTL_v2:productId=26
TON,2022,natural_gas_dry,0.0,billion_cubic_feet,EIA_INTL_v2:productId=26
TTO,2022,natural_gas_dry,954.7438927,billion_cubic_feet,EIA_INTL_v2:productId=26
TUN,2022,natural_gas_dry,53.86337613,billion_cubic_feet,EIA_INTL_v2:productId=26
TUR,2022,natural_gas_dry,13.47235631,billion_cubic_feet,EIA_INTL_v2:productId=26
TUV,2022,natural_gas_dry,0.0,billion_cubic_feet,EIA_INTL_v2:productId=26
TWN,2022,natural_gas_dry,2.315143839,billion_cubic_feet,EIA_INTL_v2:productId=26
TZA,2022,natural_gas_dry,65.22417669,billion_cubic_feet,EIA_INTL_v2:productId=26
UGA,2022,natural_gas_dry,0.0,billion_cubic_feet,EIA_INTL_v2:productId=26
UKR,2022,natural_gas_dry,620.3231672,billion_cubic_feet,EIA_INTL_v2:productId=26
URY,2022,natural_gas_dry,0.0,billion_cubic_feet,EIA_INTL_v2:productId=26
USA,2022,natural_gas_dry,36254.942471,billion_cubic_feet,EIA_INTL_v2:productId=26
UZB,2022,natural_gas_dry,1703.119038,billion_cubic_feet,EIA_INTL_v2:productId=26
VCT,2022,natural_gas_dry,0.0,billion_cubic_feet,EIA_INTL_v2:productId=26
VEN,2022,natural_gas_dry,833.3942476,billion_cubic_feet,EIA_INTL_v2:productId=26
VGB,2022,natural_gas_dry,0.0,billion_cubic_feet,EIA_INTL_v2:productId=26
VIR,2022,natural_gas_dry,0.0,billion_cubic_feet,EIA_INTL_v2:productId=26
VNM,2022,natural_gas_dry,271.2037622,billion_cubic_feet,EIA_INTL_v2:productId=26
VUT,2022,natural_gas_dry,0.0,billion_cubic_feet,EIA_INTL_v2:productId=26
WAK,2022,natural_gas_dry,0.0,billion_cubic_feet,EIA_INTL_v2:productId=26
WSM,2022,natural_gas_dry,0.0,billion_cubic_feet,EIA_INTL_v2:productId=26
XKS,2022,natural_gas_dry,0.0,billion_cubic_feet,EIA_INTL_v2:productId=26
YEM,2022,natural_gas_dry,0.3666106,billion_cubic_feet,EIA_INTL_v2:productId=26
ZAF,2022,natural_gas_dry,2.064230959,billion_cubic_feet,EIA_INTL_v2:productId=26
ZMB,2022,natural_gas_dry,0.0,billion_cubic_feet,EIA_INTL_v2:productId=26
ZWE,2022,natural_gas_dry,0.0,billion_cubic_feet,EIA_INTL_v2:productId=26
ABW,2023,natural_gas_dry,0.0,billion_cubic_feet,EIA_INTL_v2:productId=26
AGO,2023,natural_gas_dry,206.944142,billion_cubic_feet,EIA_INTL_v2:productId=26
ALB,2023,natural_gas_dry,1.773328715,billion_cubic_feet,EIA_INTL_v2:productId=26
ARE,2023,natural_gas_dry,2057.474511,billion_cubic_feet,EIA_INTL_v2:productId=26
ARG,2023,natural_gas_dry,1532.4676,billion_cubic_feet,EIA_INTL_v2:productId=26
ARM,2023,natural_gas_dry,0.0,billion_cubic_feet,EIA_INTL_v2:productId=26
ASM,2023,natural_gas_dry,0.0,billion_cubic_feet,EIA_INTL_v2:productId=26
ATA,2023,natural_gas_dry,0.0,billion_cubic_feet,EIA_INTL_v2:productId=26
ATG,2023,natural_gas_dry,0.0,billion_cubic_feet,EIA_INTL_v2:productId=26
AUS,2023,natural_gas_dry,5343.554945,billion_cubic_feet,EIA_INTL_v2:productId=26
AUT,2023,natural_gas_dry,19.91480688,billion_cubic_feet,EIA_INTL_v2:productId=26
AZE,2023,natural_gas_dry,1263.387065,billion_cubic_feet,EIA_INTL_v2:productId=26
BDI,2023,natural_gas_dry,0.0,billion_cubic_feet,EIA_INTL_v2:productId=26
BEL,2023,natural_gas_dry,0.4590911,billion_cubic_feet,EIA_INTL_v2:productId=26
BEN,2023,natural_gas_dry,0.0,billion_cubic_feet,EIA_INTL_v2:productId=26
BFA,2023,natural_gas_dry,0.0,billion_cubic_feet,EIA_INTL_v2:productId=26
BGD,2023,natural_gas_dry,822.3,billion_cubic_feet,EIA_INTL_v2:productId=26
BGR,2023,natural_gas_dry,0.387389489,billion_cubic_feet,EIA_INTL_v2:productId=26
BHR,2023,natural_gas_dry,669.8722027,billion_cubic_feet,EIA_INTL_v2:productId=26
BHS,2023,natural_gas_dry,0.0,billion_cubic_feet,EIA_INTL_v2:productId=26
BIH,2023,natural_gas_dry,0.0,billion_cubic_feet,EIA_INTL_v2:productId=26
BLR,2023,natural_gas_dry,2.445598223,billion_cubic_feet,EIA_INTL_v2:productId=26
BLZ,2023,natural_gas_dry,0.0,billion_cubic_feet,EIA_INTL_v2:productId=26
BMU,2023,natural_gas_dry,0.0,billion_cubic_feet,EIA_INTL_v2:productId=26
BOL,2023,natural_gas_dry,434.8146358,billion_cubic_feet,EIA_INTL_v2:productId=26
BRA,2023,natural_gas_dry,801.7080315,billion_cubic_feet,EIA_INTL_v2:productId=26
BRB,2023,natural_gas_dry,0.157108,billion_cubic_feet,EIA_INTL_v2:productId=26
BRN,2023,natural_gas_dry,348.5334727,billion_cubic_feet,EIA_INTL_v2:productId=26
BTN,2023,natural_gas_dry,0.0,billion_cubic_feet,EIA_INTL_v2:productId=26
BWA,2023,natural_gas_dry,0.0,billion_cubic_feet,EIA_INTL_v2:productId=26
CAF,2023,natural_gas_dry,0.0,billion_cubic_feet,EIA_INTL_v2:productId=26
CAN,2023,natural_gas_dry,6854.64311,billion_cubic_feet,EIA_INTL_v2:productId=26
CHE,2023,natural_gas_dry,0.0,billion_cubic_feet,EIA_INTL_v2:productId=26
CHL,2023,natural_gas_dry,48.10989272,billion_cubic_feet,EIA_INTL_v2:productId=26
CHN,2023,natural_gas_dry,8454.385801,billion_cubic_feet,EIA_INTL_v2:productId=26
CIV,2023,natural_gas_dry,100.7735742,billion_cubic_feet,EIA_INTL_v2:productId=26
CMR,2023,natural_gas_dry,88.64210885,billion_cubic_feet,EIA_INTL_v2:productId=26
COD,2023,natural_gas_dry,0.0,billion_cubic_feet,EIA_INTL_v2:productId=26
COG,2023,natural_gas_dry,45.64988686,billion_cubic_feet,EIA_INTL_v2:productId=26
COK,2023,natural_gas_dry,0.0,billion_cubic_feet,EIA_INTL_v2:productId=26
COL,2023,natural_gas_dry,388.3294412,billion_cubic_feet,EIA_INTL_v2:productId=26
COM,2023,natural_gas_dry,0.0,billion_cubic_feet,EIA_INTL_v2:productId=26
CPV,2023,natural_gas_dry,0.0,billion_cubic_feet,EIA_INTL_v2:productId=26
CRI,2023,natural_gas_dry,0.0,billion_cubic_feet,EIA_INTL_v2:productId=26
CUB,2023,natural_gas_dry,34.10195311,billion_cubic_feet,EIA_INTL_v2:productId=26
CYM,2023,natural_gas_dry,0.0,billion_cubic_feet,EIA_INTL_v2:productId=26
CYP,2023,natural_gas_dry,0.0,billion_cubic_feet,EIA_INTL_v2:productId=26
CZE,2023,natural_gas_dry,5.765958382,billion_cubic_feet,EIA_INTL_v2:productId=26
DEU,2023,natural_gas_dry,153.1568579,billion_cubic_feet,EIA_INTL_v2:productId=26
DJI,2023,natural_gas_dry,0.0,billion_cubic_feet,EIA_INTL_v2:productId=26
DMA,2023,natural_gas_dry,0.0,billion_cubic_feet,EIA_INTL_v2:productId=26
DNK,2023,natural_gas_dry,71.36491543,billion_cubic_feet,EIA_INTL_v2:productId=26
DOM,2023,natural_gas_dry,0.0,billion_cubic_feet,EIA_INTL_v2:productId=26
DZA,2023,natural_gas_dry,3718.037652,billion_cubic_feet,EIA_INTL_v2:productId=26
ECU,2023,natural_gas_dry,8.704093771,billion_cubic_feet,EIA_INTL_v2:productId=26
EGY,2023,natural_gas_dry,2028.287757,billion_cubic_feet,EIA_INTL_v2:productId=26
ERI,2023,natural_gas_dry,0.0,billion_cubic_feet,EIA_INTL_v2:productId=26
ESH,2023,natural_gas_dry,0.0,billion_cubic_feet,EIA_INTL_v2:productId=26
ESP,2023,natural_gas_dry,1.204128804,billion_cubic_feet,EIA_INTL_v2:productId=26
EST,2023,natural_gas_dry,0.0,billion_cubic_feet,EIA_INTL_v2:productId=26
ETH,2023,natural_gas_dry,0.0,billion_cubic_feet,EIA_INTL_v2:productId=26
FIN,2023,natural_gas_dry,0.0,billion_cubic_feet,EIA_INTL_v2:productId=26
FJI,2023,natural_gas_dry,0.0,billion_cubic_feet,EIA_INTL_v2:productId=26
FLK,2023,natural_gas_dry,0.0,billion_cubic_feet,EIA_INTL_v2:productId=26
FRA,2023,natural_gas_dry,0.636128358,billion_cubic_feet,EIA_INTL_v2:productId=26
FRO,2023,natural_gas_dry,0.0,billion_cubic_feet,EIA_INTL_v2:productId=26
FSM,2023,natural_gas_dry,0.0,billion_cubic_feet,EIA_INTL_v2:productId=26
GAB,2023,natural_gas_dry,16.3507061,billion_cubic_feet,EIA_INTL_v2:productId=26
GBR,2023,natural_gas_dry,1202.192225,billion_cubic_feet,EIA_INTL_v2:productId=26
GEO,2023,natural_gas_dry,0.410986568,billion_cubic_feet,EIA_INTL_v2:productId=26
GHA,2023,natural_gas_dry,110.0295448,billion_cubic_feet,EIA_INTL_v2:productId=26
GIB,2023,natural_gas_dry,0.0,billion_cubic_feet,EIA_INTL_v2:productId=26
GIN,2023,natural_gas_dry,0.0,billion_cubic_feet,EIA_INTL_v2:productId=26
GMB,2023,natural_gas_dry,0.0,billion_cubic_feet,EIA_INTL_v2:productId=26
GNB,2023,natural_gas_dry,0.0,billion_cubic_feet,EIA_INTL_v2:productId=26
GNQ,2023,natural_gas_dry,241.293564,billion_cubic_feet,EIA_INTL_v2:productId=26
GRC,2023,natural_gas_dry,0.069110868,billion_cubic_feet,EIA_INTL_v2:productId=26
GRD,2023,natural_gas_dry,0.0,billion_cubic_feet,EIA_INTL_v2:productId=26
GRL,2023,natural_gas_dry,0.0,billion_cubic_feet,EIA_INTL_v2:productId=26
GTM,2023,natural_gas_dry,2.405862787,billion_cubic_feet,EIA_INTL_v2:productId=26
GUM,2023,natural_gas_dry,0.0,billion_cubic_feet,EIA_INTL_v2:productId=26
GUY,2023,natural_gas_dry,0.0,billion_cubic_feet,EIA_INTL_v2:productId=26
HKG,2023,natural_gas_dry,0.0,billion_cubic_feet,EIA_INTL_v2:productId=26
HND,2023,natural_gas_dry,0.0,billion_cubic_feet,EIA_INTL_v2:productId=26
HRV,2023,natural_gas_dry,24.41305211,billion_cubic_feet,EIA_INTL_v2:productId=26
HTI,2023,natural_gas_dry,0.0,billion_cubic_feet,EIA_INTL_v2:productId=26
HUN,2023,natural_gas_dry,57.24212883,billion_cubic_feet,EIA_INTL_v2:productId=26
IDN,2023,natural_gas_dry,2439.247971,billion_cubic_feet,EIA_INTL_v2:productId=26
IND,2023,natural_gas_dry,1241.955105,billion_cubic_feet,EIA_INTL_v2:productId=26
IRL,2023,natural_gas_dry,41.33179562,billion_cubic_feet,EIA_INTL_v2:productId=26
IRN,2023,natural_gas_dry,9677.378456,billion_cubic_feet,EIA_INTL_v2:productId=26
IRQ,2023,natural_gas_dry,360.916234,billion_cubic_feet,EIA_INTL_v2:productId=26
ISL,2023,natural_gas_dry,0.0,billion_cubic_feet,EIA_INTL_v2:productId=26
ISR,2023,natural_gas_dry,856.9097032,billion_cubic_feet,EIA_INTL_v2:productId=26
ITA,2023,natural_gas_dry,96.42981365,billion_cubic_feet,EIA_INTL_v2:productId=26
JAM,2023,natural_gas_dry,0.0,billion_cubic_feet,EIA_INTL_v2:productId=26
JOR,2023,natural_gas_dry,8.08064619,billion_cubic_feet,EIA_INTL_v2:productId=26
JPN,2023,natural_gas_dry,71.31302196,billion_cubic_feet,EIA_INTL_v2:productId=26
KAZ,2023,natural_gas_dry,1015.967545,billion_cubic_feet,EIA_INTL_v2:productId=26
KEN,2023,natural_gas_dry,0.0,billion_cubic_feet,EIA_INTL_v2:productId=26
KGZ,2023,natural_gas_dry,1.012416022,billion_cubic_feet,EIA_INTL_v2:productId=26
KHM,2023,natural_gas_dry,0.0,billion_cubic_feet,EIA_INTL_v2:productId=26
KIR,2023,natural_gas_dry,0.0,billion_cubic_feet,EIA_INTL_v2:productId=26
KNA,2023,natural_gas_dry,0.0,billion_cubic_feet,EIA_INTL_v2:productId=26
KOR,2023,natural_gas_dry,0.0,billion_cubic_feet,EIA_INTL_v2:productId=26
KWT,2023,natural_gas_dry,668.837,billion_cubic_feet,EIA_INTL_v2:productId=26
LAO,2023,natural_gas_dry,0.0,billion_cubic_feet,EIA_INTL_v2:productId=26
LBN,2023,natural_gas_dry,0.0,billion_cubic_feet,EIA_INTL_v2:productId=26
LBR,2023,natural_gas_dry,0.0,billion_cubic_feet,EIA_INTL_v2:productId=26
LBY,2023,natural_gas_dry,401.8175783,billion_cubic_feet,EIA_INTL_v2:productId=26
LCA,2023,natural_gas_dry,0.0,billion_cubic_feet,EIA_INTL_v2:productId=26
LKA,2023,natural_gas_dry,0.0,billion_cubic_feet,EIA_INTL_v2:productId=26
LSO,2023,natural_gas_dry,0.0,billion_cubic_feet,EIA_INTL_v2:productId=26
LTU,2023,natural_gas_dry,0.0,billion_cubic_feet,EIA_INTL_v2:productId=26
LUX,2023,natural_gas_dry,0.0,billion_cubic_feet,EIA_INTL_v2:productId=26
LVA,2023,natural_gas_dry,0.0,billion_cubic_feet,EIA_INTL_v2:productId=26
MAC,2023,natural_gas_dry,0.0,billion_cubic_feet,EIA_INTL_v2:productId=26
MAR,2023,natural_gas_dry,1.968264897,billion_cubic_feet,EIA_INTL_v2:productId=26
MDA,2023,natural_gas_dry,0.0,billion_cubic_feet,EIA_INTL_v2:productId=26
MDG,2023,natural_gas_dry,0.0,billion_cubic_feet,EIA_INTL_v2:productId=26
MDV,2023,natural_gas_dry,0.0,billion_cubic_feet,EIA_INTL_v2:productId=26
MEX,2023,natural_gas_dry,1217.5524,billion_cubic_feet,EIA_INTL_v2:productId=26
MKD,2023,natural_gas_dry,0.0,billion_cubic_feet,EIA_INTL_v2:productId=26
MLI,2023,natural_gas_dry,0.0,billion_cubic_feet,EIA_INTL_v2:productId=26
MLT,2023,natural_gas_dry,0.0,billion_cubic_feet,EIA_INTL_v2:productId=26
MMR,2023,natural_gas_dry,481.1061007,billion_cubic_feet,EIA_INTL_v2:productId=26
MNE,2023,natural_gas_dry,0.0,billion_cubic_feet,EIA_INTL_v2:productId=26
MNG,2023,natural_gas_dry,0.0,billion_cubic_feet,EIA_INTL_v2:productId=26
MNP,2023,natural_gas_dry,0.0,billion_cubic_feet,EIA_INTL_v2:productId=26
MOZ,2023,natural_gas_dry,377.4440232,billion_cubic_feet,EIA_INTL_v2:productId=26
MRT,2023,natural_gas_dry,0.0,billion_cubic_feet,EIA_INTL_v2:productId=26
MSR,2023,natural_gas_dry,0.0,billion_cubic_feet,EIA_INTL_v2:productId=26
MUS,2023,natural_gas_dry,0.0,billion_cubic_feet,EIA_INTL_v2:productId=26
MWI,2023,natural_gas_dry,0.0,billion_cubic_feet,EIA_INTL_v2:productId=26
MYS,2023,natural_gas_dry,2748.658703,billion_cubic_feet,EIA_INTL_v2:productId=26
NAM,2023,natural_gas_dry,0.0,billion_cubic_feet,EIA_INTL_v2:productId=26
NCL,2023,natural_gas_dry,0.0,billion_cubic_feet,EIA_INTL_v2:productId=26
NER,2023,natural_gas_dry,0.951130815,billion_cubic_feet,EIA_INTL_v2:productId=26
NGA,2023,natural_gas_dry,1310.303525,billion_cubic_feet,EIA_INTL_v2:productId=26
NIC,2023,natural_gas_dry,0.0,billion_cubic_feet,EIA_INTL_v2:productId=26
NIU,2023,natural_gas_dry,0.0,billion_cubic_feet,EIA_INTL_v2:productId=26
NLD,2023,natural_gas_dry,418.2064275,billion_cubic_feet,EIA_INTL_v2:productId=26
NOR,2023,natural_gas_dry,4345.536724,billion_cubic_feet,EIA_INTL_v2:productId=26
NPL,2023,natural_gas_dry,0.0,billion_cubic_feet,EIA_INTL_v2:productId=26
NRU,2023,natural_gas_dry,0.0,billion_cubic_feet,EIA_INTL_v2:productId=26
NZL,2023,natural_gas_dry,141.9430173,billion_cubic_feet,EIA_INTL_v2:productId=26
OMN,2023,natural_gas_dry,1484.487779,billion_cubic_feet,EIA_INTL_v2:productId=26
PAK,2023,natural_gas_dry,922.9313233,billion_cubic_feet,EIA_INTL_v2:productId=26
PAN,2023,natural_gas_dry,0.0,billion_cubic_feet,EIA_INTL_v2:productId=26
PER,2023,natural_gas_dry,485.7490016,billion_cubic_feet,EIA_INTL_v2:productId=26
PHL,2023,natural_gas_dry,75.40589879,billion_cubic_feet,EIA_INTL_v2:productId=26
PNG,2023,natural_gas_dry,408.5989368,billion_cubic_feet,EIA_INTL_v2:productId=26
POL,2023,natural_gas_dry,188.709684,billion_cubic_feet,EIA_INTL_v2:productId=26
PRI,2023,natural_gas_dry,0.0,billion_cubic_feet,EIA_INTL_v2:productId=26
PRK,2023,natural_gas_dry,0.0,billion_cubic_feet,EIA_INTL_v2:productId=26
PRT,2023,natural_gas_dry,0.0,billion_cubic_feet,EIA_INTL_v2:productId=26
PRY,2023,natural_gas_dry,0.0,billion_cubic_feet,EIA_INTL_v2:productId=26
PSE,2023,natural_gas_dry,0.0,billion_cubic_feet,EIA_INTL_v2:productId=26
PYF,2023,natural_gas_dry,0.0,billion_cubic_feet,EIA_INTL_v2:productId=26
QAT,2023,natural_gas_dry,6032.254725,billion_cubic_feet,EIA_INTL_v2:productId=26
ROU,2023,natural_gas_dry,316.4962935,billion_cubic_feet,EIA_INTL_v2:productId=26
RUS,2023,natural_gas_dry,21103.70731,billion_cubic_feet,EIA_INTL_v2:productId=26
RWA,2023,natural_gas_dry,3.191707271,billion_cubic_feet,EIA_INTL_v2:productId=26
SAU,2023,natural_gas_dry,4280.819088,billion_cubic_feet,EIA_INTL_v2:productId=26
SDN,2023,natural_gas_dry,0.0,billion_cubic_feet,EIA_INTL_v2:productId=26
SEN,2023,natural_gas_dry,1.224714627,billion_cubic_feet,EIA_INTL_v2:productId=26
SGP,2023,natural_gas_dry,0.0,billion_cubic_feet,EIA_INTL_v2:productId=26
SHN,2023,natural_gas_dry,0.0,billion_cubic_feet,EIA_INTL_v2:productId=26
SLB,2023,natural_gas_dry,0.0,billion_cubic_feet,EIA_INTL_v2:productId=26
SLE,2023,natural_gas_dry,0.0,billion_cubic_feet,EIA_INTL_v2:productId=26
SLV,2023,natural_gas_dry,0.0,billion_cubic_feet,EIA_INTL_v2:productId=26
SOM,2023,natural_gas_dry,0.0,billion_cubic_feet,EIA_INTL_v2:productId=26
SPM,2023,natural_gas_dry,0.0,billion_cubic_feet,EIA_INTL_v2:productId=26
SRB,2023,natural_gas_dry,12.01323563,billion_cubic_feet,EIA_INTL_v2:productId=26
SSD,2023,natural_gas_dry,0.0,billion_cubic_feet,EIA_INTL_v2:productId=26
STP,2023,natural_gas_dry,0.0,billion_cubic_feet,EIA_INTL_v2:productId=26
SUR,2023,natural_gas_dry,0.251617238,billion_cubic_feet,EIA_INTL_v2:productId=26
SVK,2023,natural_gas_dry,1.642446913,billion_cubic_feet,EIA_INTL_v2:productId=26
SVN,2023,natural_gas_dry,0.141613037,billion_cubic_feet,EIA_INTL_v2:productId=26
SWE,2023,natural_gas_dry,0.0,billion_cubic_feet,EIA_INTL_v2:productId=26
SWZ,2023,natural_gas_dry,0.0,billion_cubic_feet,EIA_INTL_v2:productId=26
SYC,2023,natural_gas_dry,0.0,billion_cubic_feet,EIA_INTL_v2:productId=26
SYR,2023,natural_gas_dry,132.353996,billion_cubic_feet,EIA_INTL_v2:productId=26
TCA,2023,natural_gas_dry,0.0,billion_cubic_feet,EIA_INTL_v2:productId=26
TCD,2023,natural_gas_dry,0.0,billion_cubic_feet,EIA_INTL_v2:productId=26
TGO,2023,natural_gas_dry,0.0,billion_cubic_feet,EIA_INTL_v2:productId=26
THA,2023,natural_gas_dry,884.2851948,billion_cubic_feet,EIA_INTL_v2:productId=26
TJK,2023,natural_gas_dry,0.652599723,billion_cubic_feet,EIA_INTL_v2:productId=26
TKM,2023,natural_gas_dry,2976.201945,billion_cubic_feet,EIA_INTL_v2:productId=26
TLS,2023,natural_gas_dry,18.40012774,billion_cubic_feet,EIA_INTL_v2:productId=26
TON,2023,natural_gas_dry,0.0,billion_cubic_feet,EIA_INTL_v2:productId=26
TTO,2023,natural_gas_dry,918.6083025,billion_cubic_feet,EIA_INTL_v2:productId=26
TUN,2023,natural_gas_dry,52.22618663,billion_cubic_feet,EIA_INTL_v2:productId=26
TUR,2023,natural_gas_dry,28.50885102,billion_cubic_feet,EIA_INTL_v2:productId=26
TUV,2023,natural_gas_dry,0.0,billion_cubic_feet,EIA_INTL_v2:productId=26
TWN,2023,natural_gas_dry,2.124091312,billion_cubic_feet,EIA_INTL_v2:productId=26
TZA,2023,natural_gas_dry,70.34600889,billion_cubic_feet,EIA_INTL_v2:productId=26
UGA,2023,natural_gas_dry,0.0,billion_cubic_feet,EIA_INTL_v2:productId=26
UKR,2023,natural_gas_dry,627.3861072,billion_cubic_feet,EIA_INTL_v2:productId=26
URY,2023,natural_gas_dry,0.0,billion_cubic_feet,EIA_INTL_v2:productId=26
USA,2023,natural_gas_dry,37803.268298,billion_cubic_feet,EIA_INTL_v2:productId=26
UZB,2023,natural_gas_dry,1715.863266,billion_cubic_feet,EIA_INTL_v2:productId=26
VCT,2023,natural_gas_dry,0.0,billion_cubic_feet,EIA_INTL_v2:productId=26
VEN,2023,natural_gas_dry,847.2156673,billion_cubic_feet,EIA_INTL_v2:productId=26
VGB,2023,natural_gas_dry,0.0,billion_cubic_feet,EIA_INTL_v2:productId=26
VIR,2023,natural_gas_dry,0.0,billion_cubic_feet,EIA_INTL_v2:productId=26
VNM,2023,natural_gas_dry,264.153956,billion_cubic_feet,EIA_INTL_v2:productId=26
VUT,2023,natural_gas_dry,0.0,billion_cubic_feet,EIA_INTL_v2:productId=26
WAK,2023,natural_gas_dry,0.0,billion_cubic_feet,EIA_INTL_v2:productId=26
WSM,2023,natural_gas_dry,0.0,billion_cubic_feet,EIA_INTL_v2:productId=26
XKS,2023,natural_gas_dry,0.0,billion_cubic_feet,EIA_INTL_v2:productId=26
YEM,2023,natural_gas_dry,0.3666106,billion_cubic_feet,EIA_INTL_v2:productId=26
ZAF,2023,natural_gas_dry,2.054484102,billion_cubic_feet,EIA_INTL_v2:productId=26
ZMB,2023,natural_gas_dry,0.0,billion_cubic_feet,EIA_INTL_v2:productId=26
ZWE,2023,natural_gas_dry,0.0,billion_cubic_feet,EIA_INTL_v2:productId=26
ABW,2016,coal_total,0.0,thousand_tonnes,EIA_INTL_v2:productId=7
AFG,2016,coal_total,2285.8223576571245,thousand_tonnes,EIA_INTL_v2:productId=7
AGO,2016,coal_total,0.0,thousand_tonnes,EIA_INTL_v2:productId=7
ALB,2016,coal_total,13.9999833504916,thousand_tonnes,EIA_INTL_v2:productId=7
ARE,2016,coal_total,0.0,thousand_tonnes,EIA_INTL_v2:productId=7
ARG,2016,coal_total,22.999972647236472,thousand_tonnes,EIA_INTL_v2:productId=7
ARM,2016,coal_total,0.0,thousand_tonnes,EIA_INTL_v2:productId=7
ASM,2016,coal_total,0.0,thousand_tonnes,EIA_INTL_v2:productId=7
ATA,2016,coal_total,0.0,thousand_tonnes,EIA_INTL_v2:productId=7
ATG,2016,coal_total,0.0,thousand_tonnes,EIA_INTL_v2:productId=7
AUS,2016,coal_total,508407.24457343353,thousand_tonnes,EIA_INTL_v2:productId=7
AUT,2016,coal_total,0.0,thousand_tonnes,EIA_INTL_v2:productId=7
AZE,2016,coal_total,0.0,thousand_tonnes,EIA_INTL_v2:productId=7
BDI,2016,coal_total,0.0,thousand_tonnes,EIA_INTL_v2:productId=7
BEL,2016,coal_total,0.0,thousand_tonnes,EIA_INTL_v2:productId=7
BEN,2016,coal_total,0.0,thousand_tonnes,EIA_INTL_v2:productId=7
BFA,2016,coal_total,0.0,thousand_tonnes,EIA_INTL_v2:productId=7
BGD,2016,coal_total,1021.9987845858868,thousand_tonnes,EIA_INTL_v2:productId=7
BGR,2016,coal_total,31230.96285851451,thousand_tonnes,EIA_INTL_v2:productId=7
BHR,2016,coal_total,0.0,thousand_tonnes,EIA_INTL_v2:productId=7
BHS,2016,coal_total,0.0,thousand_tonnes,EIA_INTL_v2:productId=7
BIH,2016,coal_total,6501.963267527087,thousand_tonnes,EIA_INTL_v2:productId=7
BLR,2016,coal_total,0.0,thousand_tonnes,EIA_INTL_v2:productId=7
BLZ,2016,coal_total,0.0,thousand_tonnes,EIA_INTL_v2:productId=7
BMU,2016,coal_total,0.0,thousand_tonnes,EIA_INTL_v2:productId=7
BOL,2016,coal_total,0.0,thousand_tonnes,EIA_INTL_v2:productId=7
BRA,2016,coal_total,7004.991669299547,thousand_tonnes,EIA_INTL_v2:productId=7
BRB,2016,coal_total,0.0,thousand_tonnes,EIA_INTL_v2:productId=7
BRN,2016,coal_total,0.0,thousand_tonnes,EIA_INTL_v2:productId=7
BTN,2016,coal_total,117.77985993006433,thousand_tonnes,EIA_INTL_v2:productId=7
BWA,2016,coal_total,1876.9977677766235,thousand_tonnes,EIA_INTL_v2:productId=7
CAF,2016,coal_total,0.0,thousand_tonnes,EIA_INTL_v2:productId=7
CAN,2016,coal_total,59259.929525009444,thousand_tonnes,EIA_INTL_v2:productId=7
CHE,2016,coal_total,0.0,thousand_tonnes,EIA_INTL_v2:productId=7
CHL,2016,coal_total,2524.996997142235,thousand_tonnes,EIA_INTL_v2:productId=7
CHN,2016,coal_total,3410595.9439418856,thousand_tonnes,EIA_INTL_v2:productId=7
CIV,2016,coal_total,0.0,thousand_tonnes,EIA_INTL_v2:productId=7
CMR,2016,coal_total,0.0,thousand_tonnes,EIA_INTL_v2:productId=7
COD,2016,coal_total,0.0,thousand_tonnes,EIA_INTL_v2:productId=7
COG,2016,coal_total,0.0,thousand_tonnes,EIA_INTL_v2:productId=7
COK,2016,coal_total,0.0,thousand_tonnes,EIA_INTL_v2:productId=7
COL,2016,coal_total,92194.89035704095,thousand_tonnes,EIA_INTL_v2:productId=7
COM,2016,coal_total,0.0,thousand_tonnes,EIA_INTL_v2:productId=7
CPV,2016,coal_total,0.0,thousand_tonnes,EIA_INTL_v2:productId=7
CRI,2016,coal_total,0.0,thousand_tonnes,EIA_INTL_v2:productId=7
CUB,2016,coal_total,0.0,thousand_tonnes,EIA_INTL_v2:productId=7
CYM,2016,coal_total,0.0,thousand_tonnes,EIA_INTL_v2:productId=7
CYP,2016,coal_total,0.0,thousand_tonnes,EIA_INTL_v2:productId=7
CZE,2016,coal_total,45312.99996200095,thousand_tonnes,EIA_INTL_v2:productId=7
DEU,2016,coal_total,175624.79113786336,thousand_tonnes,EIA_INTL_v2:productId=7
DJI,2016,coal_total,0.0,thousand_tonnes,EIA_INTL_v2:productId=7
DMA,2016,coal_total,0.0,thousand_tonnes,EIA_INTL_v2:productId=7
DNK,2016,coal_total,0.0,thousand_tonnes,EIA_INTL_v2:productId=7
DOM,2016,coal_total,0.0,thousand_tonnes,EIA_INTL_v2:productId=7
DZA,2016,coal_total,0.0,thousand_tonnes,EIA_INTL_v2:productId=7
ECU,2016,coal_total,0.0,thousand_tonnes,EIA_INTL_v2:productId=7
EGY,2016,coal_total,0.0,thousand_tonnes,EIA_INTL_v2:productId=7
ERI,2016,coal_total,0.0,thousand_tonnes,EIA_INTL_v2:productId=7
ESH,2016,coal_total,0.0,thousand_tonnes,EIA_INTL_v2:productId=7
ESP,2016,coal_total,1984.1556403389081,thousand_tonnes,EIA_INTL_v2:productId=7
EST,2016,coal_total,0.0,thousand_tonnes,EIA_INTL_v2:productId=7
ETH,2016,coal_total,0.0,thousand_tonnes,EIA_INTL_v2:productId=7
FIN,2016,coal_total,0.0,thousand_tonnes,EIA_INTL_v2:productId=7
FJI,2016,coal_total,0.0,thousand_tonnes,EIA_INTL_v2:productId=7
FLK,2016,coal_total,0.0,thousand_tonnes,EIA_INTL_v2:productId=7
FRA,2016,coal_total,0.0,thousand_tonnes,EIA_INTL_v2:productId=7
FRO,2016,coal_total,0.0,thousand_tonnes,EIA_INTL_v2:productId=7
FSM,2016,coal_total,0.0,thousand_tonnes,EIA_INTL_v2:productId=7
GAB,2016,coal_total,0.0,thousand_tonnes,EIA_INTL_v2:productId=7
GBR,2016,coal_total,4177.791461274039,thousand_tonnes,EIA_INTL_v2:productId=7
GEO,2016,coal_total,296.4996473871971,thousand_tonnes,EIA_INTL_v2:productId=7
GHA,2016,coal_total,0.0,thousand_tonnes,EIA_INTL_v2:productId=7
GIB,2016,coal_total,0.0,thousand_tonnes,EIA_INTL_v2:productId=7
GIN,2016,coal_total,0.0,thousand_tonnes,EIA_INTL_v2:productId=7
GLP,2016,coal_total,0.0,thousand_tonnes,EIA_INTL_v2:productId=7
GMB,2016,coal_total,0.0,thousand_tonnes,EIA_INTL_v2:productId=7
GNB,2016,coal_total,0.0,thousand_tonnes,EIA_INTL_v2:productId=7
GNQ,2016,coal_total,0.0,thousand_tonnes,EIA_INTL_v2:productId=7
GRC,2016,coal_total,32637.961185238913,thousand_tonnes,EIA_INTL_v2:productId=7
GRD,2016,coal_total,0.0,thousand_tonnes,EIA_INTL_v2:productId=7
GRL,2016,coal_total,0.0,thousand_tonnes,EIA_INTL_v2:productId=7
GTM,2016,coal_total,0.0,thousand_tonnes,EIA_INTL_v2:productId=7
GUF,2016,coal_total,0.0,thousand_tonnes,EIA_INTL_v2:productId=7
GUM,2016,coal_total,0.0,thousand_tonnes,EIA_INTL_v2:productId=7
GUY,2016,coal_total,0.0,thousand_tonnes,EIA_INTL_v2:productId=7
HKG,2016,coal_total,0.0,thousand_tonnes,EIA_INTL_v2:productId=7
HND,2016,coal_total,0.0,thousand_tonnes,EIA_INTL_v2:productId=7
HRV,2016,coal_total,0.0,thousand_tonnes,EIA_INTL_v2:productId=7
HTI,2016,coal_total,0.0,thousand_tonnes,EIA_INTL_v2:productId=7
HUN,2016,coal_total,9215.989039866468,thousand_tonnes,EIA_INTL_v2:productId=7
IDN,2016,coal_total,456197.23245722,thousand_tonnes,EIA_INTL_v2:productId=7
IND,2016,coal_total,653209.2231696156,thousand_tonnes,EIA_INTL_v2:productId=7
IRL,2016,coal_total,0.0,thousand_tonnes,EIA_INTL_v2:productId=7
IRN,2016,coal_total,1334.998412350449,thousand_tonnes,EIA_INTL_v2:productId=7
IRQ,2016,coal_total,0.0,thousand_tonnes,EIA_INTL_v2:productId=7
ISL,2016,coal_total,0.0,thousand_tonnes,EIA_INTL_v2:productId=7
ISR,2016,coal_total,0.0,thousand_tonnes,EIA_INTL_v2:productId=7
ITA,2016,coal_total,0.0,thousand_tonnes,EIA_INTL_v2:productId=7
JAM,2016,coal_total,0.0,thousand_tonnes,EIA_INTL_v2:productId=7
JOR,2016,coal_total,0.0,thousand_tonnes,EIA_INTL_v2:productId=7
JPN,2016,coal_total,1287.998468245227,thousand_tonnes,EIA_INTL_v2:productId=7
KAZ,2016,coal_total,103073.87741918347,thousand_tonnes,EIA_INTL_v2:productId=7
KEN,2016,coal_total,0.0,thousand_tonnes,EIA_INTL_v2:productId=7
KGZ,2016,coal_total,1850.9977986971394,thousand_tonnes,EIA_INTL_v2:productId=7
KHM,2016,coal_total,0.0,thousand_tonnes,EIA_INTL_v2:productId=7
KIR,2016,coal_total,0.0,thousand_tonnes,EIA_INTL_v2:productId=7
KNA,2016,coal_total,0.0,thousand_tonnes,EIA_INTL_v2:productId=7
KOR,2016,coal_total,1725.9979473534643,thousand_tonnes,EIA_INTL_v2:productId=7
KWT,2016,coal_total,0.0,thousand_tonnes,EIA_INTL_v2:productId=7
LAO,2016,coal_total,13235.984259079058,thousand_tonnes,EIA_INTL_v2:productId=7
LBN,2016,coal_total,0.0,thousand_tonnes,EIA_INTL_v2:productId=7
LBR,2016,coal_total,0.0,thousand_tonnes,EIA_INTL_v2:productId=7
LBY,2016,coal_total,0.0,thousand_tonnes,EIA_INTL_v2:productId=7
LCA,2016,coal_total,0.0,thousand_tonnes,EIA_INTL_v2:productId=7
LKA,2016,coal_total,0.0,thousand_tonnes,EIA_INTL_v2:productId=7
LSO,2016,coal_total,0.0,thousand_tonnes,EIA_INTL_v2:productId=7
LTU,2016,coal_total,0.0,thousand_tonnes,EIA_INTL_v2:productId=7
LUX,2016,coal_total,0.0,thousand_tonnes,EIA_INTL_v2:productId=7
LVA,2016,coal_total,0.0,thousand_tonnes,EIA_INTL_v2:productId=7
MAC,2016,coal_total,0.0,thousand_tonnes,EIA_INTL_v2:productId=7
MAR,2016,coal_total,0.0,thousand_tonnes,EIA_INTL_v2:productId=7
MDA,2016,coal_total,0.0,thousand_tonnes,EIA_INTL_v2:productId=7
MDG,2016,coal_total,0.0,thousand_tonnes,EIA_INTL_v2:productId=7
MDV,2016,coal_total,0.0,thousand_tonnes,EIA_INTL_v2:productId=7
MEX,2016,coal_total,12566.98505468771,thousand_tonnes,EIA_INTL_v2:productId=7
MKD,2016,coal_total,5151.993872980909,thousand_tonnes,EIA_INTL_v2:productId=7
MLI,2016,coal_total,0.0,thousand_tonnes,EIA_INTL_v2:productId=7
MLT,2016,coal_total,0.0,thousand_tonnes,EIA_INTL_v2:productId=7
MMR,2016,coal_total,549.99934591217,thousand_tonnes,EIA_INTL_v2:productId=7
MNE,2016,coal_total,1397.9983374276612,thousand_tonnes,EIA_INTL_v2:productId=7
MNG,2016,coal_total,33501.44126107195,thousand_tonnes,EIA_INTL_v2:productId=7
MNP,2016,coal_total,0.0,thousand_tonnes,EIA_INTL_v2:productId=7
MOZ,2016,coal_total,7108.857875112996,thousand_tonnes,EIA_INTL_v2:productId=7
MRT,2016,coal_total,0.0,thousand_tonnes,EIA_INTL_v2:productId=7
MSR,2016,coal_total,0.0,thousand_tonnes,EIA_INTL_v2:productId=7
MTQ,2016,coal_total,0.0,thousand_tonnes,EIA_INTL_v2:productId=7
MUS,2016,coal_total,0.0,thousand_tonnes,EIA_INTL_v2:productId=7
MWI,2016,coal_total,43.29994850544902,thousand_tonnes,EIA_INTL_v2:productId=7
MYS,2016,coal_total,2258.9973134828947,thousand_tonnes,EIA_INTL_v2:productId=7
NAM,2016,coal_total,0.0,thousand_tonnes,EIA_INTL_v2:productId=7
NCL,2016,coal_total,0.0,thousand_tonnes,EIA_INTL_v2:productId=7
NER,2016,coal_total,236.9997181476078,thousand_tonnes,EIA_INTL_v2:productId=7
NGA,2016,coal_total,2659.996836593404,thousand_tonnes,EIA_INTL_v2:productId=7
NIC,2016,coal_total,0.0,thousand_tonnes,EIA_INTL_v2:productId=7
NIU,2016,coal_total,0.0,thousand_tonnes,EIA_INTL_v2:productId=7
NLD,2016,coal_total,0.0,thousand_tonnes,EIA_INTL_v2:productId=7
NOR,2016,coal_total,817.999027193009,thousand_tonnes,EIA_INTL_v2:productId=7
NPL,2016,coal_total,20.9999750257374,thousand_tonnes,EIA_INTL_v2:productId=7
NRU,2016,coal_total,0.0,thousand_tonnes,EIA_INTL_v2:productId=7
NZL,2016,coal_total,2866.6185908680663,thousand_tonnes,EIA_INTL_v2:productId=7
OMN,2016,coal_total,0.0,thousand_tonnes,EIA_INTL_v2:productId=7
PAK,2016,coal_total,4164.995046771251,thousand_tonnes,EIA_INTL_v2:productId=7
PAN,2016,coal_total,0.0,thousand_tonnes,EIA_INTL_v2:productId=7
PER,2016,coal_total,268.9996800915886,thousand_tonnes,EIA_INTL_v2:productId=7
PHL,2016,coal_total,11210.986667311523,thousand_tonnes,EIA_INTL_v2:productId=7
PNG,2016,coal_total,0.0,thousand_tonnes,EIA_INTL_v2:productId=7
POL,2016,coal_total,130630.99989045376,thousand_tonnes,EIA_INTL_v2:productId=7
PRI,2016,coal_total,0.0,thousand_tonnes,EIA_INTL_v2:productId=7
PRK,2016,coal_total,33054.960689321415,thousand_tonnes,EIA_INTL_v2:productId=7
PRT,2016,coal_total,0.0,thousand_tonnes,EIA_INTL_v2:productId=7
PRY,2016,coal_total,0.0,thousand_tonnes,EIA_INTL_v2:productId=7
PSE,2016,coal_total,0.0,thousand_tonnes,EIA_INTL_v2:productId=7
PYF,2016,coal_total,0.0,thousand_tonnes,EIA_INTL_v2:productId=7
QAT,2016,coal_total,0.0,thousand_tonnes,EIA_INTL_v2:productId=7
REU,2016,coal_total,0.0,thousand_tonnes,EIA_INTL_v2:productId=7
ROU,2016,coal_total,22985.01666353485,thousand_tonnes,EIA_INTL_v2:productId=7
RUS,2016,coal_total,383825.64353458665,thousand_tonnes,EIA_INTL_v2:productId=7
RWA,2016,coal_total,0.0,thousand_tonnes,EIA_INTL_v2:productId=7
SAU,2016,coal_total,0.0,thousand_tonnes,EIA_INTL_v2:productId=7
SDN,2016,coal_total,0.0,thousand_tonnes,EIA_INTL_v2:productId=7
SEN,2016,coal_total,0.0,thousand_tonnes,EIA_INTL_v2:productId=7
SGP,2016,coal_total,0.0,thousand_tonnes,EIA_INTL_v2:productId=7
SHN,2016,coal_total,0.0,thousand_tonnes,EIA_INTL_v2:productId=7
SLB,2016,coal_total,0.0,thousand_tonnes,EIA_INTL_v2:productId=7
SLE,2016,coal_total,0.0,thousand_tonnes,EIA_INTL_v2:productId=7
SLV,2016,coal_total,0.0,thousand_tonnes,EIA_INTL_v2:productId=7
SOM,2016,coal_total,0.0,thousand_tonnes,EIA_INTL_v2:productId=7
SPM,2016,coal_total,0.0,thousand_tonnes,EIA_INTL_v2:productId=7
SRB,2016,coal_total,38439.954285206935,thousand_tonnes,EIA_INTL_v2:productId=7
SSD,2016,coal_total,0.0,thousand_tonnes,EIA_INTL_v2:productId=7
STP,2016,coal_total,0.0,thousand_tonnes,EIA_INTL_v2:productId=7
SUR,2016,coal_total,0.0,thousand_tonnes,EIA_INTL_v2:productId=7
SVK,2016,coal_total,1846.9978034541418,thousand_tonnes,EIA_INTL_v2:productId=7
SVN,2016,coal_total,3348.9960171997404,thousand_tonnes,EIA_INTL_v2:productId=7
SWE,2016,coal_total,0.0,thousand_tonnes,EIA_INTL_v2:productId=7
SWZ,2016,coal_total,158.39981162270496,thousand_tonnes,EIA_INTL_v2:productId=7
SYC,2016,coal_total,0.0,thousand_tonnes,EIA_INTL_v2:productId=7
SYR,2016,coal_total,0.0,thousand_tonnes,EIA_INTL_v2:productId=7
TCA,2016,coal_total,0.0,thousand_tonnes,EIA_INTL_v2:productId=7
TCD,2016,coal_total,0.0,thousand_tonnes,EIA_INTL_v2:productId=7
TGO,2016,coal_total,0.0,thousand_tonnes,EIA_INTL_v2:productId=7
THA,2016,coal_total,16978.580808188573,thousand_tonnes,EIA_INTL_v2:productId=7
TJK,2016,coal_total,1360.9983814299335,thousand_tonnes,EIA_INTL_v2:productId=7
TKM,2016,coal_total,0.0,thousand_tonnes,EIA_INTL_v2:productId=7
TLS,2016,coal_total,0.0,thousand_tonnes,EIA_INTL_v2:productId=7
TON,2016,coal_total,0.0,thousand_tonnes,EIA_INTL_v2:productId=7
TTO,2016,coal_total,0.0,thousand_tonnes,EIA_INTL_v2:productId=7
TUN,2016,coal_total,0.0,thousand_tonnes,EIA_INTL_v2:productId=7
TUR,2016,coal_total,73003.91317994919,thousand_tonnes,EIA_INTL_v2:productId=7
TUV,2016,coal_total,0.0,thousand_tonnes,EIA_INTL_v2:productId=7
TWN,2016,coal_total,0.0,thousand_tonnes,EIA_INTL_v2:productId=7
TZA,2016,coal_total,275.9996717668344,thousand_tonnes,EIA_INTL_v2:productId=7
UGA,2016,coal_total,0.0,thousand_tonnes,EIA_INTL_v2:productId=7
UKR,2016,coal_total,32169.961741808223,thousand_tonnes,EIA_INTL_v2:productId=7
URY,2016,coal_total,0.0,thousand_tonnes,EIA_INTL_v2:productId=7
USA,2016,coal_total,660761.1577433569,thousand_tonnes,EIA_INTL_v2:productId=7
UZB,2016,coal_total,3866.9954011679297,thousand_tonnes,EIA_INTL_v2:productId=7
VCT,2016,coal_total,0.0,thousand_tonnes,EIA_INTL_v2:productId=7
VEN,2016,coal_total,748.9991092513006,thousand_tonnes,EIA_INTL_v2:productId=7
VGB,2016,coal_total,0.0,thousand_tonnes,EIA_INTL_v2:productId=7
VIR,2016,coal_total,0.0,thousand_tonnes,EIA_INTL_v2:productId=7
VNM,2016,coal_total,38526.954181742134,thousand_tonnes,EIA_INTL_v2:productId=7
VUT,2016,coal_total,0.0,thousand_tonnes,EIA_INTL_v2:productId=7
WAK,2016,coal_total,0.0,thousand_tonnes,EIA_INTL_v2:productId=7
WSM,2016,coal_total,0.0,thousand_tonnes,EIA_INTL_v2:productId=7
XKS,2016,coal_total,8800.989533405469,thousand_tonnes,EIA_INTL_v2:productId=7
YEM,2016,coal_total,0.0,thousand_tonnes,EIA_INTL_v2:productId=7
ZAF,2016,coal_total,255813.69577304702,thousand_tonnes,EIA_INTL_v2:productId=7
ZMB,2016,coal_total,327.9996099258032,thousand_tonnes,EIA_INTL_v2:productId=7
ZWE,2016,coal_total,2701.7157869790553,thousand_tonnes,EIA_INTL_v2:productId=7
ABW,2017,coal_total,0.0,thousand_tonnes,EIA_INTL_v2:productId=7
AFG,2017,coal_total,2069.7318180517127,thousand_tonnes,EIA_INTL_v2:productId=7
AGO,2017,coal_total,0.0,thousand_tonnes,EIA_INTL_v2:productId=7
ALB,2017,coal_total,45.9999452944724,thousand_tonnes,EIA_INTL_v2:productId=7
ARE,2017,coal_total,0.0,thousand_tonnes,EIA_INTL_v2:productId=7
ARG,2017,coal_total,19.699976571762907,thousand_tonnes,EIA_INTL_v2:productId=7
ARM,2017,coal_total,0.0,thousand_tonnes,EIA_INTL_v2:productId=7
ASM,2017,coal_total,0.0,thousand_tonnes,EIA_INTL_v2:productId=7
ATA,2017,coal_total,0.0,thousand_tonnes,EIA_INTL_v2:productId=7
ATG,2017,coal_total,0.0,thousand_tonnes,EIA_INTL_v2:productId=7
AUS,2017,coal_total,505685.19711978995,thousand_tonnes,EIA_INTL_v2:productId=7
AUT,2017,coal_total,0.0,thousand_tonnes,EIA_INTL_v2:productId=7
AZE,2017,coal_total,0.0,thousand_tonnes,EIA_INTL_v2:productId=7
BDI,2017,coal_total,0.0,thousand_tonnes,EIA_INTL_v2:productId=7
BEL,2017,coal_total,0.0,thousand_tonnes,EIA_INTL_v2:productId=7
BEN,2017,coal_total,0.0,thousand_tonnes,EIA_INTL_v2:productId=7
BFA,2017,coal_total,0.0,thousand_tonnes,EIA_INTL_v2:productId=7
BGD,2017,coal_total,1160.9986192800534,thousand_tonnes,EIA_INTL_v2:productId=7
BGR,2017,coal_total,34277.301235632316,thousand_tonnes,EIA_INTL_v2:productId=7
BHR,2017,coal_total,0.0,thousand_tonnes,EIA_INTL_v2:productId=7
BHS,2017,coal_total,0.0,thousand_tonnes,EIA_INTL_v2:productId=7
BIH,2017,coal_total,7131.372364679671,thousand_tonnes,EIA_INTL_v2:productId=7
BLR,2017,coal_total,0.0,thousand_tonnes,EIA_INTL_v2:productId=7
BLZ,2017,coal_total,0.0,thousand_tonnes,EIA_INTL_v2:productId=7
BMU,2017,coal_total,0.0,thousand_tonnes,EIA_INTL_v2:productId=7
BOL,2017,coal_total,0.0,thousand_tonnes,EIA_INTL_v2:productId=7
BRA,2017,coal_total,4818.994269001359,thousand_tonnes,EIA_INTL_v2:productId=7
BRB,2017,coal_total,0.0,thousand_tonnes,EIA_INTL_v2:productId=7
BRN,2017,coal_total,0.0,thousand_tonnes,EIA_INTL_v2:productId=7
BTN,2017,coal_total,161.9998073414028,thousand_tonnes,EIA_INTL_v2:productId=7
BWA,2017,coal_total,2219.6353602941567,thousand_tonnes,EIA_INTL_v2:productId=7
CAF,2017,coal_total,0.0,thousand_tonnes,EIA_INTL_v2:productId=7
CAN,2017,coal_total,62157.926078561206,thousand_tonnes,EIA_INTL_v2:productId=7
CHE,2017,coal_total,0.0,thousand_tonnes,EIA_INTL_v2:productId=7
CHL,2017,coal_total,2424.997116067295,thousand_tonnes,EIA_INTL_v2:productId=7
CHN,2017,coal_total,3523555.8096041107,thousand_tonnes,EIA_INTL_v2:productId=7
CIV,2017,coal_total,0.0,thousand_tonnes,EIA_INTL_v2:productId=7
CMR,2017,coal_total,0.0,thousand_tonnes,EIA_INTL_v2:productId=7
COD,2017,coal_total,0.0,thousand_tonnes,EIA_INTL_v2:productId=7
COG,2017,coal_total,0.0,thousand_tonnes,EIA_INTL_v2:productId=7
COK,2017,coal_total,0.0,thousand_tonnes,EIA_INTL_v2:productId=7
COL,2017,coal_total,92383.0551332652,thousand_tonnes,EIA_INTL_v2:productId=7
COM,2017,coal_total,0.0,thousand_tonnes,EIA_INTL_v2:productId=7
CPV,2017,coal_total,0.0,thousand_tonnes,EIA_INTL_v2:productId=7
CRI,2017,coal_total,0.0,thousand_tonnes,EIA_INTL_v2:productId=7
CUB,2017,coal_total,0.0,thousand_tonnes,EIA_INTL_v2:productId=7
CYM,2017,coal_total,0.0,thousand_tonnes,EIA_INTL_v2:productId=7
CYP,2017,coal_total,0.0,thousand_tonnes,EIA_INTL_v2:productId=7
CZE,2017,coal_total,44721.2798151279,thousand_tonnes,EIA_INTL_v2:productId=7
DEU,2017,coal_total,175121.79173605645,thousand_tonnes,EIA_INTL_v2:productId=7
DJI,2017,coal_total,0.0,thousand_tonnes,EIA_INTL_v2:productId=7
DMA,2017,coal_total,0.0,thousand_tonnes,EIA_INTL_v2:productId=7
DNK,2017,coal_total,0.0,thousand_tonnes,EIA_INTL_v2:productId=7
DOM,2017,coal_total,0.0,thousand_tonnes,EIA_INTL_v2:productId=7
DZA,2017,coal_total,0.0,thousand_tonnes,EIA_INTL_v2:productId=7
ECU,2017,coal_total,0.0,thousand_tonnes,EIA_INTL_v2:productId=7
EGY,2017,coal_total,0.0,thousand_tonnes,EIA_INTL_v2:productId=7
ERI,2017,coal_total,0.0,thousand_tonnes,EIA_INTL_v2:productId=7
ESH,2017,coal_total,0.0,thousand_tonnes,EIA_INTL_v2:productId=7
ESP,2017,coal_total,2976.9964596009636,thousand_tonnes,EIA_INTL_v2:productId=7
EST,2017,coal_total,0.0,thousand_tonnes,EIA_INTL_v2:productId=7
ETH,2017,coal_total,0.0,thousand_tonnes,EIA_INTL_v2:productId=7
FIN,2017,coal_total,0.0,thousand_tonnes,EIA_INTL_v2:productId=7
FJI,2017,coal_total,0.0,thousand_tonnes,EIA_INTL_v2:productId=7
FLK,2017,coal_total,0.0,thousand_tonnes,EIA_INTL_v2:productId=7
FRA,2017,coal_total,0.0,thousand_tonnes,EIA_INTL_v2:productId=7
FRO,2017,coal_total,0.0,thousand_tonnes,EIA_INTL_v2:productId=7
FSM,2017,coal_total,0.0,thousand_tonnes,EIA_INTL_v2:productId=7
GAB,2017,coal_total,0.0,thousand_tonnes,EIA_INTL_v2:productId=7
GBR,2017,coal_total,3041.0608690842155,thousand_tonnes,EIA_INTL_v2:productId=7
GEO,2017,coal_total,267.9996812808392,thousand_tonnes,EIA_INTL_v2:productId=7
GHA,2017,coal_total,0.0,thousand_tonnes,EIA_INTL_v2:productId=7
GIB,2017,coal_total,0.0,thousand_tonnes,EIA_INTL_v2:productId=7
GIN,2017,coal_total,0.0,thousand_tonnes,EIA_INTL_v2:productId=7
GLP,2017,coal_total,0.0,thousand_tonnes,EIA_INTL_v2:productId=7
GMB,2017,coal_total,0.0,thousand_tonnes,EIA_INTL_v2:productId=7
GNB,2017,coal_total,0.0,thousand_tonnes,EIA_INTL_v2:productId=7
GNQ,2017,coal_total,0.0,thousand_tonnes,EIA_INTL_v2:productId=7
GRC,2017,coal_total,37731.303127971754,thousand_tonnes,EIA_INTL_v2:productId=7
GRD,2017,coal_total,0.0,thousand_tonnes,EIA_INTL_v2:productId=7
GRL,2017,coal_total,0.0,thousand_tonnes,EIA_INTL_v2:productId=7
GTM,2017,coal_total,0.0,thousand_tonnes,EIA_INTL_v2:productId=7
GUF,2017,coal_total,0.0,thousand_tonnes,EIA_INTL_v2:productId=7
GUM,2017,coal_total,0.0,thousand_tonnes,EIA_INTL_v2:productId=7
GUY,2017,coal_total,0.0,thousand_tonnes,EIA_INTL_v2:productId=7
HKG,2017,coal_total,0.0,thousand_tonnes,EIA_INTL_v2:productId=7
HND,2017,coal_total,0.0,thousand_tonnes,EIA_INTL_v2:productId=7
HRV,2017,coal_total,0.0,thousand_tonnes,EIA_INTL_v2:productId=7
HTI,2017,coal_total,0.0,thousand_tonnes,EIA_INTL_v2:productId=7
HUN,2017,coal_total,7971.990519294216,thousand_tonnes,EIA_INTL_v2:productId=7
IDN,2017,coal_total,461247.6354648129,thousand_tonnes,EIA_INTL_v2:productId=7
IND,2017,coal_total,671016.7019920355,thousand_tonnes,EIA_INTL_v2:productId=7
IRL,2017,coal_total,0.0,thousand_tonnes,EIA_INTL_v2:productId=7
IRN,2017,coal_total,1577.8041235932678,thousand_tonnes,EIA_INTL_v2:productId=7
IRQ,2017,coal_total,0.0,thousand_tonnes,EIA_INTL_v2:productId=7
ISL,2017,coal_total,0.0,thousand_tonnes,EIA_INTL_v2:productId=7
ISR,2017,coal_total,0.0,thousand_tonnes,EIA_INTL_v2:productId=7
ITA,2017,coal_total,0.0,thousand_tonnes,EIA_INTL_v2:productId=7
JAM,2017,coal_total,0.0,thousand_tonnes,EIA_INTL_v2:productId=7
JOR,2017,coal_total,0.0,thousand_tonnes,EIA_INTL_v2:productId=7
JPN,2017,coal_total,1327.8954207976958,thousand_tonnes,EIA_INTL_v2:productId=7
KAZ,2017,coal_total,101407.07940142583,thousand_tonnes,EIA_INTL_v2:productId=7
KEN,2017,coal_total,0.0,thousand_tonnes,EIA_INTL_v2:productId=7
KGZ,2017,coal_total,1870.9977749121274,thousand_tonnes,EIA_INTL_v2:productId=7
KHM,2017,coal_total,0.0,thousand_tonnes,EIA_INTL_v2:productId=7
KIR,2017,coal_total,0.0,thousand_tonnes,EIA_INTL_v2:productId=7
KNA,2017,coal_total,0.0,thousand_tonnes,EIA_INTL_v2:productId=7
KOR,2017,coal_total,1485.9982327736084,thousand_tonnes,EIA_INTL_v2:productId=7
KWT,2017,coal_total,0.0,thousand_tonnes,EIA_INTL_v2:productId=7
LAO,2017,coal_total,13572.783858539457,thousand_tonnes,EIA_INTL_v2:productId=7
LBN,2017,coal_total,0.0,thousand_tonnes,EIA_INTL_v2:productId=7
LBR,2017,coal_total,0.0,thousand_tonnes,EIA_INTL_v2:productId=7
LBY,2017,coal_total,0.0,thousand_tonnes,EIA_INTL_v2:productId=7
LCA,2017,coal_total,0.0,thousand_tonnes,EIA_INTL_v2:productId=7
LKA,2017,coal_total,0.0,thousand_tonnes,EIA_INTL_v2:productId=7
LSO,2017,coal_total,0.0,thousand_tonnes,EIA_INTL_v2:productId=7
LTU,2017,coal_total,0.0,thousand_tonnes,EIA_INTL_v2:productId=7
LUX,2017,coal_total,0.0,thousand_tonnes,EIA_INTL_v2:productId=7
LVA,2017,coal_total,0.0,thousand_tonnes,EIA_INTL_v2:productId=7
MAC,2017,coal_total,0.0,thousand_tonnes,EIA_INTL_v2:productId=7
MAR,2017,coal_total,0.0,thousand_tonnes,EIA_INTL_v2:productId=7
MDA,2017,coal_total,0.0,thousand_tonnes,EIA_INTL_v2:productId=7
MDG,2017,coal_total,0.0,thousand_tonnes,EIA_INTL_v2:productId=7
MDV,2017,coal_total,0.0,thousand_tonnes,EIA_INTL_v2:productId=7
MEX,2017,coal_total,11775.985995384934,thousand_tonnes,EIA_INTL_v2:productId=7
MKD,2017,coal_total,5093.7149422892435,thousand_tonnes,EIA_INTL_v2:productId=7
MLI,2017,coal_total,0.0,thousand_tonnes,EIA_INTL_v2:productId=7
MLT,2017,coal_total,0.0,thousand_tonnes,EIA_INTL_v2:productId=7
MMR,2017,coal_total,736.9461235853381,thousand_tonnes,EIA_INTL_v2:productId=7
MNE,2017,coal_total,1474.7982479075847,thousand_tonnes,EIA_INTL_v2:productId=7
MNG,2017,coal_total,39859.866669042036,thousand_tonnes,EIA_INTL_v2:productId=7
MNP,2017,coal_total,0.0,thousand_tonnes,EIA_INTL_v2:productId=7
MOZ,2017,coal_total,15094.597120705164,thousand_tonnes,EIA_INTL_v2:productId=7
MRT,2017,coal_total,0.0,thousand_tonnes,EIA_INTL_v2:productId=7
MSR,2017,coal_total,0.0,thousand_tonnes,EIA_INTL_v2:productId=7
MTQ,2017,coal_total,0.0,thousand_tonnes,EIA_INTL_v2:productId=7
MUS,2017,coal_total,0.0,thousand_tonnes,EIA_INTL_v2:productId=7
MWI,2017,coal_total,59.999928644964,thousand_tonnes,EIA_INTL_v2:productId=7
MYS,2017,coal_total,2988.9964453299385,thousand_tonnes,EIA_INTL_v2:productId=7
NAM,2017,coal_total,0.0,thousand_tonnes,EIA_INTL_v2:productId=7
NCL,2017,coal_total,0.0,thousand_tonnes,EIA_INTL_v2:productId=7
NER,2017,coal_total,232.9997229046102,thousand_tonnes,EIA_INTL_v2:productId=7
NGA,2017,coal_total,2297.6712674898167,thousand_tonnes,EIA_INTL_v2:productId=7
NIC,2017,coal_total,0.0,thousand_tonnes,EIA_INTL_v2:productId=7
NIU,2017,coal_total,0.0,thousand_tonnes,EIA_INTL_v2:productId=7
NLD,2017,coal_total,0.0,thousand_tonnes,EIA_INTL_v2:productId=7
NOR,2017,coal_total,130.99984420817137,thousand_tonnes,EIA_INTL_v2:productId=7
NPL,2017,coal_total,22.9999726472362,thousand_tonnes,EIA_INTL_v2:productId=7
NRU,2017,coal_total,0.0,thousand_tonnes,EIA_INTL_v2:productId=7
NZL,2017,coal_total,2918.559529097201,thousand_tonnes,EIA_INTL_v2:productId=7
OMN,2017,coal_total,0.0,thousand_tonnes,EIA_INTL_v2:productId=7
PAK,2017,coal_total,4297.9948886009215,thousand_tonnes,EIA_INTL_v2:productId=7
PAN,2017,coal_total,0.0,thousand_tonnes,EIA_INTL_v2:productId=7
PER,2017,coal_total,395.4863946670085,thousand_tonnes,EIA_INTL_v2:productId=7
PHL,2017,coal_total,11931.98580986184,thousand_tonnes,EIA_INTL_v2:productId=7
PNG,2017,coal_total,0.0,thousand_tonnes,EIA_INTL_v2:productId=7
POL,2017,coal_total,126640.4553925814,thousand_tonnes,EIA_INTL_v2:productId=7
PRI,2017,coal_total,0.0,thousand_tonnes,EIA_INTL_v2:productId=7
PRK,2017,coal_total,29141.371343565428,thousand_tonnes,EIA_INTL_v2:productId=7
PRT,2017,coal_total,0.0,thousand_tonnes,EIA_INTL_v2:productId=7
PRY,2017,coal_total,0.0,thousand_tonnes,EIA_INTL_v2:productId=7
PSE,2017,coal_total,0.0,thousand_tonnes,EIA_INTL_v2:productId=7
PYF,2017,coal_total,0.0,thousand_tonnes,EIA_INTL_v2:productId=7
QAT,2017,coal_total,0.0,thousand_tonnes,EIA_INTL_v2:productId=7
REU,2017,coal_total,0.0,thousand_tonnes,EIA_INTL_v2:productId=7
ROU,2017,coal_total,25752.261369970813,thousand_tonnes,EIA_INTL_v2:productId=7
RUS,2017,coal_total,407850.81495987973,thousand_tonnes,EIA_INTL_v2:productId=7
RWA,2017,coal_total,0.0,thousand_tonnes,EIA_INTL_v2:productId=7
SAU,2017,coal_total,0.0,thousand_tonnes,EIA_INTL_v2:productId=7
SDN,2017,coal_total,0.0,thousand_tonnes,EIA_INTL_v2:productId=7
SEN,2017,coal_total,0.0,thousand_tonnes,EIA_INTL_v2:productId=7
SGP,2017,coal_total,0.0,thousand_tonnes,EIA_INTL_v2:productId=7
SHN,2017,coal_total,0.0,thousand_tonnes,EIA_INTL_v2:productId=7
SLB,2017,coal_total,0.0,thousand_tonnes,EIA_INTL_v2:productId=7
SLE,2017,coal_total,0.0,thousand_tonnes,EIA_INTL_v2:productId=7
SLV,2017,coal_total,0.0,thousand_tonnes,EIA_INTL_v2:productId=7
SOM,2017,coal_total,0.0,thousand_tonnes,EIA_INTL_v2:productId=7
SPM,2017,coal_total,0.0,thousand_tonnes,EIA_INTL_v2:productId=7
SRB,2017,coal_total,39805.911665012216,thousand_tonnes,EIA_INTL_v2:productId=7
SSD,2017,coal_total,0.0,thousand_tonnes,EIA_INTL_v2:productId=7
STP,2017,coal_total,0.0,thousand_tonnes,EIA_INTL_v2:productId=7
SUR,2017,coal_total,0.0,thousand_tonnes,EIA_INTL_v2:productId=7
SVK,2017,coal_total,1833.9978189143994,thousand_tonnes,EIA_INTL_v2:productId=7
SVN,2017,coal_total,3355.9960088749863,thousand_tonnes,EIA_INTL_v2:productId=7
SWE,2017,coal_total,0.0,thousand_tonnes,EIA_INTL_v2:productId=7
SWZ,2017,coal_total,172.5048642025986,thousand_tonnes,EIA_INTL_v2:productId=7
SYC,2017,coal_total,0.0,thousand_tonnes,EIA_INTL_v2:productId=7
SYR,2017,coal_total,0.0,thousand_tonnes,EIA_INTL_v2:productId=7
TCA,2017,coal_total,0.0,thousand_tonnes,EIA_INTL_v2:productId=7
TCD,2017,coal_total,0.0,thousand_tonnes,EIA_INTL_v2:productId=7
TGO,2017,coal_total,0.0,thousand_tonnes,EIA_INTL_v2:productId=7
THA,2017,coal_total,16258.617663072631,thousand_tonnes,EIA_INTL_v2:productId=7
TJK,2017,coal_total,1759.997906918944,thousand_tonnes,EIA_INTL_v2:productId=7
TKM,2017,coal_total,0.0,thousand_tonnes,EIA_INTL_v2:productId=7
TLS,2017,coal_total,0.0,thousand_tonnes,EIA_INTL_v2:productId=7
TON,2017,coal_total,0.0,thousand_tonnes,EIA_INTL_v2:productId=7
TTO,2017,coal_total,0.0,thousand_tonnes,EIA_INTL_v2:productId=7
TUN,2017,coal_total,0.0,thousand_tonnes,EIA_INTL_v2:productId=7
TUR,2017,coal_total,74098.08287870567,thousand_tonnes,EIA_INTL_v2:productId=7
TUV,2017,coal_total,0.0,thousand_tonnes,EIA_INTL_v2:productId=7
TWN,2017,coal_total,0.0,thousand_tonnes,EIA_INTL_v2:productId=7
TZA,2017,coal_total,558.9993352089145,thousand_tonnes,EIA_INTL_v2:productId=7
UGA,2017,coal_total,0.0,thousand_tonnes,EIA_INTL_v2:productId=7
UKR,2017,coal_total,24684.970643348937,thousand_tonnes,EIA_INTL_v2:productId=7
URY,2017,coal_total,0.0,thousand_tonnes,EIA_INTL_v2:productId=7
USA,2017,coal_total,702713.7881316122,thousand_tonnes,EIA_INTL_v2:productId=7
UZB,2017,coal_total,4038.9951966168264,thousand_tonnes,EIA_INTL_v2:productId=7
VCT,2017,coal_total,0.0,thousand_tonnes,EIA_INTL_v2:productId=7
VEN,2017,coal_total,720.0485668891811,thousand_tonnes,EIA_INTL_v2:productId=7
VGB,2017,coal_total,0.0,thousand_tonnes,EIA_INTL_v2:productId=7
VIR,2017,coal_total,0.0,thousand_tonnes,EIA_INTL_v2:productId=7
VNM,2017,coal_total,38236.95452662481,thousand_tonnes,EIA_INTL_v2:productId=7
VUT,2017,coal_total,0.0,thousand_tonnes,EIA_INTL_v2:productId=7
WAK,2017,coal_total,0.0,thousand_tonnes,EIA_INTL_v2:productId=7
WSM,2017,coal_total,0.0,thousand_tonnes,EIA_INTL_v2:productId=7
XKS,2017,coal_total,7574.687991723545,thousand_tonnes,EIA_INTL_v2:productId=7
YEM,2017,coal_total,0.0,thousand_tonnes,EIA_INTL_v2:productId=7
ZAF,2017,coal_total,257124.4352142475,thousand_tonnes,EIA_INTL_v2:productId=7
ZMB,2017,coal_total,796.9990521672754,thousand_tonnes,EIA_INTL_v2:productId=7
ZWE,2017,coal_total,2928.196517636422,thousand_tonnes,EIA_INTL_v2:productId=7
ABW,2018,coal_total,0.0,thousand_tonnes,EIA_INTL_v2:productId=7
AFG,2018,coal_total,2838.7222819367785,thousand_tonnes,EIA_INTL_v2:productId=7
AGO,2018,coal_total,0.0,thousand_tonnes,EIA_INTL_v2:productId=7
ALB,2018,coal_total,97.9998834534412,thousand_tonnes,EIA_INTL_v2:productId=7
ARE,2018,coal_total,0.0,thousand_tonnes,EIA_INTL_v2:productId=7
ARG,2018,coal_total,23.712539044964,thousand_tonnes,EIA_INTL_v2:productId=7
ARM,2018,coal_total,0.0,thousand_tonnes,EIA_INTL_v2:productId=7
ASM,2018,coal_total,0.0,thousand_tonnes,EIA_INTL_v2:productId=7
ATA,2018,coal_total,0.0,thousand_tonnes,EIA_INTL_v2:productId=7
ATG,2018,coal_total,0.0,thousand_tonnes,EIA_INTL_v2:productId=7
AUS,2018,coal_total,491461.8114120508,thousand_tonnes,EIA_INTL_v2:productId=7
AUT,2018,coal_total,0.0,thousand_tonnes,EIA_INTL_v2:productId=7
AZE,2018,coal_total,0.0,thousand_tonnes,EIA_INTL_v2:productId=7
BDI,2018,coal_total,0.0,thousand_tonnes,EIA_INTL_v2:productId=7
BEL,2018,coal_total,0.0,thousand_tonnes,EIA_INTL_v2:productId=7
BEN,2018,coal_total,0.0,thousand_tonnes,EIA_INTL_v2:productId=7
BFA,2018,coal_total,0.0,thousand_tonnes,EIA_INTL_v2:productId=7
BGD,2018,coal_total,922.9989023216962,thousand_tonnes,EIA_INTL_v2:productId=7
BGR,2018,coal_total,30262.944009732877,thousand_tonnes,EIA_INTL_v2:productId=7
BHR,2018,coal_total,0.0,thousand_tonnes,EIA_INTL_v2:productId=7
BHS,2018,coal_total,0.0,thousand_tonnes,EIA_INTL_v2:productId=7
BIH,2018,coal_total,7023.243647593345,thousand_tonnes,EIA_INTL_v2:productId=7
BLR,2018,coal_total,0.0,thousand_tonnes,EIA_INTL_v2:productId=7
BLZ,2018,coal_total,0.0,thousand_tonnes,EIA_INTL_v2:productId=7
BMU,2018,coal_total,0.0,thousand_tonnes,EIA_INTL_v2:productId=7
BOL,2018,coal_total,0.0,thousand_tonnes,EIA_INTL_v2:productId=7
BRA,2018,coal_total,4837.535246951463,thousand_tonnes,EIA_INTL_v2:productId=7
BRB,2018,coal_total,0.0,thousand_tonnes,EIA_INTL_v2:productId=7
BRN,2018,coal_total,0.0,thousand_tonnes,EIA_INTL_v2:productId=7
BTN,2018,coal_total,186.9997776101378,thousand_tonnes,EIA_INTL_v2:productId=7
BWA,2018,coal_total,2165.2624249572577,thousand_tonnes,EIA_INTL_v2:productId=7
CAF,2018,coal_total,0.0,thousand_tonnes,EIA_INTL_v2:productId=7
CAN,2018,coal_total,57494.931624036755,thousand_tonnes,EIA_INTL_v2:productId=7
CHE,2018,coal_total,0.0,thousand_tonnes,EIA_INTL_v2:productId=7
CHL,2018,coal_total,2256.652316271687,thousand_tonnes,EIA_INTL_v2:productId=7
CHN,2018,coal_total,3697735.602460495,thousand_tonnes,EIA_INTL_v2:productId=7
CIV,2018,coal_total,0.0,thousand_tonnes,EIA_INTL_v2:productId=7
CMR,2018,coal_total,0.0,thousand_tonnes,EIA_INTL_v2:productId=7
COD,2018,coal_total,0.0,thousand_tonnes,EIA_INTL_v2:productId=7
COG,2018,coal_total,0.0,thousand_tonnes,EIA_INTL_v2:productId=7
COK,2018,coal_total,0.0,thousand_tonnes,EIA_INTL_v2:productId=7
COL,2018,coal_total,86525.79909901875,thousand_tonnes,EIA_INTL_v2:productId=7
COM,2018,coal_total,0.0,thousand_tonnes,EIA_INTL_v2:productId=7
CPV,2018,coal_total,0.0,thousand_tonnes,EIA_INTL_v2:productId=7
CRI,2018,coal_total,0.0,thousand_tonnes,EIA_INTL_v2:productId=7
CUB,2018,coal_total,0.0,thousand_tonnes,EIA_INTL_v2:productId=7
CYM,2018,coal_total,0.0,thousand_tonnes,EIA_INTL_v2:productId=7
CYP,2018,coal_total,0.0,thousand_tonnes,EIA_INTL_v2:productId=7
CZE,2018,coal_total,43571.59618239147,thousand_tonnes,EIA_INTL_v2:productId=7
DEU,2018,coal_total,169018.79899405284,thousand_tonnes,EIA_INTL_v2:productId=7
DJI,2018,coal_total,0.0,thousand_tonnes,EIA_INTL_v2:productId=7
DMA,2018,coal_total,0.0,thousand_tonnes,EIA_INTL_v2:productId=7
DNK,2018,coal_total,0.0,thousand_tonnes,EIA_INTL_v2:productId=7
DOM,2018,coal_total,0.0,thousand_tonnes,EIA_INTL_v2:productId=7
DZA,2018,coal_total,0.0,thousand_tonnes,EIA_INTL_v2:productId=7
ECU,2018,coal_total,0.0,thousand_tonnes,EIA_INTL_v2:productId=7
EGY,2018,coal_total,0.0,thousand_tonnes,EIA_INTL_v2:productId=7
ERI,2018,coal_total,0.0,thousand_tonnes,EIA_INTL_v2:productId=7
ESH,2018,coal_total,0.0,thousand_tonnes,EIA_INTL_v2:productId=7
ESP,2018,coal_total,2400.9971446093095,thousand_tonnes,EIA_INTL_v2:productId=7
EST,2018,coal_total,0.0,thousand_tonnes,EIA_INTL_v2:productId=7
ETH,2018,coal_total,0.0,thousand_tonnes,EIA_INTL_v2:productId=7
FIN,2018,coal_total,0.0,thousand_tonnes,EIA_INTL_v2:productId=7
FJI,2018,coal_total,0.0,thousand_tonnes,EIA_INTL_v2:productId=7
FLK,2018,coal_total,0.0,thousand_tonnes,EIA_INTL_v2:productId=7
FRA,2018,coal_total,0.0,thousand_tonnes,EIA_INTL_v2:productId=7
FRO,2018,coal_total,0.0,thousand_tonnes,EIA_INTL_v2:productId=7
FSM,2018,coal_total,0.0,thousand_tonnes,EIA_INTL_v2:productId=7
GAB,2018,coal_total,0.0,thousand_tonnes,EIA_INTL_v2:productId=7
GBR,2018,coal_total,2782.3266911123783,thousand_tonnes,EIA_INTL_v2:productId=7
GEO,2018,coal_total,138.9998346941666,thousand_tonnes,EIA_INTL_v2:productId=7
GHA,2018,coal_total,0.0,thousand_tonnes,EIA_INTL_v2:productId=7
GIB,2018,coal_total,0.0,thousand_tonnes,EIA_INTL_v2:productId=7
GIN,2018,coal_total,0.0,thousand_tonnes,EIA_INTL_v2:productId=7
GLP,2018,coal_total,0.0,thousand_tonnes,EIA_INTL_v2:productId=7
GMB,2018,coal_total,0.0,thousand_tonnes,EIA_INTL_v2:productId=7
GNB,2018,coal_total,0.0,thousand_tonnes,EIA_INTL_v2:productId=7
GNQ,2018,coal_total,0.0,thousand_tonnes,EIA_INTL_v2:productId=7
GRC,2018,coal_total,36488.75660567271,thousand_tonnes,EIA_INTL_v2:productId=7
GRD,2018,coal_total,0.0,thousand_tonnes,EIA_INTL_v2:productId=7
GRL,2018,coal_total,0.0,thousand_tonnes,EIA_INTL_v2:productId=7
GTM,2018,coal_total,0.0,thousand_tonnes,EIA_INTL_v2:productId=7
GUF,2018,coal_total,0.0,thousand_tonnes,EIA_INTL_v2:productId=7
GUM,2018,coal_total,0.0,thousand_tonnes,EIA_INTL_v2:productId=7
GUY,2018,coal_total,0.0,thousand_tonnes,EIA_INTL_v2:productId=7
HKG,2018,coal_total,0.0,thousand_tonnes,EIA_INTL_v2:productId=7
HND,2018,coal_total,0.0,thousand_tonnes,EIA_INTL_v2:productId=7
HRV,2018,coal_total,0.0,thousand_tonnes,EIA_INTL_v2:productId=7
HTI,2018,coal_total,0.0,thousand_tonnes,EIA_INTL_v2:productId=7
HUN,2018,coal_total,7897.9906072987615,thousand_tonnes,EIA_INTL_v2:productId=7
IDN,2018,coal_total,557772.2766682004,thousand_tonnes,EIA_INTL_v2:productId=7
IND,2018,coal_total,715389.1492220133,thousand_tonnes,EIA_INTL_v2:productId=7
IRL,2018,coal_total,0.0,thousand_tonnes,EIA_INTL_v2:productId=7
IRN,2018,coal_total,1712.946962874374,thousand_tonnes,EIA_INTL_v2:productId=7
IRQ,2018,coal_total,0.0,thousand_tonnes,EIA_INTL_v2:productId=7
ISL,2018,coal_total,0.0,thousand_tonnes,EIA_INTL_v2:productId=7
ISR,2018,coal_total,0.0,thousand_tonnes,EIA_INTL_v2:productId=7
ITA,2018,coal_total,0.0,thousand_tonnes,EIA_INTL_v2:productId=7
JAM,2018,coal_total,0.0,thousand_tonnes,EIA_INTL_v2:productId=7
JOR,2018,coal_total,0.0,thousand_tonnes,EIA_INTL_v2:productId=7
JPN,2018,coal_total,963.677853944171,thousand_tonnes,EIA_INTL_v2:productId=7
KAZ,2018,coal_total,100468.63374155918,thousand_tonnes,EIA_INTL_v2:productId=7
KEN,2018,coal_total,0.0,thousand_tonnes,EIA_INTL_v2:productId=7
KGZ,2018,coal_total,2395.1991515045843,thousand_tonnes,EIA_INTL_v2:productId=7
KHM,2018,coal_total,0.0,thousand_tonnes,EIA_INTL_v2:productId=7
KIR,2018,coal_total,0.0,thousand_tonnes,EIA_INTL_v2:productId=7
KNA,2018,coal_total,0.0,thousand_tonnes,EIA_INTL_v2:productId=7
KOR,2018,coal_total,1139.998644254316,thousand_tonnes,EIA_INTL_v2:productId=7
KWT,2018,coal_total,0.0,thousand_tonnes,EIA_INTL_v2:productId=7
LAO,2018,coal_total,16046.180917047022,thousand_tonnes,EIA_INTL_v2:productId=7
LBN,2018,coal_total,0.0,thousand_tonnes,EIA_INTL_v2:productId=7
LBR,2018,coal_total,0.0,thousand_tonnes,EIA_INTL_v2:productId=7
LBY,2018,coal_total,0.0,thousand_tonnes,EIA_INTL_v2:productId=7
LCA,2018,coal_total,0.0,thousand_tonnes,EIA_INTL_v2:productId=7
LKA,2018,coal_total,0.0,thousand_tonnes,EIA_INTL_v2:productId=7
LSO,2018,coal_total,0.0,thousand_tonnes,EIA_INTL_v2:productId=7
LTU,2018,coal_total,0.0,thousand_tonnes,EIA_INTL_v2:productId=7
LUX,2018,coal_total,0.0,thousand_tonnes,EIA_INTL_v2:productId=7
LVA,2018,coal_total,0.0,thousand_tonnes,EIA_INTL_v2:productId=7
MAC,2018,coal_total,0.0,thousand_tonnes,EIA_INTL_v2:productId=7
MAR,2018,coal_total,0.0,thousand_tonnes,EIA_INTL_v2:productId=7
MDA,2018,coal_total,0.0,thousand_tonnes,EIA_INTL_v2:productId=7
MDG,2018,coal_total,0.0,thousand_tonnes,EIA_INTL_v2:productId=7
MDV,2018,coal_total,0.0,thousand_tonnes,EIA_INTL_v2:productId=7
MEX,2018,coal_total,10900.98703597921,thousand_tonnes,EIA_INTL_v2:productId=7
MKD,2018,coal_total,4994.837059879965,thousand_tonnes,EIA_INTL_v2:productId=7
MLI,2018,coal_total,0.0,thousand_tonnes,EIA_INTL_v2:productId=7
MLT,2018,coal_total,0.0,thousand_tonnes,EIA_INTL_v2:productId=7
MMR,2018,coal_total,1305.437447505886,thousand_tonnes,EIA_INTL_v2:productId=7
MNE,2018,coal_total,1595.8981020749673,thousand_tonnes,EIA_INTL_v2:productId=7
MNG,2018,coal_total,43243.228121204695,thousand_tonnes,EIA_INTL_v2:productId=7
MNP,2018,coal_total,0.0,thousand_tonnes,EIA_INTL_v2:productId=7
MOZ,2018,coal_total,16095.434858471674,thousand_tonnes,EIA_INTL_v2:productId=7
MRT,2018,coal_total,0.0,thousand_tonnes,EIA_INTL_v2:productId=7
MSR,2018,coal_total,0.0,thousand_tonnes,EIA_INTL_v2:productId=7
MTQ,2018,coal_total,0.0,thousand_tonnes,EIA_INTL_v2:productId=7
MUS,2018,coal_total,0.0,thousand_tonnes,EIA_INTL_v2:productId=7
MWI,2018,coal_total,49.79994077532012,thousand_tonnes,EIA_INTL_v2:productId=7
MYS,2018,coal_total,2652.8548450870317,thousand_tonnes,EIA_INTL_v2:productId=7
NAM,2018,coal_total,0.0,thousand_tonnes,EIA_INTL_v2:productId=7
NCL,2018,coal_total,0.0,thousand_tonnes,EIA_INTL_v2:productId=7
NER,2018,coal_total,223.9997336078656,thousand_tonnes,EIA_INTL_v2:productId=7
NGA,2018,coal_total,2691.6737989215126,thousand_tonnes,EIA_INTL_v2:productId=7
NIC,2018,coal_total,0.0,thousand_tonnes,EIA_INTL_v2:productId=7
NIU,2018,coal_total,0.0,thousand_tonnes,EIA_INTL_v2:productId=7
NLD,2018,coal_total,0.0,thousand_tonnes,EIA_INTL_v2:productId=7
NOR,2018,coal_total,150.35382119141528,thousand_tonnes,EIA_INTL_v2:productId=7
NPL,2018,coal_total,24.999970268735,thousand_tonnes,EIA_INTL_v2:productId=7
NRU,2018,coal_total,0.0,thousand_tonnes,EIA_INTL_v2:productId=7
NZL,2018,coal_total,3230.79415777154,thousand_tonnes,EIA_INTL_v2:productId=7
OMN,2018,coal_total,0.0,thousand_tonnes,EIA_INTL_v2:productId=7
PAK,2018,coal_total,5841.187053356549,thousand_tonnes,EIA_INTL_v2:productId=7
PAN,2018,coal_total,0.0,thousand_tonnes,EIA_INTL_v2:productId=7
PER,2018,coal_total,569.6409415533628,thousand_tonnes,EIA_INTL_v2:productId=7
PHL,2018,coal_total,13055.984473144166,thousand_tonnes,EIA_INTL_v2:productId=7
PNG,2018,coal_total,0.0,thousand_tonnes,EIA_INTL_v2:productId=7
POL,2018,coal_total,121954.7839650275,thousand_tonnes,EIA_INTL_v2:productId=7
PRI,2018,coal_total,0.0,thousand_tonnes,EIA_INTL_v2:productId=7
PRK,2018,coal_total,24318.313079397187,thousand_tonnes,EIA_INTL_v2:productId=7
PRT,2018,coal_total,0.0,thousand_tonnes,EIA_INTL_v2:productId=7
PRY,2018,coal_total,0.0,thousand_tonnes,EIA_INTL_v2:productId=7
PSE,2018,coal_total,0.0,thousand_tonnes,EIA_INTL_v2:productId=7
PYF,2018,coal_total,0.0,thousand_tonnes,EIA_INTL_v2:productId=7
QAT,2018,coal_total,0.0,thousand_tonnes,EIA_INTL_v2:productId=7
REU,2018,coal_total,0.0,thousand_tonnes,EIA_INTL_v2:productId=7
ROU,2018,coal_total,23647.12187761267,thousand_tonnes,EIA_INTL_v2:productId=7
RUS,2018,coal_total,432653.6854657285,thousand_tonnes,EIA_INTL_v2:productId=7
RWA,2018,coal_total,0.0,thousand_tonnes,EIA_INTL_v2:productId=7
SAU,2018,coal_total,0.0,thousand_tonnes,EIA_INTL_v2:productId=7
SDN,2018,coal_total,0.0,thousand_tonnes,EIA_INTL_v2:productId=7
SEN,2018,coal_total,0.0,thousand_tonnes,EIA_INTL_v2:productId=7
SGP,2018,coal_total,0.0,thousand_tonnes,EIA_INTL_v2:productId=7
SHN,2018,coal_total,0.0,thousand_tonnes,EIA_INTL_v2:productId=7
SLB,2018,coal_total,0.0,thousand_tonnes,EIA_INTL_v2:productId=7
SLE,2018,coal_total,0.0,thousand_tonnes,EIA_INTL_v2:productId=7
SLV,2018,coal_total,0.0,thousand_tonnes,EIA_INTL_v2:productId=7
SOM,2018,coal_total,0.0,thousand_tonnes,EIA_INTL_v2:productId=7
SPM,2018,coal_total,0.0,thousand_tonnes,EIA_INTL_v2:productId=7
SRB,2018,coal_total,37648.9122259553,thousand_tonnes,EIA_INTL_v2:productId=7
SSD,2018,coal_total,0.0,thousand_tonnes,EIA_INTL_v2:productId=7
STP,2018,coal_total,0.0,thousand_tonnes,EIA_INTL_v2:productId=7
SUR,2018,coal_total,0.0,thousand_tonnes,EIA_INTL_v2:productId=7
SVK,2018,coal_total,1501.9982137455988,thousand_tonnes,EIA_INTL_v2:productId=7
SVN,2018,coal_total,3216.9961741808197,thousand_tonnes,EIA_INTL_v2:productId=7
SWE,2018,coal_total,0.0,thousand_tonnes,EIA_INTL_v2:productId=7
SWZ,2018,coal_total,128.9998465866726,thousand_tonnes,EIA_INTL_v2:productId=7
SYC,2018,coal_total,0.0,thousand_tonnes,EIA_INTL_v2:productId=7
SYR,2018,coal_total,0.0,thousand_tonnes,EIA_INTL_v2:productId=7
TCA,2018,coal_total,0.0,thousand_tonnes,EIA_INTL_v2:productId=7
TCD,2018,coal_total,0.0,thousand_tonnes,EIA_INTL_v2:productId=7
TGO,2018,coal_total,0.0,thousand_tonnes,EIA_INTL_v2:productId=7
THA,2018,coal_total,14851.982337250089,thousand_tonnes,EIA_INTL_v2:productId=7
TJK,2018,coal_total,1906.9977320991059,thousand_tonnes,EIA_INTL_v2:productId=7
TKM,2018,coal_total,0.0,thousand_tonnes,EIA_INTL_v2:productId=7
TLS,2018,coal_total,0.0,thousand_tonnes,EIA_INTL_v2:productId=7
TON,2018,coal_total,0.0,thousand_tonnes,EIA_INTL_v2:productId=7
TTO,2018,coal_total,0.0,thousand_tonnes,EIA_INTL_v2:productId=7
TUN,2018,coal_total,0.0,thousand_tonnes,EIA_INTL_v2:productId=7
TUR,2018,coal_total,83936.55317828506,thousand_tonnes,EIA_INTL_v2:productId=7
TUV,2018,coal_total,0.0,thousand_tonnes,EIA_INTL_v2:productId=7
TWN,2018,coal_total,0.0,thousand_tonnes,EIA_INTL_v2:productId=7
TZA,2018,coal_total,627.9992531506232,thousand_tonnes,EIA_INTL_v2:productId=7
UGA,2018,coal_total,0.0,thousand_tonnes,EIA_INTL_v2:productId=7
UKR,2018,coal_total,26793.968135219424,thousand_tonnes,EIA_INTL_v2:productId=7
URY,2018,coal_total,0.0,thousand_tonnes,EIA_INTL_v2:productId=7
USA,2018,coal_total,685983.2494741303,thousand_tonnes,EIA_INTL_v2:productId=7
UZB,2018,coal_total,4174.395035592295,thousand_tonnes,EIA_INTL_v2:productId=7
VCT,2018,coal_total,0.0,thousand_tonnes,EIA_INTL_v2:productId=7
VEN,2018,coal_total,692.0070928903714,thousand_tonnes,EIA_INTL_v2:productId=7
VGB,2018,coal_total,0.0,thousand_tonnes,EIA_INTL_v2:productId=7
VIR,2018,coal_total,0.0,thousand_tonnes,EIA_INTL_v2:productId=7
VNM,2018,coal_total,42383.52659530562,thousand_tonnes,EIA_INTL_v2:productId=7
VUT,2018,coal_total,0.0,thousand_tonnes,EIA_INTL_v2:productId=7
WAK,2018,coal_total,0.0,thousand_tonnes,EIA_INTL_v2:productId=7
WSM,2018,coal_total,0.0,thousand_tonnes,EIA_INTL_v2:productId=7
XKS,2018,coal_total,7660.757889428249,thousand_tonnes,EIA_INTL_v2:productId=7
YEM,2018,coal_total,0.0,thousand_tonnes,EIA_INTL_v2:productId=7
ZAF,2018,coal_total,255420.7262403868,thousand_tonnes,EIA_INTL_v2:productId=7
ZMB,2018,coal_total,1173.9986038198128,thousand_tonnes,EIA_INTL_v2:productId=7
ZWE,2018,coal_total,3347.496018983571,thousand_tonnes,EIA_INTL_v2:productId=7
ABW,2019,coal_total,0.0,thousand_tonnes,EIA_INTL_v2:productId=7
AFG,2019,coal_total,3011.3121270923907,thousand_tonnes,EIA_INTL_v2:productId=7
AGO,2019,coal_total,0.0,thousand_tonnes,EIA_INTL_v2:productId=7
ALB,2019,coal_total,121.7184371332314,thousand_tonnes,EIA_INTL_v2:productId=7
ARE,2019,coal_total,0.0,thousand_tonnes,EIA_INTL_v2:productId=7
ARG,2019,coal_total,21.999973836486436,thousand_tonnes,EIA_INTL_v2:productId=7
ARM,2019,coal_total,0.0,thousand_tonnes,EIA_INTL_v2:productId=7
ASM,2019,coal_total,0.0,thousand_tonnes,EIA_INTL_v2:productId=7
ATA,2019,coal_total,0.0,thousand_tonnes,EIA_INTL_v2:productId=7
ATG,2019,coal_total,0.0,thousand_tonnes,EIA_INTL_v2:productId=7
AUS,2019,coal_total,511676.8245843057,thousand_tonnes,EIA_INTL_v2:productId=7
AUT,2019,coal_total,0.0,thousand_tonnes,EIA_INTL_v2:productId=7
AZE,2019,coal_total,0.0,thousand_tonnes,EIA_INTL_v2:productId=7
BDI,2019,coal_total,0.0,thousand_tonnes,EIA_INTL_v2:productId=7
BEL,2019,coal_total,0.0,thousand_tonnes,EIA_INTL_v2:productId=7
BEN,2019,coal_total,0.0,thousand_tonnes,EIA_INTL_v2:productId=7
BFA,2019,coal_total,0.0,thousand_tonnes,EIA_INTL_v2:productId=7
BGD,2019,coal_total,936.3322197983852,thousand_tonnes,EIA_INTL_v2:productId=7
BGR,2019,coal_total,28000.610700217323,thousand_tonnes,EIA_INTL_v2:productId=7
BHR,2019,coal_total,0.0,thousand_tonnes,EIA_INTL_v2:productId=7
BHS,2019,coal_total,0.0,thousand_tonnes,EIA_INTL_v2:productId=7
BIH,2019,coal_total,6557.486201496326,thousand_tonnes,EIA_INTL_v2:productId=7
BLR,2019,coal_total,0.0,thousand_tonnes,EIA_INTL_v2:productId=7
BLZ,2019,coal_total,0.0,thousand_tonnes,EIA_INTL_v2:productId=7
BMU,2019,coal_total,0.0,thousand_tonnes,EIA_INTL_v2:productId=7
BOL,2019,coal_total,0.0,thousand_tonnes,EIA_INTL_v2:productId=7
BRA,2019,coal_total,5409.664566545517,thousand_tonnes,EIA_INTL_v2:productId=7
BRB,2019,coal_total,0.0,thousand_tonnes,EIA_INTL_v2:productId=7
BRN,2019,coal_total,0.0,thousand_tonnes,EIA_INTL_v2:productId=7
BTN,2019,coal_total,184.999779988639,thousand_tonnes,EIA_INTL_v2:productId=7
BWA,2019,coal_total,2110.888489621639,thousand_tonnes,EIA_INTL_v2:productId=7
CAF,2019,coal_total,0.0,thousand_tonnes,EIA_INTL_v2:productId=7
CAN,2019,coal_total,53165.43677289723,thousand_tonnes,EIA_INTL_v2:productId=7
CHE,2019,coal_total,0.0,thousand_tonnes,EIA_INTL_v2:productId=7
CHL,2019,coal_total,1426.829303140377,thousand_tonnes,EIA_INTL_v2:productId=7
CHN,2019,coal_total,3846325.4257497215,thousand_tonnes,EIA_INTL_v2:productId=7
CIV,2019,coal_total,0.0,thousand_tonnes,EIA_INTL_v2:productId=7
CMR,2019,coal_total,0.0,thousand_tonnes,EIA_INTL_v2:productId=7
COD,2019,coal_total,0.0,thousand_tonnes,EIA_INTL_v2:productId=7
COG,2019,coal_total,0.0,thousand_tonnes,EIA_INTL_v2:productId=7
COK,2019,coal_total,0.0,thousand_tonnes,EIA_INTL_v2:productId=7
COL,2019,coal_total,87481.50396244478,thousand_tonnes,EIA_INTL_v2:productId=7
COM,2019,coal_total,0.0,thousand_tonnes,EIA_INTL_v2:productId=7
CPV,2019,coal_total,0.0,thousand_tonnes,EIA_INTL_v2:productId=7
CRI,2019,coal_total,0.0,thousand_tonnes,EIA_INTL_v2:productId=7
CUB,2019,coal_total,0.0,thousand_tonnes,EIA_INTL_v2:productId=7
CYM,2019,coal_total,0.0,thousand_tonnes,EIA_INTL_v2:productId=7
CYP,2019,coal_total,0.0,thousand_tonnes,EIA_INTL_v2:productId=7
CZE,2019,coal_total,40903.29035567955,thousand_tonnes,EIA_INTL_v2:productId=7
DEU,2019,coal_total,131313.84383474672,thousand_tonnes,EIA_INTL_v2:productId=7
DJI,2019,coal_total,0.0,thousand_tonnes,EIA_INTL_v2:productId=7
DMA,2019,coal_total,0.0,thousand_tonnes,EIA_INTL_v2:productId=7
DNK,2019,coal_total,0.0,thousand_tonnes,EIA_INTL_v2:productId=7
DOM,2019,coal_total,0.0,thousand_tonnes,EIA_INTL_v2:productId=7
DZA,2019,coal_total,0.0,thousand_tonnes,EIA_INTL_v2:productId=7
ECU,2019,coal_total,0.0,thousand_tonnes,EIA_INTL_v2:productId=7
EGY,2019,coal_total,0.0,thousand_tonnes,EIA_INTL_v2:productId=7
ERI,2019,coal_total,0.0,thousand_tonnes,EIA_INTL_v2:productId=7
ESH,2019,coal_total,0.0,thousand_tonnes,EIA_INTL_v2:productId=7
ESP,2019,coal_total,0.0,thousand_tonnes,EIA_INTL_v2:productId=7
EST,2019,coal_total,0.0,thousand_tonnes,EIA_INTL_v2:productId=7
ETH,2019,coal_total,0.0,thousand_tonnes,EIA_INTL_v2:productId=7
FIN,2019,coal_total,0.0,thousand_tonnes,EIA_INTL_v2:productId=7
FJI,2019,coal_total,0.0,thousand_tonnes,EIA_INTL_v2:productId=7
FLK,2019,coal_total,0.0,thousand_tonnes,EIA_INTL_v2:productId=7
FRA,2019,coal_total,0.0,thousand_tonnes,EIA_INTL_v2:productId=7
FRO,2019,coal_total,0.0,thousand_tonnes,EIA_INTL_v2:productId=7
FSM,2019,coal_total,0.0,thousand_tonnes,EIA_INTL_v2:productId=7
GAB,2019,coal_total,0.0,thousand_tonnes,EIA_INTL_v2:productId=7
GBR,2019,coal_total,2591.3969181759953,thousand_tonnes,EIA_INTL_v2:productId=7
GEO,2019,coal_total,15.29998180446582,thousand_tonnes,EIA_INTL_v2:productId=7
GHA,2019,coal_total,0.0,thousand_tonnes,EIA_INTL_v2:productId=7
GIB,2019,coal_total,0.0,thousand_tonnes,EIA_INTL_v2:productId=7
GIN,2019,coal_total,0.0,thousand_tonnes,EIA_INTL_v2:productId=7
GLP,2019,coal_total,0.0,thousand_tonnes,EIA_INTL_v2:productId=7
GMB,2019,coal_total,0.0,thousand_tonnes,EIA_INTL_v2:productId=7
GNB,2019,coal_total,0.0,thousand_tonnes,EIA_INTL_v2:productId=7
GNQ,2019,coal_total,0.0,thousand_tonnes,EIA_INTL_v2:productId=7
GRC,2019,coal_total,27375.41744372966,thousand_tonnes,EIA_INTL_v2:productId=7
GRD,2019,coal_total,0.0,thousand_tonnes,EIA_INTL_v2:productId=7
GRL,2019,coal_total,0.0,thousand_tonnes,EIA_INTL_v2:productId=7
GTM,2019,coal_total,0.0,thousand_tonnes,EIA_INTL_v2:productId=7
GUF,2019,coal_total,0.0,thousand_tonnes,EIA_INTL_v2:productId=7
GUM,2019,coal_total,0.0,thousand_tonnes,EIA_INTL_v2:productId=7
GUY,2019,coal_total,0.0,thousand_tonnes,EIA_INTL_v2:productId=7
HKG,2019,coal_total,0.0,thousand_tonnes,EIA_INTL_v2:productId=7
HND,2019,coal_total,0.0,thousand_tonnes,EIA_INTL_v2:productId=7
HRV,2019,coal_total,0.0,thousand_tonnes,EIA_INTL_v2:productId=7
HTI,2019,coal_total,0.0,thousand_tonnes,EIA_INTL_v2:productId=7
HUN,2019,coal_total,6846.991857201142,thousand_tonnes,EIA_INTL_v2:productId=7
IDN,2019,coal_total,616158.8612318386,thousand_tonnes,EIA_INTL_v2:productId=7
IND,2019,coal_total,730331.6314516317,thousand_tonnes,EIA_INTL_v2:productId=7
IRL,2019,coal_total,0.0,thousand_tonnes,EIA_INTL_v2:productId=7
IRN,2019,coal_total,1515.3801978310473,thousand_tonnes,EIA_INTL_v2:productId=7
IRQ,2019,coal_total,0.0,thousand_tonnes,EIA_INTL_v2:productId=7
ISL,2019,coal_total,0.0,thousand_tonnes,EIA_INTL_v2:productId=7
ISR,2019,coal_total,0.0,thousand_tonnes,EIA_INTL_v2:productId=7
ITA,2019,coal_total,0.0,thousand_tonnes,EIA_INTL_v2:productId=7
JAM,2019,coal_total,0.0,thousand_tonnes,EIA_INTL_v2:productId=7
JOR,2019,coal_total,0.0,thousand_tonnes,EIA_INTL_v2:productId=7
JPN,2019,coal_total,775.1150781928319,thousand_tonnes,EIA_INTL_v2:productId=7
KAZ,2019,coal_total,97540.4478830306,thousand_tonnes,EIA_INTL_v2:productId=7
KEN,2019,coal_total,0.0,thousand_tonnes,EIA_INTL_v2:productId=7
KGZ,2019,coal_total,2605.990900820072,thousand_tonnes,EIA_INTL_v2:productId=7
KHM,2019,coal_total,0.0,thousand_tonnes,EIA_INTL_v2:productId=7
KIR,2019,coal_total,0.0,thousand_tonnes,EIA_INTL_v2:productId=7
KNA,2019,coal_total,0.0,thousand_tonnes,EIA_INTL_v2:productId=7
KOR,2019,coal_total,1085.9987084738484,thousand_tonnes,EIA_INTL_v2:productId=7
KWT,2019,coal_total,0.0,thousand_tonnes,EIA_INTL_v2:productId=7
LAO,2019,coal_total,15425.037655742897,thousand_tonnes,EIA_INTL_v2:productId=7
LBN,2019,coal_total,0.0,thousand_tonnes,EIA_INTL_v2:productId=7
LBR,2019,coal_total,0.0,thousand_tonnes,EIA_INTL_v2:productId=7
LBY,2019,coal_total,0.0,thousand_tonnes,EIA_INTL_v2:productId=7
LCA,2019,coal_total,0.0,thousand_tonnes,EIA_INTL_v2:productId=7
LKA,2019,coal_total,0.0,thousand_tonnes,EIA_INTL_v2:productId=7
LSO,2019,coal_total,0.0,thousand_tonnes,EIA_INTL_v2:productId=7
LTU,2019,coal_total,0.0,thousand_tonnes,EIA_INTL_v2:productId=7
LUX,2019,coal_total,0.0,thousand_tonnes,EIA_INTL_v2:productId=7
LVA,2019,coal_total,0.0,thousand_tonnes,EIA_INTL_v2:productId=7
MAC,2019,coal_total,0.0,thousand_tonnes,EIA_INTL_v2:productId=7
MAR,2019,coal_total,0.0,thousand_tonnes,EIA_INTL_v2:productId=7
MDA,2019,coal_total,0.0,thousand_tonnes,EIA_INTL_v2:productId=7
MDG,2019,coal_total,0.0,thousand_tonnes,EIA_INTL_v2:productId=7
MDV,2019,coal_total,0.0,thousand_tonnes,EIA_INTL_v2:productId=7
MEX,2019,coal_total,8928.989381181393,thousand_tonnes,EIA_INTL_v2:productId=7
MKD,2019,coal_total,5477.463485915516,thousand_tonnes,EIA_INTL_v2:productId=7
MLI,2019,coal_total,0.0,thousand_tonnes,EIA_INTL_v2:productId=7
MLT,2019,coal_total,0.0,thousand_tonnes,EIA_INTL_v2:productId=7
MMR,2019,coal_total,2111.062489414682,thousand_tonnes,EIA_INTL_v2:productId=7
MNE,2019,coal_total,1605.1980910149368,thousand_tonnes,EIA_INTL_v2:productId=7
MNG,2019,coal_total,43105.34373688286,thousand_tonnes,EIA_INTL_v2:productId=7
MNP,2019,coal_total,0.0,thousand_tonnes,EIA_INTL_v2:productId=7
MOZ,2019,coal_total,10877.935063393814,thousand_tonnes,EIA_INTL_v2:productId=7
MRT,2019,coal_total,0.0,thousand_tonnes,EIA_INTL_v2:productId=7
MSR,2019,coal_total,0.0,thousand_tonnes,EIA_INTL_v2:productId=7
MTQ,2019,coal_total,0.0,thousand_tonnes,EIA_INTL_v2:productId=7
MUS,2019,coal_total,0.0,thousand_tonnes,EIA_INTL_v2:productId=7
MWI,2019,coal_total,48.46994235702342,thousand_tonnes,EIA_INTL_v2:productId=7
MYS,2019,coal_total,3459.1758861681096,thousand_tonnes,EIA_INTL_v2:productId=7
NAM,2019,coal_total,0.0,thousand_tonnes,EIA_INTL_v2:productId=7
NCL,2019,coal_total,0.0,thousand_tonnes,EIA_INTL_v2:productId=7
NER,2019,coal_total,225.9997312293644,thousand_tonnes,EIA_INTL_v2:productId=7
NGA,2019,coal_total,2722.6197621189635,thousand_tonnes,EIA_INTL_v2:productId=7
NIC,2019,coal_total,0.0,thousand_tonnes,EIA_INTL_v2:productId=7
NIU,2019,coal_total,0.0,thousand_tonnes,EIA_INTL_v2:productId=7
NLD,2019,coal_total,0.0,thousand_tonnes,EIA_INTL_v2:productId=7
NOR,2019,coal_total,121.01985607689238,thousand_tonnes,EIA_INTL_v2:productId=7
NPL,2019,coal_total,27.180967674979442,thousand_tonnes,EIA_INTL_v2:productId=7
NRU,2019,coal_total,0.0,thousand_tonnes,EIA_INTL_v2:productId=7
NZL,2019,coal_total,3033.979391833897,thousand_tonnes,EIA_INTL_v2:productId=7
OMN,2019,coal_total,0.0,thousand_tonnes,EIA_INTL_v2:productId=7
PAK,2019,coal_total,8735.078611790166,thousand_tonnes,EIA_INTL_v2:productId=7
PAN,2019,coal_total,0.0,thousand_tonnes,EIA_INTL_v2:productId=7
PER,2019,coal_total,630.8923767099702,thousand_tonnes,EIA_INTL_v2:productId=7
PHL,2019,coal_total,15272.981836575585,thousand_tonnes,EIA_INTL_v2:productId=7
PNG,2019,coal_total,0.0,thousand_tonnes,EIA_INTL_v2:productId=7
POL,2019,coal_total,111951.8388610502,thousand_tonnes,EIA_INTL_v2:productId=7
PRI,2019,coal_total,0.0,thousand_tonnes,EIA_INTL_v2:productId=7
PRK,2019,coal_total,27184.94067025455,thousand_tonnes,EIA_INTL_v2:productId=7
PRT,2019,coal_total,0.0,thousand_tonnes,EIA_INTL_v2:productId=7
PRY,2019,coal_total,0.0,thousand_tonnes,EIA_INTL_v2:productId=7
PSE,2019,coal_total,0.0,thousand_tonnes,EIA_INTL_v2:productId=7
PYF,2019,coal_total,0.0,thousand_tonnes,EIA_INTL_v2:productId=7
QAT,2019,coal_total,0.0,thousand_tonnes,EIA_INTL_v2:productId=7
REU,2019,coal_total,0.0,thousand_tonnes,EIA_INTL_v2:productId=7
ROU,2019,coal_total,21652.29524996426,thousand_tonnes,EIA_INTL_v2:productId=7
RUS,2019,coal_total,436991.4803070027,thousand_tonnes,EIA_INTL_v2:productId=7
RWA,2019,coal_total,0.0,thousand_tonnes,EIA_INTL_v2:productId=7
SAU,2019,coal_total,0.0,thousand_tonnes,EIA_INTL_v2:productId=7
SDN,2019,coal_total,0.0,thousand_tonnes,EIA_INTL_v2:productId=7
SEN,2019,coal_total,0.0,thousand_tonnes,EIA_INTL_v2:productId=7
SGP,2019,coal_total,0.0,thousand_tonnes,EIA_INTL_v2:productId=7
SHN,2019,coal_total,0.0,thousand_tonnes,EIA_INTL_v2:productId=7
SLB,2019,coal_total,0.0,thousand_tonnes,EIA_INTL_v2:productId=7
SLE,2019,coal_total,0.0,thousand_tonnes,EIA_INTL_v2:productId=7
SLV,2019,coal_total,0.0,thousand_tonnes,EIA_INTL_v2:productId=7
SOM,2019,coal_total,0.0,thousand_tonnes,EIA_INTL_v2:productId=7
SPM,2019,coal_total,0.0,thousand_tonnes,EIA_INTL_v2:productId=7
SRB,2019,coal_total,38880.47376131826,thousand_tonnes,EIA_INTL_v2:productId=7
SSD,2019,coal_total,0.0,thousand_tonnes,EIA_INTL_v2:productId=7
STP,2019,coal_total,0.0,thousand_tonnes,EIA_INTL_v2:productId=7
SUR,2019,coal_total,0.0,thousand_tonnes,EIA_INTL_v2:productId=7
SVK,2019,coal_total,1464.998257747871,thousand_tonnes,EIA_INTL_v2:productId=7
SVN,2019,coal_total,3142.8072624101324,thousand_tonnes,EIA_INTL_v2:productId=7
SWE,2019,coal_total,0.0,thousand_tonnes,EIA_INTL_v2:productId=7
SWZ,2019,coal_total,109.89986930135906,thousand_tonnes,EIA_INTL_v2:productId=7
SYC,2019,coal_total,0.0,thousand_tonnes,EIA_INTL_v2:productId=7
SYR,2019,coal_total,0.0,thousand_tonnes,EIA_INTL_v2:productId=7
TCA,2019,coal_total,0.0,thousand_tonnes,EIA_INTL_v2:productId=7
TCD,2019,coal_total,0.0,thousand_tonnes,EIA_INTL_v2:productId=7
TGO,2019,coal_total,0.0,thousand_tonnes,EIA_INTL_v2:productId=7
THA,2019,coal_total,14077.983257730053,thousand_tonnes,EIA_INTL_v2:productId=7
TJK,2019,coal_total,2028.7975872483828,thousand_tonnes,EIA_INTL_v2:productId=7
TKM,2019,coal_total,0.0,thousand_tonnes,EIA_INTL_v2:productId=7
TLS,2019,coal_total,0.0,thousand_tonnes,EIA_INTL_v2:productId=7
TON,2019,coal_total,0.0,thousand_tonnes,EIA_INTL_v2:productId=7
TTO,2019,coal_total,0.0,thousand_tonnes,EIA_INTL_v2:productId=7
TUN,2019,coal_total,0.0,thousand_tonnes,EIA_INTL_v2:productId=7
TUR,2019,coal_total,87088.99442923795,thousand_tonnes,EIA_INTL_v2:productId=7
TUV,2019,coal_total,0.0,thousand_tonnes,EIA_INTL_v2:productId=7
TWN,2019,coal_total,0.0,thousand_tonnes,EIA_INTL_v2:productId=7
TZA,2019,coal_total,712.1351530918347,thousand_tonnes,EIA_INTL_v2:productId=7
UGA,2019,coal_total,0.0,thousand_tonnes,EIA_INTL_v2:productId=7
UKR,2019,coal_total,26069.968996236857,thousand_tonnes,EIA_INTL_v2:productId=7
URY,2019,coal_total,0.0,thousand_tonnes,EIA_INTL_v2:productId=7
USA,2019,coal_total,640751.2379852996,thousand_tonnes,EIA_INTL_v2:productId=7
UZB,2019,coal_total,4049.495184129695,thousand_tonnes,EIA_INTL_v2:productId=7
VCT,2019,coal_total,0.0,thousand_tonnes,EIA_INTL_v2:productId=7
VEN,2019,coal_total,393.9671705047656,thousand_tonnes,EIA_INTL_v2:productId=7
VGB,2019,coal_total,0.0,thousand_tonnes,EIA_INTL_v2:productId=7
VIR,2019,coal_total,0.0,thousand_tonnes,EIA_INTL_v2:productId=7
VNM,2019,coal_total,45686.94566670784,thousand_tonnes,EIA_INTL_v2:productId=7
VUT,2019,coal_total,0.0,thousand_tonnes,EIA_INTL_v2:productId=7
WAK,2019,coal_total,0.0,thousand_tonnes,EIA_INTL_v2:productId=7
WSM,2019,coal_total,0.0,thousand_tonnes,EIA_INTL_v2:productId=7
XKS,2019,coal_total,8062.990411072412,thousand_tonnes,EIA_INTL_v2:productId=7
YEM,2019,coal_total,0.0,thousand_tonnes,EIA_INTL_v2:productId=7
ZAF,2019,coal_total,257853.18934757516,thousand_tonnes,EIA_INTL_v2:productId=7
ZMB,2019,coal_total,996.3938150366303,thousand_tonnes,EIA_INTL_v2:productId=7
ZWE,2019,coal_total,2627.007875825595,thousand_tonnes,EIA_INTL_v2:productId=7
ABW,2020,coal_total,0.0,thousand_tonnes,EIA_INTL_v2:productId=7
AFG,2020,coal_total,1771.1833903674992,thousand_tonnes,EIA_INTL_v2:productId=7
AGO,2020,coal_total,0.0,thousand_tonnes,EIA_INTL_v2:productId=7
ALB,2020,coal_total,126.9998489651738,thousand_tonnes,EIA_INTL_v2:productId=7
ARE,2020,coal_total,0.0,thousand_tonnes,EIA_INTL_v2:productId=7
ARG,2020,coal_total,19.823021628736477,thousand_tonnes,EIA_INTL_v2:productId=7
ARM,2020,coal_total,0.0,thousand_tonnes,EIA_INTL_v2:productId=7
ASM,2020,coal_total,0.0,thousand_tonnes,EIA_INTL_v2:productId=7
ATA,2020,coal_total,0.0,thousand_tonnes,EIA_INTL_v2:productId=7
ATG,2020,coal_total,0.0,thousand_tonnes,EIA_INTL_v2:productId=7
AUS,2020,coal_total,499757.86055795767,thousand_tonnes,EIA_INTL_v2:productId=7
AUT,2020,coal_total,0.0,thousand_tonnes,EIA_INTL_v2:productId=7
AZE,2020,coal_total,0.0,thousand_tonnes,EIA_INTL_v2:productId=7
BDI,2020,coal_total,0.0,thousand_tonnes,EIA_INTL_v2:productId=7
BEL,2020,coal_total,0.0,thousand_tonnes,EIA_INTL_v2:productId=7
BEN,2020,coal_total,0.0,thousand_tonnes,EIA_INTL_v2:productId=7
BFA,2020,coal_total,0.0,thousand_tonnes,EIA_INTL_v2:productId=7
BGD,2020,coal_total,1015.9987917213904,thousand_tonnes,EIA_INTL_v2:productId=7
BGR,2020,coal_total,22298.453481519282,thousand_tonnes,EIA_INTL_v2:productId=7
BHR,2020,coal_total,0.0,thousand_tonnes,EIA_INTL_v2:productId=7
BHS,2020,coal_total,0.0,thousand_tonnes,EIA_INTL_v2:productId=7
BIH,2020,coal_total,6182.09764792792,thousand_tonnes,EIA_INTL_v2:productId=7
BLR,2020,coal_total,0.0,thousand_tonnes,EIA_INTL_v2:productId=7
BLZ,2020,coal_total,0.0,thousand_tonnes,EIA_INTL_v2:productId=7
BMU,2020,coal_total,0.0,thousand_tonnes,EIA_INTL_v2:productId=7
BOL,2020,coal_total,0.0,thousand_tonnes,EIA_INTL_v2:productId=7
BRA,2020,coal_total,5578.660032233983,thousand_tonnes,EIA_INTL_v2:productId=7
BRB,2020,coal_total,0.0,thousand_tonnes,EIA_INTL_v2:productId=7
BRN,2020,coal_total,0.0,thousand_tonnes,EIA_INTL_v2:productId=7
BTN,2020,coal_total,157.305833916,thousand_tonnes,EIA_INTL_v2:productId=7
BWA,2020,coal_total,1875.99776896584,thousand_tonnes,EIA_INTL_v2:productId=7
CAF,2020,coal_total,0.0,thousand_tonnes,EIA_INTL_v2:productId=7
CAN,2020,coal_total,45284.8461449055,thousand_tonnes,EIA_INTL_v2:productId=7
CHE,2020,coal_total,0.0,thousand_tonnes,EIA_INTL_v2:productId=7
CHL,2020,coal_total,479.22943007543495,thousand_tonnes,EIA_INTL_v2:productId=7
CHN,2020,coal_total,3901572.460047102,thousand_tonnes,EIA_INTL_v2:productId=7
CIV,2020,coal_total,0.0,thousand_tonnes,EIA_INTL_v2:productId=7
CMR,2020,coal_total,0.0,thousand_tonnes,EIA_INTL_v2:productId=7
COD,2020,coal_total,0.0,thousand_tonnes,EIA_INTL_v2:productId=7
COG,2020,coal_total,0.0,thousand_tonnes,EIA_INTL_v2:productId=7
COK,2020,coal_total,0.0,thousand_tonnes,EIA_INTL_v2:productId=7
COL,2020,coal_total,53761.59406391601,thousand_tonnes,EIA_INTL_v2:productId=7
COM,2020,coal_total,0.0,thousand_tonnes,EIA_INTL_v2:productId=7
CPV,2020,coal_total,0.0,thousand_tonnes,EIA_INTL_v2:productId=7
CRI,2020,coal_total,0.0,thousand_tonnes,EIA_INTL_v2:productId=7
CUB,2020,coal_total,0.0,thousand_tonnes,EIA_INTL_v2:productId=7
CYM,2020,coal_total,0.0,thousand_tonnes,EIA_INTL_v2:productId=7
CYP,2020,coal_total,0.0,thousand_tonnes,EIA_INTL_v2:productId=7
CZE,2020,coal_total,31578.302445440208,thousand_tonnes,EIA_INTL_v2:productId=7
DEU,2020,coal_total,107377.13230152911,thousand_tonnes,EIA_INTL_v2:productId=7
DJI,2020,coal_total,0.0,thousand_tonnes,EIA_INTL_v2:productId=7
DMA,2020,coal_total,0.0,thousand_tonnes,EIA_INTL_v2:productId=7
DNK,2020,coal_total,0.0,thousand_tonnes,EIA_INTL_v2:productId=7
DOM,2020,coal_total,0.0,thousand_tonnes,EIA_INTL_v2:productId=7
DZA,2020,coal_total,0.0,thousand_tonnes,EIA_INTL_v2:productId=7
ECU,2020,coal_total,0.0,thousand_tonnes,EIA_INTL_v2:productId=7
EGY,2020,coal_total,0.0,thousand_tonnes,EIA_INTL_v2:productId=7
ERI,2020,coal_total,0.0,thousand_tonnes,EIA_INTL_v2:productId=7
ESH,2020,coal_total,0.0,thousand_tonnes,EIA_INTL_v2:productId=7
ESP,2020,coal_total,0.0,thousand_tonnes,EIA_INTL_v2:productId=7
EST,2020,coal_total,0.0,thousand_tonnes,EIA_INTL_v2:productId=7
ETH,2020,coal_total,0.0,thousand_tonnes,EIA_INTL_v2:productId=7
FIN,2020,coal_total,0.0,thousand_tonnes,EIA_INTL_v2:productId=7
FJI,2020,coal_total,0.0,thousand_tonnes,EIA_INTL_v2:productId=7
FLK,2020,coal_total,0.0,thousand_tonnes,EIA_INTL_v2:productId=7
FRA,2020,coal_total,0.0,thousand_tonnes,EIA_INTL_v2:productId=7
FRO,2020,coal_total,0.0,thousand_tonnes,EIA_INTL_v2:productId=7
FSM,2020,coal_total,0.0,thousand_tonnes,EIA_INTL_v2:productId=7
GAB,2020,coal_total,0.0,thousand_tonnes,EIA_INTL_v2:productId=7
GBR,2020,coal_total,1673.2880100388636,thousand_tonnes,EIA_INTL_v2:productId=7
GEO,2020,coal_total,99.29988190741543,thousand_tonnes,EIA_INTL_v2:productId=7
GHA,2020,coal_total,0.0,thousand_tonnes,EIA_INTL_v2:productId=7
GIB,2020,coal_total,0.0,thousand_tonnes,EIA_INTL_v2:productId=7
GIN,2020,coal_total,0.0,thousand_tonnes,EIA_INTL_v2:productId=7
GLP,2020,coal_total,0.0,thousand_tonnes,EIA_INTL_v2:productId=7
GMB,2020,coal_total,0.0,thousand_tonnes,EIA_INTL_v2:productId=7
GNB,2020,coal_total,0.0,thousand_tonnes,EIA_INTL_v2:productId=7
GNQ,2020,coal_total,0.0,thousand_tonnes,EIA_INTL_v2:productId=7
GRC,2020,coal_total,14053.583286747767,thousand_tonnes,EIA_INTL_v2:productId=7
GRD,2020,coal_total,0.0,thousand_tonnes,EIA_INTL_v2:productId=7
GRL,2020,coal_total,0.0,thousand_tonnes,EIA_INTL_v2:productId=7
GTM,2020,coal_total,0.0,thousand_tonnes,EIA_INTL_v2:productId=7
GUF,2020,coal_total,0.0,thousand_tonnes,EIA_INTL_v2:productId=7
GUM,2020,coal_total,0.0,thousand_tonnes,EIA_INTL_v2:productId=7
GUY,2020,coal_total,0.0,thousand_tonnes,EIA_INTL_v2:productId=7
HKG,2020,coal_total,0.0,thousand_tonnes,EIA_INTL_v2:productId=7
HND,2020,coal_total,0.0,thousand_tonnes,EIA_INTL_v2:productId=7
HRV,2020,coal_total,0.0,thousand_tonnes,EIA_INTL_v2:productId=7
HTI,2020,coal_total,0.0,thousand_tonnes,EIA_INTL_v2:productId=7
HUN,2020,coal_total,6124.992715840075,thousand_tonnes,EIA_INTL_v2:productId=7
IDN,2020,coal_total,563727.5845858345,thousand_tonnes,EIA_INTL_v2:productId=7
IND,2020,coal_total,719776.6440041781,thousand_tonnes,EIA_INTL_v2:productId=7
IRL,2020,coal_total,0.0,thousand_tonnes,EIA_INTL_v2:productId=7
IRN,2020,coal_total,1542.081166076867,thousand_tonnes,EIA_INTL_v2:productId=7
IRQ,2020,coal_total,0.0,thousand_tonnes,EIA_INTL_v2:productId=7
ISL,2020,coal_total,0.0,thousand_tonnes,EIA_INTL_v2:productId=7
ISR,2020,coal_total,0.0,thousand_tonnes,EIA_INTL_v2:productId=7
ITA,2020,coal_total,0.0,thousand_tonnes,EIA_INTL_v2:productId=7
JAM,2020,coal_total,0.0,thousand_tonnes,EIA_INTL_v2:productId=7
JOR,2020,coal_total,0.0,thousand_tonnes,EIA_INTL_v2:productId=7
JPN,2020,coal_total,789.8690606466286,thousand_tonnes,EIA_INTL_v2:productId=7
KAZ,2020,coal_total,96065.2640988266,thousand_tonnes,EIA_INTL_v2:productId=7
KEN,2020,coal_total,0.0,thousand_tonnes,EIA_INTL_v2:productId=7
KGZ,2020,coal_total,2677.646815603131,thousand_tonnes,EIA_INTL_v2:productId=7
KHM,2020,coal_total,0.0,thousand_tonnes,EIA_INTL_v2:productId=7
KIR,2020,coal_total,0.0,thousand_tonnes,EIA_INTL_v2:productId=7
KNA,2020,coal_total,0.0,thousand_tonnes,EIA_INTL_v2:productId=7
KOR,2020,coal_total,1018.9987881536387,thousand_tonnes,EIA_INTL_v2:productId=7
KWT,2020,coal_total,0.0,thousand_tonnes,EIA_INTL_v2:productId=7
LAO,2020,coal_total,14686.841533644121,thousand_tonnes,EIA_INTL_v2:productId=7
LBN,2020,coal_total,0.0,thousand_tonnes,EIA_INTL_v2:productId=7
LBR,2020,coal_total,0.0,thousand_tonnes,EIA_INTL_v2:productId=7
LBY,2020,coal_total,0.0,thousand_tonnes,EIA_INTL_v2:productId=7
LCA,2020,coal_total,0.0,thousand_tonnes,EIA_INTL_v2:productId=7
LKA,2020,coal_total,0.0,thousand_tonnes,EIA_INTL_v2:productId=7
LSO,2020,coal_total,0.0,thousand_tonnes,EIA_INTL_v2:productId=7
LTU,2020,coal_total,0.0,thousand_tonnes,EIA_INTL_v2:productId=7
LUX,2020,coal_total,0.0,thousand_tonnes,EIA_INTL_v2:productId=7
LVA,2020,coal_total,0.0,thousand_tonnes,EIA_INTL_v2:productId=7
MAC,2020,coal_total,0.0,thousand_tonnes,EIA_INTL_v2:productId=7
MAR,2020,coal_total,0.0,thousand_tonnes,EIA_INTL_v2:productId=7
MDA,2020,coal_total,0.0,thousand_tonnes,EIA_INTL_v2:productId=7
MDG,2020,coal_total,0.0,thousand_tonnes,EIA_INTL_v2:productId=7
MDV,2020,coal_total,0.0,thousand_tonnes,EIA_INTL_v2:productId=7
MEX,2020,coal_total,8802.47566817359,thousand_tonnes,EIA_INTL_v2:productId=7
MKD,2020,coal_total,5028.731019571505,thousand_tonnes,EIA_INTL_v2:productId=7
MLI,2020,coal_total,0.0,thousand_tonnes,EIA_INTL_v2:productId=7
MLT,2020,coal_total,0.0,thousand_tonnes,EIA_INTL_v2:productId=7
MMR,2020,coal_total,2043.923569259778,thousand_tonnes,EIA_INTL_v2:productId=7
MNE,2020,coal_total,1665.3980194220508,thousand_tonnes,EIA_INTL_v2:productId=7
MNG,2020,coal_total,35103.45185989582,thousand_tonnes,EIA_INTL_v2:productId=7
MNP,2020,coal_total,0.0,thousand_tonnes,EIA_INTL_v2:productId=7
MOZ,2020,coal_total,7449.1461410879465,thousand_tonnes,EIA_INTL_v2:productId=7
MRT,2020,coal_total,0.0,thousand_tonnes,EIA_INTL_v2:productId=7
MSR,2020,coal_total,0.0,thousand_tonnes,EIA_INTL_v2:productId=7
MTQ,2020,coal_total,0.0,thousand_tonnes,EIA_INTL_v2:productId=7
MUS,2020,coal_total,0.0,thousand_tonnes,EIA_INTL_v2:productId=7
MWI,2020,coal_total,47.13994393872672,thousand_tonnes,EIA_INTL_v2:productId=7
MYS,2020,coal_total,3263.8291184846466,thousand_tonnes,EIA_INTL_v2:productId=7
NAM,2020,coal_total,0.0,thousand_tonnes,EIA_INTL_v2:productId=7
NCL,2020,coal_total,0.0,thousand_tonnes,EIA_INTL_v2:productId=7
NER,2020,coal_total,246.9997062551018,thousand_tonnes,EIA_INTL_v2:productId=7
NGA,2020,coal_total,2351.3522036496556,thousand_tonnes,EIA_INTL_v2:productId=7
NIC,2020,coal_total,0.0,thousand_tonnes,EIA_INTL_v2:productId=7
NIU,2020,coal_total,0.0,thousand_tonnes,EIA_INTL_v2:productId=7
NLD,2020,coal_total,0.0,thousand_tonnes,EIA_INTL_v2:productId=7
NOR,2020,coal_total,68.66491834010755,thousand_tonnes,EIA_INTL_v2:productId=7
NPL,2020,coal_total,27.9999667009832,thousand_tonnes,EIA_INTL_v2:productId=7
NRU,2020,coal_total,0.0,thousand_tonnes,EIA_INTL_v2:productId=7
NZL,2020,coal_total,2818.6786478807403,thousand_tonnes,EIA_INTL_v2:productId=7
OMN,2020,coal_total,0.0,thousand_tonnes,EIA_INTL_v2:productId=7
PAK,2020,coal_total,8694.313660269949,thousand_tonnes,EIA_INTL_v2:productId=7
PAN,2020,coal_total,0.0,thousand_tonnes,EIA_INTL_v2:productId=7
PER,2020,coal_total,339.72873197692115,thousand_tonnes,EIA_INTL_v2:productId=7
PHL,2020,coal_total,13266.98422221229,thousand_tonnes,EIA_INTL_v2:productId=7
PNG,2020,coal_total,0.0,thousand_tonnes,EIA_INTL_v2:productId=7
POL,2020,coal_total,100369.21263571049,thousand_tonnes,EIA_INTL_v2:productId=7
PRI,2020,coal_total,0.0,thousand_tonnes,EIA_INTL_v2:productId=7
PRK,2020,coal_total,25560.588602018517,thousand_tonnes,EIA_INTL_v2:productId=7
PRT,2020,coal_total,0.0,thousand_tonnes,EIA_INTL_v2:productId=7
PRY,2020,coal_total,0.0,thousand_tonnes,EIA_INTL_v2:productId=7
PSE,2020,coal_total,0.0,thousand_tonnes,EIA_INTL_v2:productId=7
PYF,2020,coal_total,0.0,thousand_tonnes,EIA_INTL_v2:productId=7
QAT,2020,coal_total,0.0,thousand_tonnes,EIA_INTL_v2:productId=7
REU,2020,coal_total,0.0,thousand_tonnes,EIA_INTL_v2:productId=7
ROU,2020,coal_total,15001.982158862498,thousand_tonnes,EIA_INTL_v2:productId=7
RUS,2020,coal_total,401406.62262636365,thousand_tonnes,EIA_INTL_v2:productId=7
RWA,2020,coal_total,0.0,thousand_tonnes,EIA_INTL_v2:productId=7
SAU,2020,coal_total,0.0,thousand_tonnes,EIA_INTL_v2:productId=7
SDN,2020,coal_total,0.0,thousand_tonnes,EIA_INTL_v2:productId=7
SEN,2020,coal_total,0.0,thousand_tonnes,EIA_INTL_v2:productId=7
SGP,2020,coal_total,0.0,thousand_tonnes,EIA_INTL_v2:productId=7
SHN,2020,coal_total,0.0,thousand_tonnes,EIA_INTL_v2:productId=7
SLB,2020,coal_total,0.0,thousand_tonnes,EIA_INTL_v2:productId=7
SLE,2020,coal_total,0.0,thousand_tonnes,EIA_INTL_v2:productId=7
SLV,2020,coal_total,0.0,thousand_tonnes,EIA_INTL_v2:productId=7
SOM,2020,coal_total,0.0,thousand_tonnes,EIA_INTL_v2:productId=7
SPM,2020,coal_total,0.0,thousand_tonnes,EIA_INTL_v2:productId=7
SRB,2020,coal_total,39673.019818781264,thousand_tonnes,EIA_INTL_v2:productId=7
SSD,2020,coal_total,0.0,thousand_tonnes,EIA_INTL_v2:productId=7
STP,2020,coal_total,0.0,thousand_tonnes,EIA_INTL_v2:productId=7
SUR,2020,coal_total,0.0,thousand_tonnes,EIA_INTL_v2:productId=7
SVK,2020,coal_total,980.9988333451614,thousand_tonnes,EIA_INTL_v2:productId=7
SVN,2020,coal_total,3174.5632246442906,thousand_tonnes,EIA_INTL_v2:productId=7
SWE,2020,coal_total,0.0,thousand_tonnes,EIA_INTL_v2:productId=7
SWZ,2020,coal_total,108.10010185428794,thousand_tonnes,EIA_INTL_v2:productId=7
SYC,2020,coal_total,0.0,thousand_tonnes,EIA_INTL_v2:productId=7
SYR,2020,coal_total,0.0,thousand_tonnes,EIA_INTL_v2:productId=7
TCA,2020,coal_total,0.0,thousand_tonnes,EIA_INTL_v2:productId=7
TCD,2020,coal_total,0.0,thousand_tonnes,EIA_INTL_v2:productId=7
TGO,2020,coal_total,0.0,thousand_tonnes,EIA_INTL_v2:productId=7
THA,2020,coal_total,13250.9842412403,thousand_tonnes,EIA_INTL_v2:productId=7
TJK,2020,coal_total,2089.0975155365713,thousand_tonnes,EIA_INTL_v2:productId=7
TKM,2020,coal_total,0.0,thousand_tonnes,EIA_INTL_v2:productId=7
TLS,2020,coal_total,0.0,thousand_tonnes,EIA_INTL_v2:productId=7
TON,2020,coal_total,0.0,thousand_tonnes,EIA_INTL_v2:productId=7
TTO,2020,coal_total,0.0,thousand_tonnes,EIA_INTL_v2:productId=7
TUN,2020,coal_total,0.0,thousand_tonnes,EIA_INTL_v2:productId=7
TUR,2020,coal_total,74711.91114870917,thousand_tonnes,EIA_INTL_v2:productId=7
TUV,2020,coal_total,0.0,thousand_tonnes,EIA_INTL_v2:productId=7
TWN,2020,coal_total,0.0,thousand_tonnes,EIA_INTL_v2:productId=7
TZA,2020,coal_total,689.9581794658453,thousand_tonnes,EIA_INTL_v2:productId=7
UGA,2020,coal_total,0.0,thousand_tonnes,EIA_INTL_v2:productId=7
UKR,2020,coal_total,24439.97093471552,thousand_tonnes,EIA_INTL_v2:productId=7
URY,2020,coal_total,0.0,thousand_tonnes,EIA_INTL_v2:productId=7
USA,2020,coal_total,485737.55407716,thousand_tonnes,EIA_INTL_v2:productId=7
UZB,2020,coal_total,4131.795086254371,thousand_tonnes,EIA_INTL_v2:productId=7
VCT,2020,coal_total,0.0,thousand_tonnes,EIA_INTL_v2:productId=7
VEN,2020,coal_total,284.7393056965735,thousand_tonnes,EIA_INTL_v2:productId=7
VGB,2020,coal_total,0.0,thousand_tonnes,EIA_INTL_v2:productId=7
VIR,2020,coal_total,0.0,thousand_tonnes,EIA_INTL_v2:productId=7
VNM,2020,coal_total,43894.587479988186,thousand_tonnes,EIA_INTL_v2:productId=7
VUT,2020,coal_total,0.0,thousand_tonnes,EIA_INTL_v2:productId=7
WAK,2020,coal_total,0.0,thousand_tonnes,EIA_INTL_v2:productId=7
WSM,2020,coal_total,0.0,thousand_tonnes,EIA_INTL_v2:productId=7
XKS,2020,coal_total,8381.5090322735,thousand_tonnes,EIA_INTL_v2:productId=7
YEM,2020,coal_total,0.0,thousand_tonnes,EIA_INTL_v2:productId=7
ZAF,2020,coal_total,247109.70612428425,thousand_tonnes,EIA_INTL_v2:productId=7
ZMB,2020,coal_total,1116.2303507180563,thousand_tonnes,EIA_INTL_v2:productId=7
ZWE,2020,coal_total,2705.9322819646122,thousand_tonnes,EIA_INTL_v2:productId=7
ABW,2021,coal_total,0.0,thousand_tonnes,EIA_INTL_v2:productId=7
AFG,2021,coal_total,2688.7356534157084,thousand_tonnes,EIA_INTL_v2:productId=7
AGO,2021,coal_total,0.0,thousand_tonnes,EIA_INTL_v2:productId=7
ALB,2021,coal_total,240.7487136891073,thousand_tonnes,EIA_INTL_v2:productId=7
ARE,2021,coal_total,0.0,thousand_tonnes,EIA_INTL_v2:productId=7
ARG,2021,coal_total,26.945722815933188,thousand_tonnes,EIA_INTL_v2:productId=7
ARM,2021,coal_total,0.0,thousand_tonnes,EIA_INTL_v2:productId=7
ASM,2021,coal_total,0.0,thousand_tonnes,EIA_INTL_v2:productId=7
ATA,2021,coal_total,0.0,thousand_tonnes,EIA_INTL_v2:productId=7
ATG,2021,coal_total,0.0,thousand_tonnes,EIA_INTL_v2:productId=7
AUS,2021,coal_total,467143.12113510224,thousand_tonnes,EIA_INTL_v2:productId=7
AUT,2021,coal_total,0.0,thousand_tonnes,EIA_INTL_v2:productId=7
AZE,2021,coal_total,0.0,thousand_tonnes,EIA_INTL_v2:productId=7
BDI,2021,coal_total,0.0,thousand_tonnes,EIA_INTL_v2:productId=7
BEL,2021,coal_total,0.0,thousand_tonnes,EIA_INTL_v2:productId=7
BEN,2021,coal_total,0.0,thousand_tonnes,EIA_INTL_v2:productId=7
BFA,2021,coal_total,0.0,thousand_tonnes,EIA_INTL_v2:productId=7
BGD,2021,coal_total,1051.4431940135482,thousand_tonnes,EIA_INTL_v2:productId=7
BGR,2021,coal_total,28289.234356971057,thousand_tonnes,EIA_INTL_v2:productId=7
BHR,2021,coal_total,0.0,thousand_tonnes,EIA_INTL_v2:productId=7
BHS,2021,coal_total,0.0,thousand_tonnes,EIA_INTL_v2:productId=7
BIH,2021,coal_total,6679.232625844869,thousand_tonnes,EIA_INTL_v2:productId=7
BLR,2021,coal_total,0.0,thousand_tonnes,EIA_INTL_v2:productId=7
BLZ,2021,coal_total,0.0,thousand_tonnes,EIA_INTL_v2:productId=7
BMU,2021,coal_total,0.0,thousand_tonnes,EIA_INTL_v2:productId=7
BOL,2021,coal_total,0.0,thousand_tonnes,EIA_INTL_v2:productId=7
BRA,2021,coal_total,6664.992073644733,thousand_tonnes,EIA_INTL_v2:productId=7
BRB,2021,coal_total,0.0,thousand_tonnes,EIA_INTL_v2:productId=7
BRN,2021,coal_total,0.0,thousand_tonnes,EIA_INTL_v2:productId=7
BTN,2021,coal_total,185.9997787993884,thousand_tonnes,EIA_INTL_v2:productId=7
BWA,2021,coal_total,1983.3956412427801,thousand_tonnes,EIA_INTL_v2:productId=7
CAF,2021,coal_total,0.0,thousand_tonnes,EIA_INTL_v2:productId=7
CAN,2021,coal_total,47461.689556090096,thousand_tonnes,EIA_INTL_v2:productId=7
CHE,2021,coal_total,0.0,thousand_tonnes,EIA_INTL_v2:productId=7
CHL,2021,coal_total,42.96294890622647,thousand_tonnes,EIA_INTL_v2:productId=7
CHN,2021,coal_total,4125995.0931520243,thousand_tonnes,EIA_INTL_v2:productId=7
CIV,2021,coal_total,0.0,thousand_tonnes,EIA_INTL_v2:productId=7
CMR,2021,coal_total,0.0,thousand_tonnes,EIA_INTL_v2:productId=7
COD,2021,coal_total,0.0,thousand_tonnes,EIA_INTL_v2:productId=7
COG,2021,coal_total,0.0,thousand_tonnes,EIA_INTL_v2:productId=7
COK,2021,coal_total,0.0,thousand_tonnes,EIA_INTL_v2:productId=7
COL,2021,coal_total,60778.176139431285,thousand_tonnes,EIA_INTL_v2:productId=7
COM,2021,coal_total,0.0,thousand_tonnes,EIA_INTL_v2:productId=7
CPV,2021,coal_total,0.0,thousand_tonnes,EIA_INTL_v2:productId=7
CRI,2021,coal_total,0.0,thousand_tonnes,EIA_INTL_v2:productId=7
CUB,2021,coal_total,0.0,thousand_tonnes,EIA_INTL_v2:productId=7
CYM,2021,coal_total,0.0,thousand_tonnes,EIA_INTL_v2:productId=7
CYP,2021,coal_total,0.0,thousand_tonnes,EIA_INTL_v2:productId=7
CZE,2021,coal_total,31458.226588240665,thousand_tonnes,EIA_INTL_v2:productId=7
DEU,2021,coal_total,126256.44284927101,thousand_tonnes,EIA_INTL_v2:productId=7
DJI,2021,coal_total,0.0,thousand_tonnes,EIA_INTL_v2:productId=7
DMA,2021,coal_total,0.0,thousand_tonnes,EIA_INTL_v2:productId=7
DNK,2021,coal_total,0.0,thousand_tonnes,EIA_INTL_v2:productId=7
DOM,2021,coal_total,0.0,thousand_tonnes,EIA_INTL_v2:productId=7
DZA,2021,coal_total,0.0,thousand_tonnes,EIA_INTL_v2:productId=7
ECU,2021,coal_total,0.0,thousand_tonnes,EIA_INTL_v2:productId=7
EGY,2021,coal_total,0.0,thousand_tonnes,EIA_INTL_v2:productId=7
ERI,2021,coal_total,0.0,thousand_tonnes,EIA_INTL_v2:productId=7
ESH,2021,coal_total,0.0,thousand_tonnes,EIA_INTL_v2:productId=7
ESP,2021,coal_total,0.0,thousand_tonnes,EIA_INTL_v2:productId=7
EST,2021,coal_total,0.0,thousand_tonnes,EIA_INTL_v2:productId=7
ETH,2021,coal_total,0.0,thousand_tonnes,EIA_INTL_v2:productId=7
FIN,2021,coal_total,0.0,thousand_tonnes,EIA_INTL_v2:productId=7
FJI,2021,coal_total,0.0,thousand_tonnes,EIA_INTL_v2:productId=7
FLK,2021,coal_total,0.0,thousand_tonnes,EIA_INTL_v2:productId=7
FRA,2021,coal_total,0.0,thousand_tonnes,EIA_INTL_v2:productId=7
FRO,2021,coal_total,0.0,thousand_tonnes,EIA_INTL_v2:productId=7
FSM,2021,coal_total,0.0,thousand_tonnes,EIA_INTL_v2:productId=7
GAB,2021,coal_total,0.0,thousand_tonnes,EIA_INTL_v2:productId=7
GBR,2021,coal_total,1053.8187467439327,thousand_tonnes,EIA_INTL_v2:productId=7
GEO,2021,coal_total,161.60780780758904,thousand_tonnes,EIA_INTL_v2:productId=7
GHA,2021,coal_total,0.0,thousand_tonnes,EIA_INTL_v2:productId=7
GIB,2021,coal_total,0.0,thousand_tonnes,EIA_INTL_v2:productId=7
GIN,2021,coal_total,0.0,thousand_tonnes,EIA_INTL_v2:productId=7
GLP,2021,coal_total,0.0,thousand_tonnes,EIA_INTL_v2:productId=7
GMB,2021,coal_total,0.0,thousand_tonnes,EIA_INTL_v2:productId=7
GNB,2021,coal_total,0.0,thousand_tonnes,EIA_INTL_v2:productId=7
GNQ,2021,coal_total,0.0,thousand_tonnes,EIA_INTL_v2:productId=7
GRC,2021,coal_total,12095.226615727384,thousand_tonnes,EIA_INTL_v2:productId=7
GRD,2021,coal_total,0.0,thousand_tonnes,EIA_INTL_v2:productId=7
GRL,2021,coal_total,0.0,thousand_tonnes,EIA_INTL_v2:productId=7
GTM,2021,coal_total,0.0,thousand_tonnes,EIA_INTL_v2:productId=7
GUF,2021,coal_total,0.0,thousand_tonnes,EIA_INTL_v2:productId=7
GUM,2021,coal_total,0.0,thousand_tonnes,EIA_INTL_v2:productId=7
GUY,2021,coal_total,0.0,thousand_tonnes,EIA_INTL_v2:productId=7
HKG,2021,coal_total,0.0,thousand_tonnes,EIA_INTL_v2:productId=7
HND,2021,coal_total,0.0,thousand_tonnes,EIA_INTL_v2:productId=7
HRV,2021,coal_total,0.0,thousand_tonnes,EIA_INTL_v2:productId=7
HTI,2021,coal_total,0.0,thousand_tonnes,EIA_INTL_v2:productId=7
HUN,2021,coal_total,4987.994068018007,thousand_tonnes,EIA_INTL_v2:productId=7
IDN,2021,coal_total,613989.5258117287,thousand_tonnes,EIA_INTL_v2:productId=7
IND,2021,coal_total,766549.088379955,thousand_tonnes,EIA_INTL_v2:productId=7
IRL,2021,coal_total,0.0,thousand_tonnes,EIA_INTL_v2:productId=7
IRN,2021,coal_total,1642.1646470523856,thousand_tonnes,EIA_INTL_v2:productId=7
IRQ,2021,coal_total,0.0,thousand_tonnes,EIA_INTL_v2:productId=7
ISL,2021,coal_total,0.0,thousand_tonnes,EIA_INTL_v2:productId=7
ISR,2021,coal_total,0.0,thousand_tonnes,EIA_INTL_v2:productId=7
ITA,2021,coal_total,0.0,thousand_tonnes,EIA_INTL_v2:productId=7
JAM,2021,coal_total,0.0,thousand_tonnes,EIA_INTL_v2:productId=7
JOR,2021,coal_total,0.0,thousand_tonnes,EIA_INTL_v2:productId=7
JPN,2021,coal_total,674.71219759716,thousand_tonnes,EIA_INTL_v2:productId=7
KAZ,2021,coal_total,83756.76031032727,thousand_tonnes,EIA_INTL_v2:productId=7
KEN,2021,coal_total,0.0,thousand_tonnes,EIA_INTL_v2:productId=7
KGZ,2021,coal_total,2049.838562225361,thousand_tonnes,EIA_INTL_v2:productId=7
KHM,2021,coal_total,0.0,thousand_tonnes,EIA_INTL_v2:productId=7
KIR,2021,coal_total,0.0,thousand_tonnes,EIA_INTL_v2:productId=7
KNA,2021,coal_total,0.0,thousand_tonnes,EIA_INTL_v2:productId=7
KOR,2021,coal_total,897.9989320529612,thousand_tonnes,EIA_INTL_v2:productId=7
KWT,2021,coal_total,0.0,thousand_tonnes,EIA_INTL_v2:productId=7
LAO,2021,coal_total,14316.575973983185,thousand_tonnes,EIA_INTL_v2:productId=7
LBN,2021,coal_total,0.0,thousand_tonnes,EIA_INTL_v2:productId=7
LBR,2021,coal_total,0.0,thousand_tonnes,EIA_INTL_v2:productId=7
LBY,2021,coal_total,0.0,thousand_tonnes,EIA_INTL_v2:productId=7
LCA,2021,coal_total,0.0,thousand_tonnes,EIA_INTL_v2:productId=7
LKA,2021,coal_total,0.0,thousand_tonnes,EIA_INTL_v2:productId=7
LSO,2021,coal_total,0.0,thousand_tonnes,EIA_INTL_v2:productId=7
LTU,2021,coal_total,0.0,thousand_tonnes,EIA_INTL_v2:productId=7
LUX,2021,coal_total,0.0,thousand_tonnes,EIA_INTL_v2:productId=7
LVA,2021,coal_total,0.0,thousand_tonnes,EIA_INTL_v2:productId=7
MAC,2021,coal_total,0.0,thousand_tonnes,EIA_INTL_v2:productId=7
MAR,2021,coal_total,0.0,thousand_tonnes,EIA_INTL_v2:productId=7
MDA,2021,coal_total,0.0,thousand_tonnes,EIA_INTL_v2:productId=7
MDG,2021,coal_total,0.0,thousand_tonnes,EIA_INTL_v2:productId=7
MDV,2021,coal_total,0.0,thousand_tonnes,EIA_INTL_v2:productId=7
MEX,2021,coal_total,6031.28685856009,thousand_tonnes,EIA_INTL_v2:productId=7
MKD,2021,coal_total,4118.151102480506,thousand_tonnes,EIA_INTL_v2:productId=7
MLI,2021,coal_total,0.0,thousand_tonnes,EIA_INTL_v2:productId=7
MLT,2021,coal_total,0.0,thousand_tonnes,EIA_INTL_v2:productId=7
MMR,2021,coal_total,1580.0631209067508,thousand_tonnes,EIA_INTL_v2:productId=7
MNE,2021,coal_total,1691.664654851038,thousand_tonnes,EIA_INTL_v2:productId=7
MNG,2021,coal_total,25285.279764686766,thousand_tonnes,EIA_INTL_v2:productId=7
MNP,2021,coal_total,0.0,thousand_tonnes,EIA_INTL_v2:productId=7
MOZ,2021,coal_total,10609.405382743278,thousand_tonnes,EIA_INTL_v2:productId=7
MRT,2021,coal_total,0.0,thousand_tonnes,EIA_INTL_v2:productId=7
MSR,2021,coal_total,0.0,thousand_tonnes,EIA_INTL_v2:productId=7
MTQ,2021,coal_total,0.0,thousand_tonnes,EIA_INTL_v2:productId=7
MUS,2021,coal_total,0.0,thousand_tonnes,EIA_INTL_v2:productId=7
MWI,2021,coal_total,51.352438929008564,thousand_tonnes,EIA_INTL_v2:productId=7
MYS,2021,coal_total,3119.1112905906148,thousand_tonnes,EIA_INTL_v2:productId=7
NAM,2021,coal_total,0.0,thousand_tonnes,EIA_INTL_v2:productId=7
NCL,2021,coal_total,0.0,thousand_tonnes,EIA_INTL_v2:productId=7
NER,2021,coal_total,247.9997050658512,thousand_tonnes,EIA_INTL_v2:productId=7
NGA,2021,coal_total,2506.046019679723,thousand_tonnes,EIA_INTL_v2:productId=7
NIC,2021,coal_total,0.0,thousand_tonnes,EIA_INTL_v2:productId=7
NIU,2021,coal_total,0.0,thousand_tonnes,EIA_INTL_v2:productId=7
NLD,2021,coal_total,0.0,thousand_tonnes,EIA_INTL_v2:productId=7
NOR,2021,coal_total,121.26585578433674,thousand_tonnes,EIA_INTL_v2:productId=7
NPL,2021,coal_total,29.61596477915423,thousand_tonnes,EIA_INTL_v2:productId=7
NRU,2021,coal_total,0.0,thousand_tonnes,EIA_INTL_v2:productId=7
NZL,2021,coal_total,2867.606874692748,thousand_tonnes,EIA_INTL_v2:productId=7
OMN,2021,coal_total,0.0,thousand_tonnes,EIA_INTL_v2:productId=7
PAK,2021,coal_total,8442.09796021795,thousand_tonnes,EIA_INTL_v2:productId=7
PAN,2021,coal_total,0.0,thousand_tonnes,EIA_INTL_v2:productId=7
PER,2021,coal_total,430.63709886396276,thousand_tonnes,EIA_INTL_v2:productId=7
PHL,2021,coal_total,14377.982900954874,thousand_tonnes,EIA_INTL_v2:productId=7
PNG,2021,coal_total,0.0,thousand_tonnes,EIA_INTL_v2:productId=7
POL,2021,coal_total,107361.76631980324,thousand_tonnes,EIA_INTL_v2:productId=7
PRI,2021,coal_total,0.0,thousand_tonnes,EIA_INTL_v2:productId=7
PRK,2021,coal_total,20986.58904165671,thousand_tonnes,EIA_INTL_v2:productId=7
PRT,2021,coal_total,0.0,thousand_tonnes,EIA_INTL_v2:productId=7
PRY,2021,coal_total,0.0,thousand_tonnes,EIA_INTL_v2:productId=7
PSE,2021,coal_total,0.0,thousand_tonnes,EIA_INTL_v2:productId=7
PYF,2021,coal_total,0.0,thousand_tonnes,EIA_INTL_v2:productId=7
QAT,2021,coal_total,0.0,thousand_tonnes,EIA_INTL_v2:productId=7
REU,2021,coal_total,0.0,thousand_tonnes,EIA_INTL_v2:productId=7
ROU,2021,coal_total,17732.97891101911,thousand_tonnes,EIA_INTL_v2:productId=7
RUS,2021,coal_total,435266.9711938268,thousand_tonnes,EIA_INTL_v2:productId=7
RWA,2021,coal_total,0.0,thousand_tonnes,EIA_INTL_v2:productId=7
SAU,2021,coal_total,0.0,thousand_tonnes,EIA_INTL_v2:productId=7
SDN,2021,coal_total,0.0,thousand_tonnes,EIA_INTL_v2:productId=7
SEN,2021,coal_total,0.0,thousand_tonnes,EIA_INTL_v2:productId=7
SGP,2021,coal_total,0.0,thousand_tonnes,EIA_INTL_v2:productId=7
SHN,2021,coal_total,0.0,thousand_tonnes,EIA_INTL_v2:productId=7
SLB,2021,coal_total,0.0,thousand_tonnes,EIA_INTL_v2:productId=7
SLE,2021,coal_total,0.0,thousand_tonnes,EIA_INTL_v2:productId=7
SLV,2021,coal_total,0.0,thousand_tonnes,EIA_INTL_v2:productId=7
SOM,2021,coal_total,0.0,thousand_tonnes,EIA_INTL_v2:productId=7
SPM,2021,coal_total,0.0,thousand_tonnes,EIA_INTL_v2:productId=7
SRB,2021,coal_total,36417.468690452006,thousand_tonnes,EIA_INTL_v2:productId=7
SSD,2021,coal_total,0.0,thousand_tonnes,EIA_INTL_v2:productId=7
STP,2021,coal_total,0.0,thousand_tonnes,EIA_INTL_v2:productId=7
SUR,2021,coal_total,0.0,thousand_tonnes,EIA_INTL_v2:productId=7
SVK,2021,coal_total,1073.9987227448555,thousand_tonnes,EIA_INTL_v2:productId=7
SVN,2021,coal_total,2612.015893654837,thousand_tonnes,EIA_INTL_v2:productId=7
SWE,2021,coal_total,0.0,thousand_tonnes,EIA_INTL_v2:productId=7
SWZ,2021,coal_total,115.69586240846259,thousand_tonnes,EIA_INTL_v2:productId=7
SYC,2021,coal_total,0.0,thousand_tonnes,EIA_INTL_v2:productId=7
SYR,2021,coal_total,0.0,thousand_tonnes,EIA_INTL_v2:productId=7
TCA,2021,coal_total,0.0,thousand_tonnes,EIA_INTL_v2:productId=7
TCD,2021,coal_total,0.0,thousand_tonnes,EIA_INTL_v2:productId=7
TGO,2021,coal_total,0.0,thousand_tonnes,EIA_INTL_v2:productId=7
THA,2021,coal_total,14221.556086985776,thousand_tonnes,EIA_INTL_v2:productId=7
TJK,2021,coal_total,2149.2414440102834,thousand_tonnes,EIA_INTL_v2:productId=7
TKM,2021,coal_total,0.0,thousand_tonnes,EIA_INTL_v2:productId=7
TLS,2021,coal_total,0.0,thousand_tonnes,EIA_INTL_v2:productId=7
TON,2021,coal_total,0.0,thousand_tonnes,EIA_INTL_v2:productId=7
TTO,2021,coal_total,0.0,thousand_tonnes,EIA_INTL_v2:productId=7
TUN,2021,coal_total,0.0,thousand_tonnes,EIA_INTL_v2:productId=7
TUR,2021,coal_total,85632.78492145478,thousand_tonnes,EIA_INTL_v2:productId=7
TUV,2021,coal_total,0.0,thousand_tonnes,EIA_INTL_v2:productId=7
TWN,2021,coal_total,0.0,thousand_tonnes,EIA_INTL_v2:productId=7
TZA,2021,coal_total,754.8236723652233,thousand_tonnes,EIA_INTL_v2:productId=7
UGA,2021,coal_total,0.0,thousand_tonnes,EIA_INTL_v2:productId=7
UKR,2021,coal_total,24922.948438132717,thousand_tonnes,EIA_INTL_v2:productId=7
URY,2021,coal_total,0.0,thousand_tonnes,EIA_INTL_v2:productId=7
USA,2021,coal_total,523836.8438002977,thousand_tonnes,EIA_INTL_v2:productId=7
UZB,2021,coal_total,5054.793988576067,thousand_tonnes,EIA_INTL_v2:productId=7
VCT,2021,coal_total,0.0,thousand_tonnes,EIA_INTL_v2:productId=7
VEN,2021,coal_total,157.71778848206463,thousand_tonnes,EIA_INTL_v2:productId=7
VGB,2021,coal_total,0.0,thousand_tonnes,EIA_INTL_v2:productId=7
VIR,2021,coal_total,0.0,thousand_tonnes,EIA_INTL_v2:productId=7
VNM,2021,coal_total,47845.100353187496,thousand_tonnes,EIA_INTL_v2:productId=7
VUT,2021,coal_total,0.0,thousand_tonnes,EIA_INTL_v2:productId=7
WAK,2021,coal_total,0.0,thousand_tonnes,EIA_INTL_v2:productId=7
WSM,2021,coal_total,0.0,thousand_tonnes,EIA_INTL_v2:productId=7
XKS,2021,coal_total,8535.425849227615,thousand_tonnes,EIA_INTL_v2:productId=7
YEM,2021,coal_total,0.0,thousand_tonnes,EIA_INTL_v2:productId=7
ZAF,2021,coal_total,235726.73616684298,thousand_tonnes,EIA_INTL_v2:productId=7
ZMB,2021,coal_total,1100.751690928847,thousand_tonnes,EIA_INTL_v2:productId=7
ZWE,2021,coal_total,3239.211237761493,thousand_tonnes,EIA_INTL_v2:productId=7
ABW,2022,coal_total,0.0,thousand_tonnes,EIA_INTL_v2:productId=7
AFG,2022,coal_total,4885.17703313105,thousand_tonnes,EIA_INTL_v2:productId=7
AGO,2022,coal_total,0.0,thousand_tonnes,EIA_INTL_v2:productId=7
ALB,2022,coal_total,378.51954984486287,thousand_tonnes,EIA_INTL_v2:productId=7
ARE,2022,coal_total,0.0,thousand_tonnes,EIA_INTL_v2:productId=7
ARG,2022,coal_total,24.68843501805775,thousand_tonnes,EIA_INTL_v2:productId=7
ARM,2022,coal_total,0.059999928644964,thousand_tonnes,EIA_INTL_v2:productId=7
ASM,2022,coal_total,0.0,thousand_tonnes,EIA_INTL_v2:productId=7
ATA,2022,coal_total,0.0,thousand_tonnes,EIA_INTL_v2:productId=7
ATG,2022,coal_total,0.0,thousand_tonnes,EIA_INTL_v2:productId=7
AUS,2022,coal_total,463563.421225749,thousand_tonnes,EIA_INTL_v2:productId=7
AUT,2022,coal_total,0.0,thousand_tonnes,EIA_INTL_v2:productId=7
AZE,2022,coal_total,0.0,thousand_tonnes,EIA_INTL_v2:productId=7
BDI,2022,coal_total,0.0,thousand_tonnes,EIA_INTL_v2:productId=7
BEL,2022,coal_total,0.0,thousand_tonnes,EIA_INTL_v2:productId=7
BEN,2022,coal_total,0.0,thousand_tonnes,EIA_INTL_v2:productId=7
BFA,2022,coal_total,0.0,thousand_tonnes,EIA_INTL_v2:productId=7
BGD,2022,coal_total,753.9991033050476,thousand_tonnes,EIA_INTL_v2:productId=7
BGR,2022,coal_total,35515.977762551905,thousand_tonnes,EIA_INTL_v2:productId=7
BHR,2022,coal_total,0.0,thousand_tonnes,EIA_INTL_v2:productId=7
BHS,2022,coal_total,0.0,thousand_tonnes,EIA_INTL_v2:productId=7
BIH,2022,coal_total,13291.984192481024,thousand_tonnes,EIA_INTL_v2:productId=7
BLR,2022,coal_total,0.0,thousand_tonnes,EIA_INTL_v2:productId=7
BLZ,2022,coal_total,0.0,thousand_tonnes,EIA_INTL_v2:productId=7
BMU,2022,coal_total,0.0,thousand_tonnes,EIA_INTL_v2:productId=7
BOL,2022,coal_total,0.0,thousand_tonnes,EIA_INTL_v2:productId=7
BRA,2022,coal_total,6200.468171087151,thousand_tonnes,EIA_INTL_v2:productId=7
BRB,2022,coal_total,0.0,thousand_tonnes,EIA_INTL_v2:productId=7
BRN,2022,coal_total,0.0,thousand_tonnes,EIA_INTL_v2:productId=7
BTN,2022,coal_total,177.3941663682095,thousand_tonnes,EIA_INTL_v2:productId=7
BWA,2022,coal_total,2633.688354385342,thousand_tonnes,EIA_INTL_v2:productId=7
CAF,2022,coal_total,0.0,thousand_tonnes,EIA_INTL_v2:productId=7
CAN,2022,coal_total,41142.921070698336,thousand_tonnes,EIA_INTL_v2:productId=7
CHE,2022,coal_total,0.0,thousand_tonnes,EIA_INTL_v2:productId=7
CHL,2022,coal_total,14.94998222070353,thousand_tonnes,EIA_INTL_v2:productId=7
CHN,2022,coal_total,4152679.520126518,thousand_tonnes,EIA_INTL_v2:productId=7
CIV,2022,coal_total,0.0,thousand_tonnes,EIA_INTL_v2:productId=7
CMR,2022,coal_total,0.0,thousand_tonnes,EIA_INTL_v2:productId=7
COD,2022,coal_total,0.0,thousand_tonnes,EIA_INTL_v2:productId=7
COG,2022,coal_total,0.0,thousand_tonnes,EIA_INTL_v2:productId=7
COK,2022,coal_total,0.0,thousand_tonnes,EIA_INTL_v2:productId=7
COL,2022,coal_total,57725.52776289995,thousand_tonnes,EIA_INTL_v2:productId=7
COM,2022,coal_total,0.0,thousand_tonnes,EIA_INTL_v2:productId=7
CPV,2022,coal_total,0.0,thousand_tonnes,EIA_INTL_v2:productId=7
CRI,2022,coal_total,0.0,thousand_tonnes,EIA_INTL_v2:productId=7
CUB,2022,coal_total,0.0,thousand_tonnes,EIA_INTL_v2:productId=7
CYM,2022,coal_total,0.0,thousand_tonnes,EIA_INTL_v2:productId=7
CYP,2022,coal_total,0.0,thousand_tonnes,EIA_INTL_v2:productId=7
CZE,2022,coal_total,35071.256291437814,thousand_tonnes,EIA_INTL_v2:productId=7
DEU,2022,coal_total,130800.84444483227,thousand_tonnes,EIA_INTL_v2:productId=7
DJI,2022,coal_total,0.0,thousand_tonnes,EIA_INTL_v2:productId=7
DMA,2022,coal_total,0.0,thousand_tonnes,EIA_INTL_v2:productId=7
DNK,2022,coal_total,0.0,thousand_tonnes,EIA_INTL_v2:productId=7
DOM,2022,coal_total,0.0,thousand_tonnes,EIA_INTL_v2:productId=7
DZA,2022,coal_total,0.0,thousand_tonnes,EIA_INTL_v2:productId=7
ECU,2022,coal_total,0.0,thousand_tonnes,EIA_INTL_v2:productId=7
EGY,2022,coal_total,0.0,thousand_tonnes,EIA_INTL_v2:productId=7
ERI,2022,coal_total,0.0,thousand_tonnes,EIA_INTL_v2:productId=7
ESH,2022,coal_total,0.0,thousand_tonnes,EIA_INTL_v2:productId=7
ESP,2022,coal_total,0.0,thousand_tonnes,EIA_INTL_v2:productId=7
EST,2022,coal_total,0.0,thousand_tonnes,EIA_INTL_v2:productId=7
ETH,2022,coal_total,7.9999904859952,thousand_tonnes,EIA_INTL_v2:productId=7
FIN,2022,coal_total,0.0,thousand_tonnes,EIA_INTL_v2:productId=7
FJI,2022,coal_total,0.0,thousand_tonnes,EIA_INTL_v2:productId=7
FLK,2022,coal_total,0.0,thousand_tonnes,EIA_INTL_v2:productId=7
FRA,2022,coal_total,0.0,thousand_tonnes,EIA_INTL_v2:productId=7
FRO,2022,coal_total,0.0,thousand_tonnes,EIA_INTL_v2:productId=7
FSM,2022,coal_total,0.0,thousand_tonnes,EIA_INTL_v2:productId=7
GAB,2022,coal_total,0.0,thousand_tonnes,EIA_INTL_v2:productId=7
GBR,2022,coal_total,650.9392258692144,thousand_tonnes,EIA_INTL_v2:productId=7
GEO,2022,coal_total,256.1069454242993,thousand_tonnes,EIA_INTL_v2:productId=7
GHA,2022,coal_total,0.0,thousand_tonnes,EIA_INTL_v2:productId=7
GIB,2022,coal_total,0.0,thousand_tonnes,EIA_INTL_v2:productId=7
GIN,2022,coal_total,0.0,thousand_tonnes,EIA_INTL_v2:productId=7
GMB,2022,coal_total,0.0,thousand_tonnes,EIA_INTL_v2:productId=7
GNB,2022,coal_total,0.0,thousand_tonnes,EIA_INTL_v2:productId=7
GNQ,2022,coal_total,0.0,thousand_tonnes,EIA_INTL_v2:productId=7
GRC,2022,coal_total,13703.109703549182,thousand_tonnes,EIA_INTL_v2:productId=7
GRD,2022,coal_total,0.0,thousand_tonnes,EIA_INTL_v2:productId=7
GRL,2022,coal_total,0.0,thousand_tonnes,EIA_INTL_v2:productId=7
GTM,2022,coal_total,0.0,thousand_tonnes,EIA_INTL_v2:productId=7
GUM,2022,coal_total,0.0,thousand_tonnes,EIA_INTL_v2:productId=7
GUY,2022,coal_total,0.0,thousand_tonnes,EIA_INTL_v2:productId=7
HKG,2022,coal_total,0.0,thousand_tonnes,EIA_INTL_v2:productId=7
HND,2022,coal_total,0.0,thousand_tonnes,EIA_INTL_v2:productId=7
HRV,2022,coal_total,0.0,thousand_tonnes,EIA_INTL_v2:productId=7
HTI,2022,coal_total,0.0,thousand_tonnes,EIA_INTL_v2:productId=7
HUN,2022,coal_total,4927.994139373043,thousand_tonnes,EIA_INTL_v2:productId=7
IDN,2022,coal_total,693431.5593351213,thousand_tonnes,EIA_INTL_v2:productId=7
IND,2022,coal_total,863208.9734269923,thousand_tonnes,EIA_INTL_v2:productId=7
IRL,2022,coal_total,0.0,thousand_tonnes,EIA_INTL_v2:productId=7
IRN,2022,coal_total,1645.9980424935125,thousand_tonnes,EIA_INTL_v2:productId=7
IRQ,2022,coal_total,0.0,thousand_tonnes,EIA_INTL_v2:productId=7
ISL,2022,coal_total,0.0,thousand_tonnes,EIA_INTL_v2:productId=7
ISR,2022,coal_total,0.0,thousand_tonnes,EIA_INTL_v2:productId=7
ITA,2022,coal_total,0.0,thousand_tonnes,EIA_INTL_v2:productId=7
JAM,2022,coal_total,0.0,thousand_tonnes,EIA_INTL_v2:productId=7
JOR,2022,coal_total,0.0,thousand_tonnes,EIA_INTL_v2:productId=7
JPN,2022,coal_total,680.873190270187,thousand_tonnes,EIA_INTL_v2:productId=7
KAZ,2022,coal_total,114938.62656164674,thousand_tonnes,EIA_INTL_v2:productId=7
KEN,2022,coal_total,0.0,thousand_tonnes,EIA_INTL_v2:productId=7
KGZ,2022,coal_total,3636.5976751688895,thousand_tonnes,EIA_INTL_v2:productId=7
KHM,2022,coal_total,112.9998656146822,thousand_tonnes,EIA_INTL_v2:productId=7
KIR,2022,coal_total,0.0,thousand_tonnes,EIA_INTL_v2:productId=7
KNA,2022,coal_total,0.0,thousand_tonnes,EIA_INTL_v2:productId=7
KOR,2022,coal_total,819.999024814508,thousand_tonnes,EIA_INTL_v2:productId=7
KWT,2022,coal_total,0.0,thousand_tonnes,EIA_INTL_v2:productId=7
LAO,2022,coal_total,14844.982345574843,thousand_tonnes,EIA_INTL_v2:productId=7
LBN,2022,coal_total,0.0,thousand_tonnes,EIA_INTL_v2:productId=7
LBR,2022,coal_total,0.0,thousand_tonnes,EIA_INTL_v2:productId=7
LBY,2022,coal_total,0.0,thousand_tonnes,EIA_INTL_v2:productId=7
LCA,2022,coal_total,0.0,thousand_tonnes,EIA_INTL_v2:productId=7
LKA,2022,coal_total,0.0,thousand_tonnes,EIA_INTL_v2:productId=7
LSO,2022,coal_total,0.0,thousand_tonnes,EIA_INTL_v2:productId=7
LTU,2022,coal_total,0.0,thousand_tonnes,EIA_INTL_v2:productId=7
LUX,2022,coal_total,0.0,thousand_tonnes,EIA_INTL_v2:productId=7
LVA,2022,coal_total,0.0,thousand_tonnes,EIA_INTL_v2:productId=7
MAC,2022,coal_total,0.0,thousand_tonnes,EIA_INTL_v2:productId=7
MAR,2022,coal_total,0.0,thousand_tonnes,EIA_INTL_v2:productId=7
MDA,2022,coal_total,0.0,thousand_tonnes,EIA_INTL_v2:productId=7
MDG,2022,coal_total,0.0,thousand_tonnes,EIA_INTL_v2:productId=7
MDV,2022,coal_total,0.0,thousand_tonnes,EIA_INTL_v2:productId=7
MEX,2022,coal_total,5888.992996503217,thousand_tonnes,EIA_INTL_v2:productId=7
MKD,2022,coal_total,5075.02696451396,thousand_tonnes,EIA_INTL_v2:productId=7
MLI,2022,coal_total,0.0,thousand_tonnes,EIA_INTL_v2:productId=7
MLT,2022,coal_total,0.0,thousand_tonnes,EIA_INTL_v2:productId=7
MMR,2022,coal_total,1267.9984920302393,thousand_tonnes,EIA_INTL_v2:productId=7
MNE,2022,coal_total,1734.4979372448342,thousand_tonnes,EIA_INTL_v2:productId=7
MNG,2022,coal_total,29710.098639352884,thousand_tonnes,EIA_INTL_v2:productId=7
MNP,2022,coal_total,0.0,thousand_tonnes,EIA_INTL_v2:productId=7
MOZ,2022,coal_total,9014.555322266315,thousand_tonnes,EIA_INTL_v2:productId=7
MRT,2022,coal_total,0.0,thousand_tonnes,EIA_INTL_v2:productId=7
MSR,2022,coal_total,0.0,thousand_tonnes,EIA_INTL_v2:productId=7
MUS,2022,coal_total,0.0,thousand_tonnes,EIA_INTL_v2:productId=7
MWI,2022,coal_total,49.562491592474935,thousand_tonnes,EIA_INTL_v2:productId=7
MYS,2022,coal_total,3730.9955629060114,thousand_tonnes,EIA_INTL_v2:productId=7
NAM,2022,coal_total,0.0,thousand_tonnes,EIA_INTL_v2:productId=7
NCL,2022,coal_total,0.0,thousand_tonnes,EIA_INTL_v2:productId=7
NER,2022,coal_total,456.74945680978846,thousand_tonnes,EIA_INTL_v2:productId=7
NGA,2022,coal_total,3042.9963811104244,thousand_tonnes,EIA_INTL_v2:productId=7
NIC,2022,coal_total,0.0,thousand_tonnes,EIA_INTL_v2:productId=7
NIU,2022,coal_total,0.0,thousand_tonnes,EIA_INTL_v2:productId=7
NLD,2022,coal_total,0.0,thousand_tonnes,EIA_INTL_v2:productId=7
NOR,2022,coal_total,116.9998608576798,thousand_tonnes,EIA_INTL_v2:productId=7
NPL,2022,coal_total,14.999982161241,thousand_tonnes,EIA_INTL_v2:productId=7
NRU,2022,coal_total,0.0,thousand_tonnes,EIA_INTL_v2:productId=7
NZL,2022,coal_total,2637.472933379985,thousand_tonnes,EIA_INTL_v2:productId=7
OMN,2022,coal_total,0.0,thousand_tonnes,EIA_INTL_v2:productId=7
PAK,2022,coal_total,12711.854171830775,thousand_tonnes,EIA_INTL_v2:productId=7
PAN,2022,coal_total,0.0,thousand_tonnes,EIA_INTL_v2:productId=7
PER,2022,coal_total,152.9998180446582,thousand_tonnes,EIA_INTL_v2:productId=7
PHL,2022,coal_total,14482.98277608356,thousand_tonnes,EIA_INTL_v2:productId=7
PNG,2022,coal_total,0.0,thousand_tonnes,EIA_INTL_v2:productId=7
POL,2022,coal_total,108199.03579797449,thousand_tonnes,EIA_INTL_v2:productId=7
PRI,2022,coal_total,0.0,thousand_tonnes,EIA_INTL_v2:productId=7
PRK,2022,coal_total,21650.97425153526,thousand_tonnes,EIA_INTL_v2:productId=7
PRT,2022,coal_total,0.0,thousand_tonnes,EIA_INTL_v2:productId=7
PRY,2022,coal_total,0.0,thousand_tonnes,EIA_INTL_v2:productId=7
PSE,2022,coal_total,0.0,thousand_tonnes,EIA_INTL_v2:productId=7
PYF,2022,coal_total,0.0,thousand_tonnes,EIA_INTL_v2:productId=7
QAT,2022,coal_total,0.0,thousand_tonnes,EIA_INTL_v2:productId=7
ROU,2022,coal_total,18159.978403209105,thousand_tonnes,EIA_INTL_v2:productId=7
RUS,2022,coal_total,461340.90002612426,thousand_tonnes,EIA_INTL_v2:productId=7
RWA,2022,coal_total,0.0,thousand_tonnes,EIA_INTL_v2:productId=7
SAU,2022,coal_total,0.0,thousand_tonnes,EIA_INTL_v2:productId=7
SDN,2022,coal_total,0.0,thousand_tonnes,EIA_INTL_v2:productId=7
SEN,2022,coal_total,0.0,thousand_tonnes,EIA_INTL_v2:productId=7
SGP,2022,coal_total,0.0,thousand_tonnes,EIA_INTL_v2:productId=7
SHN,2022,coal_total,0.0,thousand_tonnes,EIA_INTL_v2:productId=7
SLB,2022,coal_total,0.0,thousand_tonnes,EIA_INTL_v2:productId=7
SLE,2022,coal_total,0.0,thousand_tonnes,EIA_INTL_v2:productId=7
SLV,2022,coal_total,0.0,thousand_tonnes,EIA_INTL_v2:productId=7
SOM,2022,coal_total,0.0,thousand_tonnes,EIA_INTL_v2:productId=7
SPM,2022,coal_total,0.0,thousand_tonnes,EIA_INTL_v2:productId=7
SRB,2022,coal_total,35129.32922237446,thousand_tonnes,EIA_INTL_v2:productId=7
SSD,2022,coal_total,0.0,thousand_tonnes,EIA_INTL_v2:productId=7
STP,2022,coal_total,0.0,thousand_tonnes,EIA_INTL_v2:productId=7
SUR,2022,coal_total,0.0,thousand_tonnes,EIA_INTL_v2:productId=7
SVK,2022,coal_total,869.998965351978,thousand_tonnes,EIA_INTL_v2:productId=7
SVN,2022,coal_total,2357.9711957780055,thousand_tonnes,EIA_INTL_v2:productId=7
SWE,2022,coal_total,0.0,thousand_tonnes,EIA_INTL_v2:productId=7
SWZ,2022,coal_total,218.74973985143126,thousand_tonnes,EIA_INTL_v2:productId=7
SYC,2022,coal_total,0.0,thousand_tonnes,EIA_INTL_v2:productId=7
SYR,2022,coal_total,0.0,thousand_tonnes,EIA_INTL_v2:productId=7
TCA,2022,coal_total,0.0,thousand_tonnes,EIA_INTL_v2:productId=7
TCD,2022,coal_total,0.0,thousand_tonnes,EIA_INTL_v2:productId=7
TGO,2022,coal_total,0.0,thousand_tonnes,EIA_INTL_v2:productId=7
THA,2022,coal_total,13641.983776243314,thousand_tonnes,EIA_INTL_v2:productId=7
TJK,2022,coal_total,2174.997413379945,thousand_tonnes,EIA_INTL_v2:productId=7
TKM,2022,coal_total,0.0,thousand_tonnes,EIA_INTL_v2:productId=7
TLS,2022,coal_total,0.0,thousand_tonnes,EIA_INTL_v2:productId=7
TON,2022,coal_total,0.0,thousand_tonnes,EIA_INTL_v2:productId=7
TTO,2022,coal_total,0.0,thousand_tonnes,EIA_INTL_v2:productId=7
TUN,2022,coal_total,0.0,thousand_tonnes,EIA_INTL_v2:productId=7
TUR,2022,coal_total,83956.29996221722,thousand_tonnes,EIA_INTL_v2:productId=7
TUV,2022,coal_total,0.0,thousand_tonnes,EIA_INTL_v2:productId=7
TWN,2022,coal_total,0.0,thousand_tonnes,EIA_INTL_v2:productId=7
TZA,2022,coal_total,2510.9970137917435,thousand_tonnes,EIA_INTL_v2:productId=7
UGA,2022,coal_total,0.0,thousand_tonnes,EIA_INTL_v2:productId=7
UKR,2022,coal_total,18308.979782739778,thousand_tonnes,EIA_INTL_v2:productId=7
URY,2022,coal_total,0.0,thousand_tonnes,EIA_INTL_v2:productId=7
USA,2022,coal_total,539008.6050207966,thousand_tonnes,EIA_INTL_v2:productId=7
UZB,2022,coal_total,5356.193630135927,thousand_tonnes,EIA_INTL_v2:productId=7
VCT,2022,coal_total,0.0,thousand_tonnes,EIA_INTL_v2:productId=7
VEN,2022,coal_total,196.9997657176318,thousand_tonnes,EIA_INTL_v2:productId=7
VGB,2022,coal_total,0.0,thousand_tonnes,EIA_INTL_v2:productId=7
VIR,2022,coal_total,0.0,thousand_tonnes,EIA_INTL_v2:productId=7
VNM,2022,coal_total,43613.82333217275,thousand_tonnes,EIA_INTL_v2:productId=7
VUT,2022,coal_total,0.0,thousand_tonnes,EIA_INTL_v2:productId=7
WAK,2022,coal_total,0.0,thousand_tonnes,EIA_INTL_v2:productId=7
WSM,2022,coal_total,0.0,thousand_tonnes,EIA_INTL_v2:productId=7
XKS,2022,coal_total,9074.175208518855,thousand_tonnes,EIA_INTL_v2:productId=7
YEM,2022,coal_total,0.0,thousand_tonnes,EIA_INTL_v2:productId=7
ZAF,2022,coal_total,244297.38184930396,thousand_tonnes,EIA_INTL_v2:productId=7
ZMB,2022,coal_total,830.5209685476324,thousand_tonnes,EIA_INTL_v2:productId=7
ZWE,2022,coal_total,3478.1521678970057,thousand_tonnes,EIA_INTL_v2:productId=7
ABW,2023,coal_total,0.0,thousand_tonnes,EIA_INTL_v2:productId=7
AFG,2023,coal_total,766.6438031818686,thousand_tonnes,EIA_INTL_v2:productId=7
AGO,2023,coal_total,0.0,thousand_tonnes,EIA_INTL_v2:productId=7
ALB,2023,coal_total,472.86843764025804,thousand_tonnes,EIA_INTL_v2:productId=7
ARE,2023,coal_total,0.0,thousand_tonnes,EIA_INTL_v2:productId=7
ARG,2023,coal_total,20.575236744201426,thousand_tonnes,EIA_INTL_v2:productId=7
ARM,2023,coal_total,0.059999928644964,thousand_tonnes,EIA_INTL_v2:productId=7
ASM,2023,coal_total,0.0,thousand_tonnes,EIA_INTL_v2:productId=7
ATA,2023,coal_total,0.0,thousand_tonnes,EIA_INTL_v2:productId=7
ATG,2023,coal_total,0.0,thousand_tonnes,EIA_INTL_v2:productId=7
AUS,2023,coal_total,442934.51570342935,thousand_tonnes,EIA_INTL_v2:productId=7
AUT,2023,coal_total,0.0,thousand_tonnes,EIA_INTL_v2:productId=7
AZE,2023,coal_total,0.0,thousand_tonnes,EIA_INTL_v2:productId=7
BDI,2023,coal_total,0.0,thousand_tonnes,EIA_INTL_v2:productId=7
BEL,2023,coal_total,0.0,thousand_tonnes,EIA_INTL_v2:productId=7
BEN,2023,coal_total,0.0,thousand_tonnes,EIA_INTL_v2:productId=7
BFA,2023,coal_total,0.0,thousand_tonnes,EIA_INTL_v2:productId=7
BGD,2023,coal_total,767.3060874796898,thousand_tonnes,EIA_INTL_v2:productId=7
BGR,2023,coal_total,20970.29706103198,thousand_tonnes,EIA_INTL_v2:productId=7
BHR,2023,coal_total,0.0,thousand_tonnes,EIA_INTL_v2:productId=7
BHS,2023,coal_total,0.0,thousand_tonnes,EIA_INTL_v2:productId=7
BIH,2023,coal_total,11692.69449143955,thousand_tonnes,EIA_INTL_v2:productId=7
BLR,2023,coal_total,0.0,thousand_tonnes,EIA_INTL_v2:productId=7
BLZ,2023,coal_total,0.0,thousand_tonnes,EIA_INTL_v2:productId=7
BMU,2023,coal_total,0.0,thousand_tonnes,EIA_INTL_v2:productId=7
BOL,2023,coal_total,0.0,thousand_tonnes,EIA_INTL_v2:productId=7
BRA,2023,coal_total,6573.712086481878,thousand_tonnes,EIA_INTL_v2:productId=7
BRB,2023,coal_total,0.0,thousand_tonnes,EIA_INTL_v2:productId=7
BRN,2023,coal_total,0.0,thousand_tonnes,EIA_INTL_v2:productId=7
BTN,2023,coal_total,3.5618579437206734,thousand_tonnes,EIA_INTL_v2:productId=7
BWA,2023,coal_total,2242.25711051021,thousand_tonnes,EIA_INTL_v2:productId=7
CAF,2023,coal_total,0.0,thousand_tonnes,EIA_INTL_v2:productId=7
CAN,2023,coal_total,48633.65978151357,thousand_tonnes,EIA_INTL_v2:productId=7
CHE,2023,coal_total,0.0,thousand_tonnes,EIA_INTL_v2:productId=7
CHL,2023,coal_total,121.56985542280455,thousand_tonnes,EIA_INTL_v2:productId=7
CHN,2023,coal_total,4362064.93740546,thousand_tonnes,EIA_INTL_v2:productId=7
CIV,2023,coal_total,0.0,thousand_tonnes,EIA_INTL_v2:productId=7
CMR,2023,coal_total,0.0,thousand_tonnes,EIA_INTL_v2:productId=7
COD,2023,coal_total,0.0,thousand_tonnes,EIA_INTL_v2:productId=7
COG,2023,coal_total,0.0,thousand_tonnes,EIA_INTL_v2:productId=7
COK,2023,coal_total,0.0,thousand_tonnes,EIA_INTL_v2:productId=7
COL,2023,coal_total,49422.99692361119,thousand_tonnes,EIA_INTL_v2:productId=7
COM,2023,coal_total,0.0,thousand_tonnes,EIA_INTL_v2:productId=7
CPV,2023,coal_total,0.0,thousand_tonnes,EIA_INTL_v2:productId=7
CRI,2023,coal_total,0.0,thousand_tonnes,EIA_INTL_v2:productId=7
CUB,2023,coal_total,0.0,thousand_tonnes,EIA_INTL_v2:productId=7
CYM,2023,coal_total,0.0,thousand_tonnes,EIA_INTL_v2:productId=7
CYP,2023,coal_total,0.0,thousand_tonnes,EIA_INTL_v2:productId=7
CZE,2023,coal_total,30032.45528384206,thousand_tonnes,EIA_INTL_v2:productId=7
DEU,2023,coal_total,102254.3673937876,thousand_tonnes,EIA_INTL_v2:productId=7
DJI,2023,coal_total,0.0,thousand_tonnes,EIA_INTL_v2:productId=7
DMA,2023,coal_total,0.0,thousand_tonnes,EIA_INTL_v2:productId=7
DNK,2023,coal_total,0.0,thousand_tonnes,EIA_INTL_v2:productId=7
DOM,2023,coal_total,0.0,thousand_tonnes,EIA_INTL_v2:productId=7
DZA,2023,coal_total,0.0,thousand_tonnes,EIA_INTL_v2:productId=7
ECU,2023,coal_total,0.0,thousand_tonnes,EIA_INTL_v2:productId=7
EGY,2023,coal_total,0.0,thousand_tonnes,EIA_INTL_v2:productId=7
ERI,2023,coal_total,0.0,thousand_tonnes,EIA_INTL_v2:productId=7
ESH,2023,coal_total,0.0,thousand_tonnes,EIA_INTL_v2:productId=7
ESP,2023,coal_total,0.0,thousand_tonnes,EIA_INTL_v2:productId=7
EST,2023,coal_total,0.0,thousand_tonnes,EIA_INTL_v2:productId=7
ETH,2023,coal_total,455.65845810726086,thousand_tonnes,EIA_INTL_v2:productId=7
FIN,2023,coal_total,0.0,thousand_tonnes,EIA_INTL_v2:productId=7
FJI,2023,coal_total,0.0,thousand_tonnes,EIA_INTL_v2:productId=7
FLK,2023,coal_total,0.0,thousand_tonnes,EIA_INTL_v2:productId=7
FRA,2023,coal_total,0.0,thousand_tonnes,EIA_INTL_v2:productId=7
FRO,2023,coal_total,0.0,thousand_tonnes,EIA_INTL_v2:productId=7
FSM,2023,coal_total,0.0,thousand_tonnes,EIA_INTL_v2:productId=7
GAB,2023,coal_total,0.0,thousand_tonnes,EIA_INTL_v2:productId=7
GBR,2023,coal_total,552.924342433612,thousand_tonnes,EIA_INTL_v2:productId=7
GEO,2023,coal_total,147.89982410983626,thousand_tonnes,EIA_INTL_v2:productId=7
GHA,2023,coal_total,0.0,thousand_tonnes,EIA_INTL_v2:productId=7
GIB,2023,coal_total,0.0,thousand_tonnes,EIA_INTL_v2:productId=7
GIN,2023,coal_total,0.0,thousand_tonnes,EIA_INTL_v2:productId=7
GMB,2023,coal_total,0.0,thousand_tonnes,EIA_INTL_v2:productId=7
GNB,2023,coal_total,0.0,thousand_tonnes,EIA_INTL_v2:productId=7
GNQ,2023,coal_total,0.0,thousand_tonnes,EIA_INTL_v2:productId=7
GRC,2023,coal_total,10468.587550211168,thousand_tonnes,EIA_INTL_v2:productId=7
GRD,2023,coal_total,0.0,thousand_tonnes,EIA_INTL_v2:productId=7
GRL,2023,coal_total,0.0,thousand_tonnes,EIA_INTL_v2:productId=7
GTM,2023,coal_total,0.0,thousand_tonnes,EIA_INTL_v2:productId=7
GUM,2023,coal_total,0.0,thousand_tonnes,EIA_INTL_v2:productId=7
GUY,2023,coal_total,0.0,thousand_tonnes,EIA_INTL_v2:productId=7
HKG,2023,coal_total,0.0,thousand_tonnes,EIA_INTL_v2:productId=7
HND,2023,coal_total,0.0,thousand_tonnes,EIA_INTL_v2:productId=7
HRV,2023,coal_total,0.0,thousand_tonnes,EIA_INTL_v2:productId=7
HTI,2023,coal_total,0.0,thousand_tonnes,EIA_INTL_v2:productId=7
HUN,2023,coal_total,4071.9951573715566,thousand_tonnes,EIA_INTL_v2:productId=7
IDN,2023,coal_total,781258.9258862487,thousand_tonnes,EIA_INTL_v2:productId=7
IND,2023,coal_total,968828.8478183363,thousand_tonnes,EIA_INTL_v2:productId=7
IRL,2023,coal_total,0.0,thousand_tonnes,EIA_INTL_v2:productId=7
IRN,2023,coal_total,1819.886835695915,thousand_tonnes,EIA_INTL_v2:productId=7
IRQ,2023,coal_total,0.0,thousand_tonnes,EIA_INTL_v2:productId=7
ISL,2023,coal_total,0.0,thousand_tonnes,EIA_INTL_v2:productId=7
ISR,2023,coal_total,0.0,thousand_tonnes,EIA_INTL_v2:productId=7
ITA,2023,coal_total,0.0,thousand_tonnes,EIA_INTL_v2:productId=7
JAM,2023,coal_total,0.0,thousand_tonnes,EIA_INTL_v2:productId=7
JOR,2023,coal_total,0.0,thousand_tonnes,EIA_INTL_v2:productId=7
JPN,2023,coal_total,607.8172771520788,thousand_tonnes,EIA_INTL_v2:productId=7
KAZ,2023,coal_total,117705.65676825952,thousand_tonnes,EIA_INTL_v2:productId=7
KEN,2023,coal_total,0.0,thousand_tonnes,EIA_INTL_v2:productId=7
KGZ,2023,coal_total,3684.8216178184684,thousand_tonnes,EIA_INTL_v2:productId=7
KHM,2023,coal_total,26.760968174464693,thousand_tonnes,EIA_INTL_v2:productId=7
KIR,2023,coal_total,0.0,thousand_tonnes,EIA_INTL_v2:productId=7
KNA,2023,coal_total,0.0,thousand_tonnes,EIA_INTL_v2:productId=7
KOR,2023,coal_total,646.9992305548618,thousand_tonnes,EIA_INTL_v2:productId=7
KWT,2023,coal_total,0.0,thousand_tonnes,EIA_INTL_v2:productId=7
LAO,2023,coal_total,16628.980223951774,thousand_tonnes,EIA_INTL_v2:productId=7
LBN,2023,coal_total,0.0,thousand_tonnes,EIA_INTL_v2:productId=7
LBR,2023,coal_total,0.0,thousand_tonnes,EIA_INTL_v2:productId=7
LBY,2023,coal_total,0.0,thousand_tonnes,EIA_INTL_v2:productId=7
LCA,2023,coal_total,0.0,thousand_tonnes,EIA_INTL_v2:productId=7
LKA,2023,coal_total,0.0,thousand_tonnes,EIA_INTL_v2:productId=7
LSO,2023,coal_total,56.72495623001807,thousand_tonnes,EIA_INTL_v2:productId=7
LTU,2023,coal_total,0.0,thousand_tonnes,EIA_INTL_v2:productId=7
LUX,2023,coal_total,0.0,thousand_tonnes,EIA_INTL_v2:productId=7
LVA,2023,coal_total,0.0,thousand_tonnes,EIA_INTL_v2:productId=7
MAC,2023,coal_total,0.0,thousand_tonnes,EIA_INTL_v2:productId=7
MAR,2023,coal_total,0.0,thousand_tonnes,EIA_INTL_v2:productId=7
MDA,2023,coal_total,0.0,thousand_tonnes,EIA_INTL_v2:productId=7
MDG,2023,coal_total,0.0,thousand_tonnes,EIA_INTL_v2:productId=7
MDV,2023,coal_total,0.0,thousand_tonnes,EIA_INTL_v2:productId=7
MEX,2023,coal_total,5708.993210568325,thousand_tonnes,EIA_INTL_v2:productId=7
MKD,2023,coal_total,3999.539243539898,thousand_tonnes,EIA_INTL_v2:productId=7
MLI,2023,coal_total,0.0,thousand_tonnes,EIA_INTL_v2:productId=7
MLT,2023,coal_total,0.0,thousand_tonnes,EIA_INTL_v2:productId=7
MMR,2023,coal_total,1030.9987738826314,thousand_tonnes,EIA_INTL_v2:productId=7
MNE,2023,coal_total,1862.1977853775327,thousand_tonnes,EIA_INTL_v2:productId=7
MNG,2023,coal_total,64737.424104088575,thousand_tonnes,EIA_INTL_v2:productId=7
MNP,2023,coal_total,0.0,thousand_tonnes,EIA_INTL_v2:productId=7
MOZ,2023,coal_total,10582.590273378019,thousand_tonnes,EIA_INTL_v2:productId=7
MRT,2023,coal_total,0.0,thousand_tonnes,EIA_INTL_v2:productId=7
MSR,2023,coal_total,0.0,thousand_tonnes,EIA_INTL_v2:productId=7
MUS,2023,coal_total,0.0,thousand_tonnes,EIA_INTL_v2:productId=7
MWI,2023,coal_total,2.5969599370170497,thousand_tonnes,EIA_INTL_v2:productId=7
MYS,2023,coal_total,3598.199720833734,thousand_tonnes,EIA_INTL_v2:productId=7
NAM,2023,coal_total,0.0,thousand_tonnes,EIA_INTL_v2:productId=7
NCL,2023,coal_total,0.0,thousand_tonnes,EIA_INTL_v2:productId=7
NER,2023,coal_total,426.9114876099005,thousand_tonnes,EIA_INTL_v2:productId=7
NGA,2023,coal_total,1322.0484277512442,thousand_tonnes,EIA_INTL_v2:productId=7
NIC,2023,coal_total,0.0,thousand_tonnes,EIA_INTL_v2:productId=7
NIU,2023,coal_total,0.0,thousand_tonnes,EIA_INTL_v2:productId=7
NLD,2023,coal_total,0.0,thousand_tonnes,EIA_INTL_v2:productId=7
NOR,2023,coal_total,119.74485759318691,thousand_tonnes,EIA_INTL_v2:productId=7
NPL,2023,coal_total,9.080989200415301,thousand_tonnes,EIA_INTL_v2:productId=7
NRU,2023,coal_total,0.0,thousand_tonnes,EIA_INTL_v2:productId=7
NZL,2023,coal_total,2600.0805878489236,thousand_tonnes,EIA_INTL_v2:productId=7
OMN,2023,coal_total,0.0,thousand_tonnes,EIA_INTL_v2:productId=7
PAK,2023,coal_total,13764.556475774889,thousand_tonnes,EIA_INTL_v2:productId=7
PAN,2023,coal_total,0.0,thousand_tonnes,EIA_INTL_v2:productId=7
PER,2023,coal_total,1382.0805987012156,thousand_tonnes,EIA_INTL_v2:productId=7
PHL,2023,coal_total,14457.239806698439,thousand_tonnes,EIA_INTL_v2:productId=7
PNG,2023,coal_total,0.0,thousand_tonnes,EIA_INTL_v2:productId=7
POL,2023,coal_total,88716.72971341231,thousand_tonnes,EIA_INTL_v2:productId=7
PRI,2023,coal_total,0.0,thousand_tonnes,EIA_INTL_v2:productId=7
PRK,2023,coal_total,21928.294921731092,thousand_tonnes,EIA_INTL_v2:productId=7
PRT,2023,coal_total,0.0,thousand_tonnes,EIA_INTL_v2:productId=7
PRY,2023,coal_total,0.0,thousand_tonnes,EIA_INTL_v2:productId=7
PSE,2023,coal_total,0.0,thousand_tonnes,EIA_INTL_v2:productId=7
PYF,2023,coal_total,0.0,thousand_tonnes,EIA_INTL_v2:productId=7
QAT,2023,coal_total,0.0,thousand_tonnes,EIA_INTL_v2:productId=7
ROU,2023,coal_total,14751.982456175148,thousand_tonnes,EIA_INTL_v2:productId=7
RUS,2023,coal_total,479918.4987095189,thousand_tonnes,EIA_INTL_v2:productId=7
RWA,2023,coal_total,0.0,thousand_tonnes,EIA_INTL_v2:productId=7
SAU,2023,coal_total,0.0,thousand_tonnes,EIA_INTL_v2:productId=7
SDN,2023,coal_total,0.0,thousand_tonnes,EIA_INTL_v2:productId=7
SEN,2023,coal_total,0.0,thousand_tonnes,EIA_INTL_v2:productId=7
SGP,2023,coal_total,0.0,thousand_tonnes,EIA_INTL_v2:productId=7
SHN,2023,coal_total,0.0,thousand_tonnes,EIA_INTL_v2:productId=7
SLB,2023,coal_total,0.0,thousand_tonnes,EIA_INTL_v2:productId=7
SLE,2023,coal_total,0.0,thousand_tonnes,EIA_INTL_v2:productId=7
SLV,2023,coal_total,0.0,thousand_tonnes,EIA_INTL_v2:productId=7
SOM,2023,coal_total,0.0,thousand_tonnes,EIA_INTL_v2:productId=7
SPM,2023,coal_total,0.0,thousand_tonnes,EIA_INTL_v2:productId=7
SRB,2023,coal_total,33219.09749412139,thousand_tonnes,EIA_INTL_v2:productId=7
SSD,2023,coal_total,0.0,thousand_tonnes,EIA_INTL_v2:productId=7
STP,2023,coal_total,0.0,thousand_tonnes,EIA_INTL_v2:productId=7
SUR,2023,coal_total,0.0,thousand_tonnes,EIA_INTL_v2:productId=7
SVK,2023,coal_total,764.999090223291,thousand_tonnes,EIA_INTL_v2:productId=7
SVN,2023,coal_total,2439.5360987767804,thousand_tonnes,EIA_INTL_v2:productId=7
SWE,2023,coal_total,0.0,thousand_tonnes,EIA_INTL_v2:productId=7
SWZ,2023,coal_total,253.17469891147934,thousand_tonnes,EIA_INTL_v2:productId=7
SYC,2023,coal_total,0.0,thousand_tonnes,EIA_INTL_v2:productId=7
SYR,2023,coal_total,0.0,thousand_tonnes,EIA_INTL_v2:productId=7
TCA,2023,coal_total,0.0,thousand_tonnes,EIA_INTL_v2:productId=7
TCD,2023,coal_total,0.0,thousand_tonnes,EIA_INTL_v2:productId=7
TGO,2023,coal_total,0.0,thousand_tonnes,EIA_INTL_v2:productId=7
THA,2023,coal_total,12811.984763321312,thousand_tonnes,EIA_INTL_v2:productId=7
TJK,2023,coal_total,2393.597153409764,thousand_tonnes,EIA_INTL_v2:productId=7
TKM,2023,coal_total,0.0,thousand_tonnes,EIA_INTL_v2:productId=7
TLS,2023,coal_total,0.0,thousand_tonnes,EIA_INTL_v2:productId=7
TON,2023,coal_total,0.0,thousand_tonnes,EIA_INTL_v2:productId=7
TTO,2023,coal_total,0.0,thousand_tonnes,EIA_INTL_v2:productId=7
TUN,2023,coal_total,0.0,thousand_tonnes,EIA_INTL_v2:productId=7
TUR,2023,coal_total,78532.1406054936,thousand_tonnes,EIA_INTL_v2:productId=7
TUV,2023,coal_total,0.0,thousand_tonnes,EIA_INTL_v2:productId=7
TWN,2023,coal_total,0.0,thousand_tonnes,EIA_INTL_v2:productId=7
TZA,2023,coal_total,2341.467215405398,thousand_tonnes,EIA_INTL_v2:productId=7
UGA,2023,coal_total,0.0,thousand_tonnes,EIA_INTL_v2:productId=7
UKR,2023,coal_total,19850.980449909377,thousand_tonnes,EIA_INTL_v2:productId=7
URY,2023,coal_total,0.0,thousand_tonnes,EIA_INTL_v2:productId=7
USA,2023,coal_total,524311.0646441006,thousand_tonnes,EIA_INTL_v2:productId=7
UZB,2023,coal_total,6379.168413561115,thousand_tonnes,EIA_INTL_v2:productId=7
VCT,2023,coal_total,0.0,thousand_tonnes,EIA_INTL_v2:productId=7
VEN,2023,coal_total,148.5848232951996,thousand_tonnes,EIA_INTL_v2:productId=7
VGB,2023,coal_total,0.0,thousand_tonnes,EIA_INTL_v2:productId=7
VIR,2023,coal_total,0.0,thousand_tonnes,EIA_INTL_v2:productId=7
VNM,2023,coal_total,47373.98766038975,thousand_tonnes,EIA_INTL_v2:productId=7
VUT,2023,coal_total,0.0,thousand_tonnes,EIA_INTL_v2:productId=7
WAK,2023,coal_total,0.0,thousand_tonnes,EIA_INTL_v2:productId=7
WSM,2023,coal_total,0.0,thousand_tonnes,EIA_INTL_v2:productId=7
XKS,2023,coal_total,6923.6507660343805,thousand_tonnes,EIA_INTL_v2:productId=7
YEM,2023,coal_total,0.0,thousand_tonnes,EIA_INTL_v2:productId=7
ZAF,2023,coal_total,237964.10078079655,thousand_tonnes,EIA_INTL_v2:productId=7
ZMB,2023,coal_total,2090.644357956907,thousand_tonnes,EIA_INTL_v2:productId=7
ZWE,2023,coal_total,3978.9282680515425,thousand_tonnes,EIA_INTL_v2:productId=7
ABW,2016,coal_anthracite,0.0,thousand_tonnes,EIA_INTL_v2:productId=11
AFG,2016,coal_anthracite,0.0,thousand_tonnes,EIA_INTL_v2:productId=11
AGO,2016,coal_anthracite,0.0,thousand_tonnes,EIA_INTL_v2:productId=11
ALB,2016,coal_anthracite,0.0,thousand_tonnes,EIA_INTL_v2:productId=11
ARE,2016,coal_anthracite,0.0,thousand_tonnes,EIA_INTL_v2:productId=11
ARG,2016,coal_anthracite,0.0,thousand_tonnes,EIA_INTL_v2:productId=11
ARM,2016,coal_anthracite,0.0,thousand_tonnes,EIA_INTL_v2:productId=11
ASM,2016,coal_anthracite,0.0,thousand_tonnes,EIA_INTL_v2:productId=11
ATA,2016,coal_anthracite,0.0,thousand_tonnes,EIA_INTL_v2:productId=11
ATG,2016,coal_anthracite,0.0,thousand_tonnes,EIA_INTL_v2:productId=11
AUS,2016,coal_anthracite,8773.838763467798,thousand_tonnes,EIA_INTL_v2:productId=11
AUT,2016,coal_anthracite,0.0,thousand_tonnes,EIA_INTL_v2:productId=11
AZE,2016,coal_anthracite,0.0,thousand_tonnes,EIA_INTL_v2:productId=11
BDI,2016,coal_anthracite,0.0,thousand_tonnes,EIA_INTL_v2:productId=11
BEL,2016,coal_anthracite,0.0,thousand_tonnes,EIA_INTL_v2:productId=11
BEN,2016,coal_anthracite,0.0,thousand_tonnes,EIA_INTL_v2:productId=11
BFA,2016,coal_anthracite,0.0,thousand_tonnes,EIA_INTL_v2:productId=11
BGD,2016,coal_anthracite,0.0,thousand_tonnes,EIA_INTL_v2:productId=11
BGR,2016,coal_anthracite,0.0,thousand_tonnes,EIA_INTL_v2:productId=11
BHR,2016,coal_anthracite,0.0,thousand_tonnes,EIA_INTL_v2:productId=11
BHS,2016,coal_anthracite,0.0,thousand_tonnes,EIA_INTL_v2:productId=11
BIH,2016,coal_anthracite,0.0,thousand_tonnes,EIA_INTL_v2:productId=11
BLR,2016,coal_anthracite,0.0,thousand_tonnes,EIA_INTL_v2:productId=11
BLZ,2016,coal_anthracite,0.0,thousand_tonnes,EIA_INTL_v2:productId=11
BMU,2016,coal_anthracite,0.0,thousand_tonnes,EIA_INTL_v2:productId=11
BOL,2016,coal_anthracite,0.0,thousand_tonnes,EIA_INTL_v2:productId=11
BRA,2016,coal_anthracite,0.0,thousand_tonnes,EIA_INTL_v2:productId=11
BRB,2016,coal_anthracite,0.0,thousand_tonnes,EIA_INTL_v2:productId=11
BRN,2016,coal_anthracite,0.0,thousand_tonnes,EIA_INTL_v2:productId=11
BTN,2016,coal_anthracite,0.0,thousand_tonnes,EIA_INTL_v2:productId=11
BWA,2016,coal_anthracite,0.0,thousand_tonnes,EIA_INTL_v2:productId=11
CAF,2016,coal_anthracite,0.0,thousand_tonnes,EIA_INTL_v2:productId=11
CAN,2016,coal_anthracite,0.0,thousand_tonnes,EIA_INTL_v2:productId=11
CHE,2016,coal_anthracite,0.0,thousand_tonnes,EIA_INTL_v2:productId=11
CHL,2016,coal_anthracite,0.0,thousand_tonnes,EIA_INTL_v2:productId=11
CHN,2016,coal_anthracite,398528.4555047477,thousand_tonnes,EIA_INTL_v2:productId=11
CIV,2016,coal_anthracite,0.0,thousand_tonnes,EIA_INTL_v2:productId=11
CMR,2016,coal_anthracite,0.0,thousand_tonnes,EIA_INTL_v2:productId=11
COD,2016,coal_anthracite,0.0,thousand_tonnes,EIA_INTL_v2:productId=11
COG,2016,coal_anthracite,0.0,thousand_tonnes,EIA_INTL_v2:productId=11
COK,2016,coal_anthracite,0.0,thousand_tonnes,EIA_INTL_v2:productId=11
COL,2016,coal_anthracite,0.457028699670312,thousand_tonnes,EIA_INTL_v2:productId=11
COM,2016,coal_anthracite,0.0,thousand_tonnes,EIA_INTL_v2:productId=11
CPV,2016,coal_anthracite,0.0,thousand_tonnes,EIA_INTL_v2:productId=11
CRI,2016,coal_anthracite,0.0,thousand_tonnes,EIA_INTL_v2:productId=11
CUB,2016,coal_anthracite,0.0,thousand_tonnes,EIA_INTL_v2:productId=11
CYM,2016,coal_anthracite,0.0,thousand_tonnes,EIA_INTL_v2:productId=11
CYP,2016,coal_anthracite,0.0,thousand_tonnes,EIA_INTL_v2:productId=11
CZE,2016,coal_anthracite,0.0,thousand_tonnes,EIA_INTL_v2:productId=11
DEU,2016,coal_anthracite,1352.9983909439381,thousand_tonnes,EIA_INTL_v2:productId=11
DJI,2016,coal_anthracite,0.0,thousand_tonnes,EIA_INTL_v2:productId=11
DMA,2016,coal_anthracite,0.0,thousand_tonnes,EIA_INTL_v2:productId=11
DNK,2016,coal_anthracite,0.0,thousand_tonnes,EIA_INTL_v2:productId=11
DOM,2016,coal_anthracite,0.0,thousand_tonnes,EIA_INTL_v2:productId=11
DZA,2016,coal_anthracite,0.0,thousand_tonnes,EIA_INTL_v2:productId=11
ECU,2016,coal_anthracite,0.0,thousand_tonnes,EIA_INTL_v2:productId=11
EGY,2016,coal_anthracite,0.0,thousand_tonnes,EIA_INTL_v2:productId=11
ERI,2016,coal_anthracite,0.0,thousand_tonnes,EIA_INTL_v2:productId=11
ESH,2016,coal_anthracite,0.0,thousand_tonnes,EIA_INTL_v2:productId=11
ESP,2016,coal_anthracite,383.9995433277695,thousand_tonnes,EIA_INTL_v2:productId=11
EST,2016,coal_anthracite,0.0,thousand_tonnes,EIA_INTL_v2:productId=11
ETH,2016,coal_anthracite,0.0,thousand_tonnes,EIA_INTL_v2:productId=11
FIN,2016,coal_anthracite,0.0,thousand_tonnes,EIA_INTL_v2:productId=11
FJI,2016,coal_anthracite,0.0,thousand_tonnes,EIA_INTL_v2:productId=11
FLK,2016,coal_anthracite,0.0,thousand_tonnes,EIA_INTL_v2:productId=11
FRA,2016,coal_anthracite,0.0,thousand_tonnes,EIA_INTL_v2:productId=11
FRO,2016,coal_anthracite,0.0,thousand_tonnes,EIA_INTL_v2:productId=11
FSM,2016,coal_anthracite,0.0,thousand_tonnes,EIA_INTL_v2:productId=11
GAB,2016,coal_anthracite,0.0,thousand_tonnes,EIA_INTL_v2:productId=11
GBR,2016,coal_anthracite,1036.1425342579514,thousand_tonnes,EIA_INTL_v2:productId=11
GEO,2016,coal_anthracite,0.0,thousand_tonnes,EIA_INTL_v2:productId=11
GHA,2016,coal_anthracite,0.0,thousand_tonnes,EIA_INTL_v2:productId=11
GIB,2016,coal_anthracite,0.0,thousand_tonnes,EIA_INTL_v2:productId=11
GIN,2016,coal_anthracite,0.0,thousand_tonnes,EIA_INTL_v2:productId=11
GMB,2016,coal_anthracite,0.0,thousand_tonnes,EIA_INTL_v2:productId=11
GNB,2016,coal_anthracite,0.0,thousand_tonnes,EIA_INTL_v2:productId=11
GNQ,2016,coal_anthracite,0.0,thousand_tonnes,EIA_INTL_v2:productId=11
GRC,2016,coal_anthracite,0.0,thousand_tonnes,EIA_INTL_v2:productId=11
GRD,2016,coal_anthracite,0.0,thousand_tonnes,EIA_INTL_v2:productId=11
GRL,2016,coal_anthracite,0.0,thousand_tonnes,EIA_INTL_v2:productId=11
GTM,2016,coal_anthracite,0.0,thousand_tonnes,EIA_INTL_v2:productId=11
GUM,2016,coal_anthracite,0.0,thousand_tonnes,EIA_INTL_v2:productId=11
GUY,2016,coal_anthracite,0.0,thousand_tonnes,EIA_INTL_v2:productId=11
HKG,2016,coal_anthracite,0.0,thousand_tonnes,EIA_INTL_v2:productId=11
HND,2016,coal_anthracite,0.0,thousand_tonnes,EIA_INTL_v2:productId=11
HRV,2016,coal_anthracite,0.0,thousand_tonnes,EIA_INTL_v2:productId=11
HTI,2016,coal_anthracite,0.0,thousand_tonnes,EIA_INTL_v2:productId=11
HUN,2016,coal_anthracite,0.0,thousand_tonnes,EIA_INTL_v2:productId=11
IDN,2016,coal_anthracite,0.0,thousand_tonnes,EIA_INTL_v2:productId=11
IND,2016,coal_anthracite,0.0,thousand_tonnes,EIA_INTL_v2:productId=11
IRL,2016,coal_anthracite,0.0,thousand_tonnes,EIA_INTL_v2:productId=11
IRN,2016,coal_anthracite,0.0,thousand_tonnes,EIA_INTL_v2:productId=11
IRQ,2016,coal_anthracite,0.0,thousand_tonnes,EIA_INTL_v2:productId=11
ISL,2016,coal_anthracite,0.0,thousand_tonnes,EIA_INTL_v2:productId=11
ISR,2016,coal_anthracite,0.0,thousand_tonnes,EIA_INTL_v2:productId=11
ITA,2016,coal_anthracite,0.0,thousand_tonnes,EIA_INTL_v2:productId=11
JAM,2016,coal_anthracite,0.0,thousand_tonnes,EIA_INTL_v2:productId=11
JOR,2016,coal_anthracite,0.0,thousand_tonnes,EIA_INTL_v2:productId=11
JPN,2016,coal_anthracite,0.0,thousand_tonnes,EIA_INTL_v2:productId=11
KAZ,2016,coal_anthracite,0.0,thousand_tonnes,EIA_INTL_v2:productId=11
KEN,2016,coal_anthracite,0.0,thousand_tonnes,EIA_INTL_v2:productId=11
KGZ,2016,coal_anthracite,0.0,thousand_tonnes,EIA_INTL_v2:productId=11
KHM,2016,coal_anthracite,0.0,thousand_tonnes,EIA_INTL_v2:productId=11
KIR,2016,coal_anthracite,0.0,thousand_tonnes,EIA_INTL_v2:productId=11
KNA,2016,coal_anthracite,0.0,thousand_tonnes,EIA_INTL_v2:productId=11
KOR,2016,coal_anthracite,1725.9979473534643,thousand_tonnes,EIA_INTL_v2:productId=11
KWT,2016,coal_anthracite,0.0,thousand_tonnes,EIA_INTL_v2:productId=11
LAO,2016,coal_anthracite,138.9998346941666,thousand_tonnes,EIA_INTL_v2:productId=11
LBN,2016,coal_anthracite,0.0,thousand_tonnes,EIA_INTL_v2:productId=11
LBR,2016,coal_anthracite,0.0,thousand_tonnes,EIA_INTL_v2:productId=11
LBY,2016,coal_anthracite,0.0,thousand_tonnes,EIA_INTL_v2:productId=11
LCA,2016,coal_anthracite,0.0,thousand_tonnes,EIA_INTL_v2:productId=11
LKA,2016,coal_anthracite,0.0,thousand_tonnes,EIA_INTL_v2:productId=11
LSO,2016,coal_anthracite,0.0,thousand_tonnes,EIA_INTL_v2:productId=11
LTU,2016,coal_anthracite,0.0,thousand_tonnes,EIA_INTL_v2:productId=11
LUX,2016,coal_anthracite,0.0,thousand_tonnes,EIA_INTL_v2:productId=11
LVA,2016,coal_anthracite,0.0,thousand_tonnes,EIA_INTL_v2:productId=11
MAC,2016,coal_anthracite,0.0,thousand_tonnes,EIA_INTL_v2:productId=11
MAR,2016,coal_anthracite,0.0,thousand_tonnes,EIA_INTL_v2:productId=11
MDA,2016,coal_anthracite,0.0,thousand_tonnes,EIA_INTL_v2:productId=11
MDG,2016,coal_anthracite,0.0,thousand_tonnes,EIA_INTL_v2:productId=11
MDV,2016,coal_anthracite,0.0,thousand_tonnes,EIA_INTL_v2:productId=11
MEX,2016,coal_anthracite,37.9999548084772,thousand_tonnes,EIA_INTL_v2:productId=11
MKD,2016,coal_anthracite,0.0,thousand_tonnes,EIA_INTL_v2:productId=11
MLI,2016,coal_anthracite,0.0,thousand_tonnes,EIA_INTL_v2:productId=11
MLT,2016,coal_anthracite,0.0,thousand_tonnes,EIA_INTL_v2:productId=11
MMR,2016,coal_anthracite,0.0,thousand_tonnes,EIA_INTL_v2:productId=11
MNE,2016,coal_anthracite,0.0,thousand_tonnes,EIA_INTL_v2:productId=11
MNG,2016,coal_anthracite,59.22232295844048,thousand_tonnes,EIA_INTL_v2:productId=11
MNP,2016,coal_anthracite,0.0,thousand_tonnes,EIA_INTL_v2:productId=11
MOZ,2016,coal_anthracite,3.26830216397201,thousand_tonnes,EIA_INTL_v2:productId=11
MRT,2016,coal_anthracite,0.0,thousand_tonnes,EIA_INTL_v2:productId=11
MSR,2016,coal_anthracite,0.0,thousand_tonnes,EIA_INTL_v2:productId=11
MUS,2016,coal_anthracite,0.0,thousand_tonnes,EIA_INTL_v2:productId=11
MWI,2016,coal_anthracite,0.0,thousand_tonnes,EIA_INTL_v2:productId=11
MYS,2016,coal_anthracite,0.0,thousand_tonnes,EIA_INTL_v2:productId=11
NAM,2016,coal_anthracite,0.0,thousand_tonnes,EIA_INTL_v2:productId=11
NCL,2016,coal_anthracite,0.0,thousand_tonnes,EIA_INTL_v2:productId=11
NER,2016,coal_anthracite,0.0,thousand_tonnes,EIA_INTL_v2:productId=11
NGA,2016,coal_anthracite,0.0,thousand_tonnes,EIA_INTL_v2:productId=11
NIC,2016,coal_anthracite,0.0,thousand_tonnes,EIA_INTL_v2:productId=11
NIU,2016,coal_anthracite,0.0,thousand_tonnes,EIA_INTL_v2:productId=11
NLD,2016,coal_anthracite,0.0,thousand_tonnes,EIA_INTL_v2:productId=11
NOR,2016,coal_anthracite,0.0,thousand_tonnes,EIA_INTL_v2:productId=11
NPL,2016,coal_anthracite,0.0,thousand_tonnes,EIA_INTL_v2:productId=11
NRU,2016,coal_anthracite,0.0,thousand_tonnes,EIA_INTL_v2:productId=11
NZL,2016,coal_anthracite,0.0,thousand_tonnes,EIA_INTL_v2:productId=11
OMN,2016,coal_anthracite,0.0,thousand_tonnes,EIA_INTL_v2:productId=11
PAK,2016,coal_anthracite,0.0,thousand_tonnes,EIA_INTL_v2:productId=11
PAN,2016,coal_anthracite,0.0,thousand_tonnes,EIA_INTL_v2:productId=11
PER,2016,coal_anthracite,268.9996800915886,thousand_tonnes,EIA_INTL_v2:productId=11
PHL,2016,coal_anthracite,0.0,thousand_tonnes,EIA_INTL_v2:productId=11
PNG,2016,coal_anthracite,0.0,thousand_tonnes,EIA_INTL_v2:productId=11
POL,2016,coal_anthracite,23.585015737752247,thousand_tonnes,EIA_INTL_v2:productId=11
PRI,2016,coal_anthracite,0.0,thousand_tonnes,EIA_INTL_v2:productId=11
PRK,2016,coal_anthracite,21739.974145691955,thousand_tonnes,EIA_INTL_v2:productId=11
PRT,2016,coal_anthracite,0.0,thousand_tonnes,EIA_INTL_v2:productId=11
PRY,2016,coal_anthracite,0.0,thousand_tonnes,EIA_INTL_v2:productId=11
PSE,2016,coal_anthracite,0.0,thousand_tonnes,EIA_INTL_v2:productId=11
PYF,2016,coal_anthracite,0.0,thousand_tonnes,EIA_INTL_v2:productId=11
QAT,2016,coal_anthracite,0.0,thousand_tonnes,EIA_INTL_v2:productId=11
ROU,2016,coal_anthracite,0.0,thousand_tonnes,EIA_INTL_v2:productId=11
RUS,2016,coal_anthracite,15573.262045715801,thousand_tonnes,EIA_INTL_v2:productId=11
RWA,2016,coal_anthracite,0.0,thousand_tonnes,EIA_INTL_v2:productId=11
SAU,2016,coal_anthracite,0.0,thousand_tonnes,EIA_INTL_v2:productId=11
SDN,2016,coal_anthracite,0.0,thousand_tonnes,EIA_INTL_v2:productId=11
SEN,2016,coal_anthracite,0.0,thousand_tonnes,EIA_INTL_v2:productId=11
SGP,2016,coal_anthracite,0.0,thousand_tonnes,EIA_INTL_v2:productId=11
SHN,2016,coal_anthracite,0.0,thousand_tonnes,EIA_INTL_v2:productId=11
SLB,2016,coal_anthracite,0.0,thousand_tonnes,EIA_INTL_v2:productId=11
SLE,2016,coal_anthracite,0.0,thousand_tonnes,EIA_INTL_v2:productId=11
SLV,2016,coal_anthracite,0.0,thousand_tonnes,EIA_INTL_v2:productId=11
SOM,2016,coal_anthracite,0.0,thousand_tonnes,EIA_INTL_v2:productId=11
SPM,2016,coal_anthracite,0.0,thousand_tonnes,EIA_INTL_v2:productId=11
SRB,2016,coal_anthracite,0.0,thousand_tonnes,EIA_INTL_v2:productId=11
SSD,2016,coal_anthracite,0.0,thousand_tonnes,EIA_INTL_v2:productId=11
STP,2016,coal_anthracite,0.0,thousand_tonnes,EIA_INTL_v2:productId=11
SUR,2016,coal_anthracite,0.0,thousand_tonnes,EIA_INTL_v2:productId=11
SVK,2016,coal_anthracite,0.0,thousand_tonnes,EIA_INTL_v2:productId=11
SVN,2016,coal_anthracite,0.0,thousand_tonnes,EIA_INTL_v2:productId=11
SWE,2016,coal_anthracite,0.0,thousand_tonnes,EIA_INTL_v2:productId=11
SWZ,2016,coal_anthracite,0.0,thousand_tonnes,EIA_INTL_v2:productId=11
SYC,2016,coal_anthracite,0.0,thousand_tonnes,EIA_INTL_v2:productId=11
SYR,2016,coal_anthracite,0.0,thousand_tonnes,EIA_INTL_v2:productId=11
TCA,2016,coal_anthracite,0.0,thousand_tonnes,EIA_INTL_v2:productId=11
TCD,2016,coal_anthracite,0.0,thousand_tonnes,EIA_INTL_v2:productId=11
TGO,2016,coal_anthracite,0.0,thousand_tonnes,EIA_INTL_v2:productId=11
THA,2016,coal_anthracite,0.0,thousand_tonnes,EIA_INTL_v2:productId=11
TJK,2016,coal_anthracite,0.0,thousand_tonnes,EIA_INTL_v2:productId=11
TKM,2016,coal_anthracite,0.0,thousand_tonnes,EIA_INTL_v2:productId=11
TLS,2016,coal_anthracite,0.0,thousand_tonnes,EIA_INTL_v2:productId=11
TON,2016,coal_anthracite,0.0,thousand_tonnes,EIA_INTL_v2:productId=11
TTO,2016,coal_anthracite,0.0,thousand_tonnes,EIA_INTL_v2:productId=11
TUN,2016,coal_anthracite,0.0,thousand_tonnes,EIA_INTL_v2:productId=11
TUR,2016,coal_anthracite,0.0,thousand_tonnes,EIA_INTL_v2:productId=11
TUV,2016,coal_anthracite,0.0,thousand_tonnes,EIA_INTL_v2:productId=11
TWN,2016,coal_anthracite,0.0,thousand_tonnes,EIA_INTL_v2:productId=11
TZA,2016,coal_anthracite,0.0,thousand_tonnes,EIA_INTL_v2:productId=11
UGA,2016,coal_anthracite,0.0,thousand_tonnes,EIA_INTL_v2:productId=11
UKR,2016,coal_anthracite,3077.996339486653,thousand_tonnes,EIA_INTL_v2:productId=11
URY,2016,coal_anthracite,0.0,thousand_tonnes,EIA_INTL_v2:productId=11
USA,2016,coal_anthracite,1510.1632211358,thousand_tonnes,EIA_INTL_v2:productId=11
UZB,2016,coal_anthracite,0.0,thousand_tonnes,EIA_INTL_v2:productId=11
VCT,2016,coal_anthracite,0.0,thousand_tonnes,EIA_INTL_v2:productId=11
VEN,2016,coal_anthracite,0.0,thousand_tonnes,EIA_INTL_v2:productId=11
VGB,2016,coal_anthracite,0.0,thousand_tonnes,EIA_INTL_v2:productId=11
VIR,2016,coal_anthracite,0.0,thousand_tonnes,EIA_INTL_v2:productId=11
VNM,2016,coal_anthracite,38526.954181742134,thousand_tonnes,EIA_INTL_v2:productId=11
VUT,2016,coal_anthracite,0.0,thousand_tonnes,EIA_INTL_v2:productId=11
WAK,2016,coal_anthracite,0.0,thousand_tonnes,EIA_INTL_v2:productId=11
WSM,2016,coal_anthracite,0.0,thousand_tonnes,EIA_INTL_v2:productId=11
XKS,2016,coal_anthracite,0.0,thousand_tonnes,EIA_INTL_v2:productId=11
YEM,2016,coal_anthracite,0.0,thousand_tonnes,EIA_INTL_v2:productId=11
ZAF,2016,coal_anthracite,3627.9956853988233,thousand_tonnes,EIA_INTL_v2:productId=11
ZMB,2016,coal_anthracite,0.0,thousand_tonnes,EIA_INTL_v2:productId=11
ZWE,2016,coal_anthracite,0.8120062914590174,thousand_tonnes,EIA_INTL_v2:productId=11
ABW,2017,coal_anthracite,0.0,thousand_tonnes,EIA_INTL_v2:productId=11
AFG,2017,coal_anthracite,0.0,thousand_tonnes,EIA_INTL_v2:productId=11
AGO,2017,coal_anthracite,0.0,thousand_tonnes,EIA_INTL_v2:productId=11
ALB,2017,coal_anthracite,0.0,thousand_tonnes,EIA_INTL_v2:productId=11
ARE,2017,coal_anthracite,0.0,thousand_tonnes,EIA_INTL_v2:productId=11
ARG,2017,coal_anthracite,0.0,thousand_tonnes,EIA_INTL_v2:productId=11
ARM,2017,coal_anthracite,0.0,thousand_tonnes,EIA_INTL_v2:productId=11
ASM,2017,coal_anthracite,0.0,thousand_tonnes,EIA_INTL_v2:productId=11
ATA,2017,coal_anthracite,0.0,thousand_tonnes,EIA_INTL_v2:productId=11
ATG,2017,coal_anthracite,0.0,thousand_tonnes,EIA_INTL_v2:productId=11
AUS,2017,coal_anthracite,6625.790627194417,thousand_tonnes,EIA_INTL_v2:productId=11
AUT,2017,coal_anthracite,0.0,thousand_tonnes,EIA_INTL_v2:productId=11
AZE,2017,coal_anthracite,0.0,thousand_tonnes,EIA_INTL_v2:productId=11
BDI,2017,coal_anthracite,0.0,thousand_tonnes,EIA_INTL_v2:productId=11
BEL,2017,coal_anthracite,0.0,thousand_tonnes,EIA_INTL_v2:productId=11
BEN,2017,coal_anthracite,0.0,thousand_tonnes,EIA_INTL_v2:productId=11
BFA,2017,coal_anthracite,0.0,thousand_tonnes,EIA_INTL_v2:productId=11
BGD,2017,coal_anthracite,0.0,thousand_tonnes,EIA_INTL_v2:productId=11
BGR,2017,coal_anthracite,0.0,thousand_tonnes,EIA_INTL_v2:productId=11
BHR,2017,coal_anthracite,0.0,thousand_tonnes,EIA_INTL_v2:productId=11
BHS,2017,coal_anthracite,0.0,thousand_tonnes,EIA_INTL_v2:productId=11
BIH,2017,coal_anthracite,0.0,thousand_tonnes,EIA_INTL_v2:productId=11
BLR,2017,coal_anthracite,0.0,thousand_tonnes,EIA_INTL_v2:productId=11
BLZ,2017,coal_anthracite,0.0,thousand_tonnes,EIA_INTL_v2:productId=11
BMU,2017,coal_anthracite,0.0,thousand_tonnes,EIA_INTL_v2:productId=11
BOL,2017,coal_anthracite,0.0,thousand_tonnes,EIA_INTL_v2:productId=11
BRA,2017,coal_anthracite,0.0,thousand_tonnes,EIA_INTL_v2:productId=11
BRB,2017,coal_anthracite,0.0,thousand_tonnes,EIA_INTL_v2:productId=11
BRN,2017,coal_anthracite,0.0,thousand_tonnes,EIA_INTL_v2:productId=11
BTN,2017,coal_anthracite,0.0,thousand_tonnes,EIA_INTL_v2:productId=11
BWA,2017,coal_anthracite,0.0,thousand_tonnes,EIA_INTL_v2:productId=11
CAF,2017,coal_anthracite,0.0,thousand_tonnes,EIA_INTL_v2:productId=11
CAN,2017,coal_anthracite,0.0,thousand_tonnes,EIA_INTL_v2:productId=11
CHE,2017,coal_anthracite,0.0,thousand_tonnes,EIA_INTL_v2:productId=11
CHL,2017,coal_anthracite,0.0,thousand_tonnes,EIA_INTL_v2:productId=11
CHN,2017,coal_anthracite,417433.2835318543,thousand_tonnes,EIA_INTL_v2:productId=11
CIV,2017,coal_anthracite,0.0,thousand_tonnes,EIA_INTL_v2:productId=11
CMR,2017,coal_anthracite,0.0,thousand_tonnes,EIA_INTL_v2:productId=11
COD,2017,coal_anthracite,0.0,thousand_tonnes,EIA_INTL_v2:productId=11
COG,2017,coal_anthracite,0.0,thousand_tonnes,EIA_INTL_v2:productId=11
COK,2017,coal_anthracite,0.0,thousand_tonnes,EIA_INTL_v2:productId=11
COL,2017,coal_anthracite,0.45721558051115835,thousand_tonnes,EIA_INTL_v2:productId=11
COM,2017,coal_anthracite,0.0,thousand_tonnes,EIA_INTL_v2:productId=11
CPV,2017,coal_anthracite,0.0,thousand_tonnes,EIA_INTL_v2:productId=11
CRI,2017,coal_anthracite,0.0,thousand_tonnes,EIA_INTL_v2:productId=11
CUB,2017,coal_anthracite,0.0,thousand_tonnes,EIA_INTL_v2:productId=11
CYM,2017,coal_anthracite,0.0,thousand_tonnes,EIA_INTL_v2:productId=11
CYP,2017,coal_anthracite,0.0,thousand_tonnes,EIA_INTL_v2:productId=11
CZE,2017,coal_anthracite,0.0,thousand_tonnes,EIA_INTL_v2:productId=11
DEU,2017,coal_anthracite,1023.9987822073856,thousand_tonnes,EIA_INTL_v2:productId=11
DJI,2017,coal_anthracite,0.0,thousand_tonnes,EIA_INTL_v2:productId=11
DMA,2017,coal_anthracite,0.0,thousand_tonnes,EIA_INTL_v2:productId=11
DNK,2017,coal_anthracite,0.0,thousand_tonnes,EIA_INTL_v2:productId=11
DOM,2017,coal_anthracite,0.0,thousand_tonnes,EIA_INTL_v2:productId=11
DZA,2017,coal_anthracite,0.0,thousand_tonnes,EIA_INTL_v2:productId=11
ECU,2017,coal_anthracite,0.0,thousand_tonnes,EIA_INTL_v2:productId=11
EGY,2017,coal_anthracite,0.0,thousand_tonnes,EIA_INTL_v2:productId=11
ERI,2017,coal_anthracite,0.0,thousand_tonnes,EIA_INTL_v2:productId=11
ESH,2017,coal_anthracite,0.0,thousand_tonnes,EIA_INTL_v2:productId=11
ESP,2017,coal_anthracite,369.999559977278,thousand_tonnes,EIA_INTL_v2:productId=11
EST,2017,coal_anthracite,0.0,thousand_tonnes,EIA_INTL_v2:productId=11
ETH,2017,coal_anthracite,0.0,thousand_tonnes,EIA_INTL_v2:productId=11
FIN,2017,coal_anthracite,0.0,thousand_tonnes,EIA_INTL_v2:productId=11
FJI,2017,coal_anthracite,0.0,thousand_tonnes,EIA_INTL_v2:productId=11
FLK,2017,coal_anthracite,0.0,thousand_tonnes,EIA_INTL_v2:productId=11
FRA,2017,coal_anthracite,0.0,thousand_tonnes,EIA_INTL_v2:productId=11
FRO,2017,coal_anthracite,0.0,thousand_tonnes,EIA_INTL_v2:productId=11
FSM,2017,coal_anthracite,0.0,thousand_tonnes,EIA_INTL_v2:productId=11
GAB,2017,coal_anthracite,0.0,thousand_tonnes,EIA_INTL_v2:productId=11
GBR,2017,coal_anthracite,445.41139690136816,thousand_tonnes,EIA_INTL_v2:productId=11
GEO,2017,coal_anthracite,0.0,thousand_tonnes,EIA_INTL_v2:productId=11
GHA,2017,coal_anthracite,0.0,thousand_tonnes,EIA_INTL_v2:productId=11
GIB,2017,coal_anthracite,0.0,thousand_tonnes,EIA_INTL_v2:productId=11
GIN,2017,coal_anthracite,0.0,thousand_tonnes,EIA_INTL_v2:productId=11
GMB,2017,coal_anthracite,0.0,thousand_tonnes,EIA_INTL_v2:productId=11
GNB,2017,coal_anthracite,0.0,thousand_tonnes,EIA_INTL_v2:productId=11
GNQ,2017,coal_anthracite,0.0,thousand_tonnes,EIA_INTL_v2:productId=11
GRC,2017,coal_anthracite,0.0,thousand_tonnes,EIA_INTL_v2:productId=11
GRD,2017,coal_anthracite,0.0,thousand_tonnes,EIA_INTL_v2:productId=11
GRL,2017,coal_anthracite,0.0,thousand_tonnes,EIA_INTL_v2:productId=11
GTM,2017,coal_anthracite,0.0,thousand_tonnes,EIA_INTL_v2:productId=11
GUM,2017,coal_anthracite,0.0,thousand_tonnes,EIA_INTL_v2:productId=11
GUY,2017,coal_anthracite,0.0,thousand_tonnes,EIA_INTL_v2:productId=11
HKG,2017,coal_anthracite,0.0,thousand_tonnes,EIA_INTL_v2:productId=11
HND,2017,coal_anthracite,0.0,thousand_tonnes,EIA_INTL_v2:productId=11
HRV,2017,coal_anthracite,0.0,thousand_tonnes,EIA_INTL_v2:productId=11
HTI,2017,coal_anthracite,0.0,thousand_tonnes,EIA_INTL_v2:productId=11
HUN,2017,coal_anthracite,0.0,thousand_tonnes,EIA_INTL_v2:productId=11
IDN,2017,coal_anthracite,0.0,thousand_tonnes,EIA_INTL_v2:productId=11
IND,2017,coal_anthracite,0.0,thousand_tonnes,EIA_INTL_v2:productId=11
IRL,2017,coal_anthracite,0.0,thousand_tonnes,EIA_INTL_v2:productId=11
IRN,2017,coal_anthracite,0.0,thousand_tonnes,EIA_INTL_v2:productId=11
IRQ,2017,coal_anthracite,0.0,thousand_tonnes,EIA_INTL_v2:productId=11
ISL,2017,coal_anthracite,0.0,thousand_tonnes,EIA_INTL_v2:productId=11
ISR,2017,coal_anthracite,0.0,thousand_tonnes,EIA_INTL_v2:productId=11
ITA,2017,coal_anthracite,0.0,thousand_tonnes,EIA_INTL_v2:productId=11
JAM,2017,coal_anthracite,0.0,thousand_tonnes,EIA_INTL_v2:productId=11
JOR,2017,coal_anthracite,0.0,thousand_tonnes,EIA_INTL_v2:productId=11
JPN,2017,coal_anthracite,0.0,thousand_tonnes,EIA_INTL_v2:productId=11
KAZ,2017,coal_anthracite,0.0,thousand_tonnes,EIA_INTL_v2:productId=11
KEN,2017,coal_anthracite,0.0,thousand_tonnes,EIA_INTL_v2:productId=11
KGZ,2017,coal_anthracite,0.0,thousand_tonnes,EIA_INTL_v2:productId=11
KHM,2017,coal_anthracite,0.0,thousand_tonnes,EIA_INTL_v2:productId=11
KIR,2017,coal_anthracite,0.0,thousand_tonnes,EIA_INTL_v2:productId=11
KNA,2017,coal_anthracite,0.0,thousand_tonnes,EIA_INTL_v2:productId=11
KOR,2017,coal_anthracite,1485.9982327736084,thousand_tonnes,EIA_INTL_v2:productId=11
KWT,2017,coal_anthracite,0.0,thousand_tonnes,EIA_INTL_v2:productId=11
LAO,2017,coal_anthracite,133.29984147289503,thousand_tonnes,EIA_INTL_v2:productId=11
LBN,2017,coal_anthracite,0.0,thousand_tonnes,EIA_INTL_v2:productId=11
LBR,2017,coal_anthracite,0.0,thousand_tonnes,EIA_INTL_v2:productId=11
LBY,2017,coal_anthracite,0.0,thousand_tonnes,EIA_INTL_v2:productId=11
LCA,2017,coal_anthracite,0.0,thousand_tonnes,EIA_INTL_v2:productId=11
LKA,2017,coal_anthracite,0.0,thousand_tonnes,EIA_INTL_v2:productId=11
LSO,2017,coal_anthracite,0.0,thousand_tonnes,EIA_INTL_v2:productId=11
LTU,2017,coal_anthracite,0.0,thousand_tonnes,EIA_INTL_v2:productId=11
LUX,2017,coal_anthracite,0.0,thousand_tonnes,EIA_INTL_v2:productId=11
LVA,2017,coal_anthracite,0.0,thousand_tonnes,EIA_INTL_v2:productId=11
MAC,2017,coal_anthracite,0.0,thousand_tonnes,EIA_INTL_v2:productId=11
MAR,2017,coal_anthracite,0.0,thousand_tonnes,EIA_INTL_v2:productId=11
MDA,2017,coal_anthracite,0.0,thousand_tonnes,EIA_INTL_v2:productId=11
MDG,2017,coal_anthracite,0.0,thousand_tonnes,EIA_INTL_v2:productId=11
MDV,2017,coal_anthracite,0.0,thousand_tonnes,EIA_INTL_v2:productId=11
MEX,2017,coal_anthracite,38.999953619226595,thousand_tonnes,EIA_INTL_v2:productId=11
MKD,2017,coal_anthracite,0.0,thousand_tonnes,EIA_INTL_v2:productId=11
MLI,2017,coal_anthracite,0.0,thousand_tonnes,EIA_INTL_v2:productId=11
MLT,2017,coal_anthracite,0.0,thousand_tonnes,EIA_INTL_v2:productId=11
MMR,2017,coal_anthracite,0.0,thousand_tonnes,EIA_INTL_v2:productId=11
MNE,2017,coal_anthracite,0.0,thousand_tonnes,EIA_INTL_v2:productId=11
MNG,2017,coal_anthracite,66.271826468678,thousand_tonnes,EIA_INTL_v2:productId=11
MNP,2017,coal_anthracite,0.0,thousand_tonnes,EIA_INTL_v2:productId=11
MOZ,2017,coal_anthracite,2.9991255348978,thousand_tonnes,EIA_INTL_v2:productId=11
MRT,2017,coal_anthracite,0.0,thousand_tonnes,EIA_INTL_v2:productId=11
MSR,2017,coal_anthracite,0.0,thousand_tonnes,EIA_INTL_v2:productId=11
MUS,2017,coal_anthracite,0.0,thousand_tonnes,EIA_INTL_v2:productId=11
MWI,2017,coal_anthracite,0.0,thousand_tonnes,EIA_INTL_v2:productId=11
MYS,2017,coal_anthracite,0.0,thousand_tonnes,EIA_INTL_v2:productId=11
NAM,2017,coal_anthracite,0.0,thousand_tonnes,EIA_INTL_v2:productId=11
NCL,2017,coal_anthracite,0.0,thousand_tonnes,EIA_INTL_v2:productId=11
NER,2017,coal_anthracite,0.0,thousand_tonnes,EIA_INTL_v2:productId=11
NGA,2017,coal_anthracite,0.0,thousand_tonnes,EIA_INTL_v2:productId=11
NIC,2017,coal_anthracite,0.0,thousand_tonnes,EIA_INTL_v2:productId=11
NIU,2017,coal_anthracite,0.0,thousand_tonnes,EIA_INTL_v2:productId=11
NLD,2017,coal_anthracite,0.0,thousand_tonnes,EIA_INTL_v2:productId=11
NOR,2017,coal_anthracite,0.0,thousand_tonnes,EIA_INTL_v2:productId=11
NPL,2017,coal_anthracite,0.0,thousand_tonnes,EIA_INTL_v2:productId=11
NRU,2017,coal_anthracite,0.0,thousand_tonnes,EIA_INTL_v2:productId=11
NZL,2017,coal_anthracite,0.0,thousand_tonnes,EIA_INTL_v2:productId=11
OMN,2017,coal_anthracite,0.0,thousand_tonnes,EIA_INTL_v2:productId=11
PAK,2017,coal_anthracite,0.0,thousand_tonnes,EIA_INTL_v2:productId=11
PAN,2017,coal_anthracite,0.0,thousand_tonnes,EIA_INTL_v2:productId=11
PER,2017,coal_anthracite,395.4863946670085,thousand_tonnes,EIA_INTL_v2:productId=11
PHL,2017,coal_anthracite,0.0,thousand_tonnes,EIA_INTL_v2:productId=11
PNG,2017,coal_anthracite,0.0,thousand_tonnes,EIA_INTL_v2:productId=11
POL,2017,coal_anthracite,22.864535492913795,thousand_tonnes,EIA_INTL_v2:productId=11
PRI,2017,coal_anthracite,0.0,thousand_tonnes,EIA_INTL_v2:productId=11
PRK,2017,coal_anthracite,15159.981970960904,thousand_tonnes,EIA_INTL_v2:productId=11
PRT,2017,coal_anthracite,0.0,thousand_tonnes,EIA_INTL_v2:productId=11
PRY,2017,coal_anthracite,0.0,thousand_tonnes,EIA_INTL_v2:productId=11
PSE,2017,coal_anthracite,0.0,thousand_tonnes,EIA_INTL_v2:productId=11
PYF,2017,coal_anthracite,0.0,thousand_tonnes,EIA_INTL_v2:productId=11
QAT,2017,coal_anthracite,0.0,thousand_tonnes,EIA_INTL_v2:productId=11
ROU,2017,coal_anthracite,0.0,thousand_tonnes,EIA_INTL_v2:productId=11
RUS,2017,coal_anthracite,21003.912953231185,thousand_tonnes,EIA_INTL_v2:productId=11
RWA,2017,coal_anthracite,0.0,thousand_tonnes,EIA_INTL_v2:productId=11
SAU,2017,coal_anthracite,0.0,thousand_tonnes,EIA_INTL_v2:productId=11
SDN,2017,coal_anthracite,0.0,thousand_tonnes,EIA_INTL_v2:productId=11
SEN,2017,coal_anthracite,0.0,thousand_tonnes,EIA_INTL_v2:productId=11
SGP,2017,coal_anthracite,0.0,thousand_tonnes,EIA_INTL_v2:productId=11
SHN,2017,coal_anthracite,0.0,thousand_tonnes,EIA_INTL_v2:productId=11
SLB,2017,coal_anthracite,0.0,thousand_tonnes,EIA_INTL_v2:productId=11
SLE,2017,coal_anthracite,0.0,thousand_tonnes,EIA_INTL_v2:productId=11
SLV,2017,coal_anthracite,0.0,thousand_tonnes,EIA_INTL_v2:productId=11
SOM,2017,coal_anthracite,0.0,thousand_tonnes,EIA_INTL_v2:productId=11
SPM,2017,coal_anthracite,0.0,thousand_tonnes,EIA_INTL_v2:productId=11
SRB,2017,coal_anthracite,0.0,thousand_tonnes,EIA_INTL_v2:productId=11
SSD,2017,coal_anthracite,0.0,thousand_tonnes,EIA_INTL_v2:productId=11
STP,2017,coal_anthracite,0.0,thousand_tonnes,EIA_INTL_v2:productId=11
SUR,2017,coal_anthracite,0.0,thousand_tonnes,EIA_INTL_v2:productId=11
SVK,2017,coal_anthracite,0.0,thousand_tonnes,EIA_INTL_v2:productId=11
SVN,2017,coal_anthracite,0.0,thousand_tonnes,EIA_INTL_v2:productId=11
SWE,2017,coal_anthracite,0.0,thousand_tonnes,EIA_INTL_v2:productId=11
SWZ,2017,coal_anthracite,0.0,thousand_tonnes,EIA_INTL_v2:productId=11
SYC,2017,coal_anthracite,0.0,thousand_tonnes,EIA_INTL_v2:productId=11
SYR,2017,coal_anthracite,0.0,thousand_tonnes,EIA_INTL_v2:productId=11
TCA,2017,coal_anthracite,0.0,thousand_tonnes,EIA_INTL_v2:productId=11
TCD,2017,coal_anthracite,0.0,thousand_tonnes,EIA_INTL_v2:productId=11
TGO,2017,coal_anthracite,0.0,thousand_tonnes,EIA_INTL_v2:productId=11
THA,2017,coal_anthracite,0.0,thousand_tonnes,EIA_INTL_v2:productId=11
TJK,2017,coal_anthracite,0.0,thousand_tonnes,EIA_INTL_v2:productId=11
TKM,2017,coal_anthracite,0.0,thousand_tonnes,EIA_INTL_v2:productId=11
TLS,2017,coal_anthracite,0.0,thousand_tonnes,EIA_INTL_v2:productId=11
TON,2017,coal_anthracite,0.0,thousand_tonnes,EIA_INTL_v2:productId=11
TTO,2017,coal_anthracite,0.0,thousand_tonnes,EIA_INTL_v2:productId=11
TUN,2017,coal_anthracite,0.0,thousand_tonnes,EIA_INTL_v2:productId=11
TUR,2017,coal_anthracite,0.0,thousand_tonnes,EIA_INTL_v2:productId=11
TUV,2017,coal_anthracite,0.0,thousand_tonnes,EIA_INTL_v2:productId=11
TWN,2017,coal_anthracite,0.0,thousand_tonnes,EIA_INTL_v2:productId=11
TZA,2017,coal_anthracite,0.0,thousand_tonnes,EIA_INTL_v2:productId=11
UGA,2017,coal_anthracite,0.0,thousand_tonnes,EIA_INTL_v2:productId=11
UKR,2017,coal_anthracite,0.0,thousand_tonnes,EIA_INTL_v2:productId=11
URY,2017,coal_anthracite,0.0,thousand_tonnes,EIA_INTL_v2:productId=11
USA,2017,coal_anthracite,1734.98900088052,thousand_tonnes,EIA_INTL_v2:productId=11
UZB,2017,coal_anthracite,0.0,thousand_tonnes,EIA_INTL_v2:productId=11
VCT,2017,coal_anthracite,0.0,thousand_tonnes,EIA_INTL_v2:productId=11
VEN,2017,coal_anthracite,0.0,thousand_tonnes,EIA_INTL_v2:productId=11
VGB,2017,coal_anthracite,0.0,thousand_tonnes,EIA_INTL_v2:productId=11
VIR,2017,coal_anthracite,0.0,thousand_tonnes,EIA_INTL_v2:productId=11
VNM,2017,coal_anthracite,38236.95452662481,thousand_tonnes,EIA_INTL_v2:productId=11
VUT,2017,coal_anthracite,0.0,thousand_tonnes,EIA_INTL_v2:productId=11
WAK,2017,coal_anthracite,0.0,thousand_tonnes,EIA_INTL_v2:productId=11
WSM,2017,coal_anthracite,0.0,thousand_tonnes,EIA_INTL_v2:productId=11
XKS,2017,coal_anthracite,0.0,thousand_tonnes,EIA_INTL_v2:productId=11
YEM,2017,coal_anthracite,0.0,thousand_tonnes,EIA_INTL_v2:productId=11
ZAF,2017,coal_anthracite,3634.6936774332225,thousand_tonnes,EIA_INTL_v2:productId=11
ZMB,2017,coal_anthracite,0.0,thousand_tonnes,EIA_INTL_v2:productId=11
ZWE,2017,coal_anthracite,1.471668391002545,thousand_tonnes,EIA_INTL_v2:productId=11
ABW,2018,coal_anthracite,0.0,thousand_tonnes,EIA_INTL_v2:productId=11
AFG,2018,coal_anthracite,0.0,thousand_tonnes,EIA_INTL_v2:productId=11
AGO,2018,coal_anthracite,0.0,thousand_tonnes,EIA_INTL_v2:productId=11
ALB,2018,coal_anthracite,0.0,thousand_tonnes,EIA_INTL_v2:productId=11
ARE,2018,coal_anthracite,0.0,thousand_tonnes,EIA_INTL_v2:productId=11
ARG,2018,coal_anthracite,0.0,thousand_tonnes,EIA_INTL_v2:productId=11
ARM,2018,coal_anthracite,0.0,thousand_tonnes,EIA_INTL_v2:productId=11
ASM,2018,coal_anthracite,0.0,thousand_tonnes,EIA_INTL_v2:productId=11
ATA,2018,coal_anthracite,0.0,thousand_tonnes,EIA_INTL_v2:productId=11
ATG,2018,coal_anthracite,0.0,thousand_tonnes,EIA_INTL_v2:productId=11
AUS,2018,coal_anthracite,6372.388305624335,thousand_tonnes,EIA_INTL_v2:productId=11
AUT,2018,coal_anthracite,0.0,thousand_tonnes,EIA_INTL_v2:productId=11
AZE,2018,coal_anthracite,0.0,thousand_tonnes,EIA_INTL_v2:productId=11
BDI,2018,coal_anthracite,0.0,thousand_tonnes,EIA_INTL_v2:productId=11
BEL,2018,coal_anthracite,0.0,thousand_tonnes,EIA_INTL_v2:productId=11
BEN,2018,coal_anthracite,0.0,thousand_tonnes,EIA_INTL_v2:productId=11
BFA,2018,coal_anthracite,0.0,thousand_tonnes,EIA_INTL_v2:productId=11
BGD,2018,coal_anthracite,0.0,thousand_tonnes,EIA_INTL_v2:productId=11
BGR,2018,coal_anthracite,0.0,thousand_tonnes,EIA_INTL_v2:productId=11
BHR,2018,coal_anthracite,0.0,thousand_tonnes,EIA_INTL_v2:productId=11
BHS,2018,coal_anthracite,0.0,thousand_tonnes,EIA_INTL_v2:productId=11
BIH,2018,coal_anthracite,0.0,thousand_tonnes,EIA_INTL_v2:productId=11
BLR,2018,coal_anthracite,0.0,thousand_tonnes,EIA_INTL_v2:productId=11
BLZ,2018,coal_anthracite,0.0,thousand_tonnes,EIA_INTL_v2:productId=11
BMU,2018,coal_anthracite,0.0,thousand_tonnes,EIA_INTL_v2:productId=11
BOL,2018,coal_anthracite,0.0,thousand_tonnes,EIA_INTL_v2:productId=11
BRA,2018,coal_anthracite,0.0,thousand_tonnes,EIA_INTL_v2:productId=11
BRB,2018,coal_anthracite,0.0,thousand_tonnes,EIA_INTL_v2:productId=11
BRN,2018,coal_anthracite,0.0,thousand_tonnes,EIA_INTL_v2:productId=11
BTN,2018,coal_anthracite,0.0,thousand_tonnes,EIA_INTL_v2:productId=11
BWA,2018,coal_anthracite,0.0,thousand_tonnes,EIA_INTL_v2:productId=11
CAF,2018,coal_anthracite,0.0,thousand_tonnes,EIA_INTL_v2:productId=11
CAN,2018,coal_anthracite,0.0,thousand_tonnes,EIA_INTL_v2:productId=11
CHE,2018,coal_anthracite,0.0,thousand_tonnes,EIA_INTL_v2:productId=11
CHL,2018,coal_anthracite,0.0,thousand_tonnes,EIA_INTL_v2:productId=11
CHN,2018,coal_anthracite,438067.5237484007,thousand_tonnes,EIA_INTL_v2:productId=11
CIV,2018,coal_anthracite,0.0,thousand_tonnes,EIA_INTL_v2:productId=11
CMR,2018,coal_anthracite,0.0,thousand_tonnes,EIA_INTL_v2:productId=11
COD,2018,coal_anthracite,0.0,thousand_tonnes,EIA_INTL_v2:productId=11
COG,2018,coal_anthracite,0.0,thousand_tonnes,EIA_INTL_v2:productId=11
COK,2018,coal_anthracite,0.0,thousand_tonnes,EIA_INTL_v2:productId=11
COL,2018,coal_anthracite,0.4192796490665173,thousand_tonnes,EIA_INTL_v2:productId=11
COM,2018,coal_anthracite,0.0,thousand_tonnes,EIA_INTL_v2:productId=11
CPV,2018,coal_anthracite,0.0,thousand_tonnes,EIA_INTL_v2:productId=11
CRI,2018,coal_anthracite,0.0,thousand_tonnes,EIA_INTL_v2:productId=11
CUB,2018,coal_anthracite,0.0,thousand_tonnes,EIA_INTL_v2:productId=11
CYM,2018,coal_anthracite,0.0,thousand_tonnes,EIA_INTL_v2:productId=11
CYP,2018,coal_anthracite,0.0,thousand_tonnes,EIA_INTL_v2:productId=11
CZE,2018,coal_anthracite,0.0,thousand_tonnes,EIA_INTL_v2:productId=11
DEU,2018,coal_anthracite,827.9990153005032,thousand_tonnes,EIA_INTL_v2:productId=11
DJI,2018,coal_anthracite,0.0,thousand_tonnes,EIA_INTL_v2:productId=11
DMA,2018,coal_anthracite,0.0,thousand_tonnes,EIA_INTL_v2:productId=11
DNK,2018,coal_anthracite,0.0,thousand_tonnes,EIA_INTL_v2:productId=11
DOM,2018,coal_anthracite,0.0,thousand_tonnes,EIA_INTL_v2:productId=11
DZA,2018,coal_anthracite,0.0,thousand_tonnes,EIA_INTL_v2:productId=11
ECU,2018,coal_anthracite,0.0,thousand_tonnes,EIA_INTL_v2:productId=11
EGY,2018,coal_anthracite,0.0,thousand_tonnes,EIA_INTL_v2:productId=11
ERI,2018,coal_anthracite,0.0,thousand_tonnes,EIA_INTL_v2:productId=11
ESH,2018,coal_anthracite,0.0,thousand_tonnes,EIA_INTL_v2:productId=11
ESP,2018,coal_anthracite,293.9996503603236,thousand_tonnes,EIA_INTL_v2:productId=11
EST,2018,coal_anthracite,0.0,thousand_tonnes,EIA_INTL_v2:productId=11
ETH,2018,coal_anthracite,0.0,thousand_tonnes,EIA_INTL_v2:productId=11
FIN,2018,coal_anthracite,0.0,thousand_tonnes,EIA_INTL_v2:productId=11
FJI,2018,coal_anthracite,0.0,thousand_tonnes,EIA_INTL_v2:productId=11
FLK,2018,coal_anthracite,0.0,thousand_tonnes,EIA_INTL_v2:productId=11
FRA,2018,coal_anthracite,0.0,thousand_tonnes,EIA_INTL_v2:productId=11
FRO,2018,coal_anthracite,0.0,thousand_tonnes,EIA_INTL_v2:productId=11
FSM,2018,coal_anthracite,0.0,thousand_tonnes,EIA_INTL_v2:productId=11
GAB,2018,coal_anthracite,0.0,thousand_tonnes,EIA_INTL_v2:productId=11
GBR,2018,coal_anthracite,399.4895249062778,thousand_tonnes,EIA_INTL_v2:productId=11
GEO,2018,coal_anthracite,0.0,thousand_tonnes,EIA_INTL_v2:productId=11
GHA,2018,coal_anthracite,0.0,thousand_tonnes,EIA_INTL_v2:productId=11
GIB,2018,coal_anthracite,0.0,thousand_tonnes,EIA_INTL_v2:productId=11
GIN,2018,coal_anthracite,0.0,thousand_tonnes,EIA_INTL_v2:productId=11
GMB,2018,coal_anthracite,0.0,thousand_tonnes,EIA_INTL_v2:productId=11
GNB,2018,coal_anthracite,0.0,thousand_tonnes,EIA_INTL_v2:productId=11
GNQ,2018,coal_anthracite,0.0,thousand_tonnes,EIA_INTL_v2:productId=11
GRC,2018,coal_anthracite,0.0,thousand_tonnes,EIA_INTL_v2:productId=11
GRD,2018,coal_anthracite,0.0,thousand_tonnes,EIA_INTL_v2:productId=11
GRL,2018,coal_anthracite,0.0,thousand_tonnes,EIA_INTL_v2:productId=11
GTM,2018,coal_anthracite,0.0,thousand_tonnes,EIA_INTL_v2:productId=11
GUM,2018,coal_anthracite,0.0,thousand_tonnes,EIA_INTL_v2:productId=11
GUY,2018,coal_anthracite,0.0,thousand_tonnes,EIA_INTL_v2:productId=11
HKG,2018,coal_anthracite,0.0,thousand_tonnes,EIA_INTL_v2:productId=11
HND,2018,coal_anthracite,0.0,thousand_tonnes,EIA_INTL_v2:productId=11
HRV,2018,coal_anthracite,0.0,thousand_tonnes,EIA_INTL_v2:productId=11
HTI,2018,coal_anthracite,0.0,thousand_tonnes,EIA_INTL_v2:productId=11
HUN,2018,coal_anthracite,0.0,thousand_tonnes,EIA_INTL_v2:productId=11
IDN,2018,coal_anthracite,0.0,thousand_tonnes,EIA_INTL_v2:productId=11
IND,2018,coal_anthracite,0.0,thousand_tonnes,EIA_INTL_v2:productId=11
IRL,2018,coal_anthracite,0.0,thousand_tonnes,EIA_INTL_v2:productId=11
IRN,2018,coal_anthracite,0.0,thousand_tonnes,EIA_INTL_v2:productId=11
IRQ,2018,coal_anthracite,0.0,thousand_tonnes,EIA_INTL_v2:productId=11
ISL,2018,coal_anthracite,0.0,thousand_tonnes,EIA_INTL_v2:productId=11
ISR,2018,coal_anthracite,0.0,thousand_tonnes,EIA_INTL_v2:productId=11
ITA,2018,coal_anthracite,0.0,thousand_tonnes,EIA_INTL_v2:productId=11
JAM,2018,coal_anthracite,0.0,thousand_tonnes,EIA_INTL_v2:productId=11
JOR,2018,coal_anthracite,0.0,thousand_tonnes,EIA_INTL_v2:productId=11
JPN,2018,coal_anthracite,0.0,thousand_tonnes,EIA_INTL_v2:productId=11
KAZ,2018,coal_anthracite,0.0,thousand_tonnes,EIA_INTL_v2:productId=11
KEN,2018,coal_anthracite,0.0,thousand_tonnes,EIA_INTL_v2:productId=11
KGZ,2018,coal_anthracite,0.0,thousand_tonnes,EIA_INTL_v2:productId=11
KHM,2018,coal_anthracite,0.0,thousand_tonnes,EIA_INTL_v2:productId=11
KIR,2018,coal_anthracite,0.0,thousand_tonnes,EIA_INTL_v2:productId=11
KNA,2018,coal_anthracite,0.0,thousand_tonnes,EIA_INTL_v2:productId=11
KOR,2018,coal_anthracite,1139.998644254316,thousand_tonnes,EIA_INTL_v2:productId=11
KWT,2018,coal_anthracite,0.0,thousand_tonnes,EIA_INTL_v2:productId=11
LAO,2018,coal_anthracite,142.9998299371642,thousand_tonnes,EIA_INTL_v2:productId=11
LBN,2018,coal_anthracite,0.0,thousand_tonnes,EIA_INTL_v2:productId=11
LBR,2018,coal_anthracite,0.0,thousand_tonnes,EIA_INTL_v2:productId=11
LBY,2018,coal_anthracite,0.0,thousand_tonnes,EIA_INTL_v2:productId=11
LCA,2018,coal_anthracite,0.0,thousand_tonnes,EIA_INTL_v2:productId=11
LKA,2018,coal_anthracite,0.0,thousand_tonnes,EIA_INTL_v2:productId=11
LSO,2018,coal_anthracite,0.0,thousand_tonnes,EIA_INTL_v2:productId=11
LTU,2018,coal_anthracite,0.0,thousand_tonnes,EIA_INTL_v2:productId=11
LUX,2018,coal_anthracite,0.0,thousand_tonnes,EIA_INTL_v2:productId=11
LVA,2018,coal_anthracite,0.0,thousand_tonnes,EIA_INTL_v2:productId=11
MAC,2018,coal_anthracite,0.0,thousand_tonnes,EIA_INTL_v2:productId=11
MAR,2018,coal_anthracite,0.0,thousand_tonnes,EIA_INTL_v2:productId=11
MDA,2018,coal_anthracite,0.0,thousand_tonnes,EIA_INTL_v2:productId=11
MDG,2018,coal_anthracite,0.0,thousand_tonnes,EIA_INTL_v2:productId=11
MDV,2018,coal_anthracite,0.0,thousand_tonnes,EIA_INTL_v2:productId=11
MEX,2018,coal_anthracite,32.9999607547302,thousand_tonnes,EIA_INTL_v2:productId=11
MKD,2018,coal_anthracite,0.0,thousand_tonnes,EIA_INTL_v2:productId=11
MLI,2018,coal_anthracite,0.0,thousand_tonnes,EIA_INTL_v2:productId=11
MLT,2018,coal_anthracite,0.0,thousand_tonnes,EIA_INTL_v2:productId=11
MMR,2018,coal_anthracite,0.0,thousand_tonnes,EIA_INTL_v2:productId=11
MNE,2018,coal_anthracite,0.0,thousand_tonnes,EIA_INTL_v2:productId=11
MNG,2018,coal_anthracite,115.73212662802001,thousand_tonnes,EIA_INTL_v2:productId=11
MNP,2018,coal_anthracite,0.0,thousand_tonnes,EIA_INTL_v2:productId=11
MOZ,2018,coal_anthracite,0.0,thousand_tonnes,EIA_INTL_v2:productId=11
MRT,2018,coal_anthracite,0.0,thousand_tonnes,EIA_INTL_v2:productId=11
MSR,2018,coal_anthracite,0.0,thousand_tonnes,EIA_INTL_v2:productId=11
MUS,2018,coal_anthracite,0.0,thousand_tonnes,EIA_INTL_v2:productId=11
MWI,2018,coal_anthracite,0.0,thousand_tonnes,EIA_INTL_v2:productId=11
MYS,2018,coal_anthracite,0.0,thousand_tonnes,EIA_INTL_v2:productId=11
NAM,2018,coal_anthracite,0.0,thousand_tonnes,EIA_INTL_v2:productId=11
NCL,2018,coal_anthracite,0.0,thousand_tonnes,EIA_INTL_v2:productId=11
NER,2018,coal_anthracite,0.0,thousand_tonnes,EIA_INTL_v2:productId=11
NGA,2018,coal_anthracite,0.0,thousand_tonnes,EIA_INTL_v2:productId=11
NIC,2018,coal_anthracite,0.0,thousand_tonnes,EIA_INTL_v2:productId=11
NIU,2018,coal_anthracite,0.0,thousand_tonnes,EIA_INTL_v2:productId=11
NLD,2018,coal_anthracite,0.0,thousand_tonnes,EIA_INTL_v2:productId=11
NOR,2018,coal_anthracite,0.0,thousand_tonnes,EIA_INTL_v2:productId=11
NPL,2018,coal_anthracite,0.0,thousand_tonnes,EIA_INTL_v2:productId=11
NRU,2018,coal_anthracite,0.0,thousand_tonnes,EIA_INTL_v2:productId=11
NZL,2018,coal_anthracite,0.0,thousand_tonnes,EIA_INTL_v2:productId=11
OMN,2018,coal_anthracite,0.0,thousand_tonnes,EIA_INTL_v2:productId=11
PAK,2018,coal_anthracite,0.0,thousand_tonnes,EIA_INTL_v2:productId=11
PAN,2018,coal_anthracite,0.0,thousand_tonnes,EIA_INTL_v2:productId=11
PER,2018,coal_anthracite,569.6409415533628,thousand_tonnes,EIA_INTL_v2:productId=11
PHL,2018,coal_anthracite,0.0,thousand_tonnes,EIA_INTL_v2:productId=11
PNG,2018,coal_anthracite,0.0,thousand_tonnes,EIA_INTL_v2:productId=11
POL,2018,coal_anthracite,22.01855226953293,thousand_tonnes,EIA_INTL_v2:productId=11
PRI,2018,coal_anthracite,0.0,thousand_tonnes,EIA_INTL_v2:productId=11
PRK,2018,coal_anthracite,12659.984944087404,thousand_tonnes,EIA_INTL_v2:productId=11
PRT,2018,coal_anthracite,0.0,thousand_tonnes,EIA_INTL_v2:productId=11
PRY,2018,coal_anthracite,0.0,thousand_tonnes,EIA_INTL_v2:productId=11
PSE,2018,coal_anthracite,0.0,thousand_tonnes,EIA_INTL_v2:productId=11
PYF,2018,coal_anthracite,0.0,thousand_tonnes,EIA_INTL_v2:productId=11
QAT,2018,coal_anthracite,0.0,thousand_tonnes,EIA_INTL_v2:productId=11
ROU,2018,coal_anthracite,0.0,thousand_tonnes,EIA_INTL_v2:productId=11
RUS,2018,coal_anthracite,22434.559155243325,thousand_tonnes,EIA_INTL_v2:productId=11
RWA,2018,coal_anthracite,0.0,thousand_tonnes,EIA_INTL_v2:productId=11
SAU,2018,coal_anthracite,0.0,thousand_tonnes,EIA_INTL_v2:productId=11
SDN,2018,coal_anthracite,0.0,thousand_tonnes,EIA_INTL_v2:productId=11
SEN,2018,coal_anthracite,0.0,thousand_tonnes,EIA_INTL_v2:productId=11
SGP,2018,coal_anthracite,0.0,thousand_tonnes,EIA_INTL_v2:productId=11
SHN,2018,coal_anthracite,0.0,thousand_tonnes,EIA_INTL_v2:productId=11
SLB,2018,coal_anthracite,0.0,thousand_tonnes,EIA_INTL_v2:productId=11
SLE,2018,coal_anthracite,0.0,thousand_tonnes,EIA_INTL_v2:productId=11
SLV,2018,coal_anthracite,0.0,thousand_tonnes,EIA_INTL_v2:productId=11
SOM,2018,coal_anthracite,0.0,thousand_tonnes,EIA_INTL_v2:productId=11
SPM,2018,coal_anthracite,0.0,thousand_tonnes,EIA_INTL_v2:productId=11
SRB,2018,coal_anthracite,0.0,thousand_tonnes,EIA_INTL_v2:productId=11
SSD,2018,coal_anthracite,0.0,thousand_tonnes,EIA_INTL_v2:productId=11
STP,2018,coal_anthracite,0.0,thousand_tonnes,EIA_INTL_v2:productId=11
SUR,2018,coal_anthracite,0.0,thousand_tonnes,EIA_INTL_v2:productId=11
SVK,2018,coal_anthracite,0.0,thousand_tonnes,EIA_INTL_v2:productId=11
SVN,2018,coal_anthracite,0.0,thousand_tonnes,EIA_INTL_v2:productId=11
SWE,2018,coal_anthracite,0.0,thousand_tonnes,EIA_INTL_v2:productId=11
SWZ,2018,coal_anthracite,0.0,thousand_tonnes,EIA_INTL_v2:productId=11
SYC,2018,coal_anthracite,0.0,thousand_tonnes,EIA_INTL_v2:productId=11
SYR,2018,coal_anthracite,0.0,thousand_tonnes,EIA_INTL_v2:productId=11
TCA,2018,coal_anthracite,0.0,thousand_tonnes,EIA_INTL_v2:productId=11
TCD,2018,coal_anthracite,0.0,thousand_tonnes,EIA_INTL_v2:productId=11
TGO,2018,coal_anthracite,0.0,thousand_tonnes,EIA_INTL_v2:productId=11
THA,2018,coal_anthracite,0.0,thousand_tonnes,EIA_INTL_v2:productId=11
TJK,2018,coal_anthracite,0.0,thousand_tonnes,EIA_INTL_v2:productId=11
TKM,2018,coal_anthracite,0.0,thousand_tonnes,EIA_INTL_v2:productId=11
TLS,2018,coal_anthracite,0.0,thousand_tonnes,EIA_INTL_v2:productId=11
TON,2018,coal_anthracite,0.0,thousand_tonnes,EIA_INTL_v2:productId=11
TTO,2018,coal_anthracite,0.0,thousand_tonnes,EIA_INTL_v2:productId=11
TUN,2018,coal_anthracite,0.0,thousand_tonnes,EIA_INTL_v2:productId=11
TUR,2018,coal_anthracite,0.0,thousand_tonnes,EIA_INTL_v2:productId=11
TUV,2018,coal_anthracite,0.0,thousand_tonnes,EIA_INTL_v2:productId=11
TWN,2018,coal_anthracite,0.0,thousand_tonnes,EIA_INTL_v2:productId=11
TZA,2018,coal_anthracite,0.0,thousand_tonnes,EIA_INTL_v2:productId=11
UGA,2018,coal_anthracite,0.0,thousand_tonnes,EIA_INTL_v2:productId=11
UKR,2018,coal_anthracite,0.0,thousand_tonnes,EIA_INTL_v2:productId=11
URY,2018,coal_anthracite,0.0,thousand_tonnes,EIA_INTL_v2:productId=11
USA,2018,coal_anthracite,1720.05674006012,thousand_tonnes,EIA_INTL_v2:productId=11
UZB,2018,coal_anthracite,0.0,thousand_tonnes,EIA_INTL_v2:productId=11
VCT,2018,coal_anthracite,0.0,thousand_tonnes,EIA_INTL_v2:productId=11
VEN,2018,coal_anthracite,0.0,thousand_tonnes,EIA_INTL_v2:productId=11
VGB,2018,coal_anthracite,0.0,thousand_tonnes,EIA_INTL_v2:productId=11
VIR,2018,coal_anthracite,0.0,thousand_tonnes,EIA_INTL_v2:productId=11
VNM,2018,coal_anthracite,42383.52659530562,thousand_tonnes,EIA_INTL_v2:productId=11
VUT,2018,coal_anthracite,0.0,thousand_tonnes,EIA_INTL_v2:productId=11
WAK,2018,coal_anthracite,0.0,thousand_tonnes,EIA_INTL_v2:productId=11
WSM,2018,coal_anthracite,0.0,thousand_tonnes,EIA_INTL_v2:productId=11
XKS,2018,coal_anthracite,0.0,thousand_tonnes,EIA_INTL_v2:productId=11
YEM,2018,coal_anthracite,0.0,thousand_tonnes,EIA_INTL_v2:productId=11
ZAF,2018,coal_anthracite,3614.7267011789895,thousand_tonnes,EIA_INTL_v2:productId=11
ZMB,2018,coal_anthracite,0.0,thousand_tonnes,EIA_INTL_v2:productId=11
ZWE,2018,coal_anthracite,1.555710560850201,thousand_tonnes,EIA_INTL_v2:productId=11
ABW,2019,coal_anthracite,0.0,thousand_tonnes,EIA_INTL_v2:productId=11
AFG,2019,coal_anthracite,0.0,thousand_tonnes,EIA_INTL_v2:productId=11
AGO,2019,coal_anthracite,0.0,thousand_tonnes,EIA_INTL_v2:productId=11
ALB,2019,coal_anthracite,0.0,thousand_tonnes,EIA_INTL_v2:productId=11
ARE,2019,coal_anthracite,0.0,thousand_tonnes,EIA_INTL_v2:productId=11
ARG,2019,coal_anthracite,0.0,thousand_tonnes,EIA_INTL_v2:productId=11
ARM,2019,coal_anthracite,0.0,thousand_tonnes,EIA_INTL_v2:productId=11
ASM,2019,coal_anthracite,0.0,thousand_tonnes,EIA_INTL_v2:productId=11
ATA,2019,coal_anthracite,0.0,thousand_tonnes,EIA_INTL_v2:productId=11
ATG,2019,coal_anthracite,0.0,thousand_tonnes,EIA_INTL_v2:productId=11
AUS,2019,coal_anthracite,7965.423624103937,thousand_tonnes,EIA_INTL_v2:productId=11
AUT,2019,coal_anthracite,0.0,thousand_tonnes,EIA_INTL_v2:productId=11
AZE,2019,coal_anthracite,0.0,thousand_tonnes,EIA_INTL_v2:productId=11
BDI,2019,coal_anthracite,0.0,thousand_tonnes,EIA_INTL_v2:productId=11
BEL,2019,coal_anthracite,0.0,thousand_tonnes,EIA_INTL_v2:productId=11
BEN,2019,coal_anthracite,0.0,thousand_tonnes,EIA_INTL_v2:productId=11
BFA,2019,coal_anthracite,0.0,thousand_tonnes,EIA_INTL_v2:productId=11
BGD,2019,coal_anthracite,0.0,thousand_tonnes,EIA_INTL_v2:productId=11
BGR,2019,coal_anthracite,0.0,thousand_tonnes,EIA_INTL_v2:productId=11
BHR,2019,coal_anthracite,0.0,thousand_tonnes,EIA_INTL_v2:productId=11
BHS,2019,coal_anthracite,0.0,thousand_tonnes,EIA_INTL_v2:productId=11
BIH,2019,coal_anthracite,0.0,thousand_tonnes,EIA_INTL_v2:productId=11
BLR,2019,coal_anthracite,0.0,thousand_tonnes,EIA_INTL_v2:productId=11
BLZ,2019,coal_anthracite,0.0,thousand_tonnes,EIA_INTL_v2:productId=11
BMU,2019,coal_anthracite,0.0,thousand_tonnes,EIA_INTL_v2:productId=11
BOL,2019,coal_anthracite,0.0,thousand_tonnes,EIA_INTL_v2:productId=11
BRA,2019,coal_anthracite,0.0,thousand_tonnes,EIA_INTL_v2:productId=11
BRB,2019,coal_anthracite,0.0,thousand_tonnes,EIA_INTL_v2:productId=11
BRN,2019,coal_anthracite,0.0,thousand_tonnes,EIA_INTL_v2:productId=11
BTN,2019,coal_anthracite,0.0,thousand_tonnes,EIA_INTL_v2:productId=11
BWA,2019,coal_anthracite,0.0,thousand_tonnes,EIA_INTL_v2:productId=11
CAF,2019,coal_anthracite,0.0,thousand_tonnes,EIA_INTL_v2:productId=11
CAN,2019,coal_anthracite,0.0,thousand_tonnes,EIA_INTL_v2:productId=11
CHE,2019,coal_anthracite,0.0,thousand_tonnes,EIA_INTL_v2:productId=11
CHL,2019,coal_anthracite,0.0,thousand_tonnes,EIA_INTL_v2:productId=11
CHN,2019,coal_anthracite,459970.8999358162,thousand_tonnes,EIA_INTL_v2:productId=11
CIV,2019,coal_anthracite,0.0,thousand_tonnes,EIA_INTL_v2:productId=11
CMR,2019,coal_anthracite,0.0,thousand_tonnes,EIA_INTL_v2:productId=11
COD,2019,coal_anthracite,0.0,thousand_tonnes,EIA_INTL_v2:productId=11
COG,2019,coal_anthracite,0.0,thousand_tonnes,EIA_INTL_v2:productId=11
COK,2019,coal_anthracite,0.0,thousand_tonnes,EIA_INTL_v2:productId=11
COL,2019,coal_anthracite,6.39999238879616,thousand_tonnes,EIA_INTL_v2:productId=11
COM,2019,coal_anthracite,0.0,thousand_tonnes,EIA_INTL_v2:productId=11
CPV,2019,coal_anthracite,0.0,thousand_tonnes,EIA_INTL_v2:productId=11
CRI,2019,coal_anthracite,0.0,thousand_tonnes,EIA_INTL_v2:productId=11
CUB,2019,coal_anthracite,0.0,thousand_tonnes,EIA_INTL_v2:productId=11
CYM,2019,coal_anthracite,0.0,thousand_tonnes,EIA_INTL_v2:productId=11
CYP,2019,coal_anthracite,0.0,thousand_tonnes,EIA_INTL_v2:productId=11
CZE,2019,coal_anthracite,0.0,thousand_tonnes,EIA_INTL_v2:productId=11
DEU,2019,coal_anthracite,0.0,thousand_tonnes,EIA_INTL_v2:productId=11
DJI,2019,coal_anthracite,0.0,thousand_tonnes,EIA_INTL_v2:productId=11
DMA,2019,coal_anthracite,0.0,thousand_tonnes,EIA_INTL_v2:productId=11
DNK,2019,coal_anthracite,0.0,thousand_tonnes,EIA_INTL_v2:productId=11
DOM,2019,coal_anthracite,0.0,thousand_tonnes,EIA_INTL_v2:productId=11
DZA,2019,coal_anthracite,0.0,thousand_tonnes,EIA_INTL_v2:productId=11
ECU,2019,coal_anthracite,0.0,thousand_tonnes,EIA_INTL_v2:productId=11
EGY,2019,coal_anthracite,0.0,thousand_tonnes,EIA_INTL_v2:productId=11
ERI,2019,coal_anthracite,0.0,thousand_tonnes,EIA_INTL_v2:productId=11
ESH,2019,coal_anthracite,0.0,thousand_tonnes,EIA_INTL_v2:productId=11
ESP,2019,coal_anthracite,0.0,thousand_tonnes,EIA_INTL_v2:productId=11
EST,2019,coal_anthracite,0.0,thousand_tonnes,EIA_INTL_v2:productId=11
ETH,2019,coal_anthracite,0.0,thousand_tonnes,EIA_INTL_v2:productId=11
FIN,2019,coal_anthracite,0.0,thousand_tonnes,EIA_INTL_v2:productId=11
FJI,2019,coal_anthracite,0.0,thousand_tonnes,EIA_INTL_v2:productId=11
FLK,2019,coal_anthracite,0.0,thousand_tonnes,EIA_INTL_v2:productId=11
FRA,2019,coal_anthracite,0.0,thousand_tonnes,EIA_INTL_v2:productId=11
FRO,2019,coal_anthracite,0.0,thousand_tonnes,EIA_INTL_v2:productId=11
FSM,2019,coal_anthracite,0.0,thousand_tonnes,EIA_INTL_v2:productId=11
GAB,2019,coal_anthracite,0.0,thousand_tonnes,EIA_INTL_v2:productId=11
GBR,2019,coal_anthracite,509.71939381518416,thousand_tonnes,EIA_INTL_v2:productId=11
GEO,2019,coal_anthracite,0.0,thousand_tonnes,EIA_INTL_v2:productId=11
GHA,2019,coal_anthracite,0.0,thousand_tonnes,EIA_INTL_v2:productId=11
GIB,2019,coal_anthracite,0.0,thousand_tonnes,EIA_INTL_v2:productId=11
GIN,2019,coal_anthracite,0.0,thousand_tonnes,EIA_INTL_v2:productId=11
GMB,2019,coal_anthracite,0.0,thousand_tonnes,EIA_INTL_v2:productId=11
GNB,2019,coal_anthracite,0.0,thousand_tonnes,EIA_INTL_v2:productId=11
GNQ,2019,coal_anthracite,0.0,thousand_tonnes,EIA_INTL_v2:productId=11
GRC,2019,coal_anthracite,0.0,thousand_tonnes,EIA_INTL_v2:productId=11
GRD,2019,coal_anthracite,0.0,thousand_tonnes,EIA_INTL_v2:productId=11
GRL,2019,coal_anthracite,0.0,thousand_tonnes,EIA_INTL_v2:productId=11
GTM,2019,coal_anthracite,0.0,thousand_tonnes,EIA_INTL_v2:productId=11
GUM,2019,coal_anthracite,0.0,thousand_tonnes,EIA_INTL_v2:productId=11
GUY,2019,coal_anthracite,0.0,thousand_tonnes,EIA_INTL_v2:productId=11
HKG,2019,coal_anthracite,0.0,thousand_tonnes,EIA_INTL_v2:productId=11
HND,2019,coal_anthracite,0.0,thousand_tonnes,EIA_INTL_v2:productId=11
HRV,2019,coal_anthracite,0.0,thousand_tonnes,EIA_INTL_v2:productId=11
HTI,2019,coal_anthracite,0.0,thousand_tonnes,EIA_INTL_v2:productId=11
HUN,2019,coal_anthracite,0.0,thousand_tonnes,EIA_INTL_v2:productId=11
IDN,2019,coal_anthracite,0.0,thousand_tonnes,EIA_INTL_v2:productId=11
IND,2019,coal_anthracite,0.0,thousand_tonnes,EIA_INTL_v2:productId=11
IRL,2019,coal_anthracite,0.0,thousand_tonnes,EIA_INTL_v2:productId=11
IRN,2019,coal_anthracite,0.0,thousand_tonnes,EIA_INTL_v2:productId=11
IRQ,2019,coal_anthracite,0.0,thousand_tonnes,EIA_INTL_v2:productId=11
ISL,2019,coal_anthracite,0.0,thousand_tonnes,EIA_INTL_v2:productId=11
ISR,2019,coal_anthracite,0.0,thousand_tonnes,EIA_INTL_v2:productId=11
ITA,2019,coal_anthracite,0.0,thousand_tonnes,EIA_INTL_v2:productId=11
JAM,2019,coal_anthracite,0.0,thousand_tonnes,EIA_INTL_v2:productId=11
JOR,2019,coal_anthracite,0.0,thousand_tonnes,EIA_INTL_v2:productId=11
JPN,2019,coal_anthracite,0.0,thousand_tonnes,EIA_INTL_v2:productId=11
KAZ,2019,coal_anthracite,0.0,thousand_tonnes,EIA_INTL_v2:productId=11
KEN,2019,coal_anthracite,0.0,thousand_tonnes,EIA_INTL_v2:productId=11
KGZ,2019,coal_anthracite,0.0,thousand_tonnes,EIA_INTL_v2:productId=11
KHM,2019,coal_anthracite,0.0,thousand_tonnes,EIA_INTL_v2:productId=11
KIR,2019,coal_anthracite,0.0,thousand_tonnes,EIA_INTL_v2:productId=11
KNA,2019,coal_anthracite,0.0,thousand_tonnes,EIA_INTL_v2:productId=11
KOR,2019,coal_anthracite,1085.9987084738484,thousand_tonnes,EIA_INTL_v2:productId=11
KWT,2019,coal_anthracite,0.0,thousand_tonnes,EIA_INTL_v2:productId=11
LAO,2019,coal_anthracite,161.4938079431636,thousand_tonnes,EIA_INTL_v2:productId=11
LBN,2019,coal_anthracite,0.0,thousand_tonnes,EIA_INTL_v2:productId=11
LBR,2019,coal_anthracite,0.0,thousand_tonnes,EIA_INTL_v2:productId=11
LBY,2019,coal_anthracite,0.0,thousand_tonnes,EIA_INTL_v2:productId=11
LCA,2019,coal_anthracite,0.0,thousand_tonnes,EIA_INTL_v2:productId=11
LKA,2019,coal_anthracite,0.0,thousand_tonnes,EIA_INTL_v2:productId=11
LSO,2019,coal_anthracite,0.0,thousand_tonnes,EIA_INTL_v2:productId=11
LTU,2019,coal_anthracite,0.0,thousand_tonnes,EIA_INTL_v2:productId=11
LUX,2019,coal_anthracite,0.0,thousand_tonnes,EIA_INTL_v2:productId=11
LVA,2019,coal_anthracite,0.0,thousand_tonnes,EIA_INTL_v2:productId=11
MAC,2019,coal_anthracite,0.0,thousand_tonnes,EIA_INTL_v2:productId=11
MAR,2019,coal_anthracite,0.0,thousand_tonnes,EIA_INTL_v2:productId=11
MDA,2019,coal_anthracite,0.0,thousand_tonnes,EIA_INTL_v2:productId=11
MDG,2019,coal_anthracite,0.0,thousand_tonnes,EIA_INTL_v2:productId=11
MDV,2019,coal_anthracite,0.0,thousand_tonnes,EIA_INTL_v2:productId=11
MEX,2019,coal_anthracite,27.9999667009832,thousand_tonnes,EIA_INTL_v2:productId=11
MKD,2019,coal_anthracite,0.0,thousand_tonnes,EIA_INTL_v2:productId=11
MLI,2019,coal_anthracite,0.0,thousand_tonnes,EIA_INTL_v2:productId=11
MLT,2019,coal_anthracite,0.0,thousand_tonnes,EIA_INTL_v2:productId=11
MMR,2019,coal_anthracite,0.0,thousand_tonnes,EIA_INTL_v2:productId=11
MNE,2019,coal_anthracite,0.0,thousand_tonnes,EIA_INTL_v2:productId=11
MNG,2019,coal_anthracite,90.10831283850744,thousand_tonnes,EIA_INTL_v2:productId=11
MNP,2019,coal_anthracite,0.0,thousand_tonnes,EIA_INTL_v2:productId=11
MOZ,2019,coal_anthracite,0.0,thousand_tonnes,EIA_INTL_v2:productId=11
MRT,2019,coal_anthracite,0.0,thousand_tonnes,EIA_INTL_v2:productId=11
MSR,2019,coal_anthracite,0.0,thousand_tonnes,EIA_INTL_v2:productId=11
MUS,2019,coal_anthracite,0.0,thousand_tonnes,EIA_INTL_v2:productId=11
MWI,2019,coal_anthracite,0.0,thousand_tonnes,EIA_INTL_v2:productId=11
MYS,2019,coal_anthracite,0.0,thousand_tonnes,EIA_INTL_v2:productId=11
NAM,2019,coal_anthracite,0.0,thousand_tonnes,EIA_INTL_v2:productId=11
NCL,2019,coal_anthracite,0.0,thousand_tonnes,EIA_INTL_v2:productId=11
NER,2019,coal_anthracite,0.0,thousand_tonnes,EIA_INTL_v2:productId=11
NGA,2019,coal_anthracite,0.0,thousand_tonnes,EIA_INTL_v2:productId=11
NIC,2019,coal_anthracite,0.0,thousand_tonnes,EIA_INTL_v2:productId=11
NIU,2019,coal_anthracite,0.0,thousand_tonnes,EIA_INTL_v2:productId=11
NLD,2019,coal_anthracite,0.0,thousand_tonnes,EIA_INTL_v2:productId=11
NOR,2019,coal_anthracite,0.0,thousand_tonnes,EIA_INTL_v2:productId=11
NPL,2019,coal_anthracite,0.0,thousand_tonnes,EIA_INTL_v2:productId=11
NRU,2019,coal_anthracite,0.0,thousand_tonnes,EIA_INTL_v2:productId=11
NZL,2019,coal_anthracite,0.0,thousand_tonnes,EIA_INTL_v2:productId=11
OMN,2019,coal_anthracite,0.0,thousand_tonnes,EIA_INTL_v2:productId=11
PAK,2019,coal_anthracite,0.0,thousand_tonnes,EIA_INTL_v2:productId=11
PAN,2019,coal_anthracite,0.0,thousand_tonnes,EIA_INTL_v2:productId=11
PER,2019,coal_anthracite,630.8923767099702,thousand_tonnes,EIA_INTL_v2:productId=11
PHL,2019,coal_anthracite,0.0,thousand_tonnes,EIA_INTL_v2:productId=11
PNG,2019,coal_anthracite,0.0,thousand_tonnes,EIA_INTL_v2:productId=11
POL,2019,coal_anthracite,20.212552025340973,thousand_tonnes,EIA_INTL_v2:productId=11
PRI,2019,coal_anthracite,0.0,thousand_tonnes,EIA_INTL_v2:productId=11
PRK,2019,coal_anthracite,14149.98317210401,thousand_tonnes,EIA_INTL_v2:productId=11
PRT,2019,coal_anthracite,0.0,thousand_tonnes,EIA_INTL_v2:productId=11
PRY,2019,coal_anthracite,0.0,thousand_tonnes,EIA_INTL_v2:productId=11
PSE,2019,coal_anthracite,0.0,thousand_tonnes,EIA_INTL_v2:productId=11
PYF,2019,coal_anthracite,0.0,thousand_tonnes,EIA_INTL_v2:productId=11
QAT,2019,coal_anthracite,0.0,thousand_tonnes,EIA_INTL_v2:productId=11
ROU,2019,coal_anthracite,0.0,thousand_tonnes,EIA_INTL_v2:productId=11
RUS,2019,coal_anthracite,23663.011010808008,thousand_tonnes,EIA_INTL_v2:productId=11
RWA,2019,coal_anthracite,0.0,thousand_tonnes,EIA_INTL_v2:productId=11
SAU,2019,coal_anthracite,0.0,thousand_tonnes,EIA_INTL_v2:productId=11
SDN,2019,coal_anthracite,0.0,thousand_tonnes,EIA_INTL_v2:productId=11
SEN,2019,coal_anthracite,0.0,thousand_tonnes,EIA_INTL_v2:productId=11
SGP,2019,coal_anthracite,0.0,thousand_tonnes,EIA_INTL_v2:productId=11
SHN,2019,coal_anthracite,0.0,thousand_tonnes,EIA_INTL_v2:productId=11
SLB,2019,coal_anthracite,0.0,thousand_tonnes,EIA_INTL_v2:productId=11
SLE,2019,coal_anthracite,0.0,thousand_tonnes,EIA_INTL_v2:productId=11
SLV,2019,coal_anthracite,0.0,thousand_tonnes,EIA_INTL_v2:productId=11
SOM,2019,coal_anthracite,0.0,thousand_tonnes,EIA_INTL_v2:productId=11
SPM,2019,coal_anthracite,0.0,thousand_tonnes,EIA_INTL_v2:productId=11
SRB,2019,coal_anthracite,0.0,thousand_tonnes,EIA_INTL_v2:productId=11
SSD,2019,coal_anthracite,0.0,thousand_tonnes,EIA_INTL_v2:productId=11
STP,2019,coal_anthracite,0.0,thousand_tonnes,EIA_INTL_v2:productId=11
SUR,2019,coal_anthracite,0.0,thousand_tonnes,EIA_INTL_v2:productId=11
SVK,2019,coal_anthracite,0.0,thousand_tonnes,EIA_INTL_v2:productId=11
SVN,2019,coal_anthracite,0.0,thousand_tonnes,EIA_INTL_v2:productId=11
SWE,2019,coal_anthracite,0.0,thousand_tonnes,EIA_INTL_v2:productId=11
SWZ,2019,coal_anthracite,0.0,thousand_tonnes,EIA_INTL_v2:productId=11
SYC,2019,coal_anthracite,0.0,thousand_tonnes,EIA_INTL_v2:productId=11
SYR,2019,coal_anthracite,0.0,thousand_tonnes,EIA_INTL_v2:productId=11
TCA,2019,coal_anthracite,0.0,thousand_tonnes,EIA_INTL_v2:productId=11
TCD,2019,coal_anthracite,0.0,thousand_tonnes,EIA_INTL_v2:productId=11
TGO,2019,coal_anthracite,0.0,thousand_tonnes,EIA_INTL_v2:productId=11
THA,2019,coal_anthracite,0.0,thousand_tonnes,EIA_INTL_v2:productId=11
TJK,2019,coal_anthracite,0.0,thousand_tonnes,EIA_INTL_v2:productId=11
TKM,2019,coal_anthracite,0.0,thousand_tonnes,EIA_INTL_v2:productId=11
TLS,2019,coal_anthracite,0.0,thousand_tonnes,EIA_INTL_v2:productId=11
TON,2019,coal_anthracite,0.0,thousand_tonnes,EIA_INTL_v2:productId=11
TTO,2019,coal_anthracite,0.0,thousand_tonnes,EIA_INTL_v2:productId=11
TUN,2019,coal_anthracite,0.0,thousand_tonnes,EIA_INTL_v2:productId=11
TUR,2019,coal_anthracite,0.0,thousand_tonnes,EIA_INTL_v2:productId=11
TUV,2019,coal_anthracite,0.0,thousand_tonnes,EIA_INTL_v2:productId=11
TWN,2019,coal_anthracite,0.0,thousand_tonnes,EIA_INTL_v2:productId=11
TZA,2019,coal_anthracite,0.0,thousand_tonnes,EIA_INTL_v2:productId=11
UGA,2019,coal_anthracite,0.0,thousand_tonnes,EIA_INTL_v2:productId=11
UKR,2019,coal_anthracite,0.0,thousand_tonnes,EIA_INTL_v2:productId=11
URY,2019,coal_anthracite,0.0,thousand_tonnes,EIA_INTL_v2:productId=11
USA,2019,coal_anthracite,2367.9971838545794,thousand_tonnes,EIA_INTL_v2:productId=11
UZB,2019,coal_anthracite,0.0,thousand_tonnes,EIA_INTL_v2:productId=11
VCT,2019,coal_anthracite,0.0,thousand_tonnes,EIA_INTL_v2:productId=11
VEN,2019,coal_anthracite,0.0,thousand_tonnes,EIA_INTL_v2:productId=11
VGB,2019,coal_anthracite,0.0,thousand_tonnes,EIA_INTL_v2:productId=11
VIR,2019,coal_anthracite,0.0,thousand_tonnes,EIA_INTL_v2:productId=11
VNM,2019,coal_anthracite,45686.94566670784,thousand_tonnes,EIA_INTL_v2:productId=11
VUT,2019,coal_anthracite,0.0,thousand_tonnes,EIA_INTL_v2:productId=11
WAK,2019,coal_anthracite,0.0,thousand_tonnes,EIA_INTL_v2:productId=11
WSM,2019,coal_anthracite,0.0,thousand_tonnes,EIA_INTL_v2:productId=11
XKS,2019,coal_anthracite,0.0,thousand_tonnes,EIA_INTL_v2:productId=11
YEM,2019,coal_anthracite,0.0,thousand_tonnes,EIA_INTL_v2:productId=11
ZAF,2019,coal_anthracite,3658.2296494430207,thousand_tonnes,EIA_INTL_v2:productId=11
ZMB,2019,coal_anthracite,0.0,thousand_tonnes,EIA_INTL_v2:productId=11
ZWE,2019,coal_anthracite,1.2208719211858952,thousand_tonnes,EIA_INTL_v2:productId=11
ABW,2020,coal_anthracite,0.0,thousand_tonnes,EIA_INTL_v2:productId=11
AFG,2020,coal_anthracite,0.0,thousand_tonnes,EIA_INTL_v2:productId=11
AGO,2020,coal_anthracite,0.0,thousand_tonnes,EIA_INTL_v2:productId=11
ALB,2020,coal_anthracite,0.0,thousand_tonnes,EIA_INTL_v2:productId=11
ARE,2020,coal_anthracite,0.0,thousand_tonnes,EIA_INTL_v2:productId=11
ARG,2020,coal_anthracite,0.0,thousand_tonnes,EIA_INTL_v2:productId=11
ARM,2020,coal_anthracite,0.0,thousand_tonnes,EIA_INTL_v2:productId=11
ASM,2020,coal_anthracite,0.0,thousand_tonnes,EIA_INTL_v2:productId=11
ATA,2020,coal_anthracite,0.0,thousand_tonnes,EIA_INTL_v2:productId=11
ATG,2020,coal_anthracite,0.0,thousand_tonnes,EIA_INTL_v2:productId=11
AUS,2020,coal_anthracite,7013.446555244594,thousand_tonnes,EIA_INTL_v2:productId=11
AUT,2020,coal_anthracite,0.0,thousand_tonnes,EIA_INTL_v2:productId=11
AZE,2020,coal_anthracite,0.0,thousand_tonnes,EIA_INTL_v2:productId=11
BDI,2020,coal_anthracite,0.0,thousand_tonnes,EIA_INTL_v2:productId=11
BEL,2020,coal_anthracite,0.0,thousand_tonnes,EIA_INTL_v2:productId=11
BEN,2020,coal_anthracite,0.0,thousand_tonnes,EIA_INTL_v2:productId=11
BFA,2020,coal_anthracite,0.0,thousand_tonnes,EIA_INTL_v2:productId=11
BGD,2020,coal_anthracite,0.0,thousand_tonnes,EIA_INTL_v2:productId=11
BGR,2020,coal_anthracite,0.0,thousand_tonnes,EIA_INTL_v2:productId=11
BHR,2020,coal_anthracite,0.0,thousand_tonnes,EIA_INTL_v2:productId=11
BHS,2020,coal_anthracite,0.0,thousand_tonnes,EIA_INTL_v2:productId=11
BIH,2020,coal_anthracite,0.0,thousand_tonnes,EIA_INTL_v2:productId=11
BLR,2020,coal_anthracite,0.0,thousand_tonnes,EIA_INTL_v2:productId=11
BLZ,2020,coal_anthracite,0.0,thousand_tonnes,EIA_INTL_v2:productId=11
BMU,2020,coal_anthracite,0.0,thousand_tonnes,EIA_INTL_v2:productId=11
BOL,2020,coal_anthracite,0.0,thousand_tonnes,EIA_INTL_v2:productId=11
BRA,2020,coal_anthracite,0.0,thousand_tonnes,EIA_INTL_v2:productId=11
BRB,2020,coal_anthracite,0.0,thousand_tonnes,EIA_INTL_v2:productId=11
BRN,2020,coal_anthracite,0.0,thousand_tonnes,EIA_INTL_v2:productId=11
BTN,2020,coal_anthracite,0.0,thousand_tonnes,EIA_INTL_v2:productId=11
BWA,2020,coal_anthracite,0.0,thousand_tonnes,EIA_INTL_v2:productId=11
CAF,2020,coal_anthracite,0.0,thousand_tonnes,EIA_INTL_v2:productId=11
CAN,2020,coal_anthracite,0.0,thousand_tonnes,EIA_INTL_v2:productId=11
CHE,2020,coal_anthracite,0.0,thousand_tonnes,EIA_INTL_v2:productId=11
CHL,2020,coal_anthracite,0.0,thousand_tonnes,EIA_INTL_v2:productId=11
CHN,2020,coal_anthracite,459661.2893044023,thousand_tonnes,EIA_INTL_v2:productId=11
CIV,2020,coal_anthracite,0.0,thousand_tonnes,EIA_INTL_v2:productId=11
CMR,2020,coal_anthracite,0.0,thousand_tonnes,EIA_INTL_v2:productId=11
COD,2020,coal_anthracite,0.0,thousand_tonnes,EIA_INTL_v2:productId=11
COG,2020,coal_anthracite,0.0,thousand_tonnes,EIA_INTL_v2:productId=11
COK,2020,coal_anthracite,0.0,thousand_tonnes,EIA_INTL_v2:productId=11
COL,2020,coal_anthracite,3.79999548084772,thousand_tonnes,EIA_INTL_v2:productId=11
COM,2020,coal_anthracite,0.0,thousand_tonnes,EIA_INTL_v2:productId=11
CPV,2020,coal_anthracite,0.0,thousand_tonnes,EIA_INTL_v2:productId=11
CRI,2020,coal_anthracite,0.0,thousand_tonnes,EIA_INTL_v2:productId=11
CUB,2020,coal_anthracite,0.0,thousand_tonnes,EIA_INTL_v2:productId=11
CYM,2020,coal_anthracite,0.0,thousand_tonnes,EIA_INTL_v2:productId=11
CYP,2020,coal_anthracite,0.0,thousand_tonnes,EIA_INTL_v2:productId=11
CZE,2020,coal_anthracite,0.0,thousand_tonnes,EIA_INTL_v2:productId=11
DEU,2020,coal_anthracite,0.0,thousand_tonnes,EIA_INTL_v2:productId=11
DJI,2020,coal_anthracite,0.0,thousand_tonnes,EIA_INTL_v2:productId=11
DMA,2020,coal_anthracite,0.0,thousand_tonnes,EIA_INTL_v2:productId=11
DNK,2020,coal_anthracite,0.0,thousand_tonnes,EIA_INTL_v2:productId=11
DOM,2020,coal_anthracite,0.0,thousand_tonnes,EIA_INTL_v2:productId=11
DZA,2020,coal_anthracite,0.0,thousand_tonnes,EIA_INTL_v2:productId=11
ECU,2020,coal_anthracite,0.0,thousand_tonnes,EIA_INTL_v2:productId=11
EGY,2020,coal_anthracite,0.0,thousand_tonnes,EIA_INTL_v2:productId=11
ERI,2020,coal_anthracite,0.0,thousand_tonnes,EIA_INTL_v2:productId=11
ESH,2020,coal_anthracite,0.0,thousand_tonnes,EIA_INTL_v2:productId=11
ESP,2020,coal_anthracite,0.0,thousand_tonnes,EIA_INTL_v2:productId=11
EST,2020,coal_anthracite,0.0,thousand_tonnes,EIA_INTL_v2:productId=11
ETH,2020,coal_anthracite,0.0,thousand_tonnes,EIA_INTL_v2:productId=11
FIN,2020,coal_anthracite,0.0,thousand_tonnes,EIA_INTL_v2:productId=11
FJI,2020,coal_anthracite,0.0,thousand_tonnes,EIA_INTL_v2:productId=11
FLK,2020,coal_anthracite,0.0,thousand_tonnes,EIA_INTL_v2:productId=11
FRA,2020,coal_anthracite,0.0,thousand_tonnes,EIA_INTL_v2:productId=11
FRO,2020,coal_anthracite,0.0,thousand_tonnes,EIA_INTL_v2:productId=11
FSM,2020,coal_anthracite,0.0,thousand_tonnes,EIA_INTL_v2:productId=11
GAB,2020,coal_anthracite,0.0,thousand_tonnes,EIA_INTL_v2:productId=11
GBR,2020,coal_anthracite,345.34958929230527,thousand_tonnes,EIA_INTL_v2:productId=11
GEO,2020,coal_anthracite,0.0,thousand_tonnes,EIA_INTL_v2:productId=11
GHA,2020,coal_anthracite,0.0,thousand_tonnes,EIA_INTL_v2:productId=11
GIB,2020,coal_anthracite,0.0,thousand_tonnes,EIA_INTL_v2:productId=11
GIN,2020,coal_anthracite,0.0,thousand_tonnes,EIA_INTL_v2:productId=11
GMB,2020,coal_anthracite,0.0,thousand_tonnes,EIA_INTL_v2:productId=11
GNB,2020,coal_anthracite,0.0,thousand_tonnes,EIA_INTL_v2:productId=11
GNQ,2020,coal_anthracite,0.0,thousand_tonnes,EIA_INTL_v2:productId=11
GRC,2020,coal_anthracite,0.0,thousand_tonnes,EIA_INTL_v2:productId=11
GRD,2020,coal_anthracite,0.0,thousand_tonnes,EIA_INTL_v2:productId=11
GRL,2020,coal_anthracite,0.0,thousand_tonnes,EIA_INTL_v2:productId=11
GTM,2020,coal_anthracite,0.0,thousand_tonnes,EIA_INTL_v2:productId=11
GUM,2020,coal_anthracite,0.0,thousand_tonnes,EIA_INTL_v2:productId=11
GUY,2020,coal_anthracite,0.0,thousand_tonnes,EIA_INTL_v2:productId=11
HKG,2020,coal_anthracite,0.0,thousand_tonnes,EIA_INTL_v2:productId=11
HND,2020,coal_anthracite,0.0,thousand_tonnes,EIA_INTL_v2:productId=11
HRV,2020,coal_anthracite,0.0,thousand_tonnes,EIA_INTL_v2:productId=11
HTI,2020,coal_anthracite,0.0,thousand_tonnes,EIA_INTL_v2:productId=11
HUN,2020,coal_anthracite,0.0,thousand_tonnes,EIA_INTL_v2:productId=11
IDN,2020,coal_anthracite,0.0,thousand_tonnes,EIA_INTL_v2:productId=11
IND,2020,coal_anthracite,0.0,thousand_tonnes,EIA_INTL_v2:productId=11
IRL,2020,coal_anthracite,0.0,thousand_tonnes,EIA_INTL_v2:productId=11
IRN,2020,coal_anthracite,0.0,thousand_tonnes,EIA_INTL_v2:productId=11
IRQ,2020,coal_anthracite,0.0,thousand_tonnes,EIA_INTL_v2:productId=11
ISL,2020,coal_anthracite,0.0,thousand_tonnes,EIA_INTL_v2:productId=11
ISR,2020,coal_anthracite,0.0,thousand_tonnes,EIA_INTL_v2:productId=11
ITA,2020,coal_anthracite,0.0,thousand_tonnes,EIA_INTL_v2:productId=11
JAM,2020,coal_anthracite,0.0,thousand_tonnes,EIA_INTL_v2:productId=11
JOR,2020,coal_anthracite,0.0,thousand_tonnes,EIA_INTL_v2:productId=11
JPN,2020,coal_anthracite,0.0,thousand_tonnes,EIA_INTL_v2:productId=11
KAZ,2020,coal_anthracite,0.0,thousand_tonnes,EIA_INTL_v2:productId=11
KEN,2020,coal_anthracite,0.0,thousand_tonnes,EIA_INTL_v2:productId=11
KGZ,2020,coal_anthracite,0.0,thousand_tonnes,EIA_INTL_v2:productId=11
KHM,2020,coal_anthracite,0.0,thousand_tonnes,EIA_INTL_v2:productId=11
KIR,2020,coal_anthracite,0.0,thousand_tonnes,EIA_INTL_v2:productId=11
KNA,2020,coal_anthracite,0.0,thousand_tonnes,EIA_INTL_v2:productId=11
KOR,2020,coal_anthracite,1018.9987881536387,thousand_tonnes,EIA_INTL_v2:productId=11
KWT,2020,coal_anthracite,0.0,thousand_tonnes,EIA_INTL_v2:productId=11
LAO,2020,coal_anthracite,320.2306191650911,thousand_tonnes,EIA_INTL_v2:productId=11
LBN,2020,coal_anthracite,0.0,thousand_tonnes,EIA_INTL_v2:productId=11
LBR,2020,coal_anthracite,0.0,thousand_tonnes,EIA_INTL_v2:productId=11
LBY,2020,coal_anthracite,0.0,thousand_tonnes,EIA_INTL_v2:productId=11
LCA,2020,coal_anthracite,0.0,thousand_tonnes,EIA_INTL_v2:productId=11
LKA,2020,coal_anthracite,0.0,thousand_tonnes,EIA_INTL_v2:productId=11
LSO,2020,coal_anthracite,0.0,thousand_tonnes,EIA_INTL_v2:productId=11
LTU,2020,coal_anthracite,0.0,thousand_tonnes,EIA_INTL_v2:productId=11
LUX,2020,coal_anthracite,0.0,thousand_tonnes,EIA_INTL_v2:productId=11
LVA,2020,coal_anthracite,0.0,thousand_tonnes,EIA_INTL_v2:productId=11
MAC,2020,coal_anthracite,0.0,thousand_tonnes,EIA_INTL_v2:productId=11
MAR,2020,coal_anthracite,0.0,thousand_tonnes,EIA_INTL_v2:productId=11
MDA,2020,coal_anthracite,0.0,thousand_tonnes,EIA_INTL_v2:productId=11
MDG,2020,coal_anthracite,0.0,thousand_tonnes,EIA_INTL_v2:productId=11
MDV,2020,coal_anthracite,0.0,thousand_tonnes,EIA_INTL_v2:productId=11
MEX,2020,coal_anthracite,24.293146175296624,thousand_tonnes,EIA_INTL_v2:productId=11
MKD,2020,coal_anthracite,0.0,thousand_tonnes,EIA_INTL_v2:productId=11
MLI,2020,coal_anthracite,0.0,thousand_tonnes,EIA_INTL_v2:productId=11
MLT,2020,coal_anthracite,0.0,thousand_tonnes,EIA_INTL_v2:productId=11
MMR,2020,coal_anthracite,0.0,thousand_tonnes,EIA_INTL_v2:productId=11
MNE,2020,coal_anthracite,0.0,thousand_tonnes,EIA_INTL_v2:productId=11
MNG,2020,coal_anthracite,22.00819382671116,thousand_tonnes,EIA_INTL_v2:productId=11
MNP,2020,coal_anthracite,0.0,thousand_tonnes,EIA_INTL_v2:productId=11
MOZ,2020,coal_anthracite,0.0,thousand_tonnes,EIA_INTL_v2:productId=11
MRT,2020,coal_anthracite,0.0,thousand_tonnes,EIA_INTL_v2:productId=11
MSR,2020,coal_anthracite,0.0,thousand_tonnes,EIA_INTL_v2:productId=11
MUS,2020,coal_anthracite,0.0,thousand_tonnes,EIA_INTL_v2:productId=11
MWI,2020,coal_anthracite,0.0,thousand_tonnes,EIA_INTL_v2:productId=11
MYS,2020,coal_anthracite,0.0,thousand_tonnes,EIA_INTL_v2:productId=11
NAM,2020,coal_anthracite,0.0,thousand_tonnes,EIA_INTL_v2:productId=11
NCL,2020,coal_anthracite,0.0,thousand_tonnes,EIA_INTL_v2:productId=11
NER,2020,coal_anthracite,0.0,thousand_tonnes,EIA_INTL_v2:productId=11
NGA,2020,coal_anthracite,0.0,thousand_tonnes,EIA_INTL_v2:productId=11
NIC,2020,coal_anthracite,0.0,thousand_tonnes,EIA_INTL_v2:productId=11
NIU,2020,coal_anthracite,0.0,thousand_tonnes,EIA_INTL_v2:productId=11
NLD,2020,coal_anthracite,0.0,thousand_tonnes,EIA_INTL_v2:productId=11
NOR,2020,coal_anthracite,0.0,thousand_tonnes,EIA_INTL_v2:productId=11
NPL,2020,coal_anthracite,0.0,thousand_tonnes,EIA_INTL_v2:productId=11
NRU,2020,coal_anthracite,0.0,thousand_tonnes,EIA_INTL_v2:productId=11
NZL,2020,coal_anthracite,0.0,thousand_tonnes,EIA_INTL_v2:productId=11
OMN,2020,coal_anthracite,0.0,thousand_tonnes,EIA_INTL_v2:productId=11
PAK,2020,coal_anthracite,0.0,thousand_tonnes,EIA_INTL_v2:productId=11
PAN,2020,coal_anthracite,0.0,thousand_tonnes,EIA_INTL_v2:productId=11
PER,2020,coal_anthracite,339.72873197692115,thousand_tonnes,EIA_INTL_v2:productId=11
PHL,2020,coal_anthracite,0.0,thousand_tonnes,EIA_INTL_v2:productId=11
PNG,2020,coal_anthracite,0.0,thousand_tonnes,EIA_INTL_v2:productId=11
POL,2020,coal_anthracite,18.121345328322764,thousand_tonnes,EIA_INTL_v2:productId=11
PRI,2020,coal_anthracite,0.0,thousand_tonnes,EIA_INTL_v2:productId=11
PRK,2020,coal_anthracite,13299.98418296702,thousand_tonnes,EIA_INTL_v2:productId=11
PRT,2020,coal_anthracite,0.0,thousand_tonnes,EIA_INTL_v2:productId=11
PRY,2020,coal_anthracite,0.0,thousand_tonnes,EIA_INTL_v2:productId=11
PSE,2020,coal_anthracite,0.0,thousand_tonnes,EIA_INTL_v2:productId=11
PYF,2020,coal_anthracite,0.0,thousand_tonnes,EIA_INTL_v2:productId=11
QAT,2020,coal_anthracite,0.0,thousand_tonnes,EIA_INTL_v2:productId=11
ROU,2020,coal_anthracite,0.0,thousand_tonnes,EIA_INTL_v2:productId=11
RUS,2020,coal_anthracite,23487.57163954652,thousand_tonnes,EIA_INTL_v2:productId=11
RWA,2020,coal_anthracite,0.0,thousand_tonnes,EIA_INTL_v2:productId=11
SAU,2020,coal_anthracite,0.0,thousand_tonnes,EIA_INTL_v2:productId=11
SDN,2020,coal_anthracite,0.0,thousand_tonnes,EIA_INTL_v2:productId=11
SEN,2020,coal_anthracite,0.0,thousand_tonnes,EIA_INTL_v2:productId=11
SGP,2020,coal_anthracite,0.0,thousand_tonnes,EIA_INTL_v2:productId=11
SHN,2020,coal_anthracite,0.0,thousand_tonnes,EIA_INTL_v2:productId=11
SLB,2020,coal_anthracite,0.0,thousand_tonnes,EIA_INTL_v2:productId=11
SLE,2020,coal_anthracite,0.0,thousand_tonnes,EIA_INTL_v2:productId=11
SLV,2020,coal_anthracite,0.0,thousand_tonnes,EIA_INTL_v2:productId=11
SOM,2020,coal_anthracite,0.0,thousand_tonnes,EIA_INTL_v2:productId=11
SPM,2020,coal_anthracite,0.0,thousand_tonnes,EIA_INTL_v2:productId=11
SRB,2020,coal_anthracite,0.0,thousand_tonnes,EIA_INTL_v2:productId=11
SSD,2020,coal_anthracite,0.0,thousand_tonnes,EIA_INTL_v2:productId=11
STP,2020,coal_anthracite,0.0,thousand_tonnes,EIA_INTL_v2:productId=11
SUR,2020,coal_anthracite,0.0,thousand_tonnes,EIA_INTL_v2:productId=11
SVK,2020,coal_anthracite,0.0,thousand_tonnes,EIA_INTL_v2:productId=11
SVN,2020,coal_anthracite,0.0,thousand_tonnes,EIA_INTL_v2:productId=11
SWE,2020,coal_anthracite,0.0,thousand_tonnes,EIA_INTL_v2:productId=11
SWZ,2020,coal_anthracite,0.0,thousand_tonnes,EIA_INTL_v2:productId=11
SYC,2020,coal_anthracite,0.0,thousand_tonnes,EIA_INTL_v2:productId=11
SYR,2020,coal_anthracite,0.0,thousand_tonnes,EIA_INTL_v2:productId=11
TCA,2020,coal_anthracite,0.0,thousand_tonnes,EIA_INTL_v2:productId=11
TCD,2020,coal_anthracite,0.0,thousand_tonnes,EIA_INTL_v2:productId=11
TGO,2020,coal_anthracite,0.0,thousand_tonnes,EIA_INTL_v2:productId=11
THA,2020,coal_anthracite,0.0,thousand_tonnes,EIA_INTL_v2:productId=11
TJK,2020,coal_anthracite,0.0,thousand_tonnes,EIA_INTL_v2:productId=11
TKM,2020,coal_anthracite,0.0,thousand_tonnes,EIA_INTL_v2:productId=11
TLS,2020,coal_anthracite,0.0,thousand_tonnes,EIA_INTL_v2:productId=11
TON,2020,coal_anthracite,0.0,thousand_tonnes,EIA_INTL_v2:productId=11
TTO,2020,coal_anthracite,0.0,thousand_tonnes,EIA_INTL_v2:productId=11
TUN,2020,coal_anthracite,0.0,thousand_tonnes,EIA_INTL_v2:productId=11
TUR,2020,coal_anthracite,0.0,thousand_tonnes,EIA_INTL_v2:productId=11
TUV,2020,coal_anthracite,0.0,thousand_tonnes,EIA_INTL_v2:productId=11
TWN,2020,coal_anthracite,0.0,thousand_tonnes,EIA_INTL_v2:productId=11
TZA,2020,coal_anthracite,0.0,thousand_tonnes,EIA_INTL_v2:productId=11
UGA,2020,coal_anthracite,0.0,thousand_tonnes,EIA_INTL_v2:productId=11
UKR,2020,coal_anthracite,0.0,thousand_tonnes,EIA_INTL_v2:productId=11
URY,2020,coal_anthracite,0.0,thousand_tonnes,EIA_INTL_v2:productId=11
USA,2020,coal_anthracite,2132.99746332847,thousand_tonnes,EIA_INTL_v2:productId=11
UZB,2020,coal_anthracite,0.0,thousand_tonnes,EIA_INTL_v2:productId=11
VCT,2020,coal_anthracite,0.0,thousand_tonnes,EIA_INTL_v2:productId=11
VEN,2020,coal_anthracite,0.0,thousand_tonnes,EIA_INTL_v2:productId=11
VGB,2020,coal_anthracite,0.0,thousand_tonnes,EIA_INTL_v2:productId=11
VIR,2020,coal_anthracite,0.0,thousand_tonnes,EIA_INTL_v2:productId=11
VNM,2020,coal_anthracite,43894.587479988186,thousand_tonnes,EIA_INTL_v2:productId=11
VUT,2020,coal_anthracite,0.0,thousand_tonnes,EIA_INTL_v2:productId=11
WAK,2020,coal_anthracite,0.0,thousand_tonnes,EIA_INTL_v2:productId=11
WSM,2020,coal_anthracite,0.0,thousand_tonnes,EIA_INTL_v2:productId=11
XKS,2020,coal_anthracite,0.0,thousand_tonnes,EIA_INTL_v2:productId=11
YEM,2020,coal_anthracite,0.0,thousand_tonnes,EIA_INTL_v2:productId=11
ZAF,2020,coal_anthracite,3471.995870921917,thousand_tonnes,EIA_INTL_v2:productId=11
ZMB,2020,coal_anthracite,0.0,thousand_tonnes,EIA_INTL_v2:productId=11
ZWE,2020,coal_anthracite,1.2575511379625008,thousand_tonnes,EIA_INTL_v2:productId=11
ABW,2021,coal_anthracite,0.0,thousand_tonnes,EIA_INTL_v2:productId=11
AFG,2021,coal_anthracite,0.0,thousand_tonnes,EIA_INTL_v2:productId=11
AGO,2021,coal_anthracite,0.0,thousand_tonnes,EIA_INTL_v2:productId=11
ALB,2021,coal_anthracite,0.0,thousand_tonnes,EIA_INTL_v2:productId=11
ARE,2021,coal_anthracite,0.0,thousand_tonnes,EIA_INTL_v2:productId=11
ARG,2021,coal_anthracite,0.0,thousand_tonnes,EIA_INTL_v2:productId=11
ARM,2021,coal_anthracite,0.0,thousand_tonnes,EIA_INTL_v2:productId=11
ASM,2021,coal_anthracite,0.0,thousand_tonnes,EIA_INTL_v2:productId=11
ATA,2021,coal_anthracite,0.0,thousand_tonnes,EIA_INTL_v2:productId=11
ATG,2021,coal_anthracite,0.0,thousand_tonnes,EIA_INTL_v2:productId=11
AUS,2021,coal_anthracite,6939.668432985373,thousand_tonnes,EIA_INTL_v2:productId=11
AUT,2021,coal_anthracite,0.0,thousand_tonnes,EIA_INTL_v2:productId=11
AZE,2021,coal_anthracite,0.0,thousand_tonnes,EIA_INTL_v2:productId=11
BDI,2021,coal_anthracite,0.0,thousand_tonnes,EIA_INTL_v2:productId=11
BEL,2021,coal_anthracite,0.0,thousand_tonnes,EIA_INTL_v2:productId=11
BEN,2021,coal_anthracite,0.0,thousand_tonnes,EIA_INTL_v2:productId=11
BFA,2021,coal_anthracite,0.0,thousand_tonnes,EIA_INTL_v2:productId=11
BGD,2021,coal_anthracite,0.0,thousand_tonnes,EIA_INTL_v2:productId=11
BGR,2021,coal_anthracite,0.0,thousand_tonnes,EIA_INTL_v2:productId=11
BHR,2021,coal_anthracite,0.0,thousand_tonnes,EIA_INTL_v2:productId=11
BHS,2021,coal_anthracite,0.0,thousand_tonnes,EIA_INTL_v2:productId=11
BIH,2021,coal_anthracite,0.0,thousand_tonnes,EIA_INTL_v2:productId=11
BLR,2021,coal_anthracite,0.0,thousand_tonnes,EIA_INTL_v2:productId=11
BLZ,2021,coal_anthracite,0.0,thousand_tonnes,EIA_INTL_v2:productId=11
BMU,2021,coal_anthracite,0.0,thousand_tonnes,EIA_INTL_v2:productId=11
BOL,2021,coal_anthracite,0.0,thousand_tonnes,EIA_INTL_v2:productId=11
BRA,2021,coal_anthracite,0.0,thousand_tonnes,EIA_INTL_v2:productId=11
BRB,2021,coal_anthracite,0.0,thousand_tonnes,EIA_INTL_v2:productId=11
BRN,2021,coal_anthracite,0.0,thousand_tonnes,EIA_INTL_v2:productId=11
BTN,2021,coal_anthracite,0.0,thousand_tonnes,EIA_INTL_v2:productId=11
BWA,2021,coal_anthracite,0.0,thousand_tonnes,EIA_INTL_v2:productId=11
CAF,2021,coal_anthracite,0.0,thousand_tonnes,EIA_INTL_v2:productId=11
CAN,2021,coal_anthracite,0.0,thousand_tonnes,EIA_INTL_v2:productId=11
CHE,2021,coal_anthracite,0.0,thousand_tonnes,EIA_INTL_v2:productId=11
CHL,2021,coal_anthracite,0.0,thousand_tonnes,EIA_INTL_v2:productId=11
CHN,2021,coal_anthracite,486101.49974224035,thousand_tonnes,EIA_INTL_v2:productId=11
CIV,2021,coal_anthracite,0.0,thousand_tonnes,EIA_INTL_v2:productId=11
CMR,2021,coal_anthracite,0.0,thousand_tonnes,EIA_INTL_v2:productId=11
COD,2021,coal_anthracite,0.0,thousand_tonnes,EIA_INTL_v2:productId=11
COG,2021,coal_anthracite,0.0,thousand_tonnes,EIA_INTL_v2:productId=11
COK,2021,coal_anthracite,0.0,thousand_tonnes,EIA_INTL_v2:productId=11
COL,2021,coal_anthracite,4.3289890517410505,thousand_tonnes,EIA_INTL_v2:productId=11
COM,2021,coal_anthracite,0.0,thousand_tonnes,EIA_INTL_v2:productId=11
CPV,2021,coal_anthracite,0.0,thousand_tonnes,EIA_INTL_v2:productId=11
CRI,2021,coal_anthracite,0.0,thousand_tonnes,EIA_INTL_v2:productId=11
CUB,2021,coal_anthracite,0.0,thousand_tonnes,EIA_INTL_v2:productId=11
CYM,2021,coal_anthracite,0.0,thousand_tonnes,EIA_INTL_v2:productId=11
CYP,2021,coal_anthracite,0.0,thousand_tonnes,EIA_INTL_v2:productId=11
CZE,2021,coal_anthracite,0.0,thousand_tonnes,EIA_INTL_v2:productId=11
DEU,2021,coal_anthracite,0.0,thousand_tonnes,EIA_INTL_v2:productId=11
DJI,2021,coal_anthracite,0.0,thousand_tonnes,EIA_INTL_v2:productId=11
DMA,2021,coal_anthracite,0.0,thousand_tonnes,EIA_INTL_v2:productId=11
DNK,2021,coal_anthracite,0.0,thousand_tonnes,EIA_INTL_v2:productId=11
DOM,2021,coal_anthracite,0.0,thousand_tonnes,EIA_INTL_v2:productId=11
DZA,2021,coal_anthracite,0.0,thousand_tonnes,EIA_INTL_v2:productId=11
ECU,2021,coal_anthracite,0.0,thousand_tonnes,EIA_INTL_v2:productId=11
EGY,2021,coal_anthracite,0.0,thousand_tonnes,EIA_INTL_v2:productId=11
ERI,2021,coal_anthracite,0.0,thousand_tonnes,EIA_INTL_v2:productId=11
ESH,2021,coal_anthracite,0.0,thousand_tonnes,EIA_INTL_v2:productId=11
ESP,2021,coal_anthracite,0.0,thousand_tonnes,EIA_INTL_v2:productId=11
EST,2021,coal_anthracite,0.0,thousand_tonnes,EIA_INTL_v2:productId=11
ETH,2021,coal_anthracite,0.0,thousand_tonnes,EIA_INTL_v2:productId=11
FIN,2021,coal_anthracite,0.0,thousand_tonnes,EIA_INTL_v2:productId=11
FJI,2021,coal_anthracite,0.0,thousand_tonnes,EIA_INTL_v2:productId=11
FLK,2021,coal_anthracite,0.0,thousand_tonnes,EIA_INTL_v2:productId=11
FRA,2021,coal_anthracite,0.0,thousand_tonnes,EIA_INTL_v2:productId=11
FRO,2021,coal_anthracite,0.0,thousand_tonnes,EIA_INTL_v2:productId=11
FSM,2021,coal_anthracite,0.0,thousand_tonnes,EIA_INTL_v2:productId=11
GAB,2021,coal_anthracite,0.0,thousand_tonnes,EIA_INTL_v2:productId=11
GBR,2021,coal_anthracite,266.11968351663035,thousand_tonnes,EIA_INTL_v2:productId=11
GEO,2021,coal_anthracite,0.0,thousand_tonnes,EIA_INTL_v2:productId=11
GHA,2021,coal_anthracite,0.0,thousand_tonnes,EIA_INTL_v2:productId=11
GIB,2021,coal_anthracite,0.0,thousand_tonnes,EIA_INTL_v2:productId=11
GIN,2021,coal_anthracite,0.0,thousand_tonnes,EIA_INTL_v2:productId=11
GMB,2021,coal_anthracite,0.0,thousand_tonnes,EIA_INTL_v2:productId=11
GNB,2021,coal_anthracite,0.0,thousand_tonnes,EIA_INTL_v2:productId=11
GNQ,2021,coal_anthracite,0.0,thousand_tonnes,EIA_INTL_v2:productId=11
GRC,2021,coal_anthracite,0.0,thousand_tonnes,EIA_INTL_v2:productId=11
GRD,2021,coal_anthracite,0.0,thousand_tonnes,EIA_INTL_v2:productId=11
GRL,2021,coal_anthracite,0.0,thousand_tonnes,EIA_INTL_v2:productId=11
GTM,2021,coal_anthracite,0.0,thousand_tonnes,EIA_INTL_v2:productId=11
GUM,2021,coal_anthracite,0.0,thousand_tonnes,EIA_INTL_v2:productId=11
GUY,2021,coal_anthracite,0.0,thousand_tonnes,EIA_INTL_v2:productId=11
HKG,2021,coal_anthracite,0.0,thousand_tonnes,EIA_INTL_v2:productId=11
HND,2021,coal_anthracite,0.0,thousand_tonnes,EIA_INTL_v2:productId=11
HRV,2021,coal_anthracite,0.0,thousand_tonnes,EIA_INTL_v2:productId=11
HTI,2021,coal_anthracite,0.0,thousand_tonnes,EIA_INTL_v2:productId=11
HUN,2021,coal_anthracite,0.0,thousand_tonnes,EIA_INTL_v2:productId=11
IDN,2021,coal_anthracite,0.0,thousand_tonnes,EIA_INTL_v2:productId=11
IND,2021,coal_anthracite,9.560252591281694,thousand_tonnes,EIA_INTL_v2:productId=11
IRL,2021,coal_anthracite,0.0,thousand_tonnes,EIA_INTL_v2:productId=11
IRN,2021,coal_anthracite,0.0,thousand_tonnes,EIA_INTL_v2:productId=11
IRQ,2021,coal_anthracite,0.0,thousand_tonnes,EIA_INTL_v2:productId=11
ISL,2021,coal_anthracite,0.0,thousand_tonnes,EIA_INTL_v2:productId=11
ISR,2021,coal_anthracite,0.0,thousand_tonnes,EIA_INTL_v2:productId=11
ITA,2021,coal_anthracite,0.0,thousand_tonnes,EIA_INTL_v2:productId=11
JAM,2021,coal_anthracite,0.0,thousand_tonnes,EIA_INTL_v2:productId=11
JOR,2021,coal_anthracite,0.0,thousand_tonnes,EIA_INTL_v2:productId=11
JPN,2021,coal_anthracite,0.0,thousand_tonnes,EIA_INTL_v2:productId=11
KAZ,2021,coal_anthracite,0.0,thousand_tonnes,EIA_INTL_v2:productId=11
KEN,2021,coal_anthracite,0.0,thousand_tonnes,EIA_INTL_v2:productId=11
KGZ,2021,coal_anthracite,0.0,thousand_tonnes,EIA_INTL_v2:productId=11
KHM,2021,coal_anthracite,0.0,thousand_tonnes,EIA_INTL_v2:productId=11
KIR,2021,coal_anthracite,0.0,thousand_tonnes,EIA_INTL_v2:productId=11
KNA,2021,coal_anthracite,0.0,thousand_tonnes,EIA_INTL_v2:productId=11
KOR,2021,coal_anthracite,897.9989320529612,thousand_tonnes,EIA_INTL_v2:productId=11
KWT,2021,coal_anthracite,0.0,thousand_tonnes,EIA_INTL_v2:productId=11
LAO,2021,coal_anthracite,698.5201692834817,thousand_tonnes,EIA_INTL_v2:productId=11
LBN,2021,coal_anthracite,0.0,thousand_tonnes,EIA_INTL_v2:productId=11
LBR,2021,coal_anthracite,0.0,thousand_tonnes,EIA_INTL_v2:productId=11
LBY,2021,coal_anthracite,0.0,thousand_tonnes,EIA_INTL_v2:productId=11
LCA,2021,coal_anthracite,0.0,thousand_tonnes,EIA_INTL_v2:productId=11
LKA,2021,coal_anthracite,0.0,thousand_tonnes,EIA_INTL_v2:productId=11
LSO,2021,coal_anthracite,0.0,thousand_tonnes,EIA_INTL_v2:productId=11
LTU,2021,coal_anthracite,0.0,thousand_tonnes,EIA_INTL_v2:productId=11
LUX,2021,coal_anthracite,0.0,thousand_tonnes,EIA_INTL_v2:productId=11
LVA,2021,coal_anthracite,0.0,thousand_tonnes,EIA_INTL_v2:productId=11
MAC,2021,coal_anthracite,0.0,thousand_tonnes,EIA_INTL_v2:productId=11
MAR,2021,coal_anthracite,0.0,thousand_tonnes,EIA_INTL_v2:productId=11
MDA,2021,coal_anthracite,0.0,thousand_tonnes,EIA_INTL_v2:productId=11
MDG,2021,coal_anthracite,0.0,thousand_tonnes,EIA_INTL_v2:productId=11
MDV,2021,coal_anthracite,0.0,thousand_tonnes,EIA_INTL_v2:productId=11
MEX,2021,coal_anthracite,23.33641244447914,thousand_tonnes,EIA_INTL_v2:productId=11
MKD,2021,coal_anthracite,0.0,thousand_tonnes,EIA_INTL_v2:productId=11
MLI,2021,coal_anthracite,0.0,thousand_tonnes,EIA_INTL_v2:productId=11
MLT,2021,coal_anthracite,0.0,thousand_tonnes,EIA_INTL_v2:productId=11
MMR,2021,coal_anthracite,0.0,thousand_tonnes,EIA_INTL_v2:productId=11
MNE,2021,coal_anthracite,0.0,thousand_tonnes,EIA_INTL_v2:productId=11
MNG,2021,coal_anthracite,59.68201328942154,thousand_tonnes,EIA_INTL_v2:productId=11
MNP,2021,coal_anthracite,0.0,thousand_tonnes,EIA_INTL_v2:productId=11
MOZ,2021,coal_anthracite,0.0,thousand_tonnes,EIA_INTL_v2:productId=11
MRT,2021,coal_anthracite,0.0,thousand_tonnes,EIA_INTL_v2:productId=11
MSR,2021,coal_anthracite,0.0,thousand_tonnes,EIA_INTL_v2:productId=11
MUS,2021,coal_anthracite,0.0,thousand_tonnes,EIA_INTL_v2:productId=11
MWI,2021,coal_anthracite,0.0,thousand_tonnes,EIA_INTL_v2:productId=11
MYS,2021,coal_anthracite,0.0,thousand_tonnes,EIA_INTL_v2:productId=11
NAM,2021,coal_anthracite,0.0,thousand_tonnes,EIA_INTL_v2:productId=11
NCL,2021,coal_anthracite,0.0,thousand_tonnes,EIA_INTL_v2:productId=11
NER,2021,coal_anthracite,0.0,thousand_tonnes,EIA_INTL_v2:productId=11
NGA,2021,coal_anthracite,0.0,thousand_tonnes,EIA_INTL_v2:productId=11
NIC,2021,coal_anthracite,0.0,thousand_tonnes,EIA_INTL_v2:productId=11
NIU,2021,coal_anthracite,0.0,thousand_tonnes,EIA_INTL_v2:productId=11
NLD,2021,coal_anthracite,0.0,thousand_tonnes,EIA_INTL_v2:productId=11
NOR,2021,coal_anthracite,0.0,thousand_tonnes,EIA_INTL_v2:productId=11
NPL,2021,coal_anthracite,0.0,thousand_tonnes,EIA_INTL_v2:productId=11
NRU,2021,coal_anthracite,0.0,thousand_tonnes,EIA_INTL_v2:productId=11
NZL,2021,coal_anthracite,0.0,thousand_tonnes,EIA_INTL_v2:productId=11
OMN,2021,coal_anthracite,0.0,thousand_tonnes,EIA_INTL_v2:productId=11
PAK,2021,coal_anthracite,0.0,thousand_tonnes,EIA_INTL_v2:productId=11
PAN,2021,coal_anthracite,0.0,thousand_tonnes,EIA_INTL_v2:productId=11
PER,2021,coal_anthracite,430.63709886396276,thousand_tonnes,EIA_INTL_v2:productId=11
PHL,2021,coal_anthracite,0.0,thousand_tonnes,EIA_INTL_v2:productId=11
PNG,2021,coal_anthracite,0.0,thousand_tonnes,EIA_INTL_v2:productId=11
POL,2021,coal_anthracite,17.28660288484337,thousand_tonnes,EIA_INTL_v2:productId=11
PRI,2021,coal_anthracite,0.0,thousand_tonnes,EIA_INTL_v2:productId=11
PRK,2021,coal_anthracite,10919.987013383448,thousand_tonnes,EIA_INTL_v2:productId=11
PRT,2021,coal_anthracite,0.0,thousand_tonnes,EIA_INTL_v2:productId=11
PRY,2021,coal_anthracite,0.0,thousand_tonnes,EIA_INTL_v2:productId=11
PSE,2021,coal_anthracite,0.0,thousand_tonnes,EIA_INTL_v2:productId=11
PYF,2021,coal_anthracite,0.0,thousand_tonnes,EIA_INTL_v2:productId=11
QAT,2021,coal_anthracite,0.0,thousand_tonnes,EIA_INTL_v2:productId=11
ROU,2021,coal_anthracite,0.0,thousand_tonnes,EIA_INTL_v2:productId=11
RUS,2021,coal_anthracite,25535.173572596832,thousand_tonnes,EIA_INTL_v2:productId=11
RWA,2021,coal_anthracite,0.0,thousand_tonnes,EIA_INTL_v2:productId=11
SAU,2021,coal_anthracite,0.0,thousand_tonnes,EIA_INTL_v2:productId=11
SDN,2021,coal_anthracite,0.0,thousand_tonnes,EIA_INTL_v2:productId=11
SEN,2021,coal_anthracite,0.0,thousand_tonnes,EIA_INTL_v2:productId=11
SGP,2021,coal_anthracite,0.0,thousand_tonnes,EIA_INTL_v2:productId=11
SHN,2021,coal_anthracite,0.0,thousand_tonnes,EIA_INTL_v2:productId=11
SLB,2021,coal_anthracite,0.0,thousand_tonnes,EIA_INTL_v2:productId=11
SLE,2021,coal_anthracite,0.0,thousand_tonnes,EIA_INTL_v2:productId=11
SLV,2021,coal_anthracite,0.0,thousand_tonnes,EIA_INTL_v2:productId=11
SOM,2021,coal_anthracite,0.0,thousand_tonnes,EIA_INTL_v2:productId=11
SPM,2021,coal_anthracite,0.0,thousand_tonnes,EIA_INTL_v2:productId=11
SRB,2021,coal_anthracite,0.0,thousand_tonnes,EIA_INTL_v2:productId=11
SSD,2021,coal_anthracite,0.0,thousand_tonnes,EIA_INTL_v2:productId=11
STP,2021,coal_anthracite,0.0,thousand_tonnes,EIA_INTL_v2:productId=11
SUR,2021,coal_anthracite,0.0,thousand_tonnes,EIA_INTL_v2:productId=11
SVK,2021,coal_anthracite,0.0,thousand_tonnes,EIA_INTL_v2:productId=11
SVN,2021,coal_anthracite,0.0,thousand_tonnes,EIA_INTL_v2:productId=11
SWE,2021,coal_anthracite,0.0,thousand_tonnes,EIA_INTL_v2:productId=11
SWZ,2021,coal_anthracite,0.0,thousand_tonnes,EIA_INTL_v2:productId=11
SYC,2021,coal_anthracite,0.0,thousand_tonnes,EIA_INTL_v2:productId=11
SYR,2021,coal_anthracite,0.0,thousand_tonnes,EIA_INTL_v2:productId=11
TCA,2021,coal_anthracite,0.0,thousand_tonnes,EIA_INTL_v2:productId=11
TCD,2021,coal_anthracite,0.0,thousand_tonnes,EIA_INTL_v2:productId=11
TGO,2021,coal_anthracite,0.0,thousand_tonnes,EIA_INTL_v2:productId=11
THA,2021,coal_anthracite,0.0,thousand_tonnes,EIA_INTL_v2:productId=11
TJK,2021,coal_anthracite,0.0,thousand_tonnes,EIA_INTL_v2:productId=11
TKM,2021,coal_anthracite,0.0,thousand_tonnes,EIA_INTL_v2:productId=11
TLS,2021,coal_anthracite,0.0,thousand_tonnes,EIA_INTL_v2:productId=11
TON,2021,coal_anthracite,0.0,thousand_tonnes,EIA_INTL_v2:productId=11
TTO,2021,coal_anthracite,0.0,thousand_tonnes,EIA_INTL_v2:productId=11
TUN,2021,coal_anthracite,0.0,thousand_tonnes,EIA_INTL_v2:productId=11
TUR,2021,coal_anthracite,0.0,thousand_tonnes,EIA_INTL_v2:productId=11
TUV,2021,coal_anthracite,0.0,thousand_tonnes,EIA_INTL_v2:productId=11
TWN,2021,coal_anthracite,0.0,thousand_tonnes,EIA_INTL_v2:productId=11
TZA,2021,coal_anthracite,0.0,thousand_tonnes,EIA_INTL_v2:productId=11
UGA,2021,coal_anthracite,0.0,thousand_tonnes,EIA_INTL_v2:productId=11
UKR,2021,coal_anthracite,0.0,thousand_tonnes,EIA_INTL_v2:productId=11
URY,2021,coal_anthracite,0.0,thousand_tonnes,EIA_INTL_v2:productId=11
USA,2021,coal_anthracite,2152.22049931658,thousand_tonnes,EIA_INTL_v2:productId=11
UZB,2021,coal_anthracite,0.0,thousand_tonnes,EIA_INTL_v2:productId=11
VCT,2021,coal_anthracite,0.0,thousand_tonnes,EIA_INTL_v2:productId=11
VEN,2021,coal_anthracite,0.0,thousand_tonnes,EIA_INTL_v2:productId=11
VGB,2021,coal_anthracite,0.0,thousand_tonnes,EIA_INTL_v2:productId=11
VIR,2021,coal_anthracite,0.0,thousand_tonnes,EIA_INTL_v2:productId=11
VNM,2021,coal_anthracite,47845.100353187496,thousand_tonnes,EIA_INTL_v2:productId=11
VUT,2021,coal_anthracite,0.0,thousand_tonnes,EIA_INTL_v2:productId=11
WAK,2021,coal_anthracite,0.0,thousand_tonnes,EIA_INTL_v2:productId=11
WSM,2021,coal_anthracite,0.0,thousand_tonnes,EIA_INTL_v2:productId=11
XKS,2021,coal_anthracite,0.0,thousand_tonnes,EIA_INTL_v2:productId=11
YEM,2021,coal_anthracite,0.0,thousand_tonnes,EIA_INTL_v2:productId=11
ZAF,2021,coal_anthracite,3312.0603288905486,thousand_tonnes,EIA_INTL_v2:productId=11
ZMB,2021,coal_anthracite,0.0,thousand_tonnes,EIA_INTL_v2:productId=11
ZWE,2021,coal_anthracite,1.5053864449226588,thousand_tonnes,EIA_INTL_v2:productId=11
ABW,2022,coal_anthracite,0.0,thousand_tonnes,EIA_INTL_v2:productId=11
AFG,2022,coal_anthracite,0.0,thousand_tonnes,EIA_INTL_v2:productId=11
AGO,2022,coal_anthracite,0.0,thousand_tonnes,EIA_INTL_v2:productId=11
ALB,2022,coal_anthracite,0.0,thousand_tonnes,EIA_INTL_v2:productId=11
ARE,2022,coal_anthracite,0.0,thousand_tonnes,EIA_INTL_v2:productId=11
ARG,2022,coal_anthracite,0.0,thousand_tonnes,EIA_INTL_v2:productId=11
ARM,2022,coal_anthracite,0.0,thousand_tonnes,EIA_INTL_v2:productId=11
ASM,2022,coal_anthracite,0.0,thousand_tonnes,EIA_INTL_v2:productId=11
ATA,2022,coal_anthracite,0.0,thousand_tonnes,EIA_INTL_v2:productId=11
ATG,2022,coal_anthracite,0.0,thousand_tonnes,EIA_INTL_v2:productId=11
AUS,2022,coal_anthracite,5414.966079722135,thousand_tonnes,EIA_INTL_v2:productId=11
AUT,2022,coal_anthracite,0.0,thousand_tonnes,EIA_INTL_v2:productId=11
AZE,2022,coal_anthracite,0.0,thousand_tonnes,EIA_INTL_v2:productId=11
BDI,2022,coal_anthracite,0.0,thousand_tonnes,EIA_INTL_v2:productId=11
BEL,2022,coal_anthracite,0.0,thousand_tonnes,EIA_INTL_v2:productId=11
BEN,2022,coal_anthracite,0.0,thousand_tonnes,EIA_INTL_v2:productId=11
BFA,2022,coal_anthracite,0.0,thousand_tonnes,EIA_INTL_v2:productId=11
BGD,2022,coal_anthracite,0.0,thousand_tonnes,EIA_INTL_v2:productId=11
BGR,2022,coal_anthracite,0.0,thousand_tonnes,EIA_INTL_v2:productId=11
BHR,2022,coal_anthracite,0.0,thousand_tonnes,EIA_INTL_v2:productId=11
BHS,2022,coal_anthracite,0.0,thousand_tonnes,EIA_INTL_v2:productId=11
BIH,2022,coal_anthracite,0.0,thousand_tonnes,EIA_INTL_v2:productId=11
BLR,2022,coal_anthracite,0.0,thousand_tonnes,EIA_INTL_v2:productId=11
BLZ,2022,coal_anthracite,0.0,thousand_tonnes,EIA_INTL_v2:productId=11
BMU,2022,coal_anthracite,0.0,thousand_tonnes,EIA_INTL_v2:productId=11
BOL,2022,coal_anthracite,0.0,thousand_tonnes,EIA_INTL_v2:productId=11
BRA,2022,coal_anthracite,0.0,thousand_tonnes,EIA_INTL_v2:productId=11
BRB,2022,coal_anthracite,0.0,thousand_tonnes,EIA_INTL_v2:productId=11
BRN,2022,coal_anthracite,0.0,thousand_tonnes,EIA_INTL_v2:productId=11
BTN,2022,coal_anthracite,0.0,thousand_tonnes,EIA_INTL_v2:productId=11
BWA,2022,coal_anthracite,0.0,thousand_tonnes,EIA_INTL_v2:productId=11
CAF,2022,coal_anthracite,0.0,thousand_tonnes,EIA_INTL_v2:productId=11
CAN,2022,coal_anthracite,0.0,thousand_tonnes,EIA_INTL_v2:productId=11
CHE,2022,coal_anthracite,0.0,thousand_tonnes,EIA_INTL_v2:productId=11
CHL,2022,coal_anthracite,0.0,thousand_tonnes,EIA_INTL_v2:productId=11
CHN,2022,coal_anthracite,384905.22818179947,thousand_tonnes,EIA_INTL_v2:productId=11
CIV,2022,coal_anthracite,0.0,thousand_tonnes,EIA_INTL_v2:productId=11
CMR,2022,coal_anthracite,0.0,thousand_tonnes,EIA_INTL_v2:productId=11
COD,2022,coal_anthracite,0.0,thousand_tonnes,EIA_INTL_v2:productId=11
COG,2022,coal_anthracite,0.0,thousand_tonnes,EIA_INTL_v2:productId=11
COK,2022,coal_anthracite,0.0,thousand_tonnes,EIA_INTL_v2:productId=11
COL,2022,coal_anthracite,4.1959950099044825,thousand_tonnes,EIA_INTL_v2:productId=11
COM,2022,coal_anthracite,0.0,thousand_tonnes,EIA_INTL_v2:productId=11
CPV,2022,coal_anthracite,0.0,thousand_tonnes,EIA_INTL_v2:productId=11
CRI,2022,coal_anthracite,0.0,thousand_tonnes,EIA_INTL_v2:productId=11
CUB,2022,coal_anthracite,0.0,thousand_tonnes,EIA_INTL_v2:productId=11
CYM,2022,coal_anthracite,0.0,thousand_tonnes,EIA_INTL_v2:productId=11
CYP,2022,coal_anthracite,0.0,thousand_tonnes,EIA_INTL_v2:productId=11
CZE,2022,coal_anthracite,0.0,thousand_tonnes,EIA_INTL_v2:productId=11
DEU,2022,coal_anthracite,0.0,thousand_tonnes,EIA_INTL_v2:productId=11
DJI,2022,coal_anthracite,0.0,thousand_tonnes,EIA_INTL_v2:productId=11
DMA,2022,coal_anthracite,0.0,thousand_tonnes,EIA_INTL_v2:productId=11
DNK,2022,coal_anthracite,0.0,thousand_tonnes,EIA_INTL_v2:productId=11
DOM,2022,coal_anthracite,0.0,thousand_tonnes,EIA_INTL_v2:productId=11
DZA,2022,coal_anthracite,0.0,thousand_tonnes,EIA_INTL_v2:productId=11
ECU,2022,coal_anthracite,0.0,thousand_tonnes,EIA_INTL_v2:productId=11
EGY,2022,coal_anthracite,0.0,thousand_tonnes,EIA_INTL_v2:productId=11
ERI,2022,coal_anthracite,0.0,thousand_tonnes,EIA_INTL_v2:productId=11
ESH,2022,coal_anthracite,0.0,thousand_tonnes,EIA_INTL_v2:productId=11
ESP,2022,coal_anthracite,0.0,thousand_tonnes,EIA_INTL_v2:productId=11
EST,2022,coal_anthracite,0.0,thousand_tonnes,EIA_INTL_v2:productId=11
ETH,2022,coal_anthracite,0.0,thousand_tonnes,EIA_INTL_v2:productId=11
FIN,2022,coal_anthracite,0.0,thousand_tonnes,EIA_INTL_v2:productId=11
FJI,2022,coal_anthracite,0.0,thousand_tonnes,EIA_INTL_v2:productId=11
FLK,2022,coal_anthracite,0.0,thousand_tonnes,EIA_INTL_v2:productId=11
FRA,2022,coal_anthracite,0.0,thousand_tonnes,EIA_INTL_v2:productId=11
FRO,2022,coal_anthracite,0.0,thousand_tonnes,EIA_INTL_v2:productId=11
FSM,2022,coal_anthracite,0.0,thousand_tonnes,EIA_INTL_v2:productId=11
GAB,2022,coal_anthracite,0.0,thousand_tonnes,EIA_INTL_v2:productId=11
GBR,2022,coal_anthracite,156.4998138822811,thousand_tonnes,EIA_INTL_v2:productId=11
GEO,2022,coal_anthracite,0.0,thousand_tonnes,EIA_INTL_v2:productId=11
GHA,2022,coal_anthracite,0.0,thousand_tonnes,EIA_INTL_v2:productId=11
GIB,2022,coal_anthracite,0.0,thousand_tonnes,EIA_INTL_v2:productId=11
GIN,2022,coal_anthracite,0.0,thousand_tonnes,EIA_INTL_v2:productId=11
GMB,2022,coal_anthracite,0.0,thousand_tonnes,EIA_INTL_v2:productId=11
GNB,2022,coal_anthracite,0.0,thousand_tonnes,EIA_INTL_v2:productId=11
GNQ,2022,coal_anthracite,0.0,thousand_tonnes,EIA_INTL_v2:productId=11
GRC,2022,coal_anthracite,0.0,thousand_tonnes,EIA_INTL_v2:productId=11
GRD,2022,coal_anthracite,0.0,thousand_tonnes,EIA_INTL_v2:productId=11
GRL,2022,coal_anthracite,0.0,thousand_tonnes,EIA_INTL_v2:productId=11
GTM,2022,coal_anthracite,0.0,thousand_tonnes,EIA_INTL_v2:productId=11
GUM,2022,coal_anthracite,0.0,thousand_tonnes,EIA_INTL_v2:productId=11
GUY,2022,coal_anthracite,0.0,thousand_tonnes,EIA_INTL_v2:productId=11
HKG,2022,coal_anthracite,0.0,thousand_tonnes,EIA_INTL_v2:productId=11
HND,2022,coal_anthracite,0.0,thousand_tonnes,EIA_INTL_v2:productId=11
HRV,2022,coal_anthracite,0.0,thousand_tonnes,EIA_INTL_v2:productId=11
HTI,2022,coal_anthracite,0.0,thousand_tonnes,EIA_INTL_v2:productId=11
HUN,2022,coal_anthracite,0.0,thousand_tonnes,EIA_INTL_v2:productId=11
IDN,2022,coal_anthracite,0.0,thousand_tonnes,EIA_INTL_v2:productId=11
IND,2022,coal_anthracite,84.64920091649091,thousand_tonnes,EIA_INTL_v2:productId=11
IRL,2022,coal_anthracite,0.0,thousand_tonnes,EIA_INTL_v2:productId=11
IRN,2022,coal_anthracite,0.0,thousand_tonnes,EIA_INTL_v2:productId=11
IRQ,2022,coal_anthracite,0.0,thousand_tonnes,EIA_INTL_v2:productId=11
ISL,2022,coal_anthracite,0.0,thousand_tonnes,EIA_INTL_v2:productId=11
ISR,2022,coal_anthracite,0.0,thousand_tonnes,EIA_INTL_v2:productId=11
ITA,2022,coal_anthracite,0.0,thousand_tonnes,EIA_INTL_v2:productId=11
JAM,2022,coal_anthracite,0.0,thousand_tonnes,EIA_INTL_v2:productId=11
JOR,2022,coal_anthracite,0.0,thousand_tonnes,EIA_INTL_v2:productId=11
JPN,2022,coal_anthracite,0.0,thousand_tonnes,EIA_INTL_v2:productId=11
KAZ,2022,coal_anthracite,0.0,thousand_tonnes,EIA_INTL_v2:productId=11
KEN,2022,coal_anthracite,0.0,thousand_tonnes,EIA_INTL_v2:productId=11
KGZ,2022,coal_anthracite,0.0,thousand_tonnes,EIA_INTL_v2:productId=11
KHM,2022,coal_anthracite,0.0,thousand_tonnes,EIA_INTL_v2:productId=11
KIR,2022,coal_anthracite,0.0,thousand_tonnes,EIA_INTL_v2:productId=11
KNA,2022,coal_anthracite,0.0,thousand_tonnes,EIA_INTL_v2:productId=11
KOR,2022,coal_anthracite,819.999024814508,thousand_tonnes,EIA_INTL_v2:productId=11
KWT,2022,coal_anthracite,0.0,thousand_tonnes,EIA_INTL_v2:productId=11
LAO,2022,coal_anthracite,498.9994065639506,thousand_tonnes,EIA_INTL_v2:productId=11
LBN,2022,coal_anthracite,0.0,thousand_tonnes,EIA_INTL_v2:productId=11
LBR,2022,coal_anthracite,0.0,thousand_tonnes,EIA_INTL_v2:productId=11
LBY,2022,coal_anthracite,0.0,thousand_tonnes,EIA_INTL_v2:productId=11
LCA,2022,coal_anthracite,0.0,thousand_tonnes,EIA_INTL_v2:productId=11
LKA,2022,coal_anthracite,0.0,thousand_tonnes,EIA_INTL_v2:productId=11
LSO,2022,coal_anthracite,0.0,thousand_tonnes,EIA_INTL_v2:productId=11
LTU,2022,coal_anthracite,0.0,thousand_tonnes,EIA_INTL_v2:productId=11
LUX,2022,coal_anthracite,0.0,thousand_tonnes,EIA_INTL_v2:productId=11
LVA,2022,coal_anthracite,0.0,thousand_tonnes,EIA_INTL_v2:productId=11
MAC,2022,coal_anthracite,0.0,thousand_tonnes,EIA_INTL_v2:productId=11
MAR,2022,coal_anthracite,0.0,thousand_tonnes,EIA_INTL_v2:productId=11
MDA,2022,coal_anthracite,0.0,thousand_tonnes,EIA_INTL_v2:productId=11
MDG,2022,coal_anthracite,0.0,thousand_tonnes,EIA_INTL_v2:productId=11
MDV,2022,coal_anthracite,0.0,thousand_tonnes,EIA_INTL_v2:productId=11
MEX,2022,coal_anthracite,25.9999690794844,thousand_tonnes,EIA_INTL_v2:productId=11
MKD,2022,coal_anthracite,0.0,thousand_tonnes,EIA_INTL_v2:productId=11
MLI,2022,coal_anthracite,0.0,thousand_tonnes,EIA_INTL_v2:productId=11
MLT,2022,coal_anthracite,0.0,thousand_tonnes,EIA_INTL_v2:productId=11
MMR,2022,coal_anthracite,0.0,thousand_tonnes,EIA_INTL_v2:productId=11
MNE,2022,coal_anthracite,0.0,thousand_tonnes,EIA_INTL_v2:productId=11
MNG,2022,coal_anthracite,27.608202860468076,thousand_tonnes,EIA_INTL_v2:productId=11
MNP,2022,coal_anthracite,0.0,thousand_tonnes,EIA_INTL_v2:productId=11
MOZ,2022,coal_anthracite,0.0,thousand_tonnes,EIA_INTL_v2:productId=11
MRT,2022,coal_anthracite,0.0,thousand_tonnes,EIA_INTL_v2:productId=11
MSR,2022,coal_anthracite,0.0,thousand_tonnes,EIA_INTL_v2:productId=11
MUS,2022,coal_anthracite,0.0,thousand_tonnes,EIA_INTL_v2:productId=11
MWI,2022,coal_anthracite,0.0,thousand_tonnes,EIA_INTL_v2:productId=11
MYS,2022,coal_anthracite,0.0,thousand_tonnes,EIA_INTL_v2:productId=11
NAM,2022,coal_anthracite,0.0,thousand_tonnes,EIA_INTL_v2:productId=11
NCL,2022,coal_anthracite,0.0,thousand_tonnes,EIA_INTL_v2:productId=11
NER,2022,coal_anthracite,0.0,thousand_tonnes,EIA_INTL_v2:productId=11
NGA,2022,coal_anthracite,0.0,thousand_tonnes,EIA_INTL_v2:productId=11
NIC,2022,coal_anthracite,0.0,thousand_tonnes,EIA_INTL_v2:productId=11
NIU,2022,coal_anthracite,0.0,thousand_tonnes,EIA_INTL_v2:productId=11
NLD,2022,coal_anthracite,0.0,thousand_tonnes,EIA_INTL_v2:productId=11
NOR,2022,coal_anthracite,0.0,thousand_tonnes,EIA_INTL_v2:productId=11
NPL,2022,coal_anthracite,0.0,thousand_tonnes,EIA_INTL_v2:productId=11
NRU,2022,coal_anthracite,0.0,thousand_tonnes,EIA_INTL_v2:productId=11
NZL,2022,coal_anthracite,0.0,thousand_tonnes,EIA_INTL_v2:productId=11
OMN,2022,coal_anthracite,0.0,thousand_tonnes,EIA_INTL_v2:productId=11
PAK,2022,coal_anthracite,0.0,thousand_tonnes,EIA_INTL_v2:productId=11
PAN,2022,coal_anthracite,0.0,thousand_tonnes,EIA_INTL_v2:productId=11
PER,2022,coal_anthracite,114.74986353349365,thousand_tonnes,EIA_INTL_v2:productId=11
PHL,2022,coal_anthracite,0.0,thousand_tonnes,EIA_INTL_v2:productId=11
PNG,2022,coal_anthracite,0.0,thousand_tonnes,EIA_INTL_v2:productId=11
POL,2022,coal_anthracite,13.322690874614782,thousand_tonnes,EIA_INTL_v2:productId=11
PRI,2022,coal_anthracite,0.0,thousand_tonnes,EIA_INTL_v2:productId=11
PRK,2022,coal_anthracite,11265.98660190274,thousand_tonnes,EIA_INTL_v2:productId=11
PRT,2022,coal_anthracite,0.0,thousand_tonnes,EIA_INTL_v2:productId=11
PRY,2022,coal_anthracite,0.0,thousand_tonnes,EIA_INTL_v2:productId=11
PSE,2022,coal_anthracite,0.0,thousand_tonnes,EIA_INTL_v2:productId=11
PYF,2022,coal_anthracite,0.0,thousand_tonnes,EIA_INTL_v2:productId=11
QAT,2022,coal_anthracite,0.0,thousand_tonnes,EIA_INTL_v2:productId=11
ROU,2022,coal_anthracite,0.0,thousand_tonnes,EIA_INTL_v2:productId=11
RUS,2022,coal_anthracite,25639.969507614616,thousand_tonnes,EIA_INTL_v2:productId=11
RWA,2022,coal_anthracite,0.0,thousand_tonnes,EIA_INTL_v2:productId=11
SAU,2022,coal_anthracite,0.0,thousand_tonnes,EIA_INTL_v2:productId=11
SDN,2022,coal_anthracite,0.0,thousand_tonnes,EIA_INTL_v2:productId=11
SEN,2022,coal_anthracite,0.0,thousand_tonnes,EIA_INTL_v2:productId=11
SGP,2022,coal_anthracite,0.0,thousand_tonnes,EIA_INTL_v2:productId=11
SHN,2022,coal_anthracite,0.0,thousand_tonnes,EIA_INTL_v2:productId=11
SLB,2022,coal_anthracite,0.0,thousand_tonnes,EIA_INTL_v2:productId=11
SLE,2022,coal_anthracite,0.0,thousand_tonnes,EIA_INTL_v2:productId=11
SLV,2022,coal_anthracite,0.0,thousand_tonnes,EIA_INTL_v2:productId=11
SOM,2022,coal_anthracite,0.0,thousand_tonnes,EIA_INTL_v2:productId=11
SPM,2022,coal_anthracite,0.0,thousand_tonnes,EIA_INTL_v2:productId=11
SRB,2022,coal_anthracite,0.0,thousand_tonnes,EIA_INTL_v2:productId=11
SSD,2022,coal_anthracite,0.0,thousand_tonnes,EIA_INTL_v2:productId=11
STP,2022,coal_anthracite,0.0,thousand_tonnes,EIA_INTL_v2:productId=11
SUR,2022,coal_anthracite,0.0,thousand_tonnes,EIA_INTL_v2:productId=11
SVK,2022,coal_anthracite,0.0,thousand_tonnes,EIA_INTL_v2:productId=11
SVN,2022,coal_anthracite,0.0,thousand_tonnes,EIA_INTL_v2:productId=11
SWE,2022,coal_anthracite,0.0,thousand_tonnes,EIA_INTL_v2:productId=11
SWZ,2022,coal_anthracite,124.999851343675,thousand_tonnes,EIA_INTL_v2:productId=11
SYC,2022,coal_anthracite,0.0,thousand_tonnes,EIA_INTL_v2:productId=11
SYR,2022,coal_anthracite,0.0,thousand_tonnes,EIA_INTL_v2:productId=11
TCA,2022,coal_anthracite,0.0,thousand_tonnes,EIA_INTL_v2:productId=11
TCD,2022,coal_anthracite,0.0,thousand_tonnes,EIA_INTL_v2:productId=11
TGO,2022,coal_anthracite,0.0,thousand_tonnes,EIA_INTL_v2:productId=11
THA,2022,coal_anthracite,0.0,thousand_tonnes,EIA_INTL_v2:productId=11
TJK,2022,coal_anthracite,60.9999274557134,thousand_tonnes,EIA_INTL_v2:productId=11
TKM,2022,coal_anthracite,0.0,thousand_tonnes,EIA_INTL_v2:productId=11
TLS,2022,coal_anthracite,0.0,thousand_tonnes,EIA_INTL_v2:productId=11
TON,2022,coal_anthracite,0.0,thousand_tonnes,EIA_INTL_v2:productId=11
TTO,2022,coal_anthracite,0.0,thousand_tonnes,EIA_INTL_v2:productId=11
TUN,2022,coal_anthracite,0.0,thousand_tonnes,EIA_INTL_v2:productId=11
TUR,2022,coal_anthracite,0.0,thousand_tonnes,EIA_INTL_v2:productId=11
TUV,2022,coal_anthracite,0.0,thousand_tonnes,EIA_INTL_v2:productId=11
TWN,2022,coal_anthracite,0.0,thousand_tonnes,EIA_INTL_v2:productId=11
TZA,2022,coal_anthracite,0.0,thousand_tonnes,EIA_INTL_v2:productId=11
UGA,2022,coal_anthracite,0.0,thousand_tonnes,EIA_INTL_v2:productId=11
UKR,2022,coal_anthracite,0.0,thousand_tonnes,EIA_INTL_v2:productId=11
URY,2022,coal_anthracite,0.0,thousand_tonnes,EIA_INTL_v2:productId=11
USA,2022,coal_anthracite,2255.1750810897,thousand_tonnes,EIA_INTL_v2:productId=11
UZB,2022,coal_anthracite,0.0,thousand_tonnes,EIA_INTL_v2:productId=11
VCT,2022,coal_anthracite,0.0,thousand_tonnes,EIA_INTL_v2:productId=11
VEN,2022,coal_anthracite,0.0,thousand_tonnes,EIA_INTL_v2:productId=11
VGB,2022,coal_anthracite,0.0,thousand_tonnes,EIA_INTL_v2:productId=11
VIR,2022,coal_anthracite,0.0,thousand_tonnes,EIA_INTL_v2:productId=11
VNM,2022,coal_anthracite,43613.82333217275,thousand_tonnes,EIA_INTL_v2:productId=11
VUT,2022,coal_anthracite,0.0,thousand_tonnes,EIA_INTL_v2:productId=11
WAK,2022,coal_anthracite,0.0,thousand_tonnes,EIA_INTL_v2:productId=11
WSM,2022,coal_anthracite,0.0,thousand_tonnes,EIA_INTL_v2:productId=11
XKS,2022,coal_anthracite,0.0,thousand_tonnes,EIA_INTL_v2:productId=11
YEM,2022,coal_anthracite,0.0,thousand_tonnes,EIA_INTL_v2:productId=11
ZAF,2022,coal_anthracite,2497.997029252001,thousand_tonnes,EIA_INTL_v2:productId=11
ZMB,2022,coal_anthracite,0.0,thousand_tonnes,EIA_INTL_v2:productId=11
ZWE,2022,coal_anthracite,0.0,thousand_tonnes,EIA_INTL_v2:productId=11
ABW,2023,coal_anthracite,0.0,thousand_tonnes,EIA_INTL_v2:productId=11
AFG,2023,coal_anthracite,0.0,thousand_tonnes,EIA_INTL_v2:productId=11
AGO,2023,coal_anthracite,0.0,thousand_tonnes,EIA_INTL_v2:productId=11
ALB,2023,coal_anthracite,0.0,thousand_tonnes,EIA_INTL_v2:productId=11
ARE,2023,coal_anthracite,0.0,thousand_tonnes,EIA_INTL_v2:productId=11
ARG,2023,coal_anthracite,0.0,thousand_tonnes,EIA_INTL_v2:productId=11
ARM,2023,coal_anthracite,0.0,thousand_tonnes,EIA_INTL_v2:productId=11
ASM,2023,coal_anthracite,0.0,thousand_tonnes,EIA_INTL_v2:productId=11
ATA,2023,coal_anthracite,0.0,thousand_tonnes,EIA_INTL_v2:productId=11
ATG,2023,coal_anthracite,0.0,thousand_tonnes,EIA_INTL_v2:productId=11
AUS,2023,coal_anthracite,1694.381393200832,thousand_tonnes,EIA_INTL_v2:productId=11
AUT,2023,coal_anthracite,0.0,thousand_tonnes,EIA_INTL_v2:productId=11
AZE,2023,coal_anthracite,0.0,thousand_tonnes,EIA_INTL_v2:productId=11
BDI,2023,coal_anthracite,0.0,thousand_tonnes,EIA_INTL_v2:productId=11
BEL,2023,coal_anthracite,0.0,thousand_tonnes,EIA_INTL_v2:productId=11
BEN,2023,coal_anthracite,0.0,thousand_tonnes,EIA_INTL_v2:productId=11
BFA,2023,coal_anthracite,0.0,thousand_tonnes,EIA_INTL_v2:productId=11
BGD,2023,coal_anthracite,0.0,thousand_tonnes,EIA_INTL_v2:productId=11
BGR,2023,coal_anthracite,0.0,thousand_tonnes,EIA_INTL_v2:productId=11
BHR,2023,coal_anthracite,0.0,thousand_tonnes,EIA_INTL_v2:productId=11
BHS,2023,coal_anthracite,0.0,thousand_tonnes,EIA_INTL_v2:productId=11
BIH,2023,coal_anthracite,0.0,thousand_tonnes,EIA_INTL_v2:productId=11
BLR,2023,coal_anthracite,0.0,thousand_tonnes,EIA_INTL_v2:productId=11
BLZ,2023,coal_anthracite,0.0,thousand_tonnes,EIA_INTL_v2:productId=11
BMU,2023,coal_anthracite,0.0,thousand_tonnes,EIA_INTL_v2:productId=11
BOL,2023,coal_anthracite,0.0,thousand_tonnes,EIA_INTL_v2:productId=11
BRA,2023,coal_anthracite,0.0,thousand_tonnes,EIA_INTL_v2:productId=11
BRB,2023,coal_anthracite,0.0,thousand_tonnes,EIA_INTL_v2:productId=11
BRN,2023,coal_anthracite,0.0,thousand_tonnes,EIA_INTL_v2:productId=11
BTN,2023,coal_anthracite,2.284192874773751,thousand_tonnes,EIA_INTL_v2:productId=11
BWA,2023,coal_anthracite,0.0,thousand_tonnes,EIA_INTL_v2:productId=11
CAF,2023,coal_anthracite,0.0,thousand_tonnes,EIA_INTL_v2:productId=11
CAN,2023,coal_anthracite,0.0,thousand_tonnes,EIA_INTL_v2:productId=11
CHE,2023,coal_anthracite,0.0,thousand_tonnes,EIA_INTL_v2:productId=11
CHL,2023,coal_anthracite,0.0,thousand_tonnes,EIA_INTL_v2:productId=11
CHN,2023,coal_anthracite,480027.2977270174,thousand_tonnes,EIA_INTL_v2:productId=11
CIV,2023,coal_anthracite,0.0,thousand_tonnes,EIA_INTL_v2:productId=11
CMR,2023,coal_anthracite,0.0,thousand_tonnes,EIA_INTL_v2:productId=11
COD,2023,coal_anthracite,0.0,thousand_tonnes,EIA_INTL_v2:productId=11
COG,2023,coal_anthracite,0.0,thousand_tonnes,EIA_INTL_v2:productId=11
COK,2023,coal_anthracite,0.0,thousand_tonnes,EIA_INTL_v2:productId=11
COL,2023,coal_anthracite,4.1959950099044825,thousand_tonnes,EIA_INTL_v2:productId=11
COM,2023,coal_anthracite,0.0,thousand_tonnes,EIA_INTL_v2:productId=11
CPV,2023,coal_anthracite,0.0,thousand_tonnes,EIA_INTL_v2:productId=11
CRI,2023,coal_anthracite,0.0,thousand_tonnes,EIA_INTL_v2:productId=11
CUB,2023,coal_anthracite,0.0,thousand_tonnes,EIA_INTL_v2:productId=11
CYM,2023,coal_anthracite,0.0,thousand_tonnes,EIA_INTL_v2:productId=11
CYP,2023,coal_anthracite,0.0,thousand_tonnes,EIA_INTL_v2:productId=11
CZE,2023,coal_anthracite,0.0,thousand_tonnes,EIA_INTL_v2:productId=11
DEU,2023,coal_anthracite,0.0,thousand_tonnes,EIA_INTL_v2:productId=11
DJI,2023,coal_anthracite,0.0,thousand_tonnes,EIA_INTL_v2:productId=11
DMA,2023,coal_anthracite,0.0,thousand_tonnes,EIA_INTL_v2:productId=11
DNK,2023,coal_anthracite,0.0,thousand_tonnes,EIA_INTL_v2:productId=11
DOM,2023,coal_anthracite,0.0,thousand_tonnes,EIA_INTL_v2:productId=11
DZA,2023,coal_anthracite,0.0,thousand_tonnes,EIA_INTL_v2:productId=11
ECU,2023,coal_anthracite,0.0,thousand_tonnes,EIA_INTL_v2:productId=11
EGY,2023,coal_anthracite,0.0,thousand_tonnes,EIA_INTL_v2:productId=11
ERI,2023,coal_anthracite,0.0,thousand_tonnes,EIA_INTL_v2:productId=11
ESH,2023,coal_anthracite,0.0,thousand_tonnes,EIA_INTL_v2:productId=11
ESP,2023,coal_anthracite,0.0,thousand_tonnes,EIA_INTL_v2:productId=11
EST,2023,coal_anthracite,0.0,thousand_tonnes,EIA_INTL_v2:productId=11
ETH,2023,coal_anthracite,0.0,thousand_tonnes,EIA_INTL_v2:productId=11
FIN,2023,coal_anthracite,0.0,thousand_tonnes,EIA_INTL_v2:productId=11
FJI,2023,coal_anthracite,0.0,thousand_tonnes,EIA_INTL_v2:productId=11
FLK,2023,coal_anthracite,0.0,thousand_tonnes,EIA_INTL_v2:productId=11
FRA,2023,coal_anthracite,0.0,thousand_tonnes,EIA_INTL_v2:productId=11
FRO,2023,coal_anthracite,0.0,thousand_tonnes,EIA_INTL_v2:productId=11
FSM,2023,coal_anthracite,0.0,thousand_tonnes,EIA_INTL_v2:productId=11
GAB,2023,coal_anthracite,0.0,thousand_tonnes,EIA_INTL_v2:productId=11
GBR,2023,coal_anthracite,46.9999441052218,thousand_tonnes,EIA_INTL_v2:productId=11
GEO,2023,coal_anthracite,0.0,thousand_tonnes,EIA_INTL_v2:productId=11
GHA,2023,coal_anthracite,0.0,thousand_tonnes,EIA_INTL_v2:productId=11
GIB,2023,coal_anthracite,0.0,thousand_tonnes,EIA_INTL_v2:productId=11
GIN,2023,coal_anthracite,0.0,thousand_tonnes,EIA_INTL_v2:productId=11
GMB,2023,coal_anthracite,0.0,thousand_tonnes,EIA_INTL_v2:productId=11
GNB,2023,coal_anthracite,0.0,thousand_tonnes,EIA_INTL_v2:productId=11
GNQ,2023,coal_anthracite,0.0,thousand_tonnes,EIA_INTL_v2:productId=11
GRC,2023,coal_anthracite,0.0,thousand_tonnes,EIA_INTL_v2:productId=11
GRD,2023,coal_anthracite,0.0,thousand_tonnes,EIA_INTL_v2:productId=11
GRL,2023,coal_anthracite,0.0,thousand_tonnes,EIA_INTL_v2:productId=11
GTM,2023,coal_anthracite,0.0,thousand_tonnes,EIA_INTL_v2:productId=11
GUM,2023,coal_anthracite,0.0,thousand_tonnes,EIA_INTL_v2:productId=11
GUY,2023,coal_anthracite,0.0,thousand_tonnes,EIA_INTL_v2:productId=11
HKG,2023,coal_anthracite,0.0,thousand_tonnes,EIA_INTL_v2:productId=11
HND,2023,coal_anthracite,0.0,thousand_tonnes,EIA_INTL_v2:productId=11
HRV,2023,coal_anthracite,0.0,thousand_tonnes,EIA_INTL_v2:productId=11
HTI,2023,coal_anthracite,0.0,thousand_tonnes,EIA_INTL_v2:productId=11
HUN,2023,coal_anthracite,0.0,thousand_tonnes,EIA_INTL_v2:productId=11
IDN,2023,coal_anthracite,0.0,thousand_tonnes,EIA_INTL_v2:productId=11
IND,2023,coal_anthracite,96.37956425897318,thousand_tonnes,EIA_INTL_v2:productId=11
IRL,2023,coal_anthracite,0.0,thousand_tonnes,EIA_INTL_v2:productId=11
IRN,2023,coal_anthracite,0.0,thousand_tonnes,EIA_INTL_v2:productId=11
IRQ,2023,coal_anthracite,0.0,thousand_tonnes,EIA_INTL_v2:productId=11
ISL,2023,coal_anthracite,0.0,thousand_tonnes,EIA_INTL_v2:productId=11
ISR,2023,coal_anthracite,0.0,thousand_tonnes,EIA_INTL_v2:productId=11
ITA,2023,coal_anthracite,0.0,thousand_tonnes,EIA_INTL_v2:productId=11
JAM,2023,coal_anthracite,0.0,thousand_tonnes,EIA_INTL_v2:productId=11
JOR,2023,coal_anthracite,0.0,thousand_tonnes,EIA_INTL_v2:productId=11
JPN,2023,coal_anthracite,0.0,thousand_tonnes,EIA_INTL_v2:productId=11
KAZ,2023,coal_anthracite,0.0,thousand_tonnes,EIA_INTL_v2:productId=11
KEN,2023,coal_anthracite,0.0,thousand_tonnes,EIA_INTL_v2:productId=11
KGZ,2023,coal_anthracite,0.0,thousand_tonnes,EIA_INTL_v2:productId=11
KHM,2023,coal_anthracite,0.0,thousand_tonnes,EIA_INTL_v2:productId=11
KIR,2023,coal_anthracite,0.0,thousand_tonnes,EIA_INTL_v2:productId=11
KNA,2023,coal_anthracite,0.0,thousand_tonnes,EIA_INTL_v2:productId=11
KOR,2023,coal_anthracite,646.9992305548618,thousand_tonnes,EIA_INTL_v2:productId=11
KWT,2023,coal_anthracite,0.0,thousand_tonnes,EIA_INTL_v2:productId=11
LAO,2023,coal_anthracite,1270.9984884624873,thousand_tonnes,EIA_INTL_v2:productId=11
LBN,2023,coal_anthracite,0.0,thousand_tonnes,EIA_INTL_v2:productId=11
LBR,2023,coal_anthracite,0.0,thousand_tonnes,EIA_INTL_v2:productId=11
LBY,2023,coal_anthracite,0.0,thousand_tonnes,EIA_INTL_v2:productId=11
LCA,2023,coal_anthracite,0.0,thousand_tonnes,EIA_INTL_v2:productId=11
LKA,2023,coal_anthracite,0.0,thousand_tonnes,EIA_INTL_v2:productId=11
LSO,2023,coal_anthracite,2.6651583418551335,thousand_tonnes,EIA_INTL_v2:productId=11
LTU,2023,coal_anthracite,0.0,thousand_tonnes,EIA_INTL_v2:productId=11
LUX,2023,coal_anthracite,0.0,thousand_tonnes,EIA_INTL_v2:productId=11
LVA,2023,coal_anthracite,0.0,thousand_tonnes,EIA_INTL_v2:productId=11
MAC,2023,coal_anthracite,0.0,thousand_tonnes,EIA_INTL_v2:productId=11
MAR,2023,coal_anthracite,0.0,thousand_tonnes,EIA_INTL_v2:productId=11
MDA,2023,coal_anthracite,0.0,thousand_tonnes,EIA_INTL_v2:productId=11
MDG,2023,coal_anthracite,0.0,thousand_tonnes,EIA_INTL_v2:productId=11
MDV,2023,coal_anthracite,0.0,thousand_tonnes,EIA_INTL_v2:productId=11
MEX,2023,coal_anthracite,8.9999892967446,thousand_tonnes,EIA_INTL_v2:productId=11
MKD,2023,coal_anthracite,0.0,thousand_tonnes,EIA_INTL_v2:productId=11
MLI,2023,coal_anthracite,0.0,thousand_tonnes,EIA_INTL_v2:productId=11
MLT,2023,coal_anthracite,0.0,thousand_tonnes,EIA_INTL_v2:productId=11
MMR,2023,coal_anthracite,0.0,thousand_tonnes,EIA_INTL_v2:productId=11
MNE,2023,coal_anthracite,0.0,thousand_tonnes,EIA_INTL_v2:productId=11
MNG,2023,coal_anthracite,40.62858416574391,thousand_tonnes,EIA_INTL_v2:productId=11
MNP,2023,coal_anthracite,0.0,thousand_tonnes,EIA_INTL_v2:productId=11
MOZ,2023,coal_anthracite,0.0,thousand_tonnes,EIA_INTL_v2:productId=11
MRT,2023,coal_anthracite,0.0,thousand_tonnes,EIA_INTL_v2:productId=11
MSR,2023,coal_anthracite,0.0,thousand_tonnes,EIA_INTL_v2:productId=11
MUS,2023,coal_anthracite,0.0,thousand_tonnes,EIA_INTL_v2:productId=11
MWI,2023,coal_anthracite,0.04171556582827281,thousand_tonnes,EIA_INTL_v2:productId=11
MYS,2023,coal_anthracite,0.0,thousand_tonnes,EIA_INTL_v2:productId=11
NAM,2023,coal_anthracite,0.0,thousand_tonnes,EIA_INTL_v2:productId=11
NCL,2023,coal_anthracite,0.0,thousand_tonnes,EIA_INTL_v2:productId=11
NER,2023,coal_anthracite,0.0,thousand_tonnes,EIA_INTL_v2:productId=11
NGA,2023,coal_anthracite,0.0,thousand_tonnes,EIA_INTL_v2:productId=11
NIC,2023,coal_anthracite,0.0,thousand_tonnes,EIA_INTL_v2:productId=11
NIU,2023,coal_anthracite,0.0,thousand_tonnes,EIA_INTL_v2:productId=11
NLD,2023,coal_anthracite,0.0,thousand_tonnes,EIA_INTL_v2:productId=11
NOR,2023,coal_anthracite,0.0,thousand_tonnes,EIA_INTL_v2:productId=11
NPL,2023,coal_anthracite,0.0,thousand_tonnes,EIA_INTL_v2:productId=11
NRU,2023,coal_anthracite,0.0,thousand_tonnes,EIA_INTL_v2:productId=11
NZL,2023,coal_anthracite,0.0,thousand_tonnes,EIA_INTL_v2:productId=11
OMN,2023,coal_anthracite,0.0,thousand_tonnes,EIA_INTL_v2:productId=11
PAK,2023,coal_anthracite,0.0,thousand_tonnes,EIA_INTL_v2:productId=11
PAN,2023,coal_anthracite,0.0,thousand_tonnes,EIA_INTL_v2:productId=11
PER,2023,coal_anthracite,1205.0808091985718,thousand_tonnes,EIA_INTL_v2:productId=11
PHL,2023,coal_anthracite,0.0,thousand_tonnes,EIA_INTL_v2:productId=11
PNG,2023,coal_anthracite,0.0,thousand_tonnes,EIA_INTL_v2:productId=11
POL,2023,coal_anthracite,13.736116890410477,thousand_tonnes,EIA_INTL_v2:productId=11
PRI,2023,coal_anthracite,0.0,thousand_tonnes,EIA_INTL_v2:productId=11
PRK,2023,coal_anthracite,11409.986430650653,thousand_tonnes,EIA_INTL_v2:productId=11
PRT,2023,coal_anthracite,0.0,thousand_tonnes,EIA_INTL_v2:productId=11
PRY,2023,coal_anthracite,0.0,thousand_tonnes,EIA_INTL_v2:productId=11
PSE,2023,coal_anthracite,0.0,thousand_tonnes,EIA_INTL_v2:productId=11
PYF,2023,coal_anthracite,0.0,thousand_tonnes,EIA_INTL_v2:productId=11
QAT,2023,coal_anthracite,0.0,thousand_tonnes,EIA_INTL_v2:productId=11
ROU,2023,coal_anthracite,0.0,thousand_tonnes,EIA_INTL_v2:productId=11
RUS,2023,coal_anthracite,25056.799201151076,thousand_tonnes,EIA_INTL_v2:productId=11
RWA,2023,coal_anthracite,0.0,thousand_tonnes,EIA_INTL_v2:productId=11
SAU,2023,coal_anthracite,0.0,thousand_tonnes,EIA_INTL_v2:productId=11
SDN,2023,coal_anthracite,0.0,thousand_tonnes,EIA_INTL_v2:productId=11
SEN,2023,coal_anthracite,0.0,thousand_tonnes,EIA_INTL_v2:productId=11
SGP,2023,coal_anthracite,0.0,thousand_tonnes,EIA_INTL_v2:productId=11
SHN,2023,coal_anthracite,0.0,thousand_tonnes,EIA_INTL_v2:productId=11
SLB,2023,coal_anthracite,0.0,thousand_tonnes,EIA_INTL_v2:productId=11
SLE,2023,coal_anthracite,0.0,thousand_tonnes,EIA_INTL_v2:productId=11
SLV,2023,coal_anthracite,0.0,thousand_tonnes,EIA_INTL_v2:productId=11
SOM,2023,coal_anthracite,0.0,thousand_tonnes,EIA_INTL_v2:productId=11
SPM,2023,coal_anthracite,0.0,thousand_tonnes,EIA_INTL_v2:productId=11
SRB,2023,coal_anthracite,0.0,thousand_tonnes,EIA_INTL_v2:productId=11
SSD,2023,coal_anthracite,0.0,thousand_tonnes,EIA_INTL_v2:productId=11
STP,2023,coal_anthracite,0.0,thousand_tonnes,EIA_INTL_v2:productId=11
SUR,2023,coal_anthracite,0.0,thousand_tonnes,EIA_INTL_v2:productId=11
SVK,2023,coal_anthracite,0.0,thousand_tonnes,EIA_INTL_v2:productId=11
SVN,2023,coal_anthracite,0.0,thousand_tonnes,EIA_INTL_v2:productId=11
SWE,2023,coal_anthracite,0.0,thousand_tonnes,EIA_INTL_v2:productId=11
SWZ,2023,coal_anthracite,253.17469891147934,thousand_tonnes,EIA_INTL_v2:productId=11
SYC,2023,coal_anthracite,0.0,thousand_tonnes,EIA_INTL_v2:productId=11
SYR,2023,coal_anthracite,0.0,thousand_tonnes,EIA_INTL_v2:productId=11
TCA,2023,coal_anthracite,0.0,thousand_tonnes,EIA_INTL_v2:productId=11
TCD,2023,coal_anthracite,0.0,thousand_tonnes,EIA_INTL_v2:productId=11
TGO,2023,coal_anthracite,0.0,thousand_tonnes,EIA_INTL_v2:productId=11
THA,2023,coal_anthracite,0.0,thousand_tonnes,EIA_INTL_v2:productId=11
TJK,2023,coal_anthracite,61.59992674216304,thousand_tonnes,EIA_INTL_v2:productId=11
TKM,2023,coal_anthracite,0.0,thousand_tonnes,EIA_INTL_v2:productId=11
TLS,2023,coal_anthracite,0.0,thousand_tonnes,EIA_INTL_v2:productId=11
TON,2023,coal_anthracite,0.0,thousand_tonnes,EIA_INTL_v2:productId=11
TTO,2023,coal_anthracite,0.0,thousand_tonnes,EIA_INTL_v2:productId=11
TUN,2023,coal_anthracite,0.0,thousand_tonnes,EIA_INTL_v2:productId=11
TUR,2023,coal_anthracite,0.0,thousand_tonnes,EIA_INTL_v2:productId=11
TUV,2023,coal_anthracite,0.0,thousand_tonnes,EIA_INTL_v2:productId=11
TWN,2023,coal_anthracite,0.0,thousand_tonnes,EIA_INTL_v2:productId=11
TZA,2023,coal_anthracite,0.0,thousand_tonnes,EIA_INTL_v2:productId=11
UGA,2023,coal_anthracite,0.0,thousand_tonnes,EIA_INTL_v2:productId=11
UKR,2023,coal_anthracite,0.0,thousand_tonnes,EIA_INTL_v2:productId=11
URY,2023,coal_anthracite,0.0,thousand_tonnes,EIA_INTL_v2:productId=11
USA,2023,coal_anthracite,2646.1762399534,thousand_tonnes,EIA_INTL_v2:productId=11
UZB,2023,coal_anthracite,0.0,thousand_tonnes,EIA_INTL_v2:productId=11
VCT,2023,coal_anthracite,0.0,thousand_tonnes,EIA_INTL_v2:productId=11
VEN,2023,coal_anthracite,0.0,thousand_tonnes,EIA_INTL_v2:productId=11
VGB,2023,coal_anthracite,0.0,thousand_tonnes,EIA_INTL_v2:productId=11
VIR,2023,coal_anthracite,0.0,thousand_tonnes,EIA_INTL_v2:productId=11
VNM,2023,coal_anthracite,47373.98766038975,thousand_tonnes,EIA_INTL_v2:productId=11
VUT,2023,coal_anthracite,0.0,thousand_tonnes,EIA_INTL_v2:productId=11
WAK,2023,coal_anthracite,0.0,thousand_tonnes,EIA_INTL_v2:productId=11
WSM,2023,coal_anthracite,0.0,thousand_tonnes,EIA_INTL_v2:productId=11
XKS,2023,coal_anthracite,0.0,thousand_tonnes,EIA_INTL_v2:productId=11
YEM,2023,coal_anthracite,0.0,thousand_tonnes,EIA_INTL_v2:productId=11
ZAF,2023,coal_anthracite,2168.6141331389945,thousand_tonnes,EIA_INTL_v2:productId=11
ZMB,2023,coal_anthracite,0.0,thousand_tonnes,EIA_INTL_v2:productId=11
ZWE,2023,coal_anthracite,0.0,thousand_tonnes,EIA_INTL_v2:productId=11
ABW,2016,coal_bituminous,0.0,thousand_tonnes,EIA_INTL_v2:productId=12
AFG,2016,coal_bituminous,1654.6037483351272,thousand_tonnes,EIA_INTL_v2:productId=12
AGO,2016,coal_bituminous,0.0,thousand_tonnes,EIA_INTL_v2:productId=12
ALB,2016,coal_bituminous,0.0,thousand_tonnes,EIA_INTL_v2:productId=12
ARE,2016,coal_bituminous,0.0,thousand_tonnes,EIA_INTL_v2:productId=12
ARG,2016,coal_bituminous,15.180846524461415,thousand_tonnes,EIA_INTL_v2:productId=12
ARM,2016,coal_bituminous,0.0,thousand_tonnes,EIA_INTL_v2:productId=12
ASM,2016,coal_bituminous,0.0,thousand_tonnes,EIA_INTL_v2:productId=12
ATA,2016,coal_bituminous,0.0,thousand_tonnes,EIA_INTL_v2:productId=12
ATG,2016,coal_bituminous,0.0,thousand_tonnes,EIA_INTL_v2:productId=12
AUS,2016,coal_bituminous,222744.7351003751,thousand_tonnes,EIA_INTL_v2:productId=12
AUT,2016,coal_bituminous,0.0,thousand_tonnes,EIA_INTL_v2:productId=12
AZE,2016,coal_bituminous,0.0,thousand_tonnes,EIA_INTL_v2:productId=12
BDI,2016,coal_bituminous,0.0,thousand_tonnes,EIA_INTL_v2:productId=12
BEL,2016,coal_bituminous,0.0,thousand_tonnes,EIA_INTL_v2:productId=12
BEN,2016,coal_bituminous,0.0,thousand_tonnes,EIA_INTL_v2:productId=12
BFA,2016,coal_bituminous,0.0,thousand_tonnes,EIA_INTL_v2:productId=12
BGD,2016,coal_bituminous,0.0,thousand_tonnes,EIA_INTL_v2:productId=12
BGR,2016,coal_bituminous,0.0,thousand_tonnes,EIA_INTL_v2:productId=12
BHR,2016,coal_bituminous,0.0,thousand_tonnes,EIA_INTL_v2:productId=12
BHS,2016,coal_bituminous,0.0,thousand_tonnes,EIA_INTL_v2:productId=12
BIH,2016,coal_bituminous,0.0,thousand_tonnes,EIA_INTL_v2:productId=12
BLR,2016,coal_bituminous,0.0,thousand_tonnes,EIA_INTL_v2:productId=12
BLZ,2016,coal_bituminous,0.0,thousand_tonnes,EIA_INTL_v2:productId=12
BMU,2016,coal_bituminous,0.0,thousand_tonnes,EIA_INTL_v2:productId=12
BOL,2016,coal_bituminous,0.0,thousand_tonnes,EIA_INTL_v2:productId=12
BRA,2016,coal_bituminous,100.9998798856894,thousand_tonnes,EIA_INTL_v2:productId=12
BRB,2016,coal_bituminous,0.0,thousand_tonnes,EIA_INTL_v2:productId=12
BRN,2016,coal_bituminous,0.0,thousand_tonnes,EIA_INTL_v2:productId=12
BTN,2016,coal_bituminous,0.0,thousand_tonnes,EIA_INTL_v2:productId=12
BWA,2016,coal_bituminous,1742.9151379064326,thousand_tonnes,EIA_INTL_v2:productId=12
CAF,2016,coal_bituminous,0.0,thousand_tonnes,EIA_INTL_v2:productId=12
CAN,2016,coal_bituminous,2744.996735507103,thousand_tonnes,EIA_INTL_v2:productId=12
CHE,2016,coal_bituminous,0.0,thousand_tonnes,EIA_INTL_v2:productId=12
CHL,2016,coal_bituminous,1269.903865650545,thousand_tonnes,EIA_INTL_v2:productId=12
CHN,2016,coal_bituminous,2279646.1445136787,thousand_tonnes,EIA_INTL_v2:productId=12
CIV,2016,coal_bituminous,0.0,thousand_tonnes,EIA_INTL_v2:productId=12
CMR,2016,coal_bituminous,0.0,thousand_tonnes,EIA_INTL_v2:productId=12
COD,2016,coal_bituminous,0.0,thousand_tonnes,EIA_INTL_v2:productId=12
COG,2016,coal_bituminous,0.0,thousand_tonnes,EIA_INTL_v2:productId=12
COK,2016,coal_bituminous,0.0,thousand_tonnes,EIA_INTL_v2:productId=12
COL,2016,coal_bituminous,86465.71149970977,thousand_tonnes,EIA_INTL_v2:productId=12
COM,2016,coal_bituminous,0.0,thousand_tonnes,EIA_INTL_v2:productId=12
CPV,2016,coal_bituminous,0.0,thousand_tonnes,EIA_INTL_v2:productId=12
CRI,2016,coal_bituminous,0.0,thousand_tonnes,EIA_INTL_v2:productId=12
CUB,2016,coal_bituminous,0.0,thousand_tonnes,EIA_INTL_v2:productId=12
CYM,2016,coal_bituminous,0.0,thousand_tonnes,EIA_INTL_v2:productId=12
CYP,2016,coal_bituminous,0.0,thousand_tonnes,EIA_INTL_v2:productId=12
CZE,2016,coal_bituminous,3400.9999971479533,thousand_tonnes,EIA_INTL_v2:productId=12
DEU,2016,coal_bituminous,560.9993328304043,thousand_tonnes,EIA_INTL_v2:productId=12
DJI,2016,coal_bituminous,0.0,thousand_tonnes,EIA_INTL_v2:productId=12
DMA,2016,coal_bituminous,0.0,thousand_tonnes,EIA_INTL_v2:productId=12
DNK,2016,coal_bituminous,0.0,thousand_tonnes,EIA_INTL_v2:productId=12
DOM,2016,coal_bituminous,0.0,thousand_tonnes,EIA_INTL_v2:productId=12
DZA,2016,coal_bituminous,0.0,thousand_tonnes,EIA_INTL_v2:productId=12
ECU,2016,coal_bituminous,0.0,thousand_tonnes,EIA_INTL_v2:productId=12
EGY,2016,coal_bituminous,0.0,thousand_tonnes,EIA_INTL_v2:productId=12
ERI,2016,coal_bituminous,0.0,thousand_tonnes,EIA_INTL_v2:productId=12
ESH,2016,coal_bituminous,0.0,thousand_tonnes,EIA_INTL_v2:productId=12
ESP,2016,coal_bituminous,870.1569651640767,thousand_tonnes,EIA_INTL_v2:productId=12
EST,2016,coal_bituminous,0.0,thousand_tonnes,EIA_INTL_v2:productId=12
ETH,2016,coal_bituminous,0.0,thousand_tonnes,EIA_INTL_v2:productId=12
FIN,2016,coal_bituminous,0.0,thousand_tonnes,EIA_INTL_v2:productId=12
FJI,2016,coal_bituminous,0.0,thousand_tonnes,EIA_INTL_v2:productId=12
FLK,2016,coal_bituminous,0.0,thousand_tonnes,EIA_INTL_v2:productId=12
FRA,2016,coal_bituminous,0.0,thousand_tonnes,EIA_INTL_v2:productId=12
FRO,2016,coal_bituminous,0.0,thousand_tonnes,EIA_INTL_v2:productId=12
FSM,2016,coal_bituminous,0.0,thousand_tonnes,EIA_INTL_v2:productId=12
GAB,2016,coal_bituminous,0.0,thousand_tonnes,EIA_INTL_v2:productId=12
GBR,2016,coal_bituminous,1999.5494209373037,thousand_tonnes,EIA_INTL_v2:productId=12
GEO,2016,coal_bituminous,0.0,thousand_tonnes,EIA_INTL_v2:productId=12
GHA,2016,coal_bituminous,0.0,thousand_tonnes,EIA_INTL_v2:productId=12
GIB,2016,coal_bituminous,0.0,thousand_tonnes,EIA_INTL_v2:productId=12
GIN,2016,coal_bituminous,0.0,thousand_tonnes,EIA_INTL_v2:productId=12
GMB,2016,coal_bituminous,0.0,thousand_tonnes,EIA_INTL_v2:productId=12
GNB,2016,coal_bituminous,0.0,thousand_tonnes,EIA_INTL_v2:productId=12
GNQ,2016,coal_bituminous,0.0,thousand_tonnes,EIA_INTL_v2:productId=12
GRC,2016,coal_bituminous,0.0,thousand_tonnes,EIA_INTL_v2:productId=12
GRD,2016,coal_bituminous,0.0,thousand_tonnes,EIA_INTL_v2:productId=12
GRL,2016,coal_bituminous,0.0,thousand_tonnes,EIA_INTL_v2:productId=12
GTM,2016,coal_bituminous,0.0,thousand_tonnes,EIA_INTL_v2:productId=12
GUM,2016,coal_bituminous,0.0,thousand_tonnes,EIA_INTL_v2:productId=12
GUY,2016,coal_bituminous,0.0,thousand_tonnes,EIA_INTL_v2:productId=12
HKG,2016,coal_bituminous,0.0,thousand_tonnes,EIA_INTL_v2:productId=12
HND,2016,coal_bituminous,0.0,thousand_tonnes,EIA_INTL_v2:productId=12
HRV,2016,coal_bituminous,0.0,thousand_tonnes,EIA_INTL_v2:productId=12
HTI,2016,coal_bituminous,0.0,thousand_tonnes,EIA_INTL_v2:productId=12
HUN,2016,coal_bituminous,0.0,thousand_tonnes,EIA_INTL_v2:productId=12
IDN,2016,coal_bituminous,148230.39310349416,thousand_tonnes,EIA_INTL_v2:productId=12
IND,2016,coal_bituminous,19662.30979869416,thousand_tonnes,EIA_INTL_v2:productId=12
IRL,2016,coal_bituminous,0.0,thousand_tonnes,EIA_INTL_v2:productId=12
IRN,2016,coal_bituminous,120.9998561006774,thousand_tonnes,EIA_INTL_v2:productId=12
IRQ,2016,coal_bituminous,0.0,thousand_tonnes,EIA_INTL_v2:productId=12
ISL,2016,coal_bituminous,0.0,thousand_tonnes,EIA_INTL_v2:productId=12
ISR,2016,coal_bituminous,0.0,thousand_tonnes,EIA_INTL_v2:productId=12
ITA,2016,coal_bituminous,0.0,thousand_tonnes,EIA_INTL_v2:productId=12
JAM,2016,coal_bituminous,0.0,thousand_tonnes,EIA_INTL_v2:productId=12
JOR,2016,coal_bituminous,0.0,thousand_tonnes,EIA_INTL_v2:productId=12
JPN,2016,coal_bituminous,1287.998468245227,thousand_tonnes,EIA_INTL_v2:productId=12
KAZ,2016,coal_bituminous,79761.80001813568,thousand_tonnes,EIA_INTL_v2:productId=12
KEN,2016,coal_bituminous,0.0,thousand_tonnes,EIA_INTL_v2:productId=12
KGZ,2016,coal_bituminous,247.9997050658512,thousand_tonnes,EIA_INTL_v2:productId=12
KHM,2016,coal_bituminous,0.0,thousand_tonnes,EIA_INTL_v2:productId=12
KIR,2016,coal_bituminous,0.0,thousand_tonnes,EIA_INTL_v2:productId=12
KNA,2016,coal_bituminous,0.0,thousand_tonnes,EIA_INTL_v2:productId=12
KOR,2016,coal_bituminous,0.0,thousand_tonnes,EIA_INTL_v2:productId=12
KWT,2016,coal_bituminous,0.0,thousand_tonnes,EIA_INTL_v2:productId=12
LAO,2016,coal_bituminous,0.0,thousand_tonnes,EIA_INTL_v2:productId=12
LBN,2016,coal_bituminous,0.0,thousand_tonnes,EIA_INTL_v2:productId=12
LBR,2016,coal_bituminous,0.0,thousand_tonnes,EIA_INTL_v2:productId=12
LBY,2016,coal_bituminous,0.0,thousand_tonnes,EIA_INTL_v2:productId=12
LCA,2016,coal_bituminous,0.0,thousand_tonnes,EIA_INTL_v2:productId=12
LKA,2016,coal_bituminous,0.0,thousand_tonnes,EIA_INTL_v2:productId=12
LSO,2016,coal_bituminous,0.0,thousand_tonnes,EIA_INTL_v2:productId=12
LTU,2016,coal_bituminous,0.0,thousand_tonnes,EIA_INTL_v2:productId=12
LUX,2016,coal_bituminous,0.0,thousand_tonnes,EIA_INTL_v2:productId=12
LVA,2016,coal_bituminous,0.0,thousand_tonnes,EIA_INTL_v2:productId=12
MAC,2016,coal_bituminous,0.0,thousand_tonnes,EIA_INTL_v2:productId=12
MAR,2016,coal_bituminous,0.0,thousand_tonnes,EIA_INTL_v2:productId=12
MDA,2016,coal_bituminous,0.0,thousand_tonnes,EIA_INTL_v2:productId=12
MDG,2016,coal_bituminous,0.0,thousand_tonnes,EIA_INTL_v2:productId=12
MDV,2016,coal_bituminous,0.0,thousand_tonnes,EIA_INTL_v2:productId=12
MEX,2016,coal_bituminous,0.0,thousand_tonnes,EIA_INTL_v2:productId=12
MKD,2016,coal_bituminous,0.0,thousand_tonnes,EIA_INTL_v2:productId=12
MLI,2016,coal_bituminous,0.0,thousand_tonnes,EIA_INTL_v2:productId=12
MLT,2016,coal_bituminous,0.0,thousand_tonnes,EIA_INTL_v2:productId=12
MMR,2016,coal_bituminous,0.0,thousand_tonnes,EIA_INTL_v2:productId=12
MNE,2016,coal_bituminous,0.0,thousand_tonnes,EIA_INTL_v2:productId=12
MNG,2016,coal_bituminous,4178.440111385867,thousand_tonnes,EIA_INTL_v2:productId=12
MNP,2016,coal_bituminous,0.0,thousand_tonnes,EIA_INTL_v2:productId=12
MOZ,2016,coal_bituminous,235.1015437952596,thousand_tonnes,EIA_INTL_v2:productId=12
MRT,2016,coal_bituminous,0.0,thousand_tonnes,EIA_INTL_v2:productId=12
MSR,2016,coal_bituminous,0.0,thousand_tonnes,EIA_INTL_v2:productId=12
MUS,2016,coal_bituminous,0.0,thousand_tonnes,EIA_INTL_v2:productId=12
MWI,2016,coal_bituminous,43.29994850544902,thousand_tonnes,EIA_INTL_v2:productId=12
MYS,2016,coal_bituminous,0.6939091747671161,thousand_tonnes,EIA_INTL_v2:productId=12
NAM,2016,coal_bituminous,0.0,thousand_tonnes,EIA_INTL_v2:productId=12
NCL,2016,coal_bituminous,0.0,thousand_tonnes,EIA_INTL_v2:productId=12
NER,2016,coal_bituminous,0.0,thousand_tonnes,EIA_INTL_v2:productId=12
NGA,2016,coal_bituminous,2659.996836593404,thousand_tonnes,EIA_INTL_v2:productId=12
NIC,2016,coal_bituminous,0.0,thousand_tonnes,EIA_INTL_v2:productId=12
NIU,2016,coal_bituminous,0.0,thousand_tonnes,EIA_INTL_v2:productId=12
NLD,2016,coal_bituminous,0.0,thousand_tonnes,EIA_INTL_v2:productId=12
NOR,2016,coal_bituminous,817.999027193009,thousand_tonnes,EIA_INTL_v2:productId=12
NPL,2016,coal_bituminous,0.0,thousand_tonnes,EIA_INTL_v2:productId=12
NRU,2016,coal_bituminous,0.0,thousand_tonnes,EIA_INTL_v2:productId=12
NZL,2016,coal_bituminous,33.99995956547946,thousand_tonnes,EIA_INTL_v2:productId=12
OMN,2016,coal_bituminous,0.0,thousand_tonnes,EIA_INTL_v2:productId=12
PAK,2016,coal_bituminous,2526.1583771760897,thousand_tonnes,EIA_INTL_v2:productId=12
PAN,2016,coal_bituminous,0.0,thousand_tonnes,EIA_INTL_v2:productId=12
PER,2016,coal_bituminous,0.0,thousand_tonnes,EIA_INTL_v2:productId=12
PHL,2016,coal_bituminous,0.0,thousand_tonnes,EIA_INTL_v2:productId=12
PNG,2016,coal_bituminous,0.0,thousand_tonnes,EIA_INTL_v2:productId=12
POL,2016,coal_bituminous,56704.68168559286,thousand_tonnes,EIA_INTL_v2:productId=12
PRI,2016,coal_bituminous,0.0,thousand_tonnes,EIA_INTL_v2:productId=12
PRK,2016,coal_bituminous,8559.989820014864,thousand_tonnes,EIA_INTL_v2:productId=12
PRT,2016,coal_bituminous,0.0,thousand_tonnes,EIA_INTL_v2:productId=12
PRY,2016,coal_bituminous,0.0,thousand_tonnes,EIA_INTL_v2:productId=12
PSE,2016,coal_bituminous,0.0,thousand_tonnes,EIA_INTL_v2:productId=12
PYF,2016,coal_bituminous,0.0,thousand_tonnes,EIA_INTL_v2:productId=12
QAT,2016,coal_bituminous,0.0,thousand_tonnes,EIA_INTL_v2:productId=12
ROU,2016,coal_bituminous,0.0,thousand_tonnes,EIA_INTL_v2:productId=12
RUS,2016,coal_bituminous,160594.3512754292,thousand_tonnes,EIA_INTL_v2:productId=12
RWA,2016,coal_bituminous,0.0,thousand_tonnes,EIA_INTL_v2:productId=12
SAU,2016,coal_bituminous,0.0,thousand_tonnes,EIA_INTL_v2:productId=12
SDN,2016,coal_bituminous,0.0,thousand_tonnes,EIA_INTL_v2:productId=12
SEN,2016,coal_bituminous,0.0,thousand_tonnes,EIA_INTL_v2:productId=12
SGP,2016,coal_bituminous,0.0,thousand_tonnes,EIA_INTL_v2:productId=12
SHN,2016,coal_bituminous,0.0,thousand_tonnes,EIA_INTL_v2:productId=12
SLB,2016,coal_bituminous,0.0,thousand_tonnes,EIA_INTL_v2:productId=12
SLE,2016,coal_bituminous,0.0,thousand_tonnes,EIA_INTL_v2:productId=12
SLV,2016,coal_bituminous,0.0,thousand_tonnes,EIA_INTL_v2:productId=12
SOM,2016,coal_bituminous,0.0,thousand_tonnes,EIA_INTL_v2:productId=12
SPM,2016,coal_bituminous,0.0,thousand_tonnes,EIA_INTL_v2:productId=12
SRB,2016,coal_bituminous,0.0,thousand_tonnes,EIA_INTL_v2:productId=12
SSD,2016,coal_bituminous,0.0,thousand_tonnes,EIA_INTL_v2:productId=12
STP,2016,coal_bituminous,0.0,thousand_tonnes,EIA_INTL_v2:productId=12
SUR,2016,coal_bituminous,0.0,thousand_tonnes,EIA_INTL_v2:productId=12
SVK,2016,coal_bituminous,0.0,thousand_tonnes,EIA_INTL_v2:productId=12
SVN,2016,coal_bituminous,0.0,thousand_tonnes,EIA_INTL_v2:productId=12
SWE,2016,coal_bituminous,0.0,thousand_tonnes,EIA_INTL_v2:productId=12
SWZ,2016,coal_bituminous,158.39981162270496,thousand_tonnes,EIA_INTL_v2:productId=12
SYC,2016,coal_bituminous,0.0,thousand_tonnes,EIA_INTL_v2:productId=12
SYR,2016,coal_bituminous,0.0,thousand_tonnes,EIA_INTL_v2:productId=12
TCA,2016,coal_bituminous,0.0,thousand_tonnes,EIA_INTL_v2:productId=12
TCD,2016,coal_bituminous,0.0,thousand_tonnes,EIA_INTL_v2:productId=12
TGO,2016,coal_bituminous,0.0,thousand_tonnes,EIA_INTL_v2:productId=12
THA,2016,coal_bituminous,0.0,thousand_tonnes,EIA_INTL_v2:productId=12
TJK,2016,coal_bituminous,1310.9984408924633,thousand_tonnes,EIA_INTL_v2:productId=12
TKM,2016,coal_bituminous,0.0,thousand_tonnes,EIA_INTL_v2:productId=12
TLS,2016,coal_bituminous,0.0,thousand_tonnes,EIA_INTL_v2:productId=12
TON,2016,coal_bituminous,0.0,thousand_tonnes,EIA_INTL_v2:productId=12
TTO,2016,coal_bituminous,0.0,thousand_tonnes,EIA_INTL_v2:productId=12
TUN,2016,coal_bituminous,0.0,thousand_tonnes,EIA_INTL_v2:productId=12
TUR,2016,coal_bituminous,617.9992650431292,thousand_tonnes,EIA_INTL_v2:productId=12
TUV,2016,coal_bituminous,0.0,thousand_tonnes,EIA_INTL_v2:productId=12
TWN,2016,coal_bituminous,0.0,thousand_tonnes,EIA_INTL_v2:productId=12
TZA,2016,coal_bituminous,275.9996717668344,thousand_tonnes,EIA_INTL_v2:productId=12
UGA,2016,coal_bituminous,0.0,thousand_tonnes,EIA_INTL_v2:productId=12
UKR,2016,coal_bituminous,21911.45869714728,thousand_tonnes,EIA_INTL_v2:productId=12
URY,2016,coal_bituminous,0.0,thousand_tonnes,EIA_INTL_v2:productId=12
USA,2016,coal_bituminous,244323.3597748085,thousand_tonnes,EIA_INTL_v2:productId=12
UZB,2016,coal_bituminous,159.999809719904,thousand_tonnes,EIA_INTL_v2:productId=12
VCT,2016,coal_bituminous,0.0,thousand_tonnes,EIA_INTL_v2:productId=12
VEN,2016,coal_bituminous,748.9991092513006,thousand_tonnes,EIA_INTL_v2:productId=12
VGB,2016,coal_bituminous,0.0,thousand_tonnes,EIA_INTL_v2:productId=12
VIR,2016,coal_bituminous,0.0,thousand_tonnes,EIA_INTL_v2:productId=12
VNM,2016,coal_bituminous,0.0,thousand_tonnes,EIA_INTL_v2:productId=12
VUT,2016,coal_bituminous,0.0,thousand_tonnes,EIA_INTL_v2:productId=12
WAK,2016,coal_bituminous,0.0,thousand_tonnes,EIA_INTL_v2:productId=12
WSM,2016,coal_bituminous,0.0,thousand_tonnes,EIA_INTL_v2:productId=12
XKS,2016,coal_bituminous,0.0,thousand_tonnes,EIA_INTL_v2:productId=12
YEM,2016,coal_bituminous,0.0,thousand_tonnes,EIA_INTL_v2:productId=12
ZAF,2016,coal_bituminous,225144.05602100695,thousand_tonnes,EIA_INTL_v2:productId=12
ZMB,2016,coal_bituminous,318.8951945936372,thousand_tonnes,EIA_INTL_v2:productId=12
ZWE,2016,coal_bituminous,2415.61458983083,thousand_tonnes,EIA_INTL_v2:productId=12
ABW,2017,coal_bituminous,0.0,thousand_tonnes,EIA_INTL_v2:productId=12
AFG,2017,coal_bituminous,1761.8511841993766,thousand_tonnes,EIA_INTL_v2:productId=12
AGO,2017,coal_bituminous,0.0,thousand_tonnes,EIA_INTL_v2:productId=12
ALB,2017,coal_bituminous,0.0,thousand_tonnes,EIA_INTL_v2:productId=12
ARE,2017,coal_bituminous,0.0,thousand_tonnes,EIA_INTL_v2:productId=12
ARG,2017,coal_bituminous,13.002725066603407,thousand_tonnes,EIA_INTL_v2:productId=12
ARM,2017,coal_bituminous,0.0,thousand_tonnes,EIA_INTL_v2:productId=12
ASM,2017,coal_bituminous,0.0,thousand_tonnes,EIA_INTL_v2:productId=12
ATA,2017,coal_bituminous,0.0,thousand_tonnes,EIA_INTL_v2:productId=12
ATG,2017,coal_bituminous,0.0,thousand_tonnes,EIA_INTL_v2:productId=12
AUS,2017,coal_bituminous,224271.73328438943,thousand_tonnes,EIA_INTL_v2:productId=12
AUT,2017,coal_bituminous,0.0,thousand_tonnes,EIA_INTL_v2:productId=12
AZE,2017,coal_bituminous,0.0,thousand_tonnes,EIA_INTL_v2:productId=12
BDI,2017,coal_bituminous,0.0,thousand_tonnes,EIA_INTL_v2:productId=12
BEL,2017,coal_bituminous,0.0,thousand_tonnes,EIA_INTL_v2:productId=12
BEN,2017,coal_bituminous,0.0,thousand_tonnes,EIA_INTL_v2:productId=12
BFA,2017,coal_bituminous,0.0,thousand_tonnes,EIA_INTL_v2:productId=12
BGD,2017,coal_bituminous,0.0,thousand_tonnes,EIA_INTL_v2:productId=12
BGR,2017,coal_bituminous,0.0,thousand_tonnes,EIA_INTL_v2:productId=12
BHR,2017,coal_bituminous,0.0,thousand_tonnes,EIA_INTL_v2:productId=12
BHS,2017,coal_bituminous,0.0,thousand_tonnes,EIA_INTL_v2:productId=12
BIH,2017,coal_bituminous,0.0,thousand_tonnes,EIA_INTL_v2:productId=12
BLR,2017,coal_bituminous,0.0,thousand_tonnes,EIA_INTL_v2:productId=12
BLZ,2017,coal_bituminous,0.0,thousand_tonnes,EIA_INTL_v2:productId=12
BMU,2017,coal_bituminous,0.0,thousand_tonnes,EIA_INTL_v2:productId=12
BOL,2017,coal_bituminous,0.0,thousand_tonnes,EIA_INTL_v2:productId=12
BRA,2017,coal_bituminous,98.9998822641906,thousand_tonnes,EIA_INTL_v2:productId=12
BRB,2017,coal_bituminous,0.0,thousand_tonnes,EIA_INTL_v2:productId=12
BRN,2017,coal_bituminous,0.0,thousand_tonnes,EIA_INTL_v2:productId=12
BTN,2017,coal_bituminous,0.0,thousand_tonnes,EIA_INTL_v2:productId=12
BWA,2017,coal_bituminous,2140.1879208690475,thousand_tonnes,EIA_INTL_v2:productId=12
CAF,2017,coal_bituminous,0.0,thousand_tonnes,EIA_INTL_v2:productId=12
CAN,2017,coal_bituminous,2001.9976191202989,thousand_tonnes,EIA_INTL_v2:productId=12
CHE,2017,coal_bituminous,0.0,thousand_tonnes,EIA_INTL_v2:productId=12
CHL,2017,coal_bituminous,1182.154022267295,thousand_tonnes,EIA_INTL_v2:productId=12
CHN,2017,coal_bituminous,2396816.1648519346,thousand_tonnes,EIA_INTL_v2:productId=12
CIV,2017,coal_bituminous,0.0,thousand_tonnes,EIA_INTL_v2:productId=12
CMR,2017,coal_bituminous,0.0,thousand_tonnes,EIA_INTL_v2:productId=12
COD,2017,coal_bituminous,0.0,thousand_tonnes,EIA_INTL_v2:productId=12
COG,2017,coal_bituminous,0.0,thousand_tonnes,EIA_INTL_v2:productId=12
COK,2017,coal_bituminous,0.0,thousand_tonnes,EIA_INTL_v2:productId=12
COL,2017,coal_bituminous,86032.6550805865,thousand_tonnes,EIA_INTL_v2:productId=12
COM,2017,coal_bituminous,0.0,thousand_tonnes,EIA_INTL_v2:productId=12
CPV,2017,coal_bituminous,0.0,thousand_tonnes,EIA_INTL_v2:productId=12
CRI,2017,coal_bituminous,0.0,thousand_tonnes,EIA_INTL_v2:productId=12
CUB,2017,coal_bituminous,0.0,thousand_tonnes,EIA_INTL_v2:productId=12
CYM,2017,coal_bituminous,0.0,thousand_tonnes,EIA_INTL_v2:productId=12
CYP,2017,coal_bituminous,0.0,thousand_tonnes,EIA_INTL_v2:productId=12
CZE,2017,coal_bituminous,2502.810023528138,thousand_tonnes,EIA_INTL_v2:productId=12
DEU,2017,coal_bituminous,526.9993732649428,thousand_tonnes,EIA_INTL_v2:productId=12
DJI,2017,coal_bituminous,0.0,thousand_tonnes,EIA_INTL_v2:productId=12
DMA,2017,coal_bituminous,0.0,thousand_tonnes,EIA_INTL_v2:productId=12
DNK,2017,coal_bituminous,0.0,thousand_tonnes,EIA_INTL_v2:productId=12
DOM,2017,coal_bituminous,0.0,thousand_tonnes,EIA_INTL_v2:productId=12
DZA,2017,coal_bituminous,0.0,thousand_tonnes,EIA_INTL_v2:productId=12
ECU,2017,coal_bituminous,0.0,thousand_tonnes,EIA_INTL_v2:productId=12
EGY,2017,coal_bituminous,0.0,thousand_tonnes,EIA_INTL_v2:productId=12
ERI,2017,coal_bituminous,0.0,thousand_tonnes,EIA_INTL_v2:productId=12
ESH,2017,coal_bituminous,0.0,thousand_tonnes,EIA_INTL_v2:productId=12
ESP,2017,coal_bituminous,790.9990593027754,thousand_tonnes,EIA_INTL_v2:productId=12
EST,2017,coal_bituminous,0.0,thousand_tonnes,EIA_INTL_v2:productId=12
ETH,2017,coal_bituminous,0.0,thousand_tonnes,EIA_INTL_v2:productId=12
FIN,2017,coal_bituminous,0.0,thousand_tonnes,EIA_INTL_v2:productId=12
FJI,2017,coal_bituminous,0.0,thousand_tonnes,EIA_INTL_v2:productId=12
FLK,2017,coal_bituminous,0.0,thousand_tonnes,EIA_INTL_v2:productId=12
FRA,2017,coal_bituminous,0.0,thousand_tonnes,EIA_INTL_v2:productId=12
FRO,2017,coal_bituminous,0.0,thousand_tonnes,EIA_INTL_v2:productId=12
FSM,2017,coal_bituminous,0.0,thousand_tonnes,EIA_INTL_v2:productId=12
GAB,2017,coal_bituminous,0.0,thousand_tonnes,EIA_INTL_v2:productId=12
GBR,2017,coal_bituminous,1822.4865920207383,thousand_tonnes,EIA_INTL_v2:productId=12
GEO,2017,coal_bituminous,0.0,thousand_tonnes,EIA_INTL_v2:productId=12
GHA,2017,coal_bituminous,0.0,thousand_tonnes,EIA_INTL_v2:productId=12
GIB,2017,coal_bituminous,0.0,thousand_tonnes,EIA_INTL_v2:productId=12
GIN,2017,coal_bituminous,0.0,thousand_tonnes,EIA_INTL_v2:productId=12
GMB,2017,coal_bituminous,0.0,thousand_tonnes,EIA_INTL_v2:productId=12
GNB,2017,coal_bituminous,0.0,thousand_tonnes,EIA_INTL_v2:productId=12
GNQ,2017,coal_bituminous,0.0,thousand_tonnes,EIA_INTL_v2:productId=12
GRC,2017,coal_bituminous,0.0,thousand_tonnes,EIA_INTL_v2:productId=12
GRD,2017,coal_bituminous,0.0,thousand_tonnes,EIA_INTL_v2:productId=12
GRL,2017,coal_bituminous,0.0,thousand_tonnes,EIA_INTL_v2:productId=12
GTM,2017,coal_bituminous,0.0,thousand_tonnes,EIA_INTL_v2:productId=12
GUM,2017,coal_bituminous,0.0,thousand_tonnes,EIA_INTL_v2:productId=12
GUY,2017,coal_bituminous,0.0,thousand_tonnes,EIA_INTL_v2:productId=12
HKG,2017,coal_bituminous,0.0,thousand_tonnes,EIA_INTL_v2:productId=12
HND,2017,coal_bituminous,0.0,thousand_tonnes,EIA_INTL_v2:productId=12
HRV,2017,coal_bituminous,0.0,thousand_tonnes,EIA_INTL_v2:productId=12
HTI,2017,coal_bituminous,0.0,thousand_tonnes,EIA_INTL_v2:productId=12
HUN,2017,coal_bituminous,0.0,thousand_tonnes,EIA_INTL_v2:productId=12
IDN,2017,coal_bituminous,134434.64158027215,thousand_tonnes,EIA_INTL_v2:productId=12
IND,2017,coal_bituminous,20405.901279500646,thousand_tonnes,EIA_INTL_v2:productId=12
IRL,2017,coal_bituminous,0.0,thousand_tonnes,EIA_INTL_v2:productId=12
IRN,2017,coal_bituminous,142.90783004657524,thousand_tonnes,EIA_INTL_v2:productId=12
IRQ,2017,coal_bituminous,0.0,thousand_tonnes,EIA_INTL_v2:productId=12
ISL,2017,coal_bituminous,0.0,thousand_tonnes,EIA_INTL_v2:productId=12
ISR,2017,coal_bituminous,0.0,thousand_tonnes,EIA_INTL_v2:productId=12
ITA,2017,coal_bituminous,0.0,thousand_tonnes,EIA_INTL_v2:productId=12
JAM,2017,coal_bituminous,0.0,thousand_tonnes,EIA_INTL_v2:productId=12
JOR,2017,coal_bituminous,0.0,thousand_tonnes,EIA_INTL_v2:productId=12
JPN,2017,coal_bituminous,1327.8954207976958,thousand_tonnes,EIA_INTL_v2:productId=12
KAZ,2017,coal_bituminous,77496.49665981127,thousand_tonnes,EIA_INTL_v2:productId=12
KEN,2017,coal_bituminous,0.0,thousand_tonnes,EIA_INTL_v2:productId=12
KGZ,2017,coal_bituminous,246.9997062551018,thousand_tonnes,EIA_INTL_v2:productId=12
KHM,2017,coal_bituminous,0.0,thousand_tonnes,EIA_INTL_v2:productId=12
KIR,2017,coal_bituminous,0.0,thousand_tonnes,EIA_INTL_v2:productId=12
KNA,2017,coal_bituminous,0.0,thousand_tonnes,EIA_INTL_v2:productId=12
KOR,2017,coal_bituminous,0.0,thousand_tonnes,EIA_INTL_v2:productId=12
KWT,2017,coal_bituminous,0.0,thousand_tonnes,EIA_INTL_v2:productId=12
LAO,2017,coal_bituminous,0.0,thousand_tonnes,EIA_INTL_v2:productId=12
LBN,2017,coal_bituminous,0.0,thousand_tonnes,EIA_INTL_v2:productId=12
LBR,2017,coal_bituminous,0.0,thousand_tonnes,EIA_INTL_v2:productId=12
LBY,2017,coal_bituminous,0.0,thousand_tonnes,EIA_INTL_v2:productId=12
LCA,2017,coal_bituminous,0.0,thousand_tonnes,EIA_INTL_v2:productId=12
LKA,2017,coal_bituminous,0.0,thousand_tonnes,EIA_INTL_v2:productId=12
LSO,2017,coal_bituminous,0.0,thousand_tonnes,EIA_INTL_v2:productId=12
LTU,2017,coal_bituminous,0.0,thousand_tonnes,EIA_INTL_v2:productId=12
LUX,2017,coal_bituminous,0.0,thousand_tonnes,EIA_INTL_v2:productId=12
LVA,2017,coal_bituminous,0.0,thousand_tonnes,EIA_INTL_v2:productId=12
MAC,2017,coal_bituminous,0.0,thousand_tonnes,EIA_INTL_v2:productId=12
MAR,2017,coal_bituminous,0.0,thousand_tonnes,EIA_INTL_v2:productId=12
MDA,2017,coal_bituminous,0.0,thousand_tonnes,EIA_INTL_v2:productId=12
MDG,2017,coal_bituminous,0.0,thousand_tonnes,EIA_INTL_v2:productId=12
MDV,2017,coal_bituminous,0.0,thousand_tonnes,EIA_INTL_v2:productId=12
MEX,2017,coal_bituminous,0.0,thousand_tonnes,EIA_INTL_v2:productId=12
MKD,2017,coal_bituminous,0.0,thousand_tonnes,EIA_INTL_v2:productId=12
MLI,2017,coal_bituminous,0.0,thousand_tonnes,EIA_INTL_v2:productId=12
MLT,2017,coal_bituminous,0.0,thousand_tonnes,EIA_INTL_v2:productId=12
MMR,2017,coal_bituminous,0.0,thousand_tonnes,EIA_INTL_v2:productId=12
MNE,2017,coal_bituminous,0.0,thousand_tonnes,EIA_INTL_v2:productId=12
MNG,2017,coal_bituminous,4332.809526460908,thousand_tonnes,EIA_INTL_v2:productId=12
MNP,2017,coal_bituminous,0.0,thousand_tonnes,EIA_INTL_v2:productId=12
MOZ,2017,coal_bituminous,2404.997139852307,thousand_tonnes,EIA_INTL_v2:productId=12
MRT,2017,coal_bituminous,0.0,thousand_tonnes,EIA_INTL_v2:productId=12
MSR,2017,coal_bituminous,0.0,thousand_tonnes,EIA_INTL_v2:productId=12
MUS,2017,coal_bituminous,0.0,thousand_tonnes,EIA_INTL_v2:productId=12
MWI,2017,coal_bituminous,59.999928644964,thousand_tonnes,EIA_INTL_v2:productId=12
MYS,2017,coal_bituminous,0.03204332989240538,thousand_tonnes,EIA_INTL_v2:productId=12
NAM,2017,coal_bituminous,0.0,thousand_tonnes,EIA_INTL_v2:productId=12
NCL,2017,coal_bituminous,0.0,thousand_tonnes,EIA_INTL_v2:productId=12
NER,2017,coal_bituminous,0.0,thousand_tonnes,EIA_INTL_v2:productId=12
NGA,2017,coal_bituminous,2297.6712674898167,thousand_tonnes,EIA_INTL_v2:productId=12
NIC,2017,coal_bituminous,0.0,thousand_tonnes,EIA_INTL_v2:productId=12
NIU,2017,coal_bituminous,0.0,thousand_tonnes,EIA_INTL_v2:productId=12
NLD,2017,coal_bituminous,0.0,thousand_tonnes,EIA_INTL_v2:productId=12
NOR,2017,coal_bituminous,130.99984420817137,thousand_tonnes,EIA_INTL_v2:productId=12
NPL,2017,coal_bituminous,0.0,thousand_tonnes,EIA_INTL_v2:productId=12
NRU,2017,coal_bituminous,0.0,thousand_tonnes,EIA_INTL_v2:productId=12
NZL,2017,coal_bituminous,39.05495355381782,thousand_tonnes,EIA_INTL_v2:productId=12
OMN,2017,coal_bituminous,0.0,thousand_tonnes,EIA_INTL_v2:productId=12
PAK,2017,coal_bituminous,2374.931831013003,thousand_tonnes,EIA_INTL_v2:productId=12
PAN,2017,coal_bituminous,0.0,thousand_tonnes,EIA_INTL_v2:productId=12
PER,2017,coal_bituminous,0.0,thousand_tonnes,EIA_INTL_v2:productId=12
PHL,2017,coal_bituminous,0.0,thousand_tonnes,EIA_INTL_v2:productId=12
PNG,2017,coal_bituminous,0.0,thousand_tonnes,EIA_INTL_v2:productId=12
POL,2017,coal_bituminous,52976.03843545304,thousand_tonnes,EIA_INTL_v2:productId=12
PRI,2017,coal_bituminous,0.0,thousand_tonnes,EIA_INTL_v2:productId=12
PRK,2017,coal_bituminous,12059.985657637764,thousand_tonnes,EIA_INTL_v2:productId=12
PRT,2017,coal_bituminous,0.0,thousand_tonnes,EIA_INTL_v2:productId=12
PRY,2017,coal_bituminous,0.0,thousand_tonnes,EIA_INTL_v2:productId=12
PSE,2017,coal_bituminous,0.0,thousand_tonnes,EIA_INTL_v2:productId=12
PYF,2017,coal_bituminous,0.0,thousand_tonnes,EIA_INTL_v2:productId=12
QAT,2017,coal_bituminous,0.0,thousand_tonnes,EIA_INTL_v2:productId=12
ROU,2017,coal_bituminous,0.0,thousand_tonnes,EIA_INTL_v2:productId=12
RUS,2017,coal_bituminous,183607.24681274084,thousand_tonnes,EIA_INTL_v2:productId=12
RWA,2017,coal_bituminous,0.0,thousand_tonnes,EIA_INTL_v2:productId=12
SAU,2017,coal_bituminous,0.0,thousand_tonnes,EIA_INTL_v2:productId=12
SDN,2017,coal_bituminous,0.0,thousand_tonnes,EIA_INTL_v2:productId=12
SEN,2017,coal_bituminous,0.0,thousand_tonnes,EIA_INTL_v2:productId=12
SGP,2017,coal_bituminous,0.0,thousand_tonnes,EIA_INTL_v2:productId=12
SHN,2017,coal_bituminous,0.0,thousand_tonnes,EIA_INTL_v2:productId=12
SLB,2017,coal_bituminous,0.0,thousand_tonnes,EIA_INTL_v2:productId=12
SLE,2017,coal_bituminous,0.0,thousand_tonnes,EIA_INTL_v2:productId=12
SLV,2017,coal_bituminous,0.0,thousand_tonnes,EIA_INTL_v2:productId=12
SOM,2017,coal_bituminous,0.0,thousand_tonnes,EIA_INTL_v2:productId=12
SPM,2017,coal_bituminous,0.0,thousand_tonnes,EIA_INTL_v2:productId=12
SRB,2017,coal_bituminous,0.0,thousand_tonnes,EIA_INTL_v2:productId=12
SSD,2017,coal_bituminous,0.0,thousand_tonnes,EIA_INTL_v2:productId=12
STP,2017,coal_bituminous,0.0,thousand_tonnes,EIA_INTL_v2:productId=12
SUR,2017,coal_bituminous,0.0,thousand_tonnes,EIA_INTL_v2:productId=12
SVK,2017,coal_bituminous,0.0,thousand_tonnes,EIA_INTL_v2:productId=12
SVN,2017,coal_bituminous,0.0,thousand_tonnes,EIA_INTL_v2:productId=12
SWE,2017,coal_bituminous,0.0,thousand_tonnes,EIA_INTL_v2:productId=12
SWZ,2017,coal_bituminous,172.5048642025986,thousand_tonnes,EIA_INTL_v2:productId=12
SYC,2017,coal_bituminous,0.0,thousand_tonnes,EIA_INTL_v2:productId=12
SYR,2017,coal_bituminous,0.0,thousand_tonnes,EIA_INTL_v2:productId=12
TCA,2017,coal_bituminous,0.0,thousand_tonnes,EIA_INTL_v2:productId=12
TCD,2017,coal_bituminous,0.0,thousand_tonnes,EIA_INTL_v2:productId=12
TGO,2017,coal_bituminous,0.0,thousand_tonnes,EIA_INTL_v2:productId=12
THA,2017,coal_bituminous,0.0,thousand_tonnes,EIA_INTL_v2:productId=12
TJK,2017,coal_bituminous,1706.9979699492258,thousand_tonnes,EIA_INTL_v2:productId=12
TKM,2017,coal_bituminous,0.0,thousand_tonnes,EIA_INTL_v2:productId=12
TLS,2017,coal_bituminous,0.0,thousand_tonnes,EIA_INTL_v2:productId=12
TON,2017,coal_bituminous,0.0,thousand_tonnes,EIA_INTL_v2:productId=12
TTO,2017,coal_bituminous,0.0,thousand_tonnes,EIA_INTL_v2:productId=12
TUN,2017,coal_bituminous,0.0,thousand_tonnes,EIA_INTL_v2:productId=12
TUR,2017,coal_bituminous,469.88744118541405,thousand_tonnes,EIA_INTL_v2:productId=12
TUV,2017,coal_bituminous,0.0,thousand_tonnes,EIA_INTL_v2:productId=12
TWN,2017,coal_bituminous,0.0,thousand_tonnes,EIA_INTL_v2:productId=12
TZA,2017,coal_bituminous,558.9993352089145,thousand_tonnes,EIA_INTL_v2:productId=12
UGA,2017,coal_bituminous,0.0,thousand_tonnes,EIA_INTL_v2:productId=12
UKR,2017,coal_bituminous,18843.06351948952,thousand_tonnes,EIA_INTL_v2:productId=12
URY,2017,coal_bituminous,0.0,thousand_tonnes,EIA_INTL_v2:productId=12
USA,2017,coal_bituminous,253320.19297328437,thousand_tonnes,EIA_INTL_v2:productId=12
UZB,2017,coal_bituminous,123.9998525329256,thousand_tonnes,EIA_INTL_v2:productId=12
VCT,2017,coal_bituminous,0.0,thousand_tonnes,EIA_INTL_v2:productId=12
VEN,2017,coal_bituminous,720.0485668891811,thousand_tonnes,EIA_INTL_v2:productId=12
VGB,2017,coal_bituminous,0.0,thousand_tonnes,EIA_INTL_v2:productId=12
VIR,2017,coal_bituminous,0.0,thousand_tonnes,EIA_INTL_v2:productId=12
VNM,2017,coal_bituminous,0.0,thousand_tonnes,EIA_INTL_v2:productId=12
VUT,2017,coal_bituminous,0.0,thousand_tonnes,EIA_INTL_v2:productId=12
WAK,2017,coal_bituminous,0.0,thousand_tonnes,EIA_INTL_v2:productId=12
WSM,2017,coal_bituminous,0.0,thousand_tonnes,EIA_INTL_v2:productId=12
XKS,2017,coal_bituminous,0.0,thousand_tonnes,EIA_INTL_v2:productId=12
YEM,2017,coal_bituminous,0.0,thousand_tonnes,EIA_INTL_v2:productId=12
ZAF,2017,coal_bituminous,226684.81645487726,thousand_tonnes,EIA_INTL_v2:productId=12
ZMB,2017,coal_bituminous,786.9729919409533,thousand_tonnes,EIA_INTL_v2:productId=12
ZWE,2017,coal_bituminous,2681.176141264715,thousand_tonnes,EIA_INTL_v2:productId=12
ABW,2018,coal_bituminous,0.0,thousand_tonnes,EIA_INTL_v2:productId=12
AFG,2018,coal_bituminous,2239.6749943549717,thousand_tonnes,EIA_INTL_v2:productId=12
AGO,2018,coal_bituminous,0.0,thousand_tonnes,EIA_INTL_v2:productId=12
ALB,2018,coal_bituminous,0.0,thousand_tonnes,EIA_INTL_v2:productId=12
ARE,2018,coal_bituminous,0.0,thousand_tonnes,EIA_INTL_v2:productId=12
ARG,2018,coal_bituminous,15.651167132590022,thousand_tonnes,EIA_INTL_v2:productId=12
ARM,2018,coal_bituminous,0.0,thousand_tonnes,EIA_INTL_v2:productId=12
ASM,2018,coal_bituminous,0.0,thousand_tonnes,EIA_INTL_v2:productId=12
ATA,2018,coal_bituminous,0.0,thousand_tonnes,EIA_INTL_v2:productId=12
ATG,2018,coal_bituminous,0.0,thousand_tonnes,EIA_INTL_v2:productId=12
AUS,2018,coal_bituminous,231583.72458858904,thousand_tonnes,EIA_INTL_v2:productId=12
AUT,2018,coal_bituminous,0.0,thousand_tonnes,EIA_INTL_v2:productId=12
AZE,2018,coal_bituminous,0.0,thousand_tonnes,EIA_INTL_v2:productId=12
BDI,2018,coal_bituminous,0.0,thousand_tonnes,EIA_INTL_v2:productId=12
BEL,2018,coal_bituminous,0.0,thousand_tonnes,EIA_INTL_v2:productId=12
BEN,2018,coal_bituminous,0.0,thousand_tonnes,EIA_INTL_v2:productId=12
BFA,2018,coal_bituminous,0.0,thousand_tonnes,EIA_INTL_v2:productId=12
BGD,2018,coal_bituminous,0.0,thousand_tonnes,EIA_INTL_v2:productId=12
BGR,2018,coal_bituminous,0.0,thousand_tonnes,EIA_INTL_v2:productId=12
BHR,2018,coal_bituminous,0.0,thousand_tonnes,EIA_INTL_v2:productId=12
BHS,2018,coal_bituminous,0.0,thousand_tonnes,EIA_INTL_v2:productId=12
BIH,2018,coal_bituminous,0.0,thousand_tonnes,EIA_INTL_v2:productId=12
BLR,2018,coal_bituminous,0.0,thousand_tonnes,EIA_INTL_v2:productId=12
BLZ,2018,coal_bituminous,0.0,thousand_tonnes,EIA_INTL_v2:productId=12
BMU,2018,coal_bituminous,0.0,thousand_tonnes,EIA_INTL_v2:productId=12
BOL,2018,coal_bituminous,0.0,thousand_tonnes,EIA_INTL_v2:productId=12
BRA,2018,coal_bituminous,111.26386767922124,thousand_tonnes,EIA_INTL_v2:productId=12
BRB,2018,coal_bituminous,0.0,thousand_tonnes,EIA_INTL_v2:productId=12
BRN,2018,coal_bituminous,0.0,thousand_tonnes,EIA_INTL_v2:productId=12
BTN,2018,coal_bituminous,0.0,thousand_tonnes,EIA_INTL_v2:productId=12
BWA,2018,coal_bituminous,2088.362872956137,thousand_tonnes,EIA_INTL_v2:productId=12
CAF,2018,coal_bituminous,0.0,thousand_tonnes,EIA_INTL_v2:productId=12
CAN,2018,coal_bituminous,2727.996755724363,thousand_tonnes,EIA_INTL_v2:productId=12
CHE,2018,coal_bituminous,0.0,thousand_tonnes,EIA_INTL_v2:productId=12
CHL,2018,coal_bituminous,1118.6233589089802,thousand_tonnes,EIA_INTL_v2:productId=12
CHN,2018,coal_bituminous,2572172.136766623,thousand_tonnes,EIA_INTL_v2:productId=12
CIV,2018,coal_bituminous,0.0,thousand_tonnes,EIA_INTL_v2:productId=12
CMR,2018,coal_bituminous,0.0,thousand_tonnes,EIA_INTL_v2:productId=12
COD,2018,coal_bituminous,0.0,thousand_tonnes,EIA_INTL_v2:productId=12
COG,2018,coal_bituminous,0.0,thousand_tonnes,EIA_INTL_v2:productId=12
COK,2018,coal_bituminous,0.0,thousand_tonnes,EIA_INTL_v2:productId=12
COL,2018,coal_bituminous,78701.3143728739,thousand_tonnes,EIA_INTL_v2:productId=12
COM,2018,coal_bituminous,0.0,thousand_tonnes,EIA_INTL_v2:productId=12
CPV,2018,coal_bituminous,0.0,thousand_tonnes,EIA_INTL_v2:productId=12
CRI,2018,coal_bituminous,0.0,thousand_tonnes,EIA_INTL_v2:productId=12
CUB,2018,coal_bituminous,0.0,thousand_tonnes,EIA_INTL_v2:productId=12
CYM,2018,coal_bituminous,0.0,thousand_tonnes,EIA_INTL_v2:productId=12
CYP,2018,coal_bituminous,0.0,thousand_tonnes,EIA_INTL_v2:productId=12
CZE,2018,coal_bituminous,2141.4354532935736,thousand_tonnes,EIA_INTL_v2:productId=12
DEU,2018,coal_bituminous,467.9994434307192,thousand_tonnes,EIA_INTL_v2:productId=12
DJI,2018,coal_bituminous,0.0,thousand_tonnes,EIA_INTL_v2:productId=12
DMA,2018,coal_bituminous,0.0,thousand_tonnes,EIA_INTL_v2:productId=12
DNK,2018,coal_bituminous,0.0,thousand_tonnes,EIA_INTL_v2:productId=12
DOM,2018,coal_bituminous,0.0,thousand_tonnes,EIA_INTL_v2:productId=12
DZA,2018,coal_bituminous,0.0,thousand_tonnes,EIA_INTL_v2:productId=12
ECU,2018,coal_bituminous,0.0,thousand_tonnes,EIA_INTL_v2:productId=12
EGY,2018,coal_bituminous,0.0,thousand_tonnes,EIA_INTL_v2:productId=12
ERI,2018,coal_bituminous,0.0,thousand_tonnes,EIA_INTL_v2:productId=12
ESH,2018,coal_bituminous,0.0,thousand_tonnes,EIA_INTL_v2:productId=12
ESP,2018,coal_bituminous,476.9994327274638,thousand_tonnes,EIA_INTL_v2:productId=12
EST,2018,coal_bituminous,0.0,thousand_tonnes,EIA_INTL_v2:productId=12
ETH,2018,coal_bituminous,0.0,thousand_tonnes,EIA_INTL_v2:productId=12
FIN,2018,coal_bituminous,0.0,thousand_tonnes,EIA_INTL_v2:productId=12
FJI,2018,coal_bituminous,0.0,thousand_tonnes,EIA_INTL_v2:productId=12
FLK,2018,coal_bituminous,0.0,thousand_tonnes,EIA_INTL_v2:productId=12
FRA,2018,coal_bituminous,0.0,thousand_tonnes,EIA_INTL_v2:productId=12
FRO,2018,coal_bituminous,0.0,thousand_tonnes,EIA_INTL_v2:productId=12
FSM,2018,coal_bituminous,0.0,thousand_tonnes,EIA_INTL_v2:productId=12
GAB,2018,coal_bituminous,0.0,thousand_tonnes,EIA_INTL_v2:productId=12
GBR,2018,coal_bituminous,1597.368100326769,thousand_tonnes,EIA_INTL_v2:productId=12
GEO,2018,coal_bituminous,0.0,thousand_tonnes,EIA_INTL_v2:productId=12
GHA,2018,coal_bituminous,0.0,thousand_tonnes,EIA_INTL_v2:productId=12
GIB,2018,coal_bituminous,0.0,thousand_tonnes,EIA_INTL_v2:productId=12
GIN,2018,coal_bituminous,0.0,thousand_tonnes,EIA_INTL_v2:productId=12
GMB,2018,coal_bituminous,0.0,thousand_tonnes,EIA_INTL_v2:productId=12
GNB,2018,coal_bituminous,0.0,thousand_tonnes,EIA_INTL_v2:productId=12
GNQ,2018,coal_bituminous,0.0,thousand_tonnes,EIA_INTL_v2:productId=12
GRC,2018,coal_bituminous,0.0,thousand_tonnes,EIA_INTL_v2:productId=12
GRD,2018,coal_bituminous,0.0,thousand_tonnes,EIA_INTL_v2:productId=12
GRL,2018,coal_bituminous,0.0,thousand_tonnes,EIA_INTL_v2:productId=12
GTM,2018,coal_bituminous,0.0,thousand_tonnes,EIA_INTL_v2:productId=12
GUM,2018,coal_bituminous,0.0,thousand_tonnes,EIA_INTL_v2:productId=12
GUY,2018,coal_bituminous,0.0,thousand_tonnes,EIA_INTL_v2:productId=12
HKG,2018,coal_bituminous,0.0,thousand_tonnes,EIA_INTL_v2:productId=12
HND,2018,coal_bituminous,0.0,thousand_tonnes,EIA_INTL_v2:productId=12
HRV,2018,coal_bituminous,0.0,thousand_tonnes,EIA_INTL_v2:productId=12
HTI,2018,coal_bituminous,0.0,thousand_tonnes,EIA_INTL_v2:productId=12
HUN,2018,coal_bituminous,0.0,thousand_tonnes,EIA_INTL_v2:productId=12
IDN,2018,coal_bituminous,138277.08788774774,thousand_tonnes,EIA_INTL_v2:productId=12
IND,2018,coal_bituminous,21074.58494508136,thousand_tonnes,EIA_INTL_v2:productId=12
IRL,2018,coal_bituminous,0.0,thousand_tonnes,EIA_INTL_v2:productId=12
IRN,2018,coal_bituminous,155.1478154901479,thousand_tonnes,EIA_INTL_v2:productId=12
IRQ,2018,coal_bituminous,0.0,thousand_tonnes,EIA_INTL_v2:productId=12
ISL,2018,coal_bituminous,0.0,thousand_tonnes,EIA_INTL_v2:productId=12
ISR,2018,coal_bituminous,0.0,thousand_tonnes,EIA_INTL_v2:productId=12
ITA,2018,coal_bituminous,0.0,thousand_tonnes,EIA_INTL_v2:productId=12
JAM,2018,coal_bituminous,0.0,thousand_tonnes,EIA_INTL_v2:productId=12
JOR,2018,coal_bituminous,0.0,thousand_tonnes,EIA_INTL_v2:productId=12
JPN,2018,coal_bituminous,963.677853944171,thousand_tonnes,EIA_INTL_v2:productId=12
KAZ,2018,coal_bituminous,82224.17217193206,thousand_tonnes,EIA_INTL_v2:productId=12
KEN,2018,coal_bituminous,0.0,thousand_tonnes,EIA_INTL_v2:productId=12
KGZ,2018,coal_bituminous,324.35961425467536,thousand_tonnes,EIA_INTL_v2:productId=12
KHM,2018,coal_bituminous,0.0,thousand_tonnes,EIA_INTL_v2:productId=12
KIR,2018,coal_bituminous,0.0,thousand_tonnes,EIA_INTL_v2:productId=12
KNA,2018,coal_bituminous,0.0,thousand_tonnes,EIA_INTL_v2:productId=12
KOR,2018,coal_bituminous,0.0,thousand_tonnes,EIA_INTL_v2:productId=12
KWT,2018,coal_bituminous,0.0,thousand_tonnes,EIA_INTL_v2:productId=12
LAO,2018,coal_bituminous,0.0,thousand_tonnes,EIA_INTL_v2:productId=12
LBN,2018,coal_bituminous,0.0,thousand_tonnes,EIA_INTL_v2:productId=12
LBR,2018,coal_bituminous,0.0,thousand_tonnes,EIA_INTL_v2:productId=12
LBY,2018,coal_bituminous,0.0,thousand_tonnes,EIA_INTL_v2:productId=12
LCA,2018,coal_bituminous,0.0,thousand_tonnes,EIA_INTL_v2:productId=12
LKA,2018,coal_bituminous,0.0,thousand_tonnes,EIA_INTL_v2:productId=12
LSO,2018,coal_bituminous,0.0,thousand_tonnes,EIA_INTL_v2:productId=12
LTU,2018,coal_bituminous,0.0,thousand_tonnes,EIA_INTL_v2:productId=12
LUX,2018,coal_bituminous,0.0,thousand_tonnes,EIA_INTL_v2:productId=12
LVA,2018,coal_bituminous,0.0,thousand_tonnes,EIA_INTL_v2:productId=12
MAC,2018,coal_bituminous,0.0,thousand_tonnes,EIA_INTL_v2:productId=12
MAR,2018,coal_bituminous,0.0,thousand_tonnes,EIA_INTL_v2:productId=12
MDA,2018,coal_bituminous,0.0,thousand_tonnes,EIA_INTL_v2:productId=12
MDG,2018,coal_bituminous,0.0,thousand_tonnes,EIA_INTL_v2:productId=12
MDV,2018,coal_bituminous,0.0,thousand_tonnes,EIA_INTL_v2:productId=12
MEX,2018,coal_bituminous,0.0,thousand_tonnes,EIA_INTL_v2:productId=12
MKD,2018,coal_bituminous,0.0,thousand_tonnes,EIA_INTL_v2:productId=12
MLI,2018,coal_bituminous,0.0,thousand_tonnes,EIA_INTL_v2:productId=12
MLT,2018,coal_bituminous,0.0,thousand_tonnes,EIA_INTL_v2:productId=12
MMR,2018,coal_bituminous,0.0,thousand_tonnes,EIA_INTL_v2:productId=12
MNE,2018,coal_bituminous,0.0,thousand_tonnes,EIA_INTL_v2:productId=12
MNG,2018,coal_bituminous,4120.964990441702,thousand_tonnes,EIA_INTL_v2:productId=12
MNP,2018,coal_bituminous,0.0,thousand_tonnes,EIA_INTL_v2:productId=12
MOZ,2018,coal_bituminous,5131.696643119467,thousand_tonnes,EIA_INTL_v2:productId=12
MRT,2018,coal_bituminous,0.0,thousand_tonnes,EIA_INTL_v2:productId=12
MSR,2018,coal_bituminous,0.0,thousand_tonnes,EIA_INTL_v2:productId=12
MUS,2018,coal_bituminous,0.0,thousand_tonnes,EIA_INTL_v2:productId=12
MWI,2018,coal_bituminous,49.79994077532012,thousand_tonnes,EIA_INTL_v2:productId=12
MYS,2018,coal_bituminous,0.0,thousand_tonnes,EIA_INTL_v2:productId=12
NAM,2018,coal_bituminous,0.0,thousand_tonnes,EIA_INTL_v2:productId=12
NCL,2018,coal_bituminous,0.0,thousand_tonnes,EIA_INTL_v2:productId=12
NER,2018,coal_bituminous,0.0,thousand_tonnes,EIA_INTL_v2:productId=12
NGA,2018,coal_bituminous,2691.6737989215126,thousand_tonnes,EIA_INTL_v2:productId=12
NIC,2018,coal_bituminous,0.0,thousand_tonnes,EIA_INTL_v2:productId=12
NIU,2018,coal_bituminous,0.0,thousand_tonnes,EIA_INTL_v2:productId=12
NLD,2018,coal_bituminous,0.0,thousand_tonnes,EIA_INTL_v2:productId=12
NOR,2018,coal_bituminous,150.35382119141528,thousand_tonnes,EIA_INTL_v2:productId=12
NPL,2018,coal_bituminous,0.0,thousand_tonnes,EIA_INTL_v2:productId=12
NRU,2018,coal_bituminous,0.0,thousand_tonnes,EIA_INTL_v2:productId=12
NZL,2018,coal_bituminous,105.60587440800114,thousand_tonnes,EIA_INTL_v2:productId=12
OMN,2018,coal_bituminous,0.0,thousand_tonnes,EIA_INTL_v2:productId=12
PAK,2018,coal_bituminous,3766.31830863793,thousand_tonnes,EIA_INTL_v2:productId=12
PAN,2018,coal_bituminous,0.0,thousand_tonnes,EIA_INTL_v2:productId=12
PER,2018,coal_bituminous,0.0,thousand_tonnes,EIA_INTL_v2:productId=12
PHL,2018,coal_bituminous,0.0,thousand_tonnes,EIA_INTL_v2:productId=12
PNG,2018,coal_bituminous,0.0,thousand_tonnes,EIA_INTL_v2:productId=12
POL,2018,coal_bituminous,49909.90189046494,thousand_tonnes,EIA_INTL_v2:productId=12
PRI,2018,coal_bituminous,0.0,thousand_tonnes,EIA_INTL_v2:productId=12
PRK,2018,coal_bituminous,10056.173040675954,thousand_tonnes,EIA_INTL_v2:productId=12
PRT,2018,coal_bituminous,0.0,thousand_tonnes,EIA_INTL_v2:productId=12
PRY,2018,coal_bituminous,0.0,thousand_tonnes,EIA_INTL_v2:productId=12
PSE,2018,coal_bituminous,0.0,thousand_tonnes,EIA_INTL_v2:productId=12
PYF,2018,coal_bituminous,0.0,thousand_tonnes,EIA_INTL_v2:productId=12
QAT,2018,coal_bituminous,0.0,thousand_tonnes,EIA_INTL_v2:productId=12
ROU,2018,coal_bituminous,0.0,thousand_tonnes,EIA_INTL_v2:productId=12
RUS,2018,coal_bituminous,190146.93565073778,thousand_tonnes,EIA_INTL_v2:productId=12
RWA,2018,coal_bituminous,0.0,thousand_tonnes,EIA_INTL_v2:productId=12
SAU,2018,coal_bituminous,0.0,thousand_tonnes,EIA_INTL_v2:productId=12
SDN,2018,coal_bituminous,0.0,thousand_tonnes,EIA_INTL_v2:productId=12
SEN,2018,coal_bituminous,0.0,thousand_tonnes,EIA_INTL_v2:productId=12
SGP,2018,coal_bituminous,0.0,thousand_tonnes,EIA_INTL_v2:productId=12
SHN,2018,coal_bituminous,0.0,thousand_tonnes,EIA_INTL_v2:productId=12
SLB,2018,coal_bituminous,0.0,thousand_tonnes,EIA_INTL_v2:productId=12
SLE,2018,coal_bituminous,0.0,thousand_tonnes,EIA_INTL_v2:productId=12
SLV,2018,coal_bituminous,0.0,thousand_tonnes,EIA_INTL_v2:productId=12
SOM,2018,coal_bituminous,0.0,thousand_tonnes,EIA_INTL_v2:productId=12
SPM,2018,coal_bituminous,0.0,thousand_tonnes,EIA_INTL_v2:productId=12
SRB,2018,coal_bituminous,0.0,thousand_tonnes,EIA_INTL_v2:productId=12
SSD,2018,coal_bituminous,0.0,thousand_tonnes,EIA_INTL_v2:productId=12
STP,2018,coal_bituminous,0.0,thousand_tonnes,EIA_INTL_v2:productId=12
SUR,2018,coal_bituminous,0.0,thousand_tonnes,EIA_INTL_v2:productId=12
SVK,2018,coal_bituminous,0.0,thousand_tonnes,EIA_INTL_v2:productId=12
SVN,2018,coal_bituminous,0.0,thousand_tonnes,EIA_INTL_v2:productId=12
SWE,2018,coal_bituminous,0.0,thousand_tonnes,EIA_INTL_v2:productId=12
SWZ,2018,coal_bituminous,128.9998465866726,thousand_tonnes,EIA_INTL_v2:productId=12
SYC,2018,coal_bituminous,0.0,thousand_tonnes,EIA_INTL_v2:productId=12
SYR,2018,coal_bituminous,0.0,thousand_tonnes,EIA_INTL_v2:productId=12
TCA,2018,coal_bituminous,0.0,thousand_tonnes,EIA_INTL_v2:productId=12
TCD,2018,coal_bituminous,0.0,thousand_tonnes,EIA_INTL_v2:productId=12
TGO,2018,coal_bituminous,0.0,thousand_tonnes,EIA_INTL_v2:productId=12
THA,2018,coal_bituminous,0.0,thousand_tonnes,EIA_INTL_v2:productId=12
TJK,2018,coal_bituminous,1841.89780951932,thousand_tonnes,EIA_INTL_v2:productId=12
TKM,2018,coal_bituminous,0.0,thousand_tonnes,EIA_INTL_v2:productId=12
TLS,2018,coal_bituminous,0.0,thousand_tonnes,EIA_INTL_v2:productId=12
TON,2018,coal_bituminous,0.0,thousand_tonnes,EIA_INTL_v2:productId=12
TTO,2018,coal_bituminous,0.0,thousand_tonnes,EIA_INTL_v2:productId=12
TUN,2018,coal_bituminous,0.0,thousand_tonnes,EIA_INTL_v2:productId=12
TUR,2018,coal_bituminous,409.51951297809427,thousand_tonnes,EIA_INTL_v2:productId=12
TUV,2018,coal_bituminous,0.0,thousand_tonnes,EIA_INTL_v2:productId=12
TWN,2018,coal_bituminous,0.0,thousand_tonnes,EIA_INTL_v2:productId=12
TZA,2018,coal_bituminous,627.9992531506232,thousand_tonnes,EIA_INTL_v2:productId=12
UGA,2018,coal_bituminous,0.0,thousand_tonnes,EIA_INTL_v2:productId=12
UKR,2018,coal_bituminous,21648.074254984087,thousand_tonnes,EIA_INTL_v2:productId=12
URY,2018,coal_bituminous,0.0,thousand_tonnes,EIA_INTL_v2:productId=12
USA,2018,coal_bituminous,252123.059289794,thousand_tonnes,EIA_INTL_v2:productId=12
UZB,2018,coal_bituminous,149.79182185977413,thousand_tonnes,EIA_INTL_v2:productId=12
VCT,2018,coal_bituminous,0.0,thousand_tonnes,EIA_INTL_v2:productId=12
VEN,2018,coal_bituminous,692.0070928903714,thousand_tonnes,EIA_INTL_v2:productId=12
VGB,2018,coal_bituminous,0.0,thousand_tonnes,EIA_INTL_v2:productId=12
VIR,2018,coal_bituminous,0.0,thousand_tonnes,EIA_INTL_v2:productId=12
VNM,2018,coal_bituminous,0.0,thousand_tonnes,EIA_INTL_v2:productId=12
VUT,2018,coal_bituminous,0.0,thousand_tonnes,EIA_INTL_v2:productId=12
WAK,2018,coal_bituminous,0.0,thousand_tonnes,EIA_INTL_v2:productId=12
WSM,2018,coal_bituminous,0.0,thousand_tonnes,EIA_INTL_v2:productId=12
XKS,2018,coal_bituminous,0.0,thousand_tonnes,EIA_INTL_v2:productId=12
YEM,2018,coal_bituminous,0.0,thousand_tonnes,EIA_INTL_v2:productId=12
ZAF,2018,coal_bituminous,222765.38898713503,thousand_tonnes,EIA_INTL_v2:productId=12
ZMB,2018,coal_bituminous,1163.026007780155,thousand_tonnes,EIA_INTL_v2:productId=12
ZWE,2018,coal_bituminous,3050.552659713077,thousand_tonnes,EIA_INTL_v2:productId=12
ABW,2019,coal_bituminous,0.0,thousand_tonnes,EIA_INTL_v2:productId=12
AFG,2019,coal_bituminous,2383.7190414587317,thousand_tonnes,EIA_INTL_v2:productId=12
AGO,2019,coal_bituminous,0.0,thousand_tonnes,EIA_INTL_v2:productId=12
ALB,2019,coal_bituminous,0.0,thousand_tonnes,EIA_INTL_v2:productId=12
ARE,2019,coal_bituminous,0.0,thousand_tonnes,EIA_INTL_v2:productId=12
ARG,2019,coal_bituminous,14.520809719049458,thousand_tonnes,EIA_INTL_v2:productId=12
ARM,2019,coal_bituminous,0.0,thousand_tonnes,EIA_INTL_v2:productId=12
ASM,2019,coal_bituminous,0.0,thousand_tonnes,EIA_INTL_v2:productId=12
ATA,2019,coal_bituminous,0.0,thousand_tonnes,EIA_INTL_v2:productId=12
ATG,2019,coal_bituminous,0.0,thousand_tonnes,EIA_INTL_v2:productId=12
AUS,2019,coal_bituminous,244858.70880128734,thousand_tonnes,EIA_INTL_v2:productId=12
AUT,2019,coal_bituminous,0.0,thousand_tonnes,EIA_INTL_v2:productId=12
AZE,2019,coal_bituminous,0.0,thousand_tonnes,EIA_INTL_v2:productId=12
BDI,2019,coal_bituminous,0.0,thousand_tonnes,EIA_INTL_v2:productId=12
BEL,2019,coal_bituminous,0.0,thousand_tonnes,EIA_INTL_v2:productId=12
BEN,2019,coal_bituminous,0.0,thousand_tonnes,EIA_INTL_v2:productId=12
BFA,2019,coal_bituminous,0.0,thousand_tonnes,EIA_INTL_v2:productId=12
BGD,2019,coal_bituminous,0.0,thousand_tonnes,EIA_INTL_v2:productId=12
BGR,2019,coal_bituminous,0.0,thousand_tonnes,EIA_INTL_v2:productId=12
BHR,2019,coal_bituminous,0.0,thousand_tonnes,EIA_INTL_v2:productId=12
BHS,2019,coal_bituminous,0.0,thousand_tonnes,EIA_INTL_v2:productId=12
BIH,2019,coal_bituminous,0.0,thousand_tonnes,EIA_INTL_v2:productId=12
BLR,2019,coal_bituminous,0.0,thousand_tonnes,EIA_INTL_v2:productId=12
BLZ,2019,coal_bituminous,0.0,thousand_tonnes,EIA_INTL_v2:productId=12
BMU,2019,coal_bituminous,0.0,thousand_tonnes,EIA_INTL_v2:productId=12
BOL,2019,coal_bituminous,0.0,thousand_tonnes,EIA_INTL_v2:productId=12
BRA,2019,coal_bituminous,123.93785260665913,thousand_tonnes,EIA_INTL_v2:productId=12
BRB,2019,coal_bituminous,0.0,thousand_tonnes,EIA_INTL_v2:productId=12
BRN,2019,coal_bituminous,0.0,thousand_tonnes,EIA_INTL_v2:productId=12
BTN,2019,coal_bituminous,0.0,thousand_tonnes,EIA_INTL_v2:productId=12
BWA,2019,coal_bituminous,2036.5368250445058,thousand_tonnes,EIA_INTL_v2:productId=12
CAF,2019,coal_bituminous,0.0,thousand_tonnes,EIA_INTL_v2:productId=12
CAN,2019,coal_bituminous,3929.6193266923,thousand_tonnes,EIA_INTL_v2:productId=12
CHE,2019,coal_bituminous,0.0,thousand_tonnes,EIA_INTL_v2:productId=12
CHL,2019,coal_bituminous,772.1857341734984,thousand_tonnes,EIA_INTL_v2:productId=12
CHN,2019,coal_bituminous,2669820.630424313,thousand_tonnes,EIA_INTL_v2:productId=12
CIV,2019,coal_bituminous,0.0,thousand_tonnes,EIA_INTL_v2:productId=12
CMR,2019,coal_bituminous,0.0,thousand_tonnes,EIA_INTL_v2:productId=12
COD,2019,coal_bituminous,0.0,thousand_tonnes,EIA_INTL_v2:productId=12
COG,2019,coal_bituminous,0.0,thousand_tonnes,EIA_INTL_v2:productId=12
COK,2019,coal_bituminous,0.0,thousand_tonnes,EIA_INTL_v2:productId=12
COL,2019,coal_bituminous,78911.94545019115,thousand_tonnes,EIA_INTL_v2:productId=12
COM,2019,coal_bituminous,0.0,thousand_tonnes,EIA_INTL_v2:productId=12
CPV,2019,coal_bituminous,0.0,thousand_tonnes,EIA_INTL_v2:productId=12
CRI,2019,coal_bituminous,0.0,thousand_tonnes,EIA_INTL_v2:productId=12
CUB,2019,coal_bituminous,0.0,thousand_tonnes,EIA_INTL_v2:productId=12
CYM,2019,coal_bituminous,0.0,thousand_tonnes,EIA_INTL_v2:productId=12
CYP,2019,coal_bituminous,0.0,thousand_tonnes,EIA_INTL_v2:productId=12
CZE,2019,coal_bituminous,1399.7323353655006,thousand_tonnes,EIA_INTL_v2:productId=12
DEU,2019,coal_bituminous,0.0,thousand_tonnes,EIA_INTL_v2:productId=12
DJI,2019,coal_bituminous,0.0,thousand_tonnes,EIA_INTL_v2:productId=12
DMA,2019,coal_bituminous,0.0,thousand_tonnes,EIA_INTL_v2:productId=12
DNK,2019,coal_bituminous,0.0,thousand_tonnes,EIA_INTL_v2:productId=12
DOM,2019,coal_bituminous,0.0,thousand_tonnes,EIA_INTL_v2:productId=12
DZA,2019,coal_bituminous,0.0,thousand_tonnes,EIA_INTL_v2:productId=12
ECU,2019,coal_bituminous,0.0,thousand_tonnes,EIA_INTL_v2:productId=12
EGY,2019,coal_bituminous,0.0,thousand_tonnes,EIA_INTL_v2:productId=12
ERI,2019,coal_bituminous,0.0,thousand_tonnes,EIA_INTL_v2:productId=12
ESH,2019,coal_bituminous,0.0,thousand_tonnes,EIA_INTL_v2:productId=12
ESP,2019,coal_bituminous,0.0,thousand_tonnes,EIA_INTL_v2:productId=12
EST,2019,coal_bituminous,0.0,thousand_tonnes,EIA_INTL_v2:productId=12
ETH,2019,coal_bituminous,0.0,thousand_tonnes,EIA_INTL_v2:productId=12
FIN,2019,coal_bituminous,0.0,thousand_tonnes,EIA_INTL_v2:productId=12
FJI,2019,coal_bituminous,0.0,thousand_tonnes,EIA_INTL_v2:productId=12
FLK,2019,coal_bituminous,0.0,thousand_tonnes,EIA_INTL_v2:productId=12
FRA,2019,coal_bituminous,0.0,thousand_tonnes,EIA_INTL_v2:productId=12
FRO,2019,coal_bituminous,0.0,thousand_tonnes,EIA_INTL_v2:productId=12
FSM,2019,coal_bituminous,0.0,thousand_tonnes,EIA_INTL_v2:productId=12
GAB,2019,coal_bituminous,0.0,thousand_tonnes,EIA_INTL_v2:productId=12
GBR,2019,coal_bituminous,1339.3384071891014,thousand_tonnes,EIA_INTL_v2:productId=12
GEO,2019,coal_bituminous,0.0,thousand_tonnes,EIA_INTL_v2:productId=12
GHA,2019,coal_bituminous,0.0,thousand_tonnes,EIA_INTL_v2:productId=12
GIB,2019,coal_bituminous,0.0,thousand_tonnes,EIA_INTL_v2:productId=12
GIN,2019,coal_bituminous,0.0,thousand_tonnes,EIA_INTL_v2:productId=12
GMB,2019,coal_bituminous,0.0,thousand_tonnes,EIA_INTL_v2:productId=12
GNB,2019,coal_bituminous,0.0,thousand_tonnes,EIA_INTL_v2:productId=12
GNQ,2019,coal_bituminous,0.0,thousand_tonnes,EIA_INTL_v2:productId=12
GRC,2019,coal_bituminous,0.0,thousand_tonnes,EIA_INTL_v2:productId=12
GRD,2019,coal_bituminous,0.0,thousand_tonnes,EIA_INTL_v2:productId=12
GRL,2019,coal_bituminous,0.0,thousand_tonnes,EIA_INTL_v2:productId=12
GTM,2019,coal_bituminous,0.0,thousand_tonnes,EIA_INTL_v2:productId=12
GUM,2019,coal_bituminous,0.0,thousand_tonnes,EIA_INTL_v2:productId=12
GUY,2019,coal_bituminous,0.0,thousand_tonnes,EIA_INTL_v2:productId=12
HKG,2019,coal_bituminous,0.0,thousand_tonnes,EIA_INTL_v2:productId=12
HND,2019,coal_bituminous,0.0,thousand_tonnes,EIA_INTL_v2:productId=12
HRV,2019,coal_bituminous,0.0,thousand_tonnes,EIA_INTL_v2:productId=12
HTI,2019,coal_bituminous,0.0,thousand_tonnes,EIA_INTL_v2:productId=12
HUN,2019,coal_bituminous,0.0,thousand_tonnes,EIA_INTL_v2:productId=12
IDN,2019,coal_bituminous,148269.98958263526,thousand_tonnes,EIA_INTL_v2:productId=12
IND,2019,coal_bituminous,20653.182431897072,thousand_tonnes,EIA_INTL_v2:productId=12
IRL,2019,coal_bituminous,0.0,thousand_tonnes,EIA_INTL_v2:productId=12
IRN,2019,coal_bituminous,142.83483013339054,thousand_tonnes,EIA_INTL_v2:productId=12
IRQ,2019,coal_bituminous,0.0,thousand_tonnes,EIA_INTL_v2:productId=12
ISL,2019,coal_bituminous,0.0,thousand_tonnes,EIA_INTL_v2:productId=12
ISR,2019,coal_bituminous,0.0,thousand_tonnes,EIA_INTL_v2:productId=12
ITA,2019,coal_bituminous,0.0,thousand_tonnes,EIA_INTL_v2:productId=12
JAM,2019,coal_bituminous,0.0,thousand_tonnes,EIA_INTL_v2:productId=12
JOR,2019,coal_bituminous,0.0,thousand_tonnes,EIA_INTL_v2:productId=12
JPN,2019,coal_bituminous,775.1150781928319,thousand_tonnes,EIA_INTL_v2:productId=12
KAZ,2019,coal_bituminous,80226.93790435769,thousand_tonnes,EIA_INTL_v2:productId=12
KEN,2019,coal_bituminous,0.0,thousand_tonnes,EIA_INTL_v2:productId=12
KGZ,2019,coal_bituminous,328.9626087805549,thousand_tonnes,EIA_INTL_v2:productId=12
KHM,2019,coal_bituminous,0.0,thousand_tonnes,EIA_INTL_v2:productId=12
KIR,2019,coal_bituminous,0.0,thousand_tonnes,EIA_INTL_v2:productId=12
KNA,2019,coal_bituminous,0.0,thousand_tonnes,EIA_INTL_v2:productId=12
KOR,2019,coal_bituminous,0.0,thousand_tonnes,EIA_INTL_v2:productId=12
KWT,2019,coal_bituminous,0.0,thousand_tonnes,EIA_INTL_v2:productId=12
LAO,2019,coal_bituminous,0.0,thousand_tonnes,EIA_INTL_v2:productId=12
LBN,2019,coal_bituminous,0.0,thousand_tonnes,EIA_INTL_v2:productId=12
LBR,2019,coal_bituminous,0.0,thousand_tonnes,EIA_INTL_v2:productId=12
LBY,2019,coal_bituminous,0.0,thousand_tonnes,EIA_INTL_v2:productId=12
LCA,2019,coal_bituminous,0.0,thousand_tonnes,EIA_INTL_v2:productId=12
LKA,2019,coal_bituminous,0.0,thousand_tonnes,EIA_INTL_v2:productId=12
LSO,2019,coal_bituminous,0.0,thousand_tonnes,EIA_INTL_v2:productId=12
LTU,2019,coal_bituminous,0.0,thousand_tonnes,EIA_INTL_v2:productId=12
LUX,2019,coal_bituminous,0.0,thousand_tonnes,EIA_INTL_v2:productId=12
LVA,2019,coal_bituminous,0.0,thousand_tonnes,EIA_INTL_v2:productId=12
MAC,2019,coal_bituminous,0.0,thousand_tonnes,EIA_INTL_v2:productId=12
MAR,2019,coal_bituminous,0.0,thousand_tonnes,EIA_INTL_v2:productId=12
MDA,2019,coal_bituminous,0.0,thousand_tonnes,EIA_INTL_v2:productId=12
MDG,2019,coal_bituminous,0.0,thousand_tonnes,EIA_INTL_v2:productId=12
MDV,2019,coal_bituminous,0.0,thousand_tonnes,EIA_INTL_v2:productId=12
MEX,2019,coal_bituminous,0.0,thousand_tonnes,EIA_INTL_v2:productId=12
MKD,2019,coal_bituminous,0.0,thousand_tonnes,EIA_INTL_v2:productId=12
MLI,2019,coal_bituminous,0.0,thousand_tonnes,EIA_INTL_v2:productId=12
MLT,2019,coal_bituminous,0.0,thousand_tonnes,EIA_INTL_v2:productId=12
MMR,2019,coal_bituminous,0.0,thousand_tonnes,EIA_INTL_v2:productId=12
MNE,2019,coal_bituminous,0.0,thousand_tonnes,EIA_INTL_v2:productId=12
MNG,2019,coal_bituminous,7840.798266286282,thousand_tonnes,EIA_INTL_v2:productId=12
MNP,2019,coal_bituminous,0.0,thousand_tonnes,EIA_INTL_v2:productId=12
MOZ,2019,coal_bituminous,2780.294120529644,thousand_tonnes,EIA_INTL_v2:productId=12
MRT,2019,coal_bituminous,0.0,thousand_tonnes,EIA_INTL_v2:productId=12
MSR,2019,coal_bituminous,0.0,thousand_tonnes,EIA_INTL_v2:productId=12
MUS,2019,coal_bituminous,0.0,thousand_tonnes,EIA_INTL_v2:productId=12
MWI,2019,coal_bituminous,48.46994235702342,thousand_tonnes,EIA_INTL_v2:productId=12
MYS,2019,coal_bituminous,0.0,thousand_tonnes,EIA_INTL_v2:productId=12
NAM,2019,coal_bituminous,0.0,thousand_tonnes,EIA_INTL_v2:productId=12
NCL,2019,coal_bituminous,0.0,thousand_tonnes,EIA_INTL_v2:productId=12
NER,2019,coal_bituminous,0.0,thousand_tonnes,EIA_INTL_v2:productId=12
NGA,2019,coal_bituminous,2722.6197621189635,thousand_tonnes,EIA_INTL_v2:productId=12
NIC,2019,coal_bituminous,0.0,thousand_tonnes,EIA_INTL_v2:productId=12
NIU,2019,coal_bituminous,0.0,thousand_tonnes,EIA_INTL_v2:productId=12
NLD,2019,coal_bituminous,0.0,thousand_tonnes,EIA_INTL_v2:productId=12
NOR,2019,coal_bituminous,121.01985607689238,thousand_tonnes,EIA_INTL_v2:productId=12
NPL,2019,coal_bituminous,0.0,thousand_tonnes,EIA_INTL_v2:productId=12
NRU,2019,coal_bituminous,0.0,thousand_tonnes,EIA_INTL_v2:productId=12
NZL,2019,coal_bituminous,90.27289264278059,thousand_tonnes,EIA_INTL_v2:productId=12
OMN,2019,coal_bituminous,0.0,thousand_tonnes,EIA_INTL_v2:productId=12
PAK,2019,coal_bituminous,3804.00617744258,thousand_tonnes,EIA_INTL_v2:productId=12
PAN,2019,coal_bituminous,0.0,thousand_tonnes,EIA_INTL_v2:productId=12
PER,2019,coal_bituminous,0.0,thousand_tonnes,EIA_INTL_v2:productId=12
PHL,2019,coal_bituminous,0.0,thousand_tonnes,EIA_INTL_v2:productId=12
PNG,2019,coal_bituminous,0.0,thousand_tonnes,EIA_INTL_v2:productId=12
POL,2019,coal_bituminous,48543.62312214674,thousand_tonnes,EIA_INTL_v2:productId=12
PRI,2019,coal_bituminous,0.0,thousand_tonnes,EIA_INTL_v2:productId=12
PRK,2019,coal_bituminous,11243.617628505088,thousand_tonnes,EIA_INTL_v2:productId=12
PRT,2019,coal_bituminous,0.0,thousand_tonnes,EIA_INTL_v2:productId=12
PRY,2019,coal_bituminous,0.0,thousand_tonnes,EIA_INTL_v2:productId=12
PSE,2019,coal_bituminous,0.0,thousand_tonnes,EIA_INTL_v2:productId=12
PYF,2019,coal_bituminous,0.0,thousand_tonnes,EIA_INTL_v2:productId=12
QAT,2019,coal_bituminous,0.0,thousand_tonnes,EIA_INTL_v2:productId=12
ROU,2019,coal_bituminous,0.0,thousand_tonnes,EIA_INTL_v2:productId=12
RUS,2019,coal_bituminous,185998.79861091595,thousand_tonnes,EIA_INTL_v2:productId=12
RWA,2019,coal_bituminous,0.0,thousand_tonnes,EIA_INTL_v2:productId=12
SAU,2019,coal_bituminous,0.0,thousand_tonnes,EIA_INTL_v2:productId=12
SDN,2019,coal_bituminous,0.0,thousand_tonnes,EIA_INTL_v2:productId=12
SEN,2019,coal_bituminous,0.0,thousand_tonnes,EIA_INTL_v2:productId=12
SGP,2019,coal_bituminous,0.0,thousand_tonnes,EIA_INTL_v2:productId=12
SHN,2019,coal_bituminous,0.0,thousand_tonnes,EIA_INTL_v2:productId=12
SLB,2019,coal_bituminous,0.0,thousand_tonnes,EIA_INTL_v2:productId=12
SLE,2019,coal_bituminous,0.0,thousand_tonnes,EIA_INTL_v2:productId=12
SLV,2019,coal_bituminous,0.0,thousand_tonnes,EIA_INTL_v2:productId=12
SOM,2019,coal_bituminous,0.0,thousand_tonnes,EIA_INTL_v2:productId=12
SPM,2019,coal_bituminous,0.0,thousand_tonnes,EIA_INTL_v2:productId=12
SRB,2019,coal_bituminous,0.0,thousand_tonnes,EIA_INTL_v2:productId=12
SSD,2019,coal_bituminous,0.0,thousand_tonnes,EIA_INTL_v2:productId=12
STP,2019,coal_bituminous,0.0,thousand_tonnes,EIA_INTL_v2:productId=12
SUR,2019,coal_bituminous,0.0,thousand_tonnes,EIA_INTL_v2:productId=12
SVK,2019,coal_bituminous,0.0,thousand_tonnes,EIA_INTL_v2:productId=12
SVN,2019,coal_bituminous,0.0,thousand_tonnes,EIA_INTL_v2:productId=12
SWE,2019,coal_bituminous,0.0,thousand_tonnes,EIA_INTL_v2:productId=12
SWZ,2019,coal_bituminous,109.89986930135906,thousand_tonnes,EIA_INTL_v2:productId=12
SYC,2019,coal_bituminous,0.0,thousand_tonnes,EIA_INTL_v2:productId=12
SYR,2019,coal_bituminous,0.0,thousand_tonnes,EIA_INTL_v2:productId=12
TCA,2019,coal_bituminous,0.0,thousand_tonnes,EIA_INTL_v2:productId=12
TCD,2019,coal_bituminous,0.0,thousand_tonnes,EIA_INTL_v2:productId=12
TGO,2019,coal_bituminous,0.0,thousand_tonnes,EIA_INTL_v2:productId=12
THA,2019,coal_bituminous,0.0,thousand_tonnes,EIA_INTL_v2:productId=12
TJK,2019,coal_bituminous,1963.7976645496717,thousand_tonnes,EIA_INTL_v2:productId=12
TKM,2019,coal_bituminous,0.0,thousand_tonnes,EIA_INTL_v2:productId=12
TLS,2019,coal_bituminous,0.0,thousand_tonnes,EIA_INTL_v2:productId=12
TON,2019,coal_bituminous,0.0,thousand_tonnes,EIA_INTL_v2:productId=12
TTO,2019,coal_bituminous,0.0,thousand_tonnes,EIA_INTL_v2:productId=12
TUN,2019,coal_bituminous,0.0,thousand_tonnes,EIA_INTL_v2:productId=12
TUR,2019,coal_bituminous,507.6273963030964,thousand_tonnes,EIA_INTL_v2:productId=12
TUV,2019,coal_bituminous,0.0,thousand_tonnes,EIA_INTL_v2:productId=12
TWN,2019,coal_bituminous,0.0,thousand_tonnes,EIA_INTL_v2:productId=12
TZA,2019,coal_bituminous,712.1351530918347,thousand_tonnes,EIA_INTL_v2:productId=12
UGA,2019,coal_bituminous,0.0,thousand_tonnes,EIA_INTL_v2:productId=12
UKR,2019,coal_bituminous,19747.176515630552,thousand_tonnes,EIA_INTL_v2:productId=12
URY,2019,coal_bituminous,0.0,thousand_tonnes,EIA_INTL_v2:productId=12
USA,2019,coal_bituminous,242849.7111904918,thousand_tonnes,EIA_INTL_v2:productId=12
UZB,2019,coal_bituminous,175.58379118662265,thousand_tonnes,EIA_INTL_v2:productId=12
VCT,2019,coal_bituminous,0.0,thousand_tonnes,EIA_INTL_v2:productId=12
VEN,2019,coal_bituminous,393.9671705047656,thousand_tonnes,EIA_INTL_v2:productId=12
VGB,2019,coal_bituminous,0.0,thousand_tonnes,EIA_INTL_v2:productId=12
VIR,2019,coal_bituminous,0.0,thousand_tonnes,EIA_INTL_v2:productId=12
VNM,2019,coal_bituminous,0.0,thousand_tonnes,EIA_INTL_v2:productId=12
VUT,2019,coal_bituminous,0.0,thousand_tonnes,EIA_INTL_v2:productId=12
WAK,2019,coal_bituminous,0.0,thousand_tonnes,EIA_INTL_v2:productId=12
WSM,2019,coal_bituminous,0.0,thousand_tonnes,EIA_INTL_v2:productId=12
XKS,2019,coal_bituminous,0.0,thousand_tonnes,EIA_INTL_v2:productId=12
YEM,2019,coal_bituminous,0.0,thousand_tonnes,EIA_INTL_v2:productId=12
ZAF,2019,coal_bituminous,224957.70153139572,thousand_tonnes,EIA_INTL_v2:productId=12
ZMB,2019,coal_bituminous,984.9370506616103,thousand_tonnes,EIA_INTL_v2:productId=12
ZWE,2019,coal_bituminous,2393.976219012882,thousand_tonnes,EIA_INTL_v2:productId=12
ABW,2020,coal_bituminous,0.0,thousand_tonnes,EIA_INTL_v2:productId=12
AFG,2020,coal_bituminous,1511.7900788515176,thousand_tonnes,EIA_INTL_v2:productId=12
AGO,2020,coal_bituminous,0.0,thousand_tonnes,EIA_INTL_v2:productId=12
ALB,2020,coal_bituminous,0.0,thousand_tonnes,EIA_INTL_v2:productId=12
ARE,2020,coal_bituminous,0.0,thousand_tonnes,EIA_INTL_v2:productId=12
ARG,2020,coal_bituminous,13.083939429514123,thousand_tonnes,EIA_INTL_v2:productId=12
ARM,2020,coal_bituminous,0.0,thousand_tonnes,EIA_INTL_v2:productId=12
ASM,2020,coal_bituminous,0.0,thousand_tonnes,EIA_INTL_v2:productId=12
ATA,2020,coal_bituminous,0.0,thousand_tonnes,EIA_INTL_v2:productId=12
ATG,2020,coal_bituminous,0.0,thousand_tonnes,EIA_INTL_v2:productId=12
AUS,2020,coal_bituminous,241975.7122298968,thousand_tonnes,EIA_INTL_v2:productId=12
AUT,2020,coal_bituminous,0.0,thousand_tonnes,EIA_INTL_v2:productId=12
AZE,2020,coal_bituminous,0.0,thousand_tonnes,EIA_INTL_v2:productId=12
BDI,2020,coal_bituminous,0.0,thousand_tonnes,EIA_INTL_v2:productId=12
BEL,2020,coal_bituminous,0.0,thousand_tonnes,EIA_INTL_v2:productId=12
BEN,2020,coal_bituminous,0.0,thousand_tonnes,EIA_INTL_v2:productId=12
BFA,2020,coal_bituminous,0.0,thousand_tonnes,EIA_INTL_v2:productId=12
BGD,2020,coal_bituminous,0.0,thousand_tonnes,EIA_INTL_v2:productId=12
BGR,2020,coal_bituminous,0.0,thousand_tonnes,EIA_INTL_v2:productId=12
BHR,2020,coal_bituminous,0.0,thousand_tonnes,EIA_INTL_v2:productId=12
BHS,2020,coal_bituminous,0.0,thousand_tonnes,EIA_INTL_v2:productId=12
BIH,2020,coal_bituminous,0.0,thousand_tonnes,EIA_INTL_v2:productId=12
BLR,2020,coal_bituminous,0.0,thousand_tonnes,EIA_INTL_v2:productId=12
BLZ,2020,coal_bituminous,0.0,thousand_tonnes,EIA_INTL_v2:productId=12
BMU,2020,coal_bituminous,0.0,thousand_tonnes,EIA_INTL_v2:productId=12
BOL,2020,coal_bituminous,0.0,thousand_tonnes,EIA_INTL_v2:productId=12
BRA,2020,coal_bituminous,97.66655051652171,thousand_tonnes,EIA_INTL_v2:productId=12
BRB,2020,coal_bituminous,0.0,thousand_tonnes,EIA_INTL_v2:productId=12
BRN,2020,coal_bituminous,0.0,thousand_tonnes,EIA_INTL_v2:productId=12
BTN,2020,coal_bituminous,0.0,thousand_tonnes,EIA_INTL_v2:productId=12
BWA,2020,coal_bituminous,1833.9221046484995,thousand_tonnes,EIA_INTL_v2:productId=12
CAF,2020,coal_bituminous,0.0,thousand_tonnes,EIA_INTL_v2:productId=12
CAN,2020,coal_bituminous,5514.321442082118,thousand_tonnes,EIA_INTL_v2:productId=12
CHE,2020,coal_bituminous,0.0,thousand_tonnes,EIA_INTL_v2:productId=12
CHL,2020,coal_bituminous,479.22943007543495,thousand_tonnes,EIA_INTL_v2:productId=12
CHN,2020,coal_bituminous,2725859.5808898564,thousand_tonnes,EIA_INTL_v2:productId=12
CIV,2020,coal_bituminous,0.0,thousand_tonnes,EIA_INTL_v2:productId=12
CMR,2020,coal_bituminous,0.0,thousand_tonnes,EIA_INTL_v2:productId=12
COD,2020,coal_bituminous,0.0,thousand_tonnes,EIA_INTL_v2:productId=12
COG,2020,coal_bituminous,0.0,thousand_tonnes,EIA_INTL_v2:productId=12
COK,2020,coal_bituminous,0.0,thousand_tonnes,EIA_INTL_v2:productId=12
COL,2020,coal_bituminous,45351.76380682729,thousand_tonnes,EIA_INTL_v2:productId=12
COM,2020,coal_bituminous,0.0,thousand_tonnes,EIA_INTL_v2:productId=12
CPV,2020,coal_bituminous,0.0,thousand_tonnes,EIA_INTL_v2:productId=12
CRI,2020,coal_bituminous,0.0,thousand_tonnes,EIA_INTL_v2:productId=12
CUB,2020,coal_bituminous,0.0,thousand_tonnes,EIA_INTL_v2:productId=12
CYM,2020,coal_bituminous,0.0,thousand_tonnes,EIA_INTL_v2:productId=12
CYP,2020,coal_bituminous,0.0,thousand_tonnes,EIA_INTL_v2:productId=12
CZE,2020,coal_bituminous,1120.2516677384476,thousand_tonnes,EIA_INTL_v2:productId=12
DEU,2020,coal_bituminous,0.0,thousand_tonnes,EIA_INTL_v2:productId=12
DJI,2020,coal_bituminous,0.0,thousand_tonnes,EIA_INTL_v2:productId=12
DMA,2020,coal_bituminous,0.0,thousand_tonnes,EIA_INTL_v2:productId=12
DNK,2020,coal_bituminous,0.0,thousand_tonnes,EIA_INTL_v2:productId=12
DOM,2020,coal_bituminous,0.0,thousand_tonnes,EIA_INTL_v2:productId=12
DZA,2020,coal_bituminous,0.0,thousand_tonnes,EIA_INTL_v2:productId=12
ECU,2020,coal_bituminous,0.0,thousand_tonnes,EIA_INTL_v2:productId=12
EGY,2020,coal_bituminous,0.0,thousand_tonnes,EIA_INTL_v2:productId=12
ERI,2020,coal_bituminous,0.0,thousand_tonnes,EIA_INTL_v2:productId=12
ESH,2020,coal_bituminous,0.0,thousand_tonnes,EIA_INTL_v2:productId=12
ESP,2020,coal_bituminous,0.0,thousand_tonnes,EIA_INTL_v2:productId=12
EST,2020,coal_bituminous,0.0,thousand_tonnes,EIA_INTL_v2:productId=12
ETH,2020,coal_bituminous,0.0,thousand_tonnes,EIA_INTL_v2:productId=12
FIN,2020,coal_bituminous,0.0,thousand_tonnes,EIA_INTL_v2:productId=12
FJI,2020,coal_bituminous,0.0,thousand_tonnes,EIA_INTL_v2:productId=12
FLK,2020,coal_bituminous,0.0,thousand_tonnes,EIA_INTL_v2:productId=12
FRA,2020,coal_bituminous,0.0,thousand_tonnes,EIA_INTL_v2:productId=12
FRO,2020,coal_bituminous,0.0,thousand_tonnes,EIA_INTL_v2:productId=12
FSM,2020,coal_bituminous,0.0,thousand_tonnes,EIA_INTL_v2:productId=12
GAB,2020,coal_bituminous,0.0,thousand_tonnes,EIA_INTL_v2:productId=12
GBR,2020,coal_bituminous,821.0690235420099,thousand_tonnes,EIA_INTL_v2:productId=12
GEO,2020,coal_bituminous,0.0,thousand_tonnes,EIA_INTL_v2:productId=12
GHA,2020,coal_bituminous,0.0,thousand_tonnes,EIA_INTL_v2:productId=12
GIB,2020,coal_bituminous,0.0,thousand_tonnes,EIA_INTL_v2:productId=12
GIN,2020,coal_bituminous,0.0,thousand_tonnes,EIA_INTL_v2:productId=12
GMB,2020,coal_bituminous,0.0,thousand_tonnes,EIA_INTL_v2:productId=12
GNB,2020,coal_bituminous,0.0,thousand_tonnes,EIA_INTL_v2:productId=12
GNQ,2020,coal_bituminous,0.0,thousand_tonnes,EIA_INTL_v2:productId=12
GRC,2020,coal_bituminous,0.0,thousand_tonnes,EIA_INTL_v2:productId=12
GRD,2020,coal_bituminous,0.0,thousand_tonnes,EIA_INTL_v2:productId=12
GRL,2020,coal_bituminous,0.0,thousand_tonnes,EIA_INTL_v2:productId=12
GTM,2020,coal_bituminous,0.0,thousand_tonnes,EIA_INTL_v2:productId=12
GUM,2020,coal_bituminous,0.0,thousand_tonnes,EIA_INTL_v2:productId=12
GUY,2020,coal_bituminous,0.0,thousand_tonnes,EIA_INTL_v2:productId=12
HKG,2020,coal_bituminous,0.0,thousand_tonnes,EIA_INTL_v2:productId=12
HND,2020,coal_bituminous,0.0,thousand_tonnes,EIA_INTL_v2:productId=12
HRV,2020,coal_bituminous,0.0,thousand_tonnes,EIA_INTL_v2:productId=12
HTI,2020,coal_bituminous,0.0,thousand_tonnes,EIA_INTL_v2:productId=12
HUN,2020,coal_bituminous,0.0,thousand_tonnes,EIA_INTL_v2:productId=12
IDN,2020,coal_bituminous,127743.50476569586,thousand_tonnes,EIA_INTL_v2:productId=12
IND,2020,coal_bituminous,21506.833438124973,thousand_tonnes,EIA_INTL_v2:productId=12
IRL,2020,coal_bituminous,0.0,thousand_tonnes,EIA_INTL_v2:productId=12
IRN,2020,coal_bituminous,145.3518271400468,thousand_tonnes,EIA_INTL_v2:productId=12
IRQ,2020,coal_bituminous,0.0,thousand_tonnes,EIA_INTL_v2:productId=12
ISL,2020,coal_bituminous,0.0,thousand_tonnes,EIA_INTL_v2:productId=12
ISR,2020,coal_bituminous,0.0,thousand_tonnes,EIA_INTL_v2:productId=12
ITA,2020,coal_bituminous,0.0,thousand_tonnes,EIA_INTL_v2:productId=12
JAM,2020,coal_bituminous,0.0,thousand_tonnes,EIA_INTL_v2:productId=12
JOR,2020,coal_bituminous,0.0,thousand_tonnes,EIA_INTL_v2:productId=12
JPN,2020,coal_bituminous,789.8690606466286,thousand_tonnes,EIA_INTL_v2:productId=12
KAZ,2020,coal_bituminous,79727.3667839351,thousand_tonnes,EIA_INTL_v2:productId=12
KEN,2020,coal_bituminous,0.0,thousand_tonnes,EIA_INTL_v2:productId=12
KGZ,2020,coal_bituminous,522.1633790161497,thousand_tonnes,EIA_INTL_v2:productId=12
KHM,2020,coal_bituminous,0.0,thousand_tonnes,EIA_INTL_v2:productId=12
KIR,2020,coal_bituminous,0.0,thousand_tonnes,EIA_INTL_v2:productId=12
KNA,2020,coal_bituminous,0.0,thousand_tonnes,EIA_INTL_v2:productId=12
KOR,2020,coal_bituminous,0.0,thousand_tonnes,EIA_INTL_v2:productId=12
KWT,2020,coal_bituminous,0.0,thousand_tonnes,EIA_INTL_v2:productId=12
LAO,2020,coal_bituminous,0.0,thousand_tonnes,EIA_INTL_v2:productId=12
LBN,2020,coal_bituminous,0.0,thousand_tonnes,EIA_INTL_v2:productId=12
LBR,2020,coal_bituminous,0.0,thousand_tonnes,EIA_INTL_v2:productId=12
LBY,2020,coal_bituminous,0.0,thousand_tonnes,EIA_INTL_v2:productId=12
LCA,2020,coal_bituminous,0.0,thousand_tonnes,EIA_INTL_v2:productId=12
LKA,2020,coal_bituminous,0.0,thousand_tonnes,EIA_INTL_v2:productId=12
LSO,2020,coal_bituminous,0.0,thousand_tonnes,EIA_INTL_v2:productId=12
LTU,2020,coal_bituminous,0.0,thousand_tonnes,EIA_INTL_v2:productId=12
LUX,2020,coal_bituminous,0.0,thousand_tonnes,EIA_INTL_v2:productId=12
LVA,2020,coal_bituminous,0.0,thousand_tonnes,EIA_INTL_v2:productId=12
MAC,2020,coal_bituminous,0.0,thousand_tonnes,EIA_INTL_v2:productId=12
MAR,2020,coal_bituminous,0.0,thousand_tonnes,EIA_INTL_v2:productId=12
MDA,2020,coal_bituminous,0.0,thousand_tonnes,EIA_INTL_v2:productId=12
MDG,2020,coal_bituminous,0.0,thousand_tonnes,EIA_INTL_v2:productId=12
MDV,2020,coal_bituminous,0.0,thousand_tonnes,EIA_INTL_v2:productId=12
MEX,2020,coal_bituminous,0.0,thousand_tonnes,EIA_INTL_v2:productId=12
MKD,2020,coal_bituminous,0.0,thousand_tonnes,EIA_INTL_v2:productId=12
MLI,2020,coal_bituminous,0.0,thousand_tonnes,EIA_INTL_v2:productId=12
MLT,2020,coal_bituminous,0.0,thousand_tonnes,EIA_INTL_v2:productId=12
MMR,2020,coal_bituminous,0.0,thousand_tonnes,EIA_INTL_v2:productId=12
MNE,2020,coal_bituminous,0.0,thousand_tonnes,EIA_INTL_v2:productId=12
MNG,2020,coal_bituminous,7276.996079169534,thousand_tonnes,EIA_INTL_v2:productId=12
MNP,2020,coal_bituminous,0.0,thousand_tonnes,EIA_INTL_v2:productId=12
MOZ,2020,coal_bituminous,2696.2896854320425,thousand_tonnes,EIA_INTL_v2:productId=12
MRT,2020,coal_bituminous,0.0,thousand_tonnes,EIA_INTL_v2:productId=12
MSR,2020,coal_bituminous,0.0,thousand_tonnes,EIA_INTL_v2:productId=12
MUS,2020,coal_bituminous,0.0,thousand_tonnes,EIA_INTL_v2:productId=12
MWI,2020,coal_bituminous,47.13994393872672,thousand_tonnes,EIA_INTL_v2:productId=12
MYS,2020,coal_bituminous,0.0,thousand_tonnes,EIA_INTL_v2:productId=12
NAM,2020,coal_bituminous,0.0,thousand_tonnes,EIA_INTL_v2:productId=12
NCL,2020,coal_bituminous,0.0,thousand_tonnes,EIA_INTL_v2:productId=12
NER,2020,coal_bituminous,0.0,thousand_tonnes,EIA_INTL_v2:productId=12
NGA,2020,coal_bituminous,2351.3522036496556,thousand_tonnes,EIA_INTL_v2:productId=12
NIC,2020,coal_bituminous,0.0,thousand_tonnes,EIA_INTL_v2:productId=12
NIU,2020,coal_bituminous,0.0,thousand_tonnes,EIA_INTL_v2:productId=12
NLD,2020,coal_bituminous,0.0,thousand_tonnes,EIA_INTL_v2:productId=12
NOR,2020,coal_bituminous,68.66491834010755,thousand_tonnes,EIA_INTL_v2:productId=12
NPL,2020,coal_bituminous,0.0,thousand_tonnes,EIA_INTL_v2:productId=12
NRU,2020,coal_bituminous,0.0,thousand_tonnes,EIA_INTL_v2:productId=12
NZL,2020,coal_bituminous,21.175974816429296,thousand_tonnes,EIA_INTL_v2:productId=12
OMN,2020,coal_bituminous,0.0,thousand_tonnes,EIA_INTL_v2:productId=12
PAK,2020,coal_bituminous,3650.488831720444,thousand_tonnes,EIA_INTL_v2:productId=12
PAN,2020,coal_bituminous,0.0,thousand_tonnes,EIA_INTL_v2:productId=12
PER,2020,coal_bituminous,0.0,thousand_tonnes,EIA_INTL_v2:productId=12
PHL,2020,coal_bituminous,0.0,thousand_tonnes,EIA_INTL_v2:productId=12
PNG,2020,coal_bituminous,0.0,thousand_tonnes,EIA_INTL_v2:productId=12
POL,2020,coal_bituminous,41225.88648727943,thousand_tonnes,EIA_INTL_v2:productId=12
PRI,2020,coal_bituminous,0.0,thousand_tonnes,EIA_INTL_v2:productId=12
PRK,2020,coal_bituminous,10575.680422850754,thousand_tonnes,EIA_INTL_v2:productId=12
PRT,2020,coal_bituminous,0.0,thousand_tonnes,EIA_INTL_v2:productId=12
PRY,2020,coal_bituminous,0.0,thousand_tonnes,EIA_INTL_v2:productId=12
PSE,2020,coal_bituminous,0.0,thousand_tonnes,EIA_INTL_v2:productId=12
PYF,2020,coal_bituminous,0.0,thousand_tonnes,EIA_INTL_v2:productId=12
QAT,2020,coal_bituminous,0.0,thousand_tonnes,EIA_INTL_v2:productId=12
ROU,2020,coal_bituminous,0.0,thousand_tonnes,EIA_INTL_v2:productId=12
RUS,2020,coal_bituminous,162364.57245355865,thousand_tonnes,EIA_INTL_v2:productId=12
RWA,2020,coal_bituminous,0.0,thousand_tonnes,EIA_INTL_v2:productId=12
SAU,2020,coal_bituminous,0.0,thousand_tonnes,EIA_INTL_v2:productId=12
SDN,2020,coal_bituminous,0.0,thousand_tonnes,EIA_INTL_v2:productId=12
SEN,2020,coal_bituminous,0.0,thousand_tonnes,EIA_INTL_v2:productId=12
SGP,2020,coal_bituminous,0.0,thousand_tonnes,EIA_INTL_v2:productId=12
SHN,2020,coal_bituminous,0.0,thousand_tonnes,EIA_INTL_v2:productId=12
SLB,2020,coal_bituminous,0.0,thousand_tonnes,EIA_INTL_v2:productId=12
SLE,2020,coal_bituminous,0.0,thousand_tonnes,EIA_INTL_v2:productId=12
SLV,2020,coal_bituminous,0.0,thousand_tonnes,EIA_INTL_v2:productId=12
SOM,2020,coal_bituminous,0.0,thousand_tonnes,EIA_INTL_v2:productId=12
SPM,2020,coal_bituminous,0.0,thousand_tonnes,EIA_INTL_v2:productId=12
SRB,2020,coal_bituminous,0.0,thousand_tonnes,EIA_INTL_v2:productId=12
SSD,2020,coal_bituminous,0.0,thousand_tonnes,EIA_INTL_v2:productId=12
STP,2020,coal_bituminous,0.0,thousand_tonnes,EIA_INTL_v2:productId=12
SUR,2020,coal_bituminous,0.0,thousand_tonnes,EIA_INTL_v2:productId=12
SVK,2020,coal_bituminous,0.0,thousand_tonnes,EIA_INTL_v2:productId=12
SVN,2020,coal_bituminous,0.0,thousand_tonnes,EIA_INTL_v2:productId=12
SWE,2020,coal_bituminous,0.0,thousand_tonnes,EIA_INTL_v2:productId=12
SWZ,2020,coal_bituminous,108.10010185428794,thousand_tonnes,EIA_INTL_v2:productId=12
SYC,2020,coal_bituminous,0.0,thousand_tonnes,EIA_INTL_v2:productId=12
SYR,2020,coal_bituminous,0.0,thousand_tonnes,EIA_INTL_v2:productId=12
TCA,2020,coal_bituminous,0.0,thousand_tonnes,EIA_INTL_v2:productId=12
TCD,2020,coal_bituminous,0.0,thousand_tonnes,EIA_INTL_v2:productId=12
TGO,2020,coal_bituminous,0.0,thousand_tonnes,EIA_INTL_v2:productId=12
THA,2020,coal_bituminous,0.0,thousand_tonnes,EIA_INTL_v2:productId=12
TJK,2020,coal_bituminous,2011.1976081791934,thousand_tonnes,EIA_INTL_v2:productId=12
TKM,2020,coal_bituminous,0.0,thousand_tonnes,EIA_INTL_v2:productId=12
TLS,2020,coal_bituminous,0.0,thousand_tonnes,EIA_INTL_v2:productId=12
TON,2020,coal_bituminous,0.0,thousand_tonnes,EIA_INTL_v2:productId=12
TTO,2020,coal_bituminous,0.0,thousand_tonnes,EIA_INTL_v2:productId=12
TUN,2020,coal_bituminous,0.0,thousand_tonnes,EIA_INTL_v2:productId=12
TUR,2020,coal_bituminous,448.7174663618493,thousand_tonnes,EIA_INTL_v2:productId=12
TUV,2020,coal_bituminous,0.0,thousand_tonnes,EIA_INTL_v2:productId=12
TWN,2020,coal_bituminous,0.0,thousand_tonnes,EIA_INTL_v2:productId=12
TZA,2020,coal_bituminous,689.9581794658453,thousand_tonnes,EIA_INTL_v2:productId=12
UGA,2020,coal_bituminous,0.0,thousand_tonnes,EIA_INTL_v2:productId=12
UKR,2020,coal_bituminous,19840.14529006149,thousand_tonnes,EIA_INTL_v2:productId=12
URY,2020,coal_bituminous,0.0,thousand_tonnes,EIA_INTL_v2:productId=12
USA,2020,coal_bituminous,165495.05012065818,thousand_tonnes,EIA_INTL_v2:productId=12
UZB,2020,coal_bituminous,263.9996860378416,thousand_tonnes,EIA_INTL_v2:productId=12
VCT,2020,coal_bituminous,0.0,thousand_tonnes,EIA_INTL_v2:productId=12
VEN,2020,coal_bituminous,284.7393056965735,thousand_tonnes,EIA_INTL_v2:productId=12
VGB,2020,coal_bituminous,0.0,thousand_tonnes,EIA_INTL_v2:productId=12
VIR,2020,coal_bituminous,0.0,thousand_tonnes,EIA_INTL_v2:productId=12
VNM,2020,coal_bituminous,0.0,thousand_tonnes,EIA_INTL_v2:productId=12
VUT,2020,coal_bituminous,0.0,thousand_tonnes,EIA_INTL_v2:productId=12
WAK,2020,coal_bituminous,0.0,thousand_tonnes,EIA_INTL_v2:productId=12
WSM,2020,coal_bituminous,0.0,thousand_tonnes,EIA_INTL_v2:productId=12
XKS,2020,coal_bituminous,0.0,thousand_tonnes,EIA_INTL_v2:productId=12
YEM,2020,coal_bituminous,0.0,thousand_tonnes,EIA_INTL_v2:productId=12
ZAF,2020,coal_bituminous,223141.53367173622,thousand_tonnes,EIA_INTL_v2:productId=12
ZMB,2020,coal_bituminous,1091.2407094370376,thousand_tonnes,EIA_INTL_v2:productId=12
ZWE,2020,coal_bituminous,2465.8995478826687,thousand_tonnes,EIA_INTL_v2:productId=12
ABW,2021,coal_bituminous,0.0,thousand_tonnes,EIA_INTL_v2:productId=12
AFG,2021,coal_bituminous,1978.9976464730626,thousand_tonnes,EIA_INTL_v2:productId=12
AGO,2021,coal_bituminous,0.0,thousand_tonnes,EIA_INTL_v2:productId=12
ALB,2021,coal_bituminous,0.0,thousand_tonnes,EIA_INTL_v2:productId=12
ARE,2021,coal_bituminous,0.0,thousand_tonnes,EIA_INTL_v2:productId=12
ARG,2021,coal_bituminous,19.999976214988,thousand_tonnes,EIA_INTL_v2:productId=12
ARM,2021,coal_bituminous,0.0,thousand_tonnes,EIA_INTL_v2:productId=12
ASM,2021,coal_bituminous,0.0,thousand_tonnes,EIA_INTL_v2:productId=12
ATA,2021,coal_bituminous,0.0,thousand_tonnes,EIA_INTL_v2:productId=12
ATG,2021,coal_bituminous,0.0,thousand_tonnes,EIA_INTL_v2:productId=12
AUS,2021,coal_bituminous,223282.73446055828,thousand_tonnes,EIA_INTL_v2:productId=12
AUT,2021,coal_bituminous,0.0,thousand_tonnes,EIA_INTL_v2:productId=12
AZE,2021,coal_bituminous,0.0,thousand_tonnes,EIA_INTL_v2:productId=12
BDI,2021,coal_bituminous,0.0,thousand_tonnes,EIA_INTL_v2:productId=12
BEL,2021,coal_bituminous,0.0,thousand_tonnes,EIA_INTL_v2:productId=12
BEN,2021,coal_bituminous,0.0,thousand_tonnes,EIA_INTL_v2:productId=12
BFA,2021,coal_bituminous,0.0,thousand_tonnes,EIA_INTL_v2:productId=12
BGD,2021,coal_bituminous,0.0,thousand_tonnes,EIA_INTL_v2:productId=12
BGR,2021,coal_bituminous,0.0,thousand_tonnes,EIA_INTL_v2:productId=12
BHR,2021,coal_bituminous,0.0,thousand_tonnes,EIA_INTL_v2:productId=12
BHS,2021,coal_bituminous,0.0,thousand_tonnes,EIA_INTL_v2:productId=12
BIH,2021,coal_bituminous,0.0,thousand_tonnes,EIA_INTL_v2:productId=12
BLR,2021,coal_bituminous,0.0,thousand_tonnes,EIA_INTL_v2:productId=12
BLZ,2021,coal_bituminous,0.0,thousand_tonnes,EIA_INTL_v2:productId=12
BMU,2021,coal_bituminous,0.0,thousand_tonnes,EIA_INTL_v2:productId=12
BOL,2021,coal_bituminous,0.0,thousand_tonnes,EIA_INTL_v2:productId=12
BRA,2021,coal_bituminous,116.68515042889078,thousand_tonnes,EIA_INTL_v2:productId=12
BRB,2021,coal_bituminous,0.0,thousand_tonnes,EIA_INTL_v2:productId=12
BRN,2021,coal_bituminous,0.0,thousand_tonnes,EIA_INTL_v2:productId=12
BTN,2021,coal_bituminous,0.0,thousand_tonnes,EIA_INTL_v2:productId=12
BWA,2021,coal_bituminous,1938.9112124284509,thousand_tonnes,EIA_INTL_v2:productId=12
CAF,2021,coal_bituminous,0.0,thousand_tonnes,EIA_INTL_v2:productId=12
CAN,2021,coal_bituminous,4759.3633399175615,thousand_tonnes,EIA_INTL_v2:productId=12
CHE,2021,coal_bituminous,0.0,thousand_tonnes,EIA_INTL_v2:productId=12
CHL,2021,coal_bituminous,42.96294890622647,thousand_tonnes,EIA_INTL_v2:productId=12
CHN,2021,coal_bituminous,2882653.9480025927,thousand_tonnes,EIA_INTL_v2:productId=12
CIV,2021,coal_bituminous,0.0,thousand_tonnes,EIA_INTL_v2:productId=12
CMR,2021,coal_bituminous,0.0,thousand_tonnes,EIA_INTL_v2:productId=12
COD,2021,coal_bituminous,0.0,thousand_tonnes,EIA_INTL_v2:productId=12
COG,2021,coal_bituminous,0.0,thousand_tonnes,EIA_INTL_v2:productId=12
COK,2021,coal_bituminous,0.0,thousand_tonnes,EIA_INTL_v2:productId=12
COL,2021,coal_bituminous,51665.13749461155,thousand_tonnes,EIA_INTL_v2:productId=12
COM,2021,coal_bituminous,0.0,thousand_tonnes,EIA_INTL_v2:productId=12
CPV,2021,coal_bituminous,0.0,thousand_tonnes,EIA_INTL_v2:productId=12
CRI,2021,coal_bituminous,0.0,thousand_tonnes,EIA_INTL_v2:productId=12
CUB,2021,coal_bituminous,0.0,thousand_tonnes,EIA_INTL_v2:productId=12
CYM,2021,coal_bituminous,0.0,thousand_tonnes,EIA_INTL_v2:productId=12
CYP,2021,coal_bituminous,0.0,thousand_tonnes,EIA_INTL_v2:productId=12
CZE,2021,coal_bituminous,678.1211935430047,thousand_tonnes,EIA_INTL_v2:productId=12
DEU,2021,coal_bituminous,0.0,thousand_tonnes,EIA_INTL_v2:productId=12
DJI,2021,coal_bituminous,0.0,thousand_tonnes,EIA_INTL_v2:productId=12
DMA,2021,coal_bituminous,0.0,thousand_tonnes,EIA_INTL_v2:productId=12
DNK,2021,coal_bituminous,0.0,thousand_tonnes,EIA_INTL_v2:productId=12
DOM,2021,coal_bituminous,0.0,thousand_tonnes,EIA_INTL_v2:productId=12
DZA,2021,coal_bituminous,0.0,thousand_tonnes,EIA_INTL_v2:productId=12
ECU,2021,coal_bituminous,0.0,thousand_tonnes,EIA_INTL_v2:productId=12
EGY,2021,coal_bituminous,0.0,thousand_tonnes,EIA_INTL_v2:productId=12
ERI,2021,coal_bituminous,0.0,thousand_tonnes,EIA_INTL_v2:productId=12
ESH,2021,coal_bituminous,0.0,thousand_tonnes,EIA_INTL_v2:productId=12
ESP,2021,coal_bituminous,0.0,thousand_tonnes,EIA_INTL_v2:productId=12
EST,2021,coal_bituminous,0.0,thousand_tonnes,EIA_INTL_v2:productId=12
ETH,2021,coal_bituminous,0.0,thousand_tonnes,EIA_INTL_v2:productId=12
FIN,2021,coal_bituminous,0.0,thousand_tonnes,EIA_INTL_v2:productId=12
FJI,2021,coal_bituminous,0.0,thousand_tonnes,EIA_INTL_v2:productId=12
FLK,2021,coal_bituminous,0.0,thousand_tonnes,EIA_INTL_v2:productId=12
FRA,2021,coal_bituminous,0.0,thousand_tonnes,EIA_INTL_v2:productId=12
FRO,2021,coal_bituminous,0.0,thousand_tonnes,EIA_INTL_v2:productId=12
FSM,2021,coal_bituminous,0.0,thousand_tonnes,EIA_INTL_v2:productId=12
GAB,2021,coal_bituminous,0.0,thousand_tonnes,EIA_INTL_v2:productId=12
GBR,2021,coal_bituminous,450.9594636955494,thousand_tonnes,EIA_INTL_v2:productId=12
GEO,2021,coal_bituminous,0.0,thousand_tonnes,EIA_INTL_v2:productId=12
GHA,2021,coal_bituminous,0.0,thousand_tonnes,EIA_INTL_v2:productId=12
GIB,2021,coal_bituminous,0.0,thousand_tonnes,EIA_INTL_v2:productId=12
GIN,2021,coal_bituminous,0.0,thousand_tonnes,EIA_INTL_v2:productId=12
GMB,2021,coal_bituminous,0.0,thousand_tonnes,EIA_INTL_v2:productId=12
GNB,2021,coal_bituminous,0.0,thousand_tonnes,EIA_INTL_v2:productId=12
GNQ,2021,coal_bituminous,0.0,thousand_tonnes,EIA_INTL_v2:productId=12
GRC,2021,coal_bituminous,0.0,thousand_tonnes,EIA_INTL_v2:productId=12
GRD,2021,coal_bituminous,0.0,thousand_tonnes,EIA_INTL_v2:productId=12
GRL,2021,coal_bituminous,0.0,thousand_tonnes,EIA_INTL_v2:productId=12
GTM,2021,coal_bituminous,0.0,thousand_tonnes,EIA_INTL_v2:productId=12
GUM,2021,coal_bituminous,0.0,thousand_tonnes,EIA_INTL_v2:productId=12
GUY,2021,coal_bituminous,0.0,thousand_tonnes,EIA_INTL_v2:productId=12
HKG,2021,coal_bituminous,0.0,thousand_tonnes,EIA_INTL_v2:productId=12
HND,2021,coal_bituminous,0.0,thousand_tonnes,EIA_INTL_v2:productId=12
HRV,2021,coal_bituminous,0.0,thousand_tonnes,EIA_INTL_v2:productId=12
HTI,2021,coal_bituminous,0.0,thousand_tonnes,EIA_INTL_v2:productId=12
HUN,2021,coal_bituminous,0.0,thousand_tonnes,EIA_INTL_v2:productId=12
IDN,2021,coal_bituminous,139133.11333565746,thousand_tonnes,EIA_INTL_v2:productId=12
IND,2021,coal_bituminous,27925.49781913424,thousand_tonnes,EIA_INTL_v2:productId=12
IRL,2021,coal_bituminous,0.0,thousand_tonnes,EIA_INTL_v2:productId=12
IRN,2021,coal_bituminous,156.0377144318338,thousand_tonnes,EIA_INTL_v2:productId=12
IRQ,2021,coal_bituminous,0.0,thousand_tonnes,EIA_INTL_v2:productId=12
ISL,2021,coal_bituminous,0.0,thousand_tonnes,EIA_INTL_v2:productId=12
ISR,2021,coal_bituminous,0.0,thousand_tonnes,EIA_INTL_v2:productId=12
ITA,2021,coal_bituminous,0.0,thousand_tonnes,EIA_INTL_v2:productId=12
JAM,2021,coal_bituminous,0.0,thousand_tonnes,EIA_INTL_v2:productId=12
JOR,2021,coal_bituminous,0.0,thousand_tonnes,EIA_INTL_v2:productId=12
JPN,2021,coal_bituminous,674.71219759716,thousand_tonnes,EIA_INTL_v2:productId=12
KAZ,2021,coal_bituminous,67681.6517055367,thousand_tonnes,EIA_INTL_v2:productId=12
KEN,2021,coal_bituminous,0.0,thousand_tonnes,EIA_INTL_v2:productId=12
KGZ,2021,coal_bituminous,491.1254159281098,thousand_tonnes,EIA_INTL_v2:productId=12
KHM,2021,coal_bituminous,0.0,thousand_tonnes,EIA_INTL_v2:productId=12
KIR,2021,coal_bituminous,0.0,thousand_tonnes,EIA_INTL_v2:productId=12
KNA,2021,coal_bituminous,0.0,thousand_tonnes,EIA_INTL_v2:productId=12
KOR,2021,coal_bituminous,0.0,thousand_tonnes,EIA_INTL_v2:productId=12
KWT,2021,coal_bituminous,0.0,thousand_tonnes,EIA_INTL_v2:productId=12
LAO,2021,coal_bituminous,0.0,thousand_tonnes,EIA_INTL_v2:productId=12
LBN,2021,coal_bituminous,0.0,thousand_tonnes,EIA_INTL_v2:productId=12
LBR,2021,coal_bituminous,0.0,thousand_tonnes,EIA_INTL_v2:productId=12
LBY,2021,coal_bituminous,0.0,thousand_tonnes,EIA_INTL_v2:productId=12
LCA,2021,coal_bituminous,0.0,thousand_tonnes,EIA_INTL_v2:productId=12
LKA,2021,coal_bituminous,0.0,thousand_tonnes,EIA_INTL_v2:productId=12
LSO,2021,coal_bituminous,0.0,thousand_tonnes,EIA_INTL_v2:productId=12
LTU,2021,coal_bituminous,0.0,thousand_tonnes,EIA_INTL_v2:productId=12
LUX,2021,coal_bituminous,0.0,thousand_tonnes,EIA_INTL_v2:productId=12
LVA,2021,coal_bituminous,0.0,thousand_tonnes,EIA_INTL_v2:productId=12
MAC,2021,coal_bituminous,0.0,thousand_tonnes,EIA_INTL_v2:productId=12
MAR,2021,coal_bituminous,0.0,thousand_tonnes,EIA_INTL_v2:productId=12
MDA,2021,coal_bituminous,0.0,thousand_tonnes,EIA_INTL_v2:productId=12
MDG,2021,coal_bituminous,0.0,thousand_tonnes,EIA_INTL_v2:productId=12
MDV,2021,coal_bituminous,0.0,thousand_tonnes,EIA_INTL_v2:productId=12
MEX,2021,coal_bituminous,0.0,thousand_tonnes,EIA_INTL_v2:productId=12
MKD,2021,coal_bituminous,0.0,thousand_tonnes,EIA_INTL_v2:productId=12
MLI,2021,coal_bituminous,0.0,thousand_tonnes,EIA_INTL_v2:productId=12
MLT,2021,coal_bituminous,0.0,thousand_tonnes,EIA_INTL_v2:productId=12
MMR,2021,coal_bituminous,0.0,thousand_tonnes,EIA_INTL_v2:productId=12
MNE,2021,coal_bituminous,0.0,thousand_tonnes,EIA_INTL_v2:productId=12
MNG,2021,coal_bituminous,5431.524261062934,thousand_tonnes,EIA_INTL_v2:productId=12
MNP,2021,coal_bituminous,0.0,thousand_tonnes,EIA_INTL_v2:productId=12
MOZ,2021,coal_bituminous,2402.5202707979465,thousand_tonnes,EIA_INTL_v2:productId=12
MRT,2021,coal_bituminous,0.0,thousand_tonnes,EIA_INTL_v2:productId=12
MSR,2021,coal_bituminous,0.0,thousand_tonnes,EIA_INTL_v2:productId=12
MUS,2021,coal_bituminous,0.0,thousand_tonnes,EIA_INTL_v2:productId=12
MWI,2021,coal_bituminous,51.352438929008564,thousand_tonnes,EIA_INTL_v2:productId=12
MYS,2021,coal_bituminous,0.0,thousand_tonnes,EIA_INTL_v2:productId=12
NAM,2021,coal_bituminous,0.0,thousand_tonnes,EIA_INTL_v2:productId=12
NCL,2021,coal_bituminous,0.0,thousand_tonnes,EIA_INTL_v2:productId=12
NER,2021,coal_bituminous,0.0,thousand_tonnes,EIA_INTL_v2:productId=12
NGA,2021,coal_bituminous,2506.046019679723,thousand_tonnes,EIA_INTL_v2:productId=12
NIC,2021,coal_bituminous,0.0,thousand_tonnes,EIA_INTL_v2:productId=12
NIU,2021,coal_bituminous,0.0,thousand_tonnes,EIA_INTL_v2:productId=12
NLD,2021,coal_bituminous,0.0,thousand_tonnes,EIA_INTL_v2:productId=12
NOR,2021,coal_bituminous,121.26585578433674,thousand_tonnes,EIA_INTL_v2:productId=12
NPL,2021,coal_bituminous,0.0,thousand_tonnes,EIA_INTL_v2:productId=12
NRU,2021,coal_bituminous,0.0,thousand_tonnes,EIA_INTL_v2:productId=12
NZL,2021,coal_bituminous,72.40361389385633,thousand_tonnes,EIA_INTL_v2:productId=12
OMN,2021,coal_bituminous,0.0,thousand_tonnes,EIA_INTL_v2:productId=12
PAK,2021,coal_bituminous,3695.2682442463906,thousand_tonnes,EIA_INTL_v2:productId=12
PAN,2021,coal_bituminous,0.0,thousand_tonnes,EIA_INTL_v2:productId=12
PER,2021,coal_bituminous,0.0,thousand_tonnes,EIA_INTL_v2:productId=12
PHL,2021,coal_bituminous,0.0,thousand_tonnes,EIA_INTL_v2:productId=12
PNG,2021,coal_bituminous,0.0,thousand_tonnes,EIA_INTL_v2:productId=12
POL,2021,coal_bituminous,41528.965328937906,thousand_tonnes,EIA_INTL_v2:productId=12
PRI,2021,coal_bituminous,0.0,thousand_tonnes,EIA_INTL_v2:productId=12
PRK,2021,coal_bituminous,8683.190673498,thousand_tonnes,EIA_INTL_v2:productId=12
PRT,2021,coal_bituminous,0.0,thousand_tonnes,EIA_INTL_v2:productId=12
PRY,2021,coal_bituminous,0.0,thousand_tonnes,EIA_INTL_v2:productId=12
PSE,2021,coal_bituminous,0.0,thousand_tonnes,EIA_INTL_v2:productId=12
PYF,2021,coal_bituminous,0.0,thousand_tonnes,EIA_INTL_v2:productId=12
QAT,2021,coal_bituminous,0.0,thousand_tonnes,EIA_INTL_v2:productId=12
ROU,2021,coal_bituminous,0.0,thousand_tonnes,EIA_INTL_v2:productId=12
RUS,2021,coal_bituminous,176519.20782910933,thousand_tonnes,EIA_INTL_v2:productId=12
RWA,2021,coal_bituminous,0.0,thousand_tonnes,EIA_INTL_v2:productId=12
SAU,2021,coal_bituminous,0.0,thousand_tonnes,EIA_INTL_v2:productId=12
SDN,2021,coal_bituminous,0.0,thousand_tonnes,EIA_INTL_v2:productId=12
SEN,2021,coal_bituminous,0.0,thousand_tonnes,EIA_INTL_v2:productId=12
SGP,2021,coal_bituminous,0.0,thousand_tonnes,EIA_INTL_v2:productId=12
SHN,2021,coal_bituminous,0.0,thousand_tonnes,EIA_INTL_v2:productId=12
SLB,2021,coal_bituminous,0.0,thousand_tonnes,EIA_INTL_v2:productId=12
SLE,2021,coal_bituminous,0.0,thousand_tonnes,EIA_INTL_v2:productId=12
SLV,2021,coal_bituminous,0.0,thousand_tonnes,EIA_INTL_v2:productId=12
SOM,2021,coal_bituminous,0.0,thousand_tonnes,EIA_INTL_v2:productId=12
SPM,2021,coal_bituminous,0.0,thousand_tonnes,EIA_INTL_v2:productId=12
SRB,2021,coal_bituminous,0.0,thousand_tonnes,EIA_INTL_v2:productId=12
SSD,2021,coal_bituminous,0.0,thousand_tonnes,EIA_INTL_v2:productId=12
STP,2021,coal_bituminous,0.0,thousand_tonnes,EIA_INTL_v2:productId=12
SUR,2021,coal_bituminous,0.0,thousand_tonnes,EIA_INTL_v2:productId=12
SVK,2021,coal_bituminous,0.0,thousand_tonnes,EIA_INTL_v2:productId=12
SVN,2021,coal_bituminous,0.0,thousand_tonnes,EIA_INTL_v2:productId=12
SWE,2021,coal_bituminous,0.0,thousand_tonnes,EIA_INTL_v2:productId=12
SWZ,2021,coal_bituminous,115.69586240846259,thousand_tonnes,EIA_INTL_v2:productId=12
SYC,2021,coal_bituminous,0.0,thousand_tonnes,EIA_INTL_v2:productId=12
SYR,2021,coal_bituminous,0.0,thousand_tonnes,EIA_INTL_v2:productId=12
TCA,2021,coal_bituminous,0.0,thousand_tonnes,EIA_INTL_v2:productId=12
TCD,2021,coal_bituminous,0.0,thousand_tonnes,EIA_INTL_v2:productId=12
TGO,2021,coal_bituminous,0.0,thousand_tonnes,EIA_INTL_v2:productId=12
THA,2021,coal_bituminous,0.0,thousand_tonnes,EIA_INTL_v2:productId=12
TJK,2021,coal_bituminous,2054.578556588313,thousand_tonnes,EIA_INTL_v2:productId=12
TKM,2021,coal_bituminous,0.0,thousand_tonnes,EIA_INTL_v2:productId=12
TLS,2021,coal_bituminous,0.0,thousand_tonnes,EIA_INTL_v2:productId=12
TON,2021,coal_bituminous,0.0,thousand_tonnes,EIA_INTL_v2:productId=12
TTO,2021,coal_bituminous,0.0,thousand_tonnes,EIA_INTL_v2:productId=12
TUN,2021,coal_bituminous,0.0,thousand_tonnes,EIA_INTL_v2:productId=12
TUR,2021,coal_bituminous,514.3079021360037,thousand_tonnes,EIA_INTL_v2:productId=12
TUV,2021,coal_bituminous,0.0,thousand_tonnes,EIA_INTL_v2:productId=12
TWN,2021,coal_bituminous,0.0,thousand_tonnes,EIA_INTL_v2:productId=12
TZA,2021,coal_bituminous,754.8236723652233,thousand_tonnes,EIA_INTL_v2:productId=12
UGA,2021,coal_bituminous,0.0,thousand_tonnes,EIA_INTL_v2:productId=12
UKR,2021,coal_bituminous,19583.692206912103,thousand_tonnes,EIA_INTL_v2:productId=12
URY,2021,coal_bituminous,0.0,thousand_tonnes,EIA_INTL_v2:productId=12
USA,2021,coal_bituminous,179456.9338439539,thousand_tonnes,EIA_INTL_v2:productId=12
UZB,2021,coal_bituminous,247.9997050658512,thousand_tonnes,EIA_INTL_v2:productId=12
VCT,2021,coal_bituminous,0.0,thousand_tonnes,EIA_INTL_v2:productId=12
VEN,2021,coal_bituminous,157.71778848206463,thousand_tonnes,EIA_INTL_v2:productId=12
VGB,2021,coal_bituminous,0.0,thousand_tonnes,EIA_INTL_v2:productId=12
VIR,2021,coal_bituminous,0.0,thousand_tonnes,EIA_INTL_v2:productId=12
VNM,2021,coal_bituminous,0.0,thousand_tonnes,EIA_INTL_v2:productId=12
VUT,2021,coal_bituminous,0.0,thousand_tonnes,EIA_INTL_v2:productId=12
WAK,2021,coal_bituminous,0.0,thousand_tonnes,EIA_INTL_v2:productId=12
WSM,2021,coal_bituminous,0.0,thousand_tonnes,EIA_INTL_v2:productId=12
XKS,2021,coal_bituminous,0.0,thousand_tonnes,EIA_INTL_v2:productId=12
YEM,2021,coal_bituminous,0.0,thousand_tonnes,EIA_INTL_v2:productId=12
ZAF,2021,coal_bituminous,212862.64413202144,thousand_tonnes,EIA_INTL_v2:productId=12
ZMB,2021,coal_bituminous,1076.1085786195538,thousand_tonnes,EIA_INTL_v2:productId=12
ZWE,2021,coal_bituminous,2951.873400502553,thousand_tonnes,EIA_INTL_v2:productId=12
ABW,2022,coal_bituminous,0.0,thousand_tonnes,EIA_INTL_v2:productId=12
AFG,2022,coal_bituminous,2865.170370428088,thousand_tonnes,EIA_INTL_v2:productId=12
AGO,2022,coal_bituminous,0.0,thousand_tonnes,EIA_INTL_v2:productId=12
ALB,2022,coal_bituminous,196.4387663848014,thousand_tonnes,EIA_INTL_v2:productId=12
ARE,2022,coal_bituminous,0.0,thousand_tonnes,EIA_INTL_v2:productId=12
ARG,2022,coal_bituminous,19.999976214988,thousand_tonnes,EIA_INTL_v2:productId=12
ARM,2022,coal_bituminous,0.0,thousand_tonnes,EIA_INTL_v2:productId=12
ASM,2022,coal_bituminous,0.0,thousand_tonnes,EIA_INTL_v2:productId=12
ATA,2022,coal_bituminous,0.0,thousand_tonnes,EIA_INTL_v2:productId=12
ATG,2022,coal_bituminous,0.0,thousand_tonnes,EIA_INTL_v2:productId=12
AUS,2022,coal_bituminous,225435.73190010173,thousand_tonnes,EIA_INTL_v2:productId=12
AUT,2022,coal_bituminous,0.0,thousand_tonnes,EIA_INTL_v2:productId=12
AZE,2022,coal_bituminous,0.0,thousand_tonnes,EIA_INTL_v2:productId=12
BDI,2022,coal_bituminous,0.0,thousand_tonnes,EIA_INTL_v2:productId=12
BEL,2022,coal_bituminous,0.0,thousand_tonnes,EIA_INTL_v2:productId=12
BEN,2022,coal_bituminous,0.0,thousand_tonnes,EIA_INTL_v2:productId=12
BFA,2022,coal_bituminous,0.0,thousand_tonnes,EIA_INTL_v2:productId=12
BGD,2022,coal_bituminous,188.4997758262619,thousand_tonnes,EIA_INTL_v2:productId=12
BGR,2022,coal_bituminous,0.0,thousand_tonnes,EIA_INTL_v2:productId=12
BHR,2022,coal_bituminous,0.0,thousand_tonnes,EIA_INTL_v2:productId=12
BHS,2022,coal_bituminous,0.0,thousand_tonnes,EIA_INTL_v2:productId=12
BIH,2022,coal_bituminous,0.0,thousand_tonnes,EIA_INTL_v2:productId=12
BLR,2022,coal_bituminous,0.0,thousand_tonnes,EIA_INTL_v2:productId=12
BLZ,2022,coal_bituminous,0.0,thousand_tonnes,EIA_INTL_v2:productId=12
BMU,2022,coal_bituminous,0.0,thousand_tonnes,EIA_INTL_v2:productId=12
BOL,2022,coal_bituminous,0.0,thousand_tonnes,EIA_INTL_v2:productId=12
BRA,2022,coal_bituminous,78.30845187792876,thousand_tonnes,EIA_INTL_v2:productId=12
BRB,2022,coal_bituminous,0.0,thousand_tonnes,EIA_INTL_v2:productId=12
BRN,2022,coal_bituminous,0.0,thousand_tonnes,EIA_INTL_v2:productId=12
BTN,2022,coal_bituminous,0.0,thousand_tonnes,EIA_INTL_v2:productId=12
BWA,2022,coal_bituminous,2581.9969293549507,thousand_tonnes,EIA_INTL_v2:productId=12
CAF,2022,coal_bituminous,0.0,thousand_tonnes,EIA_INTL_v2:productId=12
CAN,2022,coal_bituminous,5238.326278176221,thousand_tonnes,EIA_INTL_v2:productId=12
CHE,2022,coal_bituminous,0.0,thousand_tonnes,EIA_INTL_v2:productId=12
CHL,2022,coal_bituminous,14.94998222070353,thousand_tonnes,EIA_INTL_v2:productId=12
CHN,2022,coal_bituminous,3024725.562512808,thousand_tonnes,EIA_INTL_v2:productId=12
CIV,2022,coal_bituminous,0.0,thousand_tonnes,EIA_INTL_v2:productId=12
CMR,2022,coal_bituminous,0.0,thousand_tonnes,EIA_INTL_v2:productId=12
COD,2022,coal_bituminous,0.0,thousand_tonnes,EIA_INTL_v2:productId=12
COG,2022,coal_bituminous,0.0,thousand_tonnes,EIA_INTL_v2:productId=12
COK,2022,coal_bituminous,0.0,thousand_tonnes,EIA_INTL_v2:productId=12
COL,2022,coal_bituminous,48613.37818644207,thousand_tonnes,EIA_INTL_v2:productId=12
COM,2022,coal_bituminous,0.0,thousand_tonnes,EIA_INTL_v2:productId=12
CPV,2022,coal_bituminous,0.0,thousand_tonnes,EIA_INTL_v2:productId=12
CRI,2022,coal_bituminous,0.0,thousand_tonnes,EIA_INTL_v2:productId=12
CUB,2022,coal_bituminous,0.0,thousand_tonnes,EIA_INTL_v2:productId=12
CYM,2022,coal_bituminous,0.0,thousand_tonnes,EIA_INTL_v2:productId=12
CYP,2022,coal_bituminous,0.0,thousand_tonnes,EIA_INTL_v2:productId=12
CZE,2022,coal_bituminous,819.4760254364861,thousand_tonnes,EIA_INTL_v2:productId=12
DEU,2022,coal_bituminous,0.0,thousand_tonnes,EIA_INTL_v2:productId=12
DJI,2022,coal_bituminous,0.0,thousand_tonnes,EIA_INTL_v2:productId=12
DMA,2022,coal_bituminous,0.0,thousand_tonnes,EIA_INTL_v2:productId=12
DNK,2022,coal_bituminous,0.0,thousand_tonnes,EIA_INTL_v2:productId=12
DOM,2022,coal_bituminous,0.0,thousand_tonnes,EIA_INTL_v2:productId=12
DZA,2022,coal_bituminous,0.0,thousand_tonnes,EIA_INTL_v2:productId=12
ECU,2022,coal_bituminous,0.0,thousand_tonnes,EIA_INTL_v2:productId=12
EGY,2022,coal_bituminous,0.0,thousand_tonnes,EIA_INTL_v2:productId=12
ERI,2022,coal_bituminous,0.0,thousand_tonnes,EIA_INTL_v2:productId=12
ESH,2022,coal_bituminous,0.0,thousand_tonnes,EIA_INTL_v2:productId=12
ESP,2022,coal_bituminous,0.0,thousand_tonnes,EIA_INTL_v2:productId=12
EST,2022,coal_bituminous,0.0,thousand_tonnes,EIA_INTL_v2:productId=12
ETH,2022,coal_bituminous,7.9999904859952,thousand_tonnes,EIA_INTL_v2:productId=12
FIN,2022,coal_bituminous,0.0,thousand_tonnes,EIA_INTL_v2:productId=12
FJI,2022,coal_bituminous,0.0,thousand_tonnes,EIA_INTL_v2:productId=12
FLK,2022,coal_bituminous,0.0,thousand_tonnes,EIA_INTL_v2:productId=12
FRA,2022,coal_bituminous,0.0,thousand_tonnes,EIA_INTL_v2:productId=12
FRO,2022,coal_bituminous,0.0,thousand_tonnes,EIA_INTL_v2:productId=12
FSM,2022,coal_bituminous,0.0,thousand_tonnes,EIA_INTL_v2:productId=12
GAB,2022,coal_bituminous,0.0,thousand_tonnes,EIA_INTL_v2:productId=12
GBR,2022,coal_bituminous,300.54964257073215,thousand_tonnes,EIA_INTL_v2:productId=12
GEO,2022,coal_bituminous,0.0,thousand_tonnes,EIA_INTL_v2:productId=12
GHA,2022,coal_bituminous,0.0,thousand_tonnes,EIA_INTL_v2:productId=12
GIB,2022,coal_bituminous,0.0,thousand_tonnes,EIA_INTL_v2:productId=12
GIN,2022,coal_bituminous,0.0,thousand_tonnes,EIA_INTL_v2:productId=12
GMB,2022,coal_bituminous,0.0,thousand_tonnes,EIA_INTL_v2:productId=12
GNB,2022,coal_bituminous,0.0,thousand_tonnes,EIA_INTL_v2:productId=12
GNQ,2022,coal_bituminous,0.0,thousand_tonnes,EIA_INTL_v2:productId=12
GRC,2022,coal_bituminous,0.0,thousand_tonnes,EIA_INTL_v2:productId=12
GRD,2022,coal_bituminous,0.0,thousand_tonnes,EIA_INTL_v2:productId=12
GRL,2022,coal_bituminous,0.0,thousand_tonnes,EIA_INTL_v2:productId=12
GTM,2022,coal_bituminous,0.0,thousand_tonnes,EIA_INTL_v2:productId=12
GUM,2022,coal_bituminous,0.0,thousand_tonnes,EIA_INTL_v2:productId=12
GUY,2022,coal_bituminous,0.0,thousand_tonnes,EIA_INTL_v2:productId=12
HKG,2022,coal_bituminous,0.0,thousand_tonnes,EIA_INTL_v2:productId=12
HND,2022,coal_bituminous,0.0,thousand_tonnes,EIA_INTL_v2:productId=12
HRV,2022,coal_bituminous,0.0,thousand_tonnes,EIA_INTL_v2:productId=12
HTI,2022,coal_bituminous,0.0,thousand_tonnes,EIA_INTL_v2:productId=12
HUN,2022,coal_bituminous,0.0,thousand_tonnes,EIA_INTL_v2:productId=12
IDN,2022,coal_bituminous,102364.87826236233,thousand_tonnes,EIA_INTL_v2:productId=12
IND,2022,coal_bituminous,32213.72368210939,thousand_tonnes,EIA_INTL_v2:productId=12
IRL,2022,coal_bituminous,0.0,thousand_tonnes,EIA_INTL_v2:productId=12
IRN,2022,coal_bituminous,148.9998228016606,thousand_tonnes,EIA_INTL_v2:productId=12
IRQ,2022,coal_bituminous,0.0,thousand_tonnes,EIA_INTL_v2:productId=12
ISL,2022,coal_bituminous,0.0,thousand_tonnes,EIA_INTL_v2:productId=12
ISR,2022,coal_bituminous,0.0,thousand_tonnes,EIA_INTL_v2:productId=12
ITA,2022,coal_bituminous,0.0,thousand_tonnes,EIA_INTL_v2:productId=12
JAM,2022,coal_bituminous,0.0,thousand_tonnes,EIA_INTL_v2:productId=12
JOR,2022,coal_bituminous,0.0,thousand_tonnes,EIA_INTL_v2:productId=12
JPN,2022,coal_bituminous,680.873190270187,thousand_tonnes,EIA_INTL_v2:productId=12
KAZ,2022,coal_bituminous,99314.88188957666,thousand_tonnes,EIA_INTL_v2:productId=12
KEN,2022,coal_bituminous,0.0,thousand_tonnes,EIA_INTL_v2:productId=12
KGZ,2022,coal_bituminous,532.2703669963939,thousand_tonnes,EIA_INTL_v2:productId=12
KHM,2022,coal_bituminous,0.0,thousand_tonnes,EIA_INTL_v2:productId=12
KIR,2022,coal_bituminous,0.0,thousand_tonnes,EIA_INTL_v2:productId=12
KNA,2022,coal_bituminous,0.0,thousand_tonnes,EIA_INTL_v2:productId=12
KOR,2022,coal_bituminous,0.0,thousand_tonnes,EIA_INTL_v2:productId=12
KWT,2022,coal_bituminous,0.0,thousand_tonnes,EIA_INTL_v2:productId=12
LAO,2022,coal_bituminous,0.0,thousand_tonnes,EIA_INTL_v2:productId=12
LBN,2022,coal_bituminous,0.0,thousand_tonnes,EIA_INTL_v2:productId=12
LBR,2022,coal_bituminous,0.0,thousand_tonnes,EIA_INTL_v2:productId=12
LBY,2022,coal_bituminous,0.0,thousand_tonnes,EIA_INTL_v2:productId=12
LCA,2022,coal_bituminous,0.0,thousand_tonnes,EIA_INTL_v2:productId=12
LKA,2022,coal_bituminous,0.0,thousand_tonnes,EIA_INTL_v2:productId=12
LSO,2022,coal_bituminous,0.0,thousand_tonnes,EIA_INTL_v2:productId=12
LTU,2022,coal_bituminous,0.0,thousand_tonnes,EIA_INTL_v2:productId=12
LUX,2022,coal_bituminous,0.0,thousand_tonnes,EIA_INTL_v2:productId=12
LVA,2022,coal_bituminous,0.0,thousand_tonnes,EIA_INTL_v2:productId=12
MAC,2022,coal_bituminous,0.0,thousand_tonnes,EIA_INTL_v2:productId=12
MAR,2022,coal_bituminous,0.0,thousand_tonnes,EIA_INTL_v2:productId=12
MDA,2022,coal_bituminous,0.0,thousand_tonnes,EIA_INTL_v2:productId=12
MDG,2022,coal_bituminous,0.0,thousand_tonnes,EIA_INTL_v2:productId=12
MDV,2022,coal_bituminous,0.0,thousand_tonnes,EIA_INTL_v2:productId=12
MEX,2022,coal_bituminous,0.0,thousand_tonnes,EIA_INTL_v2:productId=12
MKD,2022,coal_bituminous,0.0,thousand_tonnes,EIA_INTL_v2:productId=12
MLI,2022,coal_bituminous,0.0,thousand_tonnes,EIA_INTL_v2:productId=12
MLT,2022,coal_bituminous,0.0,thousand_tonnes,EIA_INTL_v2:productId=12
MMR,2022,coal_bituminous,0.0,thousand_tonnes,EIA_INTL_v2:productId=12
MNE,2022,coal_bituminous,0.0,thousand_tonnes,EIA_INTL_v2:productId=12
MNG,2022,coal_bituminous,3291.596085462725,thousand_tonnes,EIA_INTL_v2:productId=12
MNP,2022,coal_bituminous,0.0,thousand_tonnes,EIA_INTL_v2:productId=12
MOZ,2022,coal_bituminous,3096.97394547616,thousand_tonnes,EIA_INTL_v2:productId=12
MRT,2022,coal_bituminous,0.0,thousand_tonnes,EIA_INTL_v2:productId=12
MSR,2022,coal_bituminous,0.0,thousand_tonnes,EIA_INTL_v2:productId=12
MUS,2022,coal_bituminous,0.0,thousand_tonnes,EIA_INTL_v2:productId=12
MWI,2022,coal_bituminous,49.56247259249753,thousand_tonnes,EIA_INTL_v2:productId=12
MYS,2022,coal_bituminous,932.7488907265029,thousand_tonnes,EIA_INTL_v2:productId=12
NAM,2022,coal_bituminous,0.0,thousand_tonnes,EIA_INTL_v2:productId=12
NCL,2022,coal_bituminous,0.0,thousand_tonnes,EIA_INTL_v2:productId=12
NER,2022,coal_bituminous,0.0,thousand_tonnes,EIA_INTL_v2:productId=12
NGA,2022,coal_bituminous,3042.9963811104244,thousand_tonnes,EIA_INTL_v2:productId=12
NIC,2022,coal_bituminous,0.0,thousand_tonnes,EIA_INTL_v2:productId=12
NIU,2022,coal_bituminous,0.0,thousand_tonnes,EIA_INTL_v2:productId=12
NLD,2022,coal_bituminous,0.0,thousand_tonnes,EIA_INTL_v2:productId=12
NOR,2022,coal_bituminous,116.9998608576798,thousand_tonnes,EIA_INTL_v2:productId=12
NPL,2022,coal_bituminous,3.74999554031025,thousand_tonnes,EIA_INTL_v2:productId=12
NRU,2022,coal_bituminous,0.0,thousand_tonnes,EIA_INTL_v2:productId=12
NZL,2022,coal_bituminous,88.11874715394701,thousand_tonnes,EIA_INTL_v2:productId=12
OMN,2022,coal_bituminous,0.0,thousand_tonnes,EIA_INTL_v2:productId=12
PAK,2022,coal_bituminous,7606.990953370686,thousand_tonnes,EIA_INTL_v2:productId=12
PAN,2022,coal_bituminous,0.0,thousand_tonnes,EIA_INTL_v2:productId=12
PER,2022,coal_bituminous,38.24995451116455,thousand_tonnes,EIA_INTL_v2:productId=12
PHL,2022,coal_bituminous,0.0,thousand_tonnes,EIA_INTL_v2:productId=12
PNG,2022,coal_bituminous,0.0,thousand_tonnes,EIA_INTL_v2:productId=12
POL,2022,coal_bituminous,40464.55787744303,thousand_tonnes,EIA_INTL_v2:productId=12
PRI,2022,coal_bituminous,0.0,thousand_tonnes,EIA_INTL_v2:productId=12
PRK,2022,coal_bituminous,8957.989346693124,thousand_tonnes,EIA_INTL_v2:productId=12
PRT,2022,coal_bituminous,0.0,thousand_tonnes,EIA_INTL_v2:productId=12
PRY,2022,coal_bituminous,0.0,thousand_tonnes,EIA_INTL_v2:productId=12
PSE,2022,coal_bituminous,0.0,thousand_tonnes,EIA_INTL_v2:productId=12
PYF,2022,coal_bituminous,0.0,thousand_tonnes,EIA_INTL_v2:productId=12
QAT,2022,coal_bituminous,0.0,thousand_tonnes,EIA_INTL_v2:productId=12
ROU,2022,coal_bituminous,0.0,thousand_tonnes,EIA_INTL_v2:productId=12
RUS,2022,coal_bituminous,184150.4856476738,thousand_tonnes,EIA_INTL_v2:productId=12
RWA,2022,coal_bituminous,0.0,thousand_tonnes,EIA_INTL_v2:productId=12
SAU,2022,coal_bituminous,0.0,thousand_tonnes,EIA_INTL_v2:productId=12
SDN,2022,coal_bituminous,0.0,thousand_tonnes,EIA_INTL_v2:productId=12
SEN,2022,coal_bituminous,0.0,thousand_tonnes,EIA_INTL_v2:productId=12
SGP,2022,coal_bituminous,0.0,thousand_tonnes,EIA_INTL_v2:productId=12
SHN,2022,coal_bituminous,0.0,thousand_tonnes,EIA_INTL_v2:productId=12
SLB,2022,coal_bituminous,0.0,thousand_tonnes,EIA_INTL_v2:productId=12
SLE,2022,coal_bituminous,0.0,thousand_tonnes,EIA_INTL_v2:productId=12
SLV,2022,coal_bituminous,0.0,thousand_tonnes,EIA_INTL_v2:productId=12
SOM,2022,coal_bituminous,0.0,thousand_tonnes,EIA_INTL_v2:productId=12
SPM,2022,coal_bituminous,0.0,thousand_tonnes,EIA_INTL_v2:productId=12
SRB,2022,coal_bituminous,0.0,thousand_tonnes,EIA_INTL_v2:productId=12
SSD,2022,coal_bituminous,0.0,thousand_tonnes,EIA_INTL_v2:productId=12
STP,2022,coal_bituminous,0.0,thousand_tonnes,EIA_INTL_v2:productId=12
SUR,2022,coal_bituminous,0.0,thousand_tonnes,EIA_INTL_v2:productId=12
SVK,2022,coal_bituminous,0.0,thousand_tonnes,EIA_INTL_v2:productId=12
SVN,2022,coal_bituminous,0.0,thousand_tonnes,EIA_INTL_v2:productId=12
SWE,2022,coal_bituminous,0.0,thousand_tonnes,EIA_INTL_v2:productId=12
SWZ,2022,coal_bituminous,93.74988850775625,thousand_tonnes,EIA_INTL_v2:productId=12
SYC,2022,coal_bituminous,0.0,thousand_tonnes,EIA_INTL_v2:productId=12
SYR,2022,coal_bituminous,0.0,thousand_tonnes,EIA_INTL_v2:productId=12
TCA,2022,coal_bituminous,0.0,thousand_tonnes,EIA_INTL_v2:productId=12
TCD,2022,coal_bituminous,0.0,thousand_tonnes,EIA_INTL_v2:productId=12
TGO,2022,coal_bituminous,0.0,thousand_tonnes,EIA_INTL_v2:productId=12
THA,2022,coal_bituminous,0.0,thousand_tonnes,EIA_INTL_v2:productId=12
TJK,2022,coal_bituminous,2000.9976203095493,thousand_tonnes,EIA_INTL_v2:productId=12
TKM,2022,coal_bituminous,0.0,thousand_tonnes,EIA_INTL_v2:productId=12
TLS,2022,coal_bituminous,0.0,thousand_tonnes,EIA_INTL_v2:productId=12
TON,2022,coal_bituminous,0.0,thousand_tonnes,EIA_INTL_v2:productId=12
TTO,2022,coal_bituminous,0.0,thousand_tonnes,EIA_INTL_v2:productId=12
TUN,2022,coal_bituminous,0.0,thousand_tonnes,EIA_INTL_v2:productId=12
TUR,2022,coal_bituminous,647.1162304157194,thousand_tonnes,EIA_INTL_v2:productId=12
TUV,2022,coal_bituminous,0.0,thousand_tonnes,EIA_INTL_v2:productId=12
TWN,2022,coal_bituminous,0.0,thousand_tonnes,EIA_INTL_v2:productId=12
TZA,2022,coal_bituminous,2510.9970137917435,thousand_tonnes,EIA_INTL_v2:productId=12
UGA,2022,coal_bituminous,0.0,thousand_tonnes,EIA_INTL_v2:productId=12
UKR,2022,coal_bituminous,16999.9797827398,thousand_tonnes,EIA_INTL_v2:productId=12
URY,2022,coal_bituminous,0.0,thousand_tonnes,EIA_INTL_v2:productId=12
USA,2022,coal_bituminous,190137.48377873327,thousand_tonnes,EIA_INTL_v2:productId=12
UZB,2022,coal_bituminous,266.06697078653843,thousand_tonnes,EIA_INTL_v2:productId=12
VCT,2022,coal_bituminous,0.0,thousand_tonnes,EIA_INTL_v2:productId=12
VEN,2022,coal_bituminous,196.9997657176318,thousand_tonnes,EIA_INTL_v2:productId=12
VGB,2022,coal_bituminous,0.0,thousand_tonnes,EIA_INTL_v2:productId=12
VIR,2022,coal_bituminous,0.0,thousand_tonnes,EIA_INTL_v2:productId=12
VNM,2022,coal_bituminous,0.0,thousand_tonnes,EIA_INTL_v2:productId=12
VUT,2022,coal_bituminous,0.0,thousand_tonnes,EIA_INTL_v2:productId=12
WAK,2022,coal_bituminous,0.0,thousand_tonnes,EIA_INTL_v2:productId=12
WSM,2022,coal_bituminous,0.0,thousand_tonnes,EIA_INTL_v2:productId=12
XKS,2022,coal_bituminous,0.0,thousand_tonnes,EIA_INTL_v2:productId=12
YEM,2022,coal_bituminous,0.0,thousand_tonnes,EIA_INTL_v2:productId=12
ZAF,2022,coal_bituminous,225055.73235201696,thousand_tonnes,EIA_INTL_v2:productId=12
ZMB,2022,coal_bituminous,818.9990260037586,thousand_tonnes,EIA_INTL_v2:productId=12
ZWE,2022,coal_bituminous,2752.996725993098,thousand_tonnes,EIA_INTL_v2:productId=12
ABW,2023,coal_bituminous,0.0,thousand_tonnes,EIA_INTL_v2:productId=12
AFG,2023,coal_bituminous,753.0585119995384,thousand_tonnes,EIA_INTL_v2:productId=12
AGO,2023,coal_bituminous,0.0,thousand_tonnes,EIA_INTL_v2:productId=12
ALB,2023,coal_bituminous,256.50569495008557,thousand_tonnes,EIA_INTL_v2:productId=12
ARE,2023,coal_bituminous,0.0,thousand_tonnes,EIA_INTL_v2:productId=12
ARG,2023,coal_bituminous,19.999976214988,thousand_tonnes,EIA_INTL_v2:productId=12
ARM,2023,coal_bituminous,0.0,thousand_tonnes,EIA_INTL_v2:productId=12
ASM,2023,coal_bituminous,0.0,thousand_tonnes,EIA_INTL_v2:productId=12
ATA,2023,coal_bituminous,0.0,thousand_tonnes,EIA_INTL_v2:productId=12
ATG,2023,coal_bituminous,0.0,thousand_tonnes,EIA_INTL_v2:productId=12
AUS,2023,coal_bituminous,210767.74934402955,thousand_tonnes,EIA_INTL_v2:productId=12
AUT,2023,coal_bituminous,0.0,thousand_tonnes,EIA_INTL_v2:productId=12
AZE,2023,coal_bituminous,0.0,thousand_tonnes,EIA_INTL_v2:productId=12
BDI,2023,coal_bituminous,0.0,thousand_tonnes,EIA_INTL_v2:productId=12
BEL,2023,coal_bituminous,0.0,thousand_tonnes,EIA_INTL_v2:productId=12
BEN,2023,coal_bituminous,0.0,thousand_tonnes,EIA_INTL_v2:productId=12
BFA,2023,coal_bituminous,0.0,thousand_tonnes,EIA_INTL_v2:productId=12
BGD,2023,coal_bituminous,767.3060874796898,thousand_tonnes,EIA_INTL_v2:productId=12
BGR,2023,coal_bituminous,0.0,thousand_tonnes,EIA_INTL_v2:productId=12
BHR,2023,coal_bituminous,0.0,thousand_tonnes,EIA_INTL_v2:productId=12
BHS,2023,coal_bituminous,0.0,thousand_tonnes,EIA_INTL_v2:productId=12
BIH,2023,coal_bituminous,0.0,thousand_tonnes,EIA_INTL_v2:productId=12
BLR,2023,coal_bituminous,0.0,thousand_tonnes,EIA_INTL_v2:productId=12
BLZ,2023,coal_bituminous,0.0,thousand_tonnes,EIA_INTL_v2:productId=12
BMU,2023,coal_bituminous,0.0,thousand_tonnes,EIA_INTL_v2:productId=12
BOL,2023,coal_bituminous,0.0,thousand_tonnes,EIA_INTL_v2:productId=12
BRA,2023,coal_bituminous,88.45579908598101,thousand_tonnes,EIA_INTL_v2:productId=12
BRB,2023,coal_bituminous,0.0,thousand_tonnes,EIA_INTL_v2:productId=12
BRN,2023,coal_bituminous,0.0,thousand_tonnes,EIA_INTL_v2:productId=12
BTN,2023,coal_bituminous,0.0,thousand_tonnes,EIA_INTL_v2:productId=12
BWA,2023,coal_bituminous,2064.3705449431714,thousand_tonnes,EIA_INTL_v2:productId=12
CAF,2023,coal_bituminous,0.0,thousand_tonnes,EIA_INTL_v2:productId=12
CAN,2023,coal_bituminous,4957.600325356413,thousand_tonnes,EIA_INTL_v2:productId=12
CHE,2023,coal_bituminous,0.0,thousand_tonnes,EIA_INTL_v2:productId=12
CHL,2023,coal_bituminous,121.56985542280455,thousand_tonnes,EIA_INTL_v2:productId=12
CHN,2023,coal_bituminous,3114368.405960577,thousand_tonnes,EIA_INTL_v2:productId=12
CIV,2023,coal_bituminous,0.0,thousand_tonnes,EIA_INTL_v2:productId=12
CMR,2023,coal_bituminous,0.0,thousand_tonnes,EIA_INTL_v2:productId=12
COD,2023,coal_bituminous,0.0,thousand_tonnes,EIA_INTL_v2:productId=12
COG,2023,coal_bituminous,0.0,thousand_tonnes,EIA_INTL_v2:productId=12
COK,2023,coal_bituminous,0.0,thousand_tonnes,EIA_INTL_v2:productId=12
COL,2023,coal_bituminous,43665.51007070419,thousand_tonnes,EIA_INTL_v2:productId=12
COM,2023,coal_bituminous,0.0,thousand_tonnes,EIA_INTL_v2:productId=12
CPV,2023,coal_bituminous,0.0,thousand_tonnes,EIA_INTL_v2:productId=12
CRI,2023,coal_bituminous,0.0,thousand_tonnes,EIA_INTL_v2:productId=12
CUB,2023,coal_bituminous,0.0,thousand_tonnes,EIA_INTL_v2:productId=12
CYM,2023,coal_bituminous,0.0,thousand_tonnes,EIA_INTL_v2:productId=12
CYP,2023,coal_bituminous,0.0,thousand_tonnes,EIA_INTL_v2:productId=12
CZE,2023,coal_bituminous,850.6469883663556,thousand_tonnes,EIA_INTL_v2:productId=12
DEU,2023,coal_bituminous,0.0,thousand_tonnes,EIA_INTL_v2:productId=12
DJI,2023,coal_bituminous,0.0,thousand_tonnes,EIA_INTL_v2:productId=12
DMA,2023,coal_bituminous,0.0,thousand_tonnes,EIA_INTL_v2:productId=12
DNK,2023,coal_bituminous,0.0,thousand_tonnes,EIA_INTL_v2:productId=12
DOM,2023,coal_bituminous,0.0,thousand_tonnes,EIA_INTL_v2:productId=12
DZA,2023,coal_bituminous,0.0,thousand_tonnes,EIA_INTL_v2:productId=12
ECU,2023,coal_bituminous,0.0,thousand_tonnes,EIA_INTL_v2:productId=12
EGY,2023,coal_bituminous,0.0,thousand_tonnes,EIA_INTL_v2:productId=12
ERI,2023,coal_bituminous,0.0,thousand_tonnes,EIA_INTL_v2:productId=12
ESH,2023,coal_bituminous,0.0,thousand_tonnes,EIA_INTL_v2:productId=12
ESP,2023,coal_bituminous,0.0,thousand_tonnes,EIA_INTL_v2:productId=12
EST,2023,coal_bituminous,0.0,thousand_tonnes,EIA_INTL_v2:productId=12
ETH,2023,coal_bituminous,455.65845810726086,thousand_tonnes,EIA_INTL_v2:productId=12
FIN,2023,coal_bituminous,0.0,thousand_tonnes,EIA_INTL_v2:productId=12
FJI,2023,coal_bituminous,0.0,thousand_tonnes,EIA_INTL_v2:productId=12
FLK,2023,coal_bituminous,0.0,thousand_tonnes,EIA_INTL_v2:productId=12
FRA,2023,coal_bituminous,0.0,thousand_tonnes,EIA_INTL_v2:productId=12
FRO,2023,coal_bituminous,0.0,thousand_tonnes,EIA_INTL_v2:productId=12
FSM,2023,coal_bituminous,0.0,thousand_tonnes,EIA_INTL_v2:productId=12
GAB,2023,coal_bituminous,0.0,thousand_tonnes,EIA_INTL_v2:productId=12
GBR,2023,coal_bituminous,345.8525886941122,thousand_tonnes,EIA_INTL_v2:productId=12
GEO,2023,coal_bituminous,0.0,thousand_tonnes,EIA_INTL_v2:productId=12
GHA,2023,coal_bituminous,0.0,thousand_tonnes,EIA_INTL_v2:productId=12
GIB,2023,coal_bituminous,0.0,thousand_tonnes,EIA_INTL_v2:productId=12
GIN,2023,coal_bituminous,0.0,thousand_tonnes,EIA_INTL_v2:productId=12
GMB,2023,coal_bituminous,0.0,thousand_tonnes,EIA_INTL_v2:productId=12
GNB,2023,coal_bituminous,0.0,thousand_tonnes,EIA_INTL_v2:productId=12
GNQ,2023,coal_bituminous,0.0,thousand_tonnes,EIA_INTL_v2:productId=12
GRC,2023,coal_bituminous,0.0,thousand_tonnes,EIA_INTL_v2:productId=12
GRD,2023,coal_bituminous,0.0,thousand_tonnes,EIA_INTL_v2:productId=12
GRL,2023,coal_bituminous,0.0,thousand_tonnes,EIA_INTL_v2:productId=12
GTM,2023,coal_bituminous,0.0,thousand_tonnes,EIA_INTL_v2:productId=12
GUM,2023,coal_bituminous,0.0,thousand_tonnes,EIA_INTL_v2:productId=12
GUY,2023,coal_bituminous,0.0,thousand_tonnes,EIA_INTL_v2:productId=12
HKG,2023,coal_bituminous,0.0,thousand_tonnes,EIA_INTL_v2:productId=12
HND,2023,coal_bituminous,0.0,thousand_tonnes,EIA_INTL_v2:productId=12
HRV,2023,coal_bituminous,0.0,thousand_tonnes,EIA_INTL_v2:productId=12
HTI,2023,coal_bituminous,0.0,thousand_tonnes,EIA_INTL_v2:productId=12
HUN,2023,coal_bituminous,0.0,thousand_tonnes,EIA_INTL_v2:productId=12
IDN,2023,coal_bituminous,86032.35368585009,thousand_tonnes,EIA_INTL_v2:productId=12
IND,2023,coal_bituminous,36677.778620774116,thousand_tonnes,EIA_INTL_v2:productId=12
IRL,2023,coal_bituminous,0.0,thousand_tonnes,EIA_INTL_v2:productId=12
IRN,2023,coal_bituminous,164.8338039710666,thousand_tonnes,EIA_INTL_v2:productId=12
IRQ,2023,coal_bituminous,0.0,thousand_tonnes,EIA_INTL_v2:productId=12
ISL,2023,coal_bituminous,0.0,thousand_tonnes,EIA_INTL_v2:productId=12
ISR,2023,coal_bituminous,0.0,thousand_tonnes,EIA_INTL_v2:productId=12
ITA,2023,coal_bituminous,0.0,thousand_tonnes,EIA_INTL_v2:productId=12
JAM,2023,coal_bituminous,0.0,thousand_tonnes,EIA_INTL_v2:productId=12
JOR,2023,coal_bituminous,0.0,thousand_tonnes,EIA_INTL_v2:productId=12
JPN,2023,coal_bituminous,607.8172771520788,thousand_tonnes,EIA_INTL_v2:productId=12
KAZ,2023,coal_bituminous,100416.68057926036,thousand_tonnes,EIA_INTL_v2:productId=12
KEN,2023,coal_bituminous,0.0,thousand_tonnes,EIA_INTL_v2:productId=12
KGZ,2023,coal_bituminous,547.7243486177151,thousand_tonnes,EIA_INTL_v2:productId=12
KHM,2023,coal_bituminous,0.0,thousand_tonnes,EIA_INTL_v2:productId=12
KIR,2023,coal_bituminous,0.0,thousand_tonnes,EIA_INTL_v2:productId=12
KNA,2023,coal_bituminous,0.0,thousand_tonnes,EIA_INTL_v2:productId=12
KOR,2023,coal_bituminous,0.0,thousand_tonnes,EIA_INTL_v2:productId=12
KWT,2023,coal_bituminous,0.0,thousand_tonnes,EIA_INTL_v2:productId=12
LAO,2023,coal_bituminous,0.0,thousand_tonnes,EIA_INTL_v2:productId=12
LBN,2023,coal_bituminous,0.0,thousand_tonnes,EIA_INTL_v2:productId=12
LBR,2023,coal_bituminous,0.0,thousand_tonnes,EIA_INTL_v2:productId=12
LBY,2023,coal_bituminous,0.0,thousand_tonnes,EIA_INTL_v2:productId=12
LCA,2023,coal_bituminous,0.0,thousand_tonnes,EIA_INTL_v2:productId=12
LKA,2023,coal_bituminous,0.0,thousand_tonnes,EIA_INTL_v2:productId=12
LSO,2023,coal_bituminous,53.05016423345785,thousand_tonnes,EIA_INTL_v2:productId=12
LTU,2023,coal_bituminous,0.0,thousand_tonnes,EIA_INTL_v2:productId=12
LUX,2023,coal_bituminous,0.0,thousand_tonnes,EIA_INTL_v2:productId=12
LVA,2023,coal_bituminous,0.0,thousand_tonnes,EIA_INTL_v2:productId=12
MAC,2023,coal_bituminous,0.0,thousand_tonnes,EIA_INTL_v2:productId=12
MAR,2023,coal_bituminous,0.0,thousand_tonnes,EIA_INTL_v2:productId=12
MDA,2023,coal_bituminous,0.0,thousand_tonnes,EIA_INTL_v2:productId=12
MDG,2023,coal_bituminous,0.0,thousand_tonnes,EIA_INTL_v2:productId=12
MDV,2023,coal_bituminous,0.0,thousand_tonnes,EIA_INTL_v2:productId=12
MEX,2023,coal_bituminous,0.0,thousand_tonnes,EIA_INTL_v2:productId=12
MKD,2023,coal_bituminous,0.0,thousand_tonnes,EIA_INTL_v2:productId=12
MLI,2023,coal_bituminous,0.0,thousand_tonnes,EIA_INTL_v2:productId=12
MLT,2023,coal_bituminous,0.0,thousand_tonnes,EIA_INTL_v2:productId=12
MMR,2023,coal_bituminous,0.0,thousand_tonnes,EIA_INTL_v2:productId=12
MNE,2023,coal_bituminous,0.0,thousand_tonnes,EIA_INTL_v2:productId=12
MNG,2023,coal_bituminous,9534.590290098122,thousand_tonnes,EIA_INTL_v2:productId=12
MNP,2023,coal_bituminous,0.0,thousand_tonnes,EIA_INTL_v2:productId=12
MOZ,2023,coal_bituminous,3162.0839061519814,thousand_tonnes,EIA_INTL_v2:productId=12
MRT,2023,coal_bituminous,0.0,thousand_tonnes,EIA_INTL_v2:productId=12
MSR,2023,coal_bituminous,0.0,thousand_tonnes,EIA_INTL_v2:productId=12
MUS,2023,coal_bituminous,0.0,thousand_tonnes,EIA_INTL_v2:productId=12
MWI,2023,coal_bituminous,2.416186858942603,thousand_tonnes,EIA_INTL_v2:productId=12
MYS,2023,coal_bituminous,947.8131619275982,thousand_tonnes,EIA_INTL_v2:productId=12
NAM,2023,coal_bituminous,0.0,thousand_tonnes,EIA_INTL_v2:productId=12
NCL,2023,coal_bituminous,0.0,thousand_tonnes,EIA_INTL_v2:productId=12
NER,2023,coal_bituminous,0.0,thousand_tonnes,EIA_INTL_v2:productId=12
NGA,2023,coal_bituminous,1322.0484277512442,thousand_tonnes,EIA_INTL_v2:productId=12
NIC,2023,coal_bituminous,0.0,thousand_tonnes,EIA_INTL_v2:productId=12
NIU,2023,coal_bituminous,0.0,thousand_tonnes,EIA_INTL_v2:productId=12
NLD,2023,coal_bituminous,0.0,thousand_tonnes,EIA_INTL_v2:productId=12
NOR,2023,coal_bituminous,119.74485759318691,thousand_tonnes,EIA_INTL_v2:productId=12
NPL,2023,coal_bituminous,9.080989200415301,thousand_tonnes,EIA_INTL_v2:productId=12
NRU,2023,coal_bituminous,0.0,thousand_tonnes,EIA_INTL_v2:productId=12
NZL,2023,coal_bituminous,195.88876703888923,thousand_tonnes,EIA_INTL_v2:productId=12
OMN,2023,coal_bituminous,0.0,thousand_tonnes,EIA_INTL_v2:productId=12
PAK,2023,coal_bituminous,8213.528228108005,thousand_tonnes,EIA_INTL_v2:productId=12
PAN,2023,coal_bituminous,0.0,thousand_tonnes,EIA_INTL_v2:productId=12
PER,2023,coal_bituminous,176.9997895026438,thousand_tonnes,EIA_INTL_v2:productId=12
PHL,2023,coal_bituminous,0.0,thousand_tonnes,EIA_INTL_v2:productId=12
PNG,2023,coal_bituminous,0.0,thousand_tonnes,EIA_INTL_v2:productId=12
POL,2023,coal_bituminous,36428.41867742971,thousand_tonnes,EIA_INTL_v2:productId=12
PRI,2023,coal_bituminous,0.0,thousand_tonnes,EIA_INTL_v2:productId=12
PRK,2023,coal_bituminous,9072.821210129101,thousand_tonnes,EIA_INTL_v2:productId=12
PRT,2023,coal_bituminous,0.0,thousand_tonnes,EIA_INTL_v2:productId=12
PRY,2023,coal_bituminous,0.0,thousand_tonnes,EIA_INTL_v2:productId=12
PSE,2023,coal_bituminous,0.0,thousand_tonnes,EIA_INTL_v2:productId=12
PYF,2023,coal_bituminous,0.0,thousand_tonnes,EIA_INTL_v2:productId=12
QAT,2023,coal_bituminous,0.0,thousand_tonnes,EIA_INTL_v2:productId=12
ROU,2023,coal_bituminous,0.0,thousand_tonnes,EIA_INTL_v2:productId=12
RUS,2023,coal_bituminous,217837.4079364238,thousand_tonnes,EIA_INTL_v2:productId=12
RWA,2023,coal_bituminous,0.0,thousand_tonnes,EIA_INTL_v2:productId=12
SAU,2023,coal_bituminous,0.0,thousand_tonnes,EIA_INTL_v2:productId=12
SDN,2023,coal_bituminous,0.0,thousand_tonnes,EIA_INTL_v2:productId=12
SEN,2023,coal_bituminous,0.0,thousand_tonnes,EIA_INTL_v2:productId=12
SGP,2023,coal_bituminous,0.0,thousand_tonnes,EIA_INTL_v2:productId=12
SHN,2023,coal_bituminous,0.0,thousand_tonnes,EIA_INTL_v2:productId=12
SLB,2023,coal_bituminous,0.0,thousand_tonnes,EIA_INTL_v2:productId=12
SLE,2023,coal_bituminous,0.0,thousand_tonnes,EIA_INTL_v2:productId=12
SLV,2023,coal_bituminous,0.0,thousand_tonnes,EIA_INTL_v2:productId=12
SOM,2023,coal_bituminous,0.0,thousand_tonnes,EIA_INTL_v2:productId=12
SPM,2023,coal_bituminous,0.0,thousand_tonnes,EIA_INTL_v2:productId=12
SRB,2023,coal_bituminous,0.0,thousand_tonnes,EIA_INTL_v2:productId=12
SSD,2023,coal_bituminous,0.0,thousand_tonnes,EIA_INTL_v2:productId=12
STP,2023,coal_bituminous,0.0,thousand_tonnes,EIA_INTL_v2:productId=12
SUR,2023,coal_bituminous,0.0,thousand_tonnes,EIA_INTL_v2:productId=12
SVK,2023,coal_bituminous,0.0,thousand_tonnes,EIA_INTL_v2:productId=12
SVN,2023,coal_bituminous,0.0,thousand_tonnes,EIA_INTL_v2:productId=12
SWE,2023,coal_bituminous,0.0,thousand_tonnes,EIA_INTL_v2:productId=12
SWZ,2023,coal_bituminous,0.0,thousand_tonnes,EIA_INTL_v2:productId=12
SYC,2023,coal_bituminous,0.0,thousand_tonnes,EIA_INTL_v2:productId=12
SYR,2023,coal_bituminous,0.0,thousand_tonnes,EIA_INTL_v2:productId=12
TCA,2023,coal_bituminous,0.0,thousand_tonnes,EIA_INTL_v2:productId=12
TCD,2023,coal_bituminous,0.0,thousand_tonnes,EIA_INTL_v2:productId=12
TGO,2023,coal_bituminous,0.0,thousand_tonnes,EIA_INTL_v2:productId=12
THA,2023,coal_bituminous,0.0,thousand_tonnes,EIA_INTL_v2:productId=12
TJK,2023,coal_bituminous,2192.2973928059096,thousand_tonnes,EIA_INTL_v2:productId=12
TKM,2023,coal_bituminous,0.0,thousand_tonnes,EIA_INTL_v2:productId=12
TLS,2023,coal_bituminous,0.0,thousand_tonnes,EIA_INTL_v2:productId=12
TON,2023,coal_bituminous,0.0,thousand_tonnes,EIA_INTL_v2:productId=12
TTO,2023,coal_bituminous,0.0,thousand_tonnes,EIA_INTL_v2:productId=12
TUN,2023,coal_bituminous,0.0,thousand_tonnes,EIA_INTL_v2:productId=12
TUR,2023,coal_bituminous,594.2052933401579,thousand_tonnes,EIA_INTL_v2:productId=12
TUV,2023,coal_bituminous,0.0,thousand_tonnes,EIA_INTL_v2:productId=12
TWN,2023,coal_bituminous,0.0,thousand_tonnes,EIA_INTL_v2:productId=12
TZA,2023,coal_bituminous,2341.467215405398,thousand_tonnes,EIA_INTL_v2:productId=12
UGA,2023,coal_bituminous,0.0,thousand_tonnes,EIA_INTL_v2:productId=12
UKR,2023,coal_bituminous,16438.980449909388,thousand_tonnes,EIA_INTL_v2:productId=12
URY,2023,coal_bituminous,0.0,thousand_tonnes,EIA_INTL_v2:productId=12
USA,2023,coal_bituminous,185933.36199020353,thousand_tonnes,EIA_INTL_v2:productId=12
UZB,2023,coal_bituminous,336.1866001894085,thousand_tonnes,EIA_INTL_v2:productId=12
VCT,2023,coal_bituminous,0.0,thousand_tonnes,EIA_INTL_v2:productId=12
VEN,2023,coal_bituminous,148.5848232951996,thousand_tonnes,EIA_INTL_v2:productId=12
VGB,2023,coal_bituminous,0.0,thousand_tonnes,EIA_INTL_v2:productId=12
VIR,2023,coal_bituminous,0.0,thousand_tonnes,EIA_INTL_v2:productId=12
VNM,2023,coal_bituminous,0.0,thousand_tonnes,EIA_INTL_v2:productId=12
VUT,2023,coal_bituminous,0.0,thousand_tonnes,EIA_INTL_v2:productId=12
WAK,2023,coal_bituminous,0.0,thousand_tonnes,EIA_INTL_v2:productId=12
WSM,2023,coal_bituminous,0.0,thousand_tonnes,EIA_INTL_v2:productId=12
XKS,2023,coal_bituminous,0.0,thousand_tonnes,EIA_INTL_v2:productId=12
YEM,2023,coal_bituminous,0.0,thousand_tonnes,EIA_INTL_v2:productId=12
ZAF,2023,coal_bituminous,225435.23190069635,thousand_tonnes,EIA_INTL_v2:productId=12
ZMB,2023,coal_bituminous,2079.769556054438,thousand_tonnes,EIA_INTL_v2:productId=12
ZWE,2023,coal_bituminous,3108.2193035439323,thousand_tonnes,EIA_INTL_v2:productId=12
ABW,2016,coal_lignite,0.0,thousand_tonnes,EIA_INTL_v2:productId=14
AFG,2016,coal_lignite,0.0,thousand_tonnes,EIA_INTL_v2:productId=14
AGO,2016,coal_lignite,0.0,thousand_tonnes,EIA_INTL_v2:productId=14
ALB,2016,coal_lignite,13.9999833504916,thousand_tonnes,EIA_INTL_v2:productId=14
ARE,2016,coal_lignite,0.0,thousand_tonnes,EIA_INTL_v2:productId=14
ARG,2016,coal_lignite,0.0,thousand_tonnes,EIA_INTL_v2:productId=14
ARM,2016,coal_lignite,0.0,thousand_tonnes,EIA_INTL_v2:productId=14
ASM,2016,coal_lignite,0.0,thousand_tonnes,EIA_INTL_v2:productId=14
ATA,2016,coal_lignite,0.0,thousand_tonnes,EIA_INTL_v2:productId=14
ATG,2016,coal_lignite,0.0,thousand_tonnes,EIA_INTL_v2:productId=14
AUS,2016,coal_lignite,61472.926893197866,thousand_tonnes,EIA_INTL_v2:productId=14
AUT,2016,coal_lignite,0.0,thousand_tonnes,EIA_INTL_v2:productId=14
AZE,2016,coal_lignite,0.0,thousand_tonnes,EIA_INTL_v2:productId=14
BDI,2016,coal_lignite,0.0,thousand_tonnes,EIA_INTL_v2:productId=14
BEL,2016,coal_lignite,0.0,thousand_tonnes,EIA_INTL_v2:productId=14
BEN,2016,coal_lignite,0.0,thousand_tonnes,EIA_INTL_v2:productId=14
BFA,2016,coal_lignite,0.0,thousand_tonnes,EIA_INTL_v2:productId=14
BGD,2016,coal_lignite,0.0,thousand_tonnes,EIA_INTL_v2:productId=14
BGR,2016,coal_lignite,31230.96285851451,thousand_tonnes,EIA_INTL_v2:productId=14
BHR,2016,coal_lignite,0.0,thousand_tonnes,EIA_INTL_v2:productId=14
BHS,2016,coal_lignite,0.0,thousand_tonnes,EIA_INTL_v2:productId=14
BIH,2016,coal_lignite,2467.38406565853,thousand_tonnes,EIA_INTL_v2:productId=14
BLR,2016,coal_lignite,0.0,thousand_tonnes,EIA_INTL_v2:productId=14
BLZ,2016,coal_lignite,0.0,thousand_tonnes,EIA_INTL_v2:productId=14
BMU,2016,coal_lignite,0.0,thousand_tonnes,EIA_INTL_v2:productId=14
BOL,2016,coal_lignite,0.0,thousand_tonnes,EIA_INTL_v2:productId=14
BRA,2016,coal_lignite,3479.995861407912,thousand_tonnes,EIA_INTL_v2:productId=14
BRB,2016,coal_lignite,0.0,thousand_tonnes,EIA_INTL_v2:productId=14
BRN,2016,coal_lignite,0.0,thousand_tonnes,EIA_INTL_v2:productId=14
BTN,2016,coal_lignite,0.0,thousand_tonnes,EIA_INTL_v2:productId=14
BWA,2016,coal_lignite,0.0,thousand_tonnes,EIA_INTL_v2:productId=14
CAF,2016,coal_lignite,0.0,thousand_tonnes,EIA_INTL_v2:productId=14
CAN,2016,coal_lignite,9166.98909813975,thousand_tonnes,EIA_INTL_v2:productId=14
CHE,2016,coal_lignite,0.0,thousand_tonnes,EIA_INTL_v2:productId=14
CHL,2016,coal_lignite,0.0,thousand_tonnes,EIA_INTL_v2:productId=14
CHN,2016,coal_lignite,185404.9944637544,thousand_tonnes,EIA_INTL_v2:productId=14
CIV,2016,coal_lignite,0.0,thousand_tonnes,EIA_INTL_v2:productId=14
CMR,2016,coal_lignite,0.0,thousand_tonnes,EIA_INTL_v2:productId=14
COD,2016,coal_lignite,0.0,thousand_tonnes,EIA_INTL_v2:productId=14
COG,2016,coal_lignite,0.0,thousand_tonnes,EIA_INTL_v2:productId=14
COK,2016,coal_lignite,0.0,thousand_tonnes,EIA_INTL_v2:productId=14
COL,2016,coal_lignite,0.0,thousand_tonnes,EIA_INTL_v2:productId=14
COM,2016,coal_lignite,0.0,thousand_tonnes,EIA_INTL_v2:productId=14
CPV,2016,coal_lignite,0.0,thousand_tonnes,EIA_INTL_v2:productId=14
CRI,2016,coal_lignite,0.0,thousand_tonnes,EIA_INTL_v2:productId=14
CUB,2016,coal_lignite,0.0,thousand_tonnes,EIA_INTL_v2:productId=14
CYM,2016,coal_lignite,0.0,thousand_tonnes,EIA_INTL_v2:productId=14
CYP,2016,coal_lignite,0.0,thousand_tonnes,EIA_INTL_v2:productId=14
CZE,2016,coal_lignite,38527.99996769078,thousand_tonnes,EIA_INTL_v2:productId=14
DEU,2016,coal_lignite,171546.79598762732,thousand_tonnes,EIA_INTL_v2:productId=14
DJI,2016,coal_lignite,0.0,thousand_tonnes,EIA_INTL_v2:productId=14
DMA,2016,coal_lignite,0.0,thousand_tonnes,EIA_INTL_v2:productId=14
DNK,2016,coal_lignite,0.0,thousand_tonnes,EIA_INTL_v2:productId=14
DOM,2016,coal_lignite,0.0,thousand_tonnes,EIA_INTL_v2:productId=14
DZA,2016,coal_lignite,0.0,thousand_tonnes,EIA_INTL_v2:productId=14
ECU,2016,coal_lignite,0.0,thousand_tonnes,EIA_INTL_v2:productId=14
EGY,2016,coal_lignite,0.0,thousand_tonnes,EIA_INTL_v2:productId=14
ERI,2016,coal_lignite,0.0,thousand_tonnes,EIA_INTL_v2:productId=14
ESH,2016,coal_lignite,0.0,thousand_tonnes,EIA_INTL_v2:productId=14
ESP,2016,coal_lignite,0.0,thousand_tonnes,EIA_INTL_v2:productId=14
EST,2016,coal_lignite,0.0,thousand_tonnes,EIA_INTL_v2:productId=14
ETH,2016,coal_lignite,0.0,thousand_tonnes,EIA_INTL_v2:productId=14
FIN,2016,coal_lignite,0.0,thousand_tonnes,EIA_INTL_v2:productId=14
FJI,2016,coal_lignite,0.0,thousand_tonnes,EIA_INTL_v2:productId=14
FLK,2016,coal_lignite,0.0,thousand_tonnes,EIA_INTL_v2:productId=14
FRA,2016,coal_lignite,0.0,thousand_tonnes,EIA_INTL_v2:productId=14
FRO,2016,coal_lignite,0.0,thousand_tonnes,EIA_INTL_v2:productId=14
FSM,2016,coal_lignite,0.0,thousand_tonnes,EIA_INTL_v2:productId=14
GAB,2016,coal_lignite,0.0,thousand_tonnes,EIA_INTL_v2:productId=14
GBR,2016,coal_lignite,0.0,thousand_tonnes,EIA_INTL_v2:productId=14
GEO,2016,coal_lignite,0.0,thousand_tonnes,EIA_INTL_v2:productId=14
GHA,2016,coal_lignite,0.0,thousand_tonnes,EIA_INTL_v2:productId=14
GIB,2016,coal_lignite,0.0,thousand_tonnes,EIA_INTL_v2:productId=14
GIN,2016,coal_lignite,0.0,thousand_tonnes,EIA_INTL_v2:productId=14
GMB,2016,coal_lignite,0.0,thousand_tonnes,EIA_INTL_v2:productId=14
GNB,2016,coal_lignite,0.0,thousand_tonnes,EIA_INTL_v2:productId=14
GNQ,2016,coal_lignite,0.0,thousand_tonnes,EIA_INTL_v2:productId=14
GRC,2016,coal_lignite,32637.961185238913,thousand_tonnes,EIA_INTL_v2:productId=14
GRD,2016,coal_lignite,0.0,thousand_tonnes,EIA_INTL_v2:productId=14
GRL,2016,coal_lignite,0.0,thousand_tonnes,EIA_INTL_v2:productId=14
GTM,2016,coal_lignite,0.0,thousand_tonnes,EIA_INTL_v2:productId=14
GUM,2016,coal_lignite,0.0,thousand_tonnes,EIA_INTL_v2:productId=14
GUY,2016,coal_lignite,0.0,thousand_tonnes,EIA_INTL_v2:productId=14
HKG,2016,coal_lignite,0.0,thousand_tonnes,EIA_INTL_v2:productId=14
HND,2016,coal_lignite,0.0,thousand_tonnes,EIA_INTL_v2:productId=14
HRV,2016,coal_lignite,0.0,thousand_tonnes,EIA_INTL_v2:productId=14
HTI,2016,coal_lignite,0.0,thousand_tonnes,EIA_INTL_v2:productId=14
HUN,2016,coal_lignite,9215.989039866468,thousand_tonnes,EIA_INTL_v2:productId=14
IDN,2016,coal_lignite,80138.08754351738,thousand_tonnes,EIA_INTL_v2:productId=14
IND,2016,coal_lignite,41031.9657902,thousand_tonnes,EIA_INTL_v2:productId=14
IRL,2016,coal_lignite,0.0,thousand_tonnes,EIA_INTL_v2:productId=14
IRN,2016,coal_lignite,0.0,thousand_tonnes,EIA_INTL_v2:productId=14
IRQ,2016,coal_lignite,0.0,thousand_tonnes,EIA_INTL_v2:productId=14
ISL,2016,coal_lignite,0.0,thousand_tonnes,EIA_INTL_v2:productId=14
ISR,2016,coal_lignite,0.0,thousand_tonnes,EIA_INTL_v2:productId=14
ITA,2016,coal_lignite,0.0,thousand_tonnes,EIA_INTL_v2:productId=14
JAM,2016,coal_lignite,0.0,thousand_tonnes,EIA_INTL_v2:productId=14
JOR,2016,coal_lignite,0.0,thousand_tonnes,EIA_INTL_v2:productId=14
JPN,2016,coal_lignite,0.0,thousand_tonnes,EIA_INTL_v2:productId=14
KAZ,2016,coal_lignite,5749.99316180905,thousand_tonnes,EIA_INTL_v2:productId=14
KEN,2016,coal_lignite,0.0,thousand_tonnes,EIA_INTL_v2:productId=14
KGZ,2016,coal_lignite,1602.9980936312882,thousand_tonnes,EIA_INTL_v2:productId=14
KHM,2016,coal_lignite,0.0,thousand_tonnes,EIA_INTL_v2:productId=14
KIR,2016,coal_lignite,0.0,thousand_tonnes,EIA_INTL_v2:productId=14
KNA,2016,coal_lignite,0.0,thousand_tonnes,EIA_INTL_v2:productId=14
KOR,2016,coal_lignite,0.0,thousand_tonnes,EIA_INTL_v2:productId=14
KWT,2016,coal_lignite,0.0,thousand_tonnes,EIA_INTL_v2:productId=14
LAO,2016,coal_lignite,13096.984424384891,thousand_tonnes,EIA_INTL_v2:productId=14
LBN,2016,coal_lignite,0.0,thousand_tonnes,EIA_INTL_v2:productId=14
LBR,2016,coal_lignite,0.0,thousand_tonnes,EIA_INTL_v2:productId=14
LBY,2016,coal_lignite,0.0,thousand_tonnes,EIA_INTL_v2:productId=14
LCA,2016,coal_lignite,0.0,thousand_tonnes,EIA_INTL_v2:productId=14
LKA,2016,coal_lignite,0.0,thousand_tonnes,EIA_INTL_v2:productId=14
LSO,2016,coal_lignite,0.0,thousand_tonnes,EIA_INTL_v2:productId=14
LTU,2016,coal_lignite,0.0,thousand_tonnes,EIA_INTL_v2:productId=14
LUX,2016,coal_lignite,0.0,thousand_tonnes,EIA_INTL_v2:productId=14
LVA,2016,coal_lignite,0.0,thousand_tonnes,EIA_INTL_v2:productId=14
MAC,2016,coal_lignite,0.0,thousand_tonnes,EIA_INTL_v2:productId=14
MAR,2016,coal_lignite,0.0,thousand_tonnes,EIA_INTL_v2:productId=14
MDA,2016,coal_lignite,0.0,thousand_tonnes,EIA_INTL_v2:productId=14
MDG,2016,coal_lignite,0.0,thousand_tonnes,EIA_INTL_v2:productId=14
MDV,2016,coal_lignite,0.0,thousand_tonnes,EIA_INTL_v2:productId=14
MEX,2016,coal_lignite,475.9994339167143,thousand_tonnes,EIA_INTL_v2:productId=14
MKD,2016,coal_lignite,5151.993872980909,thousand_tonnes,EIA_INTL_v2:productId=14
MLI,2016,coal_lignite,0.0,thousand_tonnes,EIA_INTL_v2:productId=14
MLT,2016,coal_lignite,0.0,thousand_tonnes,EIA_INTL_v2:productId=14
MMR,2016,coal_lignite,232.9997229046102,thousand_tonnes,EIA_INTL_v2:productId=14
MNE,2016,coal_lignite,1397.9983374276612,thousand_tonnes,EIA_INTL_v2:productId=14
MNG,2016,coal_lignite,6321.937399623232,thousand_tonnes,EIA_INTL_v2:productId=14
MNP,2016,coal_lignite,0.0,thousand_tonnes,EIA_INTL_v2:productId=14
MOZ,2016,coal_lignite,0.0,thousand_tonnes,EIA_INTL_v2:productId=14
MRT,2016,coal_lignite,0.0,thousand_tonnes,EIA_INTL_v2:productId=14
MSR,2016,coal_lignite,0.0,thousand_tonnes,EIA_INTL_v2:productId=14
MUS,2016,coal_lignite,0.0,thousand_tonnes,EIA_INTL_v2:productId=14
MWI,2016,coal_lignite,0.0,thousand_tonnes,EIA_INTL_v2:productId=14
MYS,2016,coal_lignite,0.0,thousand_tonnes,EIA_INTL_v2:productId=14
NAM,2016,coal_lignite,0.0,thousand_tonnes,EIA_INTL_v2:productId=14
NCL,2016,coal_lignite,0.0,thousand_tonnes,EIA_INTL_v2:productId=14
NER,2016,coal_lignite,0.0,thousand_tonnes,EIA_INTL_v2:productId=14
NGA,2016,coal_lignite,0.0,thousand_tonnes,EIA_INTL_v2:productId=14
NIC,2016,coal_lignite,0.0,thousand_tonnes,EIA_INTL_v2:productId=14
NIU,2016,coal_lignite,0.0,thousand_tonnes,EIA_INTL_v2:productId=14
NLD,2016,coal_lignite,0.0,thousand_tonnes,EIA_INTL_v2:productId=14
NOR,2016,coal_lignite,0.0,thousand_tonnes,EIA_INTL_v2:productId=14
NPL,2016,coal_lignite,0.0,thousand_tonnes,EIA_INTL_v2:productId=14
NRU,2016,coal_lignite,0.0,thousand_tonnes,EIA_INTL_v2:productId=14
NZL,2016,coal_lignite,313.0346277229384,thousand_tonnes,EIA_INTL_v2:productId=14
OMN,2016,coal_lignite,0.0,thousand_tonnes,EIA_INTL_v2:productId=14
PAK,2016,coal_lignite,1068.9987286911087,thousand_tonnes,EIA_INTL_v2:productId=14
PAN,2016,coal_lignite,0.0,thousand_tonnes,EIA_INTL_v2:productId=14
PER,2016,coal_lignite,0.0,thousand_tonnes,EIA_INTL_v2:productId=14
PHL,2016,coal_lignite,0.0,thousand_tonnes,EIA_INTL_v2:productId=14
PNG,2016,coal_lignite,0.0,thousand_tonnes,EIA_INTL_v2:productId=14
POL,2016,coal_lignite,58470.51971206805,thousand_tonnes,EIA_INTL_v2:productId=14
PRI,2016,coal_lignite,0.0,thousand_tonnes,EIA_INTL_v2:productId=14
PRK,2016,coal_lignite,0.0,thousand_tonnes,EIA_INTL_v2:productId=14
PRT,2016,coal_lignite,0.0,thousand_tonnes,EIA_INTL_v2:productId=14
PRY,2016,coal_lignite,0.0,thousand_tonnes,EIA_INTL_v2:productId=14
PSE,2016,coal_lignite,0.0,thousand_tonnes,EIA_INTL_v2:productId=14
PYF,2016,coal_lignite,0.0,thousand_tonnes,EIA_INTL_v2:productId=14
QAT,2016,coal_lignite,0.0,thousand_tonnes,EIA_INTL_v2:productId=14
ROU,2016,coal_lignite,22979.972671021213,thousand_tonnes,EIA_INTL_v2:productId=14
RUS,2016,coal_lignite,80447.03505221472,thousand_tonnes,EIA_INTL_v2:productId=14
RWA,2016,coal_lignite,0.0,thousand_tonnes,EIA_INTL_v2:productId=14
SAU,2016,coal_lignite,0.0,thousand_tonnes,EIA_INTL_v2:productId=14
SDN,2016,coal_lignite,0.0,thousand_tonnes,EIA_INTL_v2:productId=14
SEN,2016,coal_lignite,0.0,thousand_tonnes,EIA_INTL_v2:productId=14
SGP,2016,coal_lignite,0.0,thousand_tonnes,EIA_INTL_v2:productId=14
SHN,2016,coal_lignite,0.0,thousand_tonnes,EIA_INTL_v2:productId=14
SLB,2016,coal_lignite,0.0,thousand_tonnes,EIA_INTL_v2:productId=14
SLE,2016,coal_lignite,0.0,thousand_tonnes,EIA_INTL_v2:productId=14
SLV,2016,coal_lignite,0.0,thousand_tonnes,EIA_INTL_v2:productId=14
SOM,2016,coal_lignite,0.0,thousand_tonnes,EIA_INTL_v2:productId=14
SPM,2016,coal_lignite,0.0,thousand_tonnes,EIA_INTL_v2:productId=14
SRB,2016,coal_lignite,38439.954285206935,thousand_tonnes,EIA_INTL_v2:productId=14
SSD,2016,coal_lignite,0.0,thousand_tonnes,EIA_INTL_v2:productId=14
STP,2016,coal_lignite,0.0,thousand_tonnes,EIA_INTL_v2:productId=14
SUR,2016,coal_lignite,0.0,thousand_tonnes,EIA_INTL_v2:productId=14
SVK,2016,coal_lignite,1846.9978034541418,thousand_tonnes,EIA_INTL_v2:productId=14
SVN,2016,coal_lignite,3348.9960171997404,thousand_tonnes,EIA_INTL_v2:productId=14
SWE,2016,coal_lignite,0.0,thousand_tonnes,EIA_INTL_v2:productId=14
SWZ,2016,coal_lignite,0.0,thousand_tonnes,EIA_INTL_v2:productId=14
SYC,2016,coal_lignite,0.0,thousand_tonnes,EIA_INTL_v2:productId=14
SYR,2016,coal_lignite,0.0,thousand_tonnes,EIA_INTL_v2:productId=14
TCA,2016,coal_lignite,0.0,thousand_tonnes,EIA_INTL_v2:productId=14
TCD,2016,coal_lignite,0.0,thousand_tonnes,EIA_INTL_v2:productId=14
TGO,2016,coal_lignite,0.0,thousand_tonnes,EIA_INTL_v2:productId=14
THA,2016,coal_lignite,16978.580808188573,thousand_tonnes,EIA_INTL_v2:productId=14
TJK,2016,coal_lignite,49.99994053747,thousand_tonnes,EIA_INTL_v2:productId=14
TKM,2016,coal_lignite,0.0,thousand_tonnes,EIA_INTL_v2:productId=14
TLS,2016,coal_lignite,0.0,thousand_tonnes,EIA_INTL_v2:productId=14
TON,2016,coal_lignite,0.0,thousand_tonnes,EIA_INTL_v2:productId=14
TTO,2016,coal_lignite,0.0,thousand_tonnes,EIA_INTL_v2:productId=14
TUN,2016,coal_lignite,0.0,thousand_tonnes,EIA_INTL_v2:productId=14
TUR,2016,coal_lignite,70238.9164682271,thousand_tonnes,EIA_INTL_v2:productId=14
TUV,2016,coal_lignite,0.0,thousand_tonnes,EIA_INTL_v2:productId=14
TWN,2016,coal_lignite,0.0,thousand_tonnes,EIA_INTL_v2:productId=14
TZA,2016,coal_lignite,0.0,thousand_tonnes,EIA_INTL_v2:productId=14
UGA,2016,coal_lignite,0.0,thousand_tonnes,EIA_INTL_v2:productId=14
UKR,2016,coal_lignite,0.0,thousand_tonnes,EIA_INTL_v2:productId=14
URY,2016,coal_lignite,0.0,thousand_tonnes,EIA_INTL_v2:productId=14
USA,2016,coal_lignite,64691.29935734774,thousand_tonnes,EIA_INTL_v2:productId=14
UZB,2016,coal_lignite,3706.9955914480256,thousand_tonnes,EIA_INTL_v2:productId=14
VCT,2016,coal_lignite,0.0,thousand_tonnes,EIA_INTL_v2:productId=14
VEN,2016,coal_lignite,0.0,thousand_tonnes,EIA_INTL_v2:productId=14
VGB,2016,coal_lignite,0.0,thousand_tonnes,EIA_INTL_v2:productId=14
VIR,2016,coal_lignite,0.0,thousand_tonnes,EIA_INTL_v2:productId=14
VNM,2016,coal_lignite,0.0,thousand_tonnes,EIA_INTL_v2:productId=14
VUT,2016,coal_lignite,0.0,thousand_tonnes,EIA_INTL_v2:productId=14
WAK,2016,coal_lignite,0.0,thousand_tonnes,EIA_INTL_v2:productId=14
WSM,2016,coal_lignite,0.0,thousand_tonnes,EIA_INTL_v2:productId=14
XKS,2016,coal_lignite,8800.989533405469,thousand_tonnes,EIA_INTL_v2:productId=14
YEM,2016,coal_lignite,0.0,thousand_tonnes,EIA_INTL_v2:productId=14
ZAF,2016,coal_lignite,0.0,thousand_tonnes,EIA_INTL_v2:productId=14
ZMB,2016,coal_lignite,0.0,thousand_tonnes,EIA_INTL_v2:productId=14
ZWE,2016,coal_lignite,0.0,thousand_tonnes,EIA_INTL_v2:productId=14
ABW,2017,coal_lignite,0.0,thousand_tonnes,EIA_INTL_v2:productId=14
AFG,2017,coal_lignite,0.0,thousand_tonnes,EIA_INTL_v2:productId=14
AGO,2017,coal_lignite,0.0,thousand_tonnes,EIA_INTL_v2:productId=14
ALB,2017,coal_lignite,45.9999452944724,thousand_tonnes,EIA_INTL_v2:productId=14
ARE,2017,coal_lignite,0.0,thousand_tonnes,EIA_INTL_v2:productId=14
ARG,2017,coal_lignite,0.0,thousand_tonnes,EIA_INTL_v2:productId=14
ARM,2017,coal_lignite,0.0,thousand_tonnes,EIA_INTL_v2:productId=14
ASM,2017,coal_lignite,0.0,thousand_tonnes,EIA_INTL_v2:productId=14
ATA,2017,coal_lignite,0.0,thousand_tonnes,EIA_INTL_v2:productId=14
ATG,2017,coal_lignite,0.0,thousand_tonnes,EIA_INTL_v2:productId=14
AUS,2017,coal_lignite,56718.932546895216,thousand_tonnes,EIA_INTL_v2:productId=14
AUT,2017,coal_lignite,0.0,thousand_tonnes,EIA_INTL_v2:productId=14
AZE,2017,coal_lignite,0.0,thousand_tonnes,EIA_INTL_v2:productId=14
BDI,2017,coal_lignite,0.0,thousand_tonnes,EIA_INTL_v2:productId=14
BEL,2017,coal_lignite,0.0,thousand_tonnes,EIA_INTL_v2:productId=14
BEN,2017,coal_lignite,0.0,thousand_tonnes,EIA_INTL_v2:productId=14
BFA,2017,coal_lignite,0.0,thousand_tonnes,EIA_INTL_v2:productId=14
BGD,2017,coal_lignite,0.0,thousand_tonnes,EIA_INTL_v2:productId=14
BGR,2017,coal_lignite,34277.301235632316,thousand_tonnes,EIA_INTL_v2:productId=14
BHR,2017,coal_lignite,0.0,thousand_tonnes,EIA_INTL_v2:productId=14
BHS,2017,coal_lignite,0.0,thousand_tonnes,EIA_INTL_v2:productId=14
BIH,2017,coal_lignite,2547.667970171663,thousand_tonnes,EIA_INTL_v2:productId=14
BLR,2017,coal_lignite,0.0,thousand_tonnes,EIA_INTL_v2:productId=14
BLZ,2017,coal_lignite,0.0,thousand_tonnes,EIA_INTL_v2:productId=14
BMU,2017,coal_lignite,0.0,thousand_tonnes,EIA_INTL_v2:productId=14
BOL,2017,coal_lignite,0.0,thousand_tonnes,EIA_INTL_v2:productId=14
BRA,2017,coal_lignite,1492.9982244488542,thousand_tonnes,EIA_INTL_v2:productId=14
BRB,2017,coal_lignite,0.0,thousand_tonnes,EIA_INTL_v2:productId=14
BRN,2017,coal_lignite,0.0,thousand_tonnes,EIA_INTL_v2:productId=14
BTN,2017,coal_lignite,0.0,thousand_tonnes,EIA_INTL_v2:productId=14
BWA,2017,coal_lignite,0.0,thousand_tonnes,EIA_INTL_v2:productId=14
CAF,2017,coal_lignite,0.0,thousand_tonnes,EIA_INTL_v2:productId=14
CAN,2017,coal_lignite,9889.988238311566,thousand_tonnes,EIA_INTL_v2:productId=14
CHE,2017,coal_lignite,0.0,thousand_tonnes,EIA_INTL_v2:productId=14
CHL,2017,coal_lignite,0.0,thousand_tonnes,EIA_INTL_v2:productId=14
CHN,2017,coal_lignite,194199.9738116303,thousand_tonnes,EIA_INTL_v2:productId=14
CIV,2017,coal_lignite,0.0,thousand_tonnes,EIA_INTL_v2:productId=14
CMR,2017,coal_lignite,0.0,thousand_tonnes,EIA_INTL_v2:productId=14
COD,2017,coal_lignite,0.0,thousand_tonnes,EIA_INTL_v2:productId=14
COG,2017,coal_lignite,0.0,thousand_tonnes,EIA_INTL_v2:productId=14
COK,2017,coal_lignite,0.0,thousand_tonnes,EIA_INTL_v2:productId=14
COL,2017,coal_lignite,0.0,thousand_tonnes,EIA_INTL_v2:productId=14
COM,2017,coal_lignite,0.0,thousand_tonnes,EIA_INTL_v2:productId=14
CPV,2017,coal_lignite,0.0,thousand_tonnes,EIA_INTL_v2:productId=14
CRI,2017,coal_lignite,0.0,thousand_tonnes,EIA_INTL_v2:productId=14
CUB,2017,coal_lignite,0.0,thousand_tonnes,EIA_INTL_v2:productId=14
CYM,2017,coal_lignite,0.0,thousand_tonnes,EIA_INTL_v2:productId=14
CYP,2017,coal_lignite,0.0,thousand_tonnes,EIA_INTL_v2:productId=14
CZE,2017,coal_lignite,39305.94025533138,thousand_tonnes,EIA_INTL_v2:productId=14
DEU,2017,coal_lignite,171285.79629802174,thousand_tonnes,EIA_INTL_v2:productId=14
DJI,2017,coal_lignite,0.0,thousand_tonnes,EIA_INTL_v2:productId=14
DMA,2017,coal_lignite,0.0,thousand_tonnes,EIA_INTL_v2:productId=14
DNK,2017,coal_lignite,0.0,thousand_tonnes,EIA_INTL_v2:productId=14
DOM,2017,coal_lignite,0.0,thousand_tonnes,EIA_INTL_v2:productId=14
DZA,2017,coal_lignite,0.0,thousand_tonnes,EIA_INTL_v2:productId=14
ECU,2017,coal_lignite,0.0,thousand_tonnes,EIA_INTL_v2:productId=14
EGY,2017,coal_lignite,0.0,thousand_tonnes,EIA_INTL_v2:productId=14
ERI,2017,coal_lignite,0.0,thousand_tonnes,EIA_INTL_v2:productId=14
ESH,2017,coal_lignite,0.0,thousand_tonnes,EIA_INTL_v2:productId=14
ESP,2017,coal_lignite,0.0,thousand_tonnes,EIA_INTL_v2:productId=14
EST,2017,coal_lignite,0.0,thousand_tonnes,EIA_INTL_v2:productId=14
ETH,2017,coal_lignite,0.0,thousand_tonnes,EIA_INTL_v2:productId=14
FIN,2017,coal_lignite,0.0,thousand_tonnes,EIA_INTL_v2:productId=14
FJI,2017,coal_lignite,0.0,thousand_tonnes,EIA_INTL_v2:productId=14
FLK,2017,coal_lignite,0.0,thousand_tonnes,EIA_INTL_v2:productId=14
FRA,2017,coal_lignite,0.0,thousand_tonnes,EIA_INTL_v2:productId=14
FRO,2017,coal_lignite,0.0,thousand_tonnes,EIA_INTL_v2:productId=14
FSM,2017,coal_lignite,0.0,thousand_tonnes,EIA_INTL_v2:productId=14
GAB,2017,coal_lignite,0.0,thousand_tonnes,EIA_INTL_v2:productId=14
GBR,2017,coal_lignite,0.0,thousand_tonnes,EIA_INTL_v2:productId=14
GEO,2017,coal_lignite,0.0,thousand_tonnes,EIA_INTL_v2:productId=14
GHA,2017,coal_lignite,0.0,thousand_tonnes,EIA_INTL_v2:productId=14
GIB,2017,coal_lignite,0.0,thousand_tonnes,EIA_INTL_v2:productId=14
GIN,2017,coal_lignite,0.0,thousand_tonnes,EIA_INTL_v2:productId=14
GMB,2017,coal_lignite,0.0,thousand_tonnes,EIA_INTL_v2:productId=14
GNB,2017,coal_lignite,0.0,thousand_tonnes,EIA_INTL_v2:productId=14
GNQ,2017,coal_lignite,0.0,thousand_tonnes,EIA_INTL_v2:productId=14
GRC,2017,coal_lignite,37731.303127971754,thousand_tonnes,EIA_INTL_v2:productId=14
GRD,2017,coal_lignite,0.0,thousand_tonnes,EIA_INTL_v2:productId=14
GRL,2017,coal_lignite,0.0,thousand_tonnes,EIA_INTL_v2:productId=14
GTM,2017,coal_lignite,0.0,thousand_tonnes,EIA_INTL_v2:productId=14
GUM,2017,coal_lignite,0.0,thousand_tonnes,EIA_INTL_v2:productId=14
GUY,2017,coal_lignite,0.0,thousand_tonnes,EIA_INTL_v2:productId=14
HKG,2017,coal_lignite,0.0,thousand_tonnes,EIA_INTL_v2:productId=14
HND,2017,coal_lignite,0.0,thousand_tonnes,EIA_INTL_v2:productId=14
HRV,2017,coal_lignite,0.0,thousand_tonnes,EIA_INTL_v2:productId=14
HTI,2017,coal_lignite,0.0,thousand_tonnes,EIA_INTL_v2:productId=14
HUN,2017,coal_lignite,7971.990519294216,thousand_tonnes,EIA_INTL_v2:productId=14
IDN,2017,coal_lignite,87329.75584659421,thousand_tonnes,EIA_INTL_v2:productId=14
IND,2017,coal_lignite,42314.72501256,thousand_tonnes,EIA_INTL_v2:productId=14
IRL,2017,coal_lignite,0.0,thousand_tonnes,EIA_INTL_v2:productId=14
IRN,2017,coal_lignite,0.0,thousand_tonnes,EIA_INTL_v2:productId=14
IRQ,2017,coal_lignite,0.0,thousand_tonnes,EIA_INTL_v2:productId=14
ISL,2017,coal_lignite,0.0,thousand_tonnes,EIA_INTL_v2:productId=14
ISR,2017,coal_lignite,0.0,thousand_tonnes,EIA_INTL_v2:productId=14
ITA,2017,coal_lignite,0.0,thousand_tonnes,EIA_INTL_v2:productId=14
JAM,2017,coal_lignite,0.0,thousand_tonnes,EIA_INTL_v2:productId=14
JOR,2017,coal_lignite,0.0,thousand_tonnes,EIA_INTL_v2:productId=14
JPN,2017,coal_lignite,0.0,thousand_tonnes,EIA_INTL_v2:productId=14
KAZ,2017,coal_lignite,6094.992751517593,thousand_tonnes,EIA_INTL_v2:productId=14
KEN,2017,coal_lignite,0.0,thousand_tonnes,EIA_INTL_v2:productId=14
KGZ,2017,coal_lignite,1623.9980686570257,thousand_tonnes,EIA_INTL_v2:productId=14
KHM,2017,coal_lignite,0.0,thousand_tonnes,EIA_INTL_v2:productId=14
KIR,2017,coal_lignite,0.0,thousand_tonnes,EIA_INTL_v2:productId=14
KNA,2017,coal_lignite,0.0,thousand_tonnes,EIA_INTL_v2:productId=14
KOR,2017,coal_lignite,0.0,thousand_tonnes,EIA_INTL_v2:productId=14
KWT,2017,coal_lignite,0.0,thousand_tonnes,EIA_INTL_v2:productId=14
LAO,2017,coal_lignite,13439.484017066561,thousand_tonnes,EIA_INTL_v2:productId=14
LBN,2017,coal_lignite,0.0,thousand_tonnes,EIA_INTL_v2:productId=14
LBR,2017,coal_lignite,0.0,thousand_tonnes,EIA_INTL_v2:productId=14
LBY,2017,coal_lignite,0.0,thousand_tonnes,EIA_INTL_v2:productId=14
LCA,2017,coal_lignite,0.0,thousand_tonnes,EIA_INTL_v2:productId=14
LKA,2017,coal_lignite,0.0,thousand_tonnes,EIA_INTL_v2:productId=14
LSO,2017,coal_lignite,0.0,thousand_tonnes,EIA_INTL_v2:productId=14
LTU,2017,coal_lignite,0.0,thousand_tonnes,EIA_INTL_v2:productId=14
LUX,2017,coal_lignite,0.0,thousand_tonnes,EIA_INTL_v2:productId=14
LVA,2017,coal_lignite,0.0,thousand_tonnes,EIA_INTL_v2:productId=14
MAC,2017,coal_lignite,0.0,thousand_tonnes,EIA_INTL_v2:productId=14
MAR,2017,coal_lignite,0.0,thousand_tonnes,EIA_INTL_v2:productId=14
MDA,2017,coal_lignite,0.0,thousand_tonnes,EIA_INTL_v2:productId=14
MDG,2017,coal_lignite,0.0,thousand_tonnes,EIA_INTL_v2:productId=14
MDV,2017,coal_lignite,0.0,thousand_tonnes,EIA_INTL_v2:productId=14
MEX,2017,coal_lignite,419.999500514748,thousand_tonnes,EIA_INTL_v2:productId=14
MKD,2017,coal_lignite,5093.7149422892435,thousand_tonnes,EIA_INTL_v2:productId=14
MLI,2017,coal_lignite,0.0,thousand_tonnes,EIA_INTL_v2:productId=14
MLT,2017,coal_lignite,0.0,thousand_tonnes,EIA_INTL_v2:productId=14
MMR,2017,coal_lignite,274.20067390629623,thousand_tonnes,EIA_INTL_v2:productId=14
MNE,2017,coal_lignite,1474.7982479075847,thousand_tonnes,EIA_INTL_v2:productId=14
MNG,2017,coal_lignite,6962.008828416995,thousand_tonnes,EIA_INTL_v2:productId=14
MNP,2017,coal_lignite,0.0,thousand_tonnes,EIA_INTL_v2:productId=14
MOZ,2017,coal_lignite,0.0,thousand_tonnes,EIA_INTL_v2:productId=14
MRT,2017,coal_lignite,0.0,thousand_tonnes,EIA_INTL_v2:productId=14
MSR,2017,coal_lignite,0.0,thousand_tonnes,EIA_INTL_v2:productId=14
MUS,2017,coal_lignite,0.0,thousand_tonnes,EIA_INTL_v2:productId=14
MWI,2017,coal_lignite,0.0,thousand_tonnes,EIA_INTL_v2:productId=14
MYS,2017,coal_lignite,0.0,thousand_tonnes,EIA_INTL_v2:productId=14
NAM,2017,coal_lignite,0.0,thousand_tonnes,EIA_INTL_v2:productId=14
NCL,2017,coal_lignite,0.0,thousand_tonnes,EIA_INTL_v2:productId=14
NER,2017,coal_lignite,0.0,thousand_tonnes,EIA_INTL_v2:productId=14
NGA,2017,coal_lignite,0.0,thousand_tonnes,EIA_INTL_v2:productId=14
NIC,2017,coal_lignite,0.0,thousand_tonnes,EIA_INTL_v2:productId=14
NIU,2017,coal_lignite,0.0,thousand_tonnes,EIA_INTL_v2:productId=14
NLD,2017,coal_lignite,0.0,thousand_tonnes,EIA_INTL_v2:productId=14
NOR,2017,coal_lignite,0.0,thousand_tonnes,EIA_INTL_v2:productId=14
NPL,2017,coal_lignite,0.0,thousand_tonnes,EIA_INTL_v2:productId=14
NRU,2017,coal_lignite,0.0,thousand_tonnes,EIA_INTL_v2:productId=14
NZL,2017,coal_lignite,319.48662004989353,thousand_tonnes,EIA_INTL_v2:productId=14
OMN,2017,coal_lignite,0.0,thousand_tonnes,EIA_INTL_v2:productId=14
PAK,2017,coal_lignite,1310.9984408924633,thousand_tonnes,EIA_INTL_v2:productId=14
PAN,2017,coal_lignite,0.0,thousand_tonnes,EIA_INTL_v2:productId=14
PER,2017,coal_lignite,0.0,thousand_tonnes,EIA_INTL_v2:productId=14
PHL,2017,coal_lignite,0.0,thousand_tonnes,EIA_INTL_v2:productId=14
PNG,2017,coal_lignite,0.0,thousand_tonnes,EIA_INTL_v2:productId=14
POL,2017,coal_lignite,59439.75419729079,thousand_tonnes,EIA_INTL_v2:productId=14
PRI,2017,coal_lignite,0.0,thousand_tonnes,EIA_INTL_v2:productId=14
PRK,2017,coal_lignite,0.0,thousand_tonnes,EIA_INTL_v2:productId=14
PRT,2017,coal_lignite,0.0,thousand_tonnes,EIA_INTL_v2:productId=14
PRY,2017,coal_lignite,0.0,thousand_tonnes,EIA_INTL_v2:productId=14
PSE,2017,coal_lignite,0.0,thousand_tonnes,EIA_INTL_v2:productId=14
PYF,2017,coal_lignite,0.0,thousand_tonnes,EIA_INTL_v2:productId=14
QAT,2017,coal_lignite,0.0,thousand_tonnes,EIA_INTL_v2:productId=14
ROU,2017,coal_lignite,25752.17337305103,thousand_tonnes,EIA_INTL_v2:productId=14
RUS,2017,coal_lignite,74885.91094177957,thousand_tonnes,EIA_INTL_v2:productId=14
RWA,2017,coal_lignite,0.0,thousand_tonnes,EIA_INTL_v2:productId=14
SAU,2017,coal_lignite,0.0,thousand_tonnes,EIA_INTL_v2:productId=14
SDN,2017,coal_lignite,0.0,thousand_tonnes,EIA_INTL_v2:productId=14
SEN,2017,coal_lignite,0.0,thousand_tonnes,EIA_INTL_v2:productId=14
SGP,2017,coal_lignite,0.0,thousand_tonnes,EIA_INTL_v2:productId=14
SHN,2017,coal_lignite,0.0,thousand_tonnes,EIA_INTL_v2:productId=14
SLB,2017,coal_lignite,0.0,thousand_tonnes,EIA_INTL_v2:productId=14
SLE,2017,coal_lignite,0.0,thousand_tonnes,EIA_INTL_v2:productId=14
SLV,2017,coal_lignite,0.0,thousand_tonnes,EIA_INTL_v2:productId=14
SOM,2017,coal_lignite,0.0,thousand_tonnes,EIA_INTL_v2:productId=14
SPM,2017,coal_lignite,0.0,thousand_tonnes,EIA_INTL_v2:productId=14
SRB,2017,coal_lignite,39805.911665012216,thousand_tonnes,EIA_INTL_v2:productId=14
SSD,2017,coal_lignite,0.0,thousand_tonnes,EIA_INTL_v2:productId=14
STP,2017,coal_lignite,0.0,thousand_tonnes,EIA_INTL_v2:productId=14
SUR,2017,coal_lignite,0.0,thousand_tonnes,EIA_INTL_v2:productId=14
SVK,2017,coal_lignite,1833.9978189143994,thousand_tonnes,EIA_INTL_v2:productId=14
SVN,2017,coal_lignite,3355.9960088749863,thousand_tonnes,EIA_INTL_v2:productId=14
SWE,2017,coal_lignite,0.0,thousand_tonnes,EIA_INTL_v2:productId=14
SWZ,2017,coal_lignite,0.0,thousand_tonnes,EIA_INTL_v2:productId=14
SYC,2017,coal_lignite,0.0,thousand_tonnes,EIA_INTL_v2:productId=14
SYR,2017,coal_lignite,0.0,thousand_tonnes,EIA_INTL_v2:productId=14
TCA,2017,coal_lignite,0.0,thousand_tonnes,EIA_INTL_v2:productId=14
TCD,2017,coal_lignite,0.0,thousand_tonnes,EIA_INTL_v2:productId=14
TGO,2017,coal_lignite,0.0,thousand_tonnes,EIA_INTL_v2:productId=14
THA,2017,coal_lignite,16258.617663072631,thousand_tonnes,EIA_INTL_v2:productId=14
TJK,2017,coal_lignite,52.9999369697182,thousand_tonnes,EIA_INTL_v2:productId=14
TKM,2017,coal_lignite,0.0,thousand_tonnes,EIA_INTL_v2:productId=14
TLS,2017,coal_lignite,0.0,thousand_tonnes,EIA_INTL_v2:productId=14
TON,2017,coal_lignite,0.0,thousand_tonnes,EIA_INTL_v2:productId=14
TTO,2017,coal_lignite,0.0,thousand_tonnes,EIA_INTL_v2:productId=14
TUN,2017,coal_lignite,0.0,thousand_tonnes,EIA_INTL_v2:productId=14
TUR,2017,coal_lignite,71459.086017138,thousand_tonnes,EIA_INTL_v2:productId=14
TUV,2017,coal_lignite,0.0,thousand_tonnes,EIA_INTL_v2:productId=14
TWN,2017,coal_lignite,0.0,thousand_tonnes,EIA_INTL_v2:productId=14
TZA,2017,coal_lignite,0.0,thousand_tonnes,EIA_INTL_v2:productId=14
UGA,2017,coal_lignite,0.0,thousand_tonnes,EIA_INTL_v2:productId=14
UKR,2017,coal_lignite,0.0,thousand_tonnes,EIA_INTL_v2:productId=14
URY,2017,coal_lignite,0.0,thousand_tonnes,EIA_INTL_v2:productId=14
USA,2017,coal_lignite,61393.5095551624,thousand_tonnes,EIA_INTL_v2:productId=14
UZB,2017,coal_lignite,3914.995344083901,thousand_tonnes,EIA_INTL_v2:productId=14
VCT,2017,coal_lignite,0.0,thousand_tonnes,EIA_INTL_v2:productId=14
VEN,2017,coal_lignite,0.0,thousand_tonnes,EIA_INTL_v2:productId=14
VGB,2017,coal_lignite,0.0,thousand_tonnes,EIA_INTL_v2:productId=14
VIR,2017,coal_lignite,0.0,thousand_tonnes,EIA_INTL_v2:productId=14
VNM,2017,coal_lignite,0.0,thousand_tonnes,EIA_INTL_v2:productId=14
VUT,2017,coal_lignite,0.0,thousand_tonnes,EIA_INTL_v2:productId=14
WAK,2017,coal_lignite,0.0,thousand_tonnes,EIA_INTL_v2:productId=14
WSM,2017,coal_lignite,0.0,thousand_tonnes,EIA_INTL_v2:productId=14
XKS,2017,coal_lignite,7574.687991723545,thousand_tonnes,EIA_INTL_v2:productId=14
YEM,2017,coal_lignite,0.0,thousand_tonnes,EIA_INTL_v2:productId=14
ZAF,2017,coal_lignite,0.0,thousand_tonnes,EIA_INTL_v2:productId=14
ZMB,2017,coal_lignite,0.0,thousand_tonnes,EIA_INTL_v2:productId=14
ZWE,2017,coal_lignite,0.0,thousand_tonnes,EIA_INTL_v2:productId=14
ABW,2018,coal_lignite,0.0,thousand_tonnes,EIA_INTL_v2:productId=14
AFG,2018,coal_lignite,0.0,thousand_tonnes,EIA_INTL_v2:productId=14
AGO,2018,coal_lignite,0.0,thousand_tonnes,EIA_INTL_v2:productId=14
ALB,2018,coal_lignite,97.9998834534412,thousand_tonnes,EIA_INTL_v2:productId=14
ARE,2018,coal_lignite,0.0,thousand_tonnes,EIA_INTL_v2:productId=14
ARG,2018,coal_lignite,0.0,thousand_tonnes,EIA_INTL_v2:productId=14
ARM,2018,coal_lignite,0.0,thousand_tonnes,EIA_INTL_v2:productId=14
ASM,2018,coal_lignite,0.0,thousand_tonnes,EIA_INTL_v2:productId=14
ATA,2018,coal_lignite,0.0,thousand_tonnes,EIA_INTL_v2:productId=14
ATG,2018,coal_lignite,0.0,thousand_tonnes,EIA_INTL_v2:productId=14
AUS,2018,coal_lignite,45955.945346799424,thousand_tonnes,EIA_INTL_v2:productId=14
AUT,2018,coal_lignite,0.0,thousand_tonnes,EIA_INTL_v2:productId=14
AZE,2018,coal_lignite,0.0,thousand_tonnes,EIA_INTL_v2:productId=14
BDI,2018,coal_lignite,0.0,thousand_tonnes,EIA_INTL_v2:productId=14
BEL,2018,coal_lignite,0.0,thousand_tonnes,EIA_INTL_v2:productId=14
BEN,2018,coal_lignite,0.0,thousand_tonnes,EIA_INTL_v2:productId=14
BFA,2018,coal_lignite,0.0,thousand_tonnes,EIA_INTL_v2:productId=14
BGD,2018,coal_lignite,0.0,thousand_tonnes,EIA_INTL_v2:productId=14
BGR,2018,coal_lignite,30262.944009732877,thousand_tonnes,EIA_INTL_v2:productId=14
BHR,2018,coal_lignite,0.0,thousand_tonnes,EIA_INTL_v2:productId=14
BHS,2018,coal_lignite,0.0,thousand_tonnes,EIA_INTL_v2:productId=14
BIH,2018,coal_lignite,2307.4772558280256,thousand_tonnes,EIA_INTL_v2:productId=14
BLR,2018,coal_lignite,0.0,thousand_tonnes,EIA_INTL_v2:productId=14
BLZ,2018,coal_lignite,0.0,thousand_tonnes,EIA_INTL_v2:productId=14
BMU,2018,coal_lignite,0.0,thousand_tonnes,EIA_INTL_v2:productId=14
BOL,2018,coal_lignite,0.0,thousand_tonnes,EIA_INTL_v2:productId=14
BRA,2018,coal_lignite,1447.7752782303342,thousand_tonnes,EIA_INTL_v2:productId=14
BRB,2018,coal_lignite,0.0,thousand_tonnes,EIA_INTL_v2:productId=14
BRN,2018,coal_lignite,0.0,thousand_tonnes,EIA_INTL_v2:productId=14
BTN,2018,coal_lignite,0.0,thousand_tonnes,EIA_INTL_v2:productId=14
BWA,2018,coal_lignite,0.0,thousand_tonnes,EIA_INTL_v2:productId=14
CAF,2018,coal_lignite,0.0,thousand_tonnes,EIA_INTL_v2:productId=14
CAN,2018,coal_lignite,9899.98822641906,thousand_tonnes,EIA_INTL_v2:productId=14
CHE,2018,coal_lignite,0.0,thousand_tonnes,EIA_INTL_v2:productId=14
CHL,2018,coal_lignite,0.0,thousand_tonnes,EIA_INTL_v2:productId=14
CHN,2018,coal_lignite,203799.51718241937,thousand_tonnes,EIA_INTL_v2:productId=14
CIV,2018,coal_lignite,0.0,thousand_tonnes,EIA_INTL_v2:productId=14
CMR,2018,coal_lignite,0.0,thousand_tonnes,EIA_INTL_v2:productId=14
COD,2018,coal_lignite,0.0,thousand_tonnes,EIA_INTL_v2:productId=14
COG,2018,coal_lignite,0.0,thousand_tonnes,EIA_INTL_v2:productId=14
COK,2018,coal_lignite,0.0,thousand_tonnes,EIA_INTL_v2:productId=14
COL,2018,coal_lignite,0.0,thousand_tonnes,EIA_INTL_v2:productId=14
COM,2018,coal_lignite,0.0,thousand_tonnes,EIA_INTL_v2:productId=14
CPV,2018,coal_lignite,0.0,thousand_tonnes,EIA_INTL_v2:productId=14
CRI,2018,coal_lignite,0.0,thousand_tonnes,EIA_INTL_v2:productId=14
CUB,2018,coal_lignite,0.0,thousand_tonnes,EIA_INTL_v2:productId=14
CYM,2018,coal_lignite,0.0,thousand_tonnes,EIA_INTL_v2:productId=14
CYP,2018,coal_lignite,0.0,thousand_tonnes,EIA_INTL_v2:productId=14
CZE,2018,coal_lignite,39190.553392555434,thousand_tonnes,EIA_INTL_v2:productId=14
DEU,2018,coal_lignite,166257.80227757373,thousand_tonnes,EIA_INTL_v2:productId=14
DJI,2018,coal_lignite,0.0,thousand_tonnes,EIA_INTL_v2:productId=14
DMA,2018,coal_lignite,0.0,thousand_tonnes,EIA_INTL_v2:productId=14
DNK,2018,coal_lignite,0.0,thousand_tonnes,EIA_INTL_v2:productId=14
DOM,2018,coal_lignite,0.0,thousand_tonnes,EIA_INTL_v2:productId=14
DZA,2018,coal_lignite,0.0,thousand_tonnes,EIA_INTL_v2:productId=14
ECU,2018,coal_lignite,0.0,thousand_tonnes,EIA_INTL_v2:productId=14
EGY,2018,coal_lignite,0.0,thousand_tonnes,EIA_INTL_v2:productId=14
ERI,2018,coal_lignite,0.0,thousand_tonnes,EIA_INTL_v2:productId=14
ESH,2018,coal_lignite,0.0,thousand_tonnes,EIA_INTL_v2:productId=14
ESP,2018,coal_lignite,0.0,thousand_tonnes,EIA_INTL_v2:productId=14
EST,2018,coal_lignite,0.0,thousand_tonnes,EIA_INTL_v2:productId=14
ETH,2018,coal_lignite,0.0,thousand_tonnes,EIA_INTL_v2:productId=14
FIN,2018,coal_lignite,0.0,thousand_tonnes,EIA_INTL_v2:productId=14
FJI,2018,coal_lignite,0.0,thousand_tonnes,EIA_INTL_v2:productId=14
FLK,2018,coal_lignite,0.0,thousand_tonnes,EIA_INTL_v2:productId=14
FRA,2018,coal_lignite,0.0,thousand_tonnes,EIA_INTL_v2:productId=14
FRO,2018,coal_lignite,0.0,thousand_tonnes,EIA_INTL_v2:productId=14
FSM,2018,coal_lignite,0.0,thousand_tonnes,EIA_INTL_v2:productId=14
GAB,2018,coal_lignite,0.0,thousand_tonnes,EIA_INTL_v2:productId=14
GBR,2018,coal_lignite,0.0,thousand_tonnes,EIA_INTL_v2:productId=14
GEO,2018,coal_lignite,0.0,thousand_tonnes,EIA_INTL_v2:productId=14
GHA,2018,coal_lignite,0.0,thousand_tonnes,EIA_INTL_v2:productId=14
GIB,2018,coal_lignite,0.0,thousand_tonnes,EIA_INTL_v2:productId=14
GIN,2018,coal_lignite,0.0,thousand_tonnes,EIA_INTL_v2:productId=14
GMB,2018,coal_lignite,0.0,thousand_tonnes,EIA_INTL_v2:productId=14
GNB,2018,coal_lignite,0.0,thousand_tonnes,EIA_INTL_v2:productId=14
GNQ,2018,coal_lignite,0.0,thousand_tonnes,EIA_INTL_v2:productId=14
GRC,2018,coal_lignite,36488.75660567271,thousand_tonnes,EIA_INTL_v2:productId=14
GRD,2018,coal_lignite,0.0,thousand_tonnes,EIA_INTL_v2:productId=14
GRL,2018,coal_lignite,0.0,thousand_tonnes,EIA_INTL_v2:productId=14
GTM,2018,coal_lignite,0.0,thousand_tonnes,EIA_INTL_v2:productId=14
GUM,2018,coal_lignite,0.0,thousand_tonnes,EIA_INTL_v2:productId=14
GUY,2018,coal_lignite,0.0,thousand_tonnes,EIA_INTL_v2:productId=14
HKG,2018,coal_lignite,0.0,thousand_tonnes,EIA_INTL_v2:productId=14
HND,2018,coal_lignite,0.0,thousand_tonnes,EIA_INTL_v2:productId=14
HRV,2018,coal_lignite,0.0,thousand_tonnes,EIA_INTL_v2:productId=14
HTI,2018,coal_lignite,0.0,thousand_tonnes,EIA_INTL_v2:productId=14
HUN,2018,coal_lignite,7897.9906072987615,thousand_tonnes,EIA_INTL_v2:productId=14
IDN,2018,coal_lignite,120582.04627052716,thousand_tonnes,EIA_INTL_v2:productId=14
IND,2018,coal_lignite,40172.86184142,thousand_tonnes,EIA_INTL_v2:productId=14
IRL,2018,coal_lignite,0.0,thousand_tonnes,EIA_INTL_v2:productId=14
IRN,2018,coal_lignite,0.0,thousand_tonnes,EIA_INTL_v2:productId=14
IRQ,2018,coal_lignite,0.0,thousand_tonnes,EIA_INTL_v2:productId=14
ISL,2018,coal_lignite,0.0,thousand_tonnes,EIA_INTL_v2:productId=14
ISR,2018,coal_lignite,0.0,thousand_tonnes,EIA_INTL_v2:productId=14
ITA,2018,coal_lignite,0.0,thousand_tonnes,EIA_INTL_v2:productId=14
JAM,2018,coal_lignite,0.0,thousand_tonnes,EIA_INTL_v2:productId=14
JOR,2018,coal_lignite,0.0,thousand_tonnes,EIA_INTL_v2:productId=14
JPN,2018,coal_lignite,0.0,thousand_tonnes,EIA_INTL_v2:productId=14
KAZ,2018,coal_lignite,6560.692197683588,thousand_tonnes,EIA_INTL_v2:productId=14
KEN,2018,coal_lignite,0.0,thousand_tonnes,EIA_INTL_v2:productId=14
KGZ,2018,coal_lignite,2070.839537249909,thousand_tonnes,EIA_INTL_v2:productId=14
KHM,2018,coal_lignite,0.0,thousand_tonnes,EIA_INTL_v2:productId=14
KIR,2018,coal_lignite,0.0,thousand_tonnes,EIA_INTL_v2:productId=14
KNA,2018,coal_lignite,0.0,thousand_tonnes,EIA_INTL_v2:productId=14
KOR,2018,coal_lignite,0.0,thousand_tonnes,EIA_INTL_v2:productId=14
KWT,2018,coal_lignite,0.0,thousand_tonnes,EIA_INTL_v2:productId=14
LAO,2018,coal_lignite,15903.181087109859,thousand_tonnes,EIA_INTL_v2:productId=14
LBN,2018,coal_lignite,0.0,thousand_tonnes,EIA_INTL_v2:productId=14
LBR,2018,coal_lignite,0.0,thousand_tonnes,EIA_INTL_v2:productId=14
LBY,2018,coal_lignite,0.0,thousand_tonnes,EIA_INTL_v2:productId=14
LCA,2018,coal_lignite,0.0,thousand_tonnes,EIA_INTL_v2:productId=14
LKA,2018,coal_lignite,0.0,thousand_tonnes,EIA_INTL_v2:productId=14
LSO,2018,coal_lignite,0.0,thousand_tonnes,EIA_INTL_v2:productId=14
LTU,2018,coal_lignite,0.0,thousand_tonnes,EIA_INTL_v2:productId=14
LUX,2018,coal_lignite,0.0,thousand_tonnes,EIA_INTL_v2:productId=14
LVA,2018,coal_lignite,0.0,thousand_tonnes,EIA_INTL_v2:productId=14
MAC,2018,coal_lignite,0.0,thousand_tonnes,EIA_INTL_v2:productId=14
MAR,2018,coal_lignite,0.0,thousand_tonnes,EIA_INTL_v2:productId=14
MDA,2018,coal_lignite,0.0,thousand_tonnes,EIA_INTL_v2:productId=14
MDG,2018,coal_lignite,0.0,thousand_tonnes,EIA_INTL_v2:productId=14
MDV,2018,coal_lignite,0.0,thousand_tonnes,EIA_INTL_v2:productId=14
MEX,2018,coal_lignite,407.9995147857552,thousand_tonnes,EIA_INTL_v2:productId=14
MKD,2018,coal_lignite,4994.837059879965,thousand_tonnes,EIA_INTL_v2:productId=14
MLI,2018,coal_lignite,0.0,thousand_tonnes,EIA_INTL_v2:productId=14
MLT,2018,coal_lignite,0.0,thousand_tonnes,EIA_INTL_v2:productId=14
MMR,2018,coal_lignite,485.72342235244156,thousand_tonnes,EIA_INTL_v2:productId=14
MNE,2018,coal_lignite,1595.8981020749673,thousand_tonnes,EIA_INTL_v2:productId=14
MNG,2018,coal_lignite,7525.2864676181325,thousand_tonnes,EIA_INTL_v2:productId=14
MNP,2018,coal_lignite,0.0,thousand_tonnes,EIA_INTL_v2:productId=14
MOZ,2018,coal_lignite,0.0,thousand_tonnes,EIA_INTL_v2:productId=14
MRT,2018,coal_lignite,0.0,thousand_tonnes,EIA_INTL_v2:productId=14
MSR,2018,coal_lignite,0.0,thousand_tonnes,EIA_INTL_v2:productId=14
MUS,2018,coal_lignite,0.0,thousand_tonnes,EIA_INTL_v2:productId=14
MWI,2018,coal_lignite,0.0,thousand_tonnes,EIA_INTL_v2:productId=14
MYS,2018,coal_lignite,0.0,thousand_tonnes,EIA_INTL_v2:productId=14
NAM,2018,coal_lignite,0.0,thousand_tonnes,EIA_INTL_v2:productId=14
NCL,2018,coal_lignite,0.0,thousand_tonnes,EIA_INTL_v2:productId=14
NER,2018,coal_lignite,0.0,thousand_tonnes,EIA_INTL_v2:productId=14
NGA,2018,coal_lignite,0.0,thousand_tonnes,EIA_INTL_v2:productId=14
NIC,2018,coal_lignite,0.0,thousand_tonnes,EIA_INTL_v2:productId=14
NIU,2018,coal_lignite,0.0,thousand_tonnes,EIA_INTL_v2:productId=14
NLD,2018,coal_lignite,0.0,thousand_tonnes,EIA_INTL_v2:productId=14
NOR,2018,coal_lignite,0.0,thousand_tonnes,EIA_INTL_v2:productId=14
NPL,2018,coal_lignite,0.0,thousand_tonnes,EIA_INTL_v2:productId=14
NRU,2018,coal_lignite,0.0,thousand_tonnes,EIA_INTL_v2:productId=14
NZL,2018,coal_lignite,307.37763445052906,thousand_tonnes,EIA_INTL_v2:productId=14
OMN,2018,coal_lignite,0.0,thousand_tonnes,EIA_INTL_v2:productId=14
PAK,2018,coal_lignite,1491.2262265562063,thousand_tonnes,EIA_INTL_v2:productId=14
PAN,2018,coal_lignite,0.0,thousand_tonnes,EIA_INTL_v2:productId=14
PER,2018,coal_lignite,0.0,thousand_tonnes,EIA_INTL_v2:productId=14
PHL,2018,coal_lignite,0.0,thousand_tonnes,EIA_INTL_v2:productId=14
PNG,2018,coal_lignite,0.0,thousand_tonnes,EIA_INTL_v2:productId=14
POL,2018,coal_lignite,58570.93034440311,thousand_tonnes,EIA_INTL_v2:productId=14
PRI,2018,coal_lignite,0.0,thousand_tonnes,EIA_INTL_v2:productId=14
PRK,2018,coal_lignite,0.0,thousand_tonnes,EIA_INTL_v2:productId=14
PRT,2018,coal_lignite,0.0,thousand_tonnes,EIA_INTL_v2:productId=14
PRY,2018,coal_lignite,0.0,thousand_tonnes,EIA_INTL_v2:productId=14
PSE,2018,coal_lignite,0.0,thousand_tonnes,EIA_INTL_v2:productId=14
PYF,2018,coal_lignite,0.0,thousand_tonnes,EIA_INTL_v2:productId=14
QAT,2018,coal_lignite,0.0,thousand_tonnes,EIA_INTL_v2:productId=14
ROU,2018,coal_lignite,23647.071877672133,thousand_tonnes,EIA_INTL_v2:productId=14
RUS,2018,coal_lignite,80478.17629116673,thousand_tonnes,EIA_INTL_v2:productId=14
RWA,2018,coal_lignite,0.0,thousand_tonnes,EIA_INTL_v2:productId=14
SAU,2018,coal_lignite,0.0,thousand_tonnes,EIA_INTL_v2:productId=14
SDN,2018,coal_lignite,0.0,thousand_tonnes,EIA_INTL_v2:productId=14
SEN,2018,coal_lignite,0.0,thousand_tonnes,EIA_INTL_v2:productId=14
SGP,2018,coal_lignite,0.0,thousand_tonnes,EIA_INTL_v2:productId=14
SHN,2018,coal_lignite,0.0,thousand_tonnes,EIA_INTL_v2:productId=14
SLB,2018,coal_lignite,0.0,thousand_tonnes,EIA_INTL_v2:productId=14
SLE,2018,coal_lignite,0.0,thousand_tonnes,EIA_INTL_v2:productId=14
SLV,2018,coal_lignite,0.0,thousand_tonnes,EIA_INTL_v2:productId=14
SOM,2018,coal_lignite,0.0,thousand_tonnes,EIA_INTL_v2:productId=14
SPM,2018,coal_lignite,0.0,thousand_tonnes,EIA_INTL_v2:productId=14
SRB,2018,coal_lignite,37648.9122259553,thousand_tonnes,EIA_INTL_v2:productId=14
SSD,2018,coal_lignite,0.0,thousand_tonnes,EIA_INTL_v2:productId=14
STP,2018,coal_lignite,0.0,thousand_tonnes,EIA_INTL_v2:productId=14
SUR,2018,coal_lignite,0.0,thousand_tonnes,EIA_INTL_v2:productId=14
SVK,2018,coal_lignite,1501.9982137455988,thousand_tonnes,EIA_INTL_v2:productId=14
SVN,2018,coal_lignite,3216.9961741808197,thousand_tonnes,EIA_INTL_v2:productId=14
SWE,2018,coal_lignite,0.0,thousand_tonnes,EIA_INTL_v2:productId=14
SWZ,2018,coal_lignite,0.0,thousand_tonnes,EIA_INTL_v2:productId=14
SYC,2018,coal_lignite,0.0,thousand_tonnes,EIA_INTL_v2:productId=14
SYR,2018,coal_lignite,0.0,thousand_tonnes,EIA_INTL_v2:productId=14
TCA,2018,coal_lignite,0.0,thousand_tonnes,EIA_INTL_v2:productId=14
TCD,2018,coal_lignite,0.0,thousand_tonnes,EIA_INTL_v2:productId=14
TGO,2018,coal_lignite,0.0,thousand_tonnes,EIA_INTL_v2:productId=14
THA,2018,coal_lignite,14851.982337250089,thousand_tonnes,EIA_INTL_v2:productId=14
TJK,2018,coal_lignite,65.09992257978594,thousand_tonnes,EIA_INTL_v2:productId=14
TKM,2018,coal_lignite,0.0,thousand_tonnes,EIA_INTL_v2:productId=14
TLS,2018,coal_lignite,0.0,thousand_tonnes,EIA_INTL_v2:productId=14
TON,2018,coal_lignite,0.0,thousand_tonnes,EIA_INTL_v2:productId=14
TTO,2018,coal_lignite,0.0,thousand_tonnes,EIA_INTL_v2:productId=14
TUN,2018,coal_lignite,0.0,thousand_tonnes,EIA_INTL_v2:productId=14
TUR,2018,coal_lignite,81083.90357080435,thousand_tonnes,EIA_INTL_v2:productId=14
TUV,2018,coal_lignite,0.0,thousand_tonnes,EIA_INTL_v2:productId=14
TWN,2018,coal_lignite,0.0,thousand_tonnes,EIA_INTL_v2:productId=14
TZA,2018,coal_lignite,0.0,thousand_tonnes,EIA_INTL_v2:productId=14
UGA,2018,coal_lignite,0.0,thousand_tonnes,EIA_INTL_v2:productId=14
UKR,2018,coal_lignite,0.0,thousand_tonnes,EIA_INTL_v2:productId=14
URY,2018,coal_lignite,0.0,thousand_tonnes,EIA_INTL_v2:productId=14
USA,2018,coal_lignite,51743.59678135648,thousand_tonnes,EIA_INTL_v2:productId=14
UZB,2018,coal_lignite,4024.6032137325215,thousand_tonnes,EIA_INTL_v2:productId=14
VCT,2018,coal_lignite,0.0,thousand_tonnes,EIA_INTL_v2:productId=14
VEN,2018,coal_lignite,0.0,thousand_tonnes,EIA_INTL_v2:productId=14
VGB,2018,coal_lignite,0.0,thousand_tonnes,EIA_INTL_v2:productId=14
VIR,2018,coal_lignite,0.0,thousand_tonnes,EIA_INTL_v2:productId=14
VNM,2018,coal_lignite,0.0,thousand_tonnes,EIA_INTL_v2:productId=14
VUT,2018,coal_lignite,0.0,thousand_tonnes,EIA_INTL_v2:productId=14
WAK,2018,coal_lignite,0.0,thousand_tonnes,EIA_INTL_v2:productId=14
WSM,2018,coal_lignite,0.0,thousand_tonnes,EIA_INTL_v2:productId=14
XKS,2018,coal_lignite,7660.757889428249,thousand_tonnes,EIA_INTL_v2:productId=14
YEM,2018,coal_lignite,0.0,thousand_tonnes,EIA_INTL_v2:productId=14
ZAF,2018,coal_lignite,0.0,thousand_tonnes,EIA_INTL_v2:productId=14
ZMB,2018,coal_lignite,0.0,thousand_tonnes,EIA_INTL_v2:productId=14
ZWE,2018,coal_lignite,0.0,thousand_tonnes,EIA_INTL_v2:productId=14
ABW,2019,coal_lignite,0.0,thousand_tonnes,EIA_INTL_v2:productId=14
AFG,2019,coal_lignite,0.0,thousand_tonnes,EIA_INTL_v2:productId=14
AGO,2019,coal_lignite,0.0,thousand_tonnes,EIA_INTL_v2:productId=14
ALB,2019,coal_lignite,121.7184371332314,thousand_tonnes,EIA_INTL_v2:productId=14
ARE,2019,coal_lignite,0.0,thousand_tonnes,EIA_INTL_v2:productId=14
ARG,2019,coal_lignite,0.0,thousand_tonnes,EIA_INTL_v2:productId=14
ARM,2019,coal_lignite,0.0,thousand_tonnes,EIA_INTL_v2:productId=14
ASM,2019,coal_lignite,0.0,thousand_tonnes,EIA_INTL_v2:productId=14
ATA,2019,coal_lignite,0.0,thousand_tonnes,EIA_INTL_v2:productId=14
ATG,2019,coal_lignite,0.0,thousand_tonnes,EIA_INTL_v2:productId=14
AUS,2019,coal_lignite,43314.94848761026,thousand_tonnes,EIA_INTL_v2:productId=14
AUT,2019,coal_lignite,0.0,thousand_tonnes,EIA_INTL_v2:productId=14
AZE,2019,coal_lignite,0.0,thousand_tonnes,EIA_INTL_v2:productId=14
BDI,2019,coal_lignite,0.0,thousand_tonnes,EIA_INTL_v2:productId=14
BEL,2019,coal_lignite,0.0,thousand_tonnes,EIA_INTL_v2:productId=14
BEN,2019,coal_lignite,0.0,thousand_tonnes,EIA_INTL_v2:productId=14
BFA,2019,coal_lignite,0.0,thousand_tonnes,EIA_INTL_v2:productId=14
BGD,2019,coal_lignite,0.0,thousand_tonnes,EIA_INTL_v2:productId=14
BGR,2019,coal_lignite,28000.610700217323,thousand_tonnes,EIA_INTL_v2:productId=14
BHR,2019,coal_lignite,0.0,thousand_tonnes,EIA_INTL_v2:productId=14
BHS,2019,coal_lignite,0.0,thousand_tonnes,EIA_INTL_v2:productId=14
BIH,2019,coal_lignite,2196.9553872663805,thousand_tonnes,EIA_INTL_v2:productId=14
BLR,2019,coal_lignite,0.0,thousand_tonnes,EIA_INTL_v2:productId=14
BLZ,2019,coal_lignite,0.0,thousand_tonnes,EIA_INTL_v2:productId=14
BMU,2019,coal_lignite,0.0,thousand_tonnes,EIA_INTL_v2:productId=14
BOL,2019,coal_lignite,0.0,thousand_tonnes,EIA_INTL_v2:productId=14
BRA,2019,coal_lignite,1621.9680710712043,thousand_tonnes,EIA_INTL_v2:productId=14
BRB,2019,coal_lignite,0.0,thousand_tonnes,EIA_INTL_v2:productId=14
BRN,2019,coal_lignite,0.0,thousand_tonnes,EIA_INTL_v2:productId=14
BTN,2019,coal_lignite,0.0,thousand_tonnes,EIA_INTL_v2:productId=14
BWA,2019,coal_lignite,0.0,thousand_tonnes,EIA_INTL_v2:productId=14
CAF,2019,coal_lignite,0.0,thousand_tonnes,EIA_INTL_v2:productId=14
CAN,2019,coal_lignite,8134.84532561881,thousand_tonnes,EIA_INTL_v2:productId=14
CHE,2019,coal_lignite,0.0,thousand_tonnes,EIA_INTL_v2:productId=14
CHL,2019,coal_lignite,0.0,thousand_tonnes,EIA_INTL_v2:productId=14
CHN,2019,coal_lignite,213989.49304153534,thousand_tonnes,EIA_INTL_v2:productId=14
CIV,2019,coal_lignite,0.0,thousand_tonnes,EIA_INTL_v2:productId=14
CMR,2019,coal_lignite,0.0,thousand_tonnes,EIA_INTL_v2:productId=14
COD,2019,coal_lignite,0.0,thousand_tonnes,EIA_INTL_v2:productId=14
COG,2019,coal_lignite,0.0,thousand_tonnes,EIA_INTL_v2:productId=14
COK,2019,coal_lignite,0.0,thousand_tonnes,EIA_INTL_v2:productId=14
COL,2019,coal_lignite,0.0,thousand_tonnes,EIA_INTL_v2:productId=14
COM,2019,coal_lignite,0.0,thousand_tonnes,EIA_INTL_v2:productId=14
CPV,2019,coal_lignite,0.0,thousand_tonnes,EIA_INTL_v2:productId=14
CRI,2019,coal_lignite,0.0,thousand_tonnes,EIA_INTL_v2:productId=14
CUB,2019,coal_lignite,0.0,thousand_tonnes,EIA_INTL_v2:productId=14
CYM,2019,coal_lignite,0.0,thousand_tonnes,EIA_INTL_v2:productId=14
CYP,2019,coal_lignite,0.0,thousand_tonnes,EIA_INTL_v2:productId=14
CZE,2019,coal_lignite,37471.178437325565,thousand_tonnes,EIA_INTL_v2:productId=14
DEU,2019,coal_lignite,131313.84383474672,thousand_tonnes,EIA_INTL_v2:productId=14
DJI,2019,coal_lignite,0.0,thousand_tonnes,EIA_INTL_v2:productId=14
DMA,2019,coal_lignite,0.0,thousand_tonnes,EIA_INTL_v2:productId=14
DNK,2019,coal_lignite,0.0,thousand_tonnes,EIA_INTL_v2:productId=14
DOM,2019,coal_lignite,0.0,thousand_tonnes,EIA_INTL_v2:productId=14
DZA,2019,coal_lignite,0.0,thousand_tonnes,EIA_INTL_v2:productId=14
ECU,2019,coal_lignite,0.0,thousand_tonnes,EIA_INTL_v2:productId=14
EGY,2019,coal_lignite,0.0,thousand_tonnes,EIA_INTL_v2:productId=14
ERI,2019,coal_lignite,0.0,thousand_tonnes,EIA_INTL_v2:productId=14
ESH,2019,coal_lignite,0.0,thousand_tonnes,EIA_INTL_v2:productId=14
ESP,2019,coal_lignite,0.0,thousand_tonnes,EIA_INTL_v2:productId=14
EST,2019,coal_lignite,0.0,thousand_tonnes,EIA_INTL_v2:productId=14
ETH,2019,coal_lignite,0.0,thousand_tonnes,EIA_INTL_v2:productId=14
FIN,2019,coal_lignite,0.0,thousand_tonnes,EIA_INTL_v2:productId=14
FJI,2019,coal_lignite,0.0,thousand_tonnes,EIA_INTL_v2:productId=14
FLK,2019,coal_lignite,0.0,thousand_tonnes,EIA_INTL_v2:productId=14
FRA,2019,coal_lignite,0.0,thousand_tonnes,EIA_INTL_v2:productId=14
FRO,2019,coal_lignite,0.0,thousand_tonnes,EIA_INTL_v2:productId=14
FSM,2019,coal_lignite,0.0,thousand_tonnes,EIA_INTL_v2:productId=14
GAB,2019,coal_lignite,0.0,thousand_tonnes,EIA_INTL_v2:productId=14
GBR,2019,coal_lignite,0.0,thousand_tonnes,EIA_INTL_v2:productId=14
GEO,2019,coal_lignite,0.0,thousand_tonnes,EIA_INTL_v2:productId=14
GHA,2019,coal_lignite,0.0,thousand_tonnes,EIA_INTL_v2:productId=14
GIB,2019,coal_lignite,0.0,thousand_tonnes,EIA_INTL_v2:productId=14
GIN,2019,coal_lignite,0.0,thousand_tonnes,EIA_INTL_v2:productId=14
GMB,2019,coal_lignite,0.0,thousand_tonnes,EIA_INTL_v2:productId=14
GNB,2019,coal_lignite,0.0,thousand_tonnes,EIA_INTL_v2:productId=14
GNQ,2019,coal_lignite,0.0,thousand_tonnes,EIA_INTL_v2:productId=14
GRC,2019,coal_lignite,27375.41744372966,thousand_tonnes,EIA_INTL_v2:productId=14
GRD,2019,coal_lignite,0.0,thousand_tonnes,EIA_INTL_v2:productId=14
GRL,2019,coal_lignite,0.0,thousand_tonnes,EIA_INTL_v2:productId=14
GTM,2019,coal_lignite,0.0,thousand_tonnes,EIA_INTL_v2:productId=14
GUM,2019,coal_lignite,0.0,thousand_tonnes,EIA_INTL_v2:productId=14
GUY,2019,coal_lignite,0.0,thousand_tonnes,EIA_INTL_v2:productId=14
HKG,2019,coal_lignite,0.0,thousand_tonnes,EIA_INTL_v2:productId=14
HND,2019,coal_lignite,0.0,thousand_tonnes,EIA_INTL_v2:productId=14
HRV,2019,coal_lignite,0.0,thousand_tonnes,EIA_INTL_v2:productId=14
HTI,2019,coal_lignite,0.0,thousand_tonnes,EIA_INTL_v2:productId=14
HUN,2019,coal_lignite,6846.991857201142,thousand_tonnes,EIA_INTL_v2:productId=14
IDN,2019,coal_lignite,124961.70992138954,thousand_tonnes,EIA_INTL_v2:productId=14
IND,2019,coal_lignite,38188.84881504,thousand_tonnes,EIA_INTL_v2:productId=14
IRL,2019,coal_lignite,0.0,thousand_tonnes,EIA_INTL_v2:productId=14
IRN,2019,coal_lignite,0.0,thousand_tonnes,EIA_INTL_v2:productId=14
IRQ,2019,coal_lignite,0.0,thousand_tonnes,EIA_INTL_v2:productId=14
ISL,2019,coal_lignite,0.0,thousand_tonnes,EIA_INTL_v2:productId=14
ISR,2019,coal_lignite,0.0,thousand_tonnes,EIA_INTL_v2:productId=14
ITA,2019,coal_lignite,0.0,thousand_tonnes,EIA_INTL_v2:productId=14
JAM,2019,coal_lignite,0.0,thousand_tonnes,EIA_INTL_v2:productId=14
JOR,2019,coal_lignite,0.0,thousand_tonnes,EIA_INTL_v2:productId=14
JPN,2019,coal_lignite,0.0,thousand_tonnes,EIA_INTL_v2:productId=14
KAZ,2019,coal_lignite,5928.892949052118,thousand_tonnes,EIA_INTL_v2:productId=14
KEN,2019,coal_lignite,0.0,thousand_tonnes,EIA_INTL_v2:productId=14
KGZ,2019,coal_lignite,2277.028292039517,thousand_tonnes,EIA_INTL_v2:productId=14
KHM,2019,coal_lignite,0.0,thousand_tonnes,EIA_INTL_v2:productId=14
KIR,2019,coal_lignite,0.0,thousand_tonnes,EIA_INTL_v2:productId=14
KNA,2019,coal_lignite,0.0,thousand_tonnes,EIA_INTL_v2:productId=14
KOR,2019,coal_lignite,0.0,thousand_tonnes,EIA_INTL_v2:productId=14
KWT,2019,coal_lignite,0.0,thousand_tonnes,EIA_INTL_v2:productId=14
LAO,2019,coal_lignite,15263.543847799734,thousand_tonnes,EIA_INTL_v2:productId=14
LBN,2019,coal_lignite,0.0,thousand_tonnes,EIA_INTL_v2:productId=14
LBR,2019,coal_lignite,0.0,thousand_tonnes,EIA_INTL_v2:productId=14
LBY,2019,coal_lignite,0.0,thousand_tonnes,EIA_INTL_v2:productId=14
LCA,2019,coal_lignite,0.0,thousand_tonnes,EIA_INTL_v2:productId=14
LKA,2019,coal_lignite,0.0,thousand_tonnes,EIA_INTL_v2:productId=14
LSO,2019,coal_lignite,0.0,thousand_tonnes,EIA_INTL_v2:productId=14
LTU,2019,coal_lignite,0.0,thousand_tonnes,EIA_INTL_v2:productId=14
LUX,2019,coal_lignite,0.0,thousand_tonnes,EIA_INTL_v2:productId=14
LVA,2019,coal_lignite,0.0,thousand_tonnes,EIA_INTL_v2:productId=14
MAC,2019,coal_lignite,0.0,thousand_tonnes,EIA_INTL_v2:productId=14
MAR,2019,coal_lignite,0.0,thousand_tonnes,EIA_INTL_v2:productId=14
MDA,2019,coal_lignite,0.0,thousand_tonnes,EIA_INTL_v2:productId=14
MDG,2019,coal_lignite,0.0,thousand_tonnes,EIA_INTL_v2:productId=14
MDV,2019,coal_lignite,0.0,thousand_tonnes,EIA_INTL_v2:productId=14
MEX,2019,coal_lignite,337.9995980332972,thousand_tonnes,EIA_INTL_v2:productId=14
MKD,2019,coal_lignite,5477.463485915516,thousand_tonnes,EIA_INTL_v2:productId=14
MLI,2019,coal_lignite,0.0,thousand_tonnes,EIA_INTL_v2:productId=14
MLT,2019,coal_lignite,0.0,thousand_tonnes,EIA_INTL_v2:productId=14
MMR,2019,coal_lignite,785.4780658686279,thousand_tonnes,EIA_INTL_v2:productId=14
MNE,2019,coal_lignite,1605.1980910149368,thousand_tonnes,EIA_INTL_v2:productId=14
MNG,2019,coal_lignite,8053.071422868589,thousand_tonnes,EIA_INTL_v2:productId=14
MNP,2019,coal_lignite,0.0,thousand_tonnes,EIA_INTL_v2:productId=14
MOZ,2019,coal_lignite,0.0,thousand_tonnes,EIA_INTL_v2:productId=14
MRT,2019,coal_lignite,0.0,thousand_tonnes,EIA_INTL_v2:productId=14
MSR,2019,coal_lignite,0.0,thousand_tonnes,EIA_INTL_v2:productId=14
MUS,2019,coal_lignite,0.0,thousand_tonnes,EIA_INTL_v2:productId=14
MWI,2019,coal_lignite,0.0,thousand_tonnes,EIA_INTL_v2:productId=14
MYS,2019,coal_lignite,0.0,thousand_tonnes,EIA_INTL_v2:productId=14
NAM,2019,coal_lignite,0.0,thousand_tonnes,EIA_INTL_v2:productId=14
NCL,2019,coal_lignite,0.0,thousand_tonnes,EIA_INTL_v2:productId=14
NER,2019,coal_lignite,0.0,thousand_tonnes,EIA_INTL_v2:productId=14
NGA,2019,coal_lignite,0.0,thousand_tonnes,EIA_INTL_v2:productId=14
NIC,2019,coal_lignite,0.0,thousand_tonnes,EIA_INTL_v2:productId=14
NIU,2019,coal_lignite,0.0,thousand_tonnes,EIA_INTL_v2:productId=14
NLD,2019,coal_lignite,0.0,thousand_tonnes,EIA_INTL_v2:productId=14
NOR,2019,coal_lignite,0.0,thousand_tonnes,EIA_INTL_v2:productId=14
NPL,2019,coal_lignite,0.0,thousand_tonnes,EIA_INTL_v2:productId=14
NRU,2019,coal_lignite,0.0,thousand_tonnes,EIA_INTL_v2:productId=14
NZL,2019,coal_lignite,287.8296576979998,thousand_tonnes,EIA_INTL_v2:productId=14
OMN,2019,coal_lignite,0.0,thousand_tonnes,EIA_INTL_v2:productId=14
PAK,2019,coal_lignite,4438.49172151478,thousand_tonnes,EIA_INTL_v2:productId=14
PAN,2019,coal_lignite,0.0,thousand_tonnes,EIA_INTL_v2:productId=14
PER,2019,coal_lignite,0.0,thousand_tonnes,EIA_INTL_v2:productId=14
PHL,2019,coal_lignite,0.0,thousand_tonnes,EIA_INTL_v2:productId=14
PNG,2019,coal_lignite,0.0,thousand_tonnes,EIA_INTL_v2:productId=14
POL,2019,coal_lignite,50328.52014670604,thousand_tonnes,EIA_INTL_v2:productId=14
PRI,2019,coal_lignite,0.0,thousand_tonnes,EIA_INTL_v2:productId=14
PRK,2019,coal_lignite,0.0,thousand_tonnes,EIA_INTL_v2:productId=14
PRT,2019,coal_lignite,0.0,thousand_tonnes,EIA_INTL_v2:productId=14
PRY,2019,coal_lignite,0.0,thousand_tonnes,EIA_INTL_v2:productId=14
PSE,2019,coal_lignite,0.0,thousand_tonnes,EIA_INTL_v2:productId=14
PYF,2019,coal_lignite,0.0,thousand_tonnes,EIA_INTL_v2:productId=14
QAT,2019,coal_lignite,0.0,thousand_tonnes,EIA_INTL_v2:productId=14
ROU,2019,coal_lignite,21652.29524996426,thousand_tonnes,EIA_INTL_v2:productId=14
RUS,2019,coal_lignite,81885.62561735479,thousand_tonnes,EIA_INTL_v2:productId=14
RWA,2019,coal_lignite,0.0,thousand_tonnes,EIA_INTL_v2:productId=14
SAU,2019,coal_lignite,0.0,thousand_tonnes,EIA_INTL_v2:productId=14
SDN,2019,coal_lignite,0.0,thousand_tonnes,EIA_INTL_v2:productId=14
SEN,2019,coal_lignite,0.0,thousand_tonnes,EIA_INTL_v2:productId=14
SGP,2019,coal_lignite,0.0,thousand_tonnes,EIA_INTL_v2:productId=14
SHN,2019,coal_lignite,0.0,thousand_tonnes,EIA_INTL_v2:productId=14
SLB,2019,coal_lignite,0.0,thousand_tonnes,EIA_INTL_v2:productId=14
SLE,2019,coal_lignite,0.0,thousand_tonnes,EIA_INTL_v2:productId=14
SLV,2019,coal_lignite,0.0,thousand_tonnes,EIA_INTL_v2:productId=14
SOM,2019,coal_lignite,0.0,thousand_tonnes,EIA_INTL_v2:productId=14
SPM,2019,coal_lignite,0.0,thousand_tonnes,EIA_INTL_v2:productId=14
SRB,2019,coal_lignite,38880.47376131826,thousand_tonnes,EIA_INTL_v2:productId=14
SSD,2019,coal_lignite,0.0,thousand_tonnes,EIA_INTL_v2:productId=14
STP,2019,coal_lignite,0.0,thousand_tonnes,EIA_INTL_v2:productId=14
SUR,2019,coal_lignite,0.0,thousand_tonnes,EIA_INTL_v2:productId=14
SVK,2019,coal_lignite,1464.998257747871,thousand_tonnes,EIA_INTL_v2:productId=14
SVN,2019,coal_lignite,3142.8072624101324,thousand_tonnes,EIA_INTL_v2:productId=14
SWE,2019,coal_lignite,0.0,thousand_tonnes,EIA_INTL_v2:productId=14
SWZ,2019,coal_lignite,0.0,thousand_tonnes,EIA_INTL_v2:productId=14
SYC,2019,coal_lignite,0.0,thousand_tonnes,EIA_INTL_v2:productId=14
SYR,2019,coal_lignite,0.0,thousand_tonnes,EIA_INTL_v2:productId=14
TCA,2019,coal_lignite,0.0,thousand_tonnes,EIA_INTL_v2:productId=14
TCD,2019,coal_lignite,0.0,thousand_tonnes,EIA_INTL_v2:productId=14
TGO,2019,coal_lignite,0.0,thousand_tonnes,EIA_INTL_v2:productId=14
THA,2019,coal_lignite,14077.983257730053,thousand_tonnes,EIA_INTL_v2:productId=14
TJK,2019,coal_lignite,64.999922698711,thousand_tonnes,EIA_INTL_v2:productId=14
TKM,2019,coal_lignite,0.0,thousand_tonnes,EIA_INTL_v2:productId=14
TLS,2019,coal_lignite,0.0,thousand_tonnes,EIA_INTL_v2:productId=14
TON,2019,coal_lignite,0.0,thousand_tonnes,EIA_INTL_v2:productId=14
TTO,2019,coal_lignite,0.0,thousand_tonnes,EIA_INTL_v2:productId=14
TUN,2019,coal_lignite,0.0,thousand_tonnes,EIA_INTL_v2:productId=14
TUR,2019,coal_lignite,83694.50046614674,thousand_tonnes,EIA_INTL_v2:productId=14
TUV,2019,coal_lignite,0.0,thousand_tonnes,EIA_INTL_v2:productId=14
TWN,2019,coal_lignite,0.0,thousand_tonnes,EIA_INTL_v2:productId=14
TZA,2019,coal_lignite,0.0,thousand_tonnes,EIA_INTL_v2:productId=14
UGA,2019,coal_lignite,0.0,thousand_tonnes,EIA_INTL_v2:productId=14
UKR,2019,coal_lignite,0.0,thousand_tonnes,EIA_INTL_v2:productId=14
URY,2019,coal_lignite,0.0,thousand_tonnes,EIA_INTL_v2:productId=14
USA,2019,coal_lignite,48254.9426127123,thousand_tonnes,EIA_INTL_v2:productId=14
UZB,2019,coal_lignite,3873.9113929430728,thousand_tonnes,EIA_INTL_v2:productId=14
VCT,2019,coal_lignite,0.0,thousand_tonnes,EIA_INTL_v2:productId=14
VEN,2019,coal_lignite,0.0,thousand_tonnes,EIA_INTL_v2:productId=14
VGB,2019,coal_lignite,0.0,thousand_tonnes,EIA_INTL_v2:productId=14
VIR,2019,coal_lignite,0.0,thousand_tonnes,EIA_INTL_v2:productId=14
VNM,2019,coal_lignite,0.0,thousand_tonnes,EIA_INTL_v2:productId=14
VUT,2019,coal_lignite,0.0,thousand_tonnes,EIA_INTL_v2:productId=14
WAK,2019,coal_lignite,0.0,thousand_tonnes,EIA_INTL_v2:productId=14
WSM,2019,coal_lignite,0.0,thousand_tonnes,EIA_INTL_v2:productId=14
XKS,2019,coal_lignite,8062.990411072412,thousand_tonnes,EIA_INTL_v2:productId=14
YEM,2019,coal_lignite,0.0,thousand_tonnes,EIA_INTL_v2:productId=14
ZAF,2019,coal_lignite,0.0,thousand_tonnes,EIA_INTL_v2:productId=14
ZMB,2019,coal_lignite,0.0,thousand_tonnes,EIA_INTL_v2:productId=14
ZWE,2019,coal_lignite,0.0,thousand_tonnes,EIA_INTL_v2:productId=14
ABW,2020,coal_lignite,0.0,thousand_tonnes,EIA_INTL_v2:productId=14
AFG,2020,coal_lignite,0.0,thousand_tonnes,EIA_INTL_v2:productId=14
AGO,2020,coal_lignite,0.0,thousand_tonnes,EIA_INTL_v2:productId=14
ALB,2020,coal_lignite,126.9998489651738,thousand_tonnes,EIA_INTL_v2:productId=14
ARE,2020,coal_lignite,0.0,thousand_tonnes,EIA_INTL_v2:productId=14
ARG,2020,coal_lignite,0.0,thousand_tonnes,EIA_INTL_v2:productId=14
ARM,2020,coal_lignite,0.0,thousand_tonnes,EIA_INTL_v2:productId=14
ASM,2020,coal_lignite,0.0,thousand_tonnes,EIA_INTL_v2:productId=14
ATA,2020,coal_lignite,0.0,thousand_tonnes,EIA_INTL_v2:productId=14
ATG,2020,coal_lignite,0.0,thousand_tonnes,EIA_INTL_v2:productId=14
AUS,2020,coal_lignite,41512.95063063984,thousand_tonnes,EIA_INTL_v2:productId=14
AUT,2020,coal_lignite,0.0,thousand_tonnes,EIA_INTL_v2:productId=14
AZE,2020,coal_lignite,0.0,thousand_tonnes,EIA_INTL_v2:productId=14
BDI,2020,coal_lignite,0.0,thousand_tonnes,EIA_INTL_v2:productId=14
BEL,2020,coal_lignite,0.0,thousand_tonnes,EIA_INTL_v2:productId=14
BEN,2020,coal_lignite,0.0,thousand_tonnes,EIA_INTL_v2:productId=14
BFA,2020,coal_lignite,0.0,thousand_tonnes,EIA_INTL_v2:productId=14
BGD,2020,coal_lignite,0.0,thousand_tonnes,EIA_INTL_v2:productId=14
BGR,2020,coal_lignite,22298.453481519282,thousand_tonnes,EIA_INTL_v2:productId=14
BHR,2020,coal_lignite,0.0,thousand_tonnes,EIA_INTL_v2:productId=14
BHS,2020,coal_lignite,0.0,thousand_tonnes,EIA_INTL_v2:productId=14
BIH,2020,coal_lignite,1876.3587685365549,thousand_tonnes,EIA_INTL_v2:productId=14
BLR,2020,coal_lignite,0.0,thousand_tonnes,EIA_INTL_v2:productId=14
BLZ,2020,coal_lignite,0.0,thousand_tonnes,EIA_INTL_v2:productId=14
BMU,2020,coal_lignite,0.0,thousand_tonnes,EIA_INTL_v2:productId=14
BOL,2020,coal_lignite,0.0,thousand_tonnes,EIA_INTL_v2:productId=14
BRA,2020,coal_lignite,2310.9972516418634,thousand_tonnes,EIA_INTL_v2:productId=14
BRB,2020,coal_lignite,0.0,thousand_tonnes,EIA_INTL_v2:productId=14
BRN,2020,coal_lignite,0.0,thousand_tonnes,EIA_INTL_v2:productId=14
BTN,2020,coal_lignite,0.0,thousand_tonnes,EIA_INTL_v2:productId=14
BWA,2020,coal_lignite,0.0,thousand_tonnes,EIA_INTL_v2:productId=14
CAF,2020,coal_lignite,0.0,thousand_tonnes,EIA_INTL_v2:productId=14
CAN,2020,coal_lignite,7349.308259820348,thousand_tonnes,EIA_INTL_v2:productId=14
CHE,2020,coal_lignite,0.0,thousand_tonnes,EIA_INTL_v2:productId=14
CHL,2020,coal_lignite,0.0,thousand_tonnes,EIA_INTL_v2:productId=14
CHN,2020,coal_lignite,213845.45475113907,thousand_tonnes,EIA_INTL_v2:productId=14
CIV,2020,coal_lignite,0.0,thousand_tonnes,EIA_INTL_v2:productId=14
CMR,2020,coal_lignite,0.0,thousand_tonnes,EIA_INTL_v2:productId=14
COD,2020,coal_lignite,0.0,thousand_tonnes,EIA_INTL_v2:productId=14
COG,2020,coal_lignite,0.0,thousand_tonnes,EIA_INTL_v2:productId=14
COK,2020,coal_lignite,0.0,thousand_tonnes,EIA_INTL_v2:productId=14
COL,2020,coal_lignite,0.0,thousand_tonnes,EIA_INTL_v2:productId=14
COM,2020,coal_lignite,0.0,thousand_tonnes,EIA_INTL_v2:productId=14
CPV,2020,coal_lignite,0.0,thousand_tonnes,EIA_INTL_v2:productId=14
CRI,2020,coal_lignite,0.0,thousand_tonnes,EIA_INTL_v2:productId=14
CUB,2020,coal_lignite,0.0,thousand_tonnes,EIA_INTL_v2:productId=14
CYM,2020,coal_lignite,0.0,thousand_tonnes,EIA_INTL_v2:productId=14
CYP,2020,coal_lignite,0.0,thousand_tonnes,EIA_INTL_v2:productId=14
CZE,2020,coal_lignite,29432.88499688223,thousand_tonnes,EIA_INTL_v2:productId=14
DEU,2020,coal_lignite,107377.13230152911,thousand_tonnes,EIA_INTL_v2:productId=14
DJI,2020,coal_lignite,0.0,thousand_tonnes,EIA_INTL_v2:productId=14
DMA,2020,coal_lignite,0.0,thousand_tonnes,EIA_INTL_v2:productId=14
DNK,2020,coal_lignite,0.0,thousand_tonnes,EIA_INTL_v2:productId=14
DOM,2020,coal_lignite,0.0,thousand_tonnes,EIA_INTL_v2:productId=14
DZA,2020,coal_lignite,0.0,thousand_tonnes,EIA_INTL_v2:productId=14
ECU,2020,coal_lignite,0.0,thousand_tonnes,EIA_INTL_v2:productId=14
EGY,2020,coal_lignite,0.0,thousand_tonnes,EIA_INTL_v2:productId=14
ERI,2020,coal_lignite,0.0,thousand_tonnes,EIA_INTL_v2:productId=14
ESH,2020,coal_lignite,0.0,thousand_tonnes,EIA_INTL_v2:productId=14
ESP,2020,coal_lignite,0.0,thousand_tonnes,EIA_INTL_v2:productId=14
EST,2020,coal_lignite,0.0,thousand_tonnes,EIA_INTL_v2:productId=14
ETH,2020,coal_lignite,0.0,thousand_tonnes,EIA_INTL_v2:productId=14
FIN,2020,coal_lignite,0.0,thousand_tonnes,EIA_INTL_v2:productId=14
FJI,2020,coal_lignite,0.0,thousand_tonnes,EIA_INTL_v2:productId=14
FLK,2020,coal_lignite,0.0,thousand_tonnes,EIA_INTL_v2:productId=14
FRA,2020,coal_lignite,0.0,thousand_tonnes,EIA_INTL_v2:productId=14
FRO,2020,coal_lignite,0.0,thousand_tonnes,EIA_INTL_v2:productId=14
FSM,2020,coal_lignite,0.0,thousand_tonnes,EIA_INTL_v2:productId=14
GAB,2020,coal_lignite,0.0,thousand_tonnes,EIA_INTL_v2:productId=14
GBR,2020,coal_lignite,0.0,thousand_tonnes,EIA_INTL_v2:productId=14
GEO,2020,coal_lignite,0.0,thousand_tonnes,EIA_INTL_v2:productId=14
GHA,2020,coal_lignite,0.0,thousand_tonnes,EIA_INTL_v2:productId=14
GIB,2020,coal_lignite,0.0,thousand_tonnes,EIA_INTL_v2:productId=14
GIN,2020,coal_lignite,0.0,thousand_tonnes,EIA_INTL_v2:productId=14
GMB,2020,coal_lignite,0.0,thousand_tonnes,EIA_INTL_v2:productId=14
GNB,2020,coal_lignite,0.0,thousand_tonnes,EIA_INTL_v2:productId=14
GNQ,2020,coal_lignite,0.0,thousand_tonnes,EIA_INTL_v2:productId=14
GRC,2020,coal_lignite,14053.583286747767,thousand_tonnes,EIA_INTL_v2:productId=14
GRD,2020,coal_lignite,0.0,thousand_tonnes,EIA_INTL_v2:productId=14
GRL,2020,coal_lignite,0.0,thousand_tonnes,EIA_INTL_v2:productId=14
GTM,2020,coal_lignite,0.0,thousand_tonnes,EIA_INTL_v2:productId=14
GUM,2020,coal_lignite,0.0,thousand_tonnes,EIA_INTL_v2:productId=14
GUY,2020,coal_lignite,0.0,thousand_tonnes,EIA_INTL_v2:productId=14
HKG,2020,coal_lignite,0.0,thousand_tonnes,EIA_INTL_v2:productId=14
HND,2020,coal_lignite,0.0,thousand_tonnes,EIA_INTL_v2:productId=14
HRV,2020,coal_lignite,0.0,thousand_tonnes,EIA_INTL_v2:productId=14
HTI,2020,coal_lignite,0.0,thousand_tonnes,EIA_INTL_v2:productId=14
HUN,2020,coal_lignite,6124.992715840075,thousand_tonnes,EIA_INTL_v2:productId=14
IDN,2020,coal_lignite,118107.7576756267,thousand_tonnes,EIA_INTL_v2:productId=14
IND,2020,coal_lignite,34377.7657223,thousand_tonnes,EIA_INTL_v2:productId=14
IRL,2020,coal_lignite,0.0,thousand_tonnes,EIA_INTL_v2:productId=14
IRN,2020,coal_lignite,0.0,thousand_tonnes,EIA_INTL_v2:productId=14
IRQ,2020,coal_lignite,0.0,thousand_tonnes,EIA_INTL_v2:productId=14
ISL,2020,coal_lignite,0.0,thousand_tonnes,EIA_INTL_v2:productId=14
ISR,2020,coal_lignite,0.0,thousand_tonnes,EIA_INTL_v2:productId=14
ITA,2020,coal_lignite,0.0,thousand_tonnes,EIA_INTL_v2:productId=14
JAM,2020,coal_lignite,0.0,thousand_tonnes,EIA_INTL_v2:productId=14
JOR,2020,coal_lignite,0.0,thousand_tonnes,EIA_INTL_v2:productId=14
JPN,2020,coal_lignite,0.0,thousand_tonnes,EIA_INTL_v2:productId=14
KAZ,2020,coal_lignite,5422.093551764322,thousand_tonnes,EIA_INTL_v2:productId=14
KEN,2020,coal_lignite,0.0,thousand_tonnes,EIA_INTL_v2:productId=14
KGZ,2020,coal_lignite,2155.483436586981,thousand_tonnes,EIA_INTL_v2:productId=14
KHM,2020,coal_lignite,0.0,thousand_tonnes,EIA_INTL_v2:productId=14
KIR,2020,coal_lignite,0.0,thousand_tonnes,EIA_INTL_v2:productId=14
KNA,2020,coal_lignite,0.0,thousand_tonnes,EIA_INTL_v2:productId=14
KOR,2020,coal_lignite,0.0,thousand_tonnes,EIA_INTL_v2:productId=14
KWT,2020,coal_lignite,0.0,thousand_tonnes,EIA_INTL_v2:productId=14
LAO,2020,coal_lignite,14366.610914479032,thousand_tonnes,EIA_INTL_v2:productId=14
LBN,2020,coal_lignite,0.0,thousand_tonnes,EIA_INTL_v2:productId=14
LBR,2020,coal_lignite,0.0,thousand_tonnes,EIA_INTL_v2:productId=14
LBY,2020,coal_lignite,0.0,thousand_tonnes,EIA_INTL_v2:productId=14
LCA,2020,coal_lignite,0.0,thousand_tonnes,EIA_INTL_v2:productId=14
LKA,2020,coal_lignite,0.0,thousand_tonnes,EIA_INTL_v2:productId=14
LSO,2020,coal_lignite,0.0,thousand_tonnes,EIA_INTL_v2:productId=14
LTU,2020,coal_lignite,0.0,thousand_tonnes,EIA_INTL_v2:productId=14
LUX,2020,coal_lignite,0.0,thousand_tonnes,EIA_INTL_v2:productId=14
LVA,2020,coal_lignite,0.0,thousand_tonnes,EIA_INTL_v2:productId=14
MAC,2020,coal_lignite,0.0,thousand_tonnes,EIA_INTL_v2:productId=14
MAR,2020,coal_lignite,0.0,thousand_tonnes,EIA_INTL_v2:productId=14
MDA,2020,coal_lignite,0.0,thousand_tonnes,EIA_INTL_v2:productId=14
MDG,2020,coal_lignite,0.0,thousand_tonnes,EIA_INTL_v2:productId=14
MDV,2020,coal_lignite,0.0,thousand_tonnes,EIA_INTL_v2:productId=14
MEX,2020,coal_lignite,293.2529788303728,thousand_tonnes,EIA_INTL_v2:productId=14
MKD,2020,coal_lignite,5028.731019571505,thousand_tonnes,EIA_INTL_v2:productId=14
MLI,2020,coal_lignite,0.0,thousand_tonnes,EIA_INTL_v2:productId=14
MLT,2020,coal_lignite,0.0,thousand_tonnes,EIA_INTL_v2:productId=14
MMR,2020,coal_lignite,760.4970955772972,thousand_tonnes,EIA_INTL_v2:productId=14
MNE,2020,coal_lignite,1665.3980194220508,thousand_tonnes,EIA_INTL_v2:productId=14
MNG,2020,coal_lignite,7246.388097401202,thousand_tonnes,EIA_INTL_v2:productId=14
MNP,2020,coal_lignite,0.0,thousand_tonnes,EIA_INTL_v2:productId=14
MOZ,2020,coal_lignite,0.0,thousand_tonnes,EIA_INTL_v2:productId=14
MRT,2020,coal_lignite,0.0,thousand_tonnes,EIA_INTL_v2:productId=14
MSR,2020,coal_lignite,0.0,thousand_tonnes,EIA_INTL_v2:productId=14
MUS,2020,coal_lignite,0.0,thousand_tonnes,EIA_INTL_v2:productId=14
MWI,2020,coal_lignite,0.0,thousand_tonnes,EIA_INTL_v2:productId=14
MYS,2020,coal_lignite,0.0,thousand_tonnes,EIA_INTL_v2:productId=14
NAM,2020,coal_lignite,0.0,thousand_tonnes,EIA_INTL_v2:productId=14
NCL,2020,coal_lignite,0.0,thousand_tonnes,EIA_INTL_v2:productId=14
NER,2020,coal_lignite,0.0,thousand_tonnes,EIA_INTL_v2:productId=14
NGA,2020,coal_lignite,0.0,thousand_tonnes,EIA_INTL_v2:productId=14
NIC,2020,coal_lignite,0.0,thousand_tonnes,EIA_INTL_v2:productId=14
NIU,2020,coal_lignite,0.0,thousand_tonnes,EIA_INTL_v2:productId=14
NLD,2020,coal_lignite,0.0,thousand_tonnes,EIA_INTL_v2:productId=14
NOR,2020,coal_lignite,0.0,thousand_tonnes,EIA_INTL_v2:productId=14
NPL,2020,coal_lignite,0.0,thousand_tonnes,EIA_INTL_v2:productId=14
NRU,2020,coal_lignite,0.0,thousand_tonnes,EIA_INTL_v2:productId=14
NZL,2020,coal_lignite,297.6896459719889,thousand_tonnes,EIA_INTL_v2:productId=14
OMN,2020,coal_lignite,0.0,thousand_tonnes,EIA_INTL_v2:productId=14
PAK,2020,coal_lignite,4417.777746148917,thousand_tonnes,EIA_INTL_v2:productId=14
PAN,2020,coal_lignite,0.0,thousand_tonnes,EIA_INTL_v2:productId=14
PER,2020,coal_lignite,0.0,thousand_tonnes,EIA_INTL_v2:productId=14
PHL,2020,coal_lignite,0.0,thousand_tonnes,EIA_INTL_v2:productId=14
PNG,2020,coal_lignite,0.0,thousand_tonnes,EIA_INTL_v2:productId=14
POL,2020,coal_lignite,45983.351314206826,thousand_tonnes,EIA_INTL_v2:productId=14
PRI,2020,coal_lignite,0.0,thousand_tonnes,EIA_INTL_v2:productId=14
PRK,2020,coal_lignite,0.0,thousand_tonnes,EIA_INTL_v2:productId=14
PRT,2020,coal_lignite,0.0,thousand_tonnes,EIA_INTL_v2:productId=14
PRY,2020,coal_lignite,0.0,thousand_tonnes,EIA_INTL_v2:productId=14
PSE,2020,coal_lignite,0.0,thousand_tonnes,EIA_INTL_v2:productId=14
PYF,2020,coal_lignite,0.0,thousand_tonnes,EIA_INTL_v2:productId=14
QAT,2020,coal_lignite,0.0,thousand_tonnes,EIA_INTL_v2:productId=14
ROU,2020,coal_lignite,15001.982158862498,thousand_tonnes,EIA_INTL_v2:productId=14
RUS,2020,coal_lignite,73319.64880445997,thousand_tonnes,EIA_INTL_v2:productId=14
RWA,2020,coal_lignite,0.0,thousand_tonnes,EIA_INTL_v2:productId=14
SAU,2020,coal_lignite,0.0,thousand_tonnes,EIA_INTL_v2:productId=14
SDN,2020,coal_lignite,0.0,thousand_tonnes,EIA_INTL_v2:productId=14
SEN,2020,coal_lignite,0.0,thousand_tonnes,EIA_INTL_v2:productId=14
SGP,2020,coal_lignite,0.0,thousand_tonnes,EIA_INTL_v2:productId=14
SHN,2020,coal_lignite,0.0,thousand_tonnes,EIA_INTL_v2:productId=14
SLB,2020,coal_lignite,0.0,thousand_tonnes,EIA_INTL_v2:productId=14
SLE,2020,coal_lignite,0.0,thousand_tonnes,EIA_INTL_v2:productId=14
SLV,2020,coal_lignite,0.0,thousand_tonnes,EIA_INTL_v2:productId=14
SOM,2020,coal_lignite,0.0,thousand_tonnes,EIA_INTL_v2:productId=14
SPM,2020,coal_lignite,0.0,thousand_tonnes,EIA_INTL_v2:productId=14
SRB,2020,coal_lignite,39673.019818781264,thousand_tonnes,EIA_INTL_v2:productId=14
SSD,2020,coal_lignite,0.0,thousand_tonnes,EIA_INTL_v2:productId=14
STP,2020,coal_lignite,0.0,thousand_tonnes,EIA_INTL_v2:productId=14
SUR,2020,coal_lignite,0.0,thousand_tonnes,EIA_INTL_v2:productId=14
SVK,2020,coal_lignite,980.9988333451614,thousand_tonnes,EIA_INTL_v2:productId=14
SVN,2020,coal_lignite,3174.5632246442906,thousand_tonnes,EIA_INTL_v2:productId=14
SWE,2020,coal_lignite,0.0,thousand_tonnes,EIA_INTL_v2:productId=14
SWZ,2020,coal_lignite,0.0,thousand_tonnes,EIA_INTL_v2:productId=14
SYC,2020,coal_lignite,0.0,thousand_tonnes,EIA_INTL_v2:productId=14
SYR,2020,coal_lignite,0.0,thousand_tonnes,EIA_INTL_v2:productId=14
TCA,2020,coal_lignite,0.0,thousand_tonnes,EIA_INTL_v2:productId=14
TCD,2020,coal_lignite,0.0,thousand_tonnes,EIA_INTL_v2:productId=14
TGO,2020,coal_lignite,0.0,thousand_tonnes,EIA_INTL_v2:productId=14
THA,2020,coal_lignite,13250.9842412403,thousand_tonnes,EIA_INTL_v2:productId=14
TJK,2020,coal_lignite,77.89990735737825,thousand_tonnes,EIA_INTL_v2:productId=14
TKM,2020,coal_lignite,0.0,thousand_tonnes,EIA_INTL_v2:productId=14
TLS,2020,coal_lignite,0.0,thousand_tonnes,EIA_INTL_v2:productId=14
TON,2020,coal_lignite,0.0,thousand_tonnes,EIA_INTL_v2:productId=14
TTO,2020,coal_lignite,0.0,thousand_tonnes,EIA_INTL_v2:productId=14
TUN,2020,coal_lignite,0.0,thousand_tonnes,EIA_INTL_v2:productId=14
TUR,2020,coal_lignite,71636.91480565477,thousand_tonnes,EIA_INTL_v2:productId=14
TUV,2020,coal_lignite,0.0,thousand_tonnes,EIA_INTL_v2:productId=14
TWN,2020,coal_lignite,0.0,thousand_tonnes,EIA_INTL_v2:productId=14
TZA,2020,coal_lignite,0.0,thousand_tonnes,EIA_INTL_v2:productId=14
UGA,2020,coal_lignite,0.0,thousand_tonnes,EIA_INTL_v2:productId=14
UKR,2020,coal_lignite,0.0,thousand_tonnes,EIA_INTL_v2:productId=14
URY,2020,coal_lignite,0.0,thousand_tonnes,EIA_INTL_v2:productId=14
USA,2020,coal_lignite,44782.94674179038,thousand_tonnes,EIA_INTL_v2:productId=14
UZB,2020,coal_lignite,3867.7954002165293,thousand_tonnes,EIA_INTL_v2:productId=14
VCT,2020,coal_lignite,0.0,thousand_tonnes,EIA_INTL_v2:productId=14
VEN,2020,coal_lignite,0.0,thousand_tonnes,EIA_INTL_v2:productId=14
VGB,2020,coal_lignite,0.0,thousand_tonnes,EIA_INTL_v2:productId=14
VIR,2020,coal_lignite,0.0,thousand_tonnes,EIA_INTL_v2:productId=14
VNM,2020,coal_lignite,0.0,thousand_tonnes,EIA_INTL_v2:productId=14
VUT,2020,coal_lignite,0.0,thousand_tonnes,EIA_INTL_v2:productId=14
WAK,2020,coal_lignite,0.0,thousand_tonnes,EIA_INTL_v2:productId=14
WSM,2020,coal_lignite,0.0,thousand_tonnes,EIA_INTL_v2:productId=14
XKS,2020,coal_lignite,8381.5090322735,thousand_tonnes,EIA_INTL_v2:productId=14
YEM,2020,coal_lignite,0.0,thousand_tonnes,EIA_INTL_v2:productId=14
ZAF,2020,coal_lignite,0.0,thousand_tonnes,EIA_INTL_v2:productId=14
ZMB,2020,coal_lignite,0.0,thousand_tonnes,EIA_INTL_v2:productId=14
ZWE,2020,coal_lignite,0.0,thousand_tonnes,EIA_INTL_v2:productId=14
ABW,2021,coal_lignite,0.0,thousand_tonnes,EIA_INTL_v2:productId=14
AFG,2021,coal_lignite,0.0,thousand_tonnes,EIA_INTL_v2:productId=14
AGO,2021,coal_lignite,0.0,thousand_tonnes,EIA_INTL_v2:productId=14
ALB,2021,coal_lignite,240.7487136891073,thousand_tonnes,EIA_INTL_v2:productId=14
ARE,2021,coal_lignite,0.0,thousand_tonnes,EIA_INTL_v2:productId=14
ARG,2021,coal_lignite,0.0,thousand_tonnes,EIA_INTL_v2:productId=14
ARM,2021,coal_lignite,0.0,thousand_tonnes,EIA_INTL_v2:productId=14
ASM,2021,coal_lignite,0.0,thousand_tonnes,EIA_INTL_v2:productId=14
ATA,2021,coal_lignite,0.0,thousand_tonnes,EIA_INTL_v2:productId=14
ATG,2021,coal_lignite,0.0,thousand_tonnes,EIA_INTL_v2:productId=14
AUS,2021,coal_lignite,41621.950501011524,thousand_tonnes,EIA_INTL_v2:productId=14
AUT,2021,coal_lignite,0.0,thousand_tonnes,EIA_INTL_v2:productId=14
AZE,2021,coal_lignite,0.0,thousand_tonnes,EIA_INTL_v2:productId=14
BDI,2021,coal_lignite,0.0,thousand_tonnes,EIA_INTL_v2:productId=14
BEL,2021,coal_lignite,0.0,thousand_tonnes,EIA_INTL_v2:productId=14
BEN,2021,coal_lignite,0.0,thousand_tonnes,EIA_INTL_v2:productId=14
BFA,2021,coal_lignite,0.0,thousand_tonnes,EIA_INTL_v2:productId=14
BGD,2021,coal_lignite,0.0,thousand_tonnes,EIA_INTL_v2:productId=14
BGR,2021,coal_lignite,28289.234356971057,thousand_tonnes,EIA_INTL_v2:productId=14
BHR,2021,coal_lignite,0.0,thousand_tonnes,EIA_INTL_v2:productId=14
BHS,2021,coal_lignite,0.0,thousand_tonnes,EIA_INTL_v2:productId=14
BIH,2021,coal_lignite,2279.168689492231,thousand_tonnes,EIA_INTL_v2:productId=14
BLR,2021,coal_lignite,0.0,thousand_tonnes,EIA_INTL_v2:productId=14
BLZ,2021,coal_lignite,0.0,thousand_tonnes,EIA_INTL_v2:productId=14
BMU,2021,coal_lignite,0.0,thousand_tonnes,EIA_INTL_v2:productId=14
BOL,2021,coal_lignite,0.0,thousand_tonnes,EIA_INTL_v2:productId=14
BRA,2021,coal_lignite,1897.9977428023612,thousand_tonnes,EIA_INTL_v2:productId=14
BRB,2021,coal_lignite,0.0,thousand_tonnes,EIA_INTL_v2:productId=14
BRN,2021,coal_lignite,0.0,thousand_tonnes,EIA_INTL_v2:productId=14
BTN,2021,coal_lignite,0.0,thousand_tonnes,EIA_INTL_v2:productId=14
BWA,2021,coal_lignite,0.0,thousand_tonnes,EIA_INTL_v2:productId=14
CAF,2021,coal_lignite,0.0,thousand_tonnes,EIA_INTL_v2:productId=14
CAN,2021,coal_lignite,8293.54413688593,thousand_tonnes,EIA_INTL_v2:productId=14
CHE,2021,coal_lignite,0.0,thousand_tonnes,EIA_INTL_v2:productId=14
CHL,2021,coal_lignite,0.0,thousand_tonnes,EIA_INTL_v2:productId=14
CHN,2021,coal_lignite,226146.07469969016,thousand_tonnes,EIA_INTL_v2:productId=14
CIV,2021,coal_lignite,0.0,thousand_tonnes,EIA_INTL_v2:productId=14
CMR,2021,coal_lignite,0.0,thousand_tonnes,EIA_INTL_v2:productId=14
COD,2021,coal_lignite,0.0,thousand_tonnes,EIA_INTL_v2:productId=14
COG,2021,coal_lignite,0.0,thousand_tonnes,EIA_INTL_v2:productId=14
COK,2021,coal_lignite,0.0,thousand_tonnes,EIA_INTL_v2:productId=14
COL,2021,coal_lignite,0.0,thousand_tonnes,EIA_INTL_v2:productId=14
COM,2021,coal_lignite,0.0,thousand_tonnes,EIA_INTL_v2:productId=14
CPV,2021,coal_lignite,0.0,thousand_tonnes,EIA_INTL_v2:productId=14
CRI,2021,coal_lignite,0.0,thousand_tonnes,EIA_INTL_v2:productId=14
CUB,2021,coal_lignite,0.0,thousand_tonnes,EIA_INTL_v2:productId=14
CYM,2021,coal_lignite,0.0,thousand_tonnes,EIA_INTL_v2:productId=14
CYP,2021,coal_lignite,0.0,thousand_tonnes,EIA_INTL_v2:productId=14
CZE,2021,coal_lignite,29279.351179472633,thousand_tonnes,EIA_INTL_v2:productId=14
DEU,2021,coal_lignite,126256.44284927101,thousand_tonnes,EIA_INTL_v2:productId=14
DJI,2021,coal_lignite,0.0,thousand_tonnes,EIA_INTL_v2:productId=14
DMA,2021,coal_lignite,0.0,thousand_tonnes,EIA_INTL_v2:productId=14
DNK,2021,coal_lignite,0.0,thousand_tonnes,EIA_INTL_v2:productId=14
DOM,2021,coal_lignite,0.0,thousand_tonnes,EIA_INTL_v2:productId=14
DZA,2021,coal_lignite,0.0,thousand_tonnes,EIA_INTL_v2:productId=14
ECU,2021,coal_lignite,0.0,thousand_tonnes,EIA_INTL_v2:productId=14
EGY,2021,coal_lignite,0.0,thousand_tonnes,EIA_INTL_v2:productId=14
ERI,2021,coal_lignite,0.0,thousand_tonnes,EIA_INTL_v2:productId=14
ESH,2021,coal_lignite,0.0,thousand_tonnes,EIA_INTL_v2:productId=14
ESP,2021,coal_lignite,0.0,thousand_tonnes,EIA_INTL_v2:productId=14
EST,2021,coal_lignite,0.0,thousand_tonnes,EIA_INTL_v2:productId=14
ETH,2021,coal_lignite,0.0,thousand_tonnes,EIA_INTL_v2:productId=14
FIN,2021,coal_lignite,0.0,thousand_tonnes,EIA_INTL_v2:productId=14
FJI,2021,coal_lignite,0.0,thousand_tonnes,EIA_INTL_v2:productId=14
FLK,2021,coal_lignite,0.0,thousand_tonnes,EIA_INTL_v2:productId=14
FRA,2021,coal_lignite,0.0,thousand_tonnes,EIA_INTL_v2:productId=14
FRO,2021,coal_lignite,0.0,thousand_tonnes,EIA_INTL_v2:productId=14
FSM,2021,coal_lignite,0.0,thousand_tonnes,EIA_INTL_v2:productId=14
GAB,2021,coal_lignite,0.0,thousand_tonnes,EIA_INTL_v2:productId=14
GBR,2021,coal_lignite,0.0,thousand_tonnes,EIA_INTL_v2:productId=14
GEO,2021,coal_lignite,0.0,thousand_tonnes,EIA_INTL_v2:productId=14
GHA,2021,coal_lignite,0.0,thousand_tonnes,EIA_INTL_v2:productId=14
GIB,2021,coal_lignite,0.0,thousand_tonnes,EIA_INTL_v2:productId=14
GIN,2021,coal_lignite,0.0,thousand_tonnes,EIA_INTL_v2:productId=14
GMB,2021,coal_lignite,0.0,thousand_tonnes,EIA_INTL_v2:productId=14
GNB,2021,coal_lignite,0.0,thousand_tonnes,EIA_INTL_v2:productId=14
GNQ,2021,coal_lignite,0.0,thousand_tonnes,EIA_INTL_v2:productId=14
GRC,2021,coal_lignite,12095.226615727384,thousand_tonnes,EIA_INTL_v2:productId=14
GRD,2021,coal_lignite,0.0,thousand_tonnes,EIA_INTL_v2:productId=14
GRL,2021,coal_lignite,0.0,thousand_tonnes,EIA_INTL_v2:productId=14
GTM,2021,coal_lignite,0.0,thousand_tonnes,EIA_INTL_v2:productId=14
GUM,2021,coal_lignite,0.0,thousand_tonnes,EIA_INTL_v2:productId=14
GUY,2021,coal_lignite,0.0,thousand_tonnes,EIA_INTL_v2:productId=14
HKG,2021,coal_lignite,0.0,thousand_tonnes,EIA_INTL_v2:productId=14
HND,2021,coal_lignite,0.0,thousand_tonnes,EIA_INTL_v2:productId=14
HRV,2021,coal_lignite,0.0,thousand_tonnes,EIA_INTL_v2:productId=14
HTI,2021,coal_lignite,0.0,thousand_tonnes,EIA_INTL_v2:productId=14
HUN,2021,coal_lignite,4987.994068018007,thousand_tonnes,EIA_INTL_v2:productId=14
IDN,2021,coal_lignite,128638.2432096595,thousand_tonnes,EIA_INTL_v2:productId=14
IND,2021,coal_lignite,45205.94623873738,thousand_tonnes,EIA_INTL_v2:productId=14
IRL,2021,coal_lignite,0.0,thousand_tonnes,EIA_INTL_v2:productId=14
IRN,2021,coal_lignite,0.0,thousand_tonnes,EIA_INTL_v2:productId=14
IRQ,2021,coal_lignite,0.0,thousand_tonnes,EIA_INTL_v2:productId=14
ISL,2021,coal_lignite,0.0,thousand_tonnes,EIA_INTL_v2:productId=14
ISR,2021,coal_lignite,0.0,thousand_tonnes,EIA_INTL_v2:productId=14
ITA,2021,coal_lignite,0.0,thousand_tonnes,EIA_INTL_v2:productId=14
JAM,2021,coal_lignite,0.0,thousand_tonnes,EIA_INTL_v2:productId=14
JOR,2021,coal_lignite,0.0,thousand_tonnes,EIA_INTL_v2:productId=14
JPN,2021,coal_lignite,0.0,thousand_tonnes,EIA_INTL_v2:productId=14
KAZ,2021,coal_lignite,4766.291331678433,thousand_tonnes,EIA_INTL_v2:productId=14
KEN,2021,coal_lignite,0.0,thousand_tonnes,EIA_INTL_v2:productId=14
KGZ,2021,coal_lignite,1558.7131462972511,thousand_tonnes,EIA_INTL_v2:productId=14
KHM,2021,coal_lignite,0.0,thousand_tonnes,EIA_INTL_v2:productId=14
KIR,2021,coal_lignite,0.0,thousand_tonnes,EIA_INTL_v2:productId=14
KNA,2021,coal_lignite,0.0,thousand_tonnes,EIA_INTL_v2:productId=14
KOR,2021,coal_lignite,0.0,thousand_tonnes,EIA_INTL_v2:productId=14
KWT,2021,coal_lignite,0.0,thousand_tonnes,EIA_INTL_v2:productId=14
LAO,2021,coal_lignite,13618.055804699703,thousand_tonnes,EIA_INTL_v2:productId=14
LBN,2021,coal_lignite,0.0,thousand_tonnes,EIA_INTL_v2:productId=14
LBR,2021,coal_lignite,0.0,thousand_tonnes,EIA_INTL_v2:productId=14
LBY,2021,coal_lignite,0.0,thousand_tonnes,EIA_INTL_v2:productId=14
LCA,2021,coal_lignite,0.0,thousand_tonnes,EIA_INTL_v2:productId=14
LKA,2021,coal_lignite,0.0,thousand_tonnes,EIA_INTL_v2:productId=14
LSO,2021,coal_lignite,0.0,thousand_tonnes,EIA_INTL_v2:productId=14
LTU,2021,coal_lignite,0.0,thousand_tonnes,EIA_INTL_v2:productId=14
LUX,2021,coal_lignite,0.0,thousand_tonnes,EIA_INTL_v2:productId=14
LVA,2021,coal_lignite,0.0,thousand_tonnes,EIA_INTL_v2:productId=14
MAC,2021,coal_lignite,0.0,thousand_tonnes,EIA_INTL_v2:productId=14
MAR,2021,coal_lignite,0.0,thousand_tonnes,EIA_INTL_v2:productId=14
MDA,2021,coal_lignite,0.0,thousand_tonnes,EIA_INTL_v2:productId=14
MDG,2021,coal_lignite,0.0,thousand_tonnes,EIA_INTL_v2:productId=14
MDV,2021,coal_lignite,0.0,thousand_tonnes,EIA_INTL_v2:productId=14
MEX,2021,coal_lignite,281.7038359369246,thousand_tonnes,EIA_INTL_v2:productId=14
MKD,2021,coal_lignite,4118.151102480506,thousand_tonnes,EIA_INTL_v2:productId=14
MLI,2021,coal_lignite,0.0,thousand_tonnes,EIA_INTL_v2:productId=14
MLT,2021,coal_lignite,0.0,thousand_tonnes,EIA_INTL_v2:productId=14
MMR,2021,coal_lignite,587.9053008324368,thousand_tonnes,EIA_INTL_v2:productId=14
MNE,2021,coal_lignite,1691.664654851038,thousand_tonnes,EIA_INTL_v2:productId=14
MNG,2021,coal_lignite,7513.455572967906,thousand_tonnes,EIA_INTL_v2:productId=14
MNP,2021,coal_lignite,0.0,thousand_tonnes,EIA_INTL_v2:productId=14
MOZ,2021,coal_lignite,0.0,thousand_tonnes,EIA_INTL_v2:productId=14
MRT,2021,coal_lignite,0.0,thousand_tonnes,EIA_INTL_v2:productId=14
MSR,2021,coal_lignite,0.0,thousand_tonnes,EIA_INTL_v2:productId=14
MUS,2021,coal_lignite,0.0,thousand_tonnes,EIA_INTL_v2:productId=14
MWI,2021,coal_lignite,0.0,thousand_tonnes,EIA_INTL_v2:productId=14
MYS,2021,coal_lignite,0.0,thousand_tonnes,EIA_INTL_v2:productId=14
NAM,2021,coal_lignite,0.0,thousand_tonnes,EIA_INTL_v2:productId=14
NCL,2021,coal_lignite,0.0,thousand_tonnes,EIA_INTL_v2:productId=14
NER,2021,coal_lignite,0.0,thousand_tonnes,EIA_INTL_v2:productId=14
NGA,2021,coal_lignite,0.0,thousand_tonnes,EIA_INTL_v2:productId=14
NIC,2021,coal_lignite,0.0,thousand_tonnes,EIA_INTL_v2:productId=14
NIU,2021,coal_lignite,0.0,thousand_tonnes,EIA_INTL_v2:productId=14
NLD,2021,coal_lignite,0.0,thousand_tonnes,EIA_INTL_v2:productId=14
NOR,2021,coal_lignite,0.0,thousand_tonnes,EIA_INTL_v2:productId=14
NPL,2021,coal_lignite,0.0,thousand_tonnes,EIA_INTL_v2:productId=14
NRU,2021,coal_lignite,0.0,thousand_tonnes,EIA_INTL_v2:productId=14
NZL,2021,coal_lignite,284.7345763788315,thousand_tonnes,EIA_INTL_v2:productId=14
OMN,2021,coal_lignite,0.0,thousand_tonnes,EIA_INTL_v2:productId=14
PAK,2021,coal_lignite,4113.103108483843,thousand_tonnes,EIA_INTL_v2:productId=14
PAN,2021,coal_lignite,0.0,thousand_tonnes,EIA_INTL_v2:productId=14
PER,2021,coal_lignite,0.0,thousand_tonnes,EIA_INTL_v2:productId=14
PHL,2021,coal_lignite,0.0,thousand_tonnes,EIA_INTL_v2:productId=14
PNG,2021,coal_lignite,0.0,thousand_tonnes,EIA_INTL_v2:productId=14
POL,2021,coal_lignite,52355.45073617475,thousand_tonnes,EIA_INTL_v2:productId=14
PRI,2021,coal_lignite,0.0,thousand_tonnes,EIA_INTL_v2:productId=14
PRK,2021,coal_lignite,0.0,thousand_tonnes,EIA_INTL_v2:productId=14
PRT,2021,coal_lignite,0.0,thousand_tonnes,EIA_INTL_v2:productId=14
PRY,2021,coal_lignite,0.0,thousand_tonnes,EIA_INTL_v2:productId=14
PSE,2021,coal_lignite,0.0,thousand_tonnes,EIA_INTL_v2:productId=14
PYF,2021,coal_lignite,0.0,thousand_tonnes,EIA_INTL_v2:productId=14
QAT,2021,coal_lignite,0.0,thousand_tonnes,EIA_INTL_v2:productId=14
ROU,2021,coal_lignite,17732.97891101911,thousand_tonnes,EIA_INTL_v2:productId=14
RUS,2021,coal_lignite,79711.51667937584,thousand_tonnes,EIA_INTL_v2:productId=14
RWA,2021,coal_lignite,0.0,thousand_tonnes,EIA_INTL_v2:productId=14
SAU,2021,coal_lignite,0.0,thousand_tonnes,EIA_INTL_v2:productId=14
SDN,2021,coal_lignite,0.0,thousand_tonnes,EIA_INTL_v2:productId=14
SEN,2021,coal_lignite,0.0,thousand_tonnes,EIA_INTL_v2:productId=14
SGP,2021,coal_lignite,0.0,thousand_tonnes,EIA_INTL_v2:productId=14
SHN,2021,coal_lignite,0.0,thousand_tonnes,EIA_INTL_v2:productId=14
SLB,2021,coal_lignite,0.0,thousand_tonnes,EIA_INTL_v2:productId=14
SLE,2021,coal_lignite,0.0,thousand_tonnes,EIA_INTL_v2:productId=14
SLV,2021,coal_lignite,0.0,thousand_tonnes,EIA_INTL_v2:productId=14
SOM,2021,coal_lignite,0.0,thousand_tonnes,EIA_INTL_v2:productId=14
SPM,2021,coal_lignite,0.0,thousand_tonnes,EIA_INTL_v2:productId=14
SRB,2021,coal_lignite,36417.468690452006,thousand_tonnes,EIA_INTL_v2:productId=14
SSD,2021,coal_lignite,0.0,thousand_tonnes,EIA_INTL_v2:productId=14
STP,2021,coal_lignite,0.0,thousand_tonnes,EIA_INTL_v2:productId=14
SUR,2021,coal_lignite,0.0,thousand_tonnes,EIA_INTL_v2:productId=14
SVK,2021,coal_lignite,1073.9987227448555,thousand_tonnes,EIA_INTL_v2:productId=14
SVN,2021,coal_lignite,2612.015893654837,thousand_tonnes,EIA_INTL_v2:productId=14
SWE,2021,coal_lignite,0.0,thousand_tonnes,EIA_INTL_v2:productId=14
SWZ,2021,coal_lignite,0.0,thousand_tonnes,EIA_INTL_v2:productId=14
SYC,2021,coal_lignite,0.0,thousand_tonnes,EIA_INTL_v2:productId=14
SYR,2021,coal_lignite,0.0,thousand_tonnes,EIA_INTL_v2:productId=14
TCA,2021,coal_lignite,0.0,thousand_tonnes,EIA_INTL_v2:productId=14
TCD,2021,coal_lignite,0.0,thousand_tonnes,EIA_INTL_v2:productId=14
TGO,2021,coal_lignite,0.0,thousand_tonnes,EIA_INTL_v2:productId=14
THA,2021,coal_lignite,14221.556086985776,thousand_tonnes,EIA_INTL_v2:productId=14
TJK,2021,coal_lignite,94.66288742197045,thousand_tonnes,EIA_INTL_v2:productId=14
TKM,2021,coal_lignite,0.0,thousand_tonnes,EIA_INTL_v2:productId=14
TLS,2021,coal_lignite,0.0,thousand_tonnes,EIA_INTL_v2:productId=14
TON,2021,coal_lignite,0.0,thousand_tonnes,EIA_INTL_v2:productId=14
TTO,2021,coal_lignite,0.0,thousand_tonnes,EIA_INTL_v2:productId=14
TUN,2021,coal_lignite,0.0,thousand_tonnes,EIA_INTL_v2:productId=14
TUR,2021,coal_lignite,82108.30674347165,thousand_tonnes,EIA_INTL_v2:productId=14
TUV,2021,coal_lignite,0.0,thousand_tonnes,EIA_INTL_v2:productId=14
TWN,2021,coal_lignite,0.0,thousand_tonnes,EIA_INTL_v2:productId=14
TZA,2021,coal_lignite,0.0,thousand_tonnes,EIA_INTL_v2:productId=14
UGA,2021,coal_lignite,0.0,thousand_tonnes,EIA_INTL_v2:productId=14
UKR,2021,coal_lignite,0.0,thousand_tonnes,EIA_INTL_v2:productId=14
URY,2021,coal_lignite,0.0,thousand_tonnes,EIA_INTL_v2:productId=14
USA,2021,coal_lignite,42967.9796719866,thousand_tonnes,EIA_INTL_v2:productId=14
UZB,2021,coal_lignite,4806.794283510216,thousand_tonnes,EIA_INTL_v2:productId=14
VCT,2021,coal_lignite,0.0,thousand_tonnes,EIA_INTL_v2:productId=14
VEN,2021,coal_lignite,0.0,thousand_tonnes,EIA_INTL_v2:productId=14
VGB,2021,coal_lignite,0.0,thousand_tonnes,EIA_INTL_v2:productId=14
VIR,2021,coal_lignite,0.0,thousand_tonnes,EIA_INTL_v2:productId=14
VNM,2021,coal_lignite,0.0,thousand_tonnes,EIA_INTL_v2:productId=14
VUT,2021,coal_lignite,0.0,thousand_tonnes,EIA_INTL_v2:productId=14
WAK,2021,coal_lignite,0.0,thousand_tonnes,EIA_INTL_v2:productId=14
WSM,2021,coal_lignite,0.0,thousand_tonnes,EIA_INTL_v2:productId=14
XKS,2021,coal_lignite,8535.425849227615,thousand_tonnes,EIA_INTL_v2:productId=14
YEM,2021,coal_lignite,0.0,thousand_tonnes,EIA_INTL_v2:productId=14
ZAF,2021,coal_lignite,0.0,thousand_tonnes,EIA_INTL_v2:productId=14
ZMB,2021,coal_lignite,0.0,thousand_tonnes,EIA_INTL_v2:productId=14
ZWE,2021,coal_lignite,0.0,thousand_tonnes,EIA_INTL_v2:productId=14
ABW,2022,coal_lignite,0.0,thousand_tonnes,EIA_INTL_v2:productId=14
AFG,2022,coal_lignite,0.0,thousand_tonnes,EIA_INTL_v2:productId=14
AGO,2022,coal_lignite,0.0,thousand_tonnes,EIA_INTL_v2:productId=14
ALB,2022,coal_lignite,182.0807834600615,thousand_tonnes,EIA_INTL_v2:productId=14
ARE,2022,coal_lignite,0.0,thousand_tonnes,EIA_INTL_v2:productId=14
ARG,2022,coal_lignite,0.0,thousand_tonnes,EIA_INTL_v2:productId=14
ARM,2022,coal_lignite,0.059999928644964,thousand_tonnes,EIA_INTL_v2:productId=14
ASM,2022,coal_lignite,0.0,thousand_tonnes,EIA_INTL_v2:productId=14
ATA,2022,coal_lignite,0.0,thousand_tonnes,EIA_INTL_v2:productId=14
ATG,2022,coal_lignite,0.0,thousand_tonnes,EIA_INTL_v2:productId=14
AUS,2022,coal_lignite,40295.95207795782,thousand_tonnes,EIA_INTL_v2:productId=14
AUT,2022,coal_lignite,0.0,thousand_tonnes,EIA_INTL_v2:productId=14
AZE,2022,coal_lignite,0.0,thousand_tonnes,EIA_INTL_v2:productId=14
BDI,2022,coal_lignite,0.0,thousand_tonnes,EIA_INTL_v2:productId=14
BEL,2022,coal_lignite,0.0,thousand_tonnes,EIA_INTL_v2:productId=14
BEN,2022,coal_lignite,0.0,thousand_tonnes,EIA_INTL_v2:productId=14
BFA,2022,coal_lignite,0.0,thousand_tonnes,EIA_INTL_v2:productId=14
BGD,2022,coal_lignite,0.0,thousand_tonnes,EIA_INTL_v2:productId=14
BGR,2022,coal_lignite,35515.977762551905,thousand_tonnes,EIA_INTL_v2:productId=14
BHR,2022,coal_lignite,0.0,thousand_tonnes,EIA_INTL_v2:productId=14
BHS,2022,coal_lignite,0.0,thousand_tonnes,EIA_INTL_v2:productId=14
BIH,2022,coal_lignite,6578.7916121425305,thousand_tonnes,EIA_INTL_v2:productId=14
BLR,2022,coal_lignite,0.0,thousand_tonnes,EIA_INTL_v2:productId=14
BLZ,2022,coal_lignite,0.0,thousand_tonnes,EIA_INTL_v2:productId=14
BMU,2022,coal_lignite,0.0,thousand_tonnes,EIA_INTL_v2:productId=14
BOL,2022,coal_lignite,0.0,thousand_tonnes,EIA_INTL_v2:productId=14
BRA,2022,coal_lignite,2650.1168483431998,thousand_tonnes,EIA_INTL_v2:productId=14
BRB,2022,coal_lignite,0.0,thousand_tonnes,EIA_INTL_v2:productId=14
BRN,2022,coal_lignite,0.0,thousand_tonnes,EIA_INTL_v2:productId=14
BTN,2022,coal_lignite,0.0,thousand_tonnes,EIA_INTL_v2:productId=14
BWA,2022,coal_lignite,0.0,thousand_tonnes,EIA_INTL_v2:productId=14
CAF,2022,coal_lignite,0.0,thousand_tonnes,EIA_INTL_v2:productId=14
CAN,2022,coal_lignite,6427.672355877703,thousand_tonnes,EIA_INTL_v2:productId=14
CHE,2022,coal_lignite,0.0,thousand_tonnes,EIA_INTL_v2:productId=14
CHL,2022,coal_lignite,0.0,thousand_tonnes,EIA_INTL_v2:productId=14
CHN,2022,coal_lignite,188390.38906045898,thousand_tonnes,EIA_INTL_v2:productId=14
CIV,2022,coal_lignite,0.0,thousand_tonnes,EIA_INTL_v2:productId=14
CMR,2022,coal_lignite,0.0,thousand_tonnes,EIA_INTL_v2:productId=14
COD,2022,coal_lignite,0.0,thousand_tonnes,EIA_INTL_v2:productId=14
COG,2022,coal_lignite,0.0,thousand_tonnes,EIA_INTL_v2:productId=14
COK,2022,coal_lignite,0.0,thousand_tonnes,EIA_INTL_v2:productId=14
COL,2022,coal_lignite,0.0,thousand_tonnes,EIA_INTL_v2:productId=14
COM,2022,coal_lignite,0.0,thousand_tonnes,EIA_INTL_v2:productId=14
CPV,2022,coal_lignite,0.0,thousand_tonnes,EIA_INTL_v2:productId=14
CRI,2022,coal_lignite,0.0,thousand_tonnes,EIA_INTL_v2:productId=14
CUB,2022,coal_lignite,0.0,thousand_tonnes,EIA_INTL_v2:productId=14
CYM,2022,coal_lignite,0.0,thousand_tonnes,EIA_INTL_v2:productId=14
CYP,2022,coal_lignite,0.0,thousand_tonnes,EIA_INTL_v2:productId=14
CZE,2022,coal_lignite,33388.09529314042,thousand_tonnes,EIA_INTL_v2:productId=14
DEU,2022,coal_lignite,130800.84444483227,thousand_tonnes,EIA_INTL_v2:productId=14
DJI,2022,coal_lignite,0.0,thousand_tonnes,EIA_INTL_v2:productId=14
DMA,2022,coal_lignite,0.0,thousand_tonnes,EIA_INTL_v2:productId=14
DNK,2022,coal_lignite,0.0,thousand_tonnes,EIA_INTL_v2:productId=14
DOM,2022,coal_lignite,0.0,thousand_tonnes,EIA_INTL_v2:productId=14
DZA,2022,coal_lignite,0.0,thousand_tonnes,EIA_INTL_v2:productId=14
ECU,2022,coal_lignite,0.0,thousand_tonnes,EIA_INTL_v2:productId=14
EGY,2022,coal_lignite,0.0,thousand_tonnes,EIA_INTL_v2:productId=14
ERI,2022,coal_lignite,0.0,thousand_tonnes,EIA_INTL_v2:productId=14
ESH,2022,coal_lignite,0.0,thousand_tonnes,EIA_INTL_v2:productId=14
ESP,2022,coal_lignite,0.0,thousand_tonnes,EIA_INTL_v2:productId=14
EST,2022,coal_lignite,0.0,thousand_tonnes,EIA_INTL_v2:productId=14
ETH,2022,coal_lignite,0.0,thousand_tonnes,EIA_INTL_v2:productId=14
FIN,2022,coal_lignite,0.0,thousand_tonnes,EIA_INTL_v2:productId=14
FJI,2022,coal_lignite,0.0,thousand_tonnes,EIA_INTL_v2:productId=14
FLK,2022,coal_lignite,0.0,thousand_tonnes,EIA_INTL_v2:productId=14
FRA,2022,coal_lignite,0.0,thousand_tonnes,EIA_INTL_v2:productId=14
FRO,2022,coal_lignite,0.0,thousand_tonnes,EIA_INTL_v2:productId=14
FSM,2022,coal_lignite,0.0,thousand_tonnes,EIA_INTL_v2:productId=14
GAB,2022,coal_lignite,0.0,thousand_tonnes,EIA_INTL_v2:productId=14
GBR,2022,coal_lignite,0.0,thousand_tonnes,EIA_INTL_v2:productId=14
GEO,2022,coal_lignite,146.34682595674244,thousand_tonnes,EIA_INTL_v2:productId=14
GHA,2022,coal_lignite,0.0,thousand_tonnes,EIA_INTL_v2:productId=14
GIB,2022,coal_lignite,0.0,thousand_tonnes,EIA_INTL_v2:productId=14
GIN,2022,coal_lignite,0.0,thousand_tonnes,EIA_INTL_v2:productId=14
GMB,2022,coal_lignite,0.0,thousand_tonnes,EIA_INTL_v2:productId=14
GNB,2022,coal_lignite,0.0,thousand_tonnes,EIA_INTL_v2:productId=14
GNQ,2022,coal_lignite,0.0,thousand_tonnes,EIA_INTL_v2:productId=14
GRC,2022,coal_lignite,13703.109703549182,thousand_tonnes,EIA_INTL_v2:productId=14
GRD,2022,coal_lignite,0.0,thousand_tonnes,EIA_INTL_v2:productId=14
GRL,2022,coal_lignite,0.0,thousand_tonnes,EIA_INTL_v2:productId=14
GTM,2022,coal_lignite,0.0,thousand_tonnes,EIA_INTL_v2:productId=14
GUM,2022,coal_lignite,0.0,thousand_tonnes,EIA_INTL_v2:productId=14
GUY,2022,coal_lignite,0.0,thousand_tonnes,EIA_INTL_v2:productId=14
HKG,2022,coal_lignite,0.0,thousand_tonnes,EIA_INTL_v2:productId=14
HND,2022,coal_lignite,0.0,thousand_tonnes,EIA_INTL_v2:productId=14
HRV,2022,coal_lignite,0.0,thousand_tonnes,EIA_INTL_v2:productId=14
HTI,2022,coal_lignite,0.0,thousand_tonnes,EIA_INTL_v2:productId=14
HUN,2022,coal_lignite,4927.994139373043,thousand_tonnes,EIA_INTL_v2:productId=14
IDN,2022,coal_lignite,114857.8083568759,thousand_tonnes,EIA_INTL_v2:productId=14
IND,2022,coal_lignite,47289.94376033913,thousand_tonnes,EIA_INTL_v2:productId=14
IRL,2022,coal_lignite,0.0,thousand_tonnes,EIA_INTL_v2:productId=14
IRN,2022,coal_lignite,0.0,thousand_tonnes,EIA_INTL_v2:productId=14
IRQ,2022,coal_lignite,0.0,thousand_tonnes,EIA_INTL_v2:productId=14
ISL,2022,coal_lignite,0.0,thousand_tonnes,EIA_INTL_v2:productId=14
ISR,2022,coal_lignite,0.0,thousand_tonnes,EIA_INTL_v2:productId=14
ITA,2022,coal_lignite,0.0,thousand_tonnes,EIA_INTL_v2:productId=14
JAM,2022,coal_lignite,0.0,thousand_tonnes,EIA_INTL_v2:productId=14
JOR,2022,coal_lignite,0.0,thousand_tonnes,EIA_INTL_v2:productId=14
JPN,2022,coal_lignite,0.0,thousand_tonnes,EIA_INTL_v2:productId=14
KAZ,2022,coal_lignite,5252.993752866598,thousand_tonnes,EIA_INTL_v2:productId=14
KEN,2022,coal_lignite,0.0,thousand_tonnes,EIA_INTL_v2:productId=14
KGZ,2022,coal_lignite,3104.3273081724956,thousand_tonnes,EIA_INTL_v2:productId=14
KHM,2022,coal_lignite,112.9998656146822,thousand_tonnes,EIA_INTL_v2:productId=14
KIR,2022,coal_lignite,0.0,thousand_tonnes,EIA_INTL_v2:productId=14
KNA,2022,coal_lignite,0.0,thousand_tonnes,EIA_INTL_v2:productId=14
KOR,2022,coal_lignite,0.0,thousand_tonnes,EIA_INTL_v2:productId=14
KWT,2022,coal_lignite,0.0,thousand_tonnes,EIA_INTL_v2:productId=14
LAO,2022,coal_lignite,14345.982939010892,thousand_tonnes,EIA_INTL_v2:productId=14
LBN,2022,coal_lignite,0.0,thousand_tonnes,EIA_INTL_v2:productId=14
LBR,2022,coal_lignite,0.0,thousand_tonnes,EIA_INTL_v2:productId=14
LBY,2022,coal_lignite,0.0,thousand_tonnes,EIA_INTL_v2:productId=14
LCA,2022,coal_lignite,0.0,thousand_tonnes,EIA_INTL_v2:productId=14
LKA,2022,coal_lignite,0.0,thousand_tonnes,EIA_INTL_v2:productId=14
LSO,2022,coal_lignite,0.0,thousand_tonnes,EIA_INTL_v2:productId=14
LTU,2022,coal_lignite,0.0,thousand_tonnes,EIA_INTL_v2:productId=14
LUX,2022,coal_lignite,0.0,thousand_tonnes,EIA_INTL_v2:productId=14
LVA,2022,coal_lignite,0.0,thousand_tonnes,EIA_INTL_v2:productId=14
MAC,2022,coal_lignite,0.0,thousand_tonnes,EIA_INTL_v2:productId=14
MAR,2022,coal_lignite,0.0,thousand_tonnes,EIA_INTL_v2:productId=14
MDA,2022,coal_lignite,0.0,thousand_tonnes,EIA_INTL_v2:productId=14
MDG,2022,coal_lignite,0.0,thousand_tonnes,EIA_INTL_v2:productId=14
MDV,2022,coal_lignite,0.0,thousand_tonnes,EIA_INTL_v2:productId=14
MEX,2022,coal_lignite,243.9997098228536,thousand_tonnes,EIA_INTL_v2:productId=14
MKD,2022,coal_lignite,5075.02696451396,thousand_tonnes,EIA_INTL_v2:productId=14
MLI,2022,coal_lignite,0.0,thousand_tonnes,EIA_INTL_v2:productId=14
MLT,2022,coal_lignite,0.0,thousand_tonnes,EIA_INTL_v2:productId=14
MMR,2022,coal_lignite,275.9996717668344,thousand_tonnes,EIA_INTL_v2:productId=14
MNE,2022,coal_lignite,1734.4979372448342,thousand_tonnes,EIA_INTL_v2:productId=14
MNG,2022,coal_lignite,4801.994289218619,thousand_tonnes,EIA_INTL_v2:productId=14
MNP,2022,coal_lignite,0.0,thousand_tonnes,EIA_INTL_v2:productId=14
MOZ,2022,coal_lignite,0.0,thousand_tonnes,EIA_INTL_v2:productId=14
MRT,2022,coal_lignite,0.0,thousand_tonnes,EIA_INTL_v2:productId=14
MSR,2022,coal_lignite,0.0,thousand_tonnes,EIA_INTL_v2:productId=14
MUS,2022,coal_lignite,0.0,thousand_tonnes,EIA_INTL_v2:productId=14
MWI,2022,coal_lignite,0.0,thousand_tonnes,EIA_INTL_v2:productId=14
MYS,2022,coal_lignite,0.0,thousand_tonnes,EIA_INTL_v2:productId=14
NAM,2022,coal_lignite,0.0,thousand_tonnes,EIA_INTL_v2:productId=14
NCL,2022,coal_lignite,0.0,thousand_tonnes,EIA_INTL_v2:productId=14
NER,2022,coal_lignite,260.9996896055934,thousand_tonnes,EIA_INTL_v2:productId=14
NGA,2022,coal_lignite,0.0,thousand_tonnes,EIA_INTL_v2:productId=14
NIC,2022,coal_lignite,0.0,thousand_tonnes,EIA_INTL_v2:productId=14
NIU,2022,coal_lignite,0.0,thousand_tonnes,EIA_INTL_v2:productId=14
NLD,2022,coal_lignite,0.0,thousand_tonnes,EIA_INTL_v2:productId=14
NOR,2022,coal_lignite,0.0,thousand_tonnes,EIA_INTL_v2:productId=14
NPL,2022,coal_lignite,0.0,thousand_tonnes,EIA_INTL_v2:productId=14
NRU,2022,coal_lignite,0.0,thousand_tonnes,EIA_INTL_v2:productId=14
NZL,2022,coal_lignite,276.2476014719835,thousand_tonnes,EIA_INTL_v2:productId=14
OMN,2022,coal_lignite,0.0,thousand_tonnes,EIA_INTL_v2:productId=14
PAK,2022,coal_lignite,4407.994757783355,thousand_tonnes,EIA_INTL_v2:productId=14
PAN,2022,coal_lignite,0.0,thousand_tonnes,EIA_INTL_v2:productId=14
PER,2022,coal_lignite,0.0,thousand_tonnes,EIA_INTL_v2:productId=14
PHL,2022,coal_lignite,0.0,thousand_tonnes,EIA_INTL_v2:productId=14
PNG,2022,coal_lignite,0.0,thousand_tonnes,EIA_INTL_v2:productId=14
POL,2022,coal_lignite,54621.34504145539,thousand_tonnes,EIA_INTL_v2:productId=14
PRI,2022,coal_lignite,0.0,thousand_tonnes,EIA_INTL_v2:productId=14
PRK,2022,coal_lignite,0.0,thousand_tonnes,EIA_INTL_v2:productId=14
PRT,2022,coal_lignite,0.0,thousand_tonnes,EIA_INTL_v2:productId=14
PRY,2022,coal_lignite,0.0,thousand_tonnes,EIA_INTL_v2:productId=14
PSE,2022,coal_lignite,0.0,thousand_tonnes,EIA_INTL_v2:productId=14
PYF,2022,coal_lignite,0.0,thousand_tonnes,EIA_INTL_v2:productId=14
QAT,2022,coal_lignite,0.0,thousand_tonnes,EIA_INTL_v2:productId=14
ROU,2022,coal_lignite,18159.978403209105,thousand_tonnes,EIA_INTL_v2:productId=14
RUS,2022,coal_lignite,88805.89438741122,thousand_tonnes,EIA_INTL_v2:productId=14
RWA,2022,coal_lignite,0.0,thousand_tonnes,EIA_INTL_v2:productId=14
SAU,2022,coal_lignite,0.0,thousand_tonnes,EIA_INTL_v2:productId=14
SDN,2022,coal_lignite,0.0,thousand_tonnes,EIA_INTL_v2:productId=14
SEN,2022,coal_lignite,0.0,thousand_tonnes,EIA_INTL_v2:productId=14
SGP,2022,coal_lignite,0.0,thousand_tonnes,EIA_INTL_v2:productId=14
SHN,2022,coal_lignite,0.0,thousand_tonnes,EIA_INTL_v2:productId=14
SLB,2022,coal_lignite,0.0,thousand_tonnes,EIA_INTL_v2:productId=14
SLE,2022,coal_lignite,0.0,thousand_tonnes,EIA_INTL_v2:productId=14
SLV,2022,coal_lignite,0.0,thousand_tonnes,EIA_INTL_v2:productId=14
SOM,2022,coal_lignite,0.0,thousand_tonnes,EIA_INTL_v2:productId=14
SPM,2022,coal_lignite,0.0,thousand_tonnes,EIA_INTL_v2:productId=14
SRB,2022,coal_lignite,35129.32922237446,thousand_tonnes,EIA_INTL_v2:productId=14
SSD,2022,coal_lignite,0.0,thousand_tonnes,EIA_INTL_v2:productId=14
STP,2022,coal_lignite,0.0,thousand_tonnes,EIA_INTL_v2:productId=14
SUR,2022,coal_lignite,0.0,thousand_tonnes,EIA_INTL_v2:productId=14
SVK,2022,coal_lignite,869.998965351978,thousand_tonnes,EIA_INTL_v2:productId=14
SVN,2022,coal_lignite,2357.9711957780055,thousand_tonnes,EIA_INTL_v2:productId=14
SWE,2022,coal_lignite,0.0,thousand_tonnes,EIA_INTL_v2:productId=14
SWZ,2022,coal_lignite,0.0,thousand_tonnes,EIA_INTL_v2:productId=14
SYC,2022,coal_lignite,0.0,thousand_tonnes,EIA_INTL_v2:productId=14
SYR,2022,coal_lignite,0.0,thousand_tonnes,EIA_INTL_v2:productId=14
TCA,2022,coal_lignite,0.0,thousand_tonnes,EIA_INTL_v2:productId=14
TCD,2022,coal_lignite,0.0,thousand_tonnes,EIA_INTL_v2:productId=14
TGO,2022,coal_lignite,0.0,thousand_tonnes,EIA_INTL_v2:productId=14
THA,2022,coal_lignite,13641.983776243314,thousand_tonnes,EIA_INTL_v2:productId=14
TJK,2022,coal_lignite,112.9998656146822,thousand_tonnes,EIA_INTL_v2:productId=14
TKM,2022,coal_lignite,0.0,thousand_tonnes,EIA_INTL_v2:productId=14
TLS,2022,coal_lignite,0.0,thousand_tonnes,EIA_INTL_v2:productId=14
TON,2022,coal_lignite,0.0,thousand_tonnes,EIA_INTL_v2:productId=14
TTO,2022,coal_lignite,0.0,thousand_tonnes,EIA_INTL_v2:productId=14
TUN,2022,coal_lignite,0.0,thousand_tonnes,EIA_INTL_v2:productId=14
TUR,2022,coal_lignite,80928.70175537842,thousand_tonnes,EIA_INTL_v2:productId=14
TUV,2022,coal_lignite,0.0,thousand_tonnes,EIA_INTL_v2:productId=14
TWN,2022,coal_lignite,0.0,thousand_tonnes,EIA_INTL_v2:productId=14
TZA,2022,coal_lignite,0.0,thousand_tonnes,EIA_INTL_v2:productId=14
UGA,2022,coal_lignite,0.0,thousand_tonnes,EIA_INTL_v2:productId=14
UKR,2022,coal_lignite,0.0,thousand_tonnes,EIA_INTL_v2:productId=14
URY,2022,coal_lignite,0.0,thousand_tonnes,EIA_INTL_v2:productId=14
USA,2022,coal_lignite,43114.97172259354,thousand_tonnes,EIA_INTL_v2:productId=14
UZB,2022,coal_lignite,5090.126659349389,thousand_tonnes,EIA_INTL_v2:productId=14
VCT,2022,coal_lignite,0.0,thousand_tonnes,EIA_INTL_v2:productId=14
VEN,2022,coal_lignite,0.0,thousand_tonnes,EIA_INTL_v2:productId=14
VGB,2022,coal_lignite,0.0,thousand_tonnes,EIA_INTL_v2:productId=14
VIR,2022,coal_lignite,0.0,thousand_tonnes,EIA_INTL_v2:productId=14
VNM,2022,coal_lignite,0.0,thousand_tonnes,EIA_INTL_v2:productId=14
VUT,2022,coal_lignite,0.0,thousand_tonnes,EIA_INTL_v2:productId=14
WAK,2022,coal_lignite,0.0,thousand_tonnes,EIA_INTL_v2:productId=14
WSM,2022,coal_lignite,0.0,thousand_tonnes,EIA_INTL_v2:productId=14
XKS,2022,coal_lignite,9074.175208518855,thousand_tonnes,EIA_INTL_v2:productId=14
YEM,2022,coal_lignite,0.0,thousand_tonnes,EIA_INTL_v2:productId=14
ZAF,2022,coal_lignite,0.0,thousand_tonnes,EIA_INTL_v2:productId=14
ZMB,2022,coal_lignite,0.0,thousand_tonnes,EIA_INTL_v2:productId=14
ZWE,2022,coal_lignite,0.0,thousand_tonnes,EIA_INTL_v2:productId=14
ABW,2023,coal_lignite,0.0,thousand_tonnes,EIA_INTL_v2:productId=14
AFG,2023,coal_lignite,0.0,thousand_tonnes,EIA_INTL_v2:productId=14
AGO,2023,coal_lignite,0.0,thousand_tonnes,EIA_INTL_v2:productId=14
ALB,2023,coal_lignite,216.36274269017244,thousand_tonnes,EIA_INTL_v2:productId=14
ARE,2023,coal_lignite,0.0,thousand_tonnes,EIA_INTL_v2:productId=14
ARG,2023,coal_lignite,0.0,thousand_tonnes,EIA_INTL_v2:productId=14
ARM,2023,coal_lignite,0.059999928644964,thousand_tonnes,EIA_INTL_v2:productId=14
ASM,2023,coal_lignite,0.0,thousand_tonnes,EIA_INTL_v2:productId=14
ATA,2023,coal_lignite,0.0,thousand_tonnes,EIA_INTL_v2:productId=14
ATG,2023,coal_lignite,0.0,thousand_tonnes,EIA_INTL_v2:productId=14
AUS,2023,coal_lignite,38890.95374885492,thousand_tonnes,EIA_INTL_v2:productId=14
AUT,2023,coal_lignite,0.0,thousand_tonnes,EIA_INTL_v2:productId=14
AZE,2023,coal_lignite,0.0,thousand_tonnes,EIA_INTL_v2:productId=14
BDI,2023,coal_lignite,0.0,thousand_tonnes,EIA_INTL_v2:productId=14
BEL,2023,coal_lignite,0.0,thousand_tonnes,EIA_INTL_v2:productId=14
BEN,2023,coal_lignite,0.0,thousand_tonnes,EIA_INTL_v2:productId=14
BFA,2023,coal_lignite,0.0,thousand_tonnes,EIA_INTL_v2:productId=14
BGD,2023,coal_lignite,0.0,thousand_tonnes,EIA_INTL_v2:productId=14
BGR,2023,coal_lignite,20970.29706103198,thousand_tonnes,EIA_INTL_v2:productId=14
BHR,2023,coal_lignite,0.0,thousand_tonnes,EIA_INTL_v2:productId=14
BHS,2023,coal_lignite,0.0,thousand_tonnes,EIA_INTL_v2:productId=14
BIH,2023,coal_lignite,4585.659961841244,thousand_tonnes,EIA_INTL_v2:productId=14
BLR,2023,coal_lignite,0.0,thousand_tonnes,EIA_INTL_v2:productId=14
BLZ,2023,coal_lignite,0.0,thousand_tonnes,EIA_INTL_v2:productId=14
BMU,2023,coal_lignite,0.0,thousand_tonnes,EIA_INTL_v2:productId=14
BOL,2023,coal_lignite,0.0,thousand_tonnes,EIA_INTL_v2:productId=14
BRA,2023,coal_lignite,3322.1920490764137,thousand_tonnes,EIA_INTL_v2:productId=14
BRB,2023,coal_lignite,0.0,thousand_tonnes,EIA_INTL_v2:productId=14
BRN,2023,coal_lignite,0.0,thousand_tonnes,EIA_INTL_v2:productId=14
BTN,2023,coal_lignite,0.19965502168404797,thousand_tonnes,EIA_INTL_v2:productId=14
BWA,2023,coal_lignite,0.0,thousand_tonnes,EIA_INTL_v2:productId=14
CAF,2023,coal_lignite,0.0,thousand_tonnes,EIA_INTL_v2:productId=14
CAN,2023,coal_lignite,6657.912082064645,thousand_tonnes,EIA_INTL_v2:productId=14
CHE,2023,coal_lignite,0.0,thousand_tonnes,EIA_INTL_v2:productId=14
CHL,2023,coal_lignite,0.0,thousand_tonnes,EIA_INTL_v2:productId=14
CHN,2023,coal_lignite,226683.4930862467,thousand_tonnes,EIA_INTL_v2:productId=14
CIV,2023,coal_lignite,0.0,thousand_tonnes,EIA_INTL_v2:productId=14
CMR,2023,coal_lignite,0.0,thousand_tonnes,EIA_INTL_v2:productId=14
COD,2023,coal_lignite,0.0,thousand_tonnes,EIA_INTL_v2:productId=14
COG,2023,coal_lignite,0.0,thousand_tonnes,EIA_INTL_v2:productId=14
COK,2023,coal_lignite,0.0,thousand_tonnes,EIA_INTL_v2:productId=14
COL,2023,coal_lignite,0.0,thousand_tonnes,EIA_INTL_v2:productId=14
COM,2023,coal_lignite,0.0,thousand_tonnes,EIA_INTL_v2:productId=14
CPV,2023,coal_lignite,0.0,thousand_tonnes,EIA_INTL_v2:productId=14
CRI,2023,coal_lignite,0.0,thousand_tonnes,EIA_INTL_v2:productId=14
CUB,2023,coal_lignite,0.0,thousand_tonnes,EIA_INTL_v2:productId=14
CYM,2023,coal_lignite,0.0,thousand_tonnes,EIA_INTL_v2:productId=14
CYP,2023,coal_lignite,0.0,thousand_tonnes,EIA_INTL_v2:productId=14
CZE,2023,coal_lignite,28663.311912098572,thousand_tonnes,EIA_INTL_v2:productId=14
DEU,2023,coal_lignite,102254.3673937876,thousand_tonnes,EIA_INTL_v2:productId=14
DJI,2023,coal_lignite,0.0,thousand_tonnes,EIA_INTL_v2:productId=14
DMA,2023,coal_lignite,0.0,thousand_tonnes,EIA_INTL_v2:productId=14
DNK,2023,coal_lignite,0.0,thousand_tonnes,EIA_INTL_v2:productId=14
DOM,2023,coal_lignite,0.0,thousand_tonnes,EIA_INTL_v2:productId=14
DZA,2023,coal_lignite,0.0,thousand_tonnes,EIA_INTL_v2:productId=14
ECU,2023,coal_lignite,0.0,thousand_tonnes,EIA_INTL_v2:productId=14
EGY,2023,coal_lignite,0.0,thousand_tonnes,EIA_INTL_v2:productId=14
ERI,2023,coal_lignite,0.0,thousand_tonnes,EIA_INTL_v2:productId=14
ESH,2023,coal_lignite,0.0,thousand_tonnes,EIA_INTL_v2:productId=14
ESP,2023,coal_lignite,0.0,thousand_tonnes,EIA_INTL_v2:productId=14
EST,2023,coal_lignite,0.0,thousand_tonnes,EIA_INTL_v2:productId=14
ETH,2023,coal_lignite,0.0,thousand_tonnes,EIA_INTL_v2:productId=14
FIN,2023,coal_lignite,0.0,thousand_tonnes,EIA_INTL_v2:productId=14
FJI,2023,coal_lignite,0.0,thousand_tonnes,EIA_INTL_v2:productId=14
FLK,2023,coal_lignite,0.0,thousand_tonnes,EIA_INTL_v2:productId=14
FRA,2023,coal_lignite,0.0,thousand_tonnes,EIA_INTL_v2:productId=14
FRO,2023,coal_lignite,0.0,thousand_tonnes,EIA_INTL_v2:productId=14
FSM,2023,coal_lignite,0.0,thousand_tonnes,EIA_INTL_v2:productId=14
GAB,2023,coal_lignite,0.0,thousand_tonnes,EIA_INTL_v2:productId=14
GBR,2023,coal_lignite,0.0,thousand_tonnes,EIA_INTL_v2:productId=14
GEO,2023,coal_lignite,147.89982410983626,thousand_tonnes,EIA_INTL_v2:productId=14
GHA,2023,coal_lignite,0.0,thousand_tonnes,EIA_INTL_v2:productId=14
GIB,2023,coal_lignite,0.0,thousand_tonnes,EIA_INTL_v2:productId=14
GIN,2023,coal_lignite,0.0,thousand_tonnes,EIA_INTL_v2:productId=14
GMB,2023,coal_lignite,0.0,thousand_tonnes,EIA_INTL_v2:productId=14
GNB,2023,coal_lignite,0.0,thousand_tonnes,EIA_INTL_v2:productId=14
GNQ,2023,coal_lignite,0.0,thousand_tonnes,EIA_INTL_v2:productId=14
GRC,2023,coal_lignite,10468.587550211168,thousand_tonnes,EIA_INTL_v2:productId=14
GRD,2023,coal_lignite,0.0,thousand_tonnes,EIA_INTL_v2:productId=14
GRL,2023,coal_lignite,0.0,thousand_tonnes,EIA_INTL_v2:productId=14
GTM,2023,coal_lignite,0.0,thousand_tonnes,EIA_INTL_v2:productId=14
GUM,2023,coal_lignite,0.0,thousand_tonnes,EIA_INTL_v2:productId=14
GUY,2023,coal_lignite,0.0,thousand_tonnes,EIA_INTL_v2:productId=14
HKG,2023,coal_lignite,0.0,thousand_tonnes,EIA_INTL_v2:productId=14
HND,2023,coal_lignite,0.0,thousand_tonnes,EIA_INTL_v2:productId=14
HRV,2023,coal_lignite,0.0,thousand_tonnes,EIA_INTL_v2:productId=14
HTI,2023,coal_lignite,0.0,thousand_tonnes,EIA_INTL_v2:productId=14
HUN,2023,coal_lignite,4071.9951573715566,thousand_tonnes,EIA_INTL_v2:productId=14
IDN,2023,coal_lignite,155032.52725963577,thousand_tonnes,EIA_INTL_v2:productId=14
IND,2023,coal_lignite,42119.94990876473,thousand_tonnes,EIA_INTL_v2:productId=14
IRL,2023,coal_lignite,0.0,thousand_tonnes,EIA_INTL_v2:productId=14
IRN,2023,coal_lignite,0.0,thousand_tonnes,EIA_INTL_v2:productId=14
IRQ,2023,coal_lignite,0.0,thousand_tonnes,EIA_INTL_v2:productId=14
ISL,2023,coal_lignite,0.0,thousand_tonnes,EIA_INTL_v2:productId=14
ISR,2023,coal_lignite,0.0,thousand_tonnes,EIA_INTL_v2:productId=14
ITA,2023,coal_lignite,0.0,thousand_tonnes,EIA_INTL_v2:productId=14
JAM,2023,coal_lignite,0.0,thousand_tonnes,EIA_INTL_v2:productId=14
JOR,2023,coal_lignite,0.0,thousand_tonnes,EIA_INTL_v2:productId=14
JPN,2023,coal_lignite,0.0,thousand_tonnes,EIA_INTL_v2:productId=14
KAZ,2023,coal_lignite,5665.073262800211,thousand_tonnes,EIA_INTL_v2:productId=14
KEN,2023,coal_lignite,0.0,thousand_tonnes,EIA_INTL_v2:productId=14
KGZ,2023,coal_lignite,3137.0972692007535,thousand_tonnes,EIA_INTL_v2:productId=14
KHM,2023,coal_lignite,26.760968174464693,thousand_tonnes,EIA_INTL_v2:productId=14
KIR,2023,coal_lignite,0.0,thousand_tonnes,EIA_INTL_v2:productId=14
KNA,2023,coal_lignite,0.0,thousand_tonnes,EIA_INTL_v2:productId=14
KOR,2023,coal_lignite,0.0,thousand_tonnes,EIA_INTL_v2:productId=14
KWT,2023,coal_lignite,0.0,thousand_tonnes,EIA_INTL_v2:productId=14
LAO,2023,coal_lignite,15357.981735489286,thousand_tonnes,EIA_INTL_v2:productId=14
LBN,2023,coal_lignite,0.0,thousand_tonnes,EIA_INTL_v2:productId=14
LBR,2023,coal_lignite,0.0,thousand_tonnes,EIA_INTL_v2:productId=14
LBY,2023,coal_lignite,0.0,thousand_tonnes,EIA_INTL_v2:productId=14
LCA,2023,coal_lignite,0.0,thousand_tonnes,EIA_INTL_v2:productId=14
LKA,2023,coal_lignite,0.0,thousand_tonnes,EIA_INTL_v2:productId=14
LSO,2023,coal_lignite,0.010957967646109507,thousand_tonnes,EIA_INTL_v2:productId=14
LTU,2023,coal_lignite,0.0,thousand_tonnes,EIA_INTL_v2:productId=14
LUX,2023,coal_lignite,0.0,thousand_tonnes,EIA_INTL_v2:productId=14
LVA,2023,coal_lignite,0.0,thousand_tonnes,EIA_INTL_v2:productId=14
MAC,2023,coal_lignite,0.0,thousand_tonnes,EIA_INTL_v2:productId=14
MAR,2023,coal_lignite,0.0,thousand_tonnes,EIA_INTL_v2:productId=14
MDA,2023,coal_lignite,0.0,thousand_tonnes,EIA_INTL_v2:productId=14
MDG,2023,coal_lignite,0.0,thousand_tonnes,EIA_INTL_v2:productId=14
MDV,2023,coal_lignite,0.0,thousand_tonnes,EIA_INTL_v2:productId=14
MEX,2023,coal_lignite,271.9996765238368,thousand_tonnes,EIA_INTL_v2:productId=14
MKD,2023,coal_lignite,3999.539243539898,thousand_tonnes,EIA_INTL_v2:productId=14
MLI,2023,coal_lignite,0.0,thousand_tonnes,EIA_INTL_v2:productId=14
MLT,2023,coal_lignite,0.0,thousand_tonnes,EIA_INTL_v2:productId=14
MMR,2023,coal_lignite,705.9991603890765,thousand_tonnes,EIA_INTL_v2:productId=14
MNE,2023,coal_lignite,1862.1977853775327,thousand_tonnes,EIA_INTL_v2:productId=14
MNG,2023,coal_lignite,9590.870338648087,thousand_tonnes,EIA_INTL_v2:productId=14
MNP,2023,coal_lignite,0.0,thousand_tonnes,EIA_INTL_v2:productId=14
MOZ,2023,coal_lignite,0.0,thousand_tonnes,EIA_INTL_v2:productId=14
MRT,2023,coal_lignite,0.0,thousand_tonnes,EIA_INTL_v2:productId=14
MSR,2023,coal_lignite,0.0,thousand_tonnes,EIA_INTL_v2:productId=14
MUS,2023,coal_lignite,0.0,thousand_tonnes,EIA_INTL_v2:productId=14
MWI,2023,coal_lignite,0.0011291532237812424,thousand_tonnes,EIA_INTL_v2:productId=14
MYS,2023,coal_lignite,0.0,thousand_tonnes,EIA_INTL_v2:productId=14
NAM,2023,coal_lignite,0.0,thousand_tonnes,EIA_INTL_v2:productId=14
NCL,2023,coal_lignite,0.0,thousand_tonnes,EIA_INTL_v2:productId=14
NER,2023,coal_lignite,238.58171626621336,thousand_tonnes,EIA_INTL_v2:productId=14
NGA,2023,coal_lignite,0.0,thousand_tonnes,EIA_INTL_v2:productId=14
NIC,2023,coal_lignite,0.0,thousand_tonnes,EIA_INTL_v2:productId=14
NIU,2023,coal_lignite,0.0,thousand_tonnes,EIA_INTL_v2:productId=14
NLD,2023,coal_lignite,0.0,thousand_tonnes,EIA_INTL_v2:productId=14
NOR,2023,coal_lignite,0.0,thousand_tonnes,EIA_INTL_v2:productId=14
NPL,2023,coal_lignite,0.0,thousand_tonnes,EIA_INTL_v2:productId=14
NRU,2023,coal_lignite,0.0,thousand_tonnes,EIA_INTL_v2:productId=14
NZL,2023,coal_lignite,275.4327624410325,thousand_tonnes,EIA_INTL_v2:productId=14
OMN,2023,coal_lignite,0.0,thousand_tonnes,EIA_INTL_v2:productId=14
PAK,2023,coal_lignite,5267.99373502784,thousand_tonnes,EIA_INTL_v2:productId=14
PAN,2023,coal_lignite,0.0,thousand_tonnes,EIA_INTL_v2:productId=14
PER,2023,coal_lignite,0.0,thousand_tonnes,EIA_INTL_v2:productId=14
PHL,2023,coal_lignite,0.0,thousand_tonnes,EIA_INTL_v2:productId=14
PNG,2023,coal_lignite,0.0,thousand_tonnes,EIA_INTL_v2:productId=14
POL,2023,coal_lignite,40100.54331034809,thousand_tonnes,EIA_INTL_v2:productId=14
PRI,2023,coal_lignite,0.0,thousand_tonnes,EIA_INTL_v2:productId=14
PRK,2023,coal_lignite,0.0,thousand_tonnes,EIA_INTL_v2:productId=14
PRT,2023,coal_lignite,0.0,thousand_tonnes,EIA_INTL_v2:productId=14
PRY,2023,coal_lignite,0.0,thousand_tonnes,EIA_INTL_v2:productId=14
PSE,2023,coal_lignite,0.0,thousand_tonnes,EIA_INTL_v2:productId=14
PYF,2023,coal_lignite,0.0,thousand_tonnes,EIA_INTL_v2:productId=14
QAT,2023,coal_lignite,0.0,thousand_tonnes,EIA_INTL_v2:productId=14
ROU,2023,coal_lignite,14751.982456175148,thousand_tonnes,EIA_INTL_v2:productId=14
RUS,2023,coal_lignite,76915.3825282264,thousand_tonnes,EIA_INTL_v2:productId=14
RWA,2023,coal_lignite,0.0,thousand_tonnes,EIA_INTL_v2:productId=14
SAU,2023,coal_lignite,0.0,thousand_tonnes,EIA_INTL_v2:productId=14
SDN,2023,coal_lignite,0.0,thousand_tonnes,EIA_INTL_v2:productId=14
SEN,2023,coal_lignite,0.0,thousand_tonnes,EIA_INTL_v2:productId=14
SGP,2023,coal_lignite,0.0,thousand_tonnes,EIA_INTL_v2:productId=14
SHN,2023,coal_lignite,0.0,thousand_tonnes,EIA_INTL_v2:productId=14
SLB,2023,coal_lignite,0.0,thousand_tonnes,EIA_INTL_v2:productId=14
SLE,2023,coal_lignite,0.0,thousand_tonnes,EIA_INTL_v2:productId=14
SLV,2023,coal_lignite,0.0,thousand_tonnes,EIA_INTL_v2:productId=14
SOM,2023,coal_lignite,0.0,thousand_tonnes,EIA_INTL_v2:productId=14
SPM,2023,coal_lignite,0.0,thousand_tonnes,EIA_INTL_v2:productId=14
SRB,2023,coal_lignite,33219.09749412139,thousand_tonnes,EIA_INTL_v2:productId=14
SSD,2023,coal_lignite,0.0,thousand_tonnes,EIA_INTL_v2:productId=14
STP,2023,coal_lignite,0.0,thousand_tonnes,EIA_INTL_v2:productId=14
SUR,2023,coal_lignite,0.0,thousand_tonnes,EIA_INTL_v2:productId=14
SVK,2023,coal_lignite,764.999090223291,thousand_tonnes,EIA_INTL_v2:productId=14
SVN,2023,coal_lignite,2439.5360987767804,thousand_tonnes,EIA_INTL_v2:productId=14
SWE,2023,coal_lignite,0.0,thousand_tonnes,EIA_INTL_v2:productId=14
SWZ,2023,coal_lignite,0.0,thousand_tonnes,EIA_INTL_v2:productId=14
SYC,2023,coal_lignite,0.0,thousand_tonnes,EIA_INTL_v2:productId=14
SYR,2023,coal_lignite,0.0,thousand_tonnes,EIA_INTL_v2:productId=14
TCA,2023,coal_lignite,0.0,thousand_tonnes,EIA_INTL_v2:productId=14
TCD,2023,coal_lignite,0.0,thousand_tonnes,EIA_INTL_v2:productId=14
TGO,2023,coal_lignite,0.0,thousand_tonnes,EIA_INTL_v2:productId=14
THA,2023,coal_lignite,12811.984763321312,thousand_tonnes,EIA_INTL_v2:productId=14
TJK,2023,coal_lignite,139.6998338616912,thousand_tonnes,EIA_INTL_v2:productId=14
TKM,2023,coal_lignite,0.0,thousand_tonnes,EIA_INTL_v2:productId=14
TLS,2023,coal_lignite,0.0,thousand_tonnes,EIA_INTL_v2:productId=14
TON,2023,coal_lignite,0.0,thousand_tonnes,EIA_INTL_v2:productId=14
TTO,2023,coal_lignite,0.0,thousand_tonnes,EIA_INTL_v2:productId=14
TUN,2023,coal_lignite,0.0,thousand_tonnes,EIA_INTL_v2:productId=14
TUR,2023,coal_lignite,75613.24607679479,thousand_tonnes,EIA_INTL_v2:productId=14
TUV,2023,coal_lignite,0.0,thousand_tonnes,EIA_INTL_v2:productId=14
TWN,2023,coal_lignite,0.0,thousand_tonnes,EIA_INTL_v2:productId=14
TZA,2023,coal_lignite,0.0,thousand_tonnes,EIA_INTL_v2:productId=14
UGA,2023,coal_lignite,0.0,thousand_tonnes,EIA_INTL_v2:productId=14
UKR,2023,coal_lignite,0.0,thousand_tonnes,EIA_INTL_v2:productId=14
URY,2023,coal_lignite,0.0,thousand_tonnes,EIA_INTL_v2:productId=14
USA,2023,coal_lignite,37081.63619016318,thousand_tonnes,EIA_INTL_v2:productId=14
UZB,2023,coal_lignite,6042.981813371706,thousand_tonnes,EIA_INTL_v2:productId=14
VCT,2023,coal_lignite,0.0,thousand_tonnes,EIA_INTL_v2:productId=14
VEN,2023,coal_lignite,0.0,thousand_tonnes,EIA_INTL_v2:productId=14
VGB,2023,coal_lignite,0.0,thousand_tonnes,EIA_INTL_v2:productId=14
VIR,2023,coal_lignite,0.0,thousand_tonnes,EIA_INTL_v2:productId=14
VNM,2023,coal_lignite,0.0,thousand_tonnes,EIA_INTL_v2:productId=14
VUT,2023,coal_lignite,0.0,thousand_tonnes,EIA_INTL_v2:productId=14
WAK,2023,coal_lignite,0.0,thousand_tonnes,EIA_INTL_v2:productId=14
WSM,2023,coal_lignite,0.0,thousand_tonnes,EIA_INTL_v2:productId=14
XKS,2023,coal_lignite,6923.6507660343805,thousand_tonnes,EIA_INTL_v2:productId=14
YEM,2023,coal_lignite,0.0,thousand_tonnes,EIA_INTL_v2:productId=14
ZAF,2023,coal_lignite,0.0,thousand_tonnes,EIA_INTL_v2:productId=14
ZMB,2023,coal_lignite,0.0,thousand_tonnes,EIA_INTL_v2:productId=14
ZWE,2023,coal_lignite,0.0,thousand_tonnes,EIA_INTL_v2:productId=14
