iso3_o	iso3_d	emp	pi	txc	revt	t_at
ARG	ARG	159354.0	11306557354.446901	726257990.825	60260525369.63	95458452741.145
ARG	AUS	1.0	6242739.331	0.0	6582965.292	429644.666
ARG	BOL	154.0	1628878.592	1106430.583	118091525.107	76601774.858
ARG	BRA	5868.0	158624294.844	20175099.716	933775420.164	892570977.454
ARG	CHL	2221.0	-1002866699.538	-164426.636	1943391667.461	2179786237.198
ARG	CHN	8.0	46990.22	0.0	2014.26	2750.569
ARG	COL	63.0	327361.771	18434.211	27170699.36	30626556.935
ARG	CYM	1.0	886183.2080999999	0.0	1320.982	0.0
ARG	ECU	70.0	24264986.166	690530.548	160572542.639	8537026.565
ARG	ESP	77.0	104562590.896	4667446.124	140627736.558	129158405.548
ARG	FJT	31819.0	-129390514.758	223751598.257	31326358215.007	29649765570.804
ARG	MEX	1082.0	8633761.7	477138.478	135197516.714	51194705.654
ARG	NLD	0.0	15728047.905600002	967.141	0.0	81614.438
ARG	OAF	15.0	148858.00705	87770.377	7922826.885	7108936.771
ARG	OAM	14.0	28223423.141749997	21.479	6621204.161	12333618.421
ARG	OAS	19990.0	49292240.64215	194549633.606	18793795371.764	16651020209.886
ARG	OTE	20.0	20979086.453099996	0.0	39072656.828	123549.822
ARG	PAN	1.0	-1943847.795	0.0	119310.1	5876762.411
ARG	PER	351.0	10202103.485	72011.771	48249108.001	27368498.898
ARG	PRY	651.0	85264347.653	-4673276.351	359445599.751	2110428844.808
ARG	URY	1042.0	476130693.385	1355268.67	8111035372.048	5004559974.218
ARG	USA	189.0	-122088143.208	5387950.605	494648758.499	2461955133.748
ARG	VEN	0.0	-641126.387	0.0	32894.381	347.937
ARG	ZAF	1.0	-75079.765	597.937	1704.054	0.0
AUS	ARE	413.0	9169170.3	612811.0	128956813.0	45658577.0
AUS	ARG	1225.0	25646938.0	6791801.0	611761327.0	224404609.0
AUS	AUS	1184558.0	58131806729.75	22888649555.0	483138488185.0	422770810614.0
AUS	AUT	345.0	19038055.0	3808137.0	239538864.0	75184907.0
AUS	BEL	1569.0	135854603.0	36635053.0	1120726870.0	507702679.0
AUS	BGR	123.0	3292269.0	513749.0	22625901.0	3880904.0
AUS	BMU	25.0	328684095.0	137878.0	234733104.0	170336801.0
AUS	BRA	4932.0	-437410809.0	75196131.0	1415402634.0	1301570054.0
AUS	BWA	1.0	2011892.0	447793.0	3790512.0	655637.0
AUS	CAN	12964.0	465376680.0	105793139.0	3232711723.0	5956397570.0
AUS	CHE	3840.0	1838153247.3	155344230.0	924081127.0	2490381139.0
AUS	CHL	21626.0	3810420381.0	1041091122.0	10735472726.0	17370434904.0
AUS	CHN	18753.0	299033177.0	74308343.0	2006405422.0	1803747412.0
AUS	COL	2265.0	104668490.0	9003756.0	274170622.0	816244435.0
AUS	CRI	17.0	958051.0	228531.0	3030311.0	3182792.0
AUS	CYM	3.0	530896677.3	1856337.0	624072895.0	121022296.0
AUS	CZE	939.0	14769309.0	1324403.0	102221765.0	40596845.0
AUS	DEU	13097.0	1447530790.0	239558197.0	3407973908.0	3056382107.0
AUS	DNK	427.0	50589397.0	1547901.0	149634566.0	67317352.0
AUS	DOM	163.0	6782002.0	-831956.0	29097287.0	8033596.0
AUS	ECU	103.0	-14023472.0	5083631.0	112899186.0	46064589.0
AUS	EGY	73.0	-50863.0	158992.0	13133707.0	1146951.0
AUS	ESP	1503.0	75492518.0	20065437.0	925397511.0	226976747.0
AUS	FIN	334.0	-1103017.0	278057.0	86960763.0	33382699.0
AUS	FJI	2090.0	22463341.0	15710447.0	282786022.0	154573040.0
AUS	FJT	455262.0	31737826499.0	4727675014.0	179672645742.0	121473147900.0
AUS	FRA	24605.0	267896214.0	62060566.0	4434506928.0	1649913216.0
AUS	GBR	33592.0	5476771925.0	311614156.0	13301832637.0	10743619223.0
AUS	GGY	0.0	97484778.9	-1628.0	33418214.0	3024521.0
AUS	GHA	152.0	2102769.0	-1598522.0	29628203.0	8667860.0
AUS	HKG	4325.0	459202394.7	43450159.0	2688657825.0	726546227.0
AUS	HUN	121.0	4625796.600000001	817697.0	36594754.0	5773508.0
AUS	IDN	16633.0	439481446.0	64661518.0	2398234794.0	1309336313.0
AUS	IND	20222.0	142458983.0	58013469.0	469251127.0	203706012.0
AUS	IRL	726.0	148320522.9	5527145.0	786052826.0	2974669622.0
AUS	ITA	1226.0	70851996.0	31773238.0	866436787.0	269650841.0
AUS	JEY	58.0	19980426.6	264348.0	38815192.0	91832697.0
AUS	JPN	3817.0	211663395.0	71543305.0	1049820358.0	977051245.0
AUS	KAZ	1256.0	24023602.0	5848586.0	402249776.0	25382874.0
AUS	KOR	887.0	55763945.0	24318865.0	-133658506.0	128500207.0
AUS	LUX	30.0	183926663.1	3938160.0	257719722.0	66313444.0
AUS	MAR	185.0	-20631908.0	604925.0	18600246.0	11224798.0
AUS	MEX	5032.0	-94785584.0	11803637.0	793573996.0	492589779.0
AUS	MLT	10.0	-5898410.0	2154698.0	25698739.0	15360819.0
AUS	MMR	462.0	-33224940.0	5999.0	11155077.0	11610911.0
AUS	MOZ	1170.0	67067185.0	489963.0	54398994.0	555964458.0
AUS	MUS	2.0	50837739.300000004	-3305915.0	40447606.0	20314922.0
AUS	MYS	8638.0	153042409.0	14658964.0	670010245.0	373539244.0
AUS	NAM	78.0	1004665.0	541504.0	10663984.0	1114247.0
AUS	NCL	95.0	8372547.0	373254.0	73090105.0	17702042.0
AUS	NLD	1272.0	30760362.0	13011905.0	495610995.0	221966011.0
AUS	NOR	873.0	-30536991.0	-1310766.0	294428809.0	144412172.0
AUS	NZL	81367.0	6525615764.0	1522283032.0	29820084579.0	6356503436.0
AUS	OAF	4208.0	87106473.75	9607038.0	657843894.0	594520296.0
AUS	OAM	241.0	-15165151.0	2909746.0	122290160.0	244259910.0
AUS	OAS	8634.0	136504163.35	18155931.0	833221587.0	235363045.0
AUS	OTE	326.0	47589243.949999996	-2207791.0	249933318.0	18041310.0
AUS	PAN	88.0	6723396.0	142878.0	121930090.0	15943018.0
AUS	PER	1840.0	1598180.0	39745387.0	383115571.0	211252728.0
AUS	PHL	11103.0	67748619.0	7218793.0	287581431.0	172300989.0
AUS	PNG	9022.0	730353557.0	75965414.0	2663110781.0	9259836969.0
AUS	POL	1760.0	64697497.0	8219354.0	532472304.0	213936763.0
AUS	PRT	1191.0	26480293.0	5841237.0	263098224.0	119396545.0
AUS	ROU	120.0	730496.0	681205.0	50129960.0	11184470.0
AUS	RUS	1967.0	66014075.0	10592486.0	422390022.0	198565250.0
AUS	SGP	7774.0	1174657411.8	32703249.0	36620536388.0	4154114167.0
AUS	SLB	249.0	13320466.0	2498508.0	61026995.0	13511934.0
AUS	STA	0.0	83394.0	0.0	2427744.0	0.0
AUS	SVK	36.0	-281450.0	182241.0	7155980.0	6063119.0
AUS	SWE	1135.0	23014258.0	9606638.0	312862219.0	97436567.0
AUS	THA	8229.0	86436433.0	8140525.0	1172919608.0	686171957.0
AUS	TLS	233.0	84327469.0	26026806.0	176299525.0	145678172.0
AUS	TTO	1084.0	-144197264.0	6668998.0	366002095.0	527979876.0
AUS	TUR	1010.0	13937010.0	1839609.0	292606955.0	109791138.0
AUS	TWN	274.0	61648868.0	3988416.0	286255308.0	25766426.0
AUS	TZA	113.0	-1449924.0	-1994546.0	34970198.0	8624472.0
AUS	UKR	842.0	6796085.0	1967618.0	34994547.0	24157376.0
AUS	USA	81852.0	6676824919.0	262418691.0	45781753175.0	39993863103.0
AUS	VGB	0.0	2423531.7	10834.0	-783098.0	1264779.0
AUS	VNM	3166.0	189831927.0	46614641.0	577590976.0	186424034.0
AUS	VUT	160.0	9510715.0	0.0	38856348.0	12209839.0
AUS	ZAF	14807.0	444999541.0	113682190.0	1650501387.0	2245513146.0
AUS	ZMB	134.0	-4844863.0	-1757267.0	14642471.0	8407212.0
AUT	AFRIC	5316.0	610142691.5238999	459330645.058	1077672387.839	1992660963.839
AUT	AMER	93571.0	597298496.5924499	204391.321	40306368788.064	19487567774.887
AUT	ASIAT	89380.0	1591714527.86405	171709487.011	20011589292.439	12816110950.01
AUT	AUT	327848.0	11219114529.999352	1226012772.351	119446063324.17	101556340717.13
AUT	EUROP	516067.0	13152733796.48175	1722542672.865	151803251588.06	69788731428.203
AUT	FJT	704334.0	15951889512.46215	2353787196.255	213198882056.4	104085071116.94
BEL	AUS	6100.0	976600000.0	38500000.0	3930200000.0	2244600000.0
BEL	BEL	174700.0	9054650000.0	2335900000.0	93687200000.0	100636900000.0
BEL	BRA	36700.0	3917000000.0	-95100000.0	8540400000.0	4551000000.0
BEL	DEU	37000.0	714000000.0	165200000.0	16405100000.0	16588500000.0
BEL	ESP	5700.0	652900000.0	64500000.0	2021900000.0	1603100000.0
BEL	FJT	529500.0	145531260000.0	4038500000.0	180710200000.0	114871400000.0
BEL	FRA	64700.0	468600000.0	146800000.0	10512100000.0	6385700000.0
BEL	GBR	14500.0	48184400000.0	135900000.0	12459100000.0	2897600000.0
BEL	HKG	1400.0	89820000.0	10400000.0	1490800000.0	306000000.0
BEL	IND	9100.0	33700000.0	47200000.0	1438400000.0	953100000.0
BEL	ITA	5300.0	45600000.0	51100000.0	2673800000.0	1222400000.0
BEL	LUX	3400.0	3496050000.0	34700000.0	6845400000.0	3271000000.0
BEL	MEX	36600.0	2478800000.0	417000000.0	10091800000.0	5078800000.0
BEL	NLD	20100.0	68236740000.0	348600000.0	7747100000.0	18400600000.0
BEL	OAF	25600.0	1024195000.0	173900000.0	5636500000.0	3872800000.0
BEL	OAM	51200.0	6830880000.0	1156900000.0	17594200000.0	11972300000.0
BEL	OAS	81400.0	1786760000.0	451600000.0	16418800000.0	8905800000.0
BEL	OTE	68300.0	3751075000.0	446400000.0	23205000000.0	11598500000.0
BEL	POL	7000.0	73000000.0	41500000.0	1170300000.0	785700000.0
BEL	RUS	4400.0	-3800000.0	10900000.0	705700000.0	378500000.0
BEL	USA	51100.0	1749300000.0	392300000.0	31823400000.0	13855500000.0
BMU	ARE	813.0	7682147.100000001	23750.0	27840231.0	30130401.0
BMU	ARG	3952.0	88264623.0	2628655.0	1092774052.0	556297822.0
BMU	AUS	3332.0	92841345.458	29437058.81	994690291.224	721385490.6
BMU	AUT	580.0	-10953491.791	2721279.64	382796699.836	167218549.423
BMU	BEL	949.0	6953871.214	19682634.097	445374485.167	250815562.37
BMU	BGD	2177.0	17611822.0	5557319.0	116892944.0	96044958.0
BMU	BGR	59.0	-5166869.444	30712.972	7463536.906	3260577.463
BMU	BHR	2.0	-3132182.0	0.0	30154.0	208706.0
BMU	BHS	2754.0	-2035295.372	0.0	237515689.0	541342945.602
BMU	BMU	3754.0	2601190857.597	59663056.0	18788105628.011	36922043032.34
BMU	BOL	2694.0	46864005.532	10335854.774	323093493.307	2248429948.069
BMU	BRA	19524.0	-38923945.0	9675128.0	4846627628.0	2556556280.0
BMU	BRB	539.0	13207745.700000001	12052361.0	518594890.0	575582309.0
BMU	BWA	221.0	-5175302.0	774185.0	7657355.0	73918381.0
BMU	CAN	6482.0	327377114.309	134711082.564	4038042744.17	1078050438.822
BMU	CHE	3037.0	-224586540.602	41962641.0	8645243802.223	3600166658.383
BMU	CHL	3519.0	198822031.296	65120155.708	1371378774.592	753946967.982
BMU	CHN	144863.0	4054225560.728	856574317.269	37957119375.643	25782333408.987
BMU	COK	0.0	9420909.0	0.0	22.0	0.0
BMU	COL	4211.0	20074880.826	13869317.949	414027820.521	188051312.026
BMU	CRI	961.0	-5482605.0	2220442.0	45483128.0	73104059.0
BMU	CUW	213.0	44208239.4	2649531.0	111785020.0	76710273.0
BMU	CYM	141.0	27299214.468900003	135323.0	552498443.785	1116064529.126
BMU	CYP	21.0	-41575457.0	74017.0	2109111.0	38061739.0
BMU	CZE	1024.0	-3535338.0	123850.0	81662896.0	10972091.0
BMU	DEU	9843.0	-131859852.975	34524160.827	4141160005.45	2601942350.625
BMU	DNK	305.0	759022.06	624108.906	55146702.175	142002744.975
BMU	DOM	66.0	6458957.0	3835064.0	40975809.0	36860736.0
BMU	ECU	151.0	1371818.0	294158.0	13038922.0	1813655.0
BMU	EGY	85.0	497300.0	9253.0	36083443.0	17335146.0
BMU	ESP	2469.0	220354810.556	28220636.93	3092945179.883	1106676711.502
BMU	FIN	258.0	-7138998.134	675451.0	77811196.0	236724855.0
BMU	FJT	826702.0	18024249084.673	4990902112.226	274758231414.07	243286837122.63
BMU	FRA	3469.0	220030254.01	92335560.588	2405869630.057	1515347774.172
BMU	GBR	26238.0	888673625.873	235321912.545	18160374949.499	29531085449.004
BMU	GGY	25.0	24517014.3	0.0	119422272.0	14740.0
BMU	GHA	62.0	-1565574.0	0.0	463203.0	36580169.0
BMU	GRC	23.0	802589.0	578091.0	4943541.0	730064.0
BMU	GTM	1320.0	95606.0	925035.0	17819356.0	29395030.0
BMU	HKG	41700.0	2823777433.4121	300352081.97	27168650289.064	57113376833.539
BMU	HND	132.0	-1712270.0	1792996.0	19767687.0	16955714.0
BMU	HUN	1575.0	18268823.5119	278741.821	412427831.448	174762163.767
BMU	IDN	159943.0	2639381272.883	423224775.484	19339938474.244	12532918234.678
BMU	IMN	15.0	1994544.0	0.0	134885786.0	749653502.0
BMU	IND	93376.0	305686075.389	69049663.587	1748109459.238	923983899.704
BMU	IRL	1302.0	-209712746.676	12159559.0	1288250617.072	674666800.647
BMU	ISR	929.0	-52087199.0	496215.0	6115435.0	13992219.0
BMU	ITA	3281.0	28216369.915	35697683.559	1998934099.248	684914905.999
BMU	JAM	2490.0	83850406.0	24594777.0	772450250.0	913118684.0
BMU	JEY	12.0	-29364153.035	452472.0	1504657.0	41139609.342
BMU	JPN	3713.0	60337793.225	25399536.732	1241336162.156	815917838.763
BMU	KEN	2649.0	8301120.0	1678779.0	79311940.0	45256297.0
BMU	KHM	1182.0	-2562625.0	1575736.0	70663035.0	165282602.0
BMU	KOR	862.0	13831344.232	1283925.0	187695605.227	55219101.358
BMU	KWT	280.0	335114.0	6425097.0	61812.0	132.0
BMU	LBR	0.0	-80866023.754	0.0	305.0	51491862.0
BMU	LIE	1.0	59850429.0	1259951.0	15914231.0	0.0
BMU	LUX	264.0	607139444.0943	27231876.892	920424825.721	2142265437.182
BMU	MAC	2534.0	264128686.81470004	5042796.027	3974248728.475	373264898.477
BMU	MAR	40.0	469103.0	297124.0	16478411.0	2825016.0
BMU	MEX	5230.0	25437691.99	26886090.0	1160493881.505	569919446.707
BMU	MHL	2644.0	75954771.0	37855.0	139443740.0	5953935392.0
BMU	MLT	715.0	658745918.1	925367.0	7777.0	257664454.0
BMU	MMR	886.0	-22097414.0	0.0	44183661.0	243984151.0
BMU	MNG	882.0	-58897727.957	374551.0	35667185.417	478480793.297
BMU	MUS	16.0	10859073.3	-18498218.0	77962097.0	419861679.0
BMU	MYS	18575.0	-532040869.389	22453268.344	2735816701.387	1236708232.241
BMU	NGA	197.0	75082739.0	9746030.0	207879148.0	226132.0
BMU	NIC	4.0	1141057.0	6621.0	2777669.0	4946272.0
BMU	NLD	6561.0	-442720219.248	47204716.566	3388689893.911	8163953766.103
BMU	NOR	2827.0	-631303646.901	9973035.0	764672299.0	1571010193.0
BMU	NZL	652.0	10413471.651	975112.893	64873167.783	124671176.449
BMU	OAF	2402.0	12849337.1	21261408.0	278401509.0	626887956.0
BMU	OAM	2058.0	246106399.6	94651200.0	1061198796.0	839544878.0
BMU	OAS	8466.0	101354741.89999999	25603595.0	828706742.0	1214730587.0
BMU	OMN	406.0	2987751.0	227995.0	3122353.0	73567.0
BMU	OTE	84.0	-1650151.0	158479.0	31668937.0	20074922.0
BMU	PAN	9635.0	-441789904.841	33874519.0	914597299.738	3721604569.734
BMU	PER	30974.0	1619130007.084	421562872.719	3288188010.583	3077791463.583
BMU	PHL	16838.0	57138994.332	16642605.533	783615363.007	250889775.071
BMU	POL	2449.0	19384341.0	7306530.0	1073389904.0	250887809.0
BMU	PRI	1119.0	65853964.800000004	6450486.0	453213336.0	790950527.0
BMU	PRT	658.0	4290364.647	2495210.565	377746090.413	91064982.795
BMU	QAT	119.0	-27996574.0	81812.0	9511175.0	82.0
BMU	ROU	4597.0	-28680293.233	1184405.64	374183401.0	275740210.998
BMU	RUS	3764.0	3364298840.0	1199758514.0	6826549420.0	13312506608.0
BMU	SAU	4279.0	27223197.0	5488123.0	170145511.0	3339161.0
BMU	SGP	14409.0	-549419739.664	104619602.97	26761111986.524	7447065981.981
BMU	STA	0.0	158464125.0	218259.0	973854564.0	4513203531.0
BMU	SVK	256.0	-1615683.0	3297.0	11270208.0	3940962.0
BMU	SWE	632.0	525948.131	2050998.426	215863604.715	1164509268.272
BMU	THA	4850.0	44815148.909	11452130.0	498525837.065	171896382.77
BMU	TTO	1436.0	31780645.0	17942283.0	425807386.0	525081518.0
BMU	TUR	791.0	7009955.0	783830.0	686142777.0	108012464.0
BMU	TWN	10563.0	54298409.0	10078757.0	1170843629.0	255052243.0
BMU	UKR	1410.0	12663162.73	5111011.0	170081996.081	308807076.839
BMU	URY	59.0	65490657.65	496344.0	5357765589.152	304797196.0
BMU	USA	94844.0	804038705.862	270836120.963	62022607857.384	30278731389.604
BMU	VCT	142.0	6509754.0	3800307.0	42358219.0	51633588.0
BMU	VEN	320.0	-15354433.0	74902.0	5804211.0	4509546.0
BMU	VGB	1574.0	828761284.8477	10785828.119	825005105.021	1188974838.432
BMU	VNM	3061.0	19311244.676	1823859.0	104042418.435	69117744.762
BMU	WSM	95.0	112896491.299	5985362.268	38227944.0	21834062.0
BMU	ZAF	2561.0	206527692.944	62010201.569	568286575.616	82051958.402
BRA	ARE	1019.0	-37774020.866	0.0	388717505.023	3481988.823
BRA	ARG	22178.0	571595793.972	89038998.8	5460779966.4	2126272003.837
BRA	AUS	11118.0	2393960957.955	30993926.625	9559982314.906	1264029892.411
BRA	AUT	524.0	514219930.331	16481906.402	4933308190.614	9788435668.164
BRA	BEL	78.0	29336910.085	990689.45	135989369.871	187314578.985
BRA	BHS	22.0	162165326.6961	0.0	29452303906.66	81585796.838
BRA	BMU	9.0	15506519.8221	0.0	28930931.101	94060.405
BRA	BOL	1000.0	54831508.053	3399013.319	268638464.376	397878896.986
BRA	BRA	1409971.0	37333946440.42375	12547624901.841	605210401649.33	582086370308.96
BRA	CAN	13755.0	-547115146.015	214114583.654	3449043154.508	8731810765.48
BRA	CHE	299.0	2046931676.7129002	40166248.271	35234871655.405	6849782125.652
BRA	CHL	8002.0	266697528.71	-106293584.98	8901767502.669	475299923.869
BRA	CHN	6347.0	96975603.533	13395869.383	2375214292.945	746299714.954
BRA	COL	7756.0	38605649.945	73566384.392	6495458226.801	1135041499.91
BRA	CYM	157.0	28096502.0589	468066480.811	40720120569.655	7680949601.79
BRA	DEU	2783.0	406997553.342	3390578.657	1702809814.644	2262323533.437
BRA	ESP	2147.0	224751969.451	30156758.914	1000414823.923	326992517.742
BRA	FJT	243646.0	12186107418.7395	1445391709.368	262073931687.71	154144574411.39
BRA	FRA	1238.0	37074860.972	5845062.654	1074244287.518	204276583.252
BRA	GBR	12603.0	1688061809.444	49776489.774	6112706241.561	5502687811.581
BRA	HKG	1073.0	1260281616.9309	19412585.239	5114892532.973	93802385.059
BRA	IND	2309.0	1273725.261	-961128.188	218311476.39	152248436.748
BRA	ITA	1123.0	38834787.129	1136820.997	593381508.521	194634836.504
BRA	JPN	382.0	52017031.949	9045898.556	540224647.82	26122160.498
BRA	LUX	168.0	1817948701.2825	46901829.609	1732782739.652	9235193264.604
BRA	MEX	29221.0	308301023.35	61126576.224	4502925204.007	6130822112.126
BRA	NLD	685.0	-1015026961.579	288848958.308	23068832302.434	63059732474.544
BRA	OAF	13065.0	-749295362.504	-84355357.758	1061789182.662	2321684796.938
BRA	OAM	14842.0	-65661676.722	-32729042.154	5661215823.659	697118897.834
BRA	OAS	25866.0	571192914.5155	44228156.617	2015577529.441	5112120090.292
BRA	OTE	9649.0	-342596009.839	4035871.368	1705619438.914	898868082.429
BRA	PER	5678.0	273309044.519	88410830.105	1677622436.389	1087192714.347
BRA	PRT	4069.0	650616395.873	9248457.989	950871751.592	655830214.827
BRA	PRY	4291.0	183105769.505	12376900.309	2142376070.521	870578139.919
BRA	SGP	640.0	158043555.9189	7929241.217	8584781650.386	1248109539.094
BRA	URY	9737.0	24907329.286	64421307.734	3774259788.184	1069824760.015
BRA	USA	27775.0	1649718637.179	-20804069.538	17694325644.05	13208335519.936
BRA	VEN	301.0	-48478111.716	-108.927	23064628921.777	93586057.102
BRA	VGB	9.0	23511390.2388	19657.726	87964591.761	27237953.881
BRA	ZAF	1728.0	-598004391.858	-5991082.189	586247228.004	196975010.577
CAN	AFRIC	61830.0	1303835100.0	260076000.0		15394195000.0
CAN	AUS	17750.0	681191000.0	231841000.0	8206635000.0	7490239000.0
CAN	CAN	1586130.0	95846600850.0	17584530000.0	679543111000.0	744490507000.0
CAN	CHN	55290.0	1844741000.0	326652000.0	8762600000.0	7355686000.0
CAN	ESP	8480.0	490745000.0	87474000.0		1479181000.0
CAN	FJT	1609540.0	60340772850.0	9924977000.0	575193867000.0	515966526000.0
CAN	FRA	21840.0	361859000.0	133495000.0	5079871000.0	3545505000.0
CAN	GBR	78250.0	-1270587000.0	749274000.0	29232803000.0	34272052000.0
CAN	ITA		202776000.0	11085000.0	2080666000.0	
CAN	NLD	16700.0	1614231000.0	146406000.0	4893764000.0	6939273000.0
CAN	OAM	196290.0	13163894450.0	2806600000.0	40735768000.0	50866348000.0
CAN	OAS	186060.0	3291020400.0	534157000.0	35886332000.0	9758552000.0
CAN	OTE	216730.0		1096783000.0	68666627000.0	41615937000.0
CAN	USA	654120.0	30164018000.0	2892098000.0	352631024000.0	321722928000.0
CHE	AGO	908.0	-14728489.0	2651816.0	138914196.0	538218323.0
CHE	ALB	281.0	8240609.0	1259817.0	36474013.0	8481801.0
CHE	ARE	16919.0	1140569085.6000001	20212509.0	9340818036.0	16444768018.0
CHE	ARG	15951.0	107334647.0	135103041.0	4469528432.0	1699715419.0
CHE	AUS	32696.0	3176540644.0	612766750.0	21633983956.0	25051534042.0
CHE	AUT	27743.0	794682059.0	127424815.0	8553436884.0	4378605665.0
CHE	AZE	567.0	14696919.0	1643132.0	138640688.0	181798976.0
CHE	BEL	16732.0	1274141683.0	182131400.0	7934293388.0	4553564477.0
CHE	BFA	2151.0	8302217.0	2441785.0	233014083.0	92373331.0
CHE	BGD	2774.0	65279456.0	24860435.0	475574141.0	452235658.0
CHE	BGR	9977.0	104007023.0	10329887.0	736466843.0	545961630.0
CHE	BHR	376.0	20477590.0	825351.0	135286592.0	51595499.0
CHE	BIH	375.0	22815418.0	3159735.0	147713573.0	37973480.0
CHE	BLR	1825.0	17249207.0	4371943.0	123913626.0	97069313.0
CHE	BMU	275.0	2590894797.3	55388562.0	3082979976.0	75864716.0
CHE	BOL	3503.0	18379468.0	5328822.0	234943348.0	285882063.0
CHE	BRA	64980.0	1106131431.0	523968800.0	16988202631.0	6013474504.0
CHE	BRB	401.0	-99476973.0	4329489.0	78429440.0	15790542.0
CHE	BRN	157.0	4719942.0	298298.0	2121217.0	15858216.0
CHE	CAN	40523.0	1507374863.0	203590183.0	17278283218.0	11453788834.0
CHE	CHE	469615.0	37416358708.3	5146652704.0	314912654756.0	240286222119.0
CHE	CHL	22674.0	1247292522.0	196312349.0	6361853783.0	2581315683.0
CHE	CHN	153832.0	3587691180.0	881207888.0	39588331392.0	17550537115.0
CHE	CIV	6486.0	91419466.0	14920239.0	583540107.0	702539345.0
CHE	CMR	778.0	8444615.0	12344123.0	168631602.0	237394062.0
CHE	COD	17238.0	-63509237.0	330328147.0	38592781.0	8056531087.0
CHE	COL	25272.0	149942656.0	120944838.0	4077525581.0	2530888391.0
CHE	CRI	2542.0	83905007.0	29503637.0	549726695.0	209176366.0
CHE	CUW	2.0	19283459.400000002	435262.0	18870668.0	2273690.0
CHE	CYM	523.0	-1515017366.0	31800977.0	97415267.0	7873887354.0
CHE	CYP	13201.0	-663759890.0	6952670.0	158084428.0	-1328514067.0
CHE	CZE	18981.0	219821240.0	48671187.0	4724371601.0	2014089939.0
CHE	DEU	210595.0	3801796925.0	1228859133.0	77938563940.0	37840009441.0
CHE	DNK	4731.0	102019662.0	33500015.0	2611059262.0	1564351395.0
CHE	DOM	1409.0	52673042.0	9325077.0	372144727.0	99091897.0
CHE	DZA	5289.0	90812403.0	83689876.0	1203332535.0	1753049922.0
CHE	ECU	6278.0	319549592.0	101468707.0	1523550667.0	972127588.0
CHE	EGY	9495.0	106339124.0	31200916.0	1496009835.0	884134306.0
CHE	ESP	36938.0	2187631363.0	179568517.0	19116242971.0	5322975406.0
CHE	EST	1895.0	1692812.0	3786531.0	224423948.0	130600826.0
CHE	FIN	8049.0	506689022.0	163477194.0	3185384732.0	1810022739.0
CHE	FJT	2216961.0	64205673244.75	19092999638.0	889847801282.0	430274643045.0
CHE	FRA	97283.0	1877273931.0	667349132.0	45749423030.0	18586638094.0
CHE	GAB	107.0	1949205.0	3371354.0	45069498.0	8942967.0
CHE	GBR	83220.0	1385263081.0	746088861.0	102604223753.0	23547987401.0
CHE	GEO	283.0	11244145.0	1668765.0	56005338.0	5719662.0
CHE	GGY	286.0	-663153104.0	5289549.0	-146685523.0	2412342365.0
CHE	GHA	2680.0	72104521.0	28797692.0	668032986.0	193289629.0
CHE	GIB	20.0	3328609.5	1384700.0	8667450.0	296837.0
CHE	GRC	6247.0	213508756.0	64220892.0	2400039203.0	876454872.0
CHE	GTM	2187.0	33031198.0	11093179.0	443326930.0	107575328.0
CHE	HKG	16414.0	1761021823.5	297051882.0	9496169072.0	4039170696.0
CHE	HND	441.0	15919396.0	4610600.0	131767072.0	35012937.0
CHE	HRV	3214.0	44216817.0	6389636.0	1080960763.0	404333811.0
CHE	HUN	13611.0	323025965.1	43112528.0	2634746343.0	2869616147.0
CHE	IDN	16985.0	317481172.0	101559462.0	3918924274.0	2204182075.0
CHE	IND	87020.0	1651373322.0	638567352.0	12812973705.0	11764628315.0
CHE	IRL	5742.0	357054814.8	57906694.0	2342104696.0	1570758996.0
CHE	IRN	2074.0	42833526.0	6722142.0	247073134.0	189660789.0
CHE	IRQ	2131.0	-101603305.0	7944461.0	502599488.0	612104327.0
CHE	ISR	6192.0	159360947.0	36520076.0	1884830982.0	621919067.0
CHE	ITA	48953.0	985890566.0	477443149.0	25874563120.0	11372071090.0
CHE	JAM	318.0	9303974.0	1229426.0	85051602.0	12468568.0
CHE	JEY	283.0	119673261.9	4565880.0	293843836.0	267940418.0
CHE	JOR	1952.0	-11024995.0	4306272.0	481522832.0	297556266.0
CHE	JPN	26972.0	1870424575.0	579437196.0	16672416410.0	6057534711.0
CHE	KAZ	25780.0	806385193.0	206493242.0	1560249438.0	4358185883.0
CHE	KEN	12654.0	242163082.0	67880722.0	1425116694.0	1223885643.0
CHE	KHM	2273.0	15854005.0	3430114.0	282838339.0	53250896.0
CHE	KOR	7614.0	605472922.0	88160652.0	4974473299.0	1060689756.0
CHE	KWT	1257.0	41295376.0	2055014.0	606266149.0	153793272.0
CHE	LBN	1141.0	59819055.0	17317602.0	398046859.0	198722697.0
CHE	LBY	24.0	3305308.0	536191.0	9681615.0	4609015.0
CHE	LIE	1881.0	99838799.0	10820938.0	771401063.0	480278364.0
CHE	LKA	1469.0	27687604.0	7273051.0	263578938.0	82206323.0
CHE	LTU	991.0	16085786.0	1637340.0	457284361.0	136576825.0
CHE	LUX	4698.0	-2582852183.0	136783460.0	6331928236.0	6346509492.0
CHE	LVA	1220.0	10436354.0	863676.0	240204891.0	187113736.0
CHE	MAC	739.0	50977556.1	3949755.0	361951352.0	98975211.0
CHE	MAR	4529.0	18881213.0	9728492.0	443532601.0	311620853.0
CHE	MCO	735.0	76641721.0	21075405.0	384346055.0	838268105.0
CHE	MDA	435.0	8974380.0	1173318.0	94441871.0	69685154.0
CHE	MEX	38584.0	1198585571.0	497581416.0	10652276030.0	4068547912.0
CHE	MKD	115.0	3851524.0	381445.0	40352986.0	5621010.0
CHE	MLI	478.0	-4036547.0	2015886.0	26251011.0	27570945.0
CHE	MLT	15513.0	6789669.3	2859869.0	85251219.0	26783042.0
CHE	MMR	3457.0	-4245452.0	3180477.0	221700443.0	61814054.0
CHE	MNE	55.0	1066697.0	251193.0	36435941.0	1442202.0
CHE	MOZ	1828.0	7364154.0	5142450.0	84452257.0	66037294.0
CHE	MUS	564.0	-45149534.0	5756318.0	190195755.0	673894315.0
CHE	MYS	20482.0	510483766.0	103808656.0	5232271277.0	2004914457.0
CHE	NAM	89.0	-1119630.0	494227.0	15560421.0	13343708.0
CHE	NGA	10089.0	157817971.0	38996952.0	2150968415.0	2256246530.0
CHE	NIC	693.0	27843219.0	13054941.0	191101030.0	106036554.0
CHE	NLD	21494.0	644235827.4	108436290.0	12040275788.0	9204347191.0
CHE	NOR	7848.0	-149713314.0	46035089.0	2541492938.0	2668936490.0
CHE	NZL	3023.0	130251508.0	42686979.0	1480480059.0	432692124.0
CHE	OAF	217.0	-4328386.0	406479.0	35798950.0	48699096.0
CHE	OAM	794.0	44282728.1	6347889.0	253974645.0	105785544.0
CHE	OAS	3460.0	41704964.85	13296760.0	291170919.0	164173246.0
CHE	OMN	1414.0	22511705.0	1192453.0	352752268.0	95184589.0
CHE	PAK	30848.0	453447100.0	270366705.0	3006150336.0	1282682986.0
CHE	PAN	2457.0	514161884.0	64913459.0	815015720.0	371842178.0
CHE	PER	29592.0	1328913197.0	315925993.0	2253235347.0	8451640858.0
CHE	PHL	16228.0	788793218.0	242683461.0	4589437631.0	3219746384.0
CHE	PNG	1162.0	21625234.0	4848379.0	100756161.0	58175370.0
CHE	POL	47003.0	403019066.0	108928108.0	7277104251.0	4655909681.0
CHE	PRI	1326.0	-99399326.0	9052150.0	350109638.0	230286097.0
CHE	PRT	7134.0	60121992.0	38283064.0	1806127147.0	597817666.0
CHE	PRY	316.0	14497535.0	3893632.0	79934992.0	14727201.0
CHE	QAT	1680.0	46016174.0	4808785.0	506697291.0	216211447.0
CHE	ROU	18321.0	311564569.0	60236548.0	3653685725.0	2565796320.0
CHE	RUS	60591.0	1327308484.0	271033175.0	12750369178.0	7217852589.0
CHE	SAU	11014.0	75197354.0	26607179.0	2496513601.0	1322573757.0
CHE	SEN	783.0	-15446145.0	1850556.0	113359267.0	72419346.0
CHE	SGP	19953.0	1580520196.8	297371745.0	44890466190.0	5585228484.0
CHE	SLV	1006.0	100012449.0	33560381.0	427587736.0	186449176.0
CHE	SRB	4641.0	98476185.0	14991376.0	1159678129.0	457891131.0
CHE	STA	168.0	-6164171.0	2221239.0	-20432005.0	1614067346.0
CHE	SVK	7356.0	45758736.0	15048065.0	1366850436.0	540111091.0
CHE	SVN	1431.0	29598980.0	6347725.0	546914772.0	164854318.0
CHE	SWE	17463.0	858934269.0	132258891.0	6008228581.0	4239797580.0
CHE	THA	25735.0	547152108.0	103692633.0	7296641274.0	1525804692.0
CHE	TTO	1949.0	232370611.0	116943002.0	1768135102.0	2519568767.0
CHE	TUN	1412.0	2141015.0	201568.0	230190593.0	65239699.0
CHE	TUR	18110.0	383547189.0	109083811.0	4058119955.0	1149534295.0
CHE	TWN	9484.0	395950522.0	64745456.0	3403650545.0	663291168.0
CHE	TZA	3451.0	-7547428.0	10290955.0	238826364.0	291804238.0
CHE	UGA	2884.0	70935564.0	15366131.0	367034075.0	1271857879.0
CHE	UKR	79001.0	895183022.0	888252525.0	10598246164.0	18385845282.0
CHE	URY	1182.0	49711852.0	15429764.0	384945315.0	212887939.0
CHE	USA	303601.0	19614658236.0	4823179506.0	216993167322.0	58812996390.0
CHE	UZB	536.0	2990286.0	246740.0	33025337.0	18676792.0
CHE	VEN	3491.0	-35164575.0	1125746.0	205122018.0	545334853.0
CHE	VGB		171126693.0	16426412.0	6567103.0	169633004.0
CHE	VNM	16303.0	207346993.0	39431731.0	1718768290.0	729790953.0
CHE	ZAF	37893.0	2370041873.0	178998693.0	6092184041.0	5737503673.0
CHE	ZMB	17150.0	-1573975685.0	33482533.0	277730957.0	1846477790.0
CHE	ZWE	454.0	5488710.0	8149288.0	152274888.0	76088899.0
CHL	ARG	43449.0	511382259.172	140957955.666	6868920710.784	4776107869.939
CHL	ASIAT	1887.0	12151421.442049999	2164279.141	704917379.263	308511607.915
CHL	BRA	74266.0	450427459.448	3217053313.039	9899511146.778	6931107907.969
CHL	CHL	435068.0	8693150369.63035	2021804425.491	96337441556.809	100027789578.15
CHL	EUROP	2594.0	218034530.28695	27654331.674	4460224450.276	736024570.69
CHL	FJT	263991.0	1610461503.4827497	3726680189.779	52412440115.366	29665748590.595
CHL	OAM	60790.0	235069934.2228	186982917.039	14684585811.274	7686983896.123
CHL	PER	74489.0	-92285632.87	120034544.598	10492253349.924	7262437881.793
CYM	ABW	30.0	141541.0	1012.0	1715589.0	457196.0
CYM	AIA	11.0	35590569.0	0.0	136167061.0	50904.0
CYM	ARE	1700.0	30344338.2366	-23683.428	488703932.325	268820602.482
CYM	ARG	746.0	64418835.928	290482.22	274157676.888	38200203.049
CYM	ATG	3.0	2367163.863	21622.366	16684115.653	1985860.022
CYM	AUS	3305.0	-377264156.247	62844406.506	1801398299.315	1007510754.529
CYM	AUT	2229.0	-82963284.84	4871882.786	1322695252.057	1177992059.902
CYM	BEL	3203.0	55153239.705	30242209.193	988746640.08	222700958.723
CYM	BGD	8204.0	-6690216.0	1027865.0	8112643.0	124074485.0
CYM	BGR	0.0	-207573.0	0.0	0.0	30887.0
CYM	BHR	31.0	231147141.867	0.0	559014870.933	313108.8
CYM	BHS	5562.0	-35817649.123	0.0	656692616.02	77889025.955
CYM	BLR	372.0	630137.0	-103812.0	4453300.0	773391.0
CYM	BLZ	36.0	2027002.379	1428292.095	78477185.803	5234108.414
CYM	BMU	55.0	34047687.951000005	-3164987.0	113046216.033	51275178.0
CYM	BOL	192.0	-636587.0	-2858141.0	43430281.0	271095555.0
CYM	BRA	3423.0	-79660734.359	3440955.972	423294904.174	300166310.703
CYM	BRB	210.0	477748940.6124	51193483.0	746857074.727	290354468.312
CYM	BRN	0.0	-1229.572	0.0	0.0	0.0
CYM	BWA	0.0	-19955.349	0.0	0.0	19238.12
CYM	CAN	6135.0	-252232183.941	17199279.075	972013815.56	759538999.431
CYM	CHE	1209.0	413468839.6587	55898469.329	16017702171.538	457144343.79
CYM	CHL	2564.0	-205409429.853	431573.511	96064635.662	299903486.979
CYM	CHN	1741776.0	67873089303.072	11050779383.564	428987822449.66	286927204137.21
CYM	CIV	0.0	-8721.0	0.0	0.0	-1.0
CYM	CMR	0.0	-2780.0	0.0	0.0	2.0
CYM	COL	142.0	3598341.0	1396535.0	50496988.0	4629355.0
CYM	CRI	16939.0	15123544.0	4273438.0	297701962.0	656474084.0
CYM	CUW	249.0	56207063.0871	638169.0	88622425.0	6938379.0
CYM	CYM	353.5	-9365523311.847	534664716.892	18868319267.618	35660864609.443
CYM	CYP	11.0	2155040.3133	66553.0	4914135.726	6455.0
CYM	CZE	2330.0	683769.052	2908541.771	255515386.174	105211864.292
CYM	DEU	5048.0	-193330868.811	20673950.3	1326380789.405	565065020.951
CYM	DMA	14.0	-340156.0	-4553.0	3467745.0	2484494.0
CYM	DNK	897.0	30422094.329	4320708.975	653933347.666	448870680.329
CYM	DOM	1274.0	19247763.0	3990197.0	503573603.0	128278930.0
CYM	ECU	2593.0	89872337.0	10099820.0	457505358.0	114308153.0
CYM	EGY	3815.0	100530912.789	3782576.0	495085559.498	185559672.01
CYM	ESP	2118.0	68744719.073	13572425.57	910848382.317	582966856.459
CYM	FIN	43.0	664293.074	167965.003	4886575.915	180189.649
CYM	FJI	0.0	1.0	0.0	0.0	0.0
CYM	FJT	2345990.0	84488336056.3998	14277153841.822	673441773233.27	453240867687.9
CYM	FRA	11029.0	984741596.493	330419810.073	3297445986.486	3047780319.517
CYM	GAB	532.0	297914539.0	121486679.0	1309090251.0	860619968.0
CYM	GBR	40895.0	1157782893.336	189085836.113	14312170143.807	18020132886.32
CYM	GEO	2.0	-68967.0	264.0	0.0	13807.0
CYM	GGY	21.0	604545.7806	0.0	8742770.392	17223.0
CYM	GHA	35.0	-2115645.0	121815.0	10239889.0	2390665.0
CYM	GIB	92.0	2637993.06	0.0	18491129.553	7968430.057
CYM	GIN	8.0	2450.59	0.0	0.0	0.0
CYM	GMB	8.0	-81728.612	0.0	634553.382	348380.731
CYM	GNQ	16.0	916799.0	1328976.0	13608963.0	-1.0
CYM	GRC	216.0	-1359445.389	509369.995	25621340.335	73152713.817
CYM	GRD	29.0	292141.194	5909.0	37170815.712	7075945.735
CYM	GTM	10550.0	40184064.0	-10339334.0	1023012499.0	775540690.0
CYM	GUM	26.0	-741.0	0.0	0.0	0.0
CYM	GUY	91.0	7772697.0	3634898.0	175120799.0	36380441.0
CYM	HKG	42164.0	2837882214.9531	939839620.781	47109146168.275	70761521291.569
CYM	HND	778.0	6480800.0	1024638.0	81535582.0	2056800.0
CYM	HRV	81.0	3911160.313	-947353.919	6940182.027	17816172.716
CYM	HTI	33.0	2746027.0	16656.0	167522573.0	10641726.0
CYM	HUN	1447.0	323414.1657	1178334.65	55188002.671	4342949.621
CYM	IDN	12209.0	-915259982.489	5597403.688	1669743071.17	3754975805.744
CYM	IMN	8636.0	106365107.59470001	75970080.373	6306581979.274	952841058.184
CYM	IND	4611.0	42527474.943	43757808.597	5754616261.512	780194627.779
CYM	IRL	3794.0	48356309.2887	3603614.842	3252376110.483	3591608996.552
CYM	IRQ	27.0	-1897090.26	0.0	475936.978	5376344.964
CYM	ISR	5778.0	239572367.281	54662440.0	1201608190.442	360501150.082
CYM	ITA	10992.0	-84725124.031	18752770.797	3347803281.277	4584123314.412
CYM	JAM	206.0	-29536561.0	2262826.0	99871207.0	40664311.0
CYM	JEY	16.0	-1143943069.484	6124792.964	92089920.394	709206963.914
CYM	JOR	1635.0	-6022003.0	337610.0	98739445.0	84604591.0
CYM	JPN	4700.0	78303306.791	60089939.642	3113814531.891	1895782325.254
CYM	KAZ	46.0	3573164.0	1321572.0	48203901.0	2516650.0
CYM	KEN	5524.0	5055584.849	0.0	18249776.0	141676764.0
CYM	KGZ	0.0	-113780.0	0.0	0.0	76165.0
CYM	KHM	28266.0	36984815.205	394993.69	67268384.938	271935401.899
CYM	KNA	19.0	5701017.0	896062.0	41806916.0	18378087.0
CYM	KOR	3262.0	196920603.367	23622376.532	1540268845.905	302099047.872
CYM	KWT	8.0	-1220777.0	0.0	7493112.0	745202.0
CYM	LAO	38.0	1931.944	388.667	13384.024	649.406
CYM	LBN	3.0	197.333	0.0	999.467	6341.867
CYM	LBR	0.0	54496715.0	0.0	-2.0	0.0
CYM	LCA	89.0	5647516.407	1564428.063	106576379.146	35485629.516
CYM	LKA	5817.0	-137339208.071	83196.379	134559822.123	101581698.417
CYM	LTU	766.0	2170734.018	469631.179	52738453.454	7224491.415
CYM	LUX	312.0	-105926020.183	37895436.399	1322991781.441	635382347.769
CYM	LVA	633.0	13518897.11	0.0	91122125.151	12886377.496
CYM	MAC	2642.0	898709237.1144	14795125.251	7902808104.144	1563864149.316
CYM	MAF	22.0	-4826389.13	0.0	93393.033	1190300.321
CYM	MAR	0.0	-21737.079	414440.0	373604.292	199.82
CYM	MCO	61.0	5850858.0	296936.0	34298090.0	13972366.0
CYM	MDA	7.0	129440.0	30659.0	1335778.0	92435.0
CYM	MDV	102.0	-133403.0	112964.0	5051924.0	1127942.0
CYM	MEX	15236.0	190324237.49	78759524.43	1735408100.511	804806222.545
CYM	MLT	16.0	99052725.60000001	-19575825.0	34052317.0	14643.0
CYM	MMR	255.0	3284873.637	735671.366	29041570.454	98390942.272
CYM	MNG	0.0	9511.0	0.0	9558.0	0.0
CYM	MNP	0.0	0.0	0.0	0.0	0.0
CYM	MOZ	0.0	9175.0	138876.0	0.0	0.0
CYM	MUS	59.0	78241275.639	763047.0	50710880.492	92312.0
CYM	MYS	8456.0	185707035.167	33430619.774	2341275584.371	486963728.034
CYM	NGA	25.0	-4211.031	0.0	3144778.668	752478.571
CYM	NIC	2849.0	58289356.959	9579656.0	372618176.0	195721799.281
CYM	NLD	14055.0	-1891958897.858	87634751.754	4864694777.392	2103763512.61
CYM	NOR	664.0	15515031.413	267595.0	273935269.348	253023025.0
CYM	NZL	1302.0	51504934.587	11733259.097	362732765.06	150494645.397
CYM	OMN	610.0	35221519.25	0.0	103721318.864	216501691.132
CYM	PAK	1497.0	4428715.571	18974833.068	188670756.777	417163471.71
CYM	PAN	7442.0	549574604.538	32352890.132	1697183889.022	1316310307.293
CYM	PER	540.0	268295324.821	-21014634.0	918806148.0	2203745741.0
CYM	PHL	12246.0	-124682771.605	11704705.787	1042053136.896	273020897.606
CYM	PLW	17.0	160797.0	0.0	406729.0	90810.0
CYM	POL	1657.0	6017510.639	2033201.895	216497164.973	125918719.207
CYM	PRI	60.0	20893864.5	7029421.0	699666825.0	23362930.0
CYM	PRT	438.0	4628416.457	955346.091	97040061.942	5436102.727
CYM	PRY	16.0	883508.0	82209.0	6389443.0	742132.0
CYM	PYF	16.0	543781.054	-6367.707	1427105.011	4250583.867
CYM	QAT	16.0	691100.0	112867.0	4171851.0	346444.0
CYM	ROU	800.0	548348.067	866503.411	40949380.121	32966683.294
CYM	RUS	1249.0	-11095374.006	10736074.652	446899466.074	150147585.815
CYM	SAU	11092.0	2791234632.33	2338976.752	4714083540.683	1423618323.311
CYM	SEN	0.0	0.0	0.0	0.0	0.0
CYM	SGP	8734.0	-968901822.86	107723892.691	11431184574.467	1584085170.378
CYM	SLV	1314.0	49569339.0	-9323330.0	401301215.0	116814751.0
CYM	SRB	0.0	-59145.334	0.0	63574.777	129212.898
CYM	STA	4416.0	4016142867.235	4754437.0	6091616949.806	176139689.348
CYM	SUR	91.0	20808951.0	6639655.0	314416382.0	35698352.0
CYM	SVK	1299.0	3247989.419	-1174840.0	147652158.147	30718586.007
CYM	SWE	3113.0	-35002835.885	1793611.702	1800733732.498	1065536820.862
CYM	SXM	44.0	-2789126.0	0.0	81196361.0	22537418.0
CYM	SYC	12.0	15937104.191	0.0	261638.931	129071.96
CYM	TCA	0.0	-1253379.0	0.0	4310011.0	0.0
CYM	THA	61156.0	1920051155.804	399278884.822	10855563245.082	3254208531.66
CYM	TLS	0.0	1884215.0	0.0	12830822.0	0.0
CYM	TUN	4.0	-211739.0	0.0	104733.0	36118.0
CYM	TUR	6629.0	101872422.228	3545972.911	690087724.476	249969661.288
CYM	TWN	12458.0	124091362.937	21925498.102	2180559899.776	590922469.097
CYM	TZA	609.0	18330563.559	13738802.067	92034995.502	78404779.888
CYM	UKR	4405.0	14076067.223	2749883.89	182573791.548	40152620.793
CYM	URY	23.0	-2042296.515	506125.0	414529972.0	17358914.0
CYM	USA	56028.0	278609839.539	140546270.167	48161756445.077	9459255428.423
CYM	VCT	19.0	614661.703	46673.0	34123846.0	9933307.0
CYM	VEN	37.0	-4840135.0	40897.0	12269901.0	2181023.0
CYM	VGB	537.0	6609071021.8896	31264437.053	2390979247.971	14578766368.405
CYM	VNM	79429.0	38605033.06	12727142.281	882283856.771	2857238941.419
CYM	VUT	5.0	76329247.0	217881.0	800092.0	94721970.0
CYM	WSM	0.0	-1361968.451	0.0	4214890726.0	103055480.0
CYM	ZAF	268.0	-2979051.288	688511.07	42421601.478	3547424.61
CYM	ZMB	4.0	-144772.0	0.0	795798.0	48305.0
CZE	CZE	94721.0	4416239117.55	107474586.0	48563890095.0	29388639879.0
CZE	FJT	309731.0	5079740647.099999	-178733652.0	75255733975.0	27626443762.0
DEU	AFG	53.0	6534000.0	460000.0	29842000.0	17000.0
DEU	AGO	594.0	1477000.0	6910000.0	103440000.0	15213000.0
DEU	ALB	797.0	-67550000.0	1035000.0	133518000.0	81195000.0
DEU	ARE	18756.0	-77797000.0	5159000.0	7408369000.0	5715938000.0
DEU	ARG	28407.0	177501000.0	222311000.0	10452883000.0	4654750000.0
DEU	ARM	731.0	8452000.0	1220000.0	36663000.0	47457000.0
DEU	AUS	45685.0	1804170000.0	530985000.0	32785662000.0	8708109000.0
DEU	AUT	182844.0	7014564000.0	735833000.0	59002956000.0	26737207000.0
DEU	AZE	106.0	11603000.0	2736000.0	57044000.0	973000.0
DEU	BEL	64481.0	7861636000.0	1191959000.0	38547376000.0	17573463000.0
DEU	BEN	151.0	-3898000.0	799000.0	47762000.0	21524000.0
DEU	BFA	166.0	13453000.0	396000.0	116998000.0	48762000.0
DEU	BGD	2242.0	47481000.0	15164000.0	363426000.0	138007000.0
DEU	BGR	31132.0	390232000.0	50340000.0	5959948000.0	3120358000.0
DEU	BHR	1541.0	69992000.0	1949000.0	728535000.0	112305000.0
DEU	BHS	164.0	2176200.0	4000.0	163661000.0	104009000.0
DEU	BIH	3375.0	35289000.0	3693000.0	619371000.0	215086000.0
DEU	BLR	1602.0	14858000.0	3149000.0	153642000.0	57639000.0
DEU	BMU	70.0	135086400.0	2041000.0	1510468000.0	1599000.0
DEU	BOL	210.0	9932000.0	2913000.0	76703000.0	20469000.0
DEU	BRA	169993.0	886913000.0	777562000.0	42454046000.0	16016620000.0
DEU	BRB	38.0	297900.0	84000.0	5110000.0	1557000.0
DEU	BRN	144.0	9238000.0	1575000.0	42898000.0	20668000.0
DEU	BWA	425.0	17515000.0	4018000.0	82589000.0	12605000.0
DEU	CAN	55444.0	2999636000.0	614308000.0	38427868000.0	21817469000.0
DEU	CHE	80257.0	7412119200.0	886160000.0	57197121000.0	23438237000.0
DEU	CHL	21583.0	221235000.0	73971000.0	4961493000.0	2496521000.0
DEU	CHN	440229.0	26115119000.0	5894949000.0	192414621000.0	59355793000.0
DEU	CIV	1035.0	7025000.0	801000.0	33780000.0	7200000.0
DEU	CMR	244.0	-4122000.0	287000.0	11941000.0	2649000.0
DEU	COD	231.0	-40562000.0	366000.0	36687000.0	97064000.0
DEU	COG	107.0	-1146000.0	388000.0	7986000.0	368000.0
DEU	COL	19784.0	182748000.0	88224000.0	3951935000.0	1109865000.0
DEU	CPV	2124.0	30530000.0	-4396000.0	125826000.0	293425000.0
DEU	CRI	3607.0	-3822000.0	9963000.0	515054000.0	154417000.0
DEU	CUW	94.0	51651000.0	242000.0	100670000.0	5131000.0
DEU	CYM	365.0	152969400.0	1629000.0	27838000.0	301911000.0
DEU	CYP	1150.0	61467300.0	4845000.0	467135000.0	467772000.0
DEU	CZE	231180.0	6752148000.0	1221520000.0	49053550000.0	27235823000.0
DEU	DEU	4178859.0	125433244300.0	24870976000.0	1533339954000.0	1144501785000.0
DEU	DNK	34823.0	1138820000.0	181563000.0	14808636000.0	5843561000.0
DEU	DOM	3854.0	17605000.0	2329000.0	154211000.0	151487000.0
DEU	DZA	2699.0	123093000.0	24690000.0	509757000.0	265550000.0
DEU	ECU	4413.0	36257000.0	9681000.0	713921000.0	324213000.0
DEU	EGY	26441.0	130810000.0	42961000.0	2003537000.0	677354000.0
DEU	ESP	218989.0	5753926000.0	838921000.0	66227276000.0	28249909000.0
DEU	EST	5321.0	86938000.0	23346000.0	1001166000.0	388619000.0
DEU	ETH	155.0	717000.0	595000.0	18566000.0	1385000.0
DEU	FIN	20027.0	2080023000.0	309091000.0	10122684000.0	3908568000.0
DEU	FJI	284.0	2430000.0	644000.0	34912000.0	4004000.0
DEU	FJT	5337819.0	219816386500.0	32302754000.0	2117202833000.0	947299454000.0
DEU	FRA	214436.0	7620835000.0	1648456000.0	108981284000.0	41985828000.0
DEU	GBR	309606.0	8668444000.0	1240626000.0	223218341000.0	81345455000.0
DEU	GEO	1912.0	5933000.0	146000.0	199331000.0	191090000.0
DEU	GGY	106.0	54486900.0	0.0	84234000.0	6000.0
DEU	GHA	834.0	39347000.0	12376000.0	394862000.0	89529000.0
DEU	GMB	505.0	-1183000.0	272000.0	23932000.0	1652000.0
DEU	GRC	25795.0	822668000.0	311876000.0	8552352000.0	5535597000.0
DEU	GTM	1927.0	17427000.0	1404000.0	382508000.0	240580000.0
DEU	HKG	21049.0	1878603300.0	387134000.0	19106150000.0	1515993000.0
DEU	HND	514.0	5817000.0	4358000.0	84239000.0	89039000.0
DEU	HRV	26443.0	492736000.0	96234000.0	5848873000.0	3159959000.0
DEU	HUN	150223.0	2578993200.0	403700000.0	23290031000.0	17602162000.0
DEU	IDN	23871.0	560464000.0	68002000.0	5492901000.0	2744993000.0
DEU	IMN	0.0	-2984000.0	0.0	1981000.0	0.0
DEU	IND	244090.0	2802523000.0	1182603000.0	26425260000.0	11271959000.0
DEU	IRL	19552.0	6810094800.0	253674000.0	12165053000.0	6632542000.0
DEU	IRN	1191.0	37020000.0	7743000.0	528561000.0	131315000.0
DEU	IRQ	840.0	56859000.0	7632000.0	207664000.0	182171000.0
DEU	ISL	368.0	38326000.0	2687000.0	157212000.0	66657000.0
DEU	ISR	6293.0	125276000.0	52421000.0	2140585000.0	518811000.0
DEU	ITA	150933.0	5587653000.0	1375740000.0	88278361000.0	29811218000.0
DEU	JAM	1705.0	27011000.0	-3258000.0	118483000.0	173804000.0
DEU	JEY	52.0	-9838000.0	0.0	5324000.0	313000.0
DEU	JOR	721.0	-4205000.0	970000.0	105643000.0	47266000.0
DEU	JPN	59067.0	3876088000.0	1136962000.0	42904111000.0	12267549000.0
DEU	KAZ	5000.0	9293000.0	12198000.0	818845000.0	389948000.0
DEU	KEN	2166.0	4809000.0	6926000.0	290870000.0	152416000.0
DEU	KHM	436.0	4657000.0	1160000.0	38027000.0	5328000.0
DEU	KOR	29114.0	2088289000.0	610538000.0	25613684000.0	9362015000.0
DEU	KWT	2339.0	21516000.0	1750000.0	433221000.0	44490000.0
DEU	LAO	148.0	2561000.0	147000.0	21022000.0	1081000.0
DEU	LBN	1135.0	23937000.0	5026000.0	316552000.0	42457000.0
DEU	LBR	63.0	11540000.0	2155000.0	44304000.0	23124000.0
DEU	LBY	17.0	94534000.0	61491000.0	150925000.0	26258000.0
DEU	LIE	2869.0	-12545000.0	9217000.0	637501000.0	255226000.0
DEU	LKA	4207.0	27323000.0	6137000.0	300093000.0	34248000.0
DEU	LSO	122.0	429000.0	172000.0	8168000.0	2398000.0
DEU	LTU	9228.0	95964000.0	11208000.0	2184208000.0	793643000.0
DEU	LUX	12529.0	7193754900.0	432636000.0	13297152000.0	10724165000.0
DEU	LVA	3768.0	48306000.0	13396000.0	905121000.0	273994000.0
DEU	MAC	127.0	9792000.0	848000.0	76505000.0	7351000.0
DEU	MAR	24633.0	304743000.0	40680000.0	1462477000.0	897781000.0
DEU	MCO	225.0	5879000.0	139000.0	85618000.0	6907000.0
DEU	MDA	2071.0	8525000.0	3144000.0	252488000.0	107293000.0
DEU	MDG	267.0	9595000.0	1380000.0	17817000.0	6541000.0
DEU	MEX	243521.0	2373214000.0	1175053000.0	34481682000.0	20394694000.0
DEU	MHL	35.0	29236000.0	0.0	120757000.0	278620000.0
DEU	MKD	2782.0	38601000.0	6709000.0	378378000.0	309157000.0
DEU	MLT	1863.0	94369500.0	267582000.0	2954278000.0	6033832000.0
DEU	MMR	405.0	-1052000.0	972000.0	15374000.0	14434000.0
DEU	MNE	1703.0	19056000.0	1200000.0	193428000.0	103687000.0
DEU	MNG	30.0	271000.0	6000.0	19219000.0	996000.0
DEU	MOZ	375.0	-33589000.0	2762000.0	68123000.0	32749000.0
DEU	MRT	95.0	372000.0	509000.0	22912000.0	3305000.0
DEU	MUS	1853.0	28398600.0	3604000.0	-17291000.0	65993000.0
DEU	MWI	126.0	-3592000.0	726000.0	12551000.0	9848000.0
DEU	MYS	48779.0	929075000.0	217882000.0	8590300000.0	4978272000.0
DEU	NAM	725.0	16542000.0	3671000.0	165371000.0	168121000.0
DEU	NGA	1844.0	19151000.0	10734000.0	393675000.0	146601000.0
DEU	NIC	141.0	759000.0	435000.0	27094000.0	2705000.0
DEU	NLD	102835.0	26017736400.0	1190250000.0	64836667000.0	30630014000.0
DEU	NOR	21284.0	829254000.0	385154000.0	11378540000.0	7574392000.0
DEU	NZL	8159.0	208640000.0	42974000.0	2846115000.0	1009721000.0
DEU	OAF	377.0	-111821000.0	1453000.0	150339000.0	5110000.0
DEU	OAM	466.0	3479850.0	678000.0	53691000.0	12055000.0
DEU	OAS	1092.0	21330350.0	2087000.0	97841000.0	108178000.0
DEU	OMN	528.0	40222000.0	8086000.0	239121000.0	527736000.0
DEU	OTE	79.0	1341400.0	5000.0	2404000.0	11670000.0
DEU	PAK	5664.0	44717000.0	28262000.0	978078000.0	165140000.0
DEU	PAN	2095.0	-627453000.0	12882000.0	618469000.0	156743000.0
DEU	PER	8536.0	211049000.0	38139000.0	2134023000.0	535258000.0
DEU	PHL	28861.0	349786000.0	8869000.0	1778558000.0	767684000.0
DEU	PNG	312.0	5194000.0	1717000.0	38164000.0	26302000.0
DEU	POL	233118.0	3621321000.0	946091000.0	54300724000.0	24285760000.0
DEU	PRI	2840.0	252721800.0	35717000.0	476467000.0	302824000.0
DEU	PRK	232.0	5072000.0	962000.0	77390000.0	16517000.0
DEU	PRT	47494.0	1091416000.0	217847000.0	9773315000.0	5221443000.0
DEU	PRY	897.0	7743000.0	4885000.0	245020000.0	43185000.0
DEU	QAT	2059.0	55034000.0	5907000.0	964258000.0	72459000.0
DEU	ROU	141695.0	1587087000.0	300988000.0	19778167000.0	10593529000.0
DEU	RUS	118966.0	2704051000.0	664073000.0	36989682000.0	11794446000.0
DEU	RWA	39.0	-489000.0	35000.0	2891000.0	337000.0
DEU	SAU	8895.0	15466000.0	51817000.0	3272503000.0	1541491000.0
DEU	SEN	1518.0	8783000.0	961000.0	50859000.0	11893000.0
DEU	SGP	28932.0	838278000.0	225028000.0	15931025000.0	4746584000.0
DEU	SLE	133.0	-454000.0	1085000.0	32819000.0	7147000.0
DEU	SLV	588.0	7771000.0	4031000.0	115277000.0	30765000.0
DEU	SRB	24214.0	148203000.0	22488000.0	2210890000.0	1440365000.0
DEU	STA	4067.0	8277053000.0	113317000.0	13334404000.0	5117183000.0
DEU	SVK	108143.0	2072281000.0	430228000.0	17035801000.0	11201339000.0
DEU	SVN	16538.0	214375000.0	36288000.0	3724373000.0	1750198000.0
DEU	SWE	66752.0	4687361000.0	472537000.0	32278447000.0	19733325000.0
DEU	SWZ	153.0	10943000.0	1858000.0	19354000.0	3374000.0
DEU	SYR	9.0	901000.0	-2000.0	12772000.0	1925000.0
DEU	TGO	620.0	16794000.0	1294000.0	126942000.0	184405000.0
DEU	THA	41596.0	1300668000.0	254377000.0	10040951000.0	3697876000.0
DEU	TTO	235.0	-12335000.0	290000.0	38729000.0	26958000.0
DEU	TUN	24269.0	46464000.0	4251000.0	179177000.0	254272000.0
DEU	TUR	92153.0	1306199000.0	273927000.0	18668121000.0	6907698000.0
DEU	TWN	16868.0	481250000.0	137182000.0	9419017000.0	2706088000.0
DEU	TZA	1798.0	21700000.0	14711000.0	229559000.0	213116000.0
DEU	UGA	1789.0	-57000.0	1021000.0	23803000.0	14536000.0
DEU	UKR	24700.0	103037000.0	50983000.0	2945555000.0	1236367000.0
DEU	URY	1181.0	59322000.0	9237000.0	341545000.0	94500000.0
DEU	USA	672958.0	41081128000.0	1158898000.0	454403585000.0	253863803000.0
DEU	UZB	257.0	6737000.0	146000.0	28532000.0	18270000.0
DEU	VEN	1122.0	100828000.0	3256000.0	453018000.0	6675000.0
DEU	VGB	8.0	12073500.0	796000.0	2145000.0	1418000.0
DEU	VNM	19886.0	190393000.0	49272000.0	2157405000.0	1146006000.0
DEU	XKX	151.0	1618000.0	173000.0	44306000.0	11414000.0
DEU	ZAF	55197.0	879337000.0	189492000.0	15364676000.0	6094618000.0
DEU	ZMB	291.0	-1927000.0	1121000.0	26138000.0	26079000.0
DEU	ZWE	249.0	9894000.0	2306000.0	42375000.0	20272000.0
DNK	ARE	2253.0	48262466.3958	-4109340.93	1783368515.979	81933812.961
DNK	ARG	3034.0	48340410.09	27382158.954	703772500.903	205577343.366
DNK	AUS	16149.0	337322874.418	56814939.556	4944076777.703	1095977040.593
DNK	AUT	9910.0	63030114.724	23938710.741	1577124455.943	81632357.147
DNK	AZE	361.0	80222276.734	-4938996.799	135703623.321	12123075.628
DNK	BEL	11436.0	139871532.669	14131747.023	2020703735.783	797601579.495
DNK	BGD	711.0	16921089.532	-5680966.321	109161875.306	43695009.747
DNK	BGR	1232.0	18729715.714	2154359.572	212988003.166	147974681.308
DNK	BHR	746.0	28882991.872	0.0	110397344.097	33710384.666
DNK	BIH	254.0	2379713.462	-153976.516	49992873.943	4467436.112
DNK	BLR	907.0	17817338.428	3437321.619	92877947.961	17160713.522
DNK	BRA	14439.0	131222651.455	-5176445.91	2352419524.238	992032899.77
DNK	BWA	55.0	2805842.033	1253625.16	34679858.153	911160.148
DNK	CAN	7901.0	23441931.631	69820067.06	2833807721.726	682331221.918
DNK	CHE	16621.0	1764633427.3062	135099809.933	3359850855.305	891577657.542
DNK	CHL	18115.0	-94432189.994	58091953.879	2757249895.586	323105637.29
DNK	CHN	65231.0	1139251086.459	196697768.218	8390541000.596	3903957825.33
DNK	COL	3567.0	23473543.474	8344303.378	296707746.896	127158688.35
DNK	CRI	750.0	-63803598.076	-2441343.153	222564823.065	158219236.962
DNK	CYP	132.0	4984570.692	780788.866	885494182.627	2285906.831
DNK	CZE	9968.0	83886020.551	10634480.401	1123661570.436	679030655.929
DNK	DEU	56745.0	1017587255.024	194977256.465	25620484724.627	11669360130.131
DNK	DNK	228086.0	19889948159.425503	4057755203.453	164587297881.7	105222643871.83
DNK	DOM	2097.0	7250522.787	-278648.814	20382610.687	63555297.75
DNK	DZA	617.0	120892733.409	-69840987.088	469892596.205	43597530.288
DNK	ECU	502.0	24551533.631	3910520.652	124942247.749	41257191.596
DNK	EGY	3199.0	82252626.229	3859776.572	544749446.575	449934548.938
DNK	ESP	39752.0	70921969.359	48662450.63	4359158872.747	1143025235.031
DNK	EST	2879.0	48133519.829	1096077.567	795372586.317	223320732.244
DNK	ETH	15.0	1825203.623	766609.083	4105283.67	33130.0
DNK	FIN	17809.0	418053197.96	-8323207.241	6049293045.716	853856792.833
DNK	FJT	1064402.0	17579418881.801598	1726953436.763	210317262996.79	97012562072.219
DNK	FRA	39653.0	423630545.814	134043210.257	7537595968.041	1629864547.292
DNK	FRO	144.0	7945380.802	95055.935	21520265.825	41899680.075
DNK	GBR	68770.0	1592533187.094	2965544.42	16685041418.478	22309652955.172
DNK	GEO	901.0	28998461.604	-3966497.0	54347928.33	104420373.371
DNK	GGY	1.0	-261497.732	7114279.623	222404.389	0.0
DNK	GHA	631.0	168205335.913	-27731703.757	309585721.324	209554007.978
DNK	GIB	115.0	21479029.578900002	268655.014	17670376.434	19471685.014
DNK	GRC	1162.0	24548382.979	8113597.169	667356418.806	174607407.589
DNK	GRL	1894.0	54496011.425	23727746.371	87475914.814	167851151.231
DNK	HKG	17018.0	204057070.812	15188124.598	1528924666.042	2033541371.072
DNK	HND	1261.0	7331949.761	-67703.866	4224229.62	32096008.089
DNK	HRV	1505.0	28222492.504	2951714.455	252053210.674	110970958.849
DNK	HUN	13932.0	116963226.0909	15744825.515	521099752.556	978283204.119
DNK	IDN	66097.0	71677273.95	11371734.894	581275270.638	207530917.331
DNK	IND	86162.0	163139568.68	39718123.073	3933006503.0	1157730849.887
DNK	IRL	4814.0	277740255.0888	36724121.361	603768132.538	116620712.034
DNK	IRN	244.0	-6306096.933	248039.879	121927882.629	34462119.705
DNK	IRQ	34.0	4286456.612	10223.918	10462987.864	347898.091
DNK	ISL	961.0	43367067.389	6745375.837	211881560.624	1257651808.707
DNK	ISR	7694.0	9367992.506	-1005430.5	502429050.146	27836206.818
DNK	ITA	8649.0	252768489.373	64346152.452	4384651025.961	760254080.329
DNK	JOR	1237.0	45677590.09	-1537420.793	254966449.885	57895483.467
DNK	JPN	3188.0	108413145.282	36555331.403	1817134508.998	168106271.458
DNK	KAZ	595.0	72004031.54	25674635.396	382243300.442	43548728.939
DNK	KEN	292.0	-851987.939	3442927.662	82683764.966	9189824.047
DNK	KHM	1573.0	-2409283.975	10373233.821	114430760.241	234285342.659
DNK	KOR	1440.0	50969851.301	11206609.256	667046703.871	50649581.78
DNK	KWT	229.0	8748322.046	-39025.798	79087249.572	28881801.54
DNK	LBN	411.0	16926257.861	405445.282	94791078.585	8909141.694
DNK	LKA	1175.0	17557631.453	-2140901.763	28337890.818	42652853.379
DNK	LTU	5395.0	38006263.465	-848307.32	470788494.149	384415891.172
DNK	LUX	496.0	17385033.7575	-9424214.652	222957574.682	118653219.507
DNK	LVA	1108.0	17408085.304	903816.881	329830216.098	101445869.677
DNK	MAC	70.0	236402.0172	88683.58	22594178.866	3156938.38
DNK	MAR	1202.0	-34767296.419	3274714.347	78905133.106	645428988.893
DNK	MEX	20359.0	85558436.233	33686074.165	2218343438.114	1012022559.622
DNK	MKD	14.0	149778.479	15529.995	12372080.032	1380.289
DNK	MOZ	148.0	-243996.332	3113564.008	26263639.575	900831.725
DNK	MUS	63.0	-999146.097	-4665603.994	3377080.574	242587.873
DNK	MYS	6727.0	114080711.132	21440621.015	683779370.147	544571903.324
DNK	NAM	14.0	-212630.497	141771.036	369939.519	19030.0
DNK	NGA	1090.0	158711564.2	-33934481.26	367406208.281	116996033.754
DNK	NIC	473.0	2247258.06	109146.267	3819700.228	6814139.49
DNK	NLD	14810.0	281018122.5375	16611237.483	5103680893.41	2987757930.513
DNK	NOR	23502.0	1223893025.334	-26908486.197	10384411935.815	1644509788.258
DNK	NZL	1581.0	12536695.998	1482892.558	260696920.0	25626110.982
DNK	OAF	3112.0	121394464.97109999	-33865706.193	384105790.471	263262629.812
DNK	OAM	511.0	-18390307.76	-819661.376	63172623.768	190432574.969
DNK	OAS	4199.0	215386175.45819998	50116610.185	686292828.766	244203731.104
DNK	OMN	934.0	15406058.348	-1781538.533	111691759.031	102819908.635
DNK	OTE	32.0	2123163.0075499997	249029.67	127431086.883	1137078.934
DNK	PAK	441.0	19597413.343	-1613031.665	92466091.086	2372670.3
DNK	PAN	595.0	18775147.44	-2015524.71	207237643.702	29118841.677
DNK	PER	2387.0	81112917.241	14020001.252	1013403835.361	230717332.795
DNK	PHL	14405.0	19167569.12	1119852.821	198074062.082	56416767.778
DNK	PNG	55.0	2588193.392	-787469.0	17332295.517	106336.48
DNK	POL	41551.0	298891824.752	36837976.739	4818318566.713	2180372831.918
DNK	PRI	8.0	675418.6638000001	451702.595	8475155.15	49248.42
DNK	PRT	8132.0	1545526.153	76555.238	331029712.518	126864779.526
DNK	QAT	425.0	20281059.25	110871.182	106976398.369	38611423.909
DNK	ROU	3663.0	8117553.375	3350127.669	430497932.653	127549699.704
DNK	RUS	17532.0	430041949.922	68683689.236	3277557668.185	1193912816.417
DNK	SAU	1699.0	15421961.868	706656.577	396578004.789	164153115.354
DNK	SEN	255.0	1787865.602	-1033541.63	34198828.284	9401072.783
DNK	SGP	12834.0	922761283.5936	-3344615.255	5356117833.733	8137057290.402
DNK	SRB	1573.0	18568924.862	1776935.822	180541471.067	120085794.41
DNK	SVK	6419.0	50441037.736	8521615.759	329613492.555	165689630.587
DNK	SVN	1894.0	22700676.37	2684859.765	178799557.513	49870950.925
DNK	SWE	33120.0	1284723153.321	-95455568.241	14562063627.089	3665910396.219
DNK	THA	52707.0	151520498.148	4413652.999	744319390.838	408024734.412
DNK	TUN	354.0	-6978120.807	1345641.556	95305863.446	2086195.072
DNK	TUR	43495.0	119469964.548	-12722555.158	1465480140.853	783079849.941
DNK	TWN	4165.0	16777140.815	4063108.848	339834997.831	206005702.483
DNK	TZA	47.0	-1498166.394	-378511.854	8291348.285	1853163.808
DNK	UGA	97.0	1225277.31	-82889.037	20355024.678	591935.488
DNK	UKR	2682.0	105326739.989	15680513.282	499405635.358	88363047.85
DNK	URY	2357.0	16190308.17	12786864.621	98943219.93	23663060.724
DNK	USA	68297.0	2528833278.763	384238490.258	37661946522.652	13478413929.448
DNK	VEN	317.0	-8099344.941	-3054.411	934282.176	67.0
DNK	VGB	166.0	815717.9781000001	-2387046.129	41374008.163	118500974.0
DNK	VNM	7065.0	34480740.37	-145642.799	259351162.495	163154474.778
DNK	ZAF	10516.0	232192050.282	85517290.041	2418734467.67	254951549.952
DNK	ZMB	65.0	220776.077	9925.996	10427658.14	1606735.789
DNK	ZWE	75.0	1492588.506	84026.06	8217563.258	414639.812
ESP	ABW	1097.0	30272495.974	2383488.278	56448393.187	167803145.195
ESP	AGO	1548.0	-85474547.18	-34093569.178	571813474.707	406908461.488
ESP	AND	258.0	-134510918.696	427309.062	53843220.276	39368607.325
ESP	ARE	1665.0	39414686.053500004	-296758.05	1227425700.946	13190979.376
ESP	ARG	84668.0	2635387189.209	634188433.871	15516601367.382	17395139012.832
ESP	AUS	34703.0	915643904.493	23135421.101	11824964161.816	1713427701.647
ESP	AUT	3780.0	43395962.282	40502088.535	879755353.522	153807446.879
ESP	AZE	2.0	573463.251	0.0	12886905.538	47755.683
ESP	BEL	4831.0	337673487.874	51352756.17	1277355945.302	404386004.229
ESP	BGD	59.0	29400556.11	29220672.499	6924664.723	1181708.308
ESP	BGR	1530.0	-31674447.005	1681140.568	136737569.587	73326494.148
ESP	BHR	82.0	-1808093.995	-200050.441	5752218.726	1851012.693
ESP	BHS	414.0	54534284.5644	0.0	307885824.676	460573790.047
ESP	BOL	2746.0	115288438.102	-580116.18	672481985.586	1061672045.288
ESP	BRA	194985.0	5625155516.372	1218174848.773	46055444569.266	26298803421.792
ESP	BRB	1.0	-124214951.767	1771246.151	3615966.669	403267494.323
ESP	CAN	7686.0	-224674220.715	15105256.867	4205458598.339	4816744870.865
ESP	CHE	3366.0	621178145.5977	84497617.851	2823700664.751	551230846.319
ESP	CHL	70742.0	2720842663.995	397821416.579	15120790938.116	10767294289.506
ESP	CHN	28459.0	347543329.812	89690131.788	4594752393.719	1737800718.097
ESP	CIV	57.0	524503.578	281843.183	7910867.43	2002554.958
ESP	CMR	25.0	-1007867.885	-164966.531	2932425.768	648610.809
ESP	COG	3.0	38100.525	35744.556	0.0	83088.58
ESP	COL	62400.0	477520469.74	178207615.071	5717142959.314	2838644583.656
ESP	CPV	2376.0	33765521.777	5302625.893	37311307.346	279862639.613
ESP	CRI	4278.0	85098963.205	9265488.823	487471943.962	325603088.869
ESP	CUB	820.0	14827784.787	2299765.611	108229788.563	33809213.994
ESP	CYM	7.0	585687943.8594	0.0	571689692.819	7482372.084
ESP	CYP	119.0	32411872.4292	3266708.907	24811896.208	24138193.055
ESP	CZE	9680.0	19482886.56	8702401.132	1450630236.24	586707987.977
ESP	DEU	49496.0	1131080309.34	312488773.105	20383185439.722	8496480691.929
ESP	DNK	1376.0	98318427.786	8880130.176	545978596.557	92608763.683
ESP	DOM	30590.0	126068788.524	28530744.254	891164766.517	1741255675.467
ESP	DZA	2995.0	110079055.028	47290923.724	661068732.659	1244405553.436
ESP	ECU	7614.0	374815672.268	185371016.156	1855376246.718	693080435.153
ESP	EGY	1866.0	-15524893.813	1296383.916	99560137.505	627126786.529
ESP	ESP	1206758.0	21734038250.2113	6023064034.09	368570392830.86	504540881971.77
ESP	FIN	1088.0	75744613.734	15903100.45	516746070.07	91270805.599
ESP	FJT	1544128.0	49001507000.54099	10235504061.915	398227113207.99	267394623649.22
ESP	FRA	45112.0	1990134204.658	164614067.076	14933776111.718	8394600087.491
ESP	GAB	33.0	-81083992.302	28313.681	-353792.644	10460003.909
ESP	GBR	129714.0	6395233540.25	1153055814.572	50318248336.266	36277882839.399
ESP	GHA	972.0	-8270004.991	2914902.625	206805439.71	74330906.095
ESP	GIB	87.0	-29518491.787	139047.55	36622553.213	3437246.104
ESP	GIN	173.0	-6548032.789	9181.529	20271131.422	18699186.538
ESP	GNQ	10.0	65752.454	0.0	9477842.535	3264212.398
ESP	GRC	4434.0	74313391.805	22281856.469	753483486.876	330733887.259
ESP	GTM	4392.0	26251125.555	5958374.326	494563736.421	74337858.916
ESP	HKG	4810.0	219899070.9711	40125390.205	1986566882.278	170353737.971
ESP	HND	479.0	10955443.526	1663985.925	156057993.871	23566479.352
ESP	HRV	1701.0	10040165.56	2500956.966	207536375.539	126949455.101
ESP	HUN	2687.0	17570370.3462	3486614.115	406127533.52	329322909.623
ESP	IDN	11795.0	397734346.422	226419159.466	1676645626.416	1510316064.117
ESP	IND	21748.0	-36448786.932	-104418739.017	1838716520.526	877866674.095
ESP	IRL	7423.0	1160528921.9091	165660283.366	6017093342.11	4629411052.443
ESP	ISR	354.0	-11112927.171	-2765093.309	118397677.75	26310267.131
ESP	ITA	21539.0	657453167.689	131244509.68	8686168820.687	5723620474.594
ESP	JAM	5653.0	28108994.793	6971349.208	95735952.518	582145180.659
ESP	JOR	83.0	1829592.076	1384560.681	85788165.515	403328.859
ESP	JPN	4427.0	87625321.259	29834512.568	1220162653.101	326882771.852
ESP	KAZ	1001.0	19234097.768	4939059.684	134492711.669	33888354.195
ESP	KEN	215.0	17653392.972	9264044.699	41699568.225	1162644.766
ESP	KOR	1891.0	38101265.238	6053211.767	633469626.468	322153946.725
ESP	KWT	1270.0	51805408.776	-4124893.629	155047990.232	10572849.187
ESP	LBR	126.0	-20193253.86	-349254.443	25404449.559	15588881.227
ESP	LTU	445.0	5994262.741	293189.238	74876293.586	31770422.039
ESP	LUX	471.0	270001426.0113	10555599.376	873726508.164	156441301.972
ESP	LVA	13.0	1285297.914	123189.853	-4185717.249	1681827.771
ESP	MAR	4875.0	268807354.564	15769023.784	633102707.237	370536181.029
ESP	MEX	147811.0	5984738708.333	1981475096.258	27899695005.065	17744362414.228
ESP	MLT	358.0	206145098.74080002	7245037.794	921051339.475	122429030.882
ESP	MNE	209.0	1335794.665	75210.635	19487403.735	13811107.193
ESP	MOZ	1015.0	-531503.983	71245.658	11203363.63	47271004.774
ESP	MRT	120.0	2373700.327	569467.288	30260471.568	2781427.954
ESP	MUS	424.0	5838359.775300001	13081.217	8543041.785	54419407.996
ESP	MYS	2103.0	67599234.973	2625847.675	957931737.962	1321031545.296
ESP	NAM	2536.0	-2811057.392	76913.706	15152985.991	48637627.335
ESP	NGA	366.0	8018051.299	505162.278	93174458.543	50558392.871
ESP	NIC	2690.0	34580816.573	16288171.378	295601272.613	252200788.73
ESP	NLD	7138.0	876544368.0993	283692998.368	2974308289.451	1521936030.373
ESP	NOR	2963.0	649264158.681	65939121.07	1902018998.956	932102408.346
ESP	NZL	3046.0	29138201.407	3302535.351	871813797.63	38416271.259
ESP	OAF	540.0	705029969.23495	525213677.685	656598798.552	449469731.236
ESP	OAM	496.0	65324342.92895	3966535.763	272639860.139	2418888.678
ESP	OAS	902.0	-1506795.531	-27494748.599	248614579.865	234150071.355
ESP	OMN	1348.0	-37145407.944	-199172.901	244283228.533	3439459.32
ESP	OTE	2205.0	45635795.64564999	3293216.603	410657492.276	260140553.023
ESP	PAN	6391.0	108598102.121	23112720.138	1690499323.644	1244228112.11
ESP	PER	72277.0	880121620.962	297244246.259	11677555575.817	5924725972.862
ESP	PHL	50902.0	696823299.92	83084833.124	2722562309.0	5548815099.179
ESP	PNG	261.0	-13973558.403	-4485352.481	38926807.227	83427167.945
ESP	POL	37267.0	882916565.03	302816097.787	8008145013.605	2921508190.282
ESP	PRI	2146.0	65554206.615899995	10580329.859	1290722693.919	1553060095.764
ESP	PRT	58520.0	2262185683.359	120475775.964	13240948394.505	5934981332.798
ESP	PRY	3114.0	63494690.765	2127393.657	395854710.198	139048337.099
ESP	QAT	1117.0	211446257.382	1473623.84	161479116.491	4295547.019
ESP	ROU	6804.0	8596542.978	19967806.758	857602971.335	306566517.369
ESP	RUS	15866.0	188727258.529	45829779.106	1912107209.023	494434120.493
ESP	SAU	5351.0	93340429.875	5758507.582	2492594889.589	37758432.443
ESP	SEN	148.0	-1789425.513	-1479758.877	17070148.411	7410255.525
ESP	SGP	2973.0	51484128.6168	13397067.472	4553859498.705	330079411.425
ESP	SLV	744.0	15395297.805	1690237.995	242184322.294	39694853.167
ESP	SRB	752.0	6060436.812	947647.366	76983402.006	30641296.44
ESP	SVK	2207.0	8299333.432	5518987.741	566994566.129	181377890.808
ESP	SVN	443.0	6171046.742	595940.679	61291548.66	8020069.753
ESP	SWE	2262.0	129768258.752	24935695.802	625436770.963	131450228.169
ESP	THA	1742.0	9512533.6	2346633.794	355542044.238	77941767.98
ESP	TTO	40.0	-2301881.446	11530.859	724365.896	19001982.243
ESP	TUN	174.0	-9864070.976	-354517.472	78572954.135	30709523.27
ESP	TUR	37239.0	1555379317.763	508547857.401	8077824377.886	2871450596.332
ESP	TWN	3809.0	105546357.416	12119436.141	1110488884.522	675866936.699
ESP	TZA	277.0	3104213.432	1603749.914	4867914.728	26304340.136
ESP	UGA	45.0	3225050.636	1540728.569	4632186.127	345130.114
ESP	UKR	1529.0	31724400.412	5784040.356	173219174.097	43820823.526
ESP	URY	10707.0	881411312.111	68807115.674	2650934952.19	1391298509.75
ESP	USA	115399.0	7327369168.978	503280447.105	59492588763.993	66523660477.564
ESP	UZB	57.0	41327795.409	10723708.674	201634974.943	42839509.814
ESP	VEN	26210.0	-811431460.509	3690834.256	5762289563.806	2218100374.909
ESP	VGB	0.0	88719675.5646	0.0	34923497.763	1616173.806
ESP	VNM	229.0	19533474.053	28024390.16	192039295.22	414401499.063
ESP	ZAF	5511.0	-106069755.492	13755278.803	1069597309.692	1024439028.268
FIN	FIN	164085.0	10772387694.707602	1776207088.971	110775801854.99	43398154279.22
FIN	FJT	432320.0	9315892178.285398	2856298646.416	143829511256.2	52055394334.498
FRA	ARG	52257.0	135396949.0	270204577.0	10876326709.0	3268644272.0
FRA	AUS	61531.0	652849886.0	401817007.0	24589632000.0	13542029203.0
FRA	AUT	22010.0	486631780.0	86925807.0	6762513686.0	1390146512.0
FRA	BEL	127832.0	2249288698.0	1571718969.0	67943068430.0	21273659978.0
FRA	BFA	3114.0	153176074.0	37654435.0	1078348404.0	289990335.0
FRA	BGR	8839.0	110979444.0	17918230.0	1144215627.0	290412602.0
FRA	BHR	2631.0	-8353751.0	2464468.0	390081543.0	125741322.0
FRA	BRA	457803.0	5148049470.0	1635524204.0	72423827570.0	29300707411.0
FRA	BWA	676.0	12169027.0	2610321.0	194015909.0	68614823.0
FRA	CAN	98088.0	1171405634.0	794026120.0	26624611777.0	17305679253.0
FRA	CHE	53868.0	8889245017.2	948477763.0	55047647153.0	7939093343.0
FRA	CHL	43589.0	922833081.0	215051712.0	6059273271.0	6074477369.0
FRA	CHN	439218.0	7917514030.0	1743547693.0	72998071379.0	28767466567.0
FRA	CIV	38802.0	368047551.0	137786898.0	3838054460.0	2380150609.0
FRA	CMR	9568.0	72067412.0	72257867.0	1636729341.0	715353820.0
FRA	COL	92878.0	52359568.0	197881499.0	7613997541.0	2653181386.0
FRA	COM	290.0	286449.0	367066.0	23236748.0	5680672.0
FRA	CRI	6456.0	17100764.0	6717225.0	315547607.0	39595917.0
FRA	CYP	1506.0	3013460.1	6340328.0	484992064.0	578213473.0
FRA	CZE	61411.0	1719536289.0	325237311.0	11896926145.0	5218137122.0
FRA	DEU	336036.0	7604614162.0	2242632970.0	126212385016.0	29540273264.0
FRA	DJI	364.0	-1128179.0	697351.0	103725019.0	14375955.0
FRA	DNK	15119.0	687168238.0	336079385.0	5784881015.0	4318364275.0
FRA	DOM	3875.0	54298741.0	35105524.0	1153905052.0	264315465.0
FRA	DZA	28159.0	588618157.0	366671457.0	6293241695.0	6311929015.0
FRA	EGY	33370.0	345307415.0	176875512.0	4377645482.0	2104068530.0
FRA	ESP	323854.0	6963386902.0	1132487068.0	77909298954.0	35917766336.0
FRA	EST	2741.0	28075220.0	2870293.0	365160613.0	156103699.0
FRA	FIN	9703.0	140225697.0	45264848.0	2962563774.0	1339881858.0
FRA	FJT	5963459.0	132615244535.59999	38522674961.0	1554270178845.0	602478531585.0
FRA	FRA	3422824.0	63631220588.65	18251483708.0	1126908386233.0	697997652839.0
FRA	GAB	7214.0	969195290.0	262870230.0	1646280109.0	4001770340.0
FRA	GBR	340148.0	11563918907.0	1695064044.0	120520856990.0	56081449795.0
FRA	GGY	365.0	17117361.0	1119567.0	267843468.0	40691266.0
FRA	GHA	7723.0	78108147.0	28621449.0	1259626529.0	320832731.0
FRA	GIN	2568.0	197299126.0	61728409.0	1096517275.0	313770470.0
FRA	GNQ	733.0	8060695.0	9340321.0	312898050.0	109368400.0
FRA	GRC	13009.0	283698632.0	92197094.0	2441832077.0	957232936.0
FRA	GTM	2488.0	26182345.0	6676526.0	142936984.0	27578014.0
FRA	HKG	30212.0	3797197955.1	477196520.0	20308673426.0	1983172887.0
FRA	HND	187.0	1875034.0	721423.0	24106028.0	5013327.0
FRA	HRV	4262.0	49885600.0	10421231.0	890503457.0	257069108.0
FRA	HUN	35872.0	739537926.3000001	93644483.0	7544936304.0	4031208189.0
FRA	IDN	38264.0	581889265.0	278622100.0	3943891488.0	1903214147.0
FRA	IND	433890.0	1619397196.0	835060888.0	12643555900.0	5864645030.0
FRA	IRL	21712.0	2173374336.6	424365582.0	11506536428.0	5923847717.0
FRA	ISR	4967.0	51762200.0	25218330.0	771571059.0	446991733.0
FRA	ITA	231868.0	6976013301.0	2245391462.0	96371948216.0	40772994667.0
FRA	JPN	47605.0	2951225622.0	814694665.0	24984652649.0	5764290729.0
FRA	KOR	25771.0	1475116566.0	415581605.0	16097468309.0	3871857516.0
FRA	KWT	2258.0	49874518.0	2211795.0	323576303.0	150442438.0
FRA	LBN	4433.0	24873853.0	13203837.0	1205087014.0	224947014.0
FRA	LBR	542.0	9593655.0	3038686.0	198543895.0	89942034.0
FRA	LKA	569.0	310592.0	913819.0	67414515.0	5073659.0
FRA	LTU	2519.0	57419649.0	7004759.0	391794953.0	291060020.0
FRA	LUX	18524.0	2494390419.9	635117445.0	19057579960.0	5305646282.0
FRA	LVA	1991.0	26384684.0	2039146.0	270856656.0	119876161.0
FRA	MAR	88697.0	316060952.0	383383134.0	10653474999.0	4071846723.0
FRA	MCO	3211.0	361116477.0	44614176.0	1822463706.0	210929339.0
FRA	MDG	7872.0	154269608.0	15039127.0	999343269.0	223593098.0
FRA	MEX	147366.0	1257233817.0	510926031.0	16904601595.0	6913728104.0
FRA	MLT	587.0	321331400.1	27379702.0	1239121334.0	398665967.0
FRA	MOZ	1271.0	24875156.0	4178662.0	251397230.0	55010524.0
FRA	MYS	19628.0	196473880.0	86842777.0	2922427456.0	1427742288.0
FRA	NCL	5717.0	83768321.0	47113776.0	1716243429.0	918505501.0
FRA	NLD	108279.0	7061288119.2	715347172.0	41969944534.0	15545713828.0
FRA	NZL	7774.0	94743192.0	36573382.0	2212739029.0	775068360.0
FRA	OAF	48168.0	6593082720.299999	3104540470.0	14597633962.0	35798545640.0
FRA	OAM	46064.0	111047757.19999999	160907593.0	10227643388.0	5601391733.0
FRA	OAS	90741.0	6525102301.099999	4764853821.0	21954549039.0	19760518597.0
FRA	OTE	34790.0	2892763288.6	790195918.0	10534074228.0	12561075852.0
FRA	PHL	57504.0	132901537.0	43930575.0	1113562103.0	444756108.0
FRA	POL	215805.0	1408402772.0	500081927.0	32973711050.0	18898351062.0
FRA	PRT	70634.0	1729217556.0	391132403.0	12332914751.0	5935869463.0
FRA	PRY	314.0	-3415693.0	1048328.0	62832552.0	21623430.0
FRA	PYF	2170.0	55087883.0	36640004.0	645961120.0	76126750.0
FRA	ROU	117498.0	1514062424.0	242436649.0	13999751929.0	6688192580.0
FRA	RUS	207460.0	1222930200.0	334648526.0	28828249336.0	9063714241.0
FRA	SAU	13265.0	280581339.0	68332665.0	3341039470.0	1060694091.0
FRA	SEN	9113.0	461630174.0	94410027.0	2575080763.0	1588630501.0
FRA	SGP	33212.0	2722552528.5	354475782.0	43087320826.0	3485301669.0
FRA	SRB	15605.0	171574527.0	15388668.0	1274786002.0	911046652.0
FRA	SVK	21592.0	276361145.0	171492553.0	4443800154.0	2071257349.0
FRA	SWE	46761.0	986962408.0	166415089.0	12708802021.0	4467412483.0
FRA	TCD	618.0	22283294.0	4576236.0	232674270.0	49691973.0
FRA	TGO	1697.0	7959360.0	5087123.0	354261745.0	107917474.0
FRA	THA	41229.0	1616047960.0	402345597.0	6587428501.0	5255474479.0
FRA	TUN	31557.0	172889019.0	44451206.0	1053953872.0	503118803.0
FRA	TUR	78466.0	1470190129.0	286746292.0	12022727763.0	3770209574.0
FRA	TWN	27180.0	731149379.0	109632540.0	7676963954.0	2091216272.0
FRA	UKR	25977.0	308085082.0	39553699.0	2251478831.0	563206477.0
FRA	USA	692704.0	11406175353.0	3140732765.0	278754183667.0	69224779326.0
FRA	WLF	57.0	3569593.0	0.0	26893444.0	6895025.0
FRA	ZAF	27594.0	212797283.0	121941242.0	8520731497.0	1872669253.0
GBR	AFRIC	426929.0	9807934562.75	1944712349.0	57195024858.0	52225060879.0
GBR	AMER	1579325.0	34423490231.25	8525172229.0	607401639122.0	401491486147.0
GBR	ASIAT	1721069.0	89908491403.65	19638003428.0	436999886337.0	297634522587.0
GBR	EUROP	1226701.0	66360336073.0	10385738731.0	474214671497.0	286949043988.0
GBR	FJT	4981897.0	205842666812.9	40524771883.0	1596786077644.0	1039848866948.0
GBR	GBR	3164742.0	17505958596.146	10075531013.0	989475307212.0	852401660627.0
GBR	STA	27873.0	5623594255.0	31145146.0	20974855830.0	1548753349.0
GRC	AFRIC	1067.0	-59763444.0	2427406.0	254605771.0	488101073.0
GRC	AMER	3429.0	6903270.0	5562012.0	1498439105.0	1415184583.0
GRC	ASIAT	3311.0	-13309956.0	15757013.0	1166031533.0	84005004.0
GRC	EUROP	47410.0	277715156.8	145851572.0	9427235433.0	4590470650.0
GRC	FJT	55217.0	215198696.79999998	169598003.0	12346311842.0	6577761310.0
GRC	GRC	132100.0	129925445.65	498832820.0	52739084710.0	36236127370.0
HKG	AIA	0.0	0.0	0.0	0.0	0.0
HKG	ARE	702.0	-6955232.0	0.0	149994521.0	188770899.0
HKG	ARG	778.0	-29207071.0	831740.0	308232207.0	76937499.0
HKG	AUS	12478.0	93593788.0	192472098.0	9801174880.0	7941642533.0
HKG	AUT	2418.0	-386864324.0	-9427657.0	4553582761.0	5082335227.0
HKG	BEL	3532.0	60384743.0	32439853.0	1012091317.0	216971805.0
HKG	BGD	8721.0	-6421738.0	1351362.0	3873800.0	123478680.0
HKG	BGR	2.0	42630.0	22753.0	2659405.0	60466.0
HKG	BHR	10.0	96769.0	0.0	7120302.0	16457.0
HKG	BHS	2941.0	-65703443.0	0.0	117595820.0	399535132.0
HKG	BLR	28.0	-306013.0	0.0	1434221.0	6653182.0
HKG	BMU	46.0	171010327.5	190097.0	312410211.0	5539350236.0
HKG	BRA	5232.0	-138727739.0	12437853.0	1335831582.0	2823431999.0
HKG	BRB	0.0	670887.9	0.0	0.0	235797644.0
HKG	CAN	2252.0	44435527.0	13916164.0	751307961.0	682326797.0
HKG	CHE	7026.0	1149312462.3	156805781.0	7561175179.0	15582856885.0
HKG	CHL	38.0	-803892.0	-205627.0	8785813.0	4226802.0
HKG	CHN	2034076.0	102796611363.0	21234963869.0	547803340793.0	738350932574.0
HKG	COK	0.0	9420272.0	0.0	11.0	0.0
HKG	COL	4.0	191199.0	-33754.0	25581.0	11350.0
HKG	CRI	0.0	-850162.0	0.0	0.0	963467.0
HKG	CUW	0.0	-6640948.0	0.0	1158908.0	0.0
HKG	CYM	74.0	1664377187.4	3482248.0	-1499627757.0	2388620859.0
HKG	CYP	699.0	-13109476.0	0.0	38330788.0	122664550.0
HKG	CZE	561.0	702128.0	654970.0	36477613.0	34436008.0
HKG	DEU	11843.0	187873051.0	42516318.0	4719495842.0	2908585903.0
HKG	DNK	1080.0	65354730.0	3991767.0	670611526.0	456793131.0
HKG	DOM	669.0	-56670928.0	9827903.0	-2809430.0	861607480.0
HKG	ECU	0.0	0.0	15815.0	0.0	0.0
HKG	EGY	858.0	92831026.0	9479.0	130343987.0	73317364.0
HKG	ESP	678.0	-194455.0	2300689.0	351975002.0	417986201.0
HKG	FIN	262.0	2039461.0	130641.0	68395122.0	28917534.0
HKG	FJI	578.0	-4253440.0	0.0	18856106.0	53589552.0
HKG	FJT	2690568.0	126373273171.25	27451841177.0	742425876048.0	1022548190504.0
HKG	FRA	8434.0	-662946256.0	69405597.0	10185349480.0	2883364260.0
HKG	GBR	28647.0	-729164884.0	131577591.0	12374261636.0	19941008556.0
HKG	GGY	0.0	38116.8	0.0	19391.0	0.0
HKG	GIB	92.0	2637992.7	0.0	18491130.0	7968430.0
HKG	GLP	270.0	-2194978.0	1663809.0	27198981.0	171212391.0
HKG	GRC	231.0	169154327.0	783201.0	1790694.0	319505497.0
HKG	GTM	62.0	163829.0	0.0	0.0	198901.0
HKG	GUM	0.0	122.0	1522.0	2319.0	0.0
HKG	HKG	181373.0	26287044403.100002	2270665619.0	125621858846.0	276911547781.0
HKG	HND	1.0	-1469.0	0.0	0.0	0.0
HKG	HUN	142.0	-905597.0	99377.0	16336491.0	5500278.0
HKG	IDN	100296.0	-112775258.0	189166995.0	5695662669.0	72357833147.0
HKG	IMN	15.0	4941959.4	0.0	125177848.0	1116340861.0
HKG	IND	10714.0	361168908.0	250862974.0	5570406555.0	4055818683.0
HKG	IRL	1441.0	392798332.8	14974736.0	1396890136.0	3295959990.0
HKG	IRN	21.0	-2335032.0	0.0	63964904.0	4970520.0
HKG	IRQ	27.0	-1897090.0	0.0	475937.0	5376345.0
HKG	ISR	497.0	234055457.0	32255755.0	999709422.0	318945416.0
HKG	ITA	9033.0	-36496830.0	10281122.0	2656707365.0	7218047669.0
HKG	JEY	0.0	-19974995.0	2670954.0	160358.0	220184169.0
HKG	JPN	2215.0	1100999003.0	112487609.0	2296821256.0	9528878496.0
HKG	KAZ	4.0	60985.0	390.0	387087.0	1038094.0
HKG	KEN	0.0	0.0	0.0	0.0	0.0
HKG	KHM	37152.0	430730206.0	9504329.0	1574190023.0	1063670034.0
HKG	KOR	7472.0	368105760.0	38861254.0	5721198189.0	3806118608.0
HKG	LAO	14.0	-735130.0	0.0	0.0	121286.0
HKG	LBR	0.0	52088.0	0.0	229475.0	287156055.0
HKG	LKA	13488.0	-100098074.0	653482.0	297845304.0	756151573.0
HKG	LTU	323.0	2508521.0	469631.0	34026505.0	6791531.0
HKG	LUX	376.0	-1034818017.0	59384936.0	350385372.0	34844494.0
HKG	LVA	633.0	13518897.0	0.0	91122125.0	12886377.0
HKG	MAC	40473.0	6631331054.400001	3373086856.0	22011457777.0	11711806948.0
HKG	MAR	906.0	-3791022.0	1740717.0	24446395.0	73721209.0
HKG	MCO	6.0	-4790197.0	0.0	7079012.0	20269521.0
HKG	MDV	654.0	-21474587.0	0.0	42415582.0	118082473.0
HKG	MEX	6944.0	57829723.0	40998834.0	685670721.0	1566843703.0
HKG	MHL	0.0	-1169948.0	0.0	4105129.0	2151623.0
HKG	MLT	707.0	247314906.0	-19721772.0	118998.0	257664454.0
HKG	MMR	1133.0	-10809464.0	774909.0	79558848.0	340570256.0
HKG	MNE	2.0	2475233.0	176904.0	6526077.0	0.0
HKG	MNG	878.0	-57358936.0	374589.0	35833829.0	478844412.0
HKG	MNP	1706.0	-339833788.0	788416.0	635737099.0	1574874770.0
HKG	MOZ	8.0	181275.0	40714.0	573200.0	0.0
HKG	MUS	6526.0	190934004.6	4859134.0	174426965.0	224152870.0
HKG	MYS	17960.0	870938075.0	70624467.0	4275180167.0	6280157632.0
HKG	NGA	15.0	-405251.0	0.0	4543842.0	1133343.0
HKG	NIC	303.0	-528540.0	0.0	0.0	9711210.0
HKG	NLD	11531.0	253113085.8	70487621.0	5409256225.0	1862500933.0
HKG	NOR	1668.0	2195027.0	953411.0	62118798.0	31344633.0
HKG	NPL	2.0	601499.0	594674.0	11406426.0	8010.0
HKG	NZL	2056.0	54886966.0	10874537.0	443381478.0	404707799.0
HKG	OMN	605.0	37859947.0	227995.0	105452319.0	216493251.0
HKG	PAK	1565.0	4620345.0	19144741.0	194035051.0	417585035.0
HKG	PAN	9079.0	137918964.0	20025.0	309961262.0	972748050.0
HKG	PER	9.0	1805277.0	487486.0	4166606.0	17440970.0
HKG	PHL	39218.0	980752680.0	203808476.0	3636718772.0	5690554143.0
HKG	POL	12172.0	2847260024.0	16234232.0	1773511964.0	837959871.0
HKG	PRT	10767.0	2963857718.0	783190853.0	20078088745.0	5204432153.0
HKG	PYF	0.0	-137789.0	0.0	0.0	0.0
HKG	ROU	4448.0	31137545.0	3540812.0	425099465.0	328675896.0
HKG	RUS	1001.0	154391612.0	6220416.0	416530904.0	1319634340.0
HKG	SAU	1080.0	-10261608.0	3183309.0	122400382.0	79192340.0
HKG	SDN	60.0	6145756.0	284235.0	17302351.0	2278664.0
HKG	SEN	175.0	12835217.0	1361347.0	6464158.0	97829558.0
HKG	SGP	11025.0	676659232.8000001	89034899.0	13497658307.0	7765451150.0
HKG	SLV	3.0	-62665.0	0.0	33721.0	0.0
HKG	SRB	0.0	-59145.0	0.0	63575.0	129213.0
HKG	STA	1.0	75103122.0	0.0	0.0	26896.0
HKG	SVK	129.0	-456699.0	14766.0	12039939.0	3273236.0
HKG	SVN	6.0	94461.0	17948.0	0.0	0.0
HKG	SWE	8511.0	-117609280.0	3488370.0	1633850541.0	1222789330.0
HKG	SYC	0.0	-901393.0	159.0	793773.0	0.0
HKG	TCA	246.0	-44404542.0	0.0	14181936.0	136844576.0
HKG	THA	9994.0	147245951.0	33062709.0	1763144981.0	1246993348.0
HKG	TUN	147.0	-15231272.0	159513.0	3094039.0	18834866.0
HKG	TUR	3165.0	-8388170.0	1400389.0	379660876.0	122918871.0
HKG	TWN	10445.0	98534797.0	27967537.0	2305048653.0	574174634.0
HKG	TZA	629.0	18009864.0	13738802.0	100633157.0	81415432.0
HKG	UKR	3547.0	8759227.0	1726578.0	156306503.0	33852261.0
HKG	URY	0.0	-116976.0	0.0	0.0	0.0
HKG	USA	56771.0	133191560.0	28750520.0	29614500724.0	19980558026.0
HKG	VGB	371.0	8456284814.400001	14116493.0	2767726021.0	35862422498.0
HKG	VNM	92391.0	180646673.0	12004269.0	1084246901.0	3226305681.0
HKG	VUT	5.0	76520866.0	217881.0	800094.0	94721970.0
HKG	WSM	5.0	96467703.0	5985362.0	13625984.0	190215.0
HKG	ZAF	334.0	952849.0	1997418.0	312243048.0	11208353.0
HUN	FJT	48481.0	1422978840.2034	136514960.907	18750587750.679	5868899623.751
HUN	HUN	41543.0	2126553239.3319502	267636902.148	20755336782.17	8871750034.779
IDN	ASM	14.0	18078872.529	1596550.199	53748705.046	1528744.854
IDN	AUS	11.0	-4811672.548	0.0	421987.871	154973865.094
IDN	AUT	6.0	364938.387	90675.509	0.0	7048.277
IDN	BHS	0.0	21919456.8	6738848.0	46418882.0	51195645.0
IDN	BMU	0.0	0.0	0.0	0.0	25099.0
IDN	BRB	0.0	-3528579.0	0.0	0.0	-15248.0
IDN	CAN	56.0	34162.222	0.0	83414438.912	13606532.605
IDN	CHN	35.0	1669685.956	748827.649	11148773.715	1017989.653
IDN	CYM	43.0	-46526660.999	0.0	69998001.756	362448309.058
IDN	DZA	57.0	3017467.087	307116.144	40193636.556	0.0
IDN	ESP	0.0	-145244.963	0.0	0.0	0.0
IDN	FJT	3644.252	548089380.7346499	25235607.821	4389688807.883	7019866664.185
IDN	FRA	41.0	33832015.0	820102.0	511407247.0	8627429.0
IDN	GBR	351.0	6269242.756	0.0	155544924.969	888727042.232
IDN	HKG	115.0	13522048.2675	2296029.2	366598196.04	54692560.395
IDN	IDN	568123.571	189238625236.0435	91712433030.673	145723418903.16	4129257725063.4
IDN	ITA	19.0	475263.852	0.0	11245502.071	14113.718
IDN	JPN	125.0	4867652.904	732876.109	305756840.406	2295143.157
IDN	KHM	0.0	0.0	0.0	0.0	0.0
IDN	KOR	26.0	-1193393.217	0.0	19127661.603	382034.062
IDN	LBY	44.0	-1876652.0	0.0	22571.0	120022287.0
IDN	MCO	1.0	541324.014	56026.132	5540333.049	0.0
IDN	MLT	0.0	-188663.0	0.0	0.0	0.0
IDN	MMR	1.0	545744.259	0.0	708987.401	0.0
IDN	MUS	10.0	65071020.3057	0.0	92565421.476	1166096238.546
IDN	MYS	168.286	-55596009.718	4503.192	33365594.651	516735431.149
IDN	NER	0.0	336697.873	0.0	3367636.896	0.0
IDN	NGA	24.0	-129881.465	0.0	0.0	2677640.991
IDN	NLD	0.0	297775348.4628	0.0	735666088.201	929709251.9
IDN	NZL	2.0	72099.556	0.0	2557950.473	191103.572
IDN	OMN	126.0	15280024.0	2282292.667	53892555.333	1627754.0
IDN	PHL	4.0	-185031.645	0.0	3481.844	139958.118
IDN	SAU	0.0	403.317	0.0	32347.695	0.0
IDN	SGP	425.3	123419909.06729999	5673573.814	1278829007.586	2440290998.555
IDN	STA	36.0	3249070.333	1272863.764	40766462.966	0.0
IDN	SYC	0.0	188663.0	0.0	0.0	0.0
IDN	THA	376.0	-1253877.415	104752.374	22160163.278	24307102.121
IDN	TLS	138.0	19491005.52	2510571.068	142395276.862	48434278.616
IDN	TUN	13.75	2819347.0	0.0	6287801.75	774473.75
IDN	TWN	9.0	-40645.495	0.0	8939334.632	25842.2
IDN	USA	35.25	-1590126.656	0.0	71100026.39	9611315.051
IDN	VGB	0.0	-2252215.0	0.0	17463457.287	31534666.333
IDN	VIR	539.0	3815737.491	0.0	84316874.881	14355991.181
IDN	VNM	676.0	1630126.775	0.0	110367261.774	173245843.038
IDN	YEM	0.667	-250525.667	0.0	0.0	0.0
IDN	ZAF	116.0	250510.864	0.0	4315374.511	560179.958
IMN	AFRIC	774.0	-416514.281	636591.74	69167243.867	44656711.232
IMN	AMER	423.0	132400208.01900001	-1692248.0	334363224.0	82489722.667
IMN	ASIAT	15828.0	62872421.390949994	18016673.467	2035673962.696	1234935565.827
IMN	EUROP	50597.0	279088957.38505	97712164.333	8874852890.333	5971619584.0
IMN	FJT	67622.0	473965898.22805	114673181.54	11314057320.896	7333701583.725
IMN	IMN	482.0	416699372.0975	200981.333	1115974378.0	21063493.333
IND	ARE	17970.0	-962361241.89	377043.54	7094346018.52	7779918547.17
IND	ARG	1330.0	-6410242.31	2721377.27	70948947.21	18824355.02
IND	AUS	6377.0	106198964.45	61417675.51	1738960456.25	2441294926.43
IND	AUT	198.0	5551805.39	1548382.65	307210808.31	39756601.82
IND	BEL	2432.0	11116902.62	31070334.18	1442833972.27	2321690661.23
IND	BGD	4302.0	68999262.9	27115737.87	666070023.3	515725797.53
IND	BHR	391.0	-22343917.79	0.0	424636999.34	3051391766.75
IND	BHS	32.0	-8238868.55	0.0	48306747.91	1162646993.55
IND	BMU	3.0	11101854.996	2.2	103716798.4	503652560.41
IND	BRA	14595.0	-58035220.31	104190129.68	3175132262.64	1503901211.96
IND	BTN	234.0	8171746.78	1930925.93	35264763.53	1486274.56
IND	BWA	67.0	493169.32	311133.48	5751857.92	29597619.97
IND	CAN	9099.0	334497956.74	124467772.35	2444249884.77	1048631342.01
IND	CHE	2115.0	161565437.78100002	19745825.47	1393091656.38	201383441.32
IND	CHL	1803.0	-16596179.36	2048962.71	90772773.68	24297254.89
IND	CHN	53944.0	965959862.36	200867162.19	8746986343.45	2163046821.47
IND	CIV	273.0	-181400.8	214201.44	18567015.95	10524281.15
IND	CMR	525.0	966571.9	444243.48	19092978.46	3085488.4
IND	COL	2011.0	-3776313.3	1489813.56	113220595.44	55119207.89
IND	CYM	12.0	162822237.70499998	0.0	3619436.27	66.22
IND	CYP	55.0	-62308309.63	2048864.06	6586528.69	5251376807.97
IND	CZE	2820.0	20667431.55	3805978.03	636977837.66	203325517.46
IND	DEU	19462.0	238121038.46	71380486.8	8635131690.47	3773443998.47
IND	DNK	784.0	-64676335.91	2953342.72	75588538.32	28319111.51
IND	DZA	17.0	548421.02	190965.57	1479873.96	25687.61
IND	EGY	2734.0	23421713.84	1944349.77	268525337.36	145570252.6
IND	ESP	4922.0	91210497.4	32185019.82	2072485826.8	1879358584.11
IND	ETH	4415.0	8990444.79	2295798.74	55933547.01	47204660.51
IND	FIN	1238.0	-21377804.92	1872640.63	252640807.04	86529753.96
IND	FJT	558598.0	795931956.1055	2053318206.04	131524478554.73	192046018468.31
IND	FRA	6714.0	37015132.52	8205426.73	2000611711.51	363572336.36
IND	GBR	72147.0	1215562440.2	123110704.52	13916994339.06	14640261106.48
IND	GHA	2811.0	2722214.9	945080.55	57934788.43	31572903.73
IND	GRC	44.0	21260.67	3949.99	926959.22	145243.19
IND	HKG	883.0	-73946675.36	7399331.11	1497097040.76	15270910650.7
IND	HUN	6772.0	-19115409.64	1071050.72	554577230.16	1021367404.49
IND	IDN	9541.0	49452107.51	20427519.41	1286341289.4	12178999500.83
IND	IMN	6.0	10413909.756000001	0.0	124395.21	10277.52
IND	IND	3700776.0	17186692071.783	17428997574.06	467809977220.11	854178532186.08
IND	IRL	1046.0	6249614.157000001	856082.65	123878781.65	30903975.9
IND	ISR	1443.0	219588325.16	17972671.51	202994868.96	542927802.76
IND	ITA	2628.0	44009983.94	26672680.82	2174929107.77	486580861.83
IND	JEY	16.0	68298443.325	97286.9	160300308.9	1067659351.54
IND	JOR	594.0	-15143675.47	301503.1	44998231.44	747891978.18
IND	JPN	6947.0	41868627.19	28349712.34	1733108483.41	3946724379.18
IND	KEN	6886.0	-18715560.77	2621305.11	299091660.64	138528723.78
IND	KOR	9091.0	331252005.79	50913037.96	6547534654.83	2613172474.23
IND	KWT	1657.0	-858586.5	385879.06	56723086.6	23600311.74
IND	LKA	3661.0	68799240.93	9951867.26	398927822.81	298301273.76
IND	LUX	268.0	31753410.165000003	72596.9	73659019.84	1712643.92
IND	MAR	997.0	-4768562.44	1259554.72	96826388.47	70929608.28
IND	MDG	216.0	-826195.09	98101.37	366434.8	1433528.56
IND	MEX	31535.0	145189793.91	47443093.58	947127508.14	565443716.13
IND	MLT	136.0	-8334392.56	95563.49	15281222.15	9466057.31
IND	MMR	278.0	17026610.31	227836.01	87808481.31	128159816.23
IND	MOZ	3762.0	5593396.44	299854.25	36921256.21	28475720.85
IND	MUS	440.0	-55971064.09	45494857.87	126442650.86	11290103917.81
IND	MWI	789.0	6486259.54	110635.55	18839154.85	3626628.07
IND	MYS	11503.0	22208317.23	4921001.0	1047650699.36	446535860.61
IND	NGA	5093.0	-17502241.85	435341.16	160499185.35	90609475.1
IND	NLD	5658.0	82870369.353	44079842.78	1296918546.42	7995234763.96
IND	NPL	3987.0	166152358.58	44841750.69	543010447.84	984805997.87
IND	NZL	135.0	477562.69	454733.2	9694229.88	200541.15
IND	OAF	1681.0	-1825981.34	398538.43	37573848.11	23484551.17
IND	OAM	2673.0	-9751895.85	3896845.85	114816058.6	563756317.42
IND	OAS	787.0	46464791.041999996	17894425.76	221299307.67	1051138461.8
IND	OMN	14201.0	26161036.8	3940580.19	339027587.79	312337009.81
IND	OTE	4342.0	29195351.7495	3688.49	275057134.27	30620645.58
IND	PAN	99.0	7139931.59	7695.14	3585432.09	113020038.29
IND	PER	1415.0	-4318511.56	267282.77	54438973.93	6123831.81
IND	PHL	10076.0	34037737.73	7811728.28	182591039.32	197550615.13
IND	POL	4820.0	11346863.33	1853364.86	404348519.61	160395855.78
IND	PRT	1062.0	479630.85	2628841.42	305669794.82	61114253.23
IND	QAT	7638.0	-3369684.68	843136.24	255656981.72	107336012.76
IND	ROU	1672.0	38704643.81	6456446.61	167488571.93	73450653.29
IND	RUS	4934.0	54791215.86	17704884.71	1360271419.51	389316741.58
IND	SAU	9324.0	60609884.57	14969606.59	956851390.76	97428230.86
IND	SEN	166.0	7799537.06	15801.12	83398260.71	8357362.46
IND	SGP	3688.0	-84982497.78	366133152.33	12796489862.54	67795083699.59
IND	STA	236.0	-977560.37	2368.41	8045451.93	1253446.85
IND	SVK	2269.0	1596800.4	2588167.35	48819971.54	1008710817.99
IND	SWE	2799.0	15759096.45	5590517.32	729714682.91	94828096.47
IND	THA	2224.0	-15659548.07	2280697.91	173437206.89	246473069.32
IND	TUN	344.0	2130146.15	113207.28	14096986.16	5632805.09
IND	TUR	3146.0	-13704300.76	4293772.94	508011677.66	94052194.15
IND	TWN	260.0	4204030.94	855671.51	27179678.8	10132611.93
IND	TZA	1579.0	-1679459.57	751592.03	93144309.07	22346007.41
IND	UGA	891.0	16380752.7	591092.32	123894129.51	39672347.01
IND	UKR	508.0	395873.04	447240.86	43078586.23	16922188.59
IND	URY	1164.0	3241613.16	3671027.93	7030110.88	8006629.3
IND	USA	113276.0	-3066522527.47	350916059.0	35001220394.18	9662321506.62
IND	VGB	73.0	-27346314.02	1714394.55	44040657.44	33071760.4
IND	VNM	1871.0	3346981.35	1293228.65	88666380.32	24153270.84
IND	ZAF	5650.0	288059227.52	45036413.11	1521869948.97	424315792.45
IND	ZMB	1886.0	752819.97	588714.12	67393885.31	52613217.33
IRL	FJT	1594762.0	80230331734.9485	7033502762.53	363555489474.12	105288580497.39
IRL	IRL	114663.0	-108690936.24	688227389.16	65237970136.43	69065558935.86
ITA	AGO	2465.0	786989873.461	382314940.714	351973633.735	5623780078.652
ITA	ALB	1069.0	4184795.782	2941499.634	71061696.779	88402279.603
ITA	ARE	8089.0	585449306.0514	567099378.176	1386734483.099	1337690510.139
ITA	ARG	10360.0	536934254.992	70651403.095	4454907822.159	1854843635.041
ITA	AUS	4033.0	120718262.873	72130524.655	1788835053.018	1245119007.384
ITA	AUT	12706.0	2086615761.292	151602185.694	8796035695.887	1129689282.972
ITA	AZE	625.0	131734390.946	14103948.751	307260927.65	2289.728
ITA	BEL	6234.083	465811995.034	179805770.756	4312812945.044	743107934.46
ITA	BGR	7266.0	563771470.452	1268713.986	902740736.318	387002828.543
ITA	BIH	2328.333	108375208.061	-6622462.575	282359181.915	79629961.8
ITA	BOL	210.0	-8015129.192	0.0	47311265.829	68450031.948
ITA	BRA	89172.0	1366642271.407	343552728.878	16988025629.079	7099746587.632
ITA	CAN	8716.71	51853806.753	27229489.057	1728028959.173	405880808.742
ITA	CHE	9762.0	590165980.6482	117529298.378	8131361535.45	859022731.424
ITA	CHL	6723.556	2106524227.652	245278391.09	5051791600.168	8100184414.06
ITA	CHN	51677.434	330815585.7	116857512.593	7089487700.156	1330570416.365
ITA	CIV	101.0	-18812448.854	63040.764	34681569.718	10075957.373
ITA	COG	908.0	-501913566.913	299270898.033	274187845.562	6433753695.271
ITA	COL	5058.0	807796045.407	282591226.559	2998542629.936	4595705139.651
ITA	CRI	533.0	24338883.879	11107480.883	232239145.634	263023747.676
ITA	CYM	10.0	-425123.746	0.0	5972401.438	0.0
ITA	CYP	519.0	60964676.27370001	6729825.166	159506335.163	53214613.9
ITA	CZE	14596.0	1210565281.977	16156765.248	4094634797.454	418088757.805
ITA	DEU	56806.012	5300705880.353	291744220.454	45126004685.711	8673054265.211
ITA	DNK	2167.0	250138020.31	29785465.537	1057134981.469	283390764.5
ITA	DOM	362.0	1640334.695	1090616.916	37201728.146	3885507.223
ITA	DZA	3986.0	843004221.777	753244929.972	1268151673.682	3749668136.91
ITA	ECU	2623.0	72424611.705	79172091.876	301513895.438	320804678.805
ITA	EGY	11066.0	2451131261.532	579118931.563	5939183249.644	8987805329.316
ITA	ESP	43100.5	7683868609.663	378969906.111	36878183393.38	30390574017.164
ITA	EST	211.0	3686883.388	0.0	72623584.079	16605059.196
ITA	ETH	8868.0	369239456.596	36011736.103	747728638.039	84061853.818
ITA	FIN	2246.0	101686310.892	-1864496.437	855213834.378	987553649.177
ITA	FJT	841881.875	50454449184.70045	9942917492.625	342989271627.3	181881655639.2
ITA	FRA	44399.832	2673605571.564	498277450.971	36310148690.976	3857486872.613
ITA	GBR	40636.5	374735521.42	231544391.682	34332619432.557	4646784526.941
ITA	GEO	228.0	40797493.84	0.0	99265721.356	3209349.924
ITA	GHA	404.0	15750421.286	775266.591	105303447.378	2369050029.262
ITA	GRC	3687.5	202478753.678	23644803.377	1370316421.877	1034836540.342
ITA	GTM	377.0	46508972.654	3821918.247	90121479.94	417666672.851
ITA	HKG	3275.0	-606095695.175	43625182.311	2657940488.123	117624658.802
ITA	HND	865.0	-7981996.076	440359.061	68693182.598	43272375.207
ITA	HRV	13183.333	599008305.045	29994114.315	1720116718.86	804556153.965
ITA	HUN	8354.0	338441682.3579	14320492.245	2326923500.905	436237579.062
ITA	IDN	3793.0	322121595.96	33146348.648	1259500520.045	2557467331.205
ITA	IND	30149.0	102035644.415	61148872.462	1651771168.439	531695206.786
ITA	IRL	971.5	779352759.6444	75833862.655	3954120281.418	630528682.373
ITA	IRN	133.0	-13216995.906	170603.23	8697882.158	38765238.814
ITA	IRQ	717.0	166523081.641	33716663.343	41384637.679	864491612.524
ITA	ISR	281.0	5215857.92	399272.744	156334629.875	16382154.559
ITA	ITA	855399.875	32789295508.666378	7801546076.344	472678934320.57	250566479488.16
ITA	JOR	246.0	-3431.047	9625.599	28620263.518	1974985.841
ITA	JPN	5176.0	77080259.032	46972026.957	2039840854.133	1089783955.891
ITA	KAZ	5085.0	1304686067.897	300136429.281	1651163674.616	12492341466.478
ITA	KEN	32.0	-4855379.401	-157198.431	9130321.1	1336416.467
ITA	KOR	2041.0	42360633.52	10878417.139	883117566.72	116907673.934
ITA	KWT	1349.0	3028313.75	81154.188	709623788.358	86897609.503
ITA	LBY	4348.0	3336411125.161	2228009986.456	4563535037.319	4067912630.768
ITA	LTU	350.0	8826408.78	-350037.691	53039465.09	11156165.362
ITA	LUX	969.0	2356516722.4164	101385059.287	4511333518.047	363117145.339
ITA	LVA	173.0	8847154.564	-168975.524	33316431.229	3091144.209
ITA	MAC	366.0	21200446.9872	2453384.155	191379911.85	33944279.762
ITA	MAR	756.0	-54694420.724	1672742.228	81035830.978	43981245.601
ITA	MCO	430.0	109163488.764	13682616.406	520503868.465	26956451.435
ITA	MDA	418.0	1303507.243	253741.527	26255388.326	15420845.82
ITA	MEX	7347.5	-120908293.731	32918564.457	1921133657.444	1807671293.537
ITA	MLT	380.0	3388490.3978999997	289995.549	8724173.265	120849767.441
ITA	MNE	686.0	-2514977.594	1133605.431	116044203.204	232117782.977
ITA	MOZ	312.0	-5503257.735	168642.344	55383716.192	18818114.099
ITA	MYS	1580.0	18460314.018	4730721.568	540719106.352	102867763.125
ITA	NGA	6035.0	282113980.198	229261696.212	1062953205.545	2586539623.361
ITA	NIC	247.333	-4318341.373	176604.405	14679769.189	4419979.94
ITA	NLD	10068.0	6244100808.057	84136788.643	4183072710.797	1341076717.308
ITA	NOR	3283.0	-166384043.893	7619774.268	1751492708.653	2337386247.399
ITA	NZL	744.0	14063837.164	4768011.757	171871356.238	35271853.958
ITA	OAF	2342.0	-11085402.379	1657642.342	175371648.085	85450114.068
ITA	OAM	86.0	-4397390.146	1674086.321	24804031.782	10249730.929
ITA	OAS	15345.0	188086099.09365	10393834.906	583628102.482	744834233.189
ITA	OMN	1186.0	22323462.723	4840289.41	834346565.219	158518023.47
ITA	OTE	748.0	91194664.20625	5173990.048	303761977.976	50292685.058
ITA	PAK	555.0	64391452.975	1811351.834	169398488.131	138458912.403
ITA	PAN	366.5	136425511.331	33071026.295	256028986.365	459759098.679
ITA	PER	3241.25	582854632.938	125636730.298	1790336774.119	3187011804.018
ITA	PHL	1689.0	4545530.093	3725186.113	239398578.301	42186746.542
ITA	POL	19783.25	272679451.405	58184343.815	4038262637.242	1265256437.063
ITA	PRI	143.0	1550679.804	109638.731	50312099.302	48107018.276
ITA	PRT	6605.0	-84607966.871	17247202.578	2873515652.471	2046940078.067
ITA	QAT	1468.0	-1450102.983	1199695.621	790451620.377	19533357.451
ITA	ROU	38313.223	356998879.504	4517814.404	3110466977.368	3083183744.692
ITA	RUS	22047.334	595257253.752	-24313321.161	6931779460.508	2201414702.349
ITA	SAU	13869.0	89149482.261	53813048.058	3388766597.311	1955447001.613
ITA	SGP	1825.0	-48463072.114	7739517.693	3985617104.561	104900105.582
ITA	SLV	81.0	-1859438.478	165204.208	24481508.631	1984262.901
ITA	SRB	16462.0	1116151864.603	10649483.358	1084409367.148	308402795.241
ITA	SVK	8518.0	355056887.954	34963629.199	1611856843.131	359299665.95
ITA	SVN	2838.25	71049692.84	-3107713.13	713915943.186	155743884.854
ITA	SWE	3216.0	34727144.515	22028895.989	1356537185.578	1176688918.988
ITA	THA	2475.0	21642021.801	6987966.562	727023563.833	120330091.409
ITA	TUN	1965.0	20871853.34	157769733.842	175235143.452	324473611.814
ITA	TUR	8599.8	-10963936.932	16345087.672	1615753756.458	467988053.939
ITA	TWN	604.0	-48240181.655	909056.16	93427232.362	12576074.186
ITA	UKR	2969.0	3681323.295	59073.321	201363653.926	71151494.748
ITA	URY	25.0	-15181325.889	207125.838	22047509.183	107392.719
ITA	USA	77417.164	1208011826.797	196786807.258	30902121019.082	16565537796.324
ITA	VEN	430.0	-485765754.997	934647.234	57729744.255	107751371.867
ITA	VGB	0.0	1132246.5993000001	0.0	0.0	0.0
ITA	VNM	4778.0	24354203.079	12123926.217	417590074.488	113039201.434
ITA	ZAF	3349.0	23911815.4	9601176.191	697036325.79	1046051962.155
JPN	AGO	455.0	35213209.683	9918908.643	99580233.069	43127680.351
JPN	ARE	7226.0	2532540263.0976	2677455349.812	14647372802.77	3275277091.956
JPN	ARG	17374.0	-16807296.832	28892859.201	8330931695.495	1774178874.6
JPN	AUS	108047.0	6027304169.877	1259316883.661	69443776874.06	47785161787.825
JPN	AUT	10596.0	472136873.491	110091309.955	4698525612.268	1306789661.23
JPN	AZE	69.0	143058555.072	55693065.593	481150195.213	23599790.864
JPN	BEL	44155.0	1227572983.389	491034457.979	25575269726.479	16195513010.428
JPN	BGD	12164.0	-250450146.745	6247399.777	752388888.889	554193438.119
JPN	BGR	10342.0	25631634.054	1068976.575	251036514.067	318217520.666
JPN	BHR	672.0	58266808.123	914373.736	315555104.571	91538308.01
JPN	BHS	5.0	27771920.6499	44909.049	132223923.674	975821568.995
JPN	BIH	46.0	-2078390.564	14367.509	12150615.958	7486567.611
JPN	BLR	512.0	4270690.509	-939474.0	20590247.868	3599832.855
JPN	BMU	384.0	-96228038.329	47764577.206	8495813980.862	527579930.578
JPN	BOL	1637.0	532591737.722	-174081123.852	70469780.443	670787987.323
JPN	BRA	139799.0	1132244530.273	560509779.689	31383884967.326	12796879940.412
JPN	BRN	281.0	8364215.643	1167744.461	56395841.038	61656842.944
JPN	BWA	469.0	20351077.341	3942751.056	145835295.498	36612743.811
JPN	CAN	81870.0	1061997688.996	704203706.942	40465009167.28	17019061056.353
JPN	CHE	10868.0	312485896.8495	172999633.021	12356081729.451	4577229256.331
JPN	CHL	25857.0	-2299183818.968	104708641.446	12688932396.584	5089320073.704
JPN	CHN	1306527.0	26086564575.927	5492941584.879	212668448135.74	83381706556.876
JPN	CIV	1945.0	2969084.0	4325470.729	407134468.979	143427781.273
JPN	COL	8598.0	49904825.616	34125167.456	1785553117.566	480221132.804
JPN	CRI	4950.0	39800172.212	14158002.933	274197132.329	293113274.578
JPN	CUW	2.0	-4318206.113	23429.338	7109307.753	127563.353
JPN	CYM	263.0	2166869066.013	12483488.913	1572037442.092	1860002430.763
JPN	CYP	82.0	4342599.017100001	660165.659	6767274.81	23665761.506
JPN	CZE	40612.0	512600935.381	235851864.811	5968051979.128	3432124881.783
JPN	DEU	151203.0	4479085942.811	1154434037.941	78581411237.572	20264618646.494
JPN	DNK	6927.0	257719107.689	45762112.866	4188415321.103	798244981.371
JPN	DOM	896.0	-366592.361	335409.415	19430197.779	28455581.516
JPN	DZA	827.0	26488982.797	13106686.165	449642795.691	54669846.666
JPN	ECU	641.0	95201510.043	1715435.175	225471722.663	37380478.615
JPN	EGY	8898.0	28012870.128	12398722.942	618625335.837	283743311.359
JPN	ESP	51962.0	1596815227.801	244710239.329	17947250421.806	5342401755.739
JPN	EST	781.0	13897720.353	2353473.307	462588972.133	151598378.954
JPN	FIN	8531.0	124596388.132	762809198.564	3278590811.788	934292115.23
JPN	FJT	6809668.0	146541576690.616	36181398615.148	2234124012152.7	885997318312.24
JPN	FRA	92197.0	806377002.105	467934856.969	47559563088.066	9017766391.497
JPN	FSM	139.0	39525786.108	41248365.236	284352092.028	39849921.776
JPN	GAB	502.0	4365528.251	5258403.919	136505662.253	53364437.296
JPN	GBR	165221.0	5270571840.623	1075111871.162	90470430262.745	30345157146.476
JPN	GEO	2109.0	-278736.432	-638865.394	1494282051.745	113407312.239
JPN	GGY	38.0	8217935.4744	18682.672	33706832.662	3640664.536
JPN	GHA	1440.0	52856447.884	6496897.891	446286426.791	108510247.636
JPN	GRC	1040.0	-3381500.625	4128306.971	522342343.475	106233899.477
JPN	GTM	606.0	6107792.413	1250117.736	51709134.795	26924682.062
JPN	GUM	2630.0	-23187741.797	937047.118	354471368.644	472249542.489
JPN	HKG	57414.0	3254952112.0533	388685160.952	67276311738.451	8551343553.408
JPN	HND	685.0	5268472.856	-198463.25	20966734.229	30540250.753
JPN	HRV	788.0	6750179.423	861593.069	243046252.464	59362975.465
JPN	HUN	30441.0	232255215.6273	43218599.74	3797510976.62	3030494868.359
JPN	IDN	389362.0	4194703085.431	1544272913.51	48330316591.089	23896192754.557
JPN	IMN	0.0	54370852.812	314200.336	22306772.561	10576280.94
JPN	IND	271660.0	4214637250.088	1508559395.048	49372482910.241	17269447414.515
JPN	IRL	5762.0	1788262345.0035	174032326.715	6209961171.631	19052605035.487
JPN	IRN	1607.0	228264701.645	18257434.698	420456452.504	183464210.711
JPN	IRQ	124.0	11627328.204	-244513.88	259335441.107	87936977.725
JPN	ISR	2699.0	-3718261.605	16056886.141	314300253.489	152551484.53
JPN	ITA	46602.0	1154894776.061	344086581.755	23137927994.688	6973741877.315
JPN	JAM	202.0	9842788.964	2012911.857	98252156.257	30924030.085
JPN	JEY	33.0	-131472542.021	1123602.56	1340076906.226	326018.506
JPN	JOR	254.0	36940496.464	6026141.042	146098094.053	76425678.289
JPN	JPN	9503979.0	306475423853.1115	90936822600.037	4479168257791.4	2257654583517.6
JPN	KAZ	1505.0	404145671.41	17404394.145	1632677440.831	4505405266.999
JPN	KEN	2634.0	26288098.679	16077335.027	579436039.026	187105618.488
JPN	KHM	22407.0	72989571.52	16927525.101	617220226.204	752097012.354
JPN	KOR	80886.0	3431282667.151	910091735.374	51165777162.103	26194364753.079
JPN	KWT	561.0	8893273.911	1029640.721	901812112.767	22292560.192
JPN	LAO	3341.0	22514246.935	408385.37	146727080.914	34305405.773
JPN	LBN	87.0	1980253.08	575293.542	9666166.844	2352873.668
JPN	LBR	5529.0	42972960.082	837360.367	1901640329.875	808358396.513
JPN	LKA	6926.0	23874974.464	6133753.466	574511784.822	235475341.184
JPN	LTU	1618.0	6868377.912	1210864.266	77347694.886	19196205.078
JPN	LUX	2422.0	348140971.7919	24199597.566	1359339572.993	842739543.412
JPN	LVA	702.0	3835064.463	56536.219	116081352.57	81461287.491
JPN	MAC	449.0	13228469.5689	1778778.216	261675230.784	16516405.286
JPN	MAR	38111.0	52683792.422	11468549.19	398544066.224	656471777.915
JPN	MDA	2196.0	-3585066.391	103556.346	50401732.899	22840818.885
JPN	MDG	604.0	4650397.698	1659389.433	38478430.556	34658353.888
JPN	MEX	330640.0	1860962981.473	455869092.423	32751428218.533	16377152513.048
JPN	MHL	0.0	-3965773.007	451.862	91751125.266	1227458609.504
JPN	MLT	62.0	6789374.0289	-2196961.919	51112776.363	17591000.572
JPN	MMR	19059.0	215546149.178	36063662.329	1329216407.958	647223934.843
JPN	MNG	1617.0	40863914.197	4185790.952	184848298.29	139551720.752
JPN	MOZ	204.0	-45049627.938	1609406.676	65227732.42	326952717.866
JPN	MUS	4831.0	26889442.477199998	5109116.703	102185883.873	175563192.245
JPN	MYS	206502.0	2885005213.398	524450860.042	26139713732.559	13165468045.383
JPN	NAM	323.0	3498197.03	1845960.225	65642491.461	23555813.195
JPN	NGA	2626.0	-44523545.512	4747611.082	277181005.461	123578991.272
JPN	NIC	10862.0	6517889.272	704342.227	15926408.907	61892090.336
JPN	NLD	52802.0	7621418998.1871	574619460.096	68874321012.373	10691719408.037
JPN	NOR	4369.0	434409513.802	207767135.994	3007843579.618	2223526956.045
JPN	NPL	156.0	1456172.58	408602.399	11400526.398	3954988.007
JPN	NZL	17537.0	404963404.734	104361740.289	7685979762.002	5345877543.531
JPN	OAF	8743.0	89783361.9988	95052347.448	2019385321.811	941556303.237
JPN	OAM	299.0	79232651.8699	2997140.799	96104726.683	87858170.874
JPN	OAS	1589.0	41518409.39705	9179569.951	503309678.898	277077868.393
JPN	OMN	184.0	77649438.326	86554.291	329726946.854	267637094.343
JPN	OTE	572.0	-144597173.322	25455.561	93629150.679	50025359.53
JPN	PAK	5707.0	123827205.779	84791726.184	2263966365.33	581583960.281
JPN	PAN	2273.0	74836990.461	5240918.541	4294775745.69	10968268391.378
JPN	PER	9158.0	137087221.943	53888047.243	1930068689.715	860722108.983
JPN	PHL	200742.0	1204603918.134	299491064.008	11083465644.852	8679630892.43
JPN	PNG	2318.0	569106193.947	33920488.569	1851155457.176	7449597217.687
JPN	POL	59634.0	573956147.95	97099869.357	9932020218.088	5684755813.48
JPN	PRI	952.0	40027373.397	25253414.226	1190214720.263	289841974.411
JPN	PRK	574.0	36233879.072	8229723.727	449151084.853	57859275.436
JPN	PRT	11096.0	76284396.213	20981704.755	1657056374.865	580344633.368
JPN	PRY	3503.0	19465733.561	1928092.139	181863765.994	71407577.739
JPN	QAT	2136.0	-113849228.459	117383.208	1225244576.604	38731880.566
JPN	ROU	51565.0	323355542.569	55940041.229	2105456752.308	1418195860.548
JPN	RUS	41671.0	1447319168.119	380009255.76	21842738922.616	5930391859.035
JPN	SAU	8491.0	-24045465.156	17945703.699	2145637562.247	882390101.331
JPN	SEN	555.0	6035182.205	3179278.69	211942922.66	73073528.25
JPN	SGP	82658.0	6941948684.7384	830865107.668	89108638565.762	14884619433.125
JPN	SLV	7770.0	18778891.446	2657274.421	68298766.862	134025710.166
JPN	SRB	2498.0	18033223.476	1189262.57	264641780.162	155762934.31
JPN	STA	939.0	274781888.486	9858.075	595014448.29	325419816.115
JPN	SVK	9015.0	24692548.406	28388215.533	1274182340.226	413448271.898
JPN	SVN	1837.0	23893547.847	6190046.185	605220141.005	407332830.248
JPN	SWE	14637.0	686655320.699	109309441.904	7982524277.04	1502055215.868
JPN	SWZ	340.0	10438468.362	924892.696	66644565.099	19333192.938
JPN	THA	715055.0	13871535904.613	2163668762.915	103822797323.26	52458833494.238
JPN	TTO	440.0	31762424.22	5639439.823	205561720.397	37638431.585
JPN	TUN	7653.0	14329289.033	593264.289	45997000.868	79587890.862
JPN	TUR	38001.0	514538949.839	100564721.776	11141322166.319	3364248858.064
JPN	TWN	135254.0	4037698669.995	588659861.334	47574596716.032	14372445958.798
JPN	TZA	1281.0	52437935.654	12187174.559	326027217.445	102859231.936
JPN	UGA	802.0	9964823.84	4156780.06	98664410.398	45426347.004
JPN	UKR	14643.0	82012506.677	4908984.456	1832419813.824	747733355.195
JPN	URY	2686.0	54822685.763	971592.311	655489668.971	550534880.881
JPN	USA	935563.0	30714749369.394	7421126200.024	767560682533.75	300967606943.89
JPN	VEN	478.0	3456423.925	3103815.993	77364028.802	48570822.349
JPN	VGB	1.0	162589262.70330003	15133433.388	76698813.292	139715645.828
JPN	VNM	427138.0	3276444051.789	553528223.356	21638520897.29	11246692401.251
JPN	WSM	35.0	650503.757	193128.808	6943323.653	3148975.406
JPN	ZAF	36570.0	375752737.085	451340671.029	11767651976.887	3391691726.112
JPN	ZMB	1016.0	33751168.742	9247674.411	209378666.698	104461828.059
KOR	FJT	2000789.0	27880047509.246696	9210576813.036	712941963375.39	311796151439.4
KOR	KOR	1742755.0	94703719361.67351	33155102634.306	1273303299677.4	1098967407486.9
LTU	DEU	13.0	1339215.417	93129.771	73630182.875	7151593.48
LTU	EST	458.0	-1693513.561	14428.356	187026734.243	94802362.713
LTU	FJT	2281.0	18291404.42115	5168588.866	1243915832.275	384744959.722
LTU	LTU	21606.0	167394366.9814	26771972.399	3730642514.171	4043922608.997
LTU	LVA	1664.0	6505837.102	1961043.077	693221861.563	161309363.399
LTU	OTE	80.0	12264910.70685	2755895.228	161990675.539	100263785.068
LTU	POL	66.0	192138.636	344092.434	128046378.054	21217855.062
LUX	ARE	2893.0	332200230.543	169688.018	3541492280.551	819389934.302
LUX	ARG	39991.0	493759737.05	144705118.517	7627409182.732	7552658086.518
LUX	AUS	6942.0	55854239.728	17605076.185	2498942931.099	754956627.603
LUX	AUT	9155.0	226899800.632	52176230.213	8053936948.059	1043853938.022
LUX	BEL	38001.0	2170668777.961	113360985.927	11586388264.629	11511181146.977
LUX	BGR	2563.0	13044548.144	218125.584	128996639.433	64769792.178
LUX	BIH	3307.0	10427287.273	1101786.755	490895923.619	410196467.185
LUX	BMU	690.0	166161573.4626	-786788.0	1075188343.641	238460710.826
LUX	BRA	141797.0	1632827615.466	176883373.444	13256029584.886	12661837854.373
LUX	CAN	20452.0	1826402396.518	357286397.257	8534450802.109	7971728971.312
LUX	CHE	8257.0	2671167395.6415	89362533.032	109412597888.35	4439542721.943
LUX	CHL	11615.0	23785811.029	2898477.324	675435659.811	273490915.39
LUX	CHN	30502.0	374946506.607	39263016.837	5961281278.269	1943966670.529
LUX	CIV	1845.0	14984123.89	876101.666	36407636.922	97944377.177
LUX	COL	26933.0	82453983.598	32536887.436	2821222189.291	1994545253.408
LUX	CRI	2102.0	-14219007.878	-2903238.339	334400970.879	192739785.698
LUX	CYM	40.0	5376976.5222000005	1969.564	78188387.0	273107.479
LUX	CYP	72.0	120199513.59629999	7594886.56	113943581.007	62574556.054
LUX	CZE	14930.0	-232520630.473	-5762787.299	6591542810.608	1776404336.928
LUX	DEU	137779.0	-3711329680.279	582877329.269	52663148906.148	27142770660.597
LUX	DNK	7938.0	73871789.113	25046827.895	2684328421.549	1625508255.078
LUX	DOM	3409.0	65746614.234	55830842.987	833286206.146	424448455.05
LUX	DZA	538.0	-1069883.428	-728107.542	11473876.55	4546028.91
LUX	ECU	3692.0	77924803.862	18359844.379	495361995.659	209307628.253
LUX	EGY	2280.0	7953744.015	-1381147.877	177652034.872	30364507.932
LUX	ESP	65926.0	1693570485.368	62605433.626	13597199095.682	8966109622.446
LUX	EST	1036.0	14604959.951	532227.875	160549709.752	103689910.589
LUX	FIN	13636.0	714942088.907	148372207.594	3353096275.886	502124280.898
LUX	FJT	1790109.0	39815673196.33925	4079657138.475	695465560726.99	261808062845.65
LUX	FRA	205680.0	838608456.773	214120317.674	48210583733.412	28367096141.48
LUX	GBR	95033.0	28718705.248	158334112.828	23238670537.628	8220442123.974
LUX	GHA	355.0	46912524.361	2732482.936	100640313.958	1737476337.592
LUX	GRC	1415.0	12543343.37	6611987.726	657759978.207	277062902.677
LUX	GTM	4897.0	416349112.541	-83754581.0	1466234514.589	656807469.189
LUX	HKG	1708.0	310484901.88710004	19339625.159	3384046047.359	233910853.395
LUX	HRV	1991.0	50989269.13	8769856.329	532732930.607	330456282.743
LUX	HUN	5915.0	121478237.50770001	6430608.73	1223186118.881	516193547.927
LUX	IDN	8527.0	4094701.055	2893892.511	662613585.06	512546262.29
LUX	IND	47410.0	530723312.781	135584549.715	6527705230.101	2744214737.226
LUX	IRL	2267.0	-1175923210.949	34292799.206	1321696319.949	466275199.206
LUX	ISR	4429.0	-105782959.937	50412470.261	1668169751.819	1214756167.377
LUX	ITA	77649.0	2124893862.484	425109917.059	28416830647.493	15648516058.816
LUX	JEY	73.0	1388681811.2691	0.0	31417018.393	79863282.226
LUX	JPN	5305.0	127718382.099	27565127.246	1990715847.261	393593414.701
LUX	KAZ	97583.0	1454763123.949	-206164589.663	4893921131.279	6021088531.667
LUX	KEN	89.0	-514411.137	301149.213	31405039.852	5070848.489
LUX	KOR	1733.0	140831961.144	38129376.291	1080441534.278	313548287.886
LUX	LTU	1019.0	15362616.74	1883346.619	135520596.378	113325650.786
LUX	LUX	21721.0	6801709591.172	172898461.854	33910510553.204	35735960835.718
LUX	LVA	1374.0	30399593.121	-828180.186	40264490.429	88280744.335
LUX	MAR	31780.0	25945688.432	9550285.729	554920574.06	320099895.845
LUX	MEX	56720.0	2120156260.761	470982383.577	11315740128.451	10496100189.595
LUX	MLT	69.0	561995209.9503001	7447793.591	78762446.63	41747850.897
LUX	MOZ	70.0	-11644808.74	-492.0	1104008.0	26643865.0
LUX	MUS	2178.0	15149474.772300001	2020708.804	257028387.724	330555495.746
LUX	MYS	3854.0	-60114593.528	6891489.136	2255961191.84	1176726633.878
LUX	NGA	1903.0	19494255.71	-4092508.909	338025415.143	102240557.741
LUX	NLD	23475.0	9856573721.268301	61152354.289	15116151410.744	7084848880.871
LUX	NOR	3974.0	80084818.225	16256881.137	1644304941.57	482771911.447
LUX	NZL	1423.0	13413038.279	4098053.967	269093619.176	80062740.827
LUX	OAF	11933.0	-393046643.053	-32800149.508	914334795.742	4930156322.614
LUX	OAM	17090.0	759760991.1520499	-155646719.663	2779769644.579	1963778825.035
LUX	OAS	4246.0	54756237.134399995	16678490.009	12631366857.159	615350755.166
LUX	OTE	3425.0	42750924.765149996	8305208.064	456353066.762	1792376816.231
LUX	PAN	5981.0	265768165.331	10668899.565	575093997.513	1263676967.747
LUX	PER	17494.0	163634531.25	39943321.964	698482708.583	454457778.693
LUX	PHL	24578.0	18202157.231	4736442.815	135578145.587	135431608.509
LUX	POL	36325.0	740538284.927	88257885.548	9571293260.362	5837727387.499
LUX	PRI	626.0	15114284.857800001	1004718.649	168507734.174	41684912.592
LUX	PRT	21576.0	649838362.087	12347362.66	4454077793.279	3548338046.991
LUX	QAT	216.0	2706167.963	94174.0	52237017.082	23867046.267
LUX	ROU	27456.0	242059176.99	25014501.617	2963943843.257	1957344633.901
LUX	RUS	71489.0	2942884864.225	453833953.228	11761386752.907	3412254743.901
LUX	SAU	1054.0	-3436777.463	1245573.863	323108163.226	192171966.595
LUX	SEN	752.0	-3135088.581	1446444.187	93667776.802	45007146.908
LUX	SGP	6665.0	405279405.3654	911400.38	49830715247.793	1456116438.164
LUX	SRB	4345.0	38363126.575	-2340251.195	320255143.142	220314513.104
LUX	STA	4467.0	1929869270.964	11733920.934	12516549.158	384153214.767
LUX	SVK	6302.0	1109543630.629	-316841891.328	2889703558.393	7103064194.697
LUX	SVN	918.0	30455911.056	4603858.787	260994464.661	206611375.505
LUX	SWE	11773.0	1103448686.091	75469306.042	8607575958.934	5766325576.981
LUX	THA	4342.0	-2810589.92	19460635.127	853217295.208	787680975.842
LUX	TUN	1790.0	11426744.488	820471.892	68722966.044	11702146.79
LUX	TUR	12635.0	152313410.886	41973517.93	2581691799.543	967063612.781
LUX	TWN	1784.0	81794304.63	-2769667.365	468587534.285	113900508.004
LUX	UKR	51467.0	467980041.037	92331731.197	2087935598.017	4024870511.868
LUX	URY	1848.0	132701554.655	7575442.353	2010720042.419	1013428569.589
LUX	USA	124622.0	994765322.725	323237719.197	156535228595.74	30146320250.784
LUX	VGB	10.0	191204174.6703	0.0	710381469.0	232088613.0
LUX	VNM	5941.0	46938519.727	4647929.972	456162162.304	156833308.065
LUX	ZAF	18740.0	-14249886.234	9538390.689	5951455469.917	2102256607.58
LVA	AFRIC	564.0	3447371.3724499997	0.0	95963083.341	7871087.833
LVA	AMER	68.0	-4511778.467	0.0	9645429.491	
LVA	ASIAT	186.0	4088506.3521499997	6956.613	27587476.995	6905656.876
LVA	CYP	4.0	-4370285.583	3638.989	7140795.843	5075798.183
LVA	CZE	54.0	948385.6	187357.146	2870133.5	6146614.507
LVA	EST	30.0	379671.825	78929.442	450844.785	86050.283
LVA	FJT	3632.0	91730490.79295	25318822.353	1036272336.662	165500911.987
LVA	LTU	29.0	748652.346	64518.808	551903.535	89688.09
LVA	LVA	3907.0	329816139.644	47213830.709	441631667.118	4145916447.569
LVA	MLT	5.0	1151071.9893	0.0	18157166.122	79277908.487
LVA	OTE	2282.0	84394679.1496	22911081.521	861941125.247	
LVA	POL	6.0	12404.464	1628.093	211973.491	22469.578
LVA	ROU	59.0	-890493.77	0.0	547028.707	24303545.512
LVA	SVK	290.0	4856909.43	1549036.233	11034157.611	
LVA	SVN	18.0	287354.919	149922.816	134988.782	6774968.719
LVA	SWE	37.0	1049614.485	365752.69	36229.211	28947123.919
MEX	CUW	0.0	0.0	0.0	0.0	0.0
MEX	ARE	29.0	-147240.942	0.0	0.0	69403.673
MEX	ARG	21634.0	400518098.904	68175607.912	5382568881.71	3275794923.46
MEX	AUS	395.0	9501348.821	2120186.583	138132074.77	73054521.602
MEX	AUT	10187.0	408450596.812	16399168.258	1654696757.757	1141182482.851
MEX	BEL	1017.0	10687878.368	2022867.172	188561219.856	142213969.509
MEX	BGR	3685.0	-58654839.41	10943.476	270584130.816	137623716.46
MEX	BHR	44.0	-9411.286	0.0	0.0	497815.003
MEX	BIH	0.0	35815.047	1686.626	19264.0	16027.62
MEX	BLR	2581.0	54880719.138	13216481.676	241558783.279	117053983.4
MEX	BMU	1.0	4588200.009	0.0	5969401.967	0.0
MEX	BOL	1.0	190833.704	32600.128	1221329.127	224657.932
MEX	BRA	75449.0	816906081.398	159734324.522	14575191154.179	8023640294.719
MEX	BRB	0.0	1234835.6472	28301.202	2180922.981	0.0
MEX	CAN	731.0	22386777.551	1805606.375	693712131.453	231474954.621
MEX	CHE	214.0	261708470.12790003	22812918.758	337077549.877	2601283.009
MEX	CHL	11106.0	229893931.818	51049572.805	11788631798.715	4729364680.458
MEX	CHN	2533.0	-19975497.352	4258832.254	362246198.48	265134183.823
MEX	COL	23169.0	-203297917.942	83913942.652	22382069407.813	16866631957.809
MEX	CRI	6129.0	-20910858.941	18171837.367	1404213641.239	931569231.805
MEX	CYM	0.0	14189793.0435	0.0	36784431.147	0.0
MEX	CZE	880.0	6573653.97	296829.276	108474752.484	85464853.487
MEX	DEU	6563.0	39928656.137	16874323.041	640036509.606	549710048.971
MEX	DNK	912.0	22752641.872	1799874.353	233538227.851	123765142.828
MEX	DOM	8528.0	341164211.056	81754416.194	1098237515.581	691395428.405
MEX	ECU	14327.0	261645552.662	69869758.461	2387804606.982	1250065269.246
MEX	ESP	85826.0	1083791033.295	128668301.254	9795867324.395	6127455703.785
MEX	FJT	442213.0	10339845291.3982	1686770268.023	123115595406.56	74828470361.045
MEX	FRA	9367.0	35183868.678	1949282.893	536384999.643	260810897.922
MEX	GBR	907.0	-43406771.324	2178455.763	173525771.723	414088887.374
MEX	GTM	9586.0	305078933.314	66418110.587	1955362350.44	1154298526.796
MEX	HKG	0.0	-8137.717	0.0	56.068	0.0
MEX	HND	3863.0	-18883481.612	13132512.474	531480116.814	348351161.506
MEX	HRV	2514.0	17446094.692	4228554.523	268766628.165	183244130.149
MEX	HUN	1797.0	96244735.0077	20683633.761	762290276.129	475797574.508
MEX	IDN	862.0	-1201667.503	0.0	2802804.374	3878150.539
MEX	IND	3060.0	1537333.805	420773.188	22489270.327	37403130.461
MEX	IRL	31.0	106941789.8649	14346927.205	330148972.984	1089893128.967
MEX	ISR	105.0	-21262457.666	0.0	24064384.536	15202754.403
MEX	ITA	747.0	-81081436.041	2098720.221	242773489.991	178384657.083
MEX	JAM	165.0	1936574.326	486024.368	5304341.7	8523636.601
MEX	JPN	22.0	27033752.778	4565143.642	438751419.625	82686836.139
MEX	KOR	3.0	0.0	0.0	33983805.647	0.0
MEX	LUX	99.0	530178.9777	11865.202	870746.44	28661.516
MEX	MDA	0.0	0.0	0.0	0.0	0.0
MEX	MEX	1501352.0	54326999062.478	7269590955.731	262843916539.81	290175590765.96
MEX	MKD	1052.0	4984533.722	895070.629	67720661.407	47227614.992
MEX	MLT	0.0	2144781.9269999997	0.0	9.977	0.0
MEX	MYS	285.0	1963905.425	4500.752	19601968.128	50514835.417
MEX	NIC	4902.0	95629838.676	36325527.114	618773415.285	488208966.653
MEX	NLD	563.0	2102044613.5331998	219622593.81	719479642.267	91054913.821
MEX	PAN	3478.0	56692272.04	2812717.106	948082803.872	392136100.975
MEX	PER	25425.0	978538933.479	286927873.795	6150598054.077	6128073147.146
MEX	PHL	27.0	7901.284	5441.132	0.0	3157.915
MEX	POL	5608.0	5409332.821	3468227.501	292001191.588	263464871.64
MEX	PRI	3164.0	12198119.2848	915010.256	1015523444.476	1402206383.954
MEX	PRT	833.0	2101562.407	136224.249	104788119.746	48319907.852
MEX	PRY	444.0	-3501745.821	41497.185	191711061.511	149654186.923
MEX	ROU	1496.0	11449332.579	1921739.057	115250404.946	38886762.559
MEX	RUS	617.0	6474726.71	230938.168	82766408.256	83747485.672
MEX	SGP	2356.0	-451163.316	163164.48	54305659.768	11739222.464
MEX	SLV	4090.0	82562270.07	34023465.512	550770916.438	358817257.073
MEX	SRB	1316.0	8096337.911	0.0	151370126.734	50882971.783
MEX	SVK	889.0	32027702.775	5212.441	184630474.222	174903837.362
MEX	SVN	714.0	49026793.919	2917894.671	122782382.111	41803125.144
MEX	SWE	58.0	2485240.068	557598.965	19317038.142	2212307.739
MEX	THA	38.0	132633.376	0.0	680592.832	115607.904
MEX	TUR	762.0	13110747.116	87604.971	105913418.672	93533716.153
MEX	UKR	141.0	837868.932	255273.425	9939867.121	20731807.661
MEX	URY	1427.0	-8787828.907	3068350.117	321823527.47	246458217.286
MEX	USA	68443.0	3035503571.067	218567693.707	32164034732.304	15585681993.867
MEX	VEN	4893.0	-2618841.573	278264.806	44744697.892	32781661.848
MEX	VGB	3.0	-7103126.85	0.0	0.0	5509099.861
MEX	WSM	0.0	-790.57	0.0	0.0	1038989.816
MEX	ZAF	120.0	-126244.173	0.0	607336.65	165541.127
MYS	ARE	94.0	14844338.687700002	0.0	277574083.663	5578290.842
MYS	AUS	9591.0	970932751.238	25186430.693	4242286782.426	23569035093.564
MYS	BRN	749.0	-7663485.891	3385177.97	131730309.406	47294498.02
MYS	CHN	25303.0	707261329.951	62120305.693	8069175023.267	5071376198.762
MYS	CYM	0.0	931836657.4749	151100169.802	944958623.267	1206622623.515
MYS	FJT	334258.0	6857410113.39155	1551223755.198	69143331950.247	109654790657.18
MYS	GBR	17244.0	-115330657.426	78555066.832	4357579603.465	9134473343.564
MYS	HKG	4423.0	-85688763.861	22869188.366	1560711822.772	2655846100.743
MYS	IDN	115969.0	793326791.089	403988179.703	7920891415.099	8802403708.911
MYS	IND	26224.0	-2263376.485	11345406.931	492955835.644	4200907632.673
MYS	JPN	391.0	219892724.505	8151763.861	427112552.475	960284851.238
MYS	KHM	4152.0	229748784.653	35174089.356	722807382.673	673405395.297
MYS	MMR	1196.0	25403491.584	1637924.257	111580056.931	100179276.733
MYS	MUS	61.0	-1214883696.04	5911995.297	498442739.109	1480086042.574
MYS	MYS	806935.0	33721784769.3935	9283336576.238	176706998205.45	289824810355.94
MYS	NLD	1017.0	75370009.0095	7559875.0	1252344941.832	1027629912.129
MYS	NZL	1425.0	1543785494.059	1011071.04	639140132.426	547575911.634
MYS	OAF	7360.0	1052505710.8536499	77885666.337	8340222776.485	2137938605.446
MYS	OAM	2472.0	408414390.89154994	20794691.337	1442047812.376	8635718377.723
MYS	OAS	41165.0	1091422044.8762	178127187.871	4605729185.149	7126582728.218
MYS	OTE	6387.0	338260427.52494997	37151891.089	3140671069.555	6738314331.683
MYS	PHL	3966.0	-5076300.495	13229196.287	694570943.564	77055943.317
MYS	SAU	3.0	6029031.188	777726.98	35686681.436	25308501.98
MYS	SGP	29779.0	1577061043.6635	315204858.663	13131524344.802	18130111574.257
MYS	THA	9302.0	54481078.713	21828881.931	1936784594.802	701631079.455
MYS	TUR	18957.0	-60760756.436	12412587.129	1454174532.178	1010294207.673
MYS	USA	2385.0	-249264092.079	13034206.188	1787738690.594	4035709014.852
MYS	VGB	159.0	-1574434512.376	409940.842	70097487.129	293824399.01
MYS	VNM	4484.0	52188771.04	42370275.743	854792527.723	1259603013.366
NLD	BEL	115241.0	3892996226.155	444196110.155	36868510921.944	9792940876.545
NLD	DEU	229237.0	6541590352.997	2015178804.372	90262377721.587	47454041540.126
NLD	FJT	3438886.0	103960731326.0185	25636294385.909	1506168097762.6	671256390427.52
NLD	GRPS	830935.0	26291631153.756	3514378161.871	485251101463.86	224425710563.52
NLD	HKG	4544.0	457322871.0591	122186351.679	9188658533.466	524832702.652
NLD	NLD	582272.0	21777671488.173	4238728416.629	308805389999.61	124614286608.34
NLD	OAF	70195.0	4394443246.221749	2133197336.509	21916389136.261	23306227986.806
NLD	OAS	653143.0	29531398795.6657	10130745693.0	310428609028.07	137618909194.39
NLD	OTE	1416975.0	32852963501.403847	6786842041.23	533467004606.99	220296500498.55
NLD	POL	118616.0	1904514988.665	489569887.093	18785446350.467	7837227064.943
NOR	ARE	780.0	108155700.0	-2000.0	277740000.0	12909000.0
NOR	ARG	620.0	-43329000.0	2028000.0	164011000.0	54380000.0
NOR	AUS	1400.0	-701668000.0	2126000.0	459029000.0	1359113000.0
NOR	AUT	1730.0	752000.0	11295000.0	945725000.0	246726000.0
NOR	BEL	2920.0	-1779000.0	25711000.0	1241022000.0	939968000.0
NOR	BGR	1840.0	67901000.0	3641000.0	250976000.0	2335000.0
NOR	BRA	18930.0	-328428000.0	195618000.0	6530875000.0	9971863000.0
NOR	CAN	3900.0	373199000.0	81388000.0	1448696000.0	2618247000.0
NOR	CHE	180.0	211446000.0	22769000.0	2153889000.0	131912000.0
NOR	CHL	2050.0	78963000.0	1336000.0	397217000.0	1828734000.0
NOR	CHN	4900.0	89924000.0	13513000.0	1287524000.0	481381000.0
NOR	COL	840.0	-33560000.0	1360000.0	358889000.0	289651000.0
NOR	CZE	2610.0	14844000.0	2714000.0	382236000.0	229407000.0
NOR	DEU	11060.0	64697000.0	52249000.0	9027894000.0	6788050000.0
NOR	DNK	10790.0	1701392000.0	50891000.0	9144473000.0	3836213000.0
NOR	EGY	680.0	26400000.0	4008000.0	138332000.0	56919000.0
NOR	ESP	5710.0	86112000.0	15222000.0	965869000.0	268182000.0
NOR	EST	990.0	14243000.0	238000.0	230186000.0	101684000.0
NOR	FIN	8270.0	190521000.0	16556000.0	2511499000.0	1312109000.0
NOR	FJT	242700.0	12686877600.0	3347520000.0	113369087000.0	106285424000.0
NOR	FRA	5590.0	252651000.0	72659000.0	2425284000.0	769334000.0
NOR	GBR	14750.0	780104000.0	77222000.0	4989948000.0	8275958000.0
NOR	GHA	90.0	-20177000.0	4527000.0	60909000.0	23934000.0
NOR	GRC	230.0	7131000.0	5494000.0	169958000.0	53400000.0
NOR	HKG	110.0	9555300.0	877000.0	51648000.0	43152000.0
NOR	HUN	3310.0	80222400.0	7076000.0	754917000.0	154034000.0
NOR	IDN	630.0	5875000.0	4919000.0	165311000.0	136564000.0
NOR	IND	6720.0	-31826000.0	17894000.0	921345000.0	486089000.0
NOR	IRL	810.0	83990700.0	4616000.0	1913167000.0	6024930000.0
NOR	ISL	240.0	-398000.0	698000.0	80476000.0	49618000.0
NOR	ITA	2190.0	-1179000.0	6114000.0	1049874000.0	417833000.0
NOR	JPN	550.0	20315000.0	6884000.0	432525000.0	92615000.0
NOR	KOR	1040.0	58237000.0	6144000.0	1670292000.0	2084039000.0
NOR	LTU	2440.0	15451000.0	1518000.0	312655000.0	178915000.0
NOR	LUX	320.0	225755100.0	20796000.0	1005216000.0	370648000.0
NOR	LVA	2870.0	33133000.0	2222000.0	392171000.0	164472000.0
NOR	MEX	6170.0	-4096000.0	10203000.0	341548000.0	108247000.0
NOR	MLT	80.0	88419600.0	1533000.0	102802000.0	2525950000.0
NOR	MMR	1080.0	64157000.0	39505000.0	722857000.0	642961000.0
NOR	MYS	4630.0	940187000.0	133098000.0	2026115000.0	1529410000.0
NOR	NLD	5790.0	1233150300.0	32809000.0	1544596000.0	3805944000.0
NOR	NOR	194710.0	28479019400.0	10745981000.0	168616251000.0	144431579000.0
NOR	NZL	470.0	14480000.0	2800000.0	199371000.0	10225000.0
NOR	OAF	800.0	3000224450.0	1510023000.0	2181486000.0	3425654000.0
NOR	OAM	620.0	-97385000.0	833000.0	281642000.0	459999000.0
NOR	OAS	9880.0	1309862850.0	434932000.0	2953352000.0	3172841000.0
NOR	OTE	610.0	47128550.0	3442000.0	229105000.0	1008307000.0
NOR	PAN	140.0	2486000.0	221000.0	15112000.0	2014000.0
NOR	PER	1620.0	99962000.0	6403000.0	425915000.0	2772084000.0
NOR	PHL	1980.0	3353000.0	1823000.0	122607000.0	62949000.0
NOR	POL	11690.0	58072000.0	23794000.0	1127347000.0	694086000.0
NOR	PRT	380.0	6794000.0	1456000.0	114497000.0	31198000.0
NOR	ROU	1330.0	-1325000.0	685000.0	114069000.0	43726000.0
NOR	RUS	1060.0	26780000.0	20071000.0	388105000.0	248233000.0
NOR	SGP	2120.0	-717021000.0	13915000.0	2615216000.0	1457911000.0
NOR	SRB	1170.0	53358000.0	15985000.0	277994000.0	9036000.0
NOR	SVK	3170.0	52405000.0	11412000.0	317672000.0	339708000.0
NOR	SWE	36490.0	1980139000.0	213290000.0	16489239000.0	12556648000.0
NOR	THA	5490.0	421021000.0	57539000.0	2735569000.0	2698391000.0
NOR	TUR	820.0	15869000.0	9815000.0	216795000.0	571601000.0
NOR	TWN	240.0	-216000.0	14000.0	29535000.0	5556000.0
NOR	UKR	1880.0	13388000.0	3556000.0	71566000.0	21275000.0
NOR	USA	17910.0	821801000.0	47888000.0	23026156000.0	18073904000.0
NOR	VNM	1820.0	33059000.0	4674000.0	173584000.0	88300000.0
NOR	ZAF	1210.0	-6146000.0	3484000.0	213460000.0	63945000.0
NZL	FJT	61820.0	768359593.1682	98298016.319	29943181555.298	12780069259.953
NZL	NZL	83551.0	1912404207.9129002	567139363.419	34595512117.883	39061692283.339
PAN	ABW	2.0	0.0	0.0	1856414.0	0.0
PAN	ARG	92.0	0.0	0.0	234170882.0	0.0
PAN	BHS	1.0	0.0	0.0	1160290.0	0.0
PAN	BLZ	1.0	1063601.0	1706.0	115911.0	0.0
PAN	BOL	33.0	4876728.0	1120668.0	19548093.0	0.0
PAN	BRA	151.0	0.0	0.0	285108420.0	0.0
PAN	BRB	2.0	0.0	0.0	1073814.0	0.0
PAN	CAN	10.0	0.0	0.0	33970420.0	0.0
PAN	CHL	26.0	0.0	0.0	104105533.0	0.0
PAN	COL	962.0	70303.0	3897414.0	178745649.0	34674856.0
PAN	CRI	236.0	80471599.0	1338751.0	79611685.0	447091162.0
PAN	CUB	60.0	0.0	0.0	45145025.0	0.0
PAN	CUW	4.0	0.0	0.0	2167089.0	0.0
PAN	CYM	0.0	43503719.4	0.0	66933119.0	692965695.0
PAN	DOM	66.0	4633081.0	1180378.0	27188668.0	0.0
PAN	ECU	102.0	2878079.0	568265.0	85437471.0	0.0
PAN	FJT	2378.0	251022977.35	17135502.0	2220078136.0	3665297936.0
PAN	GTM	113.0	60324646.0	4202779.0	31914359.0	0.0
PAN	GUF	5.0	3376307.0	1077224.0	5247870.0	0.0
PAN	HND	35.0	1452137.0	211857.0	12192042.0	0.0
PAN	HTI	1.0	0.0	4401.0	3954187.0	0.0
PAN	JAM	4.0	0.0	0.0	2609720.0	0.0
PAN	MAF	1.0	0.0	0.0	918345.0	0.0
PAN	MEX	85.0	0.0	0.0	91837066.0	0.0
PAN	NIC	50.0	1188101.0	158639.0	10872931.0	0.0
PAN	PAN	66280.0	2382221696.4	78830896.0	11462532144.0	94819136332.0
PAN	PER	54.0	0.0	0.0	43389395.0	0.0
PAN	PRI	11.0	0.0	0.0	8398862.0	0.0
PAN	PRY	26.0	45906639.0	1299716.0	42786504.0	0.0
PAN	SLV	15.0	857863.0	467929.0	16654715.0	0.0
PAN	TTO	9.0	301049.0	246566.0	8535070.0	0.0
PAN	URY	32.0	0.0	0.0	45017524.0	0.0
PAN	USA	80.0	0.0	0.0	707294832.0	0.0
PAN	VEN	97.0	4907118.0	1359209.0	15499186.0	0.0
PAN	VGB	12.0	3230996.4	0.0	6617045.0	2490566223.0
PER	AGO	627.0	1625801754.0	641801852.0	30782293.0	4939468893.0
PER	ALB	14.0	3145366.143	158803.341	19135898.37	1110728.752
PER	ARE	608.0	2766927716.8641	2687842456.0	1193557776.539	1823209511.401
PER	ARG	20796.0	241228322.769	93386064.552	2529111217.217	800821543.154
PER	AUS	18183.0	717293773.373	387592309.893	16154526217.363	3626676193.149
PER	AUT	10502.0	89056683.341	20676083.826	1627894058.611	271629870.59
PER	BEL	11880.0	136899396.114	35582371.329	2442655487.55	1024855766.995
PER	BGD	314.0	-12855843.0	393499.0	68502323.0	85056606.0
PER	BGR	1366.0	40186688.393	3730333.913	199983774.512	66459554.689
PER	BHR	20.0	1329351.587	0.0	4319358.636	32325.857
PER	BHS	587.0	373196525.99759996	0.0	288648695.427	75373568.577
PER	BIH	11.0	255675.873	26495.0	1253260.58	27794.323
PER	BLZ	185.0	12238069.646	6019638.27	35908768.717	8631858.971
PER	BMU	0.0	21084155.1	0.0	97234794.0	0.0
PER	BOL	3126.0	-6434554.575	6295185.083	555911801.418	476318925.837
PER	BRA	20597.0	-2937589505.702	245033619.465	9589223186.899	2370311284.77
PER	BRB	266.0	573939683.6085001	12171849.703	487519415.683	30317486.402
PER	BRN	257.0	7568339.666	1194001.793	75350405.386	20178889.302
PER	BWA	1058.0	12086265.0	2096859.0	196195579.0	42871424.0
PER	CAN	38935.0	5485395237.889	1489728895.618	41072155536.69	12064785011.152
PER	CHE	10458.0	235785212.01180002	13919225.829	1043606195.574	329360004.201
PER	CHL	34415.0	524039677.362	348469936.8	19874902869.082	7234325923.306
PER	CHN	27581.0	1029820455.494	310376399.796	16383212575.478	3600955136.925
PER	CIV	50.0	-11249986.752	89940.702	2331098.435	1589455.039
PER	COK	0.0	-52268890.0	0.0	492255.0	0.0
PER	COL	23452.0	105967149.99	103099233.716	1506726361.875	383529510.384
PER	CRI	13381.0	362301952.311	54039147.481	2695502761.478	1155424410.959
PER	CYM	132.0	57997071.3231	3323665.897	375578274.402	5417983.326
PER	CYP	30.0	2568039.4728	152841.08	113274159.0	1267479.98
PER	CZE	10933.0	38940356.459	4688941.65	185539605.232	142720385.583
PER	DEU	26363.0	879936735.46	340306101.317	24865691855.747	11382491106.294
PER	DNK	10262.0	24839854.638	5980470.444	421073055.114	130851109.888
PER	DOM	2220.0	67690977.272	16483116.903	181520332.36	108001668.64
PER	DZA	45.0	463876944.398	178167730.729	634708572.117	922097910.947
PER	ECU	1366.0	47422713.338	8913655.0	706661537.252	147144487.325
PER	EGY	821.0	484598440.489	266266463.827	3438647784.828	8543754458.974
PER	ESP	16773.0	481332596.646	86398826.721	6599448348.459	1887773698.516
PER	EST	195.0	-238537.723	0.0	90686163.558	35162315.821
PER	ETH	3555.0	77159367.692	24201866.84	388784949.141	196300053.228
PER	FIN	196.0	10084062.859	3937805.606	243335520.845	92451446.735
PER	FJT	730414.0	62675397845.70504	12334260698.279	398270420620.98	148008435351.45
PER	FRA	13234.0	418553528.993	113324205.702	5940426185.112	1009953895.246
PER	GBR	30603.0	1419895169.33	293330373.612	38152926578.125	17494849114.723
PER	GGY	0.0	-845393.667	0.0	3013882.239	0.0
PER	GHA	1152.0	9862122.477	2926091.337	116427157.966	43749193.13
PER	GIB	0.0	303043.5	0.0	749.0	0.0
PER	GRC	1033.0	54368445.963	28963348.602	1147043484.961	53610106.437
PER	GTM	5009.0	134137046.054	17256761.473	1935689883.172	544048385.29
PER	GUY	204.0	23276230.579	10198783.882	35654911.849	3746206.079
PER	HKG	12102.0	379507951.5642	36348788.876	1423983397.739	251118979.197
PER	HND	4028.0	25849213.508	11034163.113	776496883.932	233778302.011
PER	HRV	82.0	718404.844	6821.876	52322379.237	207275.783
PER	HUN	13277.0	35321481.3141	5078449.875	153192147.213	73341698.374
PER	IDN	2259.0	875231065.21	366357720.696	2226396709.19	3119336517.509
PER	IND	18922.0	-325203066.523	142041367.637	5617776657.215	3763973867.418
PER	IRL	11145.0	1255609261.9242	61524843.729	6136106798.171	921258326.651
PER	IRQ	137.0	290368690.326	108244729.267	155310970.0	111997547.212
PER	ISL	0.0	-848585.0	0.0	47885424.0	0.0
PER	ISR	10031.0	2736295.667	646174.782	48915681.171	7759331.471
PER	ITA	11084.0	60043800.184	23859782.567	1457959389.596	92529552.948
PER	JAM	2081.0	150358960.796	59296345.107	367863480.783	42297232.779
PER	JOR	46.0	728861.966	-162199.679	5170662.381	187744.675
PER	JPN	21636.0	1211153308.67	283900108.295	9957079022.937	2098346807.425
PER	KAZ	17.0	507680.373	-91234.661	1313233.269	20838.186
PER	KEN	2238.0	20377856.237	1765366.612	227809456.535	187821423.492
PER	KHM	808.0	8467944.399	1246938.426	113210911.0	100678386.0
PER	KOR	762.0	120285586.553	20688568.516	677552725.602	800430328.398
PER	KWT	84.0	52606947.567	1940598.0	83509413.951	75380.183
PER	LBN	173.0	1776402.012	319836.621	29271612.245	620274.5
PER	LTU	191.0	1889044.451	126485.873	73782382.658	19750426.394
PER	LUX	129.0	-1721034188.674	20505587.972	641190258.412	30023614.717
PER	MAC	167.0	100330726.5441	615387.585	308304371.038	13292456.309
PER	MAR	91.0	-40437.578	338580.935	41851411.227	12211390.697
PER	MEX	37488.0	4200245461.426	1071622780.158	31415677851.209	8466714685.569
PER	MKD	38.0	617332.164	24653.448	14897949.536	2002122.938
PER	MLT	2.0	28473813.3852	913224.457	152177.634	7634.789
PER	MMR	1616.0	9276709.725	3357516.507	91192142.741	114474074.127
PER	MNP	60.0	5785938.759	188937.798	36482101.963	8776552.686
PER	MOZ	1355.0	2620917.733	475149.545	300573542.777	180880007.871
PER	MUS	5.0	-3114297.0	1203671.0	1150277.0	54850.0
PER	MYS	2985.0	109171740.485	37321307.04	923739743.309	275345757.829
PER	NAM	941.0	23772772.0	8062073.0	176269417.0	61952642.0
PER	NGA	2760.0	6152659.029	2242531.27	104084153.484	23359230.98
PER	NIC	35.0	1092593.58	128911.592	5997958.023	2175171.122
PER	NLD	12333.0	851730921.4464	102749888.606	5601931031.111	2462366667.694
PER	NOR	10231.0	12833143.416	1844502.099	518173430.881	41627523.06
PER	NZL	12225.0	176146778.228	70711662.279	2283012575.024	342160829.884
PER	OAF	321.0	-35785500.296	731430.0	81178188.172	99669925.234
PER	OAM	508.0	69708797.31955	13896135.535	154300466.131	21644954.649
PER	OAS	5629.0	1663361143.1996999	366868264.587	1645452316.825	15116419190.433
PER	OTE	194.0	-4698224.808	91164.937	104418660.997	53846453.491
PER	PAK	181.0	34901052.886	26676642.104	126915364.133	27770878.167
PER	PAN	1340.0	426311542.209	17752350.621	3967624880.979	410034514.726
PER	PER	57938.0	2097253628.4804	645716366.108	16234047022.821	10509095239.131
PER	PHL	10451.0	91125840.1	11156614.518	1580517072.828	673582061.244
PER	PNG	21.0	382537.855	214913.601	136101.0	0.0
PER	POL	5834.0	136378346.968	9640277.778	2731187239.854	672690410.831
PER	PRI	11784.0	28607037.1101	1144964.956	3886999046.859	905695442.223
PER	PRT	162.0	28181565.813	1942029.378	1019340893.643	78178599.199
PER	QAT	9.0	748076.96	0.0	1600275.093	7370.135
PER	ROU	10956.0	57980613.683	4639038.456	395494728.044	37890218.809
PER	RUS	3970.0	101263484.42	24542709.097	1841380145.514	464471875.659
PER	SAU	71.0	18379519.304	3276772.229	147961843.896	135056467.152
PER	SEN	23.0	-77859905.739	141148.295	377374.443	1753961.806
PER	SGP	13739.0	1225112614.2396	74458892.395	45043962985.622	590532318.166
PER	SLV	11984.0	76187454.416	17623410.709	877498476.072	323691449.752
PER	SRB	459.0	244945117.421	773882.638	1969178997.661	222074593.894
PER	STA	1.0	2835342116.0	0.0	722933.0	0.0
PER	SVK	98.0	482641.901	1339568.576	38168649.299	203989.511
PER	SVN	546.0	10146877.495	2160479.778	56284379.046	177672239.585
PER	SWE	505.0	1514697.36	2270154.332	882391747.159	66357089.208
PER	SWZ	217.0	287780902.0	6371552.0	337060373.0	49605869.0
PER	THA	984.0	70984194.78	14416443.101	414747937.651	58440981.321
PER	TTO	2616.0	453483071.123	111659599.341	2924707112.665	6474676583.574
PER	TUN	53.0	697218.12	445416.201	461872.169	245631.99
PER	TUR	11577.0	66751590.137	13921743.833	3287829530.772	249407491.752
PER	TWN	687.0	25904065.643	4781750.945	346931349.51	49231223.444
PER	TZA	837.0	-857330.572	339000.907	92508334.951	94048021.142
PER	UGA	1323.0	16147105.851	4561272.078	165890750.963	118661322.588
PER	UKR	111.0	2781243.568	461545.791	26665345.873	719455.494
PER	URY	4210.0	87429231.722	14972605.429	521069142.262	168267210.484
PER	USA	49508.0	30762397699.026	1049277518.651	34066860762.979	10517261771.481
PER	VEN	36.0	-1761791.78	-3505.005	120518.469	0.0
PER	VGB	59.0	13139826.191100001	0.0	22381065.674	973649.131
PER	VIR	65.0	1712670845.285	0.0	12526784.719	300120.41
PER	VNM	3427.0	154476693.768	46302031.43	1533186865.587	284681249.142
PER	ZAF	19004.0	414677280.113	167705844.401	12010085494.781	2725981142.794
PER	ZMB	551.0	-12413399.317	2608564.102	103513997.495	94911436.061
PER	ZWE	4.0	132931.0	73197.0	413928.0	110051.0
POL	FJT	89320.0	3069868708.75035	176463326.038	28950608757.772	13529899495.576
POL	GRPS	34208.0	767212896.983	55455411.985	4094476797.117	2716310017.224
POL	ITA	263.0	937329.292	352898.321	72047257.312	22694503.058
POL	OTE	51428.0	2310165788.04215	116401360.607	24311147344.818	10514218602.358
POL	POL	439106.0	6604645879.915201	2113306521.239	109571871681.78	106135328688.71
POL	ROU	3421.0	31537058.681	4253655.126	472937358.524	276676372.937
ROU	AFG	19.0	1400541.0	260378.0	11343162.0	580480.0
ROU	AGO	70.0	12670336.0	2017532.0	39747776.0	2359966.0
ROU	ALB	8.0	1983108.0	322642.0	972749.0	423499.0
ROU	ARE	629.0	7410000.600000001	0.0	213.0	33713993.0
ROU	ARG	357.0	0.0	0.0	202538880.0	40023152.0
ROU	ARM	7.0	1207011.0	134469.0	2541060.0	38735.0
ROU	AUS	343.0	28660994.0	20275869.0	537912545.0	59388947.0
ROU	AUT	100.0	12279909.0	4734571.0	337442424.0	8939125.0
ROU	AZE	24.0	3856987.0	324945.0	12513502.0	440871.0
ROU	BEL	211.0	11571332.0	2835542.0	281623666.0	19568841.0
ROU	BEN	22.0	434145.0	230848.0	10260675.0	828274.0
ROU	BFA	17.0	0.0	772815.0	6021276.0	2681247.0
ROU	BGD	165.0	15978534.0	3661719.0	57118782.0	10819319.0
ROU	BGR	60.0	4214403.0	511958.0	152392318.0	4210747.0
ROU	BHR	408.0	7693288.0	40631.0	70362573.0	11174161.0
ROU	BIH	10.0	619176.0	62022.0	9676796.0	802327.0
ROU	BLR	127.0	3635150.0	841339.0	44556983.0	8187410.0
ROU	BOL	63.0	6165072.0	0.0	123218443.0	37118443.0
ROU	BRA	1255.0	231864785.0	84802240.0	978941019.0	133261562.0
ROU	BRN	9.0	834821.0	205450.0	18252353.0	1083144.0
ROU	BWA	31.0	4792443.0	1645416.0	12025736.0	714378.0
ROU	CAF	3.0	1765444.0	149339.0	3258085.0	70702.0
ROU	CAN	1083.0	77512414.0	1537533.0	421101286.0	53003940.0
ROU	CHE	263.0	14684484.6	4196333.0	485281108.0	33562763.0
ROU	CHL	176.0	21870416.0	22636158.0	494513064.0	73942410.0
ROU	CHN	150783.0	14584027306.0	827109139.0	60802125848.0	22655675401.0
ROU	CIV	148.0	0.0	186766.0	23300724.0	3215584.0
ROU	CMR	146.0	2562564.0	1334112.0	14620608.0	2933402.0
ROU	COD	66.0	6330187.0	535452.0	48291273.0	60294433.0
ROU	COG	18.0	1021886.0	304463.0	12279133.0	1167367.0
ROU	COL	723.0	0.0	20139430.0	307247512.0	40462233.0
ROU	CRI	54.0	8108616.0	3321387.0	197094601.0	27248698.0
ROU	CYP	45.0	453875.4	359456.0	11222594.0	126753.0
ROU	CZE	195.0	9330491.0	5182216.0	344670745.0	16537839.0
ROU	DEU	2320.0	127873699.0	61226752.0	2526570112.0	385312953.0
ROU	DNK	186.0	6863052.0	3171240.0	154259790.0	7215321.0
ROU	DOM	17.0	3786764.0	305076.0	11602458.0	763687.0
ROU	DZA	189.0	31155941.0	15834467.0	104457757.0	12013753.0
ROU	ECU	204.0	3230771.0	3506662.0	93806050.0	16992754.0
ROU	EGY	780.0	21006815.0	2127678.0	85869094.0	25174742.0
ROU	ESP	1523.0	69187062.0	25280115.0	1625280207.0	119165116.0
ROU	ETH	109.0	8003553.0	2518820.0	21589153.0	2142482.0
ROU	FIN	197.0	10906921.0	4700387.0	216892394.0	12035808.0
ROU	FJI	3.0	0.0	0.0	3629104.0	148903.0
ROU	FJT	196052.0	18036830503.399998	1783289282.0	109216930347.0	28805435340.0
ROU	FRA	805.0	48347577.0	6853831.0	1381304637.0	149576920.0
ROU	FRO	0.0	887.0	259.0	9763.0	0.0
ROU	GAB	15.0	1253008.0	603645.0	7360038.0	508399.0
ROU	GBR	1276.0	118290074.0	11880161.0	1617364533.0	197860300.0
ROU	GEO	16.0	394820.0	62264.0	4161427.0	307017.0
ROU	GHA	167.0	22061058.0	575927.0	81838085.0	4600981.0
ROU	GIN	45.0	7432206.0	739906.0	25204035.0	533836.0
ROU	GMB	1.0	123247.0	101966.0	1050153.0	33783.0
ROU	GNQ	1.0	5813955.0	171420.0	1313837.0	130921.0
ROU	GRC	96.0	7477066.0	1400394.0	215876609.0	7982338.0
ROU	GTM	93.0	11322959.0	1148658.0	89996790.0	10324378.0
ROU	HKG	683.0	643937079.6	80379200.0	9780672874.0	1591233982.0
ROU	HND	132.0	6396624.0	1726385.0	40188337.0	2381384.0
ROU	HRV	16.0	3147417.0	331710.0	94966890.0	2906645.0
ROU	HUN	5481.0	4875453.9	1488872.0	487127307.0	311617178.0
ROU	IDN	1515.0	5477615.0	62262567.0	1312399633.0	134482623.0
ROU	IND	2684.0	58206598.0	52787005.0	1124375415.0	337281473.0
ROU	IRL	133.0	5451687.9	737238.0	129610891.0	18048197.0
ROU	IRQ	115.0	3238783.0	783255.0	7108138.0	1831559.0
ROU	ISL	1.0	3679276.0	332626.0	3395009.0	2873.0
ROU	ITA	821.0	53130786.0	34681417.0	1822667504.0	106705237.0
ROU	JAM	13.0	3647987.0	1358578.0	17553487.0	406373.0
ROU	JOR	65.0	5408487.0	630786.0	22041665.0	2032800.0
ROU	JPN	851.0	61747705.0	27869026.0	1870343644.0	155058263.0
ROU	KAZ	114.0	10916631.0	2020.0	134319249.0	5751463.0
ROU	KEN	221.0	11235927.0	2329204.0	58046487.0	13290103.0
ROU	KGZ	16.0	0.0	0.0	1643592.0	148273.0
ROU	KHM	95.0	3001682.0	149074.0	15028591.0	3168329.0
ROU	KOR	187.0	8277553.0	3219537.0	178603996.0	38725710.0
ROU	KWT	204.0	14524362.0	0.0	347713145.0	20128776.0
ROU	LAO	63.0	0.0	652305.0	8291784.0	2194687.0
ROU	LBN	48.0	5084881.0	10719.0	37396800.0	1382570.0
ROU	LBY	30.0	11857957.0	1372699.0	28210835.0	2561242.0
ROU	LKA	143.0	6334241.0	1865419.0	36754934.0	5571435.0
ROU	LTU	21.0	2914671.0	1364965.0	93709356.0	2012134.0
ROU	LUX	41.0	696772.8	344360.0	3007498.0	681562.0
ROU	LVA	4.0	1254334.0	130071.0	30929543.0	1325019.0
ROU	MAC	13.0	1687840.2	278147.0	38941368.0	2540594.0
ROU	MAR	233.0	5452861.0	52835.0	52305073.0	13118777.0
ROU	MDA	1210.0	7417187.0	1151105.0	61500298.0	8025179.0
ROU	MDG	15.0	0.0	205592.0	2325936.0	575656.0
ROU	MEX	659.0	62540659.0	101624304.0	1389980382.0	190911587.0
ROU	MKD	8.0	868572.0	0.0	20351324.0	472257.0
ROU	MLI	55.0	6112083.0	155368.0	38300464.0	1979137.0
ROU	MMR	297.0	48932637.0	1405474.0	147308493.0	9853821.0
ROU	MNG	24.0	2885554.0	1061464.0	7190991.0	153327.0
ROU	MOZ	10.0	1442614.0	1570541.0	7175993.0	542622.0
ROU	MRT	7.0	315989.0	88271.0	523749.0	15503.0
ROU	MUS	273.0	9547902.9	722957.0	28694240.0	2920379.0
ROU	MWI	19.0	551776.0	1042688.0	4835750.0	944688.0
ROU	MYS	1669.0	36942679.0	5364819.0	654323049.0	67530469.0
ROU	NAM	25.0	5737808.0	1648685.0	11522360.0	598473.0
ROU	NER	2.0	0.0	31574.0	906780.0	154312.0
ROU	NGA	623.0	51817758.0	21199080.0	225089789.0	26560006.0
ROU	NLD	401.0	1285816725.0	11599577.0	449300422.0	33803233.0
ROU	NOR	110.0	8030226.0	1674188.0	156597476.0	7324315.0
ROU	NPL	75.0	2552491.0	286547.0	20768346.0	4628605.0
ROU	NZL	73.0	4936294.0	2411057.0	127652431.0	6982320.0
ROU	OMN	148.0	13692624.0	648183.0	263479950.0	28226986.0
ROU	PAK	425.0	28031516.0	22919815.0	240985648.0	23500892.0
ROU	PAN	96.0	2848168.0	0.0	47770928.0	10743274.0
ROU	PER	168.0	7254101.0	12252024.0	494683980.0	42635097.0
ROU	PHL	530.0	27242898.0	18250133.0	294186423.0	50726800.0
ROU	PNG	32.0	2199777.0	2192264.0	23258509.0	4698800.0
ROU	POL	342.0	29018374.0	14502919.0	914471921.0	46668232.0
ROU	PRT	106.0	8640173.0	3340439.0	271354700.0	7784840.0
ROU	PRY	19.0	6286678.0	149043.0	18133793.0	2365440.0
ROU	QAT	74.0	3749281.0	0.0	83023692.0	4834094.0
ROU	ROU	37530.0	574984335.9	67642842.0	5282048869.0	2168578190.0
ROU	RUS	1500.0	72759138.0	20260096.0	2053694286.0	225934804.0
ROU	RWA	2.0	0.0	270952.0	1136193.0	220619.0
ROU	SAU	848.0	72558237.0	18860626.0	1643466532.0	126101935.0
ROU	SEN	126.0	6277428.0	1688946.0	35800722.0	2781834.0
ROU	SGP	441.0	98139518.10000001	16115321.0	2532969965.0	208019661.0
ROU	SLE	3.0	950678.0	487297.0	4830280.0	1181318.0
ROU	SLV	53.0	7976427.0	1291890.0	34350799.0	1396067.0
ROU	SRB	85.0	2444380.0	1007634.0	74003757.0	9793359.0
ROU	SSD	5.0	3642610.0	629872.0	3683167.0	11438.0
ROU	SVK	44.0	3511149.0	1653766.0	102482253.0	3133365.0
ROU	SVN	5.0	1785793.0	386068.0	66593783.0	1110634.0
ROU	SWE	407.0	25836211.0	5173867.0	444288629.0	15786971.0
ROU	SWZ	17.0	449319.0	326206.0	5365248.0	15908.0
ROU	TCD	27.0	0.0	329818.0	12178342.0	631733.0
ROU	TGO	13.0	434377.0	57137.0	10023801.0	183887.0
ROU	THA	1113.0	82608104.0	18041958.0	1291269496.0	107682569.0
ROU	TJK	11.0	246149.0	0.0	1711776.0	278041.0
ROU	TTO	7.0	9219362.0	3611613.0	20284288.0	2042086.0
ROU	TUN	47.0	442027.0	14389.0	0.0	28773.0
ROU	TUR	1027.0	21841525.0	7472371.0	1095253695.0	122118621.0
ROU	TZA	69.0	2369172.0	1340383.0	25309633.0	2472590.0
ROU	UGA	67.0	19528725.0	582787.0	65994895.0	3618139.0
ROU	UKR	176.0	22402446.0	1663324.0	53535596.0	2695858.0
ROU	URY	11.0	226784.0	687350.0	19684766.0	2101837.0
ROU	USA	1251.0	48107720.0	1281191.0	351126406.0	68398606.0
ROU	UZB	105.0	0.0	1537182.0	7133146.0	6204403.0
ROU	VEN	6.0	0.0	3963.0	14004442.0	1530458.0
ROU	VGB	0.0	0.0	0.0	1234.0	0.0
ROU	VNM	145.0	951238.0	0.0	10112335.0	3296240.0
ROU	YEM	26.0	3612324.0	333496.0	4298044.0	94944.0
ROU	ZAF	1135.0	33785493.0	19440062.0	1081701919.0	220951587.0
ROU	ZMB	109.0	16890785.0	0.0	18545487.0	4083928.0
ROU	ZWE	52.0	371189.0	1219783.0	5139031.0	1358986.0
SAU	ARE	5250.0	22094098.8003	0.0	686978667.2	161314368.267
SAU	ARG	175.0	3984374.667	0.0	56870877.6	23543958.667
SAU	AUS	578.0	13681761.867	0.0	175068975.2	455258798.667
SAU	AZE	2.0	26702.0	0.0	0.0	119520.0
SAU	BEL	40.0	373513.6	221693.6	1276.267	606187.733
SAU	BHR	750.0	221973652.267	0.0	693162557.6	22176574.133
SAU	BMU	0.0	67031024.2803	0.0	0.0	0.0
SAU	BRA	507.0	37707035.467	1106394.133	168118234.667	116318343.467
SAU	CHE	47.0	13344347.9997	1441997.067	292261405.867	25705204.267
SAU	CHN	912.0	42564455.067	8908283.067	573587609.067	73147180.733
SAU	CUW	0.0	50203422.0	520363.0	32987298.0	0.0
SAU	CYM	2.0	5070423.3597	0.0	8517418.933	172326.133
SAU	CYP	4.0	-205389.067	82239.733	377621.067	156054.4
SAU	DEU	4.0	68057.867	37677.6	0.0	0.0
SAU	DZA	496.0	637022.933	0.0	14157552.0	2675259.467
SAU	EGY	8225.0	-9608696.8	945783.2	828150124.267	545772481.333
SAU	ESP	73.0	-89202044.467	356501.133	1739.2	1436069.067
SAU	ETH	0.0	0.0	0.0	0.0	4.0
SAU	FJT	43347.0	618204975.3663499	448332411.067	63896371887.6	33068369464.0
SAU	FRA	262.0	71669022.867	9651894.2	160875347.2	146921535.733
SAU	GBR	636.0	-1328564805.0	3382837.667	90670151.0	226447769.333
SAU	GGY	0.0	-21125517.0	0.0	379374.0	0.0
SAU	GIN	4.0	36584.0	0.0	701764.0	386178.933
SAU	HKG	1.0	-3290832.533	0.0	215384.267	0.0
SAU	HRV	125.0	-939442.133	0.0	5223578.667	8623958.4
SAU	IMN	3.0	-301450.667	0.0	1277.333	6064.8
SAU	IND	401.0	3229584.8	768960.067	635755.0	1951422.933
SAU	IRL	0.0	0.0	0.0	0.0	0.0
SAU	IRN	1450.0	66347745.333	0.0	487502652.267	130354410.4
SAU	IRQ	25.0	4340948.533	2059109.6	8687990.133	252204.0
SAU	ITA	24.0	438145.8	108417.067	12.8	104913.0
SAU	JEY	0.0	19858383.8397	0.0	720230.133	0.0
SAU	JOR	904.0	-8971084.533	0.0	133214302.4	61027778.4
SAU	JPN	90.0	-64996.0	1385524.0	237419.0	7950104.0
SAU	KEN	60.0	1418266.133	0.0	27427242.133	1235693.067
SAU	KOR	3336.0	328783851.2	315730546.4	20405913265.067	11578948562.4
SAU	KWT	15.0	0.0	0.0	24640414.4	12423617.333
SAU	LBN	1959.0	111594481.333	71803039.733	1027178128.533	949255594.133
SAU	LBR	86.0	98688678.933	0.0	150159399.0	10481794.067
SAU	LUX	0.0	0.0	0.0	0.0	0.0
SAU	MAR	613.0	19482329.067	55578.667	1919326623.733	780528197.067
SAU	MOZ	0.0	244414.933	0.0	0.0	281306.133
SAU	MYS	22.0	-11973964.0	241364.0	0.0	5785604413.0
SAU	NLD	275.0	292654126.62	13875348.533	1303791833.6	20386203.4
SAU	NOR	2.0	-1549.0	0.0	0.0	0.0
SAU	OMN	6410.0	1645076.8	1384388.533	679356033.867	49608012.0
SAU	QAT	557.0	-106426453.333	0.0	152116416.267	13957407.467
SAU	RUS	0.0	-30249.0	0.0	0.0	1428.0
SAU	RWA	60.0	644534.933	0.0	8593714.133	517294.133
SAU	SAU	258314.0	143861790938.4955	95158695402.133	355266449171.73	291059682674.93
SAU	SDN	256.0	3197341.867	0.0	60885356.0	20035093.867
SAU	SGP	50.0	16714738.019700002	-6185.933	652075126.0	50144604.133
SAU	TKM	0.0	0.0	0.0	0.0	116.0
SAU	TUR	4386.0	30009942.4	6586449.333	739090105.867	207707314.933
SAU	TZA	19.0	4711497.067	0.0	10980862.933	102109.067
SAU	UGA	23.0	359020.0	0.0	6868309.067	7354.133
SAU	USA	4220.0	592511207.8	7684206.667	32285797664.733	11574385286.333
SAU	VGB	0.0	19375865.7597	0.0	7714354.2	0.0
SAU	WSM	0.0	20108.0	0.0	20108.0	0.0
SAU	ZAF	0.0	0.0	0.0	0.0	0.0
SAU	ZMB	8.0	8452050.133	0.0	15130334.933	329393.067
SGP	ARE	1772.0	22854425.400000002	2344704.0	3105523772.0	425737289.0
SGP	AUS	33263.0	1350351351.0	302435579.0	18612481262.0	18923398867.0
SGP	BRA	7780.0	-62668406.0	18711441.0	872921941.0	1820274919.0
SGP	CAN	1543.0	57112250.0	15645891.0	1204829257.0	263314095.0
SGP	CHE	166.0	43741568.7	7869860.0	2249240916.0	131054191.0
SGP	CHN	132372.0	5395000189.0	1515123687.0	51347322255.0	54143588790.0
SGP	CYM	2.0	253738048.5	884443.0	536669209.0	37413305.0
SGP	DEU	2056.0	52484040.0	15957347.0	851109025.0	383155438.0
SGP	EGY	1149.0	31762622.0	1850772.0	158787104.0	127379361.0
SGP	ESP	964.0	31216627.0	8505557.0	1763714842.0	454941130.0
SGP	FJT	681406.0	13885602093.199999	4049773106.0	189401332403.0	168556619854.0
SGP	FRA	1465.0	17427600.0	8355838.0	2407095445.0	263927306.0
SGP	GBR	20398.0	401738268.0	89162435.0	11230917471.0	6453959191.0
SGP	HKG	13573.0	1508082014.7	317479550.0	10188583320.0	10898518440.0
SGP	IDN	144595.0	1267014245.0	350767658.0	12086993260.0	12748797781.0
SGP	IND	38199.0	-498357427.0	80309354.0	9839015170.0	7373054597.0
SGP	KOR	2647.0	110206250.0	33231178.0	970518433.0	841714691.0
SGP	LUX	20.0	26072892.900000002	2813260.0	86783679.0	1336196379.0
SGP	MEX	1355.0	18749457.0	9507645.0	641294166.0	416708152.0
SGP	MMR	3518.0	-8177597.0	572830.0	398143659.0	798081683.0
SGP	MUS	130.0	52885958.4	5456287.0	465989807.0	50478795.0
SGP	MYS	68422.0	1220278442.0	403091299.0	13395820740.0	7945189721.0
SGP	NLD	743.0	-868122281.0	20207707.0	1678991111.0	3119271306.0
SGP	NZL	3767.0	74621990.0	25208822.0	1209996681.0	795911730.0
SGP	OAF	32785.0	654478570.4499999	132959893.0	9783781043.0	8212345465.0
SGP	OAM	3377.0	325278664.3	30285638.0	5741595995.0	1671711958.0
SGP	OAS	62178.0	1052829989.3	284549141.0	9028170485.0	7774424942.0
SGP	OTE	30692.0	705438952.1	131045393.0	5640626495.0	5693373891.0
SGP	PHL	23238.0	288860519.0	14327273.0	386861336.0	749070811.0
SGP	SGP	212343.0	12941113037.0	2775494823.0	153617156626.0	155371611542.0
SGP	THA	15612.0	442811403.0	52900243.0	2553356692.0	2440404989.0
SGP	TWN	5160.0	153841794.0	20827800.0	1265119516.0	294697024.0
SGP	USA	18044.0	-48915344.0	99783382.0	7984562672.0	8240494233.0
SGP	VGB	148.0	-57607605.0	4981847.0	155509174.0	1289578524.0
SGP	VNM	10273.0	199649783.0	37606883.0	1541844365.0	2438450860.0
SVN	BIH	919.0	5205280.039	467728.277	393869093.36	67200517.618
SVN	FJT	22461.0	523729244.8886	111735040.827	4964001444.647	949432900.184
SVN	GRPS	18564.0	515975262.035	109693603.26	3262755606.413	546809890.729
SVN	HRV	1698.0	21619629.02	595333.928	854302650.355	272794097.291
SVN	MKD	295.0	1756927.676	371148.555	141259290.731	5373450.969
SVN	SRB	985.0	6736843.216	607226.806	311814803.789	57254943.578
SVN	SVN	16780.0	501305562.686	82782016.546	11572646351.619	4718274941.559
SWE	AFRIC	23391.0	222724585.39999998	99518087.0	4249750783.0	1057140095.0
SWE	AMER	364088.0	5740711125.2	1019251928.0	95928687514.0	22485019705.0
SWE	ASIAT	350416.0	13854813553.65	2380106085.0	86457429502.0	59156920318.0
SWE	EUROP	715992.0	31436251935.449997	3264317831.0	185675207630.0	87815170316.0
SWE	FJT	1460277.0	51634970836.95	6763261412.0	377520222458.0	173513507756.0
SWE	STA	6390.0	400494355.0	67481.0	5209147029.0	2999257322.0
SWE	SWE	412048.0	23591561165.28	4608805607.0	188322869569.0	104143057129.0
USA	ABW	910.0	91035096.0	8727354.0	385204193.0	120709097.0
USA	AGO	4541.0	785460854.0	503499108.0	736205271.0	5768830981.0
USA	ALB	195.0	-1182828.0	3925920.0	75382007.0	29719337.0
USA	ARE	51121.0	2021208622.2	100840141.0	64676294880.0	7592746740.0
USA	ARG	121159.0	1420614521.0	1322620758.0	27846618621.0	10026048297.0
USA	ARM	1182.0	4370180.0	1212544.0	28336426.0	15954485.0
USA	AUS	304423.0	16365854911.0	3745200130.0	139726948694.0	96521752735.0
USA	AUT	30301.0	710858014.0	417773656.0	16943848564.0	4380927487.0
USA	AZE	1704.0	222890839.0	61883506.0	866631283.0	1360503575.0
USA	BEL	108763.0	5688323067.0	2005794094.0	52700932501.0	44220504543.0
USA	BGD	3826.0	441111052.0	175481291.0	1366111367.0	1114972906.0
USA	BGR	26674.0	161014110.0	22766634.0	2079259428.0	1802216289.0
USA	BHR	5732.0	135312148.0	3263954.0	1688860396.0	632395714.0
USA	BHS	2520.0	3098484281.7000003	516179042.0	3875238045.0	2116367043.0
USA	BIH	1602.0	7465901.0	1407973.0	139638343.0	43959980.0
USA	BLR	988.0	28496975.0	3947356.0	112314691.0	44630232.0
USA	BMU	740.0	87490824579.90001	484835877.0	15968236047.0	19921406565.0
USA	BOL	2236.0	27688003.0	8843777.0	471577895.0	254008587.0
USA	BRA	529154.0	3886930736.0	3824538858.0	137466661371.0	53429853050.0
USA	BRB	770.0	9947293835.4	40494503.0	408330435.0	27814213985.0
USA	BRN	572.0	24711935.0	3813949.0	154656502.0	151021050.0
USA	BWA	1462.0	19266271.0	4913594.0	322144549.0	54317479.0
USA	CAN	999934.0	38949984370.0	7648854966.0	363411265010.0	165540910405.0
USA	CHE	80647.0	50865207427.8	4341477048.0	208479564231.0	60204600692.0
USA	CHL	141446.0	4487373918.0	970934712.0	31214405188.0	20135059603.0
USA	CHN	1299454.0	32956698818.0	7777864484.0	259181987128.0	97315153877.0
USA	CIV	1649.0	52810684.0	4572977.0	114206912.0	242822369.0
USA	CMR	302.0	8618937.0	7634120.0	90695540.0	28618136.0
USA	COL	103554.0	2010265057.0	923581285.0	17786971374.0	8879889697.0
USA	CRI	100244.0	3450667145.0	167092634.0	6295873662.0	4050399202.0
USA	CUW	183.0	180758967.3	1970350.0	167972924.0	-5341117.0
USA	CYM	5498.0	45166335979.5	212637387.0	16445781809.0	12098699501.0
USA	CYP	1527.0	485756162.1	26831038.0	196915659.0	345412234.0
USA	CZE	95789.0	1343326289.0	265026262.0	12410722035.0	6009585508.0
USA	DEU	608505.0	14701790114.0	4894791471.0	236383497411.0	74786137535.0
USA	DNK	33808.0	1920892441.0	682735471.0	13208420806.0	8185739571.0
USA	DOM	38824.0	835929434.0	69493198.0	2673610615.0	1582056079.0
USA	DZA	3336.0	763621139.0	954402235.0	1669789190.0	889779811.0
USA	ECU	12780.0	332920157.0	110616901.0	3709888285.0	1437557118.0
USA	EGY	48034.0	2006748085.0	784277448.0	9657976087.0	4958050103.0
USA	ESP	191138.0	5390608921.0	1295347537.0	66231259749.0	22394808602.0
USA	EST	4386.0	30837034.0	3565135.0	343085997.0	220655734.0
USA	ETH	3344.0	30232154.0	6948630.0	282086319.0	183107616.0
USA	FIN	22203.0	741358507.0	196629582.0	8745065213.0	5693302678.0
USA	FJI	908.0	27819550.0	1678264.0	58919443.0	191456220.0
USA	FJT	16303285.0	1059995818473.1499	120888533833.0	5047435856122.0	2643221966087.0
USA	FRA	377996.0	4166625391.0	2650283103.0	142694075008.0	51488046603.0
USA	GAB	136.0	-7045142.0	12412005.0	69996557.0	29217885.0
USA	GBR	1289962.0	77985398965.0	10898461271.0	556599758576.0	424643265408.0
USA	GEO	531.0	47871504.0	1870584.0	196197354.0	43729395.0
USA	GGY	4582.0	1161456041.7	5884817.0	269461815.0	457491255.0
USA	GHA	7932.0	1370794435.0	153889759.0	1779525665.0	3542722745.0
USA	GIB	94.0	12251509725.6	20840938.0	355987262.0	10654553.0
USA	GRC	14735.0	392480302.0	149346609.0	4671409819.0	1411714860.0
USA	GTM	25653.0	330322116.0	76734794.0	4327215529.0	1120922594.0
USA	GUM	1932.0	61468379.0	16055387.0	553032651.0	95691027.0
USA	HKG	93221.0	15567434241.300001	1937736213.0	128448201609.0	21777771113.0
USA	HND	69134.0	627517324.0	39913185.0	2974405118.0	1098426508.0
USA	HRV	4598.0	160192177.0	27020579.0	849312353.0	497238949.0
USA	HUN	71457.0	1113887920.5	353071307.0	10667259233.0	5022041614.0
USA	IDN	115901.0	6116687693.0	2013402711.0	19622838707.0	25964452308.0
USA	IMN	671.0	17921990871.9	1417114.0	2103000237.0	164872668.0
USA	IND	1594774.0	10906932174.0	5972329725.0	69146401357.0	32978926055.0
USA	IRL	151313.0	44227993688.1	7944380344.0	308559353545.0	102816003429.0
USA	IRQ	1443.0	265724901.0	-6529175.0	1472932670.0	995806222.0
USA	ISL	2822.0	-136093744.0	6873974.0	293869444.0	2190538809.0
USA	ISR	63726.0	3796747582.0	846726235.0	9210539612.0	15500307440.0
USA	ITA	200182.0	5440545316.0	1912711971.0	81811797660.0	26166170370.0
USA	JAM	14709.0	40442445.0	11611569.0	425752504.0	156341685.0
USA	JEY	534.0	17942145906.600002	79795364.0	5529605011.0	501621160.0
USA	JOR	2076.0	212373482.0	12892561.0	476335002.0	948212818.0
USA	JPN	407672.0	29439398930.0	6950670281.0	230409394838.0	48245934067.0
USA	KAZ	5433.0	527880958.0	221885608.0	2197396265.0	2011578258.0
USA	KEN	4657.0	87754264.0	43165081.0	863884980.0	438423185.0
USA	KHM	3404.0	52964987.0	5933335.0	430365870.0	349126125.0
USA	KNA	815.0	81937876.0	10675108.0	125003401.0	69513629.0
USA	KOR	127355.0	3815579148.0	432353907.0	64900086913.0	22539327976.0
USA	KWT	4374.0	196433251.0	22983068.0	972489794.0	348231544.0
USA	LBN	978.0	70177463.0	10598920.0	195292800.0	26318487.0
USA	LBY	109.0	1841236260.0	1559072057.0	2147576983.0	1030319720.0
USA	LCA	364.0	49816696.0	1629529.0	123213342.0	171923300.0
USA	LKA	6654.0	72878032.0	6744846.0	294059838.0	119237970.0
USA	LTU	9358.0	234803043.0	38799180.0	603036583.0	518690286.0
USA	LUX	13159.0	25188302007.9	1397925756.0	36465442910.0	208360468947.0
USA	LVA	2758.0	14727455.0	3240216.0	233306932.0	95301175.0
USA	MAC	54460.0	3121407461.7000003	9257371.0	18447464848.0	17561326947.0
USA	MAR	29688.0	115849816.0	51239934.0	1971163934.0	785037945.0
USA	MCO	255.0	25445099.0	4142110.0	248804421.0	100870511.0
USA	MDV	2561.0	14019222.0	904670.0	43598135.0	32934586.0
USA	MEX	1318642.0	16927681465.0	6311251175.0	146037511715.0	78605509766.0
USA	MKD	5806.0	19860238.0	1642063.0	58669613.0	181563731.0
USA	MLT	2604.0	1560677109.3	43711323.0	2696465141.0	532667495.0
USA	MMR	2162.0	6917650.0	14706418.0	332920374.0	461734491.0
USA	MOZ	5425.0	15694429.0	5480375.0	244515905.0	342884378.0
USA	MUS	3189.0	1029046737.6	69939685.0	-194596451.0	159138089.0
USA	MWI	4475.0	16669834.0	3144596.0	47917700.0	129975370.0
USA	MYS	159695.0	4857752870.0	963964380.0	23537032169.0	16905297100.0
USA	NAM	1112.0	26455192.0	8981975.0	192796518.0	64765568.0
USA	NGA	10094.0	2566099547.0	1368029114.0	3178472312.0	17671263566.0
USA	NIC	11818.0	62539426.0	17579074.0	1351597525.0	538526977.0
USA	NLD	166604.0	59649849342.0	4608940474.0	150048268646.0	69931257866.0
USA	NOR	31738.0	2446481890.0	398567576.0	16983973665.0	11110983074.0
USA	NZL	32179.0	857614334.0	292793409.0	10659873250.0	3582831328.0
USA	OAF	4014.0	417586096.4	292833057.0	1789577114.0	4137099988.0
USA	OAM	3466.0	-170260675.0	4932140.0	544423470.0	598350269.0
USA	OAS	3962.0	37721365.0	16810959.0	739138188.0	426594805.0
USA	OMN	6585.0	480031909.0	290904831.0	1415609890.0	2719373195.0
USA	OTE	427.0	31510438.849999998	7875464.0	251994324.0	48939464.0
USA	PAK	13945.0	320636563.0	164650452.0	2372756634.0	813694802.0
USA	PAN	13757.0	905288069.0	103031580.0	6922711574.0	4406882321.0
USA	PER	49730.0	1767989164.0	786743411.0	11346128062.0	14404441805.0
USA	PHL	496326.0	2833683026.0	666121670.0	12966846765.0	8293968715.0
USA	PNG	631.0	9942218.0	3196265.0	166862474.0	41821815.0
USA	POL	255398.0	2901123839.0	653470932.0	28978271109.0	17456490047.0
USA	PRI	73835.0	33988091552.100002	587683454.0	17947300190.0	24454214271.0
USA	PRT	51620.0	490004746.0	188459729.0	9040280962.0	2936501346.0
USA	PRY	2154.0	76699555.0	13862754.0	687004384.0	737822064.0
USA	QAT	6547.0	1761626002.0	647077873.0	3666646614.0	1026798851.0
USA	ROU	85070.0	629151716.0	116188701.0	7313881619.0	3933432369.0
USA	RUS	173355.0	3393856375.0	1066259473.0	43684391763.0	12248444807.0
USA	SAU	32546.0	328620170.0	186793918.0	10878077709.0	6185444571.0
USA	SEN	891.0	-122589.0	8420792.0	218073527.0	63801805.0
USA	SGP	165136.0	74864663667.90001	3336412497.0	265102249145.0	54905658646.0
USA	SLV	47567.0	326717073.0	61757616.0	2946878728.0	1268734154.0
USA	SRB	15394.0	116255884.0	28219128.0	1102566322.0	684721100.0
USA	STA	1086823.0	198465612211.0	2356464707.0	650145629050.0	415434027143.0
USA	SVK	58929.0	622149491.0	175843048.0	6888032102.0	2962740620.0
USA	SVN	4318.0	66846301.0	12668636.0	1073422575.0	419224427.0
USA	SWE	59130.0	483677477.0	827946859.0	23230060365.0	7543053190.0
USA	SWZ	551.0	291860251.0	8520285.0	349146765.0	66246621.0
USA	THA	153762.0	5898659542.0	1304103701.0	32557371494.0	17482532987.0
USA	TTO	4938.0	511537052.0	201182109.0	1433132534.0	706721034.0
USA	TUN	12480.0	65930981.0	15100518.0	225426321.0	91988790.0
USA	TUR	61593.0	1214262115.0	422534801.0	24125485711.0	5024939479.0
USA	TWN	1565716.0	3769270085.0	761118535.0	34476028891.0	20519394631.0
USA	TZA	2924.0	-22458199.0	9059391.0	178015654.0	221617895.0
USA	UGA	1629.0	36350866.0	12269926.0	279281044.0	231322704.0
USA	UKR	39459.0	562591318.0	125226640.0	3859464131.0	1353528296.0
USA	URY	7393.0	394886018.0	54619772.0	3692132819.0	485747441.0
USA	USA	23741977.0	967503207487.05	140614147200.0	11323655145419.0	5981684596696.0
USA	VEN	10501.0	-461002798.0	-6411933.0	815024534.0	965520104.0
USA	VGB	478.0	3137290863.3	20887166.0	560456499.0	521905490.0
USA	VIR	2406.0	-87158567.0	2221999.0	1672917326.0	446429563.0
USA	VNM	63652.0	715986556.0	117304567.0	7105607289.0	3572067022.0
USA	ZAF	122113.0	1380253019.0	585528231.0	28522594315.0	7560222953.0
USA	ZMB	1663.0	23156294.0	15187228.0	317136726.0	194603224.0
USA	ZWE	2692.0	14136584.0	5438239.0	93162147.0	194229002.0
ZAF	ARE	5054.0	8966298609.9	-1372112.0	515768147.0	162564636.0
ZAF	AUS	33407.0	-51185732.0	240602205.0	12461672189.0	7307851198.0
ZAF	AUT	3994.0	142112443.0	60207024.0	5250675927.0	1153209147.0
ZAF	BEL	1707.0	21357584.0	7903403.0	1426782442.0	337197680.0
ZAF	BRA	9878.0	88203924.0	41191248.0	1340081214.0	715051664.0
ZAF	BWA	11897.0	284086268.0	51709757.0	1848413691.0	658945074.0
ZAF	CAN	907.0	-301225157.0	492393.0	163715266.0	934395708.0
ZAF	CHE	1334.0	-13101785.0	2189278.0	1544479002.0	412345848.0
ZAF	CHL	4028.0	4231004.0	12958764.0	615385061.0	728968105.0
ZAF	CHN	3283.0	25748987.0	8889600.0	602517772.0	183194185.0
ZAF	DEU	14239.0	564302031.0	149601500.0	4163339356.0	2216970906.0
ZAF	ESP	2605.0	17090823.0	4176470.0	658113757.0	195148202.0
ZAF	FJT	401125.0	52364935269.299995	1887959366.0	99074882025.0	68758704840.0
ZAF	FRA	1187.0	77292962.0	13527179.0	410142787.0	320195603.0
ZAF	GBR	39724.0	21919047754.0	95122062.0	13481332920.0	2238087782.0
ZAF	GGY	122.0	-51282451.0	2816639.0	34406742.0	731271599.0
ZAF	GHA	10801.0	233326254.0	145822846.0	1881649361.0	2613681097.0
ZAF	HKG	871.0	9177164957.7	4563613.0	500168907.0	108370238.0
ZAF	IMN	599.0	415544868.0	19769730.0	16928696.0	3613794650.0
ZAF	ITA	4442.0	79323719.0	28919397.0	2478324243.0	645985019.0
ZAF	KEN	6802.0	183080236.0	66493029.0	1169790205.0	454055737.0
ZAF	LSO	4647.0	77569551.0	16691163.0	421186022.0	394413777.0
ZAF	MOZ	23308.0	256518514.0	128803560.0	1195893309.0	2031511102.0
ZAF	MUS	2695.0	84002628.60000001	-11497572.0	1453850342.0	945298352.0
ZAF	MWI	3312.0	63980196.0	8420204.0	443199194.0	159228689.0
ZAF	NAM	22870.0	393470436.0	61766178.0	3151740251.0	1237987860.0
ZAF	NGA	12328.0	-148900847.0	32123519.0	1431493447.0	388012906.0
ZAF	NLD	4825.0	1022127527.7	37746114.0	2318022654.0	1582491632.0
ZAF	OAF	20828.0	-646238711.0	225527287.0	1318459219.0	1640394699.0
ZAF	OAM	9878.0	8437371534.95	72573681.0	10484743950.0	1306384577.0
ZAF	OAS	16061.0	88252345.7	16053831.0	2731683054.0	1417732811.0
ZAF	OTE	40125.0	758080079.4499999	125734559.0	6812973675.0	8699815462.0
ZAF	POL	7859.0	553133139.0	3644867.0	1419282732.0	1257790035.0
ZAF	SGP	1566.0	41265519.300000004	1457535.0	796616862.0	222805463.0
ZAF	SWZ	7334.0	89407082.0	23329154.0	521261779.0	165537544.0
ZAF	TZA	8506.0	116865738.0	54816627.0	1067840841.0	484045837.0
ZAF	UGA	4101.0	102718153.0	21335196.0	396905850.0	116640172.0
ZAF	USA	18994.0	-1277202896.0	-19527757.0	8989841188.0	18157455596.0
ZAF	ZAF	1005499.0	19434101905.4	32713223899.0	136523593230.0	131127201099.0
ZAF	ZMB	12584.0	89374917.0	54141619.0	1409089775.0	498656459.0
ZAF	ZWE	22423.0	559555834.0	79235577.0	2147110196.0	2321217790.0
