iso_partner,year,median_positive_misalignment,median_negative_misalignment,avg_positive_misalignment,avg_negative_misalignment,sd_positive_misalignment,sd_negative_misalignment,percentile_2_5_positive_misalignment,percentile_2_5_negative_misalignment,percentile_97_5_positive_misalignment,percentile_97_5_negative_misalignment,gdp_current_usd,gvt_health_expenditure,population,cit,etr_average_corrected,total_avg_positive_misalignment,total_avg_negative_misalignment,loss_incurred_cit_usd,loss_incurred_etr_usd,total_loss_cit,total_loss_etr,loss_inflicted_share,loss_inflicted_cit_usd,loss_inflicted_etr_usd
ABW,2016,1905.8661090240707,446.61383334135843,1905.8661090240707,446.61383334135843,0.0,0.0,1905.8661090240707,446.61383334135843,1905.8661090240707,446.61383334135843,2983635195.53073,,104874.0,0.25,0.152084467209993,1193038.0603271483,1193038.060327148,111.65345833533961,67.9230268923331,325661.45965313714,328743.9549268799,0.0015974897804194568,520.2408536723699,525.1651083703651
ABW,2017,28802.4801251121,4104.494083325126,28802.4801251121,4104.494083325126,0.0,0.0,28802.4801251121,4104.494083325126,28802.4801251121,4104.494083325126,3092429050.27933,,105439.0,0.25,0.1518484464085109,1427249.2266818217,1427249.2266818217,1026.1235208312814,623.2610498458454,386814.5228140491,314052.90791767876,0.020180413894547562,7806.077170809422,6337.71766656499
ABW,2018,26976.444671619793,444.318515538347,26976.444671619793,444.318515538347,0.0,0.0,26976.444671619793,444.318515538347,26976.444671619793,444.318515538347,3276184357.5419,,105962.0,0.25,0.1518484464085109,1847459.9911298328,1847459.991129833,111.07962888458675,67.4690762950338,483994.2246193179,377437.9554171189,0.014601910082568054,7067.240148373526,5511.3150867491
ABW,2019,3866.724569204344,995.7243507616439,3866.7245692043443,995.7243507616438,0.0,0.0,3866.724569204344,995.7243507616439,3866.724569204344,995.7243507616439,3395798882.68156,,106442.0,0.25,0.1976465173688915,1963213.7710531517,1963213.7710531517,248.93108769041095,196.80145018743943,505895.75928217545,341783.7750413462,0.0019695891635530187,996.4068053695993,673.1736195996782
ABW,2020,2168.2408542671064,260.7140889251207,2168.2408542671064,260.7140889251207,0.0,0.0,2168.2408542671064,260.7140889251207,2168.2408542671064,260.7140889251207,2558906303.88098,,106585.0,0.25,0.2482157890742018,2260991.9551695543,2260991.9551695543,65.17852223128017,64.71335330531045,563349.3285482804,384447.34187696414,0.0009589776953029927,540.2394407417183,368.67642587853277
ABW,2021,19437.313228506715,5275.087604991745,19437.313228506715,5275.087604991745,0.0,0.0,19437.313228506715,5275.087604991745,19437.313228506715,5275.087604991745,3103184101.51354,,106537.0,0.25,0.2417390792175607,2591966.6485114046,2591966.6485114046,1318.7719012479363,1275.194820422672,648078.2463460602,446996.3310126248,0.00749905992797777,4859.977607367846,3352.052273849861
AFG,2016,9.119909841953312,37.9925456671886,9.119909841953312,37.9925456671886,0.0,0.0,9.119909841953312,37.9925456671886,9.119909841953312,37.9925456671886,18116572395.0772,108140731.84,34636207.0,0.2,0.0413022426444994,1193038.0603271483,1193038.060327148,7.59850913343772,1.569177339828448,325661.45965313714,328743.9549268799,7.644274013733058e-06,2.489445433300853,2.51300887181938
AFG,2017,0.0,84.00408949800493,0.0,84.00408949800493,0.0,0.0,0.0,84.00408949800493,0.0,84.00408949800493,18753456497.8159,121528826.51,35643418.0,0.2,0.1632246056133859,1427249.2266818217,1427249.2266818217,16.800817899600986,13.711534378223426,386814.5228140491,314052.90791767876,0.0,0.0,0.0
AFG,2018,769.322157965888,68.65888439682918,769.322157965888,68.65888439682918,0.0,0.0,769.322157965888,68.65888439682918,769.322157965888,68.65888439682918,18053222687.4126,101744864.14,36686784.0,0.2,0.1439139428676382,1847459.9911298328,1847459.991129833,13.731776879365837,9.88097076644105,483994.2246193179,377437.9554171189,0.0004164215526504589,201.54562648983133,157.17329942401133
AFG,2019,31.734801233663376,115.61089090456356,31.734801233663376,115.61089090456355,0.0,0.0,31.734801233663376,115.61089090456356,31.734801233663376,115.61089090456356,18799444490.1128,93965898.86,37769499.0,0.2,0.0654426750989369,1963213.7710531517,1963213.7710531517,23.122178180912712,7.565885971365992,505895.75928217545,341783.7750413462,1.6164720165262223e-05,8.177663381589225,5.524839080570296
AFG,2020,745.7632405759583,83.95791071968388,745.7632405759583,83.95791071968388,0.0,0.0,745.7632405759583,83.95791071968388,745.7632405759583,83.95791071968388,19955929052.1496,238944014.08000004,38972230.0,0.2,0.0682932256976626,2260991.9551695543,2260991.9551695543,16.791582143936775,5.733756545883577,563349.3285482804,384447.34187696414,0.00032983896243895866,185.81455801904883,126.80571235711348
AFG,2021,189.81914595705013,422.33422303538805,189.81914595705013,422.3342230353881,0.0,0.0,189.81914595705013,422.33422303538805,189.81914595705013,422.33422303538805,14266499429.8746,107697735.61,40099462.0,0.2,0.071754197414477,2591966.6485114046,2591966.6485114046,84.46684460707763,30.304253214571,648078.2463460602,446996.3310126248,7.323363750303862e-05,47.461127366512336,32.735167270566826
AGO,2016,0.0,1308.1349156538301,0.0,1308.1349156538301,0.0,0.0,0.0,1308.1349156538301,0.0,1308.1349156538301,52761617225.9253,1210995260.76,29154746.0,0.3,0.4476869049163801,1193038.0603271483,1193038.060327148,392.440474696149,585.6348716021131,325661.45965313714,328743.9549268799,0.0,0.0,0.0
AGO,2017,0.0,556.6295534460324,0.0,556.6295534460324,0.0,0.0,0.0,556.6295534460324,0.0,556.6295534460324,73690154990.7312,1577680174.8600004,30208628.0,0.3,0.4151783578975761,1427249.2266818217,1427249.2266818217,166.98886603380973,231.10054395698484,386814.5228140491,314052.90791767876,0.0,0.0,0.0
AGO,2018,0.0,501.63319391104176,0.0,501.63319391104176,0.0,0.0,0.0,501.63319391104176,0.0,501.63319391104176,79450688259.3664,1118847264.51,31273533.0,0.3,0.4071720075431295,1847459.9911298328,1847459.991129833,150.48995817331252,204.25099461503083,483994.2246193179,377437.9554171189,0.0,0.0,0.0
AGO,2019,0.0,715.3749727742812,0.0,715.3749727742812,0.0,0.0,0.0,715.3749727742812,0.0,715.3749727742812,70897962732.0277,949590173.24,32353588.0,0.3,0.3622905390853133,1963213.7710531517,1963213.7710531517,214.61249183228435,259.1735845345357,505895.75928217545,341783.7750413462,0.0,0.0,0.0
AGO,2020,0.0,1599.8338714362355,0.0,1599.8338714362355,0.0,0.0,0.0,1599.8338714362355,0.0,1599.8338714362355,48501561203.5686,971570187.3100004,33428486.0,0.3,0.3510789275793332,2260991.9551695543,2260991.9551695543,479.95016143087065,561.6679598889264,563349.3285482804,384447.34187696414,0.0,0.0,0.0
AGO,2021,0.0,5057.753683183723,0.0,5057.753683183723,0.0,0.0,0.0,5057.753683183723,0.0,5057.753683183723,66505129987.7235,1279772420.6799998,34503774.0,0.25,0.364139751479386,2591966.6485114046,2591966.6485114046,1264.4384207959308,1841.7291692384701,648078.2463460602,446996.3310126248,0.0,0.0,0.0
AIA,2016,0.0,-0.0,0.0,0.0,0.0,0.0,0.0,0.0,0.0,-0.0,,,,,,1193038.0603271483,1193038.060327148,,,325661.45965313714,328743.9549268799,0.0,0.0,0.0
AIA,2017,0.0,3403.6582872051067,0.0,3403.6582872051067,0.0,0.0,0.0,3403.6582872051067,0.0,3403.6582872051067,322000000.0,,14400.0,0.0,0.0,1427249.2266818217,1427249.2266818217,0.0,0.0,386814.5228140491,314052.90791767876,0.0,0.0,0.0
AIA,2018,5530.309144626619,430.1197892474208,5530.309144626619,430.1197892474208,0.0,0.0,5530.309144626619,430.1197892474208,5530.309144626619,430.1197892474208,322000000.0,,14700.0,0.0,0.0,1847459.9911298328,1847459.991129833,0.0,0.0,483994.2246193179,377437.9554171189,0.0029934662570118785,1448.820379986556,1129.8477836566992
AIA,2019,742.8852430187462,1536.2305848392218,742.8852430187462,1536.2305848392218,0.0,0.0,742.8852430187462,1536.2305848392218,742.8852430187462,1536.2305848392218,380000000.0,,14800.0,0.0,0.0,1963213.7710531517,1963213.7710531517,0.0,0.0,505895.75928217545,341783.7750413462,0.0003784026242950766,191.43228293212553,129.3318774171235
AIA,2020,26772.525931689088,423.8858001596922,26772.525931689084,423.88580015969217,0.0,0.0,26772.525931689088,423.8858001596922,26772.525931689088,423.8858001596922,380000000.0,,14800.0,0.0,0.0,2260991.9551695543,2260991.9551695543,0.0,0.0,563349.3285482804,384447.34187696414,0.011841053158316692,6670.649346042203,4552.261411738683
AIA,2021,0.2678153447724505,7314.25561563181,0.2678153447724505,7314.25561563181,0.0,0.0,0.2678153447724505,7314.25561563181,0.2678153447724505,7314.25561563181,380000000.0,,14500.0,0.0,0.0,2591966.6485114046,2591966.6485114046,0.0,0.0,648078.2463460602,446996.3310126248,1.0332515077933578e-07,0.06696278252051419,0.04618596329968934
ALB,2016,0.0,73.64390760807888,0.0,73.64390760807888,0.0,0.0,0.0,73.64390760807888,0.0,73.64390760807888,11861199830.8396,341781415.51,2876101.0,0.15,0.0832404803517497,1193038.0603271483,1193038.060327148,11.046586141211831,6.13015424427636,325661.45965313714,328743.9549268799,0.0,0.0,0.0
ALB,2017,0.0,176.5919129373912,0.0,176.5919129373912,0.0,0.0,0.0,176.5919129373912,0.0,176.5919129373912,13019726211.7369,361229769.12,2873457.0,0.15,0.0681972005773518,1427249.2266818217,1427249.2266818217,26.48878694060868,12.043074106929517,386814.5228140491,314052.90791767876,0.0,0.0,0.0
ALB,2018,0.0,156.52913968940297,0.0,156.52913968940297,0.0,0.0,0.0,156.52913968940297,0.0,156.52913968940297,15156424015.1977,435678213.18999994,2866376.0,0.15,0.0770914382055611,1847459.9911298328,1847459.991129833,23.479370953410445,12.06705649973525,483994.2246193179,377437.9554171189,0.0,0.0,0.0
ALB,2019,0.0,361.90834332209084,0.0,361.90834332209084,0.0,0.0,0.0,361.90834332209084,0.0,361.90834332209084,15401826127.2539,451085348.78,2854191.0,0.15,0.075940765572255,1963213.7710531517,1963213.7710531517,54.286251498313625,27.48359665886608,505895.75928217545,341783.7750413462,0.0,0.0,0.0
ALB,2020,0.0,1739.8784400262555,0.0,1739.8784400262552,0.0,0.0,0.0,1739.8784400262555,0.0,1739.8784400262555,15162734205.2462,453366123.3900001,2837849.0,0.15,0.094658183881579,2260991.9551695543,2260991.9551695543,260.9817660039383,164.6937333076001,563349.3285482804,384447.34187696414,0.0,0.0,0.0
ALB,2021,65.37794861629739,314.33185053684514,65.37794861629739,314.33185053684514,0.0,0.0,65.37794861629739,314.33185053684514,65.37794861629739,314.33185053684514,17930565118.8176,526532522.88999987,2811666.0,0.15,0.0846189826481392,2591966.6485114046,2591966.6485114046,47.14977758052677,26.598441406334786,648078.2463460602,446996.3310126248,2.5223298553569225e-05,16.34667109366026,11.274721909481489
AND,2016,184.71819696635623,78.84700920737606,184.71819696635623,78.84700920737606,0.0,0.0,184.71819696635623,78.84700920737606,184.71819696635623,78.84700920737606,2896610479.73077,143799721.59000003,72540.0,0.0,-0.0283953210675186,1193038.0603271483,1193038.060327148,0.0,-2.2388861416570385,325661.45965313714,328743.9549268799,0.0001548300956263741,50.42219493991979,50.89945797792123
AND,2017,0.22055367712183482,180.73263937796503,0.22055367712183482,180.73263937796503,0.0,0.0,0.22055367712183482,180.73263937796503,0.22055367712183482,180.73263937796503,3000162081.11976,152619926.64000002,73837.0,0.0,-0.0283953210675186,1427249.2266818217,1427249.2266818217,0.0,-5.131961322517372,386814.5228140491,314052.90791767876,1.5453059843976576e-07,0.05977467969564743,0.04853078380226755
AND,2018,13.61124908824087,169.86586734437873,13.611249088240871,169.86586734437873,0.0,0.0,13.61124908824087,169.86586734437873,13.61124908824087,169.86586734437873,3218419896.9641,167931730.72000003,75013.0,0.0,-0.0283953210675186,1847459.9911298328,1847459.991129833,0.0,-4.823395841656157,483994.2246193179,377437.9554171189,7.367547418397286e-06,3.5658504001132516,2.7807920340385444
AND,2019,185.9826031848562,74.82358623877258,185.9826031848562,74.82358623877258,0.0,0.0,185.9826031848562,74.82358623877258,185.9826031848562,74.82358623877258,3155149347.80639,164786647.3,76343.0,0.0,-0.0283953210675186,1963213.7710531517,1963213.7710531517,0.0,-2.124639754673114,505895.75928217545,341783.7750413462,9.473375030630883e-05,47.92540254085812,32.37845880351452
AND,2020,8626.458917735392,6083.462666619975,8626.458917735392,6083.462666619975,0.0,0.0,8626.458917735392,6083.462666619975,8626.458917735392,6083.462666619975,2891001149.3611,184464670.96,77700.0,0.0,-0.0283953210675186,2260991.9551695543,2260991.9551695543,0.0,-172.74187562093704,563349.3285482804,384447.34187696414,0.003815342596868499,2149.3706901275214,1466.798319716048
AND,2021,1216.3752371240419,130.34906355167448,1216.3752371240419,130.34906355167448,0.0,0.0,1216.3752371240419,130.34906355167448,1216.3752371240419,130.34906355167448,3324683011.5903,205063639.7,79034.0,0.0,-0.0283953210675186,2591966.6485114046,2591966.6485114046,0.0,-3.7013035104001832,648078.2463460602,446996.3310126248,0.0004692866082295541,304.1344420951,209.76939207196972
ARE,2016,0.0,2438.9677948380145,0.0,2438.9677948380145,0.0,0.0,0.0,2438.9677948380145,0.0,2438.9677948380145,369255326235.534,10972704170.910002,8994263.0,0.0,0.3886867918141067,1193038.0603271483,1193038.060327148,0.0,947.9945675135142,325661.45965313714,328743.9549268799,0.0,0.0,0.0
ARE,2017,0.0,5409.669673033737,0.0,5409.669673033737,0.0,0.0,0.0,5409.669673033737,0.0,5409.669673033737,390516804029.952,8580208994.4400015,9068296.0,0.0,0.4091427688417129,1427249.2266818217,1427249.2266818217,0.0,2213.327228544067,386814.5228140491,314052.90791767876,0.0,0.0,0.0
ARE,2018,0.0,5816.438198354678,0.0,5816.438198354678,0.0,0.0,0.0,5816.438198354678,0.0,5816.438198354678,427049432157.931,9027675092.69,9140169.0,0.0,0.3793396882233914,1847459.9911298328,1847459.991129833,0.0,2206.4058527344882,483994.2246193179,377437.9554171189,0.0,0.0,0.0
ARE,2019,0.0,5455.516664166323,0.0,5455.516664166323,0.0,0.0,0.0,5455.516664166323,0.0,5455.516664166323,417989721742.682,9417903322.86,9211657.0,0.0,0.2585233927555475,1963213.7710531517,1963213.7710531517,0.0,1410.3786772547044,505895.75928217545,341783.7750413462,0.0,0.0,0.0
ARE,2020,0.0,1208.3207154114625,0.0,1208.3207154114625,0.0,0.0,0.0,1208.3207154114625,0.0,1208.3207154114625,349473015330.157,12414333487.12,9287289.0,0.0,0.245154294265187,2260991.9551695543,2260991.9551695543,0.0,296.22501223270297,563349.3285482804,384447.34187696414,0.0,0.0,0.0
ARE,2021,0.0,7306.186156440343,0.0,7306.1861564403425,0.0,0.0,0.0,7306.186156440343,0.0,7306.186156440343,415178792756.978,14119521288.48,9365145.0,0.0,0.2022827987126435,2591966.6485114046,2591966.6485114046,0.0,1477.9157836403244,648078.2463460602,446996.3310126248,0.0,0.0,0.0
ARG,2016,0.0,1602.621933167474,0.0,1602.621933167474,0.0,0.0,0.0,1602.621933167474,0.0,1602.621933167474,557532320662.955,35932278811.96,43590368.0,0.35,0.2599237005905737,1193038.0603271483,1193038.060327148,560.9176766086159,416.5594235165089,325661.45965313714,328743.9549268799,0.0,0.0,0.0
ARG,2017,0.0,5327.198413116642,0.0,5327.198413116642,0.0,0.0,0.0,5327.198413116642,0.0,5327.198413116642,643628393281.364,42451562034.56999,44044811.0,0.35,0.2594726820747657,1427249.2266818217,1427249.2266818217,1864.5194445908246,1382.2624601958107,386814.5228140491,314052.90791767876,0.0,0.0,0.0
ARG,2018,0.0,5935.860010794327,0.0,5935.860010794327,0.0,0.0,0.0,5935.860010794327,0.0,5935.860010794327,524819892360.176,31650422105.55,44494502.0,0.3,0.2594293401007262,1847459.9911298328,1847459.991129833,1780.758003238298,1539.9362455306618,483994.2246193179,377437.9554171189,0.0,0.0,0.0
ARG,2019,0.0,5714.973924386,0.0,5714.973924386,0.0,0.0,0.0,5714.973924386,0.0,5714.973924386,447754683615.225,27541571187.499996,44938712.0,0.3,0.2573171205494065,1963213.7710531517,1963213.7710531517,1714.4921773158,1470.5606342379472,505895.75928217545,341783.7750413462,0.0,0.0,0.0
ARG,2020,0.0,7977.9623045572125,0.0,7977.9623045572125,0.0,0.0,0.0,7977.9623045572125,0.0,7977.9623045572125,385740508436.965,25792836461.36,45376763.0,0.3,0.2446856253439433,2260991.9551695543,2260991.9551695543,2393.3886913671636,1952.0926954609886,563349.3285482804,384447.34187696414,0.0,0.0,0.0
ARG,2021,0.0,5632.258214274377,0.0,5632.258214274377,0.0,0.0,0.0,5632.258214274377,0.0,5632.258214274377,487902572164.348,29899372168.890003,45808747.0,0.3,0.26137837534356,2591966.6485114046,2591966.6485114046,1689.677464282313,1472.150501562457,648078.2463460602,446996.3310126248,0.0,0.0,0.0
ARM,2016,18.29385080020749,42.18199266446882,18.29385080020749,42.18199266446882,0.0,0.0,18.29385080020749,42.18199266446882,18.29385080020749,42.18199266446882,10546136235.5219,172676456.98999998,2865835.0,0.2,0.0971246744754968,1193038.0603271483,1193038.060327148,8.436398532893765,4.096912306264328,325661.45965313714,328743.9549268799,1.5333836705252348e-05,4.993639643515331,5.040906122687614
ARM,2017,0.0,177.79403394055674,0.0,177.79403394055674,0.0,0.0,0.0,177.79403394055674,0.0,177.79403394055674,11527458709.0158,158215051.32,2851923.0,0.2,0.2432396860217108,1427249.2266818217,1427249.2266818217,35.55880678811135,43.24656499223442,386814.5228140491,314052.90791767876,0.0,0.0,0.0
ARM,2018,0.0,59.850014953268946,0.0,59.85001495326894,0.0,0.0,0.0,59.850014953268946,0.0,59.850014953268946,12457940694.7395,153815829.79000002,2836557.0,0.2,0.2331402568673518,1847459.9911298328,1847459.991129833,11.97000299065379,13.953447859719967,483994.2246193179,377437.9554171189,0.0,0.0,0.0
ARM,2019,0.0,109.6728250721271,0.0,109.6728250721271,0.0,0.0,0.0,109.6728250721271,0.0,109.6728250721271,13619290539.2116,192259948.11999995,2820602.0,0.2,0.2371221374734076,1963213.7710531517,1963213.7710531517,21.93456501442542,26.005854703849906,505895.75928217545,341783.7750413462,0.0,0.0,0.0
ARM,2020,0.0,90.55568810056351,0.0,90.55568810056351,0.0,0.0,0.0,90.55568810056351,0.0,90.55568810056351,12641698583.2152,297931591.84000003,2805608.0,0.18,0.4476869049163801,2260991.9551695543,2260991.9551695543,16.300023858101433,40.54059572831435,563349.3285482804,384447.34187696414,0.0,0.0,0.0
ARM,2021,0.0,301.05584503790203,0.0,301.05584503790203,0.0,0.0,0.0,301.05584503790203,0.0,301.05584503790203,13878908628.9378,303765192.71,2790974.0,0.18,0.4476869049163801,2591966.6485114046,2591966.6485114046,54.190052106822364,134.7787594720037,648078.2463460602,446996.3310126248,0.0,0.0,0.0
ASM,2016,21858.28686082893,66.81106518247033,21858.28686082893,66.81106518247033,0.0,0.0,21858.28686082893,66.81106518247033,21858.28686082893,66.81106518247033,671000000.0,,50448.0,0.44,0.0909676717745046,1193038.0603271483,1193038.060327148,29.396868680286946,6.0776470484239935,325661.45965313714,328743.9549268799,0.018321533560157394,5966.617362284795,6023.0934028917
ASM,2017,25376.78396564775,374.7850688882144,25376.78396564775,374.7850688882144,0.0,0.0,25376.78396564775,374.7850688882144,25376.78396564775,374.7850688882144,612000000.0,,49463.0,0.34,0.1544002408409665,1427249.2266818217,1427249.2266818217,127.42692342199291,57.86690489993853,386814.5228140491,314052.90791767876,0.017780205090491198,6877.641547614279,5583.925112041476
ASM,2018,345868.28018874704,201.0293366669605,345868.28018874704,201.0293366669605,0.0,0.0,345868.28018874704,201.0293366669605,345868.28018874704,201.0293366669605,639000000.0,,48424.0,0.34,0.1544002408409665,1847459.9911298328,1847459.991129833,68.34997446676657,31.03897799747844,483994.2246193179,377437.9554171189,0.18721286623220879,90609.94603081798,70661.24145846347
ASM,2019,27374.97554824637,675.7055197935734,27374.97554824637,675.7055197935734,0.0,0.0,27374.97554824637,675.7055197935734,27374.97554824637,675.7055197935734,647000000.0,,47321.0,0.34,0.199663478301059,1963213.7710531517,1963213.7710531517,229.739876729815,134.91371438920993,505895.75928217545,341783.7750413462,0.013943960638357414,7054.190554542592,4765.819506005737
ASM,2020,0.0,-0.0,0.0,0.0,0.0,0.0,0.0,0.0,0.0,-0.0,,,,,,2260991.9551695543,2260991.9551695543,,,563349.3285482804,384447.34187696414,0.0,0.0,0.0
ASM,2021,0.0,1568.3452505137286,0.0,1568.3452505137286,0.0,0.0,0.0,1568.3452505137286,0.0,1568.3452505137286,750000000.0,,45035.0,0.34,0.305905358443103,2591966.6485114046,2591966.6485114046,533.2373851746678,479.76521602094033,648078.2463460602,446996.3310126248,0.0,0.0,0.0
ATG,2016,0.0,-0.0,0.0,0.0,0.0,0.0,0.0,0.0,0.0,-0.0,,,,,,1193038.0603271483,1193038.060327148,,,325661.45965313714,328743.9549268799,0.0,0.0,0.0
ATG,2017,3446.01856997744,97.41343873678338,3446.01856997744,97.41343873678338,0.0,0.0,3446.01856997744,97.41343873678338,3446.01856997744,97.41343873678338,1531151851.85185,40195956.44,91119.0,0.25,0.1554332616136257,1427249.2266818217,1427249.2266818217,24.353359684195844,15.14128850785735,386814.5228140491,314052.90791767876,0.0024144476700744184,933.9434233593288,758.2643118019354
ATG,2018,1772.9883049924565,17.615492195454404,1772.9883049924567,17.615492195454404,0.0,0.0,1772.9883049924565,17.615492195454404,1772.9883049924565,17.615492195454404,1661529629.62963,46777779.28,91626.0,0.25,0.1574408279950119,1847459.9911298328,1847459.991129833,4.403873048863601,2.7733976767920114,483994.2246193179,377437.9554171189,0.0009596896893600212,464.48426707695756,362.22331418693636
ATG,2019,1136.532755964289,90.60651150334697,1136.532755964289,90.60651150334697,0.0,0.0,1136.532755964289,90.60651150334697,1136.532755964289,90.60651150334697,1725351851.85185,43149238.28999999,92117.0,0.25,0.1574408279950119,1963213.7710531517,1963213.7710531517,22.65162787583674,14.265164192826518,505895.75928217545,341783.7750413462,0.000578914417126671,292.87034861169525,197.86355491141418
ATG,2020,58.984276348147034,239.34602923851722,58.984276348147034,239.34602923851722,0.0,0.0,58.984276348147034,239.34602923851722,58.984276348147034,239.34602923851722,1410796296.2963,50540576.48,92664.0,0.25,0.1574408279950119,2260991.9551695543,2260991.9551695543,59.836507309629305,37.68283702063048,563349.3285482804,384447.34187696414,2.6087786917279737e-05,14.696537243160154,10.029380335800836
ATG,2021,0.0,314.35381650655745,0.0,314.35381650655745,0.0,0.0,0.0,314.35381650655745,0.0,314.35381650655745,1601366666.66667,57773473.28999999,93219.0,0.25,0.2601633924412352,2591966.6485114046,2591966.6485114046,78.58845412663936,81.78335532919554,648078.2463460602,446996.3310126248,0.0,0.0,0.0
AUS,2016,0.0,45034.70409899415,0.0,45034.70409899415,0.0,0.0,0.0,45034.70409899415,0.0,45034.70409899415,1207580901578.72,93829308245.16002,24190907.0,0.3,0.2581802837052981,1193038.0603271483,1193038.060327148,13510.411229698246,11627.072680862462,325661.45965313714,328743.9549268799,0.0,0.0,0.0
AUS,2017,0.0,71319.5729599235,0.0,71319.5729599235,0.0,0.0,0.0,71319.5729599235,0.0,71319.5729599235,1326882104817.0,101865790509.26996,24592588.0,0.3,0.258792834755894,1427249.2266818217,1427249.2266818217,21395.87188797705,18456.99445987841,386814.5228140491,314052.90791767876,0.0,0.0,0.0
AUS,2018,0.0,89108.52376178981,0.0,89108.52376178981,0.0,0.0,0.0,89108.52376178981,0.0,89108.52376178981,1429733668185.91,104571458393.55,24963258.0,0.3,0.2387483073369061,1847459.9911298328,1847459.991129833,26732.55712853694,21274.509217417795,483994.2246193179,377437.9554171189,0.0,0.0,0.0
AUS,2019,0.0,151639.51934557885,0.0,151639.51934557885,0.0,0.0,0.0,151639.51934557885,0.0,151639.51934557885,1394671325960.57,103697864624.86002,25334826.0,0.3,0.2281105531244122,1963213.7710531517,1963213.7710531517,45491.85580367366,34590.574633439996,505895.75928217545,341783.7750413462,0.0,0.0,0.0
AUS,2020,0.0,101999.66421124128,0.0,101999.66421124128,0.0,0.0,0.0,101999.66421124128,0.0,101999.66421124128,1330381544909.3,112703527760.03,25649248.0,0.3,0.2297548137994101,2260991.9551695543,2260991.9551695543,30599.899263372383,23434.913858456093,563349.3285482804,384447.34187696414,0.0,0.0,0.0
AUS,2021,0.0,225433.9215623204,0.0,225433.9215623204,0.0,0.0,0.0,225433.9215623204,0.0,225433.9215623204,1559033756285.13,139063001840.8,25685412.0,0.3,0.2152110271870161,2591966.6485114046,2591966.6485114046,67630.17646869613,48515.865822224194,648078.2463460602,446996.3310126248,0.0,0.0,0.0
AUT,2016,553.9257834067128,3412.325561735921,553.9257834067128,3412.325561735921,0.0,0.0,553.9257834067128,3412.325561735921,553.9257834067128,3412.325561735921,395837353031.499,29651637133.19,8736668.0,0.25,0.0919569459857132,1193038.0603271483,1193038.060327148,853.0813904339802,313.78703736621856,325661.45965313714,328743.9549268799,0.0004642985013024801,151.20412764892967,152.6353255848004
AUT,2017,7902.525306925102,8639.247530397623,7902.525306925102,8639.247530397623,0.0,0.0,7902.525306925102,8639.247530397623,7902.525306925102,8639.247530397623,417261151844.977,31978803719.19,8797566.0,0.25,0.093871534668659,1427249.2266818217,1427249.2266818217,2159.8118825994056,810.979424060847,386814.5228140491,314052.90791767876,0.005536892337505411,2141.7503674049203,1738.8771394206879
AUT,2018,3385.2766641999547,9272.497002934055,3385.276664199954,9272.497002934055,0.0,0.0,3385.2766641999547,9272.497002934055,3385.2766641999547,9272.497002934055,454991174096.102,35066488827.63,8840521.0,0.25,0.0991802123937654,1847459.9911298328,1847459.991129833,2318.1242507335137,919.6482221715527,483994.2246193179,377437.9554171189,0.0018323951157013442,886.8686532200975,691.6154659866304
AUT,2019,2157.978732376218,6432.558804401418,2157.978732376218,6432.558804401418,0.0,0.0,2157.978732376218,6432.558804401418,2157.978732376218,6432.558804401418,444596155845.254,34916406196.06,8879920.0,0.25,0.0963593610713371,1963213.7710531517,1963213.7710531517,1608.1397011003544,619.8372564459246,505895.75928217545,341783.7750413462,0.0010992072102359927,556.0842662307793,375.6911898671243
AUT,2020,4534.778801662408,5659.678320551321,4534.778801662408,5659.678320551321,0.0,0.0,4534.778801662408,5659.678320551321,4534.778801662408,5659.678320551321,435049316955.737,38026159604.30001,8916864.0,0.25,0.0995598149824827,2260991.9551695543,2260991.9551695543,1414.9195801378303,563.4765264544579,563349.3285482804,384447.34187696414,0.0020056589725116203,1129.8866354612553,771.0702606937755
AUT,2021,7604.8324320732,8541.443544479898,7604.832432073201,8541.443544479898,0.0,0.0,7604.8324320732,8541.443544479898,7604.8324320732,8541.443544479898,479295362747.047,45466886382.31,8955797.0,0.25,0.0999728784392562,2591966.6485114046,2591966.6485114046,2135.3608861199746,853.9126971680585,648078.2463460602,446996.3310126248,0.002934000881701445,1901.4621461908669,1311.487629308352
AZE,2016,0.0,327.26937136777036,0.0,327.26937136777036,0.0,0.0,0.0,327.26937136777036,0.0,327.26937136777036,37866996882.9157,441323699.57000005,9757812.0,0.2,0.0895349904718129,1193038.0603271483,1193038.060327148,65.45387427355408,29.30206004712952,325661.45965313714,328743.9549268799,0.0,0.0,0.0
AZE,2017,0.0,191.3026402660341,0.0,191.3026402660341,0.0,0.0,0.0,191.3026402660341,0.0,191.3026402660341,40866627351.9817,410484835.47,9854033.0,0.2,0.0906836059902434,1427249.2266818217,1427249.2266818217,38.26052805320682,17.34801325477831,386814.5228140491,314052.90791767876,0.0,0.0,0.0
AZE,2018,0.0,248.09447791622043,0.0,248.09447791622043,0.0,0.0,0.0,248.09447791622043,0.0,248.09447791622043,47112470051.7701,418667330.44,9939771.0,0.2,0.1349895825067648,1847459.9911298328,1847459.991129833,49.61889558324409,33.490169996144374,483994.2246193179,377437.9554171189,0.0,0.0,0.0
AZE,2019,813.812130851125,494.5429467941553,813.812130851125,494.5429467941552,0.0,0.0,813.812130851125,494.5429467941553,813.812130851125,494.5429467941553,48174235294.1176,515102120.7299999,10024283.0,0.2,0.1460317545112081,1963213.7710531517,1963213.7710531517,98.90858935883105,72.21897420149352,505895.75928217545,341783.7750413462,0.0004145305737207423,209.70925933813072,141.67982435633036
AZE,2020,315.6259674077163,156.9315540309415,315.6259674077163,156.9315540309415,0.0,0.0,315.6259674077163,156.9315540309415,315.6259674077163,156.9315540309415,42693000000.0,993967534.3,10093121.0,0.2,0.144846744550666,2260991.9551695543,2260991.9551695543,31.386310806188302,22.731024718658823,563349.3285482804,384447.34187696414,0.00013959623637141476,78.64144602770355,53.66740200901879
AZE,2021,964.7142889372919,2340.937623654714,964.7142889372919,2340.937623654714,0.0,0.0,964.7142889372919,2340.937623654714,964.7142889372919,2340.937623654714,54825411764.7059,812163822.58,10137750.0,0.2,0.1482655724569424,2591966.6485114046,2591966.6485114046,468.18752473094287,347.0804568571606,648078.2463460602,446996.3310126248,0.00037219394373432164,241.21079835596336,166.36932727436107
BDI,2016,0.0,-0.0,0.0,0.0,0.0,0.0,0.0,0.0,0.0,-0.0,,,,,,1193038.0603271483,1193038.060327148,,,325661.45965313714,328743.9549268799,0.0,0.0,0.0
BDI,2017,6.788911850696845,548.6960075625991,6.788911850696846,548.6960075625991,0.0,0.0,6.788911850696845,548.6960075625991,6.788911850696845,548.6960075625991,2723586962.84034,63878051.94,11155593.0,0.3,0.234837038635873,1427249.2266818217,1427249.2266818217,164.60880226877973,128.85414552732735,386814.5228140491,314052.90791767876,4.756640763071372e-06,1.839937726965307,1.493836863562331
BDI,2018,0.0,-0.0,0.0,0.0,0.0,0.0,0.0,0.0,0.0,-0.0,,,,,,1847459.9911298328,1847459.991129833,,,483994.2246193179,377437.9554171189,0.0,0.0,0.0
BDI,2019,0.0,-0.0,0.0,0.0,0.0,0.0,0.0,0.0,0.0,-0.0,,,,,,1963213.7710531517,1963213.7710531517,,,505895.75928217545,341783.7750413462,0.0,0.0,0.0
BDI,2020,0.0,-0.0,0.0,0.0,0.0,0.0,0.0,0.0,0.0,-0.0,,,,,,2260991.9551695543,2260991.9551695543,,,563349.3285482804,384447.34187696414,0.0,0.0,0.0
BDI,2021,0.0,-0.0,0.0,0.0,0.0,0.0,0.0,0.0,0.0,-0.0,,,,,,2591966.6485114046,2591966.6485114046,,,648078.2463460602,446996.3310126248,0.0,0.0,0.0
BEL,2016,0.0,25953.363728515567,0.0,25953.363728515567,0.0,0.0,0.0,25953.363728515567,0.0,25953.363728515567,476062757356.927,39449770139.27999,11331422.0,0.3399,0.1678086003050051,1193038.0603271483,1193038.060327148,8821.548331322441,4355.197640488886,325661.45965313714,328743.9549268799,0.0,0.0,0.0
BEL,2017,0.0,71984.0048634624,0.0,71984.0048634624,0.0,0.0,0.0,71984.0048634624,0.0,71984.0048634624,502764720556.354,41657287493.700005,11375158.0,0.3399,0.1657823939071513,1427249.2266818217,1427249.2266818217,24467.363253090865,11933.680649288817,386814.5228140491,314052.90791767876,0.0,0.0,0.0
BEL,2018,0.0,56132.96930402295,0.0,56132.96930402295,0.0,0.0,0.0,56132.96930402295,0.0,56132.96930402295,543299066998.902,45202100969.130005,11427054.0,0.2958,0.1561072963993858,1847459.9911298328,1847459.991129833,16604.13232012999,8762.766076920736,483994.2246193179,377437.9554171189,0.0,0.0,0.0
BEL,2019,0.0,122953.6885388602,0.0,122953.68853886021,0.0,0.0,0.0,122953.6885388602,0.0,122953.6885388602,535865804349.803,43516596069.22,11488980.0,0.2958,0.1516083879180703,1963213.7710531517,1963213.7710531517,36369.70106979485,18640.810507957114,505895.75928217545,341783.7750413462,0.0,0.0,0.0
BEL,2020,0.0,15069.964563172143,0.0,15069.964563172141,0.0,0.0,0.0,15069.964563172143,0.0,15069.964563172143,526021513474.243,45816043426.68001,11538604.0,0.25,0.1452920016480477,2260991.9551695543,2260991.9551695543,3767.4911407930354,2189.5453161484274,563349.3285482804,384447.34187696414,0.0,0.0,0.0
BEL,2021,0.0,27900.40677863106,0.0,27900.406778631055,0.0,0.0,0.0,27900.40677863106,0.0,27900.40677863106,600904461226.347,50928949854.00999,11586195.0,0.25,0.138470093925523,2591966.6485114046,2591966.6485114046,6975.101694657764,3863.371947197341,648078.2463460602,446996.3310126248,0.0,0.0,0.0
BEN,2016,0.0,56.58397013613589,0.0,56.583970136135896,0.0,0.0,0.0,56.58397013613589,0.0,56.58397013613589,11821065853.3838,55641378.51000002,11260085.0,0.3,-0.0177786872300447,1193038.0603271483,1193038.060327148,16.97519104084077,-1.00598870728455,325661.45965313714,328743.9549268799,0.0,0.0,0.0
BEN,2017,0.0,246.95728700777977,0.0,246.95728700777977,0.0,0.0,0.0,246.95728700777977,0.0,246.95728700777977,12701655836.9467,57864056.45000001,11596779.0,0.3,-0.0130287172593203,1427249.2266818217,1427249.2266818217,74.08718610233393,-3.217536667553177,386814.5228140491,314052.90791767876,0.0,0.0,0.0
BEN,2018,0.0,67.71797713604035,0.0,67.71797713604035,0.0,0.0,0.0,67.71797713604035,0.0,67.71797713604035,14262408089.9261,64017792.36,11940683.0,0.3,0.006597411465998,1847459.9911298328,1847459.991129833,20.315393140812102,0.446763358811503,483994.2246193179,377437.9554171189,0.0,0.0,0.0
BEN,2019,0.0,524.3789498542837,0.0,524.3789498542837,0.0,0.0,0.0,524.3789498542837,0.0,524.3789498542837,14390708751.025,44822485.45,12290444.0,0.3,0.1172884588329455,1963213.7710531517,1963213.7710531517,157.31368495628513,61.503598872847355,505895.75928217545,341783.7750413462,0.0,0.0,0.0
BEN,2020,0.0,2473.1287131320264,0.0,2473.1287131320264,0.0,0.0,0.0,2473.1287131320264,0.0,2473.1287131320264,15686741883.934,43293091.18,12643123.0,0.3,0.3659978124692479,2260991.9551695543,2260991.9551695543,741.9386139396079,905.1596989612078,563349.3285482804,384447.34187696414,0.0,0.0,0.0
BEN,2021,1097.0834706496628,3733.0726971439562,1097.0834706496628,3733.0726971439567,0.0,0.0,1097.0834706496628,3733.0726971439562,1097.0834706496628,3733.0726971439562,17687623530.3355,56216918.779999994,12996895.0,0.3,0.3621428417758588,2591966.6485114046,2591966.6485114046,1119.921809143187,1351.9055550995824,648078.2463460602,446996.3310126248,0.0004232629579858715,274.3075155547298,189.19698927323532
BFA,2016,144.02143685961695,101.03034357962056,144.02143685961695,101.03034357962056,0.0,0.0,144.02143685961695,101.03034357962056,144.02143685961695,101.03034357962056,12833363045.3367,306310739.14,19275498.0,0.275,0.1273850139569208,1193038.0603271483,1193038.060327148,27.783344484395656,12.86975172696247,325661.45965313714,328743.9549268799,0.00012071822488221725,39.313273321878526,39.68538667953258
BFA,2017,1977.1982115635938,369.9142072485001,1977.198211563594,369.9142072485001,0.0,0.0,1977.1982115635938,369.9142072485001,1977.1982115635938,369.9142072485001,14106955615.3442,369953702.57,19835858.0,0.275,0.129222769598079,1427249.2266818217,1427249.2266818217,101.72640699333753,47.801338374328964,386814.5228140491,314052.90791767876,0.0013853209198510731,535.8622505565124,435.06406327842313
BFA,2018,117.82719123103583,215.44979770320552,117.82719123103581,215.44979770320552,0.0,0.0,117.82719123103583,215.44979770320552,117.82719123103583,215.44979770320552,15890066221.2882,338092878.1699999,20392723.0,0.275,0.1318793221122536,1847459.9911298328,1847459.991129833,59.24869436838152,28.413373270320914,483994.2246193179,377437.9554171189,6.377793933116646e-05,30.868154294405812,24.07221502187252
BFA,2019,0.0,1104.4923548474867,0.0,1104.4923548474867,0.0,0.0,0.0,1104.4923548474867,0.0,1104.4923548474867,16032813501.6639,359805577.81999993,20951639.0,0.275,0.1937601414423219,1963213.7710531517,1963213.7710531517,303.73539758305884,214.0065948972122,505895.75928217545,341783.7750413462,0.0,0.0,0.0
BFA,2020,0.0,113.67963205241998,0.0,113.67963205241998,0.0,0.0,0.0,113.67963205241998,0.0,113.67963205241998,17725010530.7894,506744562.5800001,21522626.0,0.275,0.2748334412207109,2260991.9551695543,2260991.9551695543,31.261898814415495,31.24296447367081,563349.3285482804,384447.34187696414,0.0,0.0,0.0
BFA,2021,0.0,3762.7173345203287,0.0,3762.7173345203287,0.0,0.0,0.0,3762.7173345203287,0.0,3762.7173345203287,19643166853.6641,538923508.9700001,22100683.0,0.275,0.2759987625344705,2591966.6485114046,2591966.6485114046,1034.7472669930905,1038.505328094612,648078.2463460602,446996.3310126248,0.0,0.0,0.0
BGD,2016,0.0,250.37652088922118,0.0,250.37652088922118,0.0,0.0,0.0,250.37652088922118,0.0,250.37652088922118,265224514652.992,1258074342.65,159784568.0,0.25,0.389694331925544,1193038.0603271483,1193038.060327148,62.594130222305296,97.57031103776706,325661.45965313714,328743.9549268799,0.0,0.0,0.0
BGD,2017,0.0,1517.7303705831193,0.0,1517.7303705831193,0.0,0.0,0.0,1517.7303705831193,0.0,1517.7303705831193,293732447017.328,1452028290.8,161793964.0,0.25,0.376106203392882,1427249.2266818217,1427249.2266818217,379.43259264577983,570.8278074540888,386814.5228140491,314052.90791767876,0.0,0.0,0.0
BGD,2018,0.0,1201.465526157966,0.0,1201.465526157966,0.0,0.0,0.0,1201.465526157966,0.0,1201.465526157966,321362751137.574,1535760676.9499998,163683958.0,0.25,0.3658483959857276,1847459.9911298328,1847459.991129833,300.3663815394915,439.5542355770401,483994.2246193179,377437.9554171189,0.0,0.0,0.0
BGD,2019,0.0,966.4524861066067,0.0,966.4524861066068,0.0,0.0,0.0,966.4524861066067,0.0,966.4524861066067,351231655150.827,1561440922.0100002,165516222.0,0.25,0.3162536721641029,1963213.7710531517,1963213.7710531517,241.6131215266517,305.644147703341,505895.75928217545,341783.7750413462,0.0,0.0,0.0
BGD,2020,0.0,848.3862744739799,0.0,848.3862744739799,0.0,0.0,0.0,848.3862744739799,0.0,848.3862744739799,373979442653.343,1530763580.9,167420951.0,0.25,0.3095733568727042,2260991.9551695543,2260991.9551695543,212.09656861849498,262.6377869136374,563349.3285482804,384447.34187696414,0.0,0.0,0.0
BGD,2021,0.0,1531.054315608516,0.0,1531.054315608516,0.0,0.0,0.0,1531.054315608516,0.0,1531.054315608516,416271647002.435,1656626826.4299998,169356251.0,0.325,0.2833190058659392,2591966.6485114046,2591966.6485114046,497.5926525727677,433.77678662496066,648078.2463460602,446996.3310126248,0.0,0.0,0.0
BGR,2016,285.6928211591181,735.4596283294537,285.6928211591181,735.4596283294537,0.0,0.0,285.6928211591181,735.4596283294537,285.6928211591181,735.4596283294537,53964253211.84,2217940161.7599993,7127822.0,0.1,0.044504449014362,1193038.0603271483,1193038.060327148,73.54596283294538,32.7312255311098,325661.45965313714,328743.9549268799,0.0002394666445769358,77.9850570111639,78.72321181129135
BGR,2017,219.46937838666585,1781.0487924601778,219.46937838666585,1781.0487924601778,0.0,0.0,219.46937838666585,1781.0487924601778,219.46937838666585,1781.0487924601778,59309748166.1179,2436614037.11,7075947.0,0.1,0.0604382191892039,1427249.2266818217,1427249.2266818217,178.1048792460178,107.64341730537514,386814.5228140491,314052.90791767876,0.00015377088618005776,59.4808119604325,48.29219395792554
BGR,2018,671.2025833958713,1291.0455388570313,671.2025833958713,1291.0455388570313,0.0,0.0,671.2025833958713,1291.0455388570313,671.2025833958713,1291.0455388570313,66370132238.3914,2803357474.8,7025037.0,0.1,0.0679766788802215,1847459.9911298328,1847459.991129833,129.10455388570313,87.76098801462695,483994.2246193179,377437.9554171189,0.000363311025201358,175.84043793798074,137.1273705324979
BGR,2019,496.55488768973566,1986.5270089399878,496.55488768973566,1986.5270089399878,0.0,0.0,496.55488768973566,1986.5270089399878,496.55488768973566,1986.5270089399878,68881010245.5498,2889931887.1300006,6975761.0,0.1,0.0776767835463281,1963213.7710531517,1963213.7710531517,198.6527008939988,154.307028482366,505895.75928217545,341783.7750413462,0.0002529296070612638,127.95601560920035,86.44723592112308
BGR,2020,3231.205726291664,1687.0473074202996,3231.205726291664,1687.0473074202996,0.0,0.0,3231.205726291664,1687.0473074202996,3231.205726291664,1687.0473074202996,70368758395.141,3563687215.94,6934015.0,0.1,0.0783354939900926,2260991.9551695543,2260991.9551695543,168.70473074202997,132.15568421142478,563349.3285482804,384447.34187696414,0.0014291097847136535,805.0880376402142,549.4174579835245
BGR,2021,3801.655381978232,2111.7823289552375,3801.655381978232,2111.7823289552375,0.0,0.0,3801.655381978232,2111.7823289552375,3801.655381978232,2111.7823289552375,84041493015.6618,4519443226.1900015,6877743.0,0.1,0.0843708006121163,2591966.6485114046,2591966.6485114046,211.17823289552376,178.17276581247293,648078.2463460602,446996.3310126248,0.0014667069054154556,950.5408391653052,655.6126053915896
BHR,2016,3935.5608999039564,58.86630729846085,3935.5608999039564,58.86630729846085,0.0,0.0,3935.5608999039564,58.86630729846085,3935.5608999039564,58.86630729846085,32250132978.7234,961441514.93,1409661.0,0.0,0.0192371511921062,1193038.0603271483,1193038.060327148,0.0,1.1324200536214761,325661.45965313714,328743.9549268799,0.003298772294678318,1074.2830005482697,1084.451450555769
BHR,2017,3173.501329941667,176.8956840170263,3173.501329941667,176.8956840170263,0.0,0.0,3173.501329941667,176.8956840170263,3173.501329941667,176.8956840170263,35423643617.0213,910527072.35,1456834.0,0.0,0.0127588880469364,1427249.2266818217,1427249.2266818217,0.0,2.256992228359475,386814.5228140491,314052.90791767876,0.002223508880309339,860.0855265096575,698.2994296419298
BHR,2018,297.6968225898794,441.9012770033923,297.6968225898794,441.90127700339224,0.0,0.0,297.6968225898794,441.9012770033923,297.6968225898794,441.9012770033923,37802005319.1489,917967258.46,1487340.0,0.0,0.0073117163864146,1847459.9911298328,1847459.991129833,0.0,3.2310568082432405,483994.2246193179,377437.9554171189,0.00016113844089680118,77.99007475821307,60.81976367119089
BHR,2019,521.7783192581094,186.04045732154958,521.7783192581094,186.04045732154958,0.0,0.0,521.7783192581094,186.04045732154958,521.7783192581094,186.04045732154958,38653318085.1064,891952956.57,1494188.0,0.0,0.0313419325247066,1963213.7710531517,1963213.7710531517,0.0,5.830867460237565,505895.75928217545,341783.7750413462,0.0002657776381520619,134.45578005316062,90.83848448918462
BHR,2020,1257.707488137769,527.7711704891144,1257.707488137769,527.7711704891144,0.0,0.0,1257.707488137769,527.7711704891144,1257.707488137769,527.7711704891144,34621807712.766,1028201155.38,1477469.0,0.0,0.0316640506505648,2260991.9551695543,2260991.9551695543,0.0,16.71137307427519,563349.3285482804,384447.34187696414,0.0005562635838938454,313.37071648245785,213.8540562109425
BHR,2021,711.777977957257,895.2972145827964,711.777977957257,895.2972145827964,0.0,0.0,711.777977957257,895.2972145827964,711.777977957257,895.2972145827964,39288670212.766,1105964584.3100002,1463265.0,0.0,0.0350393590673214,2591966.6485114046,2591966.6485114046,0.0,31.370640573739298,648078.2463460602,446996.3310126248,0.00027460923479321735,177.96827131522178,122.74932041475259
BHS,2016,18660.600976351518,33.90289751125815,18660.600976351518,33.90289751125815,0.0,0.0,18660.600976351518,33.90289751125815,18660.600976351518,33.90289751125815,11745100000.0,326223012.3000001,395976.0,0.0,0.0045603658218451,1193038.0603271483,1193038.060327148,0.0,0.154609615071859,325661.45965313714,328743.9549268799,0.015641245318891595,5093.750781343036,5141.9648461139695
BHS,2017,783.3649314924164,627.4536782010647,783.3649314924164,627.4536782010647,0.0,0.0,783.3649314924164,627.4536782010647,783.3649314924164,627.4536782010647,12236700000.0,456912410.9599999,399020.0,0.0,0.0024831258811971,1427249.2266818217,1427249.2266818217,0.0,1.5580464675933805,386814.5228140491,314052.90791767876,0.0005488634478462063,212.30835266870403,172.3721618458243
BHS,2018,2108.6312473867206,1908.376458699235,2108.6312473867206,1908.3764586992352,0.0,0.0,2108.6312473867206,1908.376458699235,2108.6312473867206,1908.376458699235,12615800000.0,378523469.27,401906.0,0.0,0.0025719981467528,1847459.9911298328,1847459.991129833,0.0,4.908340715081104,483994.2246193179,377437.9554171189,0.0011413677468041761,552.4153976199852,430.7955087328121
BHS,2019,1891.5816908565378,2058.998345320571,1891.581690856538,2058.998345320571,0.0,0.0,1891.5816908565378,2058.998345320571,1891.5816908565378,2058.998345320571,13016200000.0,397738112.87,404557.0,0.0,0.0022880504685135,1963213.7710531517,1963213.7710531517,0.0,4.711092128679254,505895.75928217545,341783.7750413462,0.0009635128475294939,487.4370635790643,329.3130583294674
BHS,2020,6142.964402417633,1292.9430744242711,6142.964402417633,1292.9430744242711,0.0,0.0,6142.964402417633,1292.9430744242711,6142.964402417633,1292.9430744242711,9958200000.0,449764174.18,406471.0,0.0,0.0016018592633161,2260991.9551695543,2260991.9551695543,0.0,2.0711128407069164,563349.3285482804,384447.34187696414,0.002716933330245735,1530.5825673043782,1044.5177968699008
BHS,2021,248.01838478889098,2117.491735151974,248.01838478889098,2117.491735151974,0.0,0.0,248.01838478889098,2117.491735151974,248.01838478889098,2117.491735151974,11368900000.0,446201895.5,407906.0,0.0,-0.003290905645247,2591966.6485114046,2591966.6485114046,0.0,-6.968465504975496,648078.2463460602,446996.3310126248,9.568733645987718e-05,62.01288121044263,42.77188832193566
BIH,2016,939.8311184060635,102.07835279072408,939.8311184060636,102.07835279072408,0.0,0.0,939.8311184060635,102.07835279072408,939.8311184060635,102.07835279072408,17116926327.6247,1109106111.01,3480986.0,0.1,0.0299089164043789,1193038.0603271483,1193038.060327148,10.207835279072409,3.0530529203144643,325661.45965313714,328743.9549268799,0.0007877628968084626,256.5440148352276,258.9722902414696
BIH,2017,28.57237282754942,313.57079286053045,28.57237282754942,313.57079286053045,0.0,0.0,28.57237282754942,313.57079286053045,28.57237282754942,313.57079286053045,18326373366.1105,1133240061.0,3440027.0,0.1,0.0610550247464794,1427249.2266818217,1427249.2266818217,31.357079286053047,19.14507251787285,386814.5228140491,314052.90791767876,2.0019189566475828e-05,7.743713259280337,6.287084697506988
BIH,2018,132.2522321791398,471.5992793668072,132.2522321791398,471.59927936680725,0.0,0.0,132.2522321791398,471.5992793668072,132.2522321791398,471.5992793668072,20484053868.9246,1253846828.15,3400129.0,0.1,0.0518110228801418,1847459.9911298328,1847459.991129833,47.15992793668073,24.434041053532034,483994.2246193179,377437.9554171189,7.158597902748607e-05,34.64720041302288,27.019265560667098
BIH,2019,108.71499910740751,226.255733840151,108.71499910740752,226.255733840151,0.0,0.0,108.71499910740751,226.255733840151,108.71499910740751,226.255733840151,20482608755.379,1256377881.8200004,3360711.0,0.1,0.0528998409189006,1963213.7710531517,1963213.7710531517,22.6255733840151,11.968892327133103,505895.75928217545,341783.7750413462,5.537603734772508e-05,28.014502460065483,18.926631091536052
BIH,2020,920.8051033382438,162.87805354868485,920.8051033382438,162.87805354868485,0.0,0.0,920.8051033382438,162.87805354868485,920.8051033382438,162.87805354868485,20226036564.4129,1365947957.1799998,3318407.0,0.1,0.0517698572180163,2260991.9551695543,2260991.9551695543,16.287805354868485,8.432173576163828,563349.3285482804,384447.34187696414,0.0004072571338579538,229.42803290537543,156.56892257212132
BIH,2021,1945.9057560461238,416.9031995004404,1945.9057560461238,416.9031995004404,0.0,0.0,1945.9057560461238,416.9031995004404,1945.9057560461238,416.9031995004404,23672712242.2149,1544962123.72,3270943.0,0.1,0.0625670745796095,2591966.6485114046,2591966.6485114046,41.69031995004404,26.084413575621873,648078.2463460602,446996.3310126248,0.000750744905287913,486.5414416722297,335.5802181901176
BLR,2016,0.0,118.6002265902955,0.0,118.6002265902955,0.0,0.0,0.0,118.6002265902955,0.0,118.6002265902955,47723545321.259,2001042570.72,9469379.0,0.18,0.2038111494822799,1193038.0603271483,1193038.060327148,21.34804078625319,24.172048510226986,325661.45965313714,328743.9549268799,0.0,0.0,0.0
BLR,2017,0.0,434.346725941873,0.0,434.34672594187293,0.0,0.0,0.0,434.346725941873,0.0,434.346725941873,54725302249.8088,2178366755.18,9458989.0,0.18,0.2022096693087341,1427249.2266818217,1427249.2266818217,78.18241066953712,87.82910781803749,386814.5228140491,314052.90791767876,0.0,0.0,0.0
BLR,2018,0.0,230.35751051110407,0.0,230.35751051110407,0.0,0.0,0.0,230.35751051110407,0.0,230.35751051110407,60031173807.7196,2341224970.5499997,9438785.0,0.18,0.1841244143344963,1847459.9911298328,1847459.991129833,41.46435189199873,42.41444171040961,483994.2246193179,377437.9554171189,0.0,0.0,0.0
BLR,2019,0.0,303.508366214789,0.0,303.508366214789,0.0,0.0,0.0,303.508366214789,0.0,303.508366214789,64410122847.3508,2657069509.51,9419758.0,0.18,0.207705468951284,1963213.7710531517,1963213.7710531517,54.63150591866202,63.040347535280794,505895.75928217545,341783.7750413462,0.0,0.0,0.0
BLR,2020,0.0,249.11774311170797,0.0,249.11774311170797,0.0,0.0,0.0,249.11774311170797,0.0,249.11774311170797,61371755326.2351,2786792506.9700003,9379952.0,0.18,0.2107610092834089,2260991.9551695543,2260991.9551695543,44.84119376010743,52.504306968628555,563349.3285482804,384447.34187696414,0.0,0.0,0.0
BLR,2021,0.0,372.41477719684593,0.0,372.41477719684593,0.0,0.0,0.0,372.41477719684593,0.0,372.41477719684593,69673747131.87,3323935084.8900003,9302585.0,0.18,0.2102804317151451,2591966.6485114046,2591966.6485114046,67.03465989543227,78.31154012605234,648078.2463460602,446996.3310126248,0.0,0.0,0.0
BLZ,2016,0.0,20.469981668843317,0.0,20.469981668843317,0.0,0.0,0.0,20.469981668843317,0.0,20.469981668843317,2240593542.9757,75049784.00000001,367313.0,0.25,0.4386444782223862,1193038.0603271483,1193038.060327148,5.117495417210829,8.979044428351587,325661.45965313714,328743.9549268799,0.0,0.0,0.0
BLZ,2017,0.0,36.81407503511707,0.0,36.81407503511707,0.0,0.0,0.0,36.81407503511707,0.0,36.81407503511707,2266664817.08822,72888506.25,374693.0,0.25,0.4210436954613511,1427249.2266818217,1427249.2266818217,9.203518758779268,15.50033419777716,386814.5228140491,314052.90791767876,0.0,0.0,0.0
BLZ,2018,0.0,51.94344602218598,0.0,51.94344602218598,0.0,0.0,0.0,51.94344602218598,0.0,51.94344602218598,2292787335.62452,75151616.33,382066.0,0.25,0.4210436954613511,1847459.9911298328,1847459.991129833,12.985861505546495,21.870460468178404,483994.2246193179,377437.9554171189,0.0,0.0,0.0
BLZ,2019,0.0,98.57539414918625,0.0,98.57539414918625,0.0,0.0,0.0,98.57539414918625,0.0,98.57539414918625,2386792476.10637,79527141.5,389095.0,0.25,0.421043474640737,1963213.7710531517,1963213.7710531517,24.643848537296563,41.50452646665356,505895.75928217545,341783.7750413462,0.0,0.0,0.0
BLZ,2020,0.0,17.14752465471666,0.0,17.14752465471666,0.0,0.0,0.0,17.14752465471666,0.0,17.14752465471666,2047727810.06777,77951133.0,394921.0,0.0,0.4476869049163801,2260991.9551695543,2260991.9551695543,0.0,7.67672223964742,563349.3285482804,384447.34187696414,0.0,0.0,0.0
BLZ,2021,0.0,279.7487779168853,0.0,279.7487779168853,0.0,0.0,0.0,279.7487779168853,0.0,279.7487779168853,2424575179.3783,85384192.75,400031.0,0.0,0.0869804655754959,2591966.6485114046,2591966.6485114046,0.0,24.332678947386686,648078.2463460602,446996.3310126248,0.0,0.0,0.0
BMU,2016,80741.8147961286,865.6207265690535,80741.8147961286,865.6207265690534,0.0,0.0,80741.8147961286,865.6207265690535,80741.8147961286,865.6207265690535,6899911000.0,,64554.0,0.0,0.0111965795462508,1193038.0603271483,1193038.060327148,0.0,9.69199132191382,325661.45965313714,328743.9549268799,0.06767748446683086,22039.948377120654,22248.56390312846
BMU,2017,125332.92866816615,536.5192841554849,125332.92866816613,536.5192841554849,0.0,0.0,125332.92866816615,536.5192841554849,125332.92866816615,536.5192841554849,7142316000.0,,63873.0,0.0,0.0147338167782721,1427249.2266818217,1427249.2266818217,0.0,7.9049768307566195,386814.5228140491,314052.90791767876,0.08781432585502233,33967.85655184788,27578.344391600363
BMU,2018,279611.6845050967,484.00780886623073,279611.6845050967,484.0078088662307,0.0,0.0,279611.6845050967,484.00780886623073,279611.6845050967,484.00780886623073,7225977000.0,,63918.0,0.0,0.0133368497161392,1847459.9911298328,1847459.991129833,0.0,6.455139408286745,483994.2246193179,377437.9554171189,0.15134925023956666,73252.16301641418,57124.951564335934
BMU,2019,315846.22512265184,598.1553848480114,315846.22512265184,598.1553848480114,0.0,0.0,315846.22512265184,598.1553848480114,315846.22512265184,598.1553848480114,7423465000.0,,63911.0,0.0,0.0124784297680656,1963213.7710531517,1963213.7710531517,0.0,7.4640399602161605,505895.75928217545,341783.7750413462,0.16088223798125584,81389.64193854306,54986.93863433387
BMU,2020,132744.34759002583,3620.8786987153885,132744.34759002583,3620.8786987153885,0.0,0.0,132744.34759002583,3620.8786987153885,132744.34759002583,3620.8786987153885,6887147000.0,,63893.0,0.0,0.0127337049758035,2260991.9551695543,2260991.9551695543,0.0,46.10720110261305,563349.3285482804,384447.34187696414,0.058710667805127674,33074.61528663982,22571.160177502792
BMU,2021,179474.1684008189,16722.686123302585,179474.1684008189,16722.686123302585,0.0,0.0,179474.1684008189,16722.686123302585,179474.1684008189,16722.686123302585,7286607000.0,,63764.0,0.0,0.0141714040538857,2591966.6485114046,2591966.6485114046,0.0,236.9839419196284,648078.2463460602,446996.3310126248,0.06924246826396972,44874.53740518622,30951.129264252577
BOL,2016,0.0,301.41033821735914,0.0,301.41033821735914,0.0,0.0,0.0,301.41033821735914,0.0,301.41033821735914,33941126193.9219,1503402986.11,11263015.0,0.25,-0.0283953210675186,1193038.0603271483,1193038.060327148,75.35258455433978,-8.558643326751284,325661.45965313714,328743.9549268799,0.0,0.0,0.0
BOL,2017,0.0,678.0931300441628,0.0,678.0931300441628,0.0,0.0,0.0,678.0931300441628,0.0,678.0931300441628,37508642170.767,1668229294.4499998,11435533.0,0.25,-0.0283953210675186,1427249.2266818217,1427249.2266818217,169.5232825110407,-19.254672141282644,386814.5228140491,314052.90791767876,0.0,0.0,0.0
BOL,2018,0.0,716.5825952528751,0.0,716.5825952528751,0.0,0.0,0.0,716.5825952528751,0.0,716.5825952528751,40287647930.5355,1933002914.0799997,11606905.0,0.25,-0.0283953210675186,1847459.9911298328,1847459.991129833,179.14564881321877,-20.34759286360112,483994.2246193179,377437.9554171189,0.0,0.0,0.0
BOL,2019,0.0,917.733559353528,0.0,917.7335593535279,0.0,0.0,0.0,917.733559353528,0.0,917.733559353528,40895322850.9407,2002489989.9999995,11777315.0,0.25,-0.0283953210675186,1963213.7710531517,1963213.7710531517,229.43338983838197,-26.05933907228006,505895.75928217545,341783.7750413462,0.0,0.0,0.0
BOL,2020,0.0,690.9298584672637,0.0,690.9298584672637,0.0,0.0,0.0,690.9298584672637,0.0,690.9298584672637,36629843806.0781,2125403138.9700005,11936162.0,0.25,-0.0283953210675186,2260991.9551695543,2260991.9551695543,172.73246461681592,-19.619175166313138,563349.3285482804,384447.34187696414,0.0,0.0,0.0
BOL,2021,0.0,403.46025132164647,0.0,403.46025132164647,0.0,0.0,0.0,403.46025132164647,0.0,403.46025132164647,40406111693.1983,2376901376.68,12079472.0,0.25,-0.0283953210675186,2591966.6485114046,2591966.6485114046,100.86506283041162,-11.456383374259897,648078.2463460602,446996.3310126248,0.0,0.0,0.0
BRA,2016,0.0,25041.404311760485,0.0,25041.404311760485,0.0,0.0,0.0,25041.404311760485,0.0,25041.404311760485,1795693482652.52,70901817239.64,206859578.0,0.34,0.2161958625087746,1193038.0603271483,1193038.060327148,8514.077465998565,5413.848003612005,325661.45965313714,328743.9549268799,0.0,0.0,0.0
BRA,2017,0.0,26953.96932427339,0.0,26953.96932427339,0.0,0.0,0.0,26953.96932427339,0.0,26953.96932427339,2063514977334.32,81573764736.43,208504960.0,0.34,0.1843847700248519,1427249.2266818217,1427249.2266818217,9164.349570252953,4969.901435113062,386814.5228140491,314052.90791767876,0.0,0.0,0.0
BRA,2018,0.0,36472.69228551544,0.0,36472.69228551544,0.0,0.0,0.0,36472.69228551544,0.0,36472.69228551544,1916933898038.36,74554118525.5,210166592.0,0.34,0.1866822480915857,1847459.9911298328,1847459.991129833,12400.71537707525,6808.804189812658,483994.2246193179,377437.9554171189,0.0,0.0,0.0
BRA,2019,0.0,27188.85560585699,0.0,27188.85560585699,0.0,0.0,0.0,27188.85560585699,0.0,27188.85560585699,1873288205186.45,73377051360.95,211782878.0,0.34,0.1558694766530318,1963213.7710531517,1963213.7710531517,9244.210905991376,4237.912694079779,505895.75928217545,341783.7750413462,0.0,0.0,0.0
BRA,2020,0.0,17568.201489124036,0.0,17568.201489124036,0.0,0.0,0.0,17568.201489124036,0.0,17568.201489124036,1476107231194.11,66853558942.63001,213196304.0,0.34,0.1521434608534556,2260991.9551695543,2260991.9551695543,5973.188506302173,2672.886975526163,563349.3285482804,384447.34187696414,0.0,0.0,0.0
BRA,2021,0.0,31548.751621706193,0.0,31548.75162170619,0.0,0.0,0.0,31548.751621706193,0.0,31548.751621706193,1670647399034.67,74306913856.19,214326223.0,0.34,0.1387602504725475,2591966.6485114046,2591966.6485114046,10726.575551380105,4377.71267712414,648078.2463460602,446996.3310126248,0.0,0.0,0.0
BRB,2016,1880.2274408828544,9.98854545704016,1880.2274408828544,9.98854545704016,0.0,0.0,1880.2274408828544,9.98854545704016,1880.2274408828544,9.98854545704016,4848210350.0,152040215.69000003,278649.0,0.25,0.0107643925240991,1193038.0603271483,1193038.060327148,2.49713636426004,0.10752062404438714,325661.45965313714,328743.9549268799,0.0015759995455360987,513.2423124119667,518.1003235625025
BRB,2017,5423.52474032444,3796.6403921823544,5423.52474032444,3796.640392182354,0.0,0.0,5423.52474032444,3796.6403921823544,5423.52474032444,3796.6403921823544,5000457800.0,149201321.85999995,279187.0,0.25,0.0157199413189752,1427249.2266818217,1427249.2266818217,949.1600980455885,59.6829641743576,386814.5228140491,314052.90791767876,0.003799984360778717,1469.8891372154687,1193.3961385442578
BRB,2018,4863.729744849235,3497.6129475965104,4863.729744849235,3497.612947596511,0.0,0.0,4863.729744849235,3497.6129475965104,4863.729744849235,3497.6129475965104,5128345200.0,149318865.90999997,279688.0,0.25,0.0157571873629234,1847459.9911298328,1847459.991129833,874.4032368991277,55.112542538265,483994.2246193179,377437.9554171189,0.0026326576857963633,1274.1911153250987,993.6649342401432
BRB,2019,34337.27798520803,6392.806829804117,34337.27798520803,6392.806829804117,0.0,0.0,34337.27798520803,6392.806829804117,34337.27798520803,6392.806829804117,5367139250.0,147422918.88000005,280180.0,0.055,0.0165316000500266,1963213.7710531517,1963213.7710531517,351.6043756392264,105.68332570740014,505895.75928217545,341783.7750413462,0.017490340833738165,8848.289256188007,5977.914716914836
BRB,2020,16320.099223893396,498.579087429532,16320.099223893394,498.579087429532,0.0,0.0,16320.099223893396,498.579087429532,16320.099223893396,498.579087429532,4779756550.0,171701405.35,280693.0,0.055,0.0165374790178836,2260991.9551695543,2260991.9551695543,27.421849808624263,8.24524119712144,563349.3285482804,384447.34187696414,0.007218114680407844,4066.3200585922445,2774.985002245888
BRB,2021,15159.682497919825,979.3689477373339,15159.682497919825,979.3689477373339,0.0,0.0,15159.682497919825,979.3689477373339,15159.682497919825,979.3689477373339,4945276000.0,213177879.35999995,281200.0,0.055,0.0179842185463378,2591966.6485114046,2591966.6485114046,53.86529212555337,17.613185193605098,648078.2463460602,446996.3310126248,0.0058487181949760806,3790.4270311723926,2614.3555742810895
BRN,2016,0.26584919412471486,77.722215040088,0.26584919412471486,77.722215040088,0.0,0.0,0.26584919412471486,77.722215040088,0.26584919412471486,77.722215040088,11400466356.3898,276049428.34,425994.0,0.185,0.0957844430240283,1193038.0603271483,1193038.060327148,14.37860978241628,7.444579078208585,325661.45965313714,328743.9549268799,2.2283379128056919e-07,0.07256837772847266,0.0732552618369252
BRN,2017,29.75019014526814,266.69747769226325,29.750190145268142,266.69747769226325,0.0,0.0,29.75019014526814,266.69747769226325,29.75019014526814,266.69747769226325,12128183904.4501,260442456.84000003,430276.0,0.185,0.0744327649329508,1427249.2266818217,1427249.2266818217,49.3390333730687,19.85103066527912,386814.5228140491,314052.90791767876,2.0844425478816803e-05,8.062926494921529,6.546252435495771
BRN,2018,424.32440234847365,1534.7204631561654,424.32440234847365,1534.7204631561654,0.0,0.0,424.32440234847365,1534.7204631561654,424.32440234847365,1534.7204631561654,13566937673.7966,311456905.15,434274.0,0.185,0.0486581274851026,1847459.9911298328,1847459.991129833,283.9232856838906,74.6766239502484,483994.2246193179,377437.9554171189,0.00022967988718877413,111.16373891058315,86.68990702096544
BRN,2019,99.7552300559032,249.3383197722043,99.7552300559032,249.3383197722043,0.0,0.0,99.7552300559032,249.3383197722043,99.7552300559032,249.3383197722043,13469235364.7032,279002233.4199999,438048.0,0.185,0.047861947130652,1963213.7710531517,1963213.7710531517,46.1275891578578,11.933817478582844,505895.75928217545,341783.7750413462,5.081220981981511e-05,25.705681467600577,17.36678889040937
BRN,2020,152.42087926066964,347.1332799692841,152.42087926066964,347.1332799692841,0.0,0.0,152.42087926066964,347.1332799692841,152.42087926066964,347.1332799692841,12005799653.9835,270347960.29,441725.0,0.185,0.0497734492675151,2260991.9551695543,2260991.9551695543,64.21965679431756,17.278020699617276,563349.3285482804,384447.34187696414,6.741327801373775e-05,37.97722490427772,25.916855539594266
BRN,2021,866.8684495283911,222.82545965884495,866.8684495283911,222.82545965884498,0.0,0.0,866.8684495283911,222.82545965884495,866.8684495283911,222.82545965884495,14006496617.4458,287987788.25,445373.0,0.185,0.0386350822315263,2591966.6485114046,2591966.6485114046,41.22271003688632,8.608879957197122,648078.2463460602,446996.3310126248,0.00033444429156765705,216.74606997961763,149.49537125885922
BTN,2016,0.0,-0.0,0.0,0.0,0.0,0.0,0.0,0.0,0.0,-0.0,,,,,,1193038.0603271483,1193038.060327148,,,325661.45965313714,328743.9549268799,0.0,0.0,0.0
BTN,2017,0.0,60.15049297678861,0.0,60.15049297678861,0.0,0.0,0.0,60.15049297678861,0.0,60.15049297678861,2591358115.15844,58255591.96,756121.0,0.3,0.1837106713569214,1427249.2266818217,1427249.2266818217,18.04514789303658,11.050287447215622,386814.5228140491,314052.90791767876,0.0,0.0,0.0
BTN,2018,0.0,12.721703882931621,0.0,12.721703882931621,0.0,0.0,0.0,12.721703882931621,0.0,12.721703882931621,2583335723.32125,61654613.19,762096.0,0.3,0.1837106713569214,1847459.9911298328,1847459.991129833,3.8165111648794863,2.337112761137322,483994.2246193179,377437.9554171189,0.0,0.0,0.0
BTN,2019,0.0,-0.0,0.0,0.0,0.0,0.0,0.0,0.0,0.0,-0.0,,,,,,1963213.7710531517,1963213.7710531517,,,505895.75928217545,341783.7750413462,0.0,0.0,0.0
BTN,2020,0.0,-0.0,0.0,0.0,0.0,0.0,0.0,0.0,0.0,-0.0,,,,,,2260991.9551695543,2260991.9551695543,,,563349.3285482804,384447.34187696414,0.0,0.0,0.0
BTN,2021,0.0,136.74420458233027,0.0,136.74420458233027,0.0,0.0,0.0,136.74420458233027,0.0,136.74420458233027,2768802803.18141,53773669.88999999,777486.0,0.25,0.2700652444507476,2591966.6485114046,2591966.6485114046,34.18605114558257,36.92985703775006,648078.2463460602,446996.3310126248,0.0,0.0,0.0
BWA,2016,131.2724439190567,83.50639461686697,131.2724439190567,83.50639461686697,0.0,0.0,131.2724439190567,83.50639461686697,131.2724439190567,83.50639461686697,15082637184.0496,578760158.8800001,2352416.0,0.22,0.186843735564463,1193038.0603271483,1193038.060327148,18.371406815710735,15.602646713735588,325661.45965313714,328743.9549268799,0.00011003206711029815,35.83320358379164,36.17237691061928
BWA,2017,0.0,185.11394145833566,0.0,185.11394145833566,0.0,0.0,0.0,185.11394145833566,0.0,185.11394145833566,16105155856.7708,807857178.1099999,2401840.0,0.22,0.1767265241737242,1427249.2266818217,1427249.2266818217,40.72506712083385,32.71454345002992,386814.5228140491,314052.90791767876,0.0,0.0,0.0
BWA,2018,0.0,711.5198748388946,0.0,711.5198748388946,0.0,0.0,0.0,711.5198748388946,0.0,711.5198748388946,17031943186.1353,705552395.2699999,2451409.0,0.22,0.1810655472505273,1847459.9911298328,1847459.991129833,156.5343724645568,128.8317355173311,483994.2246193179,377437.9554171189,0.0,0.0,0.0
BWA,2019,0.0,733.8402953535591,0.0,733.8402953535591,0.0,0.0,0.0,733.8402953535591,0.0,733.8402953535591,16725908148.5481,730106415.4100002,2499702.0,0.22,0.1968228149532117,1963213.7710531517,1963213.7710531517,161.444864977783,144.43651265758376,505895.75928217545,341783.7750413462,0.0,0.0,0.0
BWA,2020,0.0,135.37928547858073,0.0,135.37928547858073,0.0,0.0,0.0,135.37928547858073,0.0,135.37928547858073,14960291105.9316,670350487.92,2546402.0,0.22,0.1927830778431362,2260991.9551695543,2260991.9551695543,29.78344280528776,26.098835330765386,563349.3285482804,384447.34187696414,0.0,0.0,0.0
BWA,2021,0.0,3935.82523651294,0.0,3935.82523651294,0.0,0.0,0.0,3935.82523651294,0.0,3935.82523651294,18750946600.1423,905314655.81,2588423.0,0.22,0.1863780148284791,2591966.6485114046,2591966.6485114046,865.8815520328468,733.551294293111,648078.2463460602,446996.3310126248,0.0,0.0,0.0
CAF,2016,0.0,71.09564141712082,0.0,71.09564141712082,0.0,0.0,0.0,71.09564141712082,0.0,71.09564141712082,1825018144.65595,10941609.750000002,4904177.0,0.3,0.3596602863227537,1193038.0603271483,1193038.060327148,21.328692425136243,25.5702787483815,325661.45965313714,328743.9549268799,0.0,0.0,0.0
CAF,2017,0.0,86.39131835055845,0.0,86.39131835055845,0.0,0.0,0.0,86.39131835055845,0.0,86.39131835055845,2072349972.6818,15103700.319999998,4996741.0,0.3,0.3115804831835181,1427249.2266818217,1427249.2266818217,25.917395505167534,26.917848714528137,386814.5228140491,314052.90791767876,0.0,0.0,0.0
CAF,2018,0.0,34.146496466804756,0.0,34.146496466804756,0.0,0.0,0.0,34.146496466804756,0.0,34.146496466804756,2220979146.11241,15689574.85,5094780.0,0.3,0.2952278868622943,1847459.9911298328,1847459.991129833,10.243948940041426,10.080997995645566,483994.2246193179,377437.9554171189,0.0,0.0,0.0
CAF,2019,0.0,312.8901405975508,0.0,312.8901405975508,0.0,0.0,0.0,312.8901405975508,0.0,312.8901405975508,2221301351.43918,18658234.44,5209324.0,0.3,0.290245487934627,1963213.7710531517,1963213.7710531517,93.86704217926523,90.81495152767017,505895.75928217545,341783.7750413462,0.0,0.0,0.0
CAF,2020,0.0,3250.1293415673717,0.0,3250.1293415673717,0.0,0.0,0.0,3250.1293415673717,0.0,3250.1293415673717,2326720900.38047,29133481.43,5343020.0,0.3,0.2754995545341471,2260991.9551695543,2260991.9551695543,975.0388024702115,895.4091857801717,563349.3285482804,384447.34187696414,0.0,0.0,0.0
CAF,2021,0.0,3698.6343375916263,0.0,3698.6343375916267,0.0,0.0,0.0,3698.6343375916263,0.0,3698.6343375916263,2516498412.46384,32657095.409999996,5457154.0,0.3,0.26929527463635,2591966.6485114046,2591966.6485114046,1109.590301277488,996.0247497211716,648078.2463460602,446996.3310126248,0.0,0.0,0.0
CAN,2016,1190.1520736124326,52870.505451037585,1190.1520736124326,52870.505451037585,0.0,0.0,1190.1520736124326,52870.505451037585,1190.1520736124326,52870.505451037585,1527994741907.43,117728819690.8,36110803.0,0.267,0.1069641170993803,1193038.0603271483,1193038.060327148,14116.424955427035,5655.246936168209,325661.45965313714,328743.9549268799,0.0009975809768265696,324.87367703554304,327.9487156817866
CAN,2017,9289.690415040668,18592.558008019994,9289.690415040668,18592.558008019994,0.0,0.0,9289.690415040668,18592.558008019994,9289.690415040668,18592.558008019994,1649265644244.09,125220527984.45,36545075.0,0.2664999999999999,0.0999599834038434,1427249.2266818217,1427249.2266818217,4954.9167091373265,1858.5117899166744,386814.5228140491,314052.90791767876,0.006508807460795093,2517.7012520359767,2044.1099101389818
CAN,2018,16632.82717512611,34482.14374079041,16632.82717512611,34482.14374079041,0.0,0.0,16632.82717512611,34482.14374079041,16632.82717512611,34482.14374079041,1725329192783.02,131113131027.66002,37072620.0,0.2678,0.1050819181263424,1847459.9911298328,1847459.991129833,9234.318093783671,3623.449805390508,483994.2246193179,377437.9554171189,0.009003078418469097,4357.437958333866,3398.1035107269645
CAN,2019,11767.234509223445,26600.104865196845,11767.234509223445,26600.10486519685,0.0,0.0,11767.234509223445,26600.104865196845,11767.234509223445,26600.104865196845,1743725183672.52,133435813553.74998,37618495.0,0.2662,0.0832667814975033,1963213.7710531517,1963213.7710531517,7080.947915115401,2214.9051196210203,505895.75928217545,341783.7750413462,0.0059938630640875125,3032.269905839939,2048.6051451247204
CAN,2020,20282.613676460016,57059.29934629081,20282.613676460016,57059.299346290805,0.0,0.0,20282.613676460016,57059.29934629081,20282.613676460016,57059.29934629081,1655684730000.19,158275411397.29,38028638.0,0.2625,0.0822493720394735,2260991.9551695543,2260991.9551695543,14978.066078401336,4693.091540244759,563349.3285482804,384447.34187696414,0.00897067043077515,5053.6211638050945,3448.750401965787
CAN,2021,184621.24847561974,41972.68651254882,184621.24847561974,41972.68651254882,0.0,0.0,184621.24847561974,41972.68651254882,184621.24847561974,41972.68651254882,2007472181464.15,180012553340.75,38239864.0,0.2617,0.0712514012101655,2591966.6485114046,2591966.6485114046,10984.252060334025,2990.612726574118,648078.2463460602,446996.3310126248,0.07122825001689345,46161.47936124704,31838.766422001303
CHE,2016,59632.36982738969,16342.890605443803,59632.369827389695,16342.890605443803,0.0,0.0,59632.36982738969,16342.890605443803,59632.36982738969,16342.890605443803,687895460902.713,25394432074.89,8373338.0,0.21148581,0.0879305001908253,1193038.0603271483,1193038.060327148,3456.289457433673,1437.0385455006133,325661.45965313714,328743.9549268799,0.049983627354719624,16277.741043096466,16431.81533818191
CHE,2017,52199.93543191093,12008.440552308111,52199.93543191093,12008.440552308111,0.0,0.0,52199.93543191093,12008.440552308111,52199.93543191093,12008.440552308111,695200833086.499,25988426350.34,8451840.0,0.21148581,0.0804358910762412,1427249.2266818217,1427249.2266818217,2539.6147770417283,965.909616260973,386814.5228140491,314052.90791767876,0.03657380537053738,14147.279071898323,11486.10993023248
CHE,2018,31960.665737672392,14754.529789898155,31960.665737672396,14754.529789898155,0.0,0.0,31960.665737672392,14754.529789898155,31960.665737672392,14754.529789898155,725568717468.001,26726529652.08,8514329.0,0.21148581,0.0743567204221626,1847459.9911298328,1847459.991129833,3120.373683785741,1097.0984465479266,483994.2246193179,377437.9554171189,0.017299787757853704,8372.997361941172,6529.596520474406
CHE,2019,51847.45446681637,5318.766231900031,51847.45446681637,5318.766231900031,0.0,0.0,51847.45446681637,5318.766231900031,51847.45446681637,5318.766231900031,721369112726.724,26866282980.24,8575280.0,0.21148581,0.0752832402577338,1963213.7710531517,1963213.7710531517,1124.8435847540259,400.4139561108515,505895.75928217545,341783.7750413462,0.026409479818900815,13360.443845230116,9026.331709382168
CHE,2020,156161.12185824517,3353.882503405734,156161.12185824517,3353.8825034057345,0.0,0.0,156161.12185824517,3353.882503405734,156161.12185824517,3353.882503405734,741999406005.627,31168079083.5,8638167.0,0.21148581,0.0756045436573586,2260991.9551695543,2260991.9551695543,709.2985578775895,253.56875615039,563349.3285482804,384447.34187696414,0.06906752653462425,38909.14469777111,26552.82698625298
CHE,2021,46996.59568401111,23602.304931476636,46996.59568401111,23602.304931476636,0.0,0.0,46996.59568401111,23602.304931476636,46996.59568401111,23602.304931476636,813408787222.499,34216018142.750008,8704546.0,0.19698516,0.0690681294561447,2591966.6485114046,2591966.6485114046,4649.303813295714,1630.1670524706308,648078.2463460602,446996.3310126248,0.01813163595719944,11750.718834526982,8104.774748124732
CHL,2016,0.0,1773.812940072478,0.0,1773.812940072478,0.0,0.0,0.0,1773.812940072478,0.0,1773.812940072478,249344863933.461,10593022184.2,18083879.0,0.24,0.1567827891839702,1193038.0603271483,1193038.060327148,425.7151056173947,278.1033402351817,325661.45965313714,328743.9549268799,0.0,0.0,0.0
CHL,2017,0.0,3856.5499732332246,0.0,3856.5499732332246,0.0,0.0,0.0,3856.5499732332246,0.0,3856.5499732332246,276154259987.103,12661863958.080002,18368577.0,0.255,0.1802343313143409,1427249.2266818217,1427249.2266818217,983.4202431744723,695.0827056060295,386814.5228140491,314052.90791767876,0.0,0.0,0.0
CHL,2018,0.0,6163.812608561405,0.0,6163.812608561405,0.0,0.0,0.0,6163.812608561405,0.0,6163.812608561405,295857562991.709,13850509208.73,18701450.0,0.27,0.1807110518587791,1847459.9911298328,1847459.991129833,1664.2294043115794,1113.8690599535364,483994.2246193179,377437.9554171189,0.0,0.0,0.0
CHL,2019,0.0,11745.350277391546,0.0,11745.350277391546,0.0,0.0,0.0,11745.350277391546,0.0,11745.350277391546,278285058719.466,13276286433.119995,19039485.0,0.27,0.188275425200499,1963213.7710531517,1963213.7710531517,3171.2445748957175,2211.3608176046923,505895.75928217545,341783.7750413462,0.0,0.0,0.0
CHL,2020,0.0,6071.267175611036,0.0,6071.267175611036,0.0,0.0,0.0,6071.267175611036,0.0,6071.267175611036,254042159309.311,13912681930.98,19300315.0,0.27,0.193978248146879,2260991.9551695543,2260991.9551695543,1639.2421374149799,1177.6937707566788,563349.3285482804,384447.34187696414,0.0,0.0,0.0
CHL,2021,0.0,46841.22994763663,0.0,46841.22994763663,0.0,0.0,0.0,46841.22994763663,0.0,46841.22994763663,315515014838.539,16460101109.63,19493184.0,0.27,0.2023474872974232,2591966.6485114046,2591966.6485114046,12647.132085861891,9478.205181825082,648078.2463460602,446996.3310126248,0.0,0.0,0.0
CHN,2016,0.0,64656.200860576966,0.0,64656.20086057696,0.0,0.0,0.0,64656.200860576966,0.0,64656.200860576966,11233313730348.7,324820989361.07996,1387790000.0,0.25,0.1752069595428447,1193038.0603271483,1193038.060327148,16164.05021514424,11328.216368373149,325661.45965313714,328743.9549268799,0.0,0.0,0.0
CHN,2017,0.0,36964.2305766887,0.0,36964.2305766887,0.0,0.0,0.0,36964.2305766887,0.0,36964.2305766887,12310491333980.9,352140640747.81995,1396215000.0,0.25,0.1716362229536316,1427249.2266818217,1427249.2266818217,9241.057644172175,6344.400920569988,386814.5228140491,314052.90791767876,0.0,0.0,0.0
CHN,2018,0.0,63543.47459214227,0.0,63543.47459214227,0.0,0.0,0.0,63543.47459214227,0.0,63543.47459214227,13894907857880.6,403567140430.93,1402760000.0,0.25,0.173647434189115,1847459.9911298328,1847459.991129833,15885.868648035568,11034.161322386726,483994.2246193179,377437.9554171189,0.0,0.0,0.0
CHN,2019,0.0,145683.00479646088,0.0,145683.00479646088,0.0,0.0,0.0,145683.00479646088,0.0,145683.00479646088,14279968506271.7,429507867439.62,1407745000.0,0.25,0.1747691216282629,1963213.7710531517,1963213.7710531517,36420.75119911522,25460.89078444348,505895.75928217545,341783.7750413462,0.0,0.0,0.0
CHN,2020,0.0,98268.83506641774,0.0,98268.83506641774,0.0,0.0,0.0,98268.83506641774,0.0,98268.83506641774,14687744162801.0,454947261759.62,1411100000.0,0.25,0.1758880598008596,2260991.9551695543,2260991.9551695543,24567.208766604435,17284.314738722893,563349.3285482804,384447.34187696414,0.0,0.0,0.0
CHN,2021,0.0,249858.65347166345,0.0,249858.65347166345,0.0,0.0,0.0,249858.65347166345,0.0,249858.65347166345,17820459508852.2,516936934734.95,1412360000.0,0.25,0.1733499799777347,2591966.6485114046,2591966.6485114046,62464.66336791586,43312.99257657661,648078.2463460602,446996.3310126248,0.0,0.0,0.0
CIV,2016,0.0,257.13011529899705,0.0,257.13011529899705,0.0,0.0,0.0,257.13011529899705,0.0,257.13011529899705,48407761036.8238,412928267.3899999,24213622.0,0.25,0.2777989527513236,1193038.0603271483,1193038.060327148,64.28252882474926,71.43047675088847,325661.45965313714,328743.9549268799,0.0,0.0,0.0
CIV,2017,0.0,729.0201984653072,0.0,729.0201984653072,0.0,0.0,0.0,729.0201984653072,0.0,729.0201984653072,52512343996.69,489766954.87000006,24848016.0,0.25,0.2472331488553145,1427249.2266818217,1427249.2266818217,182.2550496163268,180.23795924570422,386814.5228140491,314052.90791767876,0.0,0.0,0.0
CIV,2018,0.0,896.473737426281,0.0,896.473737426281,0.0,0.0,0.0,896.473737426281,0.0,896.473737426281,58522477786.6889,525898163.7500001,25493988.0,0.25,0.2453072352840946,1847459.9911298328,1847459.991129833,224.11843435657025,219.91149403284035,483994.2246193179,377437.9554171189,0.0,0.0,0.0
CIV,2019,0.0,2458.4223319203716,0.0,2458.4223319203716,0.0,0.0,0.0,2458.4223319203716,0.0,2458.4223319203716,60382894697.3557,581662395.01,26147551.0,0.25,0.2437481788346822,1963213.7710531517,1963213.7710531517,614.6055829800929,599.2359662121031,505895.75928217545,341783.7750413462,0.0,0.0,0.0
CIV,2020,0.0,352.2848910573677,0.0,352.2848910573677,0.0,0.0,0.0,352.2848910573677,0.0,352.2848910573677,63027852805.4204,839424314.0099998,26811790.0,0.25,0.2386650817182417,2260991.9551695543,2260991.9551695543,88.07122276434193,84.07810231230853,563349.3285482804,384447.34187696414,0.0,0.0,0.0
CIV,2021,0.0,4038.4907926177416,0.0,4038.4907926177416,0.0,0.0,0.0,4038.4907926177416,0.0,4038.4907926177416,72794636653.7793,739174897.9599999,27478249.0,0.25,0.2413558739819136,2591966.6485114046,2591966.6485114046,1009.6226981544354,974.7134748201661,648078.2463460602,446996.3310126248,0.0,0.0,0.0
CMR,2016,0.0,294.32045548101974,0.0,294.32045548101974,0.0,0.0,0.0,294.32045548101974,0.0,294.32045548101974,33814337040.7817,123737043.10999998,23711630.0,0.33,0.3926815595888604,1193038.0603271483,1193038.060327148,97.12575030873651,115.57421547719059,325661.45965313714,328743.9549268799,0.0,0.0,0.0
CMR,2017,0.0,700.1209297062138,0.0,700.1209297062138,0.0,0.0,0.0,700.1209297062138,0.0,700.1209297062138,36098547058.7851,50974063.14,24393181.0,0.33,0.3680050932543548,1427249.2266818217,1427249.2266818217,231.03990680305057,257.6480680258608,386814.5228140491,314052.90791767876,0.0,0.0,0.0
CMR,2018,0.0,201.07633763903817,0.0,201.07633763903817,0.0,0.0,0.0,201.07633763903817,0.0,201.07633763903817,39955552189.795,140443190.27,25076747.0,0.33,0.3540632534838959,1847459.9911298328,1847459.991129833,66.3551914208826,71.1937423031042,483994.2246193179,377437.9554171189,0.0,0.0,0.0
CMR,2019,0.0,540.1698689462986,0.0,540.1698689462986,0.0,0.0,0.0,540.1698689462986,0.0,540.1698689462986,39667757527.6578,161410191.26,25782341.0,0.33,0.3384181280467933,1963213.7710531517,1963213.7710531517,178.25605675227854,182.80327587608804,505895.75928217545,341783.7750413462,0.0,0.0,0.0
CMR,2020,0.0,419.84685579442146,0.0,419.84685579442146,0.0,0.0,0.0,419.84685579442146,0.0,419.84685579442146,40773241177.0505,247582837.48,26491087.0,0.33,0.3300137900286871,2260991.9551695543,2260991.9551695543,138.5494624121591,138.55525211234468,563349.3285482804,384447.34187696414,0.0,0.0,0.0
CMR,2021,0.0,3798.3668919412203,0.0,3798.3668919412203,0.0,0.0,0.0,3798.3668919412203,0.0,3798.3668919412203,44993521774.066,219844710.2,27198628.0,0.33,0.3098248596681862,2591966.6485114046,2591966.6485114046,1253.4610743406026,1176.828489263973,648078.2463460602,446996.3310126248,0.0,0.0,0.0
COD,2016,55.486375178096885,280.4272378485653,55.486375178096885,280.4272378485653,0.0,0.0,55.486375178096885,280.4272378485653,55.486375178096885,280.4272378485653,37134801555.3322,204696205.43000004,81430977.0,0.28,0.2885254831814473,1193038.0603271483,1193038.060327148,78.51962659759829,80.91040429749594,325661.45965313714,328743.9549268799,4.6508470285417145e-05,15.146016319383502,15.289378459227308
COD,2017,0.0,1276.2267303341705,0.0,1276.2267303341705,0.0,0.0,0.0,1276.2267303341705,0.0,1276.2267303341705,38019264794.8263,157219965.87,84283273.0,0.28,0.2754865064566445,1427249.2266818217,1427249.2266818217,357.34348449356776,351.5832433863468,386814.5228140491,314052.90791767876,0.0,0.0,0.0
COD,2018,0.0,769.4768699807731,0.0,769.4768699807731,0.0,0.0,0.0,769.4768699807731,0.0,769.4768699807731,47568210009.8172,234769319.65999997,87087355.0,0.28,0.2799485327582386,1847459.9911298328,1847459.991129833,215.45352359461648,215.41392074251937,483994.2246193179,377437.9554171189,0.0,0.0,0.0
COD,2019,0.0,1459.733703465679,0.0,1459.733703465679,0.0,0.0,0.0,1459.733703465679,0.0,1459.733703465679,51775829877.2088,282406680.70000005,89906890.0,0.28,0.4273487082078888,1963213.7710531517,1963213.7710531517,408.72543697039015,623.8153125035752,505895.75928217545,341783.7750413462,0.0,0.0,0.0
COD,2020,0.0,2130.5196496115655,0.0,2130.5196496115655,0.0,0.0,0.0,2130.5196496115655,0.0,2130.5196496115655,48716961860.1325,316979629.94,92853164.0,0.28,0.431035641931007,2260991.9551695543,2260991.9551695543,596.5455018912384,918.3299048169453,563349.3285482804,384447.34187696414,0.0,0.0,0.0
COD,2021,0.0,4492.12411482148,0.0,4492.12411482148,0.0,0.0,0.0,4492.12411482148,0.0,4492.12411482148,55328482783.5393,358829479.9099999,95894118.0,0.28,0.4476869049163801,2591966.6485114046,2591966.6485114046,1257.7947521500146,2011.065141464662,648078.2463460602,446996.3310126248,0.0,0.0,0.0
COG,2016,0.0,548.3256105600088,0.0,548.3256105600088,0.0,0.0,0.0,548.3256105600088,0.0,548.3256105600088,10931328149.6857,122384970.17000002,5186824.0,0.3,0.2154724035317379,1193038.0603271483,1193038.060327148,164.49768316800265,118.1490372253728,325661.45965313714,328743.9549268799,0.0,0.0,0.0
COG,2017,0.0,256.8891258056015,0.0,256.8891258056015,0.0,0.0,0.0,256.8891258056015,0.0,256.8891258056015,11834473047.7636,107380660.62000003,5312340.0,0.3,0.14870030710814,1427249.2266818217,1427249.2266818217,77.06673774168046,38.19949190003456,386814.5228140491,314052.90791767876,0.0,0.0,0.0
COG,2018,0.0,416.3010494152402,0.0,416.30104941524024,0.0,0.0,0.0,416.3010494152402,0.0,416.3010494152402,14773900277.9221,91635661.36,5441062.0,0.3,0.40727135310927,1847459.9911298328,1847459.991129833,124.89031482457207,169.54749169615397,483994.2246193179,377437.9554171189,0.0,0.0,0.0
COG,2019,0.0,781.2370705408641,0.0,781.2370705408641,0.0,0.0,0.0,781.2370705408641,0.0,781.2370705408641,13976637328.8474,143854881.05999997,5570733.0,0.3,0.3735665808247518,1963213.7710531517,1963213.7710531517,234.37112116225921,291.84406125549606,505895.75928217545,341783.7750413462,0.0,0.0,0.0
COG,2020,0.0,1379.9323566303383,0.0,1379.9323566303383,0.0,0.0,0.0,1379.9323566303383,0.0,1379.9323566303383,11468688140.7225,198918624.61,5702174.0,0.3,0.4257875774438857,2260991.9551695543,2260991.9551695543,413.9797069891015,587.5580551660638,563349.3285482804,384447.34187696414,0.0,0.0,0.0
COG,2021,0.0,4351.1240887085305,0.0,4351.1240887085305,0.0,0.0,0.0,4351.1240887085305,0.0,4351.1240887085305,14825690210.0308,230167419.78,5835806.0,0.28,0.4382550095291732,2591966.6485114046,2591966.6485114046,1218.3147448383886,1906.901928959572,648078.2463460602,446996.3310126248,0.0,0.0,0.0
COK,2016,0.0,-0.0,0.0,0.0,0.0,0.0,0.0,0.0,0.0,-0.0,,,,,,1193038.0603271483,1193038.060327148,,,325661.45965313714,328743.9549268799,0.0,0.0,0.0
COK,2017,0.0,-0.0,0.0,0.0,0.0,0.0,0.0,0.0,0.0,-0.0,,,,,,1427249.2266818217,1427249.2266818217,,,386814.5228140491,314052.90791767876,0.0,0.0,0.0
COK,2018,2603.6964752608856,3728.754132212539,2603.6964752608856,3728.754132212539,0.0,0.0,2603.6964752608856,3728.754132212539,2603.6964752608856,3728.754132212539,262612530.00000003,8449278.410000002,15153.0,0.0,0.0011598168605636,1847459.9911298328,1847459.991129833,0.0,4.3246719114362975,483994.2246193179,377437.9554171189,0.0014093384905556566,682.111689962645,531.9378383659756
COK,2019,693.6588364226626,3599.5361306319073,693.6588364226626,3599.5361306319073,0.0,0.0,693.6588364226626,3599.5361306319073,693.6588364226626,3599.5361306319073,379894400.0,9088174.590000002,15216.0,0.2,0.0011598168605636,1963213.7710531517,1963213.7710531517,719.9072261263815,4.174802694514747,505895.75928217545,341783.7750413462,0.00035332822469483514,178.74725050781672,120.76185446485776
COK,2020,1608.4389697215481,2341.7321443040096,1608.4389697215481,2341.7321443040096,0.0,0.0,1608.4389697215481,2341.7321443040096,1608.4389697215481,2341.7321443040096,278453700.0,9463542.8,15281.0,0.2,0.0011598168605636,2260991.9551695543,2260991.9551695543,468.34642886080195,2.7159804238875433,563349.3285482804,384447.34187696414,0.0007113864187106006,400.75906131898273,273.49061772066347
COK,2021,53653.455300386806,186.1484911909876,53653.455300386806,186.1484911909876,0.0,0.0,53653.455300386806,186.1484911909876,53653.455300386806,186.1484911909876,247926320.0,11972897.159999998,15342.0,0.2,0.0054333042010864,2591966.6485114046,2591966.6485114046,37.22969823819752,1.0114013792138878,648078.2463460602,446996.3310126248,0.020699901879987763,13415.156109917983,9252.780192675864
COL,2016,0.0,3945.350485653367,0.0,3945.350485653367,0.0,0.0,0.0,3945.350485653367,0.0,3945.350485653367,282720100286.228,14974648899.42,47625955.0,0.4,0.3457262067227979,1193038.0603271483,1193038.060327148,1578.1401942613468,1364.011057596887,325661.45965313714,328743.9549268799,0.0,0.0,0.0
COL,2017,0.0,4306.658557803133,0.0,4306.658557803133,0.0,0.0,0.0,4306.658557803133,0.0,4306.658557803133,311866875156.879,17012281921.3,48351671.0,0.4,0.2500776831837115,1427249.2266818217,1427249.2266818217,1722.6634231212531,1076.9991943987116,386814.5228140491,314052.90791767876,0.0,0.0,0.0
COL,2018,0.0,6039.375616901825,0.0,6039.375616901825,0.0,0.0,0.0,6039.375616901825,0.0,6039.375616901825,334198218098.276,18250227214.92,49276961.0,0.37,0.2574883721893984,1847459.9911298328,1847459.991129833,2234.568978253675,1555.0689966363948,483994.2246193179,377437.9554171189,0.0,0.0,0.0
COL,2019,0.0,6262.362194784867,0.0,6262.362194784867,0.0,0.0,0.0,6262.362194784867,0.0,6262.362194784867,323031701192.84,17560211301.209995,50187406.0,0.33,0.2467668138722024,1963213.7710531517,1963213.7710531517,2066.5795242790064,1545.3431661207942,505895.75928217545,341783.7750413462,0.0,0.0,0.0
COL,2020,0.0,6554.9048221489575,0.0,6554.9048221489575,0.0,0.0,0.0,6554.9048221489575,0.0,6554.9048221489575,270348342541.465,16782277415.390003,50930662.0,0.32,0.2432691572348286,2260991.9551695543,2260991.9551695543,2097.5695430876663,1594.606171838691,563349.3285482804,384447.34187696414,0.0,0.0,0.0
COL,2021,0.0,7299.720608387468,0.0,7299.720608387468,0.0,0.0,0.0,7299.720608387468,0.0,7299.720608387468,318524633225.395,20849974468.21,51516562.0,0.31,0.2286612481643971,2591966.6485114046,2591966.6485114046,2262.913388600115,1669.1632255652505,648078.2463460602,446996.3310126248,0.0,0.0,0.0
COM,2016,0.0,-0.0,0.0,0.0,0.0,0.0,0.0,0.0,0.0,-0.0,,,,,,1193038.0603271483,1193038.060327148,,,325661.45965313714,328743.9549268799,0.0,0.0,0.0
COM,2017,0.0,-0.0,0.0,0.0,0.0,0.0,0.0,0.0,0.0,-0.0,,,,,,1427249.2266818217,1427249.2266818217,,,386814.5228140491,314052.90791767876,0.0,0.0,0.0
COM,2018,106.7504956129188,20.221392299350008,106.7504956129188,20.221392299350008,0.0,0.0,106.7504956129188,20.221392299350008,106.7504956129188,20.221392299350008,1188797449.38584,9022103.16,776313.0,0.5,0.5,1847459.9911298328,1847459.991129833,10.110696149675004,10.110696149675004,483994.2246193179,377437.9554171189,5.7782304420911686e-05,27.966301624916536,21.809234839918457
COM,2019,0.0,-0.0,0.0,0.0,0.0,0.0,0.0,0.0,0.0,-0.0,,,,,,1963213.7710531517,1963213.7710531517,,,505895.75928217545,341783.7750413462,0.0,0.0,0.0
COM,2020,796.2564222397261,692.1390976789554,796.2564222397261,692.1390976789554,0.0,0.0,796.2564222397261,692.1390976789554,796.2564222397261,692.1390976789554,1225039196.61091,15756212.839999998,806166.0,0.5,0.5,2260991.9551695543,2260991.9551695543,346.0695488394777,346.0695488394777,563349.3285482804,384447.34187696414,0.00035217127616007547,198.39545195876954,135.39131100515928
COM,2021,0.0,-0.0,0.0,0.0,0.0,0.0,0.0,0.0,0.0,-0.0,,,,,,2591966.6485114046,2591966.6485114046,,,648078.2463460602,446996.3310126248,0.0,0.0,0.0
CPV,2016,0.0,-0.0,0.0,0.0,0.0,0.0,0.0,0.0,0.0,-0.0,,,,,,1193038.0603271483,1193038.060327148,,,325661.45965313714,328743.9549268799,0.0,0.0,0.0
CPV,2017,224.64795793634286,28.794753830403938,224.64795793634283,28.794753830403938,0.0,0.0,224.64795793634286,28.794753830403938,224.64795793634286,28.794753830403938,1996741539.95088,58068068.09,564954.0,0.255,0.109371988690283,1427249.2266818217,1427249.2266818217,7.342662226753005,3.1493394902784226,386814.5228140491,314052.90791767876,0.00015739925006554153,60.88431580539163,49.43169218714521
CPV,2018,396.4846603601518,264.42683323894954,396.4846603601518,264.42683323894954,0.0,0.0,396.4846603601518,264.42683323894954,396.4846603601518,264.42683323894954,2205099506.99994,63108667.489999995,571202.0,0.255,0.1041073298584708,1847459.9911298328,1847459.991129833,67.42884247593213,27.528771551438172,483994.2246193179,377437.9554171189,0.00021461068833088915,103.87033369372679,81.00221941427134
CPV,2019,127.1712336118736,374.8780319674854,127.17123361187359,374.8780319674854,0.0,0.0,127.1712336118736,374.8780319674854,127.1712336118736,374.8780319674854,2252177124.32402,62929582.33999999,577030.0,0.2244,0.1187932645399557,1963213.7710531517,1963213.7710531517,84.12263037350372,44.532985221731465,505895.75928217545,341783.7750413462,6.47770688485205e-05,32.77044442919603,22.139751127160526
CPV,2020,0.0,74.57380714138105,0.0,74.57380714138105,0.0,0.0,0.0,74.57380714138105,0.0,74.57380714138105,1821565613.68613,74788092.5,582640.0,0.2244,0.1265359263773637,2260991.9551695543,2260991.9551695543,16.734362322525907,9.436265770121512,563349.3285482804,384447.34187696414,0.0,0.0,0.0
CPV,2021,0.0,3738.840841869895,0.0,3738.840841869895,0.0,0.0,0.0,3738.840841869895,0.0,3738.840841869895,2051842609.64558,99518225.02,587925.0,0.2244,0.1265359263773637,2591966.6485114046,2591966.6485114046,838.9958849156044,473.0976895035295,648078.2463460602,446996.3310126248,0.0,0.0,0.0
CRI,2016,309.614773380509,1144.908517657593,309.614773380509,1144.908517657593,0.0,0.0,309.614773380509,1144.908517657593,309.614773380509,1144.908517657593,58847019609.6549,3157312042.2999997,4945205.0,0.3,0.1154116510865836,1193038.0603271483,1193038.060327148,343.4725552972779,132.13578236595575,325661.45965313714,328743.9549268799,0.0002595179346546649,84.51498940580562,85.31495221283011
CRI,2017,2.511716622008773,1266.703702233828,2.511716622008773,1266.703702233828,0.0,0.0,2.511716622008773,1266.703702233828,2.511716622008773,1266.703702233828,60516044657.2254,3134063688.3599997,4993842.0,0.3,0.1250210022944523,1427249.2266818217,1427249.2266818217,380.01111067014835,158.3645664633666,386814.5228140491,314052.90791767876,1.7598304311911972e-06,0.6807279684748652,0.552679864357618
CRI,2018,78.06763365996761,1584.1122137300692,78.06763365996761,1584.1122137300692,0.0,0.0,78.06763365996761,1584.1122137300692,78.06763365996761,1584.1122137300692,62420164991.5374,3292373262.1499996,5040734.0,0.3,0.1320367358950869,1847459.9911298328,1847459.991129833,475.2336641190208,209.16100599245863,483994.2246193179,377437.9554171189,4.225673845971872e-05,20.452017365752873,15.949296966832167
CRI,2019,4791.714843278233,2999.990547065056,4791.714843278233,2999.990547065056,0.0,0.0,4791.714843278233,2999.990547065056,4791.714843278233,2999.990547065056,64417670521.1842,3374195491.5699997,5084532.0,0.3,0.1164545347113224,1963213.7710531517,1963213.7710531517,899.9971641195168,349.3625032968267,505895.75928217545,341783.7750413462,0.0024407504235811023,1234.7652887558531,834.2088937053139
CRI,2020,2183.622518258975,2837.448912586677,2183.622518258975,2837.448912586677,0.0,0.0,2183.622518258975,2837.448912586677,2183.622518258975,2837.448912586677,62395610760.3912,3506121298.8800006,5123105.0,0.3,0.1192248748384001,2260991.9551695543,2260991.9551695543,851.2346737760031,338.294491463501,563349.3285482804,384447.34187696414,0.0009657807553301192,544.0719400400737,371.29184422259095
CRI,2021,5074.607562829533,4346.520768071913,5074.607562829533,4346.520768071913,0.0,0.0,5074.607562829533,4346.520768071913,5074.607562829533,4346.520768071913,64960725734.1965,3424224729.18,5153957.0,0.3,0.1315692123692484,2591966.6485114046,2591966.6485114046,1303.956230421574,571.8683140018022,648078.2463460602,446996.3310126248,0.0019578213190914076,1268.8214071356897,875.1389464121565
CUB,2016,0.0,-0.0,0.0,0.0,0.0,0.0,0.0,0.0,0.0,-0.0,,,,,,1193038.0603271483,1193038.060327148,,,325661.45965313714,328743.9549268799,0.0,0.0,0.0
CUB,2017,3.6231530515164763,189.01616005775082,3.6231530515164763,189.01616005775082,0.0,0.0,3.6231530515164763,189.01616005775082,3.6231530515164763,189.01616005775082,96850649691.7406,9913191500.99,11336405.0,0.35,0.35,1427249.2266818217,1427249.2266818217,66.15565602021279,66.15565602021279,386814.5228140491,314052.90791767876,2.538556675164477e-06,0.9819505889401662,0.7972411057492382
CUB,2018,1.911651841303123,1489.573257125813,1.911651841303123,1489.573257125813,0.0,0.0,1.911651841303123,1489.573257125813,1.911651841303123,1489.573257125813,100050036096.123,9782431775.67,11328244.0,0.35,0.35,1847459.9911298328,1847459.991129833,521.3506399940345,521.3506399940345,483994.2246193179,377437.9554171189,1.0347460028804374e-06,0.5008110893420558,0.3905524157032285
CUB,2019,531.3312939702611,1011.8983721768213,531.3312939702611,1011.8983721768215,0.0,0.0,531.3312939702611,1011.8983721768213,531.3312939702611,1011.8983721768213,103427600000.0,10205830144.4,11316697.0,0.35,0.35,1963213.7710531517,1963213.7710531517,354.1644302618875,354.1644302618875,505895.75928217545,341783.7750413462,0.0002706436261830174,136.91746276273884,92.50160024771061
CUB,2020,616.0129121904331,996.5235141628026,616.0129121904331,996.5235141628025,0.0,0.0,616.0129121904331,996.5235141628026,616.0129121904331,996.5235141628026,107351800000.0,12201264475.990002,11300698.0,0.35,0.35,2260991.9551695543,2260991.9551695543,348.78322995698085,348.78322995698085,563349.3285482804,384447.34187696414,0.00027245250067430585,153.4859333161701,104.74363967196867
CUB,2021,83.80734900784951,778.1330409902216,83.80734900784951,778.1330409902216,0.0,0.0,83.80734900784951,778.1330409902216,83.80734900784951,778.1330409902216,99810098730.31271,,11256372.0,0.35,0.35,2591966.6485114046,2591966.6485114046,272.34656434657757,272.34656434657757,648078.2463460602,446996.3310126248,3.233349821687752e-05,20.954636822627446,14.452955071747498
CYM,2016,64017.643647220066,736.2349559731526,64017.643647220066,736.2349559731526,0.0,0.0,64017.643647220066,736.2349559731526,64017.643647220066,736.2349559731526,4909322200.00212,,62255.0,0.0,0.0035551776977262,1193038.0603271483,1193038.060327148,0.0,2.617446095762183,325661.45965313714,328743.9549268799,0.05365934732179919,17474.78137285178,17640.186057363346
CYM,2017,193162.60677453733,4346.982310519832,193162.60677453733,4346.982310519832,0.0,0.0,193162.60677453733,4346.982310519832,193162.60677453733,4346.982310519832,5166281293.18715,,63581.0,0.0,0.0058011731650482,1427249.2266818217,1427249.2266818217,0.0,25.21759712872687,386814.5228140491,314052.90791767876,0.1353390866594593,52351.12422426798,42503.63372032592
CYM,2018,52437.62956671113,6164.088751180431,52437.629566711126,6164.088751180431,0.0,0.0,52437.62956671113,6164.088751180431,52437.62956671113,6164.088751180431,5530178498.90783,,64884.0,0.0,0.0055306341185836,1847459.9911298328,1847459.991129833,0.0,34.091319557255865,483994.2246193179,377437.9554171189,0.02838363473010442,13737.515283074832,10713.06105983694
CYM,2019,88394.98532989903,4340.050731364034,88394.98532989903,4340.050731364034,0.0,0.0,88394.98532989903,4340.050731364034,88394.98532989903,4340.050731364034,5941896599.57333,,66134.0,0.0,0.0050125367250492,1963213.7710531517,1963213.7710531517,0.0,21.754663679538858,505895.75928217545,341783.7750413462,0.045025654685826796,22778.287764463388,15389.038232229961
CYM,2020,74542.49449196293,34459.49225506998,74542.49449196293,34459.49225506998,0.0,0.0,74542.49449196293,34459.49225506998,74542.49449196293,34459.49225506998,5655357984.24218,,67311.0,0.0,0.0058382919864975,2260991.9551695543,2260991.9551695543,0.0,201.1845774915477,563349.3285482804,384447.34187696414,0.03296893397675663,18573.026818758437,12674.819031881216
CYM,2021,117614.96032251329,10054.084593438456,117614.96032251329,10054.084593438456,0.0,0.0,117614.96032251329,10054.084593438456,117614.96032251329,10054.084593438456,6060026509.58539,,68136.0,0.0,0.006157376817417,2591966.6485114046,2591966.6485114046,0.0,61.90678739598738,648078.2463460602,446996.3310126248,0.04537672596599994,29407.668988970974,20283.230020167273
CYP,2016,5526.698157321681,98.65349110515356,5526.698157321681,98.65349110515356,0.0,0.0,5526.698157321681,98.65349110515356,5526.698157321681,98.65349110515356,21046452116.3809,588050884.96,1197881.0,0.125,0.0342052495917536,1193038.0603271483,1193038.060327148,12.331686388144195,3.374467286349621,325661.45965313714,328743.9549268799,0.004632457539373204,1508.6128840534575,1522.8924125243893
CYP,2017,2237.354005910002,320.50998018136977,2237.354005910002,320.50998018136977,0.0,0.0,2237.354005910002,320.50998018136977,2237.354005910002,320.50998018136977,22946583374.7569,628716893.95,1208523.0,0.125,0.0407297922748844,1427249.2266818217,1427249.2266818217,40.06374752267122,13.054304914814507,386814.5228140491,314052.90791767876,0.001567598681494173,606.3699359461011,492.30892437116415
CYP,2018,575.8989306060573,522.5311231205015,575.8989306060573,522.5311231205015,0.0,0.0,575.8989306060573,522.5311231205015,575.8989306060573,522.5311231205015,25597301190.9231,733946765.8199999,1218831.0,0.125,0.0412261086129328,1847459.9911298328,1847459.991129833,65.3163903900627,21.54192483540356,483994.2246193179,377437.9554171189,0.00031172471034344865,150.8729594773589,117.65673732502488
CYP,2019,1247.897779757123,805.001645376081,1247.897779757123,805.001645376081,0.0,0.0,1247.897779757123,805.001645376081,1247.897779757123,805.001645376081,25947020102.4332,992996417.78,1228836.0,0.125,0.0236370941360393,1963213.7710531517,1963213.7710531517,100.62520567201013,19.02789967142095,505895.75928217545,341783.7750413462,0.0006356402945807056,321.56772945725174,217.2515394501869
CYP,2020,1714.326460121365,2490.1637246443456,1714.326460121365,2490.1637246443456,0.0,0.0,1714.326460121365,2490.1637246443456,1714.326460121365,2490.1637246443456,25227189744.9083,1575472592.5900002,1237537.0,0.125,0.023248287725963,2260991.9551695543,2260991.9551695543,311.2704655805432,57.89204275528745,563349.3285482804,384447.34187696414,0.0007582187350121755,427.14201526183564,291.4951772367451
CYP,2021,13928.862298842814,1321.973796543704,13928.862298842814,1321.973796543704,0.0,0.0,13928.862298842814,1321.973796543704,13928.862298842814,1321.973796543704,29482912835.3642,2268818310.8599997,1244188.0,0.125,0.0208729647811588,2591966.6485114046,2591966.6485114046,165.246724567963,27.593512496871526,648078.2463460602,446996.3310126248,0.005373858613050563,3482.68086605748,2402.095083414194
CZE,2016,0.0,3102.024161809961,0.0,3102.024161809961,0.0,0.0,0.0,3102.024161809961,0.0,3102.024161809961,196272068576.338,12262235420.27,10566332.0,0.19,0.139250955117997,1193038.0603271483,1193038.060327148,589.3845907438925,431.9598273311411,325661.45965313714,328743.9549268799,0.0,0.0,0.0
CZE,2017,0.0,5935.426180380021,0.0,5935.426180380021,0.0,0.0,0.0,5935.426180380021,0.0,5935.426180380021,218628940951.675,13561775259.770002,10594438.0,0.19,0.1430768328476562,1427249.2266818217,1427249.2266818217,1127.730974272204,849.2219794898348,386814.5228140491,314052.90791767876,0.0,0.0,0.0
CZE,2018,0.0,7868.162475100178,0.0,7868.162475100178,0.0,0.0,0.0,7868.162475100178,0.0,7868.162475100178,249000540729.179,15725515794.489998,10629928.0,0.19,0.146859549976532,1847459.9911298328,1847459.991129833,1494.9508702690339,1155.5148002354483,483994.2246193179,377437.9554171189,0.0,0.0,0.0
CZE,2019,0.0,9216.443197922044,0.0,9216.443197922044,0.0,0.0,0.0,9216.443197922044,0.0,9216.443197922044,252548179964.897,16258344815.05,10671870.0,0.19,0.1538124667312412,1963213.7710531517,1963213.7710531517,1751.1242076051885,1417.6038627607586,505895.75928217545,341783.7750413462,0.0,0.0,0.0
CZE,2020,0.0,6055.014493207392,0.0,6055.014493207392,0.0,0.0,0.0,6055.014493207392,0.0,6055.014493207392,245974558654.043,19816951051.73,10697858.0,0.19,0.1533502584624728,2260991.9551695543,2260991.9551695543,1150.4527537094045,928.5380375273722,563349.3285482804,384447.34187696414,0.0,0.0,0.0
CZE,2021,0.0,9228.867213149559,0.0,9228.867213149559,0.0,0.0,0.0,9228.867213149559,0.0,9228.867213149559,281791218507.1,23042198358.499996,10505772.0,0.19,0.1577687233462292,2591966.6485114046,2591966.6485114046,1753.484770498416,1456.026598150478,648078.2463460602,446996.3310126248,0.0,0.0,0.0
DEU,2016,2946.8448758833833,36970.76324902966,2946.8448758833833,36970.76324902966,0.0,0.0,2946.8448758833833,36970.76324902966,2946.8448758833833,36970.76324902966,3469853463945.53,301571477784.36993,82348669.0,0.29818844,0.1396065356531662,1193038.0603271483,1193038.060327148,11024.254218837486,5161.360177650426,325661.45965313714,328743.9549268799,0.00247003425446068,804.3949607009133,812.0088296162711
DEU,2017,5087.154645545541,79369.95428124885,5087.154645545541,79369.95428124885,0.0,0.0,5087.154645545541,79369.95428124885,5087.154645545541,79369.95428124885,3690849152517.65,324684882946.67993,82657002.0,0.29889263,0.1367134248470752,1427249.2266818217,1427249.2266818217,23723.09437810223,10850.938279745309,386814.5228140491,314052.90791767876,0.003564307165450387,1378.7257753663873,1119.381030021513
DEU,2018,0.0,108374.75892074718,0.0,108374.75892074718,0.0,0.0,0.0,108374.75892074718,0.0,108374.75892074718,3974443355019.6,352545474907.24994,82905782.0,0.29897059,0.1403643797611001,1847459.9911298328,1847459.991129833,32400.865615643543,15211.955817669428,483994.2246193179,377437.9554171189,0.0,0.0,0.0
DEU,2019,0.0,76292.69290490387,0.0,76292.69290490387,0.0,0.0,0.0,76292.69290490387,0.0,76292.69290490387,3889177589254.9,351500551934.69006,83092962.0,0.29937781,0.1435211480513049,1963213.7710531517,1963213.7710531517,22840.339320872663,10949.614873637447,505895.75928217545,341783.7750413462,0.0,0.0,0.0
DEU,2020,0.0,111357.89547719821,0.0,111357.89547719821,0.0,0.0,0.0,111357.89547719821,0.0,111357.89547719821,3887727161914.41,387564457298.17,83160871.0,0.29830331,0.1460102165441681,2260991.9551695543,2260991.9551695543,33218.42881548226,16259.390432528548,563349.3285482804,384447.34187696414,0.0,0.0,0.0
DEU,2021,0.0,124622.97581440523,0.0,124622.97581440522,0.0,0.0,0.0,124622.97581440523,0.0,124622.97581440523,4278503934689.85,435550119890.27014,83196078.0,0.2994120799999999,0.150644431457986,2591966.6485114046,2591966.6485114046,37313.62440438075,18773.757338163414,648078.2463460602,446996.3310126248,0.0,0.0,0.0
DJI,2016,0.0,-0.0,0.0,0.0,0.0,0.0,0.0,0.0,0.0,-0.0,,,,,,1193038.0603271483,1193038.060327148,,,325661.45965313714,328743.9549268799,0.0,0.0,0.0
DJI,2017,13.801945864916872,98.31781241428418,13.80194586491687,98.31781241428418,0.0,0.0,13.801945864916872,98.31781241428418,13.801945864916872,98.31781241428418,2762581334.22612,31666295.070000008,1040233.0,0.25,0.25,1427249.2266818217,1427249.2266818217,24.579453103571044,24.579453103571044,386814.5228140491,314052.90791767876,9.670312379152372e-06,3.7406172684046166,3.036989723145129
DJI,2018,38.028327824677575,36.497435251953846,38.028327824677575,36.497435251953846,0.0,0.0,38.028327824677575,36.497435251953846,38.028327824677575,36.497435251953846,2913466732.12507,33679011.910000004,1057198.0,0.25,0.25,1847459.9911298328,1847459.991129833,9.124358812988461,9.124358812988461,483994.2246193179,377437.9554171189,2.058411440965548e-05,9.962592493176533,7.76922605685242
DJI,2019,88.80275604714988,284.08551328826866,88.80275604714988,284.08551328826866,0.0,0.0,88.80275604714988,284.08551328826866,88.80275604714988,284.08551328826866,3088853638.56832,32293283.42,1073994.0,0.25,0.25,1963213.7710531517,1963213.7710531517,71.02137832206716,71.02137832206716,505895.75928217545,341783.7750413462,4.523336039941911e-05,22.883365204148415,15.460028675119199
DJI,2020,179.54198069197392,18.167741386120227,179.54198069197392,18.167741386120227,0.0,0.0,179.54198069197392,18.167741386120227,179.54198069197392,18.167741386120227,3185150981.03207,34254484.25,1090156.0,0.25,0.25,2260991.9551695543,2260991.9551695543,4.541935346530057,4.541935346530057,563349.3285482804,384447.34187696414,7.940850045108182e-05,44.734725410142765,30.528386920854114
DJI,2021,46.53025672966319,3760.9675582947298,46.53025672966319,3760.9675582947298,0.0,0.0,46.53025672966319,3760.9675582947298,46.53025672966319,3760.9675582947298,3385825228.86997,32581438.9,1105557.0,0.25,0.25,2591966.6485114046,2591966.6485114046,940.2418895736824,940.2418895736824,648078.2463460602,446996.3310126248,1.795171892214973e-05,11.634118517964183,8.02435249357084
DMA,2016,0.0,-0.0,0.0,0.0,0.0,0.0,0.0,0.0,0.0,-0.0,,,,,,1193038.0603271483,1193038.060327148,,,325661.45965313714,328743.9549268799,0.0,0.0,0.0
DMA,2017,0.0,117.79129452554075,0.0,117.79129452554075,0.0,0.0,0.0,117.79129452554075,0.0,117.79129452554075,521551851.851852,19657674.070000004,70403.0,0.25,0.1531767038764905,1427249.2266818217,1427249.2266818217,29.447823631385187,18.04288224076723,386814.5228140491,314052.90791767876,0.0,0.0,0.0
DMA,2018,0.0,39.681439257799624,0.0,39.681439257799624,0.0,0.0,0.0,39.681439257799624,0.0,39.681439257799624,554770370.37037,22784494.66999999,70823.0,0.25,0.1599425929196811,1847459.9911298328,1847459.991129833,9.920359814449906,6.346752285677298,483994.2246193179,377437.9554171189,0.0,0.0,0.0
DMA,2019,0.0,-0.0,0.0,0.0,0.0,0.0,0.0,0.0,0.0,-0.0,,,,,,1963213.7710531517,1963213.7710531517,,,505895.75928217545,341783.7750413462,0.0,0.0,0.0
DMA,2020,472.5394272642627,15.96049282972119,472.53942726426266,15.96049282972119,0.0,0.0,472.5394272642627,15.96049282972119,472.5394272642627,15.96049282972119,504214814.814815,19131532.33,71995.0,0.25,0.2700000676793708,2260991.9551695543,2260991.9551695543,3.9901232074302975,4.309334144220833,563349.3285482804,384447.34187696414,0.00020899650977697812,117.73804345179475,80.34815264532219
DMA,2021,2108.553111037884,164.2718351083241,2108.553111037884,164.2718351083241,0.0,0.0,2108.553111037884,164.2718351083241,2108.553111037884,164.2718351083241,555266666.666667,22394719.630000003,72412.0,0.25,0.2700000676793708,2591966.6485114046,2591966.6485114046,41.067958777081024,44.35340659706195,648078.2463460602,446996.3310126248,0.0008134954638590159,527.2087136282258,363.6294876403934
DNK,2016,8780.400684967468,3251.4022382706908,8780.400684967468,3251.4022382706908,0.0,0.0,8780.400684967468,3251.4022382706908,8780.400684967468,3251.4022382706908,313115929314.339,27021853615.780003,5728010.0,0.22,0.1106398142550387,1193038.0603271483,1193038.060327148,715.308492419552,359.7345397106863,325661.45965313714,328743.9549268799,0.007359698719552799,2396.770227616889,2419.456464136081
DNK,2017,29634.3379971233,4656.439850836668,29634.3379971233,4656.439850836668,0.0,0.0,29634.3379971233,4656.439850836668,29634.3379971233,4656.439850836668,332121063806.391,28157764085.970005,5764980.0,0.22,0.1161536518910103,1427249.2266818217,1427249.2266818217,1024.4167671840669,540.8624934855102,386814.5228140491,314052.90791767876,0.02076325384741632,8031.528129055313,6520.760248614027
DNK,2018,17113.896339069088,8125.41771309571,17113.896339069088,8125.417713095709,0.0,0.0,17113.896339069088,8125.41771309571,17113.896339069088,8125.41771309571,356841216410.068,30177180632.65,5793636.0,0.22,0.1165207791443933,1847459.9911298328,1847459.991129833,1787.5918968810558,946.7800028035663,483994.2246193179,377437.9554171189,0.009263473320795928,4483.467587180363,3496.3864302622437
DNK,2019,25037.99325238252,7647.379121611749,25037.99325238252,7647.379121611749,0.0,0.0,25037.99325238252,7647.379121611749,25037.99325238252,7647.379121611749,346498737961.635,29447359199.700005,5814422.0,0.22,0.0989817954323552,1963213.7710531517,1963213.7710531517,1682.4234067545847,756.9513158090383,505895.75928217545,341783.7750413462,0.012753574583450009,6451.979297456297,4358.964866402908
DNK,2020,17033.28107750106,4941.344431254543,17033.28107750106,4941.344431254543,0.0,0.0,17033.28107750106,4941.344431254543,17033.28107750106,4941.344431254543,354762748338.661,31793957435.65,5831404.0,0.22,0.0961531286703941,2260991.9551695543,2260991.9551695543,1087.0957748759995,475.1257269031535,563349.3285482804,384447.34187696414,0.007533543424847663,4244.016629977244,2896.250744597365
DNK,2021,31727.33057673971,9215.415041769107,31727.33057673971,9215.415041769107,0.0,0.0,31727.33057673971,9215.415041769107,31727.33057673971,9215.415041769107,405687998852.691,36734522350.79,5856733.0,0.22,0.0977543725867657,2591966.6485114046,2591966.6485114046,2027.3913091892036,900.8471155347822,648078.2463460602,446996.3310126248,0.012240639976969253,7932.892490427712,5471.521158951716
DOM,2016,0.0,231.09655485803492,0.0,231.09655485803492,0.0,0.0,0.0,231.09655485803492,0.0,231.09655485803492,75704647877.6559,2017275935.4900005,10527592.0,0.27,0.1663562981006439,1193038.0603271483,1193038.060327148,62.396069811669435,38.444367369995064,325661.45965313714,328743.9549268799,0.0,0.0,0.0
DOM,2017,0.0,892.6801115400175,0.0,892.6801115400174,0.0,0.0,0.0,892.6801115400175,0.0,892.6801115400175,79998046305.79,2145709999.82,10647244.0,0.27,0.1788940495124679,1427249.2266818217,1427249.2266818217,241.0236301158047,159.69516007263525,386814.5228140491,314052.90791767876,0.0,0.0,0.0
DOM,2018,0.0,838.9033241064659,0.0,838.9033241064659,0.0,0.0,0.0,838.9033241064659,0.0,838.9033241064659,85555390139.118,2160631472.85,10765531.0,0.27,0.1638346375780325,1847459.9911298328,1847459.991129833,226.5038975087458,137.44142206798958,483994.2246193179,377437.9554171189,0.0,0.0,0.0
DOM,2019,0.0,3703.8123465241806,0.0,3703.8123465241806,0.0,0.0,0.0,3703.8123465241806,0.0,3703.8123465241806,88941372558.2397,2305542520.0099993,10881882.0,0.27,0.1618763903859026,1963213.7710531517,1963213.7710531517,1000.0293335615288,599.5597733220742,505895.75928217545,341783.7750413462,0.0,0.0,0.0
DOM,2020,0.0,734.8696208698149,0.0,734.8696208698149,0.0,0.0,0.0,734.8696208698149,0.0,734.8696208698149,78844656298.1776,2557190173.01,10999664.0,0.27,0.1711708533506119,2260991.9551695543,2260991.9551695543,198.41479763485003,125.78826010572685,563349.3285482804,384447.34187696414,0.0,0.0,0.0
DOM,2021,0.0,1055.962802256731,0.0,1055.962802256731,0.0,0.0,0.0,1055.962802256731,0.0,1055.962802256731,94243425938.3647,3097703064.92,11117873.0,0.27,0.1615727904561976,2591966.6485114046,2591966.6485114046,285.1099566093174,170.61485657856602,648078.2463460602,446996.3310126248,0.0,0.0,0.0
DZA,2016,0.0,1082.4670158829424,0.0,1082.4670158829424,0.0,0.0,0.0,1082.4670158829424,0.0,1082.4670158829424,180763839522.151,7127911290.789998,40339329.0,0.26,0.2862677390554765,1193038.0603271483,1193038.060327148,281.441424129565,309.87538523893846,325661.45965313714,328743.9549268799,0.0,0.0,0.0
DZA,2017,0.0,1163.138048180038,0.0,1163.138048180038,0.0,0.0,0.0,1163.138048180038,0.0,1163.138048180038,189880896903.073,7300037496.88,41136546.0,0.26,0.3061780611468901,1427249.2266818217,1427249.2266818217,302.41589252680984,356.1273524379421,386814.5228140491,314052.90791767876,0.0,0.0,0.0
DZA,2018,0.0,1063.1075475150717,0.0,1063.1075475150717,0.0,0.0,0.0,1063.1075475150717,0.0,1063.1075475150717,194554483655.528,7480062683.69,41927007.0,0.26,0.3040965053909094,1847459.9911298328,1847459.991129833,276.40796235391866,323.28729005403346,483994.2246193179,377437.9554171189,0.0,0.0,0.0
DZA,2019,0.0,4788.089570473772,0.0,4788.089570473772,0.0,0.0,0.0,4788.089570473772,0.0,4788.089570473772,193459662090.677,6337700515.300001,42705368.0,0.26,0.2910218085266657,1963213.7710531517,1963213.7710531517,1244.9032883231807,1393.4384861869432,505895.75928217545,341783.7750413462,0.0,0.0,0.0
DZA,2020,0.0,3003.56428029006,0.0,3003.56428029006,0.0,0.0,0.0,3003.56428029006,0.0,3003.56428029006,164873415325.201,5460409628.180001,43451666.0,0.26,0.3506345432163714,2260991.9551695543,2260991.9551695543,780.9267128754157,1053.1533894405145,563349.3285482804,384447.34187696414,0.0,0.0,0.0
DZA,2021,0.0,4002.2588051289126,0.0,4002.258805128912,0.0,0.0,0.0,4002.2588051289126,0.0,4002.2588051289126,186265418570.697,5341937178.2300005,44177969.0,0.26,0.297668186473218,2591966.6485114046,2591966.6485114046,1040.5872893335172,1191.3451203191917,648078.2463460602,446996.3310126248,0.0,0.0,0.0
ECU,2016,0.0,743.5658024035172,0.0,743.5658024035172,0.0,0.0,0.0,743.5658024035172,0.0,743.5658024035172,97671433000.0,4498681000.0,16439585.0,0.22,0.4273883260838671,1193038.0603271483,1193038.060327148,163.5844765287738,317.79134362244673,325661.45965313714,328743.9549268799,0.0,0.0,0.0
ECU,2017,0.0,918.6393238162547,0.0,918.6393238162548,0.0,0.0,0.0,918.6393238162547,0.0,918.6393238162547,104467486000.0,4844030000.000001,16696944.0,0.22,0.3976568752479246,1427249.2266818217,1427249.2266818217,202.10065123957605,365.3032429886382,386814.5228140491,314052.90791767876,0.0,0.0,0.0
ECU,2018,0.0,738.0684120142689,0.0,738.0684120142689,0.0,0.0,0.0,738.0684120142689,0.0,738.0684120142689,107478962000.0,5353763000.000001,17015672.0,0.25,0.3868921036378503,1847459.9911298328,1847459.991129833,184.51710300356723,285.5528405528481,483994.2246193179,377437.9554171189,0.0,0.0,0.0
ECU,2019,0.0,784.8698279233981,0.0,784.8698279233981,0.0,0.0,0.0,784.8698279233981,0.0,784.8698279233981,107595829000.0,5266217000.0,17343740.0,0.25,0.3233717619943997,1963213.7710531517,1963213.7710531517,196.21745698084953,253.80473919183055,505895.75928217545,341783.7750413462,0.0,0.0,0.0
ECU,2020,0.0,1083.7699434972574,0.0,1083.7699434972574,0.0,0.0,0.0,1083.7699434972574,0.0,1083.7699434972574,95865472000.0,5040454000.0,17588595.0,0.25,0.3405667459073158,2260991.9551695543,2260991.9551695543,270.94248587431434,369.0960029690164,563349.3285482804,384447.34187696414,0.0,0.0,0.0
ECU,2021,0.0,1112.4161633277618,0.0,1112.4161633277618,0.0,0.0,0.0,1112.4161633277618,0.0,1112.4161633277618,107435101000.0,5604221000.0,17797737.0,0.25,0.2995952526418243,2591966.6485114046,2591966.6485114046,278.10404083194044,333.2746014950297,648078.2463460602,446996.3310126248,0.0,0.0,0.0
EGY,2016,0.0,2165.541657004375,0.0,2165.541657004375,0.0,0.0,0.0,2165.541657004375,0.0,2165.541657004375,332441717791.411,4474543624.5,99784030.0,0.225,0.3306372805195423,1193038.0603271483,1193038.060327148,487.2468728259844,716.0088043237099,325661.45965313714,328743.9549268799,0.0,0.0,0.0
EGY,2017,0.0,2044.5995997341272,0.0,2044.5995997341274,0.0,0.0,0.0,2044.5995997341272,0.0,2044.5995997341272,248362771739.13,3404464245.1699996,101789386.0,0.225,0.3141646527285603,1427249.2266818217,1427249.2266818217,460.0349099401787,642.3409232194256,386814.5228140491,314052.90791767876,0.0,0.0,0.0
EGY,2018,0.0,1331.8841114781094,0.0,1331.8841114781094,0.0,0.0,0.0,1331.8841114781094,0.0,1331.8841114781094,262588632526.73,3550291425.460001,103740765.0,0.225,0.2884161252100544,1847459.9911298328,1847459.991129833,299.6739250825746,384.13685466135246,483994.2246193179,377437.9554171189,0.0,0.0,0.0
EGY,2019,0.0,2567.332156446061,0.0,2567.332156446061,0.0,0.0,0.0,2567.332156446061,0.0,2567.332156446061,318678815489.749,4328583487.82,105618671.0,0.225,0.2783432604663789,1963213.7710531517,1963213.7710531517,577.6497352003638,714.5996031253762,505895.75928217545,341783.7750413462,0.0,0.0,0.0
EGY,2020,0.0,3412.6707749588745,0.0,3412.670774958874,0.0,0.0,0.0,3412.6707749588745,0.0,3412.6707749588745,383817841547.099,5177555191.55,107465134.0,0.225,0.2853012334498356,2260991.9551695543,2260991.9551695543,767.8509243657467,973.6391814539732,563349.3285482804,384447.34187696414,0.0,0.0,0.0
EGY,2021,0.0,8106.011949382196,0.0,8106.011949382196,0.0,0.0,0.0,8106.011949382196,0.0,8106.011949382196,424671765455.704,7397124660.05,109262178.0,0.225,0.2620677797380383,2591966.6485114046,2591966.6485114046,1823.8526886109942,2124.3245541046,648078.2463460602,446996.3310126248,0.0,0.0,0.0
ESP,2016,6078.131657243605,12717.673055762994,6078.131657243605,12717.673055762994,0.0,0.0,6078.131657243605,12717.673055762994,6078.131657243605,12717.673055762994,1233554967011.68,78972636876.33,46484062.0,0.25,0.1103110451626615,1193038.0603271483,1193038.060327148,3179.4182639407486,1402.899806818235,325661.45965313714,328743.9549268799,0.005094667018063861,1659.1366975493725,1674.8409845538476
ESP,2017,5662.834639900373,33888.8569710438,5662.834639900373,33888.8569710438,0.0,0.0,5662.834639900373,33888.8569710438,5662.834639900373,33888.8569710438,1313245330197.65,82824965778.02,46593236.0,0.25,0.1115933025097443,1427249.2266818217,1427249.2266818217,8472.21424276095,3781.769467679148,386814.5228140491,314052.90791767876,0.0039676564779549854,1534.7471472102284,1246.0540545201786
ESP,2018,6171.952807624386,36514.60820644754,6171.952807624386,36514.60820644754,0.0,0.0,6171.952807624386,36514.60820644754,6171.952807624386,36514.60820644754,1421702715218.04,89822989520.58002,46797754.0,0.25,0.1146601813121559,1847459.9911298328,1847459.991129833,9128.652051611885,4186.771597493611,483994.2246193179,377437.9554171189,0.0033407775200857614,1616.9170254595558,1260.9362366846426
ESP,2019,1300.3422792314582,38480.134459665554,1300.3422792314582,38480.134459665554,0.0,0.0,1300.3422792314582,38480.134459665554,1300.3422792314582,38480.134459665554,1394320055129.41,89962877989.85,47134837.0,0.25,0.1165325452651972,1963213.7710531517,1963213.7710531517,9620.033614916389,4484.188010731851,505895.75928217545,341783.7750413462,0.0006623538905464681,335.08202437150845,226.38181312429452
ESP,2020,77756.45349907738,42116.55885770067,77756.45349907738,42116.55885770067,0.0,0.0,77756.45349907738,42116.55885770067,77756.45349907738,42116.55885770067,1278128867875.49,100367700515.31,47365655.0,0.25,0.1207426471499023,2260991.9551695543,2260991.9551695543,10529.139714425168,5085.264805323444,563349.3285482804,384447.34187696414,0.03439041581784237,19373.81765947766,13221.303947213002
ESP,2021,11284.503520686889,45336.49683463872,11284.503520686889,45336.49683463872,0.0,0.0,11284.503520686889,45336.49683463872,11284.503520686889,45336.49683463872,1445651653604.63,109770657500.95998,47415794.0,0.25,0.1211003403601891,2591966.6485114046,2591966.6485114046,11334.12420865968,5490.265197413384,648078.2463460602,446996.3310126248,0.004353645339984488,2821.5028371498443,1946.0634935032776
EST,2016,8.315603408847908,298.66932602439937,8.315603408847908,298.66932602439937,0.0,0.0,8.315603408847908,298.66932602439937,8.315603408847908,298.66932602439937,24072829276.7744,1200576391.31,1315790.0,0.2,0.0598366136756778,1193038.0603271483,1193038.060327148,59.733865204879876,17.871361078097046,325661.45965313714,328743.9549268799,6.970107396714275e-06,2.2698953487530984,2.2913806718609497
EST,2017,651.4941712196807,393.8192202759026,651.4941712196807,393.8192202759026,0.0,0.0,651.4941712196807,393.8192202759026,651.4941712196807,393.8192202759026,26924385103.0659,1305418994.12,1317384.0,0.2,0.0674928441336399,1427249.2266818217,1427249.2266818217,78.76384405518053,26.57997925091309,386814.5228140491,314052.90791767876,0.0004564684002206988,176.56860641106198,143.35522846184125
EST,2018,5671.111171129195,473.0488654220837,5671.111171129195,473.0488654220837,0.0,0.0,5671.111171129195,473.0488654220837,5671.111171129195,473.0488654220837,30624720196.229,1507989100.6900003,1321977.0,0.2,0.0500618274974216,1847459.9911298328,1847459.991129833,94.60977308441674,23.68169069861136,483994.2246193179,377437.9554171189,0.0030696801004393985,1485.7074400415165,1158.6137808944627
EST,2019,214.73483950734087,620.1710035701246,214.73483950734084,620.1710035701246,0.0,0.0,214.73483950734087,620.1710035701246,214.73483950734087,620.1710035701246,31290453293.545,1575770905.65,1326898.0,0.2,0.0312512058838224,1963213.7710531517,1963213.7710531517,124.03420071402493,19.381091715746724,505895.75928217545,341783.7750413462,0.00010937924472287494,55.334496058789696,37.384051172555445
EST,2020,111.91183065558596,3128.875444292678,111.91183065558596,3128.875444292678,0.0,0.0,111.91183065558596,3128.875444292678,111.91183065558596,3128.875444292678,31330419851.1487,1831280238.6599996,1329522.0,0.2,0.0281543742356921,2260991.9551695543,2260991.9551695543,625.7750888585356,88.09153019548344,563349.3285482804,384447.34187696414,4.949678409943461e-05,27.88398008771569,19.02890707848562
EST,2021,3020.2843126826306,538.1452725341359,3020.2843126826306,538.1452725341359,0.0,0.0,3020.2843126826306,538.1452725341359,3020.2843126826306,538.1452725341359,36864792511.6351,2121767231.5299995,1330932.0,0.2,0.0242808123933543,2591966.6485114046,2591966.6485114046,107.62905450682717,13.066604402771873,648078.2463460602,446996.3310126248,0.0011652481386738574,755.1719702697642,520.8616427065044
ETH,2016,0.0,599.9472726164715,0.0,599.9472726164715,0.0,0.0,0.0,599.9472726164715,0.0,599.9472726164715,74296745207.8721,649440030.0399998,105293228.0,0.3,0.260222246005237,1193038.0603271483,1193038.060327148,179.98418178494146,156.11962676497447,325661.45965313714,328743.9549268799,0.0,0.0,0.0
ETH,2017,0.0,417.3869446971755,0.0,417.3869446971756,0.0,0.0,0.0,417.3869446971755,0.0,417.3869446971755,81770886825.6048,661407172.8100001,108197950.0,0.3,0.2591431708056467,1427249.2266818217,1427249.2266818217,125.21608340915267,108.16297630170718,386814.5228140491,314052.90791767876,0.0,0.0,0.0
ETH,2018,0.0,639.3097547980589,0.0,639.3097547980589,0.0,0.0,0.0,639.3097547980589,0.0,639.3097547980589,84269196625.8784,614753133.2900001,111129438.0,0.3,0.2702771054276602,1847459.9911298328,1847459.991129833,191.79292643941764,172.79078999848656,483994.2246193179,377437.9554171189,0.0,0.0,0.0
ETH,2019,0.0,1443.6253870973885,0.0,1443.6253870973885,0.0,0.0,0.0,1443.6253870973885,0.0,1443.6253870973885,95912607722.3032,676521041.8399998,114120594.0,0.3,0.2337768518809663,1963213.7710531517,1963213.7710531517,433.08761612921654,337.48619829106883,505895.75928217545,341783.7750413462,0.0,0.0,0.0
ETH,2020,0.0,341.39952177771414,0.0,341.39952177771414,0.0,0.0,0.0,341.39952177771414,0.0,341.39952177771414,107657734392.446,949478689.61,117190911.0,0.3,0.2304335477446849,2260991.9551695543,2260991.9551695543,102.41985653331425,78.6699030015775,563349.3285482804,384447.34187696414,0.0,0.0,0.0
ETH,2021,0.0,4595.651443246322,0.0,4595.651443246322,0.0,0.0,0.0,4595.651443246322,0.0,4595.651443246322,111261882958.426,972017513.4100002,120283026.0,0.3,0.2074915719410766,2591966.6485114046,2591966.6485114046,1378.6954329738965,953.5589420524567,648078.2463460602,446996.3310126248,0.0,0.0,0.0
FIN,2016,1411.5506318486555,3080.510124920033,1411.5506318486555,3080.510124920033,0.0,0.0,1411.5506318486555,3080.510124920033,1411.5506318486555,3080.510124920033,240771351298.833,17574343814.170002,5495303.0,0.2,0.0859998923934121,1193038.0603271483,1193038.060327148,616.1020249840067,264.92353925993933,325661.45965313714,328743.9549268799,0.0011831564128487132,385.3084444062817,388.9555184569863
FIN,2017,13665.800932883343,3034.5109780533135,13665.800932883343,3034.5109780533135,0.0,0.0,13665.800932883343,3034.5109780533135,13665.800932883343,3034.5109780533135,255647979916.471,18202038424.460003,5508214.0,0.2,0.0957810537485604,1427249.2266818217,1427249.2266818217,606.9021956106627,290.648659089521,386814.5228140491,314052.90791767876,0.009574922639583167,3703.7191318117984,3007.03229804791
FIN,2018,9482.919987067722,54515.23754415921,9482.919987067722,54515.23754415921,0.0,0.0,9482.919987067722,54515.23754415921,9482.919987067722,54515.23754415921,275708001767.843,19590636373.27,5515525.0,0.2,0.1015383425144873,1847459.9911298328,1847459.991129833,10903.047508831842,5535.386862017475,483994.2246193179,377437.9554171189,0.00513295012211244,2484.3182143614436,1937.3701993481702
FIN,2019,1168.1840316776718,6376.262003529494,1168.1840316776718,6376.262003529494,0.0,0.0,1168.1840316776718,6376.262003529494,1168.1840316776718,6376.262003529494,268514916972.549,19748767900.37,5521606.0,0.2,0.1040235109930602,1963213.7710531517,1963213.7710531517,1275.252400705899,663.2811606187825,505895.75928217545,341783.7750413462,0.0005950365919912063,301.02648850606937,203.3738526984918
FIN,2020,7252.196960864861,6854.076720055683,7252.196960864861,6854.076720055683,0.0,0.0,7252.196960864861,6854.076720055683,7252.196960864861,6854.076720055683,271886077382.102,21300722583.3,5529543.0,0.2,0.1086280347329504,2260991.9551695543,2260991.9551695543,1370.8153440111366,744.5448840085154,563349.3285482804,384447.34187696414,0.0032075288654978915,1806.9592326774648,1233.1259463342988
FIN,2021,3009.9473985782233,8646.054546314994,3009.9473985782233,8646.054546314994,0.0,0.0,3009.9473985782233,8646.054546314994,3009.9473985782233,8646.054546314994,296470417085.267,24914260614.83,5541017.0,0.2,0.1184866591760236,2591966.6485114046,2591966.6485114046,1729.210909262999,1024.4421182465342,648078.2463460602,446996.3310126248,0.0011612600803744407,752.5873964407524,519.0789952788008
FJI,2016,0.0,981.9469647557274,0.0,981.9469647557274,0.0,0.0,0.0,981.9469647557274,0.0,981.9469647557274,4930213644.36653,103327640.8,918371.0,0.2,0.1686266504316739,1193038.0603271483,1193038.060327148,196.3893929511455,165.58242756830728,325661.45965313714,328743.9549268799,0.0,0.0,0.0
FJI,2017,0.0,1956.7666396557825,0.0,1956.7666396557827,0.0,0.0,0.0,1956.7666396557825,0.0,1956.7666396557825,5353469174.47838,112996661.69000004,919019.0,0.2,0.1719885775331778,1427249.2266818217,1427249.2266818217,391.35332793115657,336.5415109187744,386814.5228140491,314052.90791767876,0.0,0.0,0.0
FJI,2018,0.0,1602.6139856130214,0.0,1602.6139856130214,0.0,0.0,0.0,1602.6139856130214,0.0,1602.6139856130214,5581425327.44397,137648086.44,918996.0,0.2,0.1740620614439632,1847459.9911298328,1847459.991129833,320.5227971226043,278.9542940347285,483994.2246193179,377437.9554171189,0.0,0.0,0.0
FJI,2019,0.0,1845.2554808781103,0.0,1845.2554808781103,0.0,0.0,0.0,1845.2554808781103,0.0,1845.2554808781103,5444407198.13478,143863648.88,918465.0,0.2,0.1823151854175517,1963213.7710531517,1963213.7710531517,369.0510961756221,336.4180951390462,505895.75928217545,341783.7750413462,0.0,0.0,0.0
FJI,2020,0.0,449.2223693678663,0.0,449.2223693678663,0.0,0.0,0.0,449.2223693678663,0.0,449.2223693678663,4432466219.87685,138829501.34000003,920422.0,0.2,0.1867001844371014,2260991.9551695543,2260991.9551695543,89.84447387357326,83.86989921425233,563349.3285482804,384447.34187696414,0.0,0.0,0.0
FJI,2021,0.0,1411.6211271749235,0.0,1411.6211271749235,0.0,0.0,0.0,1411.6211271749235,0.0,1411.6211271749235,4305031649.74189,144214953.05,924610.0,0.2,0.1892132162706429,2591966.6485114046,2591966.6485114046,282.3242254349847,267.0973736283575,648078.2463460602,446996.3310126248,0.0,0.0,0.0
FLK,2016,0.0,-0.0,0.0,0.0,0.0,0.0,0.0,0.0,0.0,-0.0,,,,,,1193038.0603271483,1193038.060327148,,,325661.45965313714,328743.9549268799,0.0,0.0,0.0
FLK,2017,0.0,-0.0,0.0,0.0,0.0,0.0,0.0,0.0,0.0,-0.0,,,,,,1427249.2266818217,1427249.2266818217,,,386814.5228140491,314052.90791767876,0.0,0.0,0.0
FLK,2018,0.0,-0.0,0.0,0.0,0.0,0.0,0.0,0.0,0.0,-0.0,,,,,,1847459.9911298328,1847459.991129833,,,483994.2246193179,377437.9554171189,0.0,0.0,0.0
FLK,2019,0.0,-0.0,0.0,0.0,0.0,0.0,0.0,0.0,0.0,-0.0,,,,,,1963213.7710531517,1963213.7710531517,,,505895.75928217545,341783.7750413462,0.0,0.0,0.0
FLK,2020,0.0,-0.0,0.0,0.0,0.0,0.0,0.0,0.0,0.0,-0.0,,,,,,2260991.9551695543,2260991.9551695543,,,563349.3285482804,384447.34187696414,0.0,0.0,0.0
FLK,2021,0.0,-0.0,0.0,0.0,0.0,0.0,0.0,0.0,0.0,-0.0,206400000.0,,3490.0,0.26,0.2957650507615457,2591966.6485114046,2591966.6485114046,0.0,0.0,648078.2463460602,446996.3310126248,0.0,0.0,0.0
FRA,2016,0.0,65669.46321801025,0.0,65669.46321801025,0.0,0.0,0.0,65669.46321801025,0.0,65669.46321801025,2472964344587.17,212992618347.20996,66724104.0,0.34433333,0.1909206948918544,1193038.0603271483,1193038.060327148,22612.184949169983,12537.65955075759,325661.45965313714,328743.9549268799,0.0,0.0,0.0
FRA,2017,0.0,74920.01516264687,0.0,74920.01516264687,0.0,0.0,0.0,74920.01516264687,0.0,74920.01516264687,2595151045197.65,223302829472.53,66918020.0,0.4443333299999999,0.1973329674901249,1427249.2266818217,1427249.2266818217,33289.45982086937,14784.18891645026,386814.5228140491,314052.90791767876,0.0,0.0,0.0
FRA,2018,0.0,112069.06277782386,0.0,112069.06277782386,0.0,0.0,0.0,112069.06277782386,0.0,112069.06277782386,2790956878746.66,237065887655.87,67158348.0,0.34433333,0.1963533299986223,1847459.9911298328,1847459.991129833,38589.11357626714,22005.133666250367,483994.2246193179,377437.9554171189,0.0,0.0,0.0
FRA,2019,0.0,102893.0318659749,0.0,102893.0318659749,0.0,0.0,0.0,102893.0318659749,0.0,102893.0318659749,2728870246705.88,227432511954.48,67388001.0,0.34433333,0.1927773016375925,1963213.7710531517,1963213.7710531517,35429.500296207254,19835.44104043346,505895.75928217545,341783.7750413462,0.0,0.0,0.0
FRA,2020,0.0,49583.293690852326,0.0,49583.293690852326,0.0,0.0,0.0,49583.293690852326,0.0,49583.293690852326,2647418691598.45,245782444569.94003,67571107.0,0.32023,0.1946270795260329,2260991.9551695543,2260991.9551695543,15878.058138621642,9650.25164433216,563349.3285482804,384447.34187696414,0.0,0.0,0.0
FRA,2021,0.0,99923.86031948177,0.0,99923.86031948177,0.0,0.0,0.0,99923.86031948177,0.0,99923.86031948177,2959355819170.5,275291141343.0899,67764304.0,0.2840749999999999,0.1946659941923293,2591966.6485114046,2591966.6485114046,28385.870620256774,19451.777612627364,648078.2463460602,446996.3310126248,0.0,0.0,0.0
FRO,2016,108.34934407093353,79.3400357066001,108.34934407093354,79.3400357066001,0.0,0.0,108.34934407093353,79.3400357066001,108.34934407093353,79.3400357066001,2813278868.78208,,49500.0,0.18,0.0119541384399745,1193038.0603271483,1193038.060327148,14.28120642718802,0.9484417706692178,325661.45965313714,328743.9549268799,9.081801132247414e-05,29.575926130072062,29.855872220744306
FRO,2017,2789.6081941232096,20.69439590297338,2789.6081941232096,20.69439590297338,0.0,0.0,2789.6081941232096,20.69439590297338,2789.6081941232096,20.69439590297338,2980057377.87967,,50230.0,0.18,0.0145331930165857,1427249.2266818217,1427249.2266818217,3.7249912625352084,0.30075565001955246,386814.5228140491,314052.90791767876,0.001954534738553479,756.0424222170462,613.8273182688401
FRO,2018,246.81643164303128,139.45182009454862,246.81643164303128,139.45182009454862,0.0,0.0,246.81643164303128,139.45182009454862,246.81643164303128,139.45182009454862,3188600927.46688,,50955.0,0.18,0.0166187150332076,1847459.9911298328,1847459.991129833,25.10132761701875,2.3175100590134368,483994.2246193179,377437.9554171189,0.0001335977140658338,64.66052203020658,50.42484804540918
FRO,2019,143.07110486145945,233.06330668312486,143.07110486145945,233.06330668312484,0.0,0.0,143.07110486145945,233.06330668312486,143.07110486145945,233.06330668312486,3266432734.22819,,51681.0,0.18,0.0188352868141973,1963213.7710531517,1963213.7710531517,41.951395202962466,4.3898142272418825,505895.75928217545,341783.7750413462,7.287596846099445e-05,36.867643397998656,24.907823610392768
FRO,2020,58.133651411404806,697.7052655569055,58.13365141140481,697.7052655569055,0.0,0.0,58.133651411404806,697.7052655569055,58.133651411404806,697.7052655569055,3262045883.37293,,52415.0,0.18,0.0205051292104203,2260991.9551695543,2260991.9551695543,125.58694780024298,14.306536621034954,563349.3285482804,384447.34187696414,2.571156933065925e-05,14.484595318349449,9.884744484657224
FRO,2021,15438.976735267437,568.6608883128217,15438.976735267435,568.6608883128217,0.0,0.0,15438.976735267437,568.6608883128217,15438.976735267437,568.6608883128217,3655063937.93145,,52889.0,0.18,0.0215604710962102,2591966.6485114046,2591966.6485114046,102.35895989630791,12.26059664601381,648078.2463460602,446996.3310126248,0.00595647198783758,3860.2599202872098,2662.521124342874
FSM,2016,0.0,-0.0,0.0,0.0,0.0,0.0,0.0,0.0,0.0,-0.0,,,,,,1193038.0603271483,1193038.060327148,,,325661.45965313714,328743.9549268799,0.0,0.0,0.0
FSM,2017,0.0,146.09099444343025,0.0,146.09099444343025,0.0,0.0,0.0,146.09099444343025,0.0,146.09099444343025,359000000.0,11573749.430000002,110430.0,0.21,0.1575159082068157,1427249.2266818217,1427249.2266818217,30.679108833120353,23.011655670593782,386814.5228140491,314052.90791767876,0.0,0.0,0.0
FSM,2018,0.0,127.69801511178149,0.0,127.69801511178147,0.0,0.0,0.0,127.69801511178149,0.0,127.69801511178149,392000000.0,12329056.0,110929.0,0.21,0.1593701933078029,1847459.9911298328,1847459.991129833,26.816583173474108,20.351257353387346,483994.2246193179,377437.9554171189,0.0,0.0,0.0
FSM,2019,0.0,2011.0117645740065,0.0,2011.0117645740065,0.0,0.0,0.0,2011.0117645740065,0.0,2011.0117645740065,394000000.0,13291640.999999998,111379.0,0.21,0.1580808851946886,1963213.7710531517,1963213.7710531517,422.3124705605413,317.90251988079166,505895.75928217545,341783.7750413462,0.0,0.0,0.0
FSM,2020,0.0,318.4631116426098,0.0,318.4631116426098,0.0,0.0,0.0,318.4631116426098,0.0,318.4631116426098,372000000.0,11022934.000000002,112106.0,0.3,0.2009254021806346,2260991.9551695543,2260991.9551695543,95.53893349278295,63.987328786487716,563349.3285482804,384447.34187696414,0.0,0.0,0.0
FSM,2021,0.0,495.70519787983915,0.0,495.70519787983915,0.0,0.0,0.0,495.70519787983915,0.0,495.70519787983915,390000000.0,7690000.0,113131.0,0.3,0.202328658477363,2591966.6485114046,2591966.6485114046,148.71155936395175,100.29536768728363,648078.2463460602,446996.3310126248,0.0,0.0,0.0
GAB,2016,0.0,244.24336559038042,0.0,244.24336559038042,0.0,0.0,0.0,244.24336559038042,0.0,244.24336559038042,14023890265.3665,281956822.86999995,2086206.0,0.3,0.0812179497715509,1193038.0603271483,1193038.060327148,73.27300967711412,19.83694539855406,325661.45965313714,328743.9549268799,0.0,0.0,0.0
GAB,2017,0.0,765.1792486519063,0.0,765.1792486519063,0.0,0.0,0.0,765.1792486519063,0.0,765.1792486519063,14929487485.1623,262728518.15999997,2140215.0,0.3,0.0440666373575272,1427249.2266818217,1427249.2266818217,229.55377459557187,33.71887646384869,386814.5228140491,314052.90791767876,0.0,0.0,0.0
GAB,2018,0.0,304.68759744985016,0.0,304.68759744985016,0.0,0.0,0.0,304.68759744985016,0.0,304.68759744985016,16867326389.8704,271317146.79999995,2192012.0,0.3,0.0422849198055332,1847459.9911298328,1847459.991129833,91.40627923495505,12.883690623907496,483994.2246193179,377437.9554171189,0.0,0.0,0.0
GAB,2019,0.0,598.8984654646814,0.0,598.8984654646814,0.0,0.0,0.0,598.8984654646814,0.0,598.8984654646814,16874405460.1955,281740154.56999993,2242785.0,0.3,0.0346465573953998,1963213.7710531517,1963213.7710531517,179.6695396394044,20.74977005773895,505895.75928217545,341783.7750413462,0.0,0.0,0.0
GAB,2020,0.0,268.0594944340968,0.0,268.0594944340968,0.0,0.0,0.0,268.0594944340968,0.0,268.0594944340968,15314577167.8211,291009739.1,2292573.0,0.3,0.0222694868092423,2260991.9551695543,2260991.9551695543,80.41784833022903,5.9695473753922785,563349.3285482804,384447.34187696414,0.0,0.0,0.0
GAB,2021,0.0,4036.9642774206754,0.0,4036.9642774206754,0.0,0.0,0.0,4036.9642774206754,0.0,4036.9642774206754,20217946921.2065,321797920.41999996,2341179.0,0.3,0.0226211860898797,2591966.6485114046,2591966.6485114046,1211.0892832262025,91.32092015772983,648078.2463460602,446996.3310126248,0.0,0.0,0.0
GBR,2016,54874.10232924259,22292.08827162736,54874.10232924259,22292.08827162736,0.0,0.0,54874.10232924259,22292.08827162736,54874.10232924259,22292.08827162736,2689106566899.61,213480270651.85,65611593.0,0.2,0.0909556218197238,1193038.0603271483,1193038.060327148,4458.417654325472,2027.5907504060385,325661.45965313714,328743.9549268799,0.045995265494040746,14978.885297922881,15120.665486422806
GBR,2017,144998.2274789756,96980.94995150945,144998.2274789756,96980.94995150945,0.0,0.0,144998.2274789756,96980.94995150945,144998.2274789756,96980.94995150945,2680148052335.3,208001835274.62,66058859.0,0.19,0.0834976097854385,1427249.2266818217,1427249.2266818217,18426.380490786796,8097.677515672278,386814.5228140491,314052.90791767876,0.10159278755825889,39297.56564069697,31905.51035613418
GBR,2018,57143.53576191685,105589.95413778593,57143.53576191685,105589.95413778591,0.0,0.0,57143.53576191685,105589.95413778593,57143.53576191685,105589.95413778593,2871340347581.79,224270037357.33,66460344.0,0.19,0.0969171224192627,1847459.9911298328,1847459.991129833,20062.091286179322,10233.474511416132,483994.2246193179,377437.9554171189,0.030930865099259953,14970.360070521043,11674.482482347397
GBR,2019,181150.25015588474,129515.95377407101,181150.25015588474,129515.95377407102,0.0,0.0,181150.25015588474,129515.95377407101,181150.25015588474,129515.95377407101,2851407164907.81,227649189395.32004,66836327.0,0.19,0.0959230079094106,1963213.7710531517,1963213.7710531517,24608.031217073494,12423.559858265071,505895.75928217545,341783.7750413462,0.092272300055591,46680.16529733593,31537.175044747713
GBR,2020,5817.821349240463,184357.75601484638,5817.821349240463,184357.75601484638,0.0,0.0,5817.821349240463,184357.75601484638,5817.821349240463,184357.75601484638,2697806592293.86,275254043354.53,67081234.0,0.19,0.1009966289890074,2260991.9551695543,2260991.9551695543,35027.97364282081,18619.511885477386,563349.3285482804,384447.34187696414,0.00257312784149388,1449.5698417744634,989.2321589719324
GBR,2021,20468.47200866517,136928.27585649525,20468.47200866517,136928.27585649525,0.0,0.0,20468.47200866517,136928.27585649525,20468.47200866517,136928.27585649525,3141506156618.7,323114760716.75,67026292.0,0.19,0.1006485546283003,2591966.6485114046,2591966.6485114046,26016.372412734097,13781.633052701436,648078.2463460602,446996.3310126248,0.007896888650330605,5117.8017480963645,3529.8802531130186
GEO,2016,19.894768415099314,86.93747872445147,19.894768415099314,86.93747872445147,0.0,0.0,19.894768415099314,86.93747872445147,19.894768415099314,86.93747872445147,15444548901.9637,443655723.15999985,3727505.0,0.15,-0.0029115371402685,1193038.0603271483,1193038.060327148,13.04062180866772,-0.253121698187543,325661.45965313714,328743.9549268799,1.66757198086739e-05,5.430639253659475,5.482042081155971
GEO,2017,102.1835951287399,192.89734776423774,102.1835951287399,192.89734776423774,0.0,0.0,102.1835951287399,192.89734776423774,102.1835951287399,192.89734776423774,16473125375.0684,426658696.9499999,3728004.0,0.15,-0.0033567091396079,1427249.2266818217,1427249.2266818217,28.93460216463566,-0.6475002902463404,386814.5228140491,314052.90791767876,7.159478051797873e-05,27.69390086203852,22.484549013399196
GEO,2018,107.78982237194774,236.25107913350766,107.78982237194774,236.25107913350766,0.0,0.0,107.78982237194774,236.25107913350766,107.78982237194774,236.25107913350766,17902544880.6471,494021530.33000016,3726549.0,0.15,-0.0127219016332447,1847459.9911298328,1847459.991129833,35.43766187002615,-3.0055629894843943,483994.2246193179,377437.9554171189,5.834487506602391e-05,28.238582568091218,22.021570353987304
GEO,2019,24.458386995708217,108.67805256681149,24.458386995708217,108.67805256681149,0.0,0.0,24.458386995708217,108.67805256681149,24.458386995708217,108.67805256681149,17638337116.9126,474908626.38,3720161.0,0.15,-0.0165978390395262,1963213.7710531517,1963213.7710531517,16.301707885021724,-1.8038208236331044,505895.75928217545,341783.7750413462,1.2458341193576537e-05,6.302621977520806,4.2580588838937
GEO,2020,116.38293731470672,2020.1611272730797,116.38293731470671,2020.16112727308,0.0,0.0,116.38293731470672,2020.1611272730797,116.38293731470672,2020.1611272730797,16010869215.68,586233515.6,3722716.0,0.15,-0.0246110948979129,2260991.9551695543,2260991.9551695543,303.024169090962,-49.71837721239247,563349.3285482804,384447.34187696414,5.147428191799074e-05,28.998002156004972,19.78915085839702
GEO,2021,180.82826026586625,687.0142420177133,180.82826026586625,687.0142420177133,0.0,0.0,180.82826026586625,687.0142420177133,180.82826026586625,687.0142420177133,18853115588.8106,836540849.2700001,3708610.0,0.15,-0.0238008172586191,2591966.6485114046,2591966.6485114046,103.05213630265699,-16.35150042833231,648078.2463460602,446996.3310126248,6.976488697094846e-05,45.21310560466338,31.184648509524433
GGY,2016,832.5812754583891,1384.9952533349665,832.5812754583891,1384.9952533349665,0.0,0.0,832.5812754583891,1384.9952533349665,832.5812754583891,1384.9952533349665,3976156799.999999,,61908.0,0.0,0.0138808837686595,1193038.0603271483,1193038.060327148,0.0,19.22495813168779,325661.45965313714,328743.9549268799,0.0006978664831783181,227.26821755485255,229.4193876909532
GGY,2017,41630.17139525731,2006.1490452405938,41630.17139525731,2006.1490452405938,0.0,0.0,41630.17139525731,2006.1490452405938,41630.17139525731,2006.1490452405938,3997189000.0,,62046.0,0.0,0.024815921567026,1427249.2266818217,1427249.2266818217,0.0,49.78443735845467,386814.5228140491,314052.90791767876,0.029168116273597375,11282.650977756268,9160.331734204225
GGY,2018,3484.8308118902214,4656.037202824802,3484.8308118902214,4656.037202824802,0.0,0.0,3484.8308118902214,4656.037202824802,3484.8308118902214,4656.037202824802,4231633000.0,,62506.0,0.0,0.0251776384126797,1847459.9911298328,1847459.991129833,0.0,117.22802112870748,483994.2246193179,377437.9554171189,0.001886282154212735,912.9496686414493,711.9544796258533
GGY,2019,1602.1727432559853,6929.176565521038,1602.1727432559853,6929.176565521038,0.0,0.0,1602.1727432559853,6929.176565521038,1602.1727432559853,6929.176565521038,4254880000.0,,62885.0,0.0,0.0193919763697532,1963213.7710531517,1963213.7710531517,0.0,134.3704282204316,505895.75928217545,341783.7750413462,0.0008160969359931249,412.85997908209885,278.92869158340613
GGY,2020,70642.33096339223,4400.086551274899,70642.33096339223,4400.086551274899,0.0,0.0,70642.33096339223,4400.086551274899,70642.33096339223,4400.086551274899,4125000000.0,,63156.0,0.0,0.0226819199636872,2260991.9551695543,2260991.9551695543,0.0,99.8024109893137,563349.3285482804,384447.34187696414,0.031243955026852222,17601.26108556987,12011.655459796748
GGY,2021,30948.482933785664,3460.198081621914,30948.48293378566,3460.198081621914,0.0,0.0,30948.482933785664,3460.198081621914,30948.482933785664,3460.198081621914,4617640000.0,,63664.0,0.0,0.0216414879396297,2591966.6485114046,2591966.6485114046,0.0,74.88383505215047,648078.2463460602,446996.3310126248,0.011940154766867744,7738.154562412199,5337.205372512784
GHA,2016,0.0,344.2203882851673,0.0,344.2203882851673,0.0,0.0,0.0,344.2203882851673,0.0,344.2203882851673,56164929304.8754,730364846.74,29554303.0,0.25,0.1727885161629032,1193038.0603271483,1193038.060327148,86.05509707129183,59.47733012481245,325661.45965313714,328743.9549268799,0.0,0.0,0.0
GHA,2017,0.0,349.7572496811111,0.0,349.7572496811111,0.0,0.0,0.0,349.7572496811111,0.0,349.7572496811111,60405924078.7278,913389325.2299998,30222262.0,0.25,0.196478703670888,1427249.2266818217,1427249.2266818217,87.43931242027777,68.71985101683981,386814.5228140491,314052.90791767876,0.0,0.0,0.0
GHA,2018,0.0,700.8804238913915,0.0,700.8804238913915,0.0,0.0,0.0,700.8804238913915,0.0,700.8804238913915,67298914624.3723,1178346036.46,30870641.0,0.25,0.1982567470010019,1847459.9911298328,1847459.991129833,175.22010597284788,138.95427287739057,483994.2246193179,377437.9554171189,0.0,0.0,0.0
GHA,2019,0.0,1551.207129878185,0.0,1551.207129878185,0.0,0.0,0.0,1551.207129878185,0.0,1551.207129878185,68337969247.7067,1575455910.33,31522290.0,0.25,0.2195659407988739,1963213.7710531517,1963213.7710531517,387.80178246954625,340.59225284562467,505895.75928217545,341783.7750413462,0.0,0.0,0.0
GHA,2020,0.0,1247.8485021999522,0.0,1247.8485021999522,0.0,0.0,0.0,1247.8485021999522,0.0,1247.8485021999522,70043095503.6675,1478765994.33,32180401.0,0.25,0.2301514409546222,2260991.9551695543,2260991.9551695543,311.96212554998806,287.1941308743861,563349.3285482804,384447.34187696414,0.0,0.0,0.0
GHA,2021,0.0,3776.6091360202586,0.0,3776.609136020258,0.0,0.0,0.0,3776.6091360202586,0.0,3776.6091360202586,79524421861.2743,1774815823.1,32833031.0,0.25,0.2369852329745569,2591966.6485114046,2591966.6485114046,944.1522840050645,895.000595953601,648078.2463460602,446996.3310126248,0.0,0.0,0.0
GIB,2016,11233.715219530315,249.4531670855403,11233.715219530315,249.4531670855403,0.0,0.0,11233.715219530315,249.4531670855403,11233.715219530315,249.4531670855403,3129005599.9999995,,32565.0,0.0,0.0344846222525517,1193038.0603271483,1193038.060327148,0.0,8.60229823664752,325661.45965313714,328743.9549268799,0.009416057704353428,3066.447096177905,3095.4720495488637
GIB,2017,5376.987366609047,1283.0289492565687,5376.987366609047,1283.0289492565687,0.0,0.0,5376.987366609047,1283.0289492565687,5376.987366609047,1283.0289492565687,3129005599.9999995,,32602.0,0.0,0.0390186906499749,1427249.2266818217,1427249.2266818217,0.0,50.0621096660044,386814.5228140491,314052.90791767876,0.0037673780206627814,1457.2765313228106,1183.1560226142954
GIB,2018,22876.69352769253,609.5253200596215,22876.69352769253,609.5253200596215,0.0,0.0,22876.69352769253,609.5253200596215,22876.69352769253,609.5253200596215,3129005599.9999995,,32648.0,0.0,0.0246237940217641,1847459.9911298328,1847459.991129833,0.0,15.008825932197958,483994.2246193179,377437.9554171189,0.012382781569035255,5993.194764135599,4673.73175779345
GIB,2019,40471.76796565695,6581.496842819243,40471.76796565695,6581.496842819242,0.0,0.0,40471.76796565695,6581.496842819243,40471.76796565695,6581.496842819243,3129005599.9999995,,32685.0,0.0,0.0241957340066258,1963213.7710531517,1963213.7710531517,0.0,159.24414697430188,505895.75928217545,341783.7750413462,0.02061505912519459,10429.070988787256,7045.8927305095585
GIB,2020,8625.878045331649,2368.478491687298,8625.878045331649,2368.478491687298,0.0,0.0,8625.878045331649,2368.478491687298,8625.878045331649,2368.478491687298,3129005599.9999995,,32709.0,0.0,0.0306489472085151,2260991.9551695543,2260991.9551695543,0.0,72.59137225622747,563349.3285482804,384447.34187696414,0.0038150856864436673,2149.2259598121955,1466.699551186121
GIB,2021,82038.62813462078,4105.898874604862,82038.62813462078,4105.898874604862,0.0,0.0,82038.62813462078,4105.898874604862,82038.62813462078,4105.898874604862,3129005599.9999995,,32669.0,0.0,0.0175105281350684,2591966.6485114046,2591966.6485114046,0.0,71.8964577635141,648078.2463460602,446996.3310126248,0.03165111255645842,20512.39752049134,14147.931185204534
GIN,2016,0.0,150.49852140049634,0.0,150.49852140049634,0.0,0.0,0.0,150.49852140049634,0.0,150.49852140049634,8595955600.36601,57107436.989999995,11930985.0,0.35,0.2642746112855506,1193038.0603271483,1193038.060327148,52.674482490173716,39.77293824216628,325661.45965313714,328743.9549268799,0.0,0.0,0.0
GIN,2017,0.0,203.24993904185098,0.0,203.24993904185098,0.0,0.0,0.0,203.24993904185098,0.0,203.24993904185098,10324668271.1032,62016390.27000001,12240789.0,0.35,0.2636413467037971,1427249.2266818217,1427249.2266818217,71.13747866464784,53.585087646458256,386814.5228140491,314052.90791767876,0.0,0.0,0.0
GIN,2018,622.2692821439027,86.11605128759938,622.2692821439027,86.11605128759938,0.0,0.0,622.2692821439027,86.11605128759938,622.2692821439027,86.11605128759938,11857030367.2441,73205450.42999999,12554864.0,0.35,0.1855692926049111,1847459.9911298328,1847459.991129833,30.14061795065978,15.980494719368059,483994.2246193179,377437.9554171189,0.00033682422630616624,163.02098024405458,127.13024731195235
GIN,2019,196.9854881231863,631.8584618624118,196.9854881231863,631.8584618624118,0.0,0.0,196.9854881231863,631.8584618624118,196.9854881231863,631.8584618624118,13442861496.4128,123802340.58,12877539.0,0.35,0.0929883827720164,1963213.7710531517,1963213.7710531517,221.15046165184413,58.75549650939948,505895.75928217545,341783.7750413462,0.00010033827748544921,50.760709073566936,34.29399526012295
GIN,2020,1817.3745554218456,233.5629254917306,1817.3745554218453,233.5629254917306,0.0,0.0,1817.3745554218456,233.5629254917306,1817.3745554218456,233.5629254917306,14177835841.3923,109505946.13,13205153.0,0.35,0.0386003816827898,2260991.9551695543,2260991.9551695543,81.7470239221057,9.015618070929797,563349.3285482804,384447.34187696414,0.0008037952330023034,452.8175048021562,309.0169407411106
GIN,2021,887.4255464343049,3751.271850882068,887.4255464343048,3751.271850882068,0.0,0.0,887.4255464343049,3751.271850882068,887.4255464343049,3751.271850882068,16091817842.1318,110786208.90000002,13531906.0,0.35,0.0352834714092177,2591966.6485114046,2591966.6485114046,1312.9451478087237,132.35789309880062,648078.2463460602,446996.3310126248,0.00034237537236212634,221.8860309125262,153.04053527495168
GLP,2016,7.233762781767335,957.5675085584741,7.233762781767335,957.5675085584741,0.0,0.0,7.233762781767335,957.5675085584741,7.233762781767335,957.5675085584741,9637517699.115046,,395700.0,0.15,-0.0283953210675186,1193038.0603271483,1193038.060327148,143.63512628377111,-27.190436849341737,325661.45965313714,328743.9549268799,6.063312665635942e-06,1.9745872530243547,1.9932773856594022
GLP,2017,3896.76618713666,1813.3480932234586,3896.7661871366595,1813.3480932234586,0.0,0.0,3896.76618713666,1813.3480932234586,3896.76618713666,1813.3480932234586,9930582064.2978,,402119.0,0.15,-0.0283953210675186,1427249.2266818217,1427249.2266818217,272.0022139835188,-51.49060131425276,386814.5228140491,314052.90791767876,0.002730263302504048,1056.105496514813,857.4471295323214
GLP,2018,9476.197385987842,779.2850726989388,9476.197385987842,779.2850726989388,0.0,0.0,9476.197385987842,779.2850726989388,9476.197385987842,779.2850726989388,10659979073.7,,402119.0,0.15,-0.0283953210675186,1847459.9911298328,1847459.991129833,116.89276090484083,-22.12804984241094,483994.2246193179,377437.9554171189,0.005129311287652068,2482.557039498278,1935.9967651093461
GLP,2019,4114.775440065106,978.5693844040256,4114.775440065106,978.5693844040255,0.0,0.0,4114.775440065106,978.5693844040256,4114.775440065106,978.5693844040256,10287553260.000002,,384239.0,0.15,-0.0283953210675186,1963213.7710531517,1963213.7710531517,146.78540766060382,-27.786791856996334,505895.75928217545,341783.7750413462,0.0020959385578564705,1060.326428135587,716.3577925588995
GLP,2020,877.5740897726736,1208.6409903426836,877.5740897726735,1208.6409903426836,0.0,0.0,877.5740897726736,1208.6409903426836,877.5740897726736,1208.6409903426836,10717280970.0,,383559.0,0.15,-0.0283953210675186,2260991.9551695543,2260991.9551695543,181.29614855140252,-34.31974897614415,563349.3285482804,384447.34187696414,0.0003881367590743432,218.6565826094369,149.21814531087088
GLP,2021,4104.669737552665,11810.241071477496,4104.669737552665,11810.241071477496,0.0,0.0,4104.669737552665,11810.241071477496,4104.669737552665,11810.241071477496,10361049099.999998,,384315.0,0.15,-0.0283953210675186,2591966.6485114046,2591966.6485114046,1771.5361607216244,-335.35558710939836,648078.2463460602,446996.3310126248,0.0015836120962088853,1026.3045502034627,707.8687967525835
GMB,2016,0.0,-0.0,0.0,0.0,0.0,0.0,0.0,0.0,0.0,-0.0,,,,,,1193038.0603271483,1193038.060327148,,,325661.45965313714,328743.9549268799,0.0,0.0,0.0
GMB,2017,0.0,69.53158456784733,0.0,69.53158456784733,0.0,0.0,0.0,69.53158456784733,0.0,69.53158456784733,1504909462.69521,15966728.17,2381182.0,0.3,0.2691447826388072,1427249.2266818217,1427249.2266818217,20.8594753703542,18.714063215045112,386814.5228140491,314052.90791767876,0.0,0.0,0.0
GMB,2018,643.1115025422038,26.52650738003827,643.1115025422038,26.52650738003827,0.0,0.0,643.1115025422038,26.52650738003827,643.1115025422038,26.52650738003827,1670671327.81651,17866147.73,2444916.0,0.31,0.2904284868680265,1847459.9911298328,1847459.991129833,8.223217287811865,7.704053400278054,483994.2246193179,377437.9554171189,0.0003481057807097097,168.48118742009825,131.38833413995278
GMB,2019,0.0,347.2801035903217,0.0,347.2801035903217,0.0,0.0,0.0,347.2801035903217,0.0,347.2801035903217,1813609692.49994,23590076.4,2508883.0,0.31,0.0835040697664077,1963213.7710531517,1963213.7710531517,107.65683211299972,28.999301998691514,505895.75928217545,341783.7750413462,0.0,0.0,0.0
GMB,2020,0.0,1475.4140764437539,0.0,1475.4140764437539,0.0,0.0,0.0,1475.4140764437539,0.0,1475.4140764437539,1812170891.19069,43949610.18,2573995.0,0.31,0.0818537894370136,2260991.9551695543,2260991.9551695543,457.3783636975637,120.76823314563292,563349.3285482804,384447.34187696414,0.0,0.0,0.0
GMB,2021,0.0,4190.102468658248,0.0,4190.102468658248,0.0,0.0,0.0,4190.102468658248,0.0,4190.102468658248,2014158842.65394,32938674.610000007,2639916.0,0.27,0.0776150224435085,2591966.6485114046,2591966.6485114046,1131.327666537727,325.2148971455103,648078.2463460602,446996.3310126248,0.0,0.0,0.0
GNB,2016,0.0,22.282011775562626,0.0,22.282011775562626,0.0,0.0,0.0,22.282011775562626,0.0,22.282011775562626,1245074264.10396,6034164.820000001,1834552.0,0.25,-0.0283953210675186,1193038.0603271483,1193038.060327148,5.570502943890657,-0.6327048783973309,325661.45965313714,328743.9549268799,0.0,0.0,0.0
GNB,2017,0.0,39.75871754141325,0.0,39.75871754141325,0.0,0.0,0.0,39.75871754141325,0.0,39.75871754141325,1469978606.12143,7326206.140000001,1879826.0,0.25,-0.0283953210675186,1427249.2266818217,1427249.2266818217,9.939679385353312,-1.1289615498212129,386814.5228140491,314052.90791767876,0.0,0.0,0.0
GNB,2018,0.0,-0.0,0.0,0.0,0.0,0.0,0.0,0.0,0.0,-0.0,,,,,,1847459.9911298328,1847459.991129833,,,483994.2246193179,377437.9554171189,0.0,0.0,0.0
GNB,2019,0.0,-0.0,0.0,0.0,0.0,0.0,0.0,0.0,0.0,-0.0,,,,,,1963213.7710531517,1963213.7710531517,,,505895.75928217545,341783.7750413462,0.0,0.0,0.0
GNB,2020,0.0,-0.0,0.0,0.0,0.0,0.0,0.0,0.0,0.0,-0.0,,,,,,2260991.9551695543,2260991.9551695543,,,563349.3285482804,384447.34187696414,0.0,0.0,0.0
GNB,2021,0.0,-0.0,0.0,0.0,0.0,0.0,0.0,0.0,0.0,-0.0,,,,,,2591966.6485114046,2591966.6485114046,,,648078.2463460602,446996.3310126248,0.0,0.0,0.0
GNQ,2016,369.81719084715115,39.51675342752079,369.81719084715115,39.51675342752079,0.0,0.0,369.81719084715115,39.51675342752079,369.81719084715115,39.51675342752079,11240808847.8878,78066634.17000002,1398927.0,0.35,-0.0283953210675186,1193038.0603271483,1193038.060327148,13.830863699632276,-1.122090901120419,325661.45965313714,328743.9549268799,0.00030997937378941787,100.94833533062722,101.90384528529084
GNQ,2017,493.1449938176279,99.25410326863954,493.1449938176279,99.25410326863954,0.0,0.0,493.1449938176279,99.25410326863954,493.1449938176279,99.25410326863954,12200913878.9827,72085278.07000002,1450694.0,0.35,-0.0254195724011007,1427249.2266818217,1427249.2266818217,34.73893614402384,-2.5229968641435083,386814.5228140491,314052.90791767876,0.0003455212899040269,133.65265287632087,108.51196584182695
GNQ,2018,569.9284653280989,126.71379848245994,569.9284653280989,126.71379848245992,0.0,0.0,569.9284653280989,126.71379848245994,569.9284653280989,126.71379848245994,13097012133.6159,81770802.53000002,1502091.0,0.35,-0.0245081542373879,1847459.9911298328,1847459.991129833,44.34982946886097,-3.1055213172134164,483994.2246193179,377437.9554171189,0.00030849299474114915,149.3088277902338,116.43696519560335
GNQ,2019,2.4392517642297915,570.3394951916363,2.4392517642297915,570.3394951916363,0.0,0.0,2.4392517642297915,570.3394951916363,2.4392517642297915,570.3394951916363,11364133549.7478,73461345.4,1553031.0,0.35,-0.0226605602183114,1963213.7710531517,1963213.7710531517,199.6188233170727,-12.924212475671398,505895.75928217545,341783.7750413462,1.242478939479562e-06,0.6285648264801251,0.42465914234469304
GNQ,2020,0.0,2156.938507962531,0.0,2156.938507962531,0.0,0.0,0.0,2156.938507962531,0.0,2156.938507962531,9893816007.7398,85541732.61,1596049.0,0.35,0.0922110458991044,2260991.9551695543,2260991.9551695543,754.9284777868858,198.89355575927868,563349.3285482804,384447.34187696414,0.0,0.0,0.0
GNQ,2021,0.0,4159.123994719302,0.0,4159.123994719302,0.0,0.0,0.0,4159.123994719302,0.0,4159.123994719302,12215878032.7166,83186398.56,1634466.0,0.35,0.0974549226353146,2591966.6485114046,2591966.6485114046,1455.6933981517554,405.3271071360502,648078.2463460602,446996.3310126248,0.0,0.0,0.0
GRC,2016,0.0,1671.7389559513492,0.0,1671.7389559513492,0.0,0.0,0.0,1671.7389559513492,0.0,1671.7389559513492,193148146586.933,8387562573.539999,10775971.0,0.29,0.287692327409995,1193038.0603271483,1193038.060327148,484.8042972258912,480.94647105959876,325661.45965313714,328743.9549268799,0.0,0.0,0.0
GRC,2017,0.0,6677.977933339251,0.0,6677.977933339251,0.0,0.0,0.0,6677.977933339251,0.0,6677.977933339251,199844406013.531,8480399104.4,10754679.0,0.29,0.2400655622051211,1427249.2266818217,1427249.2266818217,1936.6136006683826,1603.15252696048,386814.5228140491,314052.90791767876,0.0,0.0,0.0
GRC,2018,0.0,902.6877507817928,0.0,902.6877507817928,0.0,0.0,0.0,902.6877507817928,0.0,902.6877507817928,212049447242.111,8982218056.710003,10732882.0,0.29,0.2444548059354279,1847459.9911298328,1847459.991129833,261.7794477267199,220.66635893765107,483994.2246193179,377437.9554171189,0.0,0.0,0.0
GRC,2019,0.0,3370.886562712131,0.0,3370.8865627121313,0.0,0.0,0.0,3370.886562712131,0.0,3370.886562712131,205252760889.364,8205079017.129999,10721582.0,0.24,0.2255910955004476,1963213.7710531517,1963213.7710531517,809.0127750509115,760.4419924899679,505895.75928217545,341783.7750413462,0.0,0.0,0.0
GRC,2020,0.0,4288.652513827391,0.0,4288.652513827391,0.0,0.0,0.0,4288.652513827391,0.0,4288.652513827391,188480337285.605,9690624843.02,10698599.0,0.24,0.202798217776106,2260991.9551695543,2260991.9551695543,1029.2766033185737,869.7310864652117,563349.3285482804,384447.34187696414,0.0,0.0,0.0
GRC,2021,0.0,1995.9887472938274,0.0,1995.9887472938274,0.0,0.0,0.0,1995.9887472938274,0.0,1995.9887472938274,214667807441.202,11670810615.009998,10569207.0,0.22,0.1892201432128315,2591966.6485114046,2591966.6485114046,439.11752440464204,377.6812766141382,648078.2463460602,446996.3310126248,0.0,0.0,0.0
GRD,2016,0.0,-0.0,0.0,0.0,0.0,0.0,0.0,0.0,0.0,-0.0,,,,,,1193038.0603271483,1193038.060327148,,,325661.45965313714,328743.9549268799,0.0,0.0,0.0
GRD,2017,0.0,-0.0,0.0,0.0,0.0,0.0,0.0,0.0,0.0,-0.0,,,,,,1427249.2266818217,1427249.2266818217,,,386814.5228140491,314052.90791767876,0.0,0.0,0.0
GRD,2018,52.199781045861904,27.943718083108,52.199781045861904,27.943718083108003,0.0,0.0,52.199781045861904,27.943718083108,52.199781045861904,27.943718083108,1166514814.81481,21761177.04,121838.0,0.3,0.0213487538146365,1847459.9911298328,1847459.991129833,8.3831154249324,0.5965635580218789,483994.2246193179,377437.9554171189,2.825489120007335e-05,13.67520415808269,10.664468365088831
GRD,2019,93.89693411322202,4.575385044369271,93.89693411322202,4.575385044369271,0.0,0.0,93.89693411322202,4.575385044369271,93.89693411322202,4.575385044369271,1213485185.18519,24768265.01,122724.0,0.28,0.0213487538146365,1963213.7710531517,1963213.7710531517,1.2811078124233959,0.09767876891940926,505895.75928217545,341783.7750413462,4.782817617607261e-05,24.196071501675906,16.346894606800674
GRD,2020,1306.7958256266436,422.9755852665451,1306.7958256266436,422.9755852665451,0.0,0.0,1306.7958256266436,422.9755852665451,1306.7958256266436,422.9755852665451,1043411111.11111,23872077.039999995,123663.0,0.28,0.0213487538146365,2260991.9551695543,2260991.9551695543,118.43316387463264,9.03000163945726,563349.3285482804,384447.34187696414,0.0005779745578655301,325.60157909153565,222.20078244391667
GRD,2021,0.0,-0.0,0.0,0.0,0.0,0.0,0.0,0.0,0.0,-0.0,,,,,,2591966.6485114046,2591966.6485114046,,,648078.2463460602,446996.3310126248,0.0,0.0,0.0
GRL,2016,0.0,38.104663910185714,0.0,38.104663910185714,0.0,0.0,0.0,38.104663910185714,0.0,38.104663910185714,2707139544.46695,,56186.0,0.318,0.2182674484861097,1193038.0603271483,1193038.060327148,12.117283123439057,8.317007767096984,325661.45965313714,328743.9549268799,0.0,0.0,0.0
GRL,2017,0.0,68.32366839940558,0.0,68.32366839940558,0.0,0.0,0.0,68.32366839940558,0.0,68.32366839940558,2851613679.03433,,56172.0,0.318,0.2378637075543325,1427249.2266818217,1427249.2266818217,21.726926551010973,16.2517210791954,386814.5228140491,314052.90791767876,0.0,0.0,0.0
GRL,2018,0.0,82.09135362869424,0.0,82.09135362869424,0.0,0.0,0.0,82.09135362869424,0.0,82.09135362869424,3055782146.15957,,56023.0,0.318,0.2303656854359188,1847459.9911298328,1847459.991129833,26.10505045392477,18.911030947036547,483994.2246193179,377437.9554171189,0.0,0.0,0.0
GRL,2019,0.0,69.03178530968627,0.0,69.03178530968627,0.0,0.0,0.0,69.03178530968627,0.0,69.03178530968627,2997309971.87623,,56225.0,0.318,0.2436012181112907,1963213.7710531517,1963213.7710531517,21.952107728480236,16.81622698983668,505895.75928217545,341783.7750413462,0.0,0.0,0.0
GRL,2020,0.0,63.30747922411352,0.0,63.30747922411352,0.0,0.0,0.0,63.30747922411352,0.0,63.30747922411352,3082884653.2456,,56367.0,0.265,0.3164976807129854,2260991.9551695543,2260991.9551695543,16.776481994390085,20.036670346217438,563349.3285482804,384447.34187696414,0.0,0.0,0.0
GRL,2021,0.0,188.7080458742414,0.0,188.7080458742414,0.0,0.0,0.0,188.7080458742414,0.0,188.7080458742414,3235809504.29871,,56653.0,0.265,0.2249826536250168,2591966.6485114046,2591966.6485114046,50.00763215667398,42.45603692117823,648078.2463460602,446996.3310126248,0.0,0.0,0.0
GTM,2016,0.0,541.8724171396681,0.0,541.8724171396681,0.0,0.0,0.0,541.8724171396681,0.0,541.8724171396681,66053403469.0024,1511053567.63,15827690.0,0.25,0.0760600498706354,1193038.0603271483,1193038.060327148,135.46810428491702,41.2148430711649,325661.45965313714,328743.9549268799,0.0,0.0,0.0
GTM,2017,0.0,670.7440488521701,0.0,670.7440488521701,0.0,0.0,0.0,670.7440488521701,0.0,670.7440488521701,71653754066.2763,1575883692.7200005,16087418.0,0.25,0.0792997462227373,1427249.2266818217,1427249.2266818217,167.68601221304252,53.1898328543884,386814.5228140491,314052.90791767876,0.0,0.0,0.0
GTM,2018,0.0,663.5098472431886,0.0,663.5098472431886,0.0,0.0,0.0,663.5098472431886,0.0,663.5098472431886,73328365862.4329,1612434784.35,16346950.0,0.25,0.0708137183137123,1847459.9911298328,1847459.991129833,165.87746181079714,46.985599421053436,483994.2246193179,377437.9554171189,0.0,0.0,0.0
GTM,2019,0.0,975.4259300634011,0.0,975.425930063401,0.0,0.0,0.0,975.4259300634011,0.0,975.4259300634011,77172317258.6478,1830937475.1,16604026.0,0.25,0.0746279717043699,1963213.7710531517,1963213.7710531517,243.85648251585025,72.79405870848018,505895.75928217545,341783.7750413462,0.0,0.0,0.0
GTM,2020,0.0,796.8630813061161,0.0,796.8630813061161,0.0,0.0,0.0,796.8630813061161,0.0,796.8630813061161,77715183063.2054,1921415548.64,16858333.0,0.25,0.0726589764250572,2260991.9551695543,2260991.9551695543,199.21577032652903,57.899255838619524,563349.3285482804,384447.34187696414,0.0,0.0,0.0
GTM,2021,0.0,2917.6147396557753,0.0,2917.6147396557753,0.0,0.0,0.0,2917.6147396557753,0.0,2917.6147396557753,86053083476.0294,2027251434.2000003,17109746.0,0.25,0.0724606035498841,2591966.6485114046,2591966.6485114046,729.4036849139438,211.41212496149544,648078.2463460602,446996.3310126248,0.0,0.0,0.0
GUF,2016,0.0,-0.0,0.0,0.0,0.0,0.0,0.0,0.0,0.0,-0.0,,,,,,1193038.0603271483,1193038.060327148,,,325661.45965313714,328743.9549268799,0.0,0.0,0.0
GUF,2017,1308.5548912451475,17.593653742467858,1308.5548912451475,17.593653742467858,0.0,0.0,1308.5548912451475,17.593653742467858,1308.5548912451475,17.593653742467858,4655386350.817822,,275191.0,0.28,0.28,1427249.2266818217,1427249.2266818217,4.926223047891001,4.926223047891001,386814.5228140491,314052.90791767876,0.0009168369943961197,354.64586448560203,287.93532417660595
GUF,2018,118.24101769239854,92.66453653094416,118.24101769239856,92.66453653094416,0.0,0.0,118.24101769239854,92.66453653094416,118.24101769239854,92.66453653094416,5141328300.0,,282938.0,0.28,0.28,1847459.9911298328,1847459.991129833,25.946070228664368,25.946070228664368,483994.2246193179,377437.9554171189,6.400193685390019e-05,30.976567801737968,24.15676018887164
GUF,2019,407.6158190025176,35.43868000025214,407.6158190025176,35.43868000025214,0.0,0.0,407.6158190025176,35.43868000025214,407.6158190025176,35.43868000025214,4918410000.000001,,281678.0,0.28,0.28,1963213.7710531517,1963213.7710531517,9.9228304000706,9.9228304000706,505895.75928217545,341783.7750413462,0.00020762681324502683,105.03752433393129,70.96347603068985
GUF,2020,25.254567655113792,19.441393083180603,25.254567655113792,19.441393083180603,0.0,0.0,25.254567655113792,19.441393083180603,25.254567655113792,19.441393083180603,5172750000.0,,285133.0,0.28,0.28,2260991.9551695543,2260991.9551695543,5.44359006329057,5.44359006329057,563349.3285482804,384447.34187696414,1.1169684879847316e-05,6.292434477157865,4.294155661660618
GUF,2021,0.0,-0.0,0.0,0.0,0.0,0.0,0.0,0.0,0.0,-0.0,,,,,,2591966.6485114046,2591966.6485114046,,,648078.2463460602,446996.3310126248,0.0,0.0,0.0
GUM,2016,7925.216021527512,304.36086197925823,7925.216021527512,304.36086197925823,0.0,0.0,7925.216021527512,304.36086197925823,7925.216021527512,304.36086197925823,5901000000.0,,168346.0,0.35,0.0453276666521896,1193038.0603271483,1193038.060327148,106.52630169274038,13.795967693768905,325661.45965313714,328743.9549268799,0.006642886161866707,2163.3320037831377,2183.808668981103
GUM,2017,2477.6528567416876,1886.616924907984,2477.6528567416876,1886.6169249079837,0.0,0.0,2477.6528567416876,1886.616924907984,2477.6528567416876,1886.616924907984,6013000000.0,,168606.0,0.35,0.0769504855257887,1427249.2266818217,1427249.2266818217,660.3159237177942,145.17608837283979,386814.5228140491,314052.90791767876,0.0017359637058637087,671.4959725061788,545.1844498660477
GUM,2018,22290.369248088733,3867.723164652019,22290.369248088733,3867.7231646520186,0.0,0.0,22290.369248088733,3867.723164652019,22290.369248088733,3867.723164652019,6051000000.0,,168678.0,0.21,0.0515457197799427,1847459.9911298328,1847459.991129833,812.2218645769238,199.36457443154612,483994.2246193179,377437.9554171189,0.012065413787097405,5839.590590597437,4553.945111063562
GUM,2019,665.7679342037195,4347.111095168722,665.7679342037195,4347.111095168722,0.0,0.0,665.7679342037195,4347.111095168722,665.7679342037195,4347.111095168722,6355000000.0,,168624.0,0.21,0.043350921564692,1963213.7710531517,1963213.7710531517,912.8933299854317,188.45127211966164,505895.75928217545,341783.7750413462,0.00033912146706600025,171.56011207023946,115.90621521137713
GUM,2020,25.1281027280144,677.8514576748283,25.1281027280144,677.8514576748283,0.0,0.0,25.1281027280144,677.8514576748283,25.1281027280144,677.8514576748283,5916000000.0,,169231.0,0.21,0.0429504688572452,2260991.9551695543,2260991.9551695543,142.34880611171394,29.114037922700977,563349.3285482804,384447.34187696414,1.1113751497682802e-05,6.260924443872052,4.2726522215652825
GUM,2021,4983.896600813395,3455.5387599654678,4983.896600813395,3455.5387599654678,0.0,0.0,4983.896600813395,3455.5387599654678,4983.896600813395,3455.5387599654678,6234000000.0,,170534.0,0.21,0.0427194200620336,2591966.6485114046,2591966.6485114046,725.6631395927482,147.61861182760353,648078.2463460602,446996.3310126248,0.0019228243556589366,1246.1406364469367,859.495432161259
GUY,2016,0.0,-0.0,0.0,0.0,0.0,0.0,0.0,0.0,0.0,-0.0,,,,,,1193038.0603271483,1193038.060327148,,,325661.45965313714,328743.9549268799,0.0,0.0,0.0
GUY,2017,0.0,100.96996450383342,0.0,100.96996450383342,0.0,0.0,0.0,100.96996450383342,0.0,100.96996450383342,4748174334.14044,132559241.59,763252.0,0.275,0.3780212198787103,1427249.2266818217,1427249.2266818217,27.766740238554195,38.168789152849186,386814.5228140491,314052.90791767876,0.0,0.0,0.0
GUY,2018,0.0,161.94493226974097,0.0,161.94493226974097,0.0,0.0,0.0,161.94493226974097,0.0,161.94493226974097,4787636997.85343,141306683.82999998,785514.0,0.275,0.3771561111406561,1847459.9911298328,1847459.991129833,44.53485637417877,61.078520873792456,483994.2246193179,377437.9554171189,0.0,0.0,0.0
GUY,2019,0.0,-0.0,0.0,0.0,0.0,0.0,0.0,0.0,0.0,-0.0,,,,,,1963213.7710531517,1963213.7710531517,,,505895.75928217545,341783.7750413462,0.0,0.0,0.0
GUY,2020,0.0,629.3357976389086,0.0,629.3357976389086,0.0,0.0,0.0,629.3357976389086,0.0,629.3357976389086,5471256594.72422,217445949.88000005,797202.0,0.25,0.3807518181605365,2260991.9551695543,2260991.9551695543,157.33394940972715,239.62074918452592,563349.3285482804,384447.34187696414,0.0,0.0,0.0
GUY,2021,712.6523438426874,869.3483303246112,712.6523438426874,869.3483303246112,0.0,0.0,712.6523438426874,869.3483303246112,712.6523438426874,869.3483303246112,8041362110.31175,255909445.46,804567.0,0.25,-0.0283953210675186,2591966.6485114046,2591966.6485114046,217.3370825811528,-24.68542495907855,648078.2463460602,446996.3310126248,0.0002749465716512871,178.18689199462753,122.90010875262509
HKG,2016,39217.51590656128,5716.6285257401805,39217.51590656128,5716.6285257401805,0.0,0.0,39217.51590656128,5716.6285257401805,39217.51590656128,5716.6285257401805,320860317562.562,,7336600.0,0.165,0.0791583230832665,1193038.0603271483,1193038.060327148,943.2437067471299,452.51872778755865,325661.45965313714,328743.9549268799,0.032871973837789614,10705.134981694302,10806.462685687884
HKG,2017,131460.9668293569,17135.577097397738,131460.9668293569,17135.577097397738,0.0,0.0,131460.9668293569,17135.577097397738,131460.9668293569,17135.577097397738,341273289534.466,,7393200.0,0.165,0.0744188393530778,1427249.2266818217,1427249.2266818217,2827.370221070627,1275.2097592335215,386814.5228140491,314052.90791767876,0.09210792647265077,35628.68362590993,28926.76215100372
HKG,2018,72806.23508081934,3675.5317299907224,72806.23508081934,3675.531729990723,0.0,0.0,72806.23508081934,3675.5317299907224,72806.23508081934,3675.5317299907224,361731070995.726,,7452600.0,0.165,0.0740215424150569,1847459.9911298328,1847459.991129833,606.4627354484693,272.06852784939576,483994.2246193179,377437.9554171189,0.039408829111527315,19073.645688988865,14874.387885237504
HKG,2019,295408.6118854959,23868.562126329765,295408.6118854959,23868.562126329765,0.0,0.0,295408.6118854959,23868.562126329765,295408.6118854959,23868.562126329765,363074545072.389,,7507900.0,0.165,0.0698575703502578,1963213.7710531517,1963213.7710531517,3938.3127508444113,1667.3997578995804,505895.75928217545,341783.7750413462,0.15047195381429404,76123.12332555473,51428.87241249651
HKG,2020,255335.7348041469,16816.938091631706,255335.73480414686,16816.938091631706,0.0,0.0,255335.7348041469,16816.938091631706,255335.7348041469,16816.938091631706,344943149590.058,,7481000.0,0.165,0.0685854473172448,2260991.9551695543,2260991.9551695543,2774.7947851192316,1153.3972215209735,563349.3285482804,384447.34187696414,0.11293084622452756,63619.51639297671,43415.963646935816
HKG,2021,397313.4432366024,2100.8863072544164,397313.4432366024,2100.8863072544164,0.0,0.0,397313.4432366024,2100.8863072544164,397313.4432366024,2100.8863072544164,368954169748.818,,7413100.0,0.165,0.0657392370165309,2591966.6485114046,2591966.6485114046,346.64624069697874,138.1106628973824,648078.2463460602,446996.3310126248,0.15328647977194612,99341.63299916367,68518.49405190084
HND,2016,0.0,931.6874105835846,0.0,931.6874105835847,0.0,0.0,0.0,931.6874105835846,0.0,931.6874105835846,21717604952.1835,671749066.71,9460798.0,0.3,0.1672971920015087,1193038.0603271483,1193038.060327148,279.5062231750754,155.86868761379043,325661.45965313714,328743.9549268799,0.0,0.0,0.0
HND,2017,0.0,691.7684364126358,0.0,691.7684364126358,0.0,0.0,0.0,691.7684364126358,0.0,691.7684364126358,23136247990.5977,660310782.89,9626842.0,0.3,0.1667709675120301,1427249.2266818217,1427249.2266818217,207.53053092379074,115.36689143481954,386814.5228140491,314052.90791767876,0.0,0.0,0.0
HND,2018,0.0,822.4470457892409,0.0,822.4470457892409,0.0,0.0,0.0,822.4470457892409,0.0,822.4470457892409,24067750760.499,685671891.01,9792850.0,0.3,0.171669279521627,1847459.9911298328,1847459.991129833,246.73411373677226,141.18889179532954,483994.2246193179,377437.9554171189,0.0,0.0,0.0
HND,2019,0.0,868.636652358184,0.0,868.636652358184,0.0,0.0,0.0,868.636652358184,0.0,868.636652358184,24882225741.8119,720773186.0099999,9958829.0,0.3,0.1797188187409047,1963213.7710531517,1963213.7710531517,260.5909957074552,156.11035307686672,505895.75928217545,341783.7750413462,0.0,0.0,0.0
HND,2020,0.0,1920.5376184337304,0.0,1920.5376184337304,0.0,0.0,0.0,1920.5376184337304,0.0,1920.5376184337304,23352232483.755,819004593.0999999,10121763.0,0.3,0.1865898691115363,2260991.9551695543,2260991.9551695543,576.1612855301191,358.3528628473314,563349.3285482804,384447.34187696414,0.0,0.0,0.0
HND,2021,0.0,4975.75371382417,0.0,4975.75371382417,0.0,0.0,0.0,4975.75371382417,0.0,4975.75371382417,28144331506.6149,979162133.35,10278345.0,0.3,0.2131262070666331,2591966.6485114046,2591966.6485114046,1492.7261141472509,1060.4635163250587,648078.2463460602,446996.3310126248,0.0,0.0,0.0
HRV,2016,174.32627705898398,416.6774073157625,174.32627705898398,416.6774073157625,0.0,0.0,174.32627705898398,416.6774073157625,174.32627705898398,416.6774073157625,52740059263.4245,2919490383.87,4174349.0,0.2,0.0809907229277303,1193038.0603271483,1193038.060327148,83.3354814631525,33.74700444615594,325661.45965313714,328743.9549268799,0.00014611962757598966,47.58553120036958,48.03594426177362
HRV,2017,0.0,1297.4036798310572,0.0,1297.4036798310572,0.0,0.0,0.0,1297.4036798310572,0.0,1297.4036798310572,56322449844.1579,3106692580.3700004,4124531.0,0.18,0.1120508929924882,1427249.2266818217,1427249.2266818217,233.53266236959027,145.3752408968102,386814.5228140491,314052.90791767876,0.0,0.0,0.0
HRV,2018,0.0,1094.758852288219,0.0,1094.758852288219,0.0,0.0,0.0,1094.758852288219,0.0,1094.758852288219,61861145806.2687,3468358020.9600005,4087843.0,0.18,0.1169576010236811,1847459.9911298328,1847459.991129833,197.05659341187942,128.04036906306854,483994.2246193179,377437.9554171189,0.0,0.0,0.0
HRV,2019,0.0,1344.9227259442205,0.0,1344.9227259442205,0.0,0.0,0.0,1344.9227259442205,0.0,1344.9227259442205,61867157679.3215,3457139086.299999,4065253.0,0.18,0.1236641185150883,1963213.7710531517,1963213.7710531517,242.08609066995967,166.3186833748017,505895.75928217545,341783.7750413462,0.0,0.0,0.0
HRV,2020,0.0,730.2689747100139,0.0,730.2689747100139,0.0,0.0,0.0,730.2689747100139,0.0,730.2689747100139,58221300897.8838,3632378429.21,4047680.0,0.18,0.1313987781892129,2260991.9551695543,2260991.9551695543,131.44841544780252,95.95645102638504,563349.3285482804,384447.34187696414,0.0,0.0,0.0
HRV,2021,0.0,1092.8960054442584,0.0,1092.8960054442584,0.0,0.0,0.0,1092.8960054442584,0.0,1092.8960054442584,69602166351.4771,4698649456.329999,3878981.0,0.18,0.14209377448366,2591966.6485114046,2591966.6485114046,196.7212809799665,155.2937185316893,648078.2463460602,446996.3310126248,0.0,0.0,0.0
HTI,2016,47.61706653236555,152.12247432404604,47.61706653236555,152.12247432404604,0.0,0.0,47.61706653236555,152.12247432404604,47.61706653236555,152.12247432404604,14069277526.2278,70636530.27999999,10713849.0,0.3,0.0034540811142789,1193038.0603271483,1193038.060327148,45.63674229721381,0.5254433656200643,325661.45965313714,328743.9549268799,3.99124454749652e-05,12.997945251703415,13.12097517624351
HTI,2017,0.5653481383247766,702.5680808981489,0.5653481383247766,702.5680808981489,0.0,0.0,0.5653481383247766,702.5680808981489,0.5653481383247766,702.5680808981489,15093357161.1498,70870310.05,10863543.0,0.3,0.0034540811142789,1427249.2266818217,1427249.2266818217,210.77042426944465,2.4267271397254664,386814.5228140491,314052.90791767876,3.9611031329065156e-07,0.15322122181724687,0.12439959574511188
HTI,2018,1.812153725039882,72.88222679852352,1.812153725039882,72.88222679852352,0.0,0.0,1.812153725039882,72.88222679852352,1.812153725039882,72.88222679852352,16403864617.8458,83309086.72999997,11012421.0,0.3,0.0034540811142789,1847459.9911298328,1847459.991129833,21.864668039557056,0.25174112315137165,483994.2246193179,377437.9554171189,9.808892932678024e-07,0.47474475293254076,0.3702248493415421
HTI,2019,2.2167698911155718,114.47623813033502,2.2167698911155718,114.47623813033502,0.0,0.0,2.2167698911155718,114.47623813033502,2.2167698911155718,114.47623813033502,15016090929.5125,57071719.900000006,11160438.0,0.3,0.0034540811142789,1963213.7710531517,1963213.7710531517,34.342871439100506,0.3954102121596843,505895.75928217545,341783.7750413462,1.1291535969240894e-06,0.5712340162621117,0.3859263789582299
HTI,2020,3745.422120208269,378.94810774269314,3745.422120208269,378.94810774269314,0.0,0.0,3745.422120208269,378.94810774269314,3745.422120208269,378.94810774269314,14508222518.3018,62840764.53,11306801.0,0.3,0.0034540811142789,2260991.9551695543,2260991.9551695543,113.68443232280794,1.3089175022457622,563349.3285482804,384447.34187696414,0.001656539339578232,933.2103246652088,636.8521458154729
HTI,2021,0.0,-0.0,0.0,0.0,0.0,0.0,0.0,0.0,0.0,-0.0,,,,,,2591966.6485114046,2591966.6485114046,,,648078.2463460602,446996.3310126248,0.0,0.0,0.0
HUN,2016,0.0,1241.4390895950335,0.0,1241.4390895950335,0.0,0.0,0.0,1241.4390895950335,0.0,1241.4390895950335,128609822750.039,6085173129.14,9814023.0,0.19,0.0895096765468724,1193038.0603271483,1193038.060327148,235.87342702305637,111.1208113622952,325661.45965313714,328743.9549268799,0.0,0.0,0.0
HUN,2017,0.0,10541.154375264854,0.0,10541.154375264854,0.0,0.0,0.0,10541.154375264854,0.0,10541.154375264854,143112196040.326,6607384207.019999,9787966.0,0.09,0.0927310679971708,1427249.2266818217,1427249.2266818217,948.7038937738369,977.4925031413597,386814.5228140491,314052.90791767876,0.0,0.0,0.0
HUN,2018,0.0,6472.091404808142,0.0,6472.091404808142,0.0,0.0,0.0,6472.091404808142,0.0,6472.091404808142,160565642983.587,7313248303.710001,9775564.0,0.09,0.1009124260309062,1847459.9911298328,1847459.991129833,582.4882264327327,653.1144451529655,483994.2246193179,377437.9554171189,0.0,0.0,0.0
HUN,2019,3562.9317461556516,4307.194716983274,3562.9317461556516,4307.194716983274,0.0,0.0,3562.9317461556516,4307.194716983274,3562.9317461556516,4307.194716983274,164020460331.659,7039725968.39,9771141.0,0.09,0.1225138842529482,1963213.7710531517,1963213.7710531517,387.6475245284946,527.6911550113988,505895.75928217545,341783.7750413462,0.0018148465534878267,918.1231751573633,620.2851061718459
HUN,2020,6817.772468817837,2713.9029836821774,6817.772468817837,2713.9029836821774,0.0,0.0,6817.772468817837,2713.9029836821774,6817.772468817837,2713.9029836821774,157288955508.176,8074891202.860001,9750149.0,0.09,0.1298870113594291,2260991.9551695543,2260991.9551695543,244.25126853139597,352.5007476699155,563349.3285482804,384447.34187696414,0.0030153899721888063,1698.7179161437818,1159.2586595304394
HUN,2021,1742.1293853958725,6760.979037024963,1742.1293853958728,6760.979037024963,0.0,0.0,1742.1293853958725,6760.979037024963,1742.1293853958725,6760.979037024963,182109999477.691,9709441219.0,9709891.0,0.09,0.1266559318616409,2591966.6485114046,2591966.6485114046,608.4881133322466,856.3181002314162,648078.2463460602,446996.3310126248,0.0006721264667492527,435.5905418936292,300.43806461339494
IDN,2016,0.0,7886.815548965901,0.0,7886.815548965901,0.0,0.0,0.0,7886.815548965901,0.0,7886.815548965901,931877364037.698,12818747403.79,261850182.0,0.25,-0.0283953210675186,1193038.0603271483,1193038.060327148,1971.7038872414753,-223.94865971318472,325661.45965313714,328743.9549268799,0.0,0.0,0.0
IDN,2017,0.0,20160.011561398936,0.0,20160.011561398936,0.0,0.0,0.0,20160.011561398936,0.0,20160.011561398936,1015618744159.73,13709277209.729998,264498852.0,0.25,-0.0283953210675186,1427249.2266818217,1427249.2266818217,5040.002890349734,-572.4500010108097,386814.5228140491,314052.90791767876,0.0,0.0,0.0
IDN,2018,0.0,12416.525812852715,0.0,12416.525812852715,0.0,0.0,0.0,12416.525812852715,0.0,12416.525812852715,1042271532988.63,14548589062.2,267066843.0,0.25,-0.0283953210675186,1847459.9911298328,1847459.991129833,3104.1314532131787,-352.5712369990852,483994.2246193179,377437.9554171189,0.0,0.0,0.0
IDN,2019,0.0,11472.47566861442,0.0,11472.47566861442,0.0,0.0,0.0,11472.47566861442,0.0,11472.47566861442,1119099871350.2,15644083297.439997,269582878.0,0.25,-0.0283953210675186,1963213.7710531517,1963213.7710531517,2868.118917153605,-325.7646300496015,505895.75928217545,341783.7750413462,0.0,0.0,0.0
IDN,2020,0.0,8185.555073145972,0.0,8185.555073145972,0.0,0.0,0.0,8185.555073145972,0.0,8185.555073145972,1059054842698.48,19987074461.5,271857970.0,0.22,-0.0283953210675186,2260991.9551695543,2260991.9551695543,1800.8221160921137,-232.43146441783557,563349.3285482804,384447.34187696414,0.0,0.0,0.0
IDN,2021,0.0,16725.436858286535,0.0,16725.436858286535,0.0,0.0,0.0,16725.436858286535,0.0,16725.436858286535,1186509691086.73,26127081788.2,273753191.0,0.22,0.1922311018951593,2591966.6485114046,2591966.6485114046,3679.596108823038,3215.149156946332,648078.2463460602,446996.3310126248,0.0,0.0,0.0
IMN,2016,434280.2072131378,413.0789542360719,434280.2072131379,413.07895423607187,0.0,0.0,434280.2072131378,413.0789542360719,434280.2072131378,413.0789542360719,6846377563.00683,,83450.0,0.0,0.0474526896591964,1193038.0603271483,1193038.060327148,0.0,19.601707420109708,325661.45965313714,328743.9549268799,0.3640120308433848,118544.68929575947,119666.75466041971
IMN,2017,96946.56488225206,4801.095168470434,96946.56488225206,4801.095168470434,0.0,0.0,96946.56488225206,4801.095168470434,96946.56488225206,4801.095168470434,6979788333.50279,,83580.0,0.0,0.025043636743161,1427249.2266818217,1427249.2266818217,0.0,120.23688336851892,386814.5228140491,314052.90791767876,0.0679254632406709,26274.55565036335,21332.189252388092
IMN,2018,14753.175579659912,4371.277542930069,14753.175579659912,4371.277542930069,0.0,0.0,14753.175579659912,4371.277542930069,14753.175579659912,4371.277542930069,7491649455.92717,,83775.0,0.0,0.0221725106093167,1847459.9911298328,1847459.991129833,0.0,96.9221976968848,483994.2246193179,377437.9554171189,0.00798565362740952,3865.0102354765145,3014.0887777987487
IMN,2019,54769.31863404764,3527.6588480226774,54769.31863404764,3527.6588480226774,0.0,0.0,54769.31863404764,3527.6588480226774,54769.31863404764,3527.6588480226774,7314967866.28289,,83933.0,0.0,0.0180024918948199,1963213.7710531517,1963213.7710531517,0.0,63.50664981921796,505895.75928217545,341783.7750413462,0.027897786497629872,14113.371882510486,9535.010784457434
IMN,2020,27067.03407704737,3104.575455583173,27067.03407704737,3104.575455583173,0.0,0.0,27067.03407704737,3104.575455583173,27067.03407704737,3104.575455583173,6684225641.02564,,84046.0,0.0,0.0189961696655759,2260991.9551695543,2260991.9551695543,0.0,58.97504209384056,563349.3285482804,384447.34187696414,0.011971309325166345,6744.029070176228,4602.338048847115
IMN,2021,20506.316475355306,4794.46681310243,20506.316475355306,4794.46681310243,0.0,0.0,20506.316475355306,4794.46681310243,20506.316475355306,4794.46681310243,7931193222.06405,,84263.0,0.0,0.0002789107733725,2591966.6485114046,2591966.6485114046,0.0,1.3372284467511841,648078.2463460602,446996.3310126248,0.007911489326890958,5127.264128957064,3536.4067019657987
IND,2016,0.0,18065.48556868341,0.0,18065.48556868341,0.0,0.0,0.0,18065.48556868341,0.0,18065.48556868341,2294796885663.67,21542961051.04,1338636340.0,0.4792,0.2882699831023917,1193038.0603271483,1193038.060327148,8656.98068451309,5207.737219620868,325661.45965313714,328743.9549268799,0.0,0.0,0.0
IND,2017,0.0,22900.137827837607,0.0,22900.137827837607,0.0,0.0,0.0,22900.137827837607,0.0,22900.137827837607,2651474262755.59,25386360965.31,1354195680.0,0.4792,0.2921785156294994,1427249.2266818217,1427249.2266818217,10973.746047099781,6690.928278248542,386814.5228140491,314052.90791767876,0.0,0.0,0.0
IND,2018,0.0,30634.86153545265,0.0,30634.86153545265,0.0,0.0,0.0,30634.86153545265,0.0,30634.86153545265,2702929641648.14,27089505452.050003,1369003306.0,0.4832,0.2847531247315608,1847459.9911298328,1847459.991129833,14802.76509393072,8723.372547938841,483994.2246193179,377437.9554171189,0.0,0.0,0.0
IND,2019,0.0,28611.33627837716,0.0,28611.33627837716,0.0,0.0,0.0,28611.33627837716,0.0,28611.33627837716,2835606256558.84,29561483599.1,1383112050.0,0.4054999999999999,0.2634503119429778,1963213.7710531517,1963213.7710531517,11601.896860881936,7537.6654676439,505895.75928217545,341783.7750413462,0.0,0.0,0.0
IND,2020,0.0,42303.306810231334,0.0,42303.306810231334,0.0,0.0,0.0,42303.306810231334,0.0,42303.306810231334,2674851578586.86,32457854011.840004,1396387127.0,0.2517,0.2622467718798392,2260991.9551695543,2260991.9551695543,10647.742324135226,11093.905650825584,563349.3285482804,384447.34187696414,0.0,0.0,0.0
IND,2021,0.0,56869.744149623126,0.0,56869.744149623126,0.0,0.0,0.0,56869.744149623126,0.0,56869.744149623126,3167270623260.52,35713458920.909996,1407563842.0,0.2517,0.2490949820512549,2591966.6485114046,2591966.6485114046,14314.11460246014,14165.967898209832,648078.2463460602,446996.3310126248,0.0,0.0,0.0
IRL,2016,40333.27984386532,2406.9654452644563,40333.27984386532,2406.9654452644563,0.0,0.0,40333.27984386532,2406.9654452644563,40333.27984386532,2406.9654452644563,298559265006.398,16188018282.349998,4755335.0,0.125,0.1141547108518117,1193038.0603271483,1193038.060327148,300.87068065805704,274.7664444344662,325661.45965313714,328743.9549268799,0.0338072029594809,11009.703062574406,11113.91360591547
IRL,2017,40145.046420041144,7382.28684760168,40145.046420041144,7382.286847601679,0.0,0.0,40145.046420041144,7382.28684760168,40145.046420041144,7382.28684760168,337241811320.896,17493815770.020004,4807388.0,0.125,0.1217566455497765,1427249.2266818217,1427249.2266818217,922.7858559502099,898.8424830502146,386814.5228140491,314052.90791767876,0.028127565718408847,10880.150911287124,8833.54380651191
IRL,2018,28967.98093399839,7375.983393310486,28967.98093399839,7375.983393310485,0.0,0.0,28967.98093399839,7375.983393310486,28967.98093399839,7375.983393310486,386693357874.056,18289660950.94,4867316.0,0.125,0.114973242338994,1847459.9911298328,1847459.991129833,921.9979241638106,848.0407261674817,483994.2246193179,377437.9554171189,0.01567989622134265,7588.97921376011,5918.187970936179
IRL,2019,57059.67666677,4271.301583707836,57059.67666677,4271.301583707836,0.0,0.0,57059.67666677,4271.301583707836,57059.67666677,4271.301583707836,398933010007.356,19891652847.3,4934340.0,0.125,0.1066204794359542,1963213.7710531517,1963213.7710531517,533.9126979634794,455.40822267047986,505895.75928217545,341783.7750413462,0.029064423603834415,14703.568647160593,9933.748418719335
IRL,2020,64765.66419666216,3424.777390080229,64765.66419666216,3424.777390080229,0.0,0.0,64765.66419666216,3424.777390080229,64765.66419666216,3424.777390080229,428608687830.239,23624509902.07999,4985382.0,0.125,0.1085680873062011,2260991.9551695543,2260991.9551695543,428.0971737600286,371.82153069053385,563349.3285482804,384447.34187696414,0.0286448008134577,16137.029304660631,11012.417531328912
IRL,2021,116949.66996076134,14679.07368947109,116949.66996076136,14679.07368947109,0.0,0.0,116949.66996076134,14679.07368947109,116949.66996076134,14679.07368947109,513391778882.86,26209810708.25,5033164.0,0.125,0.1003692380563036,2591966.6485114046,2591966.6485114046,1834.8842111838862,1473.3274415845467,648078.2463460602,446996.3310126248,0.04512005199909762,29241.324174618232,20168.497698695483
IRN,2016,221.01975874484742,259.6788883416536,221.01975874484742,259.6788883416536,0.0,0.0,221.01975874484742,259.6788883416536,221.01975874484742,259.6788883416536,457954614593.746,16735790072.939997,83306231.0,0.25,0.1062321571176392,1193038.0603271483,1193038.060327148,64.9197220854134,27.58624846644443,325661.45965313714,328743.9549268799,0.00018525792771794774,60.331367152942235,60.902423839556185
IRN,2017,3390.6481397025805,1037.2537203683637,3390.6481397025805,1037.2537203683637,0.0,0.0,3390.6481397025805,1037.2537203683637,3390.6481397025805,1037.2537203683637,486630147094.486,18171919852.01,84505076.0,0.25,0.0955866381865296,1427249.2266818217,1427249.2266818217,259.3134300920909,99.14759607648253,386814.5228140491,314052.90791767876,0.002375652462314111,918.9368735820535,746.0805639915403
IRN,2018,28096.1600979814,3683.956090041439,28096.160097981403,3683.956090041439,0.0,0.0,28096.1600979814,3683.956090041439,28096.1600979814,3683.956090041439,329691934142.938,18194075785.540005,85617562.0,0.25,0.1040063641699681,1847459.9911298328,1847459.991129833,920.9890225103597,383.15487868702166,483994.2246193179,377437.9554171189,0.015207993803859813,7360.581169114522,5740.074087325061
IRN,2019,469.4342634497947,8777.983790378354,469.4342634497947,8777.983790378354,0.0,0.0,469.4342634497947,8777.983790378354,469.4342634497947,8777.983790378354,283649531542.741,14569009496.929996,86564202.0,0.25,0.1043064460032768,1963213.7710531517,1963213.7710531517,2194.4959475945884,915.6002922487388,505895.75928217545,341783.7750413462,0.00023911520506397533,120.96736822175288,81.7256974565511
IRN,2020,228.28289138323288,5093.840508947727,228.28289138323288,5093.840508947727,0.0,0.0,228.28289138323288,5093.840508947727,228.28289138323288,5093.840508947727,239735486745.385,15182732522.4,87290193.0,0.25,0.1077588979927305,2260991.9551695543,2260991.9551695543,1273.4601272369318,548.9066397949366,563349.3285482804,384447.34187696414,0.00010096581319596676,56.87902307027898,38.81603850363553
IRN,2021,4378.264151205779,9968.666743839247,4378.264151205779,9968.666743839247,0.0,0.0,4378.264151205779,9968.666743839247,4378.264151205779,9968.666743839247,359096907772.273,19064306191.26,87923432.0,0.25,0.1030357782482215,2591966.6485114046,2591966.6485114046,2492.1666859598117,1027.1293360486409,648078.2463460602,446996.3310126248,0.001689166854720243,1094.7122929929853,755.051386528084
IRQ,2016,0.0,1018.5091680593512,0.0,1018.5091680593512,0.0,0.0,0.0,1018.5091680593512,0.0,1018.5091680593512,166743557747.671,4264289472.15,38697943.0,0.15,0.3994102332953833,1193038.0603271483,1193038.060327148,152.77637520890266,406.8029844280722,325661.45965313714,328743.9549268799,0.0,0.0,0.0
IRQ,2017,0.0,506.71034584030986,0.0,506.71034584030986,0.0,0.0,0.0,506.71034584030986,0.0,506.71034584030986,187217660050.676,3225898733.2,39621162.0,0.15,0.3606659511221113,1427249.2266818217,1427249.2266818217,76.00655187604647,182.7531688259093,386814.5228140491,314052.90791767876,0.0,0.0,0.0
IRQ,2018,0.0,891.2502403677036,0.0,891.2502403677036,0.0,0.0,0.0,891.2502403677036,0.0,891.2502403677036,227367469034.031,4603916317.649999,40590700.0,0.15,0.3386930695435211,1847459.9911298328,1847459.991129833,133.68753605515553,301.8602796415385,483994.2246193179,377437.9554171189,0.0,0.0,0.0
IRQ,2019,0.0,3349.431266517532,0.0,3349.431266517532,0.0,0.0,0.0,3349.431266517532,0.0,3349.431266517532,233636097800.338,4916183264.21,41563520.0,0.15,0.3098564401297629,1963213.7710531517,1963213.7710531517,502.4146899776298,1037.8428487024455,505895.75928217545,341783.7750413462,0.0,0.0,0.0
IRQ,2020,0.0,309.1469364900738,0.0,309.1469364900738,0.0,0.0,0.0,309.1469364900738,0.0,309.1469364900738,180898797936.279,4704692848.6,42556984.0,0.15,0.3115811350049051,2260991.9551695543,2260991.9551695543,46.37204047351107,96.3243533548665,563349.3285482804,384447.34187696414,0.0,0.0,0.0
IRQ,2021,0.0,547.7904048565129,0.0,547.7904048565129,0.0,0.0,0.0,547.7904048565129,0.0,547.7904048565129,209691945713.103,5346926525.730001,43533592.0,0.15,0.2845327502774671,2591966.6485114046,2591966.6485114046,82.16856072847692,155.86431046943076,648078.2463460602,446996.3310126248,0.0,0.0,0.0
ISL,2016,0.0,612.0033889948174,0.0,612.0033889948174,0.0,0.0,0.0,612.0033889948174,0.0,612.0033889948174,20793168030.9524,1372324955.99,335439.0,0.2,0.22224636188525,1193038.0603271483,1193038.060327148,122.4006777989635,136.0155266655416,325661.45965313714,328743.9549268799,0.0,0.0,0.0
ISL,2017,85.52819960788935,399.4713460503381,85.52819960788935,399.4713460503381,0.0,0.0,85.52819960788935,399.4713460503381,85.52819960788935,399.4713460503381,24728285177.4603,1672357924.33,343400.0,0.2,0.2153182013990122,1427249.2266818217,1427249.2266818217,79.89426921006763,86.0134517420012,386814.5228140491,314052.90791767876,5.992520297715057e-05,23.17993879414153,18.819684252531278
ISL,2018,0.0,1514.1328799948487,0.0,1514.1328799948487,0.0,0.0,0.0,1514.1328799948487,0.0,1514.1328799948487,26260850582.0687,1812582422.9,352721.0,0.2,0.2096324682801867,1847459.9911298328,1847459.991129833,302.82657599896976,317.41141293750786,483994.2246193179,377437.9554171189,0.0,0.0,0.0
ISL,2019,30.771899965901582,3261.760955212671,30.771899965901582,3261.760955212671,0.0,0.0,30.771899965901582,3261.760955212671,30.771899965901582,3261.760955212671,24681343649.2952,1752001085.0800002,360563.0,0.2,0.1840291673339738,1963213.7710531517,1963213.7710531517,652.3521910425343,600.2591526302548,505895.75928217545,341783.7750413462,1.5674248224835048e-05,7.929535706880217,5.357203729219242
ISL,2020,66232.88998779308,1036.022923521971,66232.88998779308,1036.022923521971,0.0,0.0,66232.88998779308,1036.022923521971,66232.88998779308,1036.022923521971,21629953194.0659,1726757141.9800005,366463.0,0.2,0.1592053245750519,2260991.9551695543,2260991.9551695543,207.20458470439422,164.9403658065096,563349.3285482804,384447.34187696414,0.02929373093803255,16502.603654614628,11261.896992785601
ISL,2021,309.2557829639467,1830.1205870834945,309.2557829639467,1830.1205870834942,0.0,0.0,309.2557829639467,1830.1205870834945,309.2557829639467,1830.1205870834945,25797870984.2963,2081077802.83,372520.0,0.2,0.1519810508314741,2591966.6485114046,2591966.6485114046,366.02411741669886,278.14364997326373,648078.2463460602,446996.3310126248,0.00011931317987504033,77.32427637938818,53.33255364559237
ISR,2016,0.0,903.2433848796545,0.0,903.2433848796545,0.0,0.0,0.0,903.2433848796545,0.0,903.2433848796545,322102790386.835,14471039929.310003,8546000.0,0.25,0.1798429871221275,1193038.0603271483,1193038.060327148,225.81084621991363,162.44198843505856,325661.45965313714,328743.9549268799,0.0,0.0,0.0
ISR,2017,0.0,3924.4000521955268,0.0,3924.4000521955268,0.0,0.0,0.0,3924.4000521955268,0.0,3924.4000521955268,358245427458.541,16422858956.129995,8713300.0,0.24,0.1862383291447331,1427249.2266818217,1427249.2266818217,941.8560125269264,730.8737086163983,386814.5228140491,314052.90791767876,0.0,0.0,0.0
ISR,2018,0.0,4907.059704594359,0.0,4907.059704594359,0.0,0.0,0.0,4907.059704594359,0.0,4907.059704594359,376691526553.276,17606455353.089996,8882800.0,0.23,0.177054457986282,1847459.9911298328,1847459.991129833,1128.6237320567025,868.8167963032793,483994.2246193179,377437.9554171189,0.0,0.0,0.0
ISR,2019,0.0,2924.464528019479,0.0,2924.464528019479,0.0,0.0,0.0,2924.464528019479,0.0,2924.464528019479,402470513619.148,18715245932.64,9054000.0,0.23,0.1811084412927597,1963213.7710531517,1963213.7710531517,672.6268414444802,529.645212285574,505895.75928217545,341783.7750413462,0.0,0.0,0.0
ISR,2020,0.0,2624.2483397821848,0.0,2624.2483397821848,0.0,0.0,0.0,2624.2483397821848,0.0,2624.2483397821848,413267669231.522,21720564425.94,9215100.0,0.23,0.1859283259473498,2260991.9551695543,2260991.9551695543,603.5771181499025,487.9221006858136,563349.3285482804,384447.34187696414,0.0,0.0,0.0
ISR,2021,0.0,4698.88270835481,0.0,4698.88270835481,0.0,0.0,0.0,4698.88270835481,0.0,4698.88270835481,488526545878.891,26328108174.650005,9371400.0,0.23,0.1808681620903079,2591966.6485114046,2591966.6485114046,1080.7430229216063,849.8782793380628,648078.2463460602,446996.3310126248,0.0,0.0,0.0
ITA,2016,0.0,27764.042965318742,0.0,27764.04296531874,0.0,0.0,0.0,27764.042965318742,0.0,27764.042965318742,1877071687633.78,121854597620.7,60627498.0,0.3129275,0.1593766196999299,1193038.0603271483,1193038.060327148,8688.13255502978,4424.939317016118,325661.45965313714,328743.9549268799,0.0,0.0,0.0
ITA,2017,0.0,24222.169584393865,0.0,24222.169584393865,0.0,0.0,0.0,24222.169584393865,0.0,24222.169584393865,1961796197354.36,125526716392.04,60536709.0,0.278064,0.1598125375184531,1427249.2266818217,1427249.2266818217,6735.3133633148955,3871.006385484278,386814.5228140491,314052.90791767876,0.0,0.0,0.0
ITA,2018,0.0,30441.614621593133,0.0,30441.614621593133,0.0,0.0,0.0,30441.614621593133,0.0,30441.614621593133,2091932426266.98,134145746233.79,60421760.0,0.278064,0.1710459872099907,1847459.9911298328,1847459.991129833,8464.717128138673,5206.916025216485,483994.2246193179,377437.9554171189,0.0,0.0,0.0
ITA,2019,0.0,28067.658116797993,0.0,28067.658116797993,0.0,0.0,0.0,28067.658116797993,0.0,28067.658116797993,2011302198827.45,128393690827.78,59729081.0,0.278064,0.1706674268516208,1963213.7710531517,1963213.7710531517,7804.605286589316,4790.234988544923,505895.75928217545,341783.7750413462,0.0,0.0,0.0
ITA,2020,0.0,16142.156243168689,0.0,16142.156243168687,0.0,0.0,0.0,16142.156243168689,0.0,16142.156243168689,1897461635591.91,138651251702.47,59438851.0,0.2781,0.1776892167696661,2260991.9551695543,2260991.9551695543,4489.133651225212,2868.2870998222197,563349.3285482804,384447.34187696414,0.0,0.0,0.0
ITA,2021,0.0,51111.31439892183,0.0,51111.31439892183,0.0,0.0,0.0,51111.31439892183,0.0,51111.31439892183,2154875493744.93,149729039463.16998,59133173.0,0.2781,0.17968365196855,2591966.6485114046,2591966.6485114046,14214.056534340161,9183.867628111007,648078.2463460602,446996.3310126248,0.0,0.0,0.0
JAM,2016,0.0,157.29106038306972,0.0,157.29106038306972,0.0,0.0,0.0,157.29106038306972,0.0,157.29106038306972,14077096676.6213,510371944.8000001,2802695.0,0.25,0.2447481354882777,1193038.0603271483,1193038.060327148,39.32276509576743,38.49669375773042,325661.45965313714,328743.9549268799,0.0,0.0,0.0
JAM,2017,0.0,274.9067004563252,0.0,274.9067004563252,0.0,0.0,0.0,274.9067004563252,0.0,274.9067004563252,14808985132.7722,602021446.59,2808376.0,0.25,0.2494319972290881,1427249.2266818217,1427249.2266818217,68.7266751140813,68.57052734647986,386814.5228140491,314052.90791767876,0.0,0.0,0.0
JAM,2018,0.0,574.8223347434354,0.0,574.8223347434354,0.0,0.0,0.0,574.8223347434354,0.0,574.8223347434354,15730792876.2656,611739549.4,2811835.0,0.25,0.2480819680567798,1847459.9911298328,1847459.991129833,143.70558368585884,142.6030560861445,483994.2246193179,377437.9554171189,0.0,0.0,0.0
JAM,2019,0.0,3492.914171773172,0.0,3492.914171773172,0.0,0.0,0.0,3492.914171773172,0.0,3492.914171773172,15830766531.1474,629845351.24,2813773.0,0.25,0.2461614329545592,1963213.7710531517,1963213.7710531517,873.228542943293,859.8207577109713,505895.75928217545,341783.7750413462,0.0,0.0,0.0
JAM,2020,0.0,783.4833208096334,0.0,783.4833208096334,0.0,0.0,0.0,783.4833208096334,0.0,783.4833208096334,13812421835.7369,624686561.8899999,2820436.0,0.25,0.2049579192841435,2260991.9551695543,2260991.9551695543,195.87083020240834,160.58111122697355,563349.3285482804,384447.34187696414,0.0,0.0,0.0
JAM,2021,0.0,1006.223347728363,0.0,1006.2233477283629,0.0,0.0,0.0,1006.223347728363,0.0,1006.223347728363,14657586159.4316,749815531.8700001,2827695.0,0.25,0.2521303203178805,2591966.6485114046,2591966.6485114046,251.55583693209073,253.6994149740822,648078.2463460602,446996.3310126248,0.0,0.0,0.0
JEY,2016,191.756282650679,3006.2014581928142,191.756282650679,3006.2014581928142,0.0,0.0,191.756282650679,3006.2014581928142,191.756282650679,3006.2014581928142,5569872000.0,,102200.0,0.0,0.0033235547183202,1193038.0603271483,1193038.060327148,0.0,9.991275040597793,325661.45965313714,328743.9549268799,0.00016072939248735842,52.34336856659512,52.838816159288946
JEY,2017,17694.127967201875,913.6047019828096,17694.127967201875,913.6047019828096,0.0,0.0,17694.127967201875,913.6047019828096,17694.127967201875,913.6047019828096,5547856000.0,,102700.0,0.0,0.0038108520284936,1427249.2266818217,1427249.2266818217,0.0,3.4816123317924808,386814.5228140491,314052.90791767876,0.01239736384957695,4795.480381626251,3893.4281674731496
JEY,2018,22831.62640403991,1868.684183329587,22831.62640403991,1868.684183329587,0.0,0.0,22831.62640403991,1868.684183329587,22831.62640403991,1868.684183329587,6196605800.0,,103300.0,0.0,0.0047557885100687,1847459.9911298328,1847459.991129833,0.0,8.887066768025964,483994.2246193179,377437.9554171189,0.012358387469098587,5981.388160651465,4664.524498589113
JEY,2019,10571.318239487446,1144.328487560412,10571.318239487446,1144.328487560412,0.0,0.0,10571.318239487446,1144.328487560412,10571.318239487446,1144.328487560412,6399350000.0,,103200.0,0.0,0.0017568232069785,1963213.7710531517,1963213.7710531517,0.0,2.0103828433527395,505895.75928217545,341783.7750413462,0.0053847005330532795,2724.0971646761236,1840.4032756540992
JEY,2020,3459.7933179849742,14286.641120699687,3459.7933179849742,14286.641120699689,0.0,0.0,3459.7933179849742,14286.641120699687,3459.7933179849742,14286.641120699687,5976960000.0,,103300.0,0.0,0.0015065742681422,2260991.9551695543,2260991.9551695543,0.0,21.523885890628392,563349.3285482804,384447.34187696414,0.0015302103619052995,862.0429799169716,588.2853061470797
JEY,2021,101876.43259158658,7125.810661156663,101876.43259158658,7125.810661156664,0.0,0.0,101876.43259158658,7125.810661156663,101876.43259158658,7125.810661156663,6816580000.0,,103100.0,0.0,0.0012716473625325,2591966.6485114046,2591966.6485114046,0.0,9.061518333165841,648078.2463460602,446996.3310126248,0.039304684977368574,25472.51131331736,17569.049976490784
JOR,2016,339.32435880675405,124.8597447106554,339.32435880675405,124.8597447106554,0.0,0.0,339.32435880675405,124.8597447106554,339.32435880675405,124.8597447106554,39892551126.7606,1274008251.5099998,9964656.0,0.2,0.0364345196514386,1193038.0603271483,1193038.060327148,24.971948942131082,4.549204822333982,325661.45965313714,328743.9549268799,0.0002844203970439186,92.62476165644733,93.50148618609126
JOR,2017,244.73174599861144,320.85315781732334,244.73174599861144,320.85315781732334,0.0,0.0,244.73174599861144,320.85315781732334,244.73174599861144,320.85315781732334,41608435915.493,1325343155.25,10215381.0,0.2,0.0626564643055851,1427249.2266818217,1427249.2266818217,64.17063156346467,20.10352443011538,386814.5228140491,314052.90791767876,0.00017147092562634105,66.32744427263641,53.85094281628843
JOR,2018,141.77909315938115,551.2380184470356,141.77909315938115,551.2380184470356,0.0,0.0,141.77909315938115,551.2380184470356,141.77909315938115,551.2380184470356,43370860704.2254,1301189135.2400002,10459865.0,0.2,0.0560679021066668,1847459.9911298328,1847459.991129833,110.24760368940713,30.906759255761383,483994.2246193179,377437.9554171189,7.674271369345039e-05,37.14303020924383,28.96561294961725
JOR,2019,234.9191495143891,1033.410973290711,234.91914951438906,1033.410973290711,0.0,0.0,234.9191495143891,1033.410973290711,234.9191495143891,1033.410973290711,44502816901.4085,1351755939.49,10698683.0,0.2,0.0756727144998039,1963213.7710531517,1963213.7710531517,206.68219465814218,78.20101354279244,505895.75928217545,341783.7750413462,0.00011966050410718563,60.53574158139255,40.898018817104415
JOR,2020,575.5434698827939,238.39767307947233,575.5434698827939,238.39767307947233,0.0,0.0,575.5434698827939,238.39767307947233,575.5434698827939,238.39767307947233,43700383098.5916,1214137568.95,10928721.0,0.2,0.0756952890583757,2260991.9551695543,2260991.9551695543,47.67953461589447,18.04558077459481,563349.3285482804,384447.34187696414,0.00025455352398174864,143.4025568147167,97.86242566019732
JOR,2021,450.3554876246668,1339.5550182037653,450.3554876246668,1339.5550182037653,0.0,0.0,450.3554876246668,1339.5550182037653,450.3554876246668,1339.5550182037653,46296100140.8451,1186279369.2200005,11148278.0,0.2,0.0780415463500441,2591966.6485114046,2591966.6485114046,267.91100364075305,104.54094504158331,648078.2463460602,446996.3310126248,0.00017375049477712646,112.6039159569204,77.66583367700376
JPN,2016,0.0,4484.687978688155,0.0,4484.687978688155,0.0,0.0,0.0,4484.687978688155,0.0,4484.687978688155,5003677627544.24,448202189294.17,127076000.0,0.2996999999999999,0.2043756113419482,1193038.0603271483,1193038.060327148,1344.0609872128398,916.5608473222777,325661.45965313714,328743.9549268799,0.0,0.0,0.0
JPN,2017,0.0,34296.80378975041,0.0,34296.80378975041,0.0,0.0,0.0,34296.80378975041,0.0,34296.80378975041,4930837369151.42,442500526484.6499,126972000.0,0.2996999999999999,0.2067142987087726,1427249.2266818217,1427249.2266818217,10278.752095788195,7089.63974335063,386814.5228140491,314052.90791767876,0.0,0.0,0.0
JPN,2018,0.0,14197.647507514686,0.0,14197.647507514685,0.0,0.0,0.0,14197.647507514686,0.0,14197.647507514686,5040880939324.86,453523084263.67993,126811000.0,0.2974,0.2126825226008175,1847459.9911298328,1847459.991129833,4222.380368734867,3019.591486895432,483994.2246193179,377437.9554171189,0.0,0.0,0.0
JPN,2019,0.0,22219.811600906203,0.0,22219.811600906203,0.0,0.0,0.0,22219.811600906203,0.0,22219.811600906203,5117993853016.51,471409839926.49,126633000.0,0.2974,0.2198736616051156,1963213.7710531517,1963213.7710531517,6608.171970109504,4885.551336867073,505895.75928217545,341783.7750413462,0.0,0.0,0.0
JPN,2020,0.0,22436.51711660051,0.0,22436.51711660051,0.0,0.0,0.0,22436.51711660051,0.0,22436.51711660051,5055587093501.59,471485698743.66,126261000.0,0.2974,0.2241232067016763,2260991.9551695543,2260991.9551695543,6672.620190476991,5028.544163389554,563349.3285482804,384447.34187696414,0.0,0.0,0.0
JPN,2021,0.0,76555.14486006192,0.0,76555.14486006192,0.0,0.0,0.0,76555.14486006192,0.0,76555.14486006192,5034620784584.98,458973749105.76,125681593.0,0.2974,0.230761600470132,2591966.6485114046,2591966.6485114046,22767.500081382415,17665.987752130688,648078.2463460602,446996.3310126248,0.0,0.0,0.0
KAZ,2016,0.0,570.2070390758039,0.0,570.2070390758039,0.0,0.0,0.0,570.2070390758039,0.0,570.2070390758039,137278320084.171,2800823210.670001,17794055.0,0.2,0.0231630124770331,1193038.0603271483,1193038.060327148,114.04140781516078,13.207712760604947,325661.45965313714,328743.9549268799,0.0,0.0,0.0
KAZ,2017,0.0,1328.6829477370636,0.0,1328.6829477370636,0.0,0.0,0.0,1328.6829477370636,0.0,1328.6829477370636,166805788827.233,3157084403.26,18037776.0,0.2,0.0382433025758111,1427249.2266818217,1427249.2266818217,265.73658954741273,50.81322399762913,386814.5228140491,314052.90791767876,0.0,0.0,0.0
KAZ,2018,0.0,880.0644908112718,0.0,880.0644908112718,0.0,0.0,0.0,880.0644908112718,0.0,880.0644908112718,179339977690.485,3074419298.4300003,18276452.0,0.2,0.0325103776626906,1847459.9911298328,1847459.991129833,176.01289816225437,28.61122896379794,483994.2246193179,377437.9554171189,0.0,0.0,0.0
KAZ,2019,0.0,779.1753698815285,0.0,779.1753698815285,0.0,0.0,0.0,779.1753698815285,0.0,779.1753698815285,181667184854.501,3035208870.1899996,18513673.0,0.2,0.025297277217428,1963213.7710531517,1963213.7710531517,155.8350739763057,19.711015332885026,505895.75928217545,341783.7750413462,0.0,0.0,0.0
KAZ,2020,0.0,957.4361970481679,0.0,957.436197048168,0.0,0.0,0.0,957.4361970481679,0.0,957.4361970481679,171082365861.423,4225058790.2800007,18755666.0,0.2,0.0550776078977236,2260991.9551695543,2260991.9551695543,191.48723940963362,52.733295448106624,563349.3285482804,384447.34187696414,0.0,0.0,0.0
KAZ,2021,0.0,861.5448851162,0.0,861.5448851162,0.0,0.0,0.0,861.5448851162,0.0,861.5448851162,197112255360.612,5053880591.95,19191356.0,0.2,0.0431953646877524,2591966.6485114046,2591966.6485114046,172.30897702324,37.214745507462,648078.2463460602,446996.3310126248,0.0,0.0,0.0
KEN,2016,0.0,293.16661856250175,0.0,293.16661856250175,0.0,0.0,0.0,293.16661856250175,0.0,293.16661856250175,74815144163.8931,1522705599.43,47894670.0,0.3,0.3381876813585207,1193038.0603271483,1193038.060327148,87.94998556875052,99.14533898337032,325661.45965313714,328743.9549268799,0.0,0.0,0.0
KEN,2017,0.0,758.251623156274,0.0,758.251623156274,0.0,0.0,0.0,758.251623156274,0.0,758.251623156274,82036510877.2599,1404107792.8,48948137.0,0.3,0.2696899212899807,1427249.2266818217,1427249.2266818217,227.4754869468822,204.49282056701566,386814.5228140491,314052.90791767876,0.0,0.0,0.0
KEN,2018,0.0,762.8641575451162,0.0,762.8641575451162,0.0,0.0,0.0,762.8641575451162,0.0,762.8641575451162,92202979985.2863,1629293217.8,49953304.0,0.3,0.2806986692870091,1847459.9911298328,1847459.991129833,228.85924726353485,214.13495386966937,483994.2246193179,377437.9554171189,0.0,0.0,0.0
KEN,2019,0.0,1075.26697087341,0.0,1075.26697087341,0.0,0.0,0.0,1075.26697087341,0.0,1075.26697087341,100378436207.371,2016308639.2599993,50951450.0,0.3,0.286742853927273,1963213.7710531517,1963213.7710531517,322.58009126202296,308.3251199619755,505895.75928217545,341783.7750413462,0.0,0.0,0.0
KEN,2020,0.0,624.9313408815643,0.0,624.9313408815643,0.0,0.0,0.0,624.9313408815643,0.0,624.9313408815643,100657505750.545,2224453139.95,51985780.0,0.25,0.2806959728132985,2260991.9551695543,2260991.9551695543,156.23283522039108,175.41571067026976,563349.3285482804,384447.34187696414,0.0,0.0,0.0
KEN,2021,0.0,4754.844269710922,0.0,4754.844269710922,0.0,0.0,0.0,4754.844269710922,0.0,4754.844269710922,109703658904.994,2445523763.25,53005614.0,0.3,0.2671140358747066,2591966.6485114046,2591966.6485114046,1426.4532809132766,1270.0856428382065,648078.2463460602,446996.3310126248,0.0,0.0,0.0
KGZ,2016,1.3835048417032592,105.91753351469198,1.3835048417032592,105.917533514692,0.0,0.0,1.3835048417032592,105.91753351469198,1.3835048417032592,105.91753351469198,6813095379.1187,170138784.59,6079500.0,0.1,0.0822477059279671,1193038.0603271483,1193038.060327148,10.591753351469201,8.711474149131986,325661.45965313714,328743.9549268799,1.1596485373852046e-06,0.3776528353694913,0.3812274465051839
KGZ,2017,0.13490753834876842,276.95968963309025,0.13490753834876842,276.95968963309025,0.0,0.0,0.13490753834876842,276.95968963309025,0.13490753834876842,276.95968963309025,7702938379.42036,180839941.51,6198200.0,0.1,0.0678197220141981,1427249.2266818217,1427249.2266818217,27.695968963309028,18.783329160054762,386814.5228140491,314052.90791767876,9.45227615659052e-08,0.03656277691018176,0.02968514813418193
KGZ,2018,3.5780176332625766,83.77981062950398,3.5780176332625766,83.77981062950398,0.0,0.0,3.5780176332625766,83.77981062950398,3.5780176332625766,83.77981062950398,8271106235.41552,200551275.91999996,6322800.0,0.1,0.0737461188655687,1847459.9911298328,1847459.991129833,8.377981062950399,6.178435873218237,483994.2246193179,377437.9554171189,1.9367226627053526e-06,0.9373625834387379,0.7309926420215067
KGZ,2019,12.514381618191706,3100.747349704316,12.514381618191706,3100.747349704316,0.0,0.0,12.514381618191706,3100.747349704316,12.514381618191706,3100.747349704316,9371275264.36735,205024545.27,6456200.0,0.1,0.0845295770765936,1963213.7710531517,1963213.7710531517,310.0747349704316,262.10486209187434,505895.75928217545,341783.7750413462,6.374436550268521e-06,3.2248004185941443,2.178678987912311
KGZ,2020,15.858277741228699,218.84413507169887,15.858277741228699,218.84413507169887,0.0,0.0,15.858277741228699,218.84413507169887,15.858277741228699,218.84413507169887,8270468614.24051,183478676.96,6579900.0,0.1,0.0845295770765936,2260991.9551695543,2260991.9551695543,21.88441350716989,18.49880218330363,563349.3285482804,384447.34187696414,7.013858543357563e-06,3.951252500933103,2.6964592732948507
KGZ,2021,225.1266971004653,312.54998688058686,225.1266971004653,312.54998688058686,0.0,0.0,225.1266971004653,312.54998688058686,225.1266971004653,312.54998688058686,9249133946.26531,254133990.03000003,6773400.0,0.1,0.0845295770765936,2591966.6485114046,2591966.6485114046,31.254998688058688,26.419718206310886,648078.2463460602,446996.3310126248,8.685555318767626e-05,56.28919459528618,38.82411360296317
KHM,2016,67.20887921517088,191.5563521784381,67.20887921517088,191.5563521784381,0.0,0.0,67.20887921517088,191.5563521784381,67.20887921517088,191.5563521784381,20016747857.6367,266986320.01,15624584.0,0.2,0.1242853554730357,1193038.0603271483,1193038.060327148,38.31127043568762,23.807649323615195,325661.45965313714,328743.9549268799,5.6334228932093944e-05,18.3458872224597,18.519537216892825
KHM,2017,0.0,644.3539333715748,0.0,644.3539333715748,0.0,0.0,0.0,644.3539333715748,0.0,644.3539333715748,22177200588.1826,332311654.09,15830689.0,0.2,0.1087287342560161,1427249.2266818217,1427249.2266818217,128.87078667431499,70.05978758837666,386814.5228140491,314052.90791767876,0.0,0.0,0.0
KHM,2018,0.0,2211.9076093519247,0.0,2211.9076093519247,0.0,0.0,0.0,2211.9076093519247,0.0,2211.9076093519247,24571753583.3935,400830958.02,16025238.0,0.2,0.1022497383003885,1847459.9911298328,1847459.991129833,442.381521870385,226.16697420087226,483994.2246193179,377437.9554171189,0.0,0.0,0.0
KHM,2019,446.37868441097123,2307.867821163466,446.37868441097123,2307.867821163466,0.0,0.0,446.37868441097123,2307.867821163466,446.37868441097123,2307.867821163466,27089390032.798,451041645.5600001,16207746.0,0.2,0.2080121109452059,1963213.7710531517,1963213.7710531517,461.57356423269323,480.0644572627255,505895.75928217545,341783.7750413462,0.0002273714105884224,115.02623239868922,77.71185904738692
KHM,2020,1239.4332549429432,1651.3005942374068,1239.4332549429432,1651.3005942374068,0.0,0.0,1239.4332549429432,1651.3005942374068,1239.4332549429432,1651.3005942374068,25872797891.7664,494253019.5499999,16396860.0,0.2,0.2099419350017889,2260991.9551695543,2260991.9551695543,330.2601188474814,346.67724202380504,563349.3285482804,384447.34187696414,0.000548181187513335,308.81750390843627,210.74680040645927
KHM,2021,0.0,3704.629986620448,0.0,3704.6299866204486,0.0,0.0,0.0,3704.629986620448,0.0,3704.629986620448,26961061151.7337,539818540.14,16589023.0,0.2,0.2388883406508369,2591966.6485114046,2591966.6485114046,740.9259973240897,884.992910229091,648078.2463460602,446996.3310126248,0.0,0.0,0.0
KIR,2016,0.0,-0.0,0.0,0.0,0.0,0.0,0.0,0.0,0.0,-0.0,,,,,,1193038.0603271483,1193038.060327148,,,325661.45965313714,328743.9549268799,0.0,0.0,0.0
KIR,2017,293.55299291673913,402.9404097576887,293.55299291673913,402.9404097576887,0.0,0.0,293.55299291673913,402.9404097576887,293.55299291673913,402.9404097576887,223029864.54193,18547499.770000003,120362.0,0.35,0.35,1427249.2266818217,1427249.2266818217,141.02914341519104,141.02914341519104,386814.5228140491,314052.90791767876,0.00020567745802827555,79.55902778081402,64.59360378689625
KIR,2018,0.0,-0.0,0.0,0.0,0.0,0.0,0.0,0.0,0.0,-0.0,,,,,,1847459.9911298328,1847459.991129833,,,483994.2246193179,377437.9554171189,0.0,0.0,0.0
KIR,2019,0.0,-0.0,0.0,0.0,0.0,0.0,0.0,0.0,0.0,-0.0,,,,,,1963213.7710531517,1963213.7710531517,,,505895.75928217545,341783.7750413462,0.0,0.0,0.0
KIR,2020,0.0,-0.0,0.0,0.0,0.0,0.0,0.0,0.0,0.0,-0.0,,,,,,2260991.9551695543,2260991.9551695543,,,563349.3285482804,384447.34187696414,0.0,0.0,0.0
KIR,2021,0.0,-0.0,0.0,0.0,0.0,0.0,0.0,0.0,0.0,-0.0,,,,,,2591966.6485114046,2591966.6485114046,,,648078.2463460602,446996.3310126248,0.0,0.0,0.0
KNA,2016,0.0,412.1821664752317,0.0,412.18216647523167,0.0,0.0,0.0,412.1821664752317,0.0,412.1821664752317,1006818518.51852,21953523.840000004,47788.0,0.33,0.2166038838973851,1193038.0603271483,1193038.060327148,136.02011493682645,89.28025813177373,325661.45965313714,328743.9549268799,0.0,0.0,0.0
KNA,2017,0.0,875.37694233288,0.0,875.37694233288,0.0,0.0,0.0,875.37694233288,0.0,875.37694233288,1056977777.77778,23195843.59,47785.0,0.33,0.2166038838973851,1427249.2266818217,1427249.2266818217,288.8743909698504,189.61004558351914,386814.5228140491,314052.90791767876,0.0,0.0,0.0
KNA,2018,0.0,418.6167751565683,0.0,418.6167751565683,0.0,0.0,0.0,418.6167751565683,0.0,418.6167751565683,1076548148.14815,24214370.07,47761.0,0.33,0.2166038838973851,1847459.9911298328,1847459.991129833,138.14353580166753,90.67401936351108,483994.2246193179,377437.9554171189,0.0,0.0,0.0
KNA,2019,0.0,620.6508276022732,0.0,620.6508276022732,0.0,0.0,0.0,620.6508276022732,0.0,620.6508276022732,1107855555.55556,28302652.549999997,47712.0,0.33,0.2166038838973851,1963213.7710531517,1963213.7710531517,204.8147731087502,134.43537980277878,505895.75928217545,341783.7750413462,0.0,0.0,0.0
KNA,2020,0.0,178.30658513058194,0.0,178.30658513058194,0.0,0.0,0.0,178.30658513058194,0.0,178.30658513058194,883922222.222222,26936945.449999996,47642.0,0.33,0.2167900920134074,2260991.9551695543,2260991.9551695543,58.84117309309204,38.65510099705532,563349.3285482804,384447.34187696414,0.0,0.0,0.0
KNA,2021,2628.499782356966,1903.7179201961435,2628.499782356966,1903.7179201961437,0.0,0.0,2628.499782356966,1903.7179201961435,2628.499782356966,1903.7179201961435,858622222.222222,30496673.930000003,47606.0,0.33,0.2166468550010825,2591966.6485114046,2591966.6485114046,628.2269136647275,412.4345002196963,648078.2463460602,446996.3310126248,0.0010140947546013151,657.2127501907586,453.29663460593594
KOR,2016,0.0,1334.335668972456,0.0,1334.335668972456,0.0,0.0,0.0,1334.335668972456,0.0,1334.335668972456,1499679823909.61,58058654438.85999,51217803.0,0.242,0.2124860492886513,1193038.0603271483,1193038.060327148,322.90923189133434,283.5277147248868,325661.45965313714,328743.9549268799,0.0,0.0,0.0
KOR,2017,0.0,3991.2370680459044,0.0,3991.237068045905,0.0,0.0,0.0,3991.2370680459044,0.0,3991.2370680459044,1623074183501.9,65117959155.65001,51361911.0,0.242,0.2170783410680535,1427249.2266818217,1427249.2266818217,965.879370467109,866.4111215407268,386814.5228140491,314052.90791767876,0.0,0.0,0.0
KOR,2018,0.0,5892.309464188264,0.0,5892.309464188264,0.0,0.0,0.0,5892.309464188264,0.0,5892.309464188264,1725373496825.43,74158830806.77,51585058.0,0.275,0.2199986735076293,1847459.9911298328,1847459.991129833,1620.3851026517727,1296.3002660178681,483994.2246193179,377437.9554171189,0.0,0.0,0.0
KOR,2019,0.0,6744.003567594464,0.0,6744.003567594465,0.0,0.0,0.0,6744.003567594464,0.0,6744.003567594464,1651422932447.77,78143214967.65,51764822.0,0.275,0.2233783772096257,1963213.7710531517,1963213.7710531517,1854.600981088478,1506.4645728251778,505895.75928217545,341783.7750413462,0.0,0.0,0.0
KOR,2020,0.0,7016.293454921382,0.0,7016.293454921382,0.0,0.0,0.0,7016.293454921382,0.0,7016.293454921382,1644312831906.17,82147488913.84,51836239.0,0.275,0.2283768251001127,2260991.9551695543,2260991.9551695543,1929.4807001033803,1602.358823205646,563349.3285482804,384447.34187696414,0.0,0.0,0.0
KOR,2021,0.0,9466.774098603915,0.0,9466.774098603915,0.0,0.0,0.0,9466.774098603915,0.0,9466.774098603915,1818432106880.04,103084820347.46,51769539.0,0.275,0.2274927665265539,2591966.6485114046,2591966.6485114046,2603.362877116077,2153.6226297733283,648078.2463460602,446996.3310126248,0.0,0.0,0.0
KWT,2016,94.85082156428787,488.29071949816625,94.85082156428787,488.29071949816625,0.0,0.0,94.85082156428787,488.29071949816625,94.85082156428787,488.29071949816625,109406674087.947,4415977807.35,4048085.0,0.15,0.0725681791542293,1193038.0603271483,1193038.060327148,73.24360792472494,35.43436841189046,325661.45965313714,328743.9549268799,7.950360069676101e-05,25.89125865058736,26.136328123980658
KWT,2017,651.7681666423442,1209.3138509518765,651.7681666423442,1209.3138509518765,0.0,0.0,651.7681666423442,1209.3138509518765,651.7681666423442,1209.3138509518765,120687539675.517,4813418814.369999,4124904.0,0.15,0.0676378536520668,1427249.2266818217,1427249.2266818217,181.39707764278145,81.79539327010035,386814.5228140491,314052.90791767876,0.0004566603746968739,176.64286492645613,143.41551860433003
KWT,2018,16258.240649492787,1118.329328494819,16258.240649492789,1118.329328494819,0.0,0.0,16258.240649492787,1118.329328494819,16258.240649492787,1118.329328494819,138202535962.401,6326742475.32,4317185.0,0.15,0.0640741559942245,1847459.9911298328,1847459.991129833,167.74939927422284,71.65600784689337,483994.2246193179,377437.9554171189,0.008800320833768041,4259.304458340793,3321.5751025120844
KWT,2019,1565.661178356883,406.80072319995827,1565.661178356883,406.80072319995827,0.0,0.0,1565.661178356883,406.80072319995827,1565.661178356883,406.80072319995827,138696321087.864,6434157319.969999,4441100.0,0.15,0.0634882333233453,1963213.7710531517,1963213.7710531517,61.02010847999374,25.82705923062456,505895.75928217545,341783.7750413462,0.0007974990810689941,403.45140314423594,272.5722465197654
KWT,2020,1081.4614754362926,343.4692656592474,1081.4614754362926,343.4692656592474,0.0,0.0,1081.4614754362926,343.4692656592474,1081.4614754362926,343.4692656592474,107512998447.021,6007774216.12,4360444.0,0.15,0.0631625489192697,2260991.9551695543,2260991.9551695543,51.52038984888711,21.694394294467855,563349.3285482804,384447.34187696414,0.00047831283652453004,269.4572152921174,183.88609858748646
KWT,2021,4674.758995648597,4575.18062930513,4674.758995648597,4575.18062930513,0.0,0.0,4674.758995648597,4575.18062930513,4674.758995648597,4575.18062930513,141777271268.694,7094782581.800001,4250114.0,0.15,0.0617780280121215,2591966.6485114046,2591966.6485114046,686.2770943957695,282.645637077728,648078.2463460602,446996.3310126248,0.0018035567696572652,1168.8459084650456,806.1832588097792
LAO,2016,0.0,192.70865200178116,0.0,192.70865200178116,0.0,0.0,0.0,192.70865200178116,0.0,192.70865200178116,15912501722.6143,121722546.14,6891363.0,0.24,0.1607528837288904,1193038.0603271483,1193038.060327148,46.250076480427474,30.97847152879353,325661.45965313714,328743.9549268799,0.0,0.0,0.0
LAO,2017,2.0015183532921905,221.52939414576184,2.0015183532921905,221.52939414576184,0.0,0.0,2.0015183532921905,221.52939414576184,2.0015183532921905,221.52939414576184,17071155481.4994,151686489.60000002,6997917.0,0.24,0.094668143168899,1427249.2266818217,1427249.2266818217,53.16705459498284,20.97177640111044,386814.5228140491,314052.90791767876,1.4023607901652002e-06,0.5424535198608847,0.44041548410111486
LAO,2018,0.25988576021729953,133.17186045775793,0.25988576021729953,133.17186045775793,0.0,0.0,0.25988576021729953,133.17186045775793,0.25988576021729953,133.17186045775793,18141641089.7963,157692323.67000002,7105006.0,0.24,0.1022473238864109,1847459.9911298328,1847459.991129833,31.9612465098619,13.616466348780293,483994.2246193179,377437.9554171189,1.4067192873733832e-07,0.06808440107493201,0.05309492516720363
LAO,2019,666.8658421253543,56.36939898353227,666.8658421253543,56.369398983532264,0.0,0.0,666.8658421253543,56.36939898353227,666.8658421253543,56.36939898353227,18740561512.5555,180645129.04,7212053.0,0.24,0.1073860255211685,1963213.7710531517,1963213.7710531517,13.528655756047742,6.053285717858525,505895.75928217545,341783.7750413462,0.00033968070719451966,171.84302927967784,116.0973544136571
LAO,2020,24.73520409193596,253.96616722240245,24.73520409193596,253.96616722240248,0.0,0.0,24.73520409193596,253.96616722240245,24.73520409193596,253.96616722240245,18981805250.2424,146815510.97,7319399.0,0.24,0.1086617833893573,2260991.9551695543,2260991.9551695543,60.95188013337659,27.59641665094599,563349.3285482804,384447.34187696414,1.0939978815661481e-05,6.163029720135308,4.205845775871355
LAO,2021,637.0611377797445,4652.863014544674,637.0611377797445,4652.863014544674,0.0,0.0,637.0611377797445,4652.863014544674,637.0611377797445,4652.863014544674,18827148530.9347,134054017.16,7425057.0,0.2,0.0927104557633271,2591966.6485114046,2591966.6485114046,930.5726029089349,431.36905068276474,648078.2463460602,446996.3310126248,0.00024578292245604926,159.28656536712612,109.86406456341449
LBN,2016,0.0,180.20075498234252,0.0,180.20075498234252,0.0,0.0,0.0,180.20075498234252,0.0,180.20075498234252,51147308774.1294,1905210876.29,6258619.0,0.15,0.1467636204164701,1193038.0603271483,1193038.060327148,27.030113247351377,26.44691520298985,325661.45965313714,328743.9549268799,0.0,0.0,0.0
LBN,2017,0.0,212.83489671311744,0.0,212.83489671311744,0.0,0.0,0.0,212.83489671311744,0.0,212.83489671311744,53027680685.9038,1949771028.86,6109252.0,0.15,0.1645414814628611,1427249.2266818217,1427249.2266818217,31.925234506967616,35.02016921217137,386814.5228140491,314052.90791767876,0.0,0.0,0.0
LBN,2018,0.0,242.78408183259668,0.0,242.78408183259666,0.0,0.0,0.0,242.78408183259668,0.0,242.78408183259668,54901519155.5556,2070587610.73,5950839.0,0.15,0.1815959381315124,1847459.9911298328,1847459.991129833,36.4176122748895,44.088603103788266,483994.2246193179,377437.9554171189,0.0,0.0,0.0
LBN,2019,0.0,684.7780982864444,0.0,684.7780982864444,0.0,0.0,0.0,684.7780982864444,0.0,684.7780982864444,51605959131.2741,2229342304.7200003,5781907.0,0.17,0.1777590194147438,1963213.7710531517,1963213.7710531517,116.41227670869556,121.72548326809142,505895.75928217545,341783.7750413462,0.0,0.0,0.0
LBN,2020,0.0,729.7107844206512,0.0,729.7107844206512,0.0,0.0,0.0,729.7107844206512,0.0,729.7107844206512,31712128253.7961,1314505596.3600004,5662923.0,0.17,0.1853634553891552,2260991.9551695543,2260991.9551695543,124.0508333515107,135.2617124349428,563349.3285482804,384447.34187696414,0.0,0.0,0.0
LBN,2021,0.0,436.70457445812843,0.0,436.70457445812843,0.0,0.0,0.0,436.70457445812843,0.0,436.70457445812843,23131941556.7843,495658818.33,5592631.0,0.17,0.2202956805447015,2591966.6485114046,2591966.6485114046,74.23977765788185,96.20413142723767,648078.2463460602,446996.3310126248,0.0,0.0,0.0
LBR,2016,10.519675547203526,31.216117344054545,10.519675547203526,31.216117344054545,0.0,0.0,10.519675547203526,31.216117344054545,10.519675547203526,31.216117344054545,3398419600.0,45361272.059999995,4706097.0,0.25,0.000518740925207,1193038.0603271483,1193038.060327148,7.804029336013636,0.016193077592425137,325661.45965313714,328743.9549268799,8.81755234557972e-06,2.871536967429435,2.898717030860664
LBR,2017,107.95064066700202,458.19785934052004,107.95064066700202,458.19785934052004,0.0,0.0,107.95064066700202,458.19785934052004,107.95064066700202,458.19785934052004,3390703400.0,46077448.989999995,4796631.0,0.25,0.0006954981081043,1427249.2266818217,1427249.2266818217,114.54946483513001,0.3186757443087719,386814.5228140491,314052.90791767876,7.563545220337861e-05,29.256891351874717,23.753533706139656
LBR,2018,457.2809494098241,4430.737404504118,457.2809494098241,4430.737404504118,0.0,0.0,457.2809494098241,4430.737404504118,457.2809494098241,4430.737404504118,3422754800.0,55072004.029999994,4889391.0,0.25,0.0004114426990954,1847459.9911298328,1847459.991129833,1107.6843511260295,1.8229945566921213,483994.2246193179,377437.9554171189,0.0002475187292852655,119.79763545918092,93.42296310887396
LBR,2019,2398.3463345078703,6776.191898179536,2398.3463345078703,6776.191898179536,0.0,0.0,2398.3463345078703,6776.191898179536,2398.3463345078703,6776.191898179536,3319596500.0,41773542.1,4985289.0,0.25,0.0004365355939068,1963213.7710531517,1963213.7710531517,1694.047974544884,2.95804895469825,505895.75928217545,341783.7750413462,0.0012216429865512276,618.0240062530778,417.5377516962631
LBR,2020,561.6805365112745,3675.7422525369234,561.6805365112745,3675.7422525369234,0.0,0.0,561.6805365112745,3675.7422525369234,561.6805365112745,3675.7422525369234,3176126340.0,28232487.81,5087584.0,0.25,0.0004358136749926,2260991.9551695543,2260991.9551695543,918.9355631342308,1.6019387394036941,563349.3285482804,384447.34187696414,0.0002484221738281919,139.9484648226161,95.5052443915455
LBR,2021,2344.5598270422033,8285.734289413474,2344.5598270422033,8285.734289413474,0.0,0.0,2344.5598270422033,8285.734289413474,2344.5598270422033,8285.734289413474,3513049520.0,38098654.70999999,5193416.0,0.25,0.0004193935925928,2591966.6485114046,2591966.6485114046,2071.4335723533686,3.474983870906468,648078.2463460602,446996.3310126248,0.0009045486092148254,586.2182763947118,404.3299095415995
LBY,2016,0.0,576.8558280080122,0.0,576.8558280080122,0.0,0.0,0.0,576.8558280080122,0.0,576.8558280080122,49912073701.298,,6282196.0,0.2,0.4476869049163801,1193038.0603271483,1193038.060327148,115.37116560160244,258.25080022388266,325661.45965313714,328743.9549268799,0.0,0.0,0.0
LBY,2017,0.0,576.9739333271779,0.0,576.9739333271779,0.0,0.0,0.0,576.9739333271779,0.0,576.9739333271779,67157452181.7738,,6378261.0,0.2,0.4476869049163801,1427249.2266818217,1427249.2266818217,115.39478666543557,258.30367442867407,386814.5228140491,314052.90791767876,0.0,0.0,0.0
LBY,2018,0.0,577.7941224846227,0.0,577.7941224846227,0.0,0.0,0.0,577.7941224846227,0.0,577.7941224846227,76686029772.1483,,6477793.0,0.2,0.4476869049163801,1847459.9911298328,1847459.991129833,115.55882449692454,258.67086237401656,483994.2246193179,377437.9554171189,0.0,0.0,0.0
LBY,2019,0.0,693.9023410793181,0.0,693.9023410793181,0.0,0.0,0.0,693.9023410793181,0.0,693.9023410793181,72081962263.1794,,6569088.0,0.2,0.240331923802731,1963213.7710531517,1963213.7710531517,138.78046821586364,166.76688456281136,505895.75928217545,341783.7750413462,0.0,0.0,0.0
LBY,2020,0.0,122.6737707801882,0.0,122.67377078018822,0.0,0.0,0.0,122.6737707801882,0.0,122.6737707801882,65688454971.5663,,6653942.0,0.2,0.240503464701722,2260991.9551695543,2260991.9551695543,24.534754156037646,29.503466900660133,563349.3285482804,384447.34187696414,0.0,0.0,0.0
LBY,2021,0.0,3915.4192408669396,0.0,3915.4192408669396,0.0,0.0,0.0,3915.4192408669396,0.0,3915.4192408669396,47786789103.8172,,6735277.0,0.2,0.08420190803947,2591966.6485114046,2591966.6485114046,783.083848173388,329.6857708554495,648078.2463460602,446996.3310126248,0.0,0.0,0.0
LCA,2016,0.0,15.804388255122321,0.0,15.804388255122323,0.0,0.0,0.0,15.804388255122321,0.0,15.804388255122321,1868544444.44444,36617978.73000001,176413.0,0.3,0.1718220022509682,1193038.0603271483,1193038.060327148,4.741316476536697,2.715541634346803,325661.45965313714,328743.9549268799,0.0,0.0,0.0
LCA,2017,0.0,64.8567015284092,0.0,64.8567015284092,0.0,0.0,0.0,64.8567015284092,0.0,64.8567015284092,1998503703.7037,40719378.58,177163.0,0.3,0.1519125697808497,1427249.2266818217,1427249.2266818217,19.45701045852276,9.852548196690204,386814.5228140491,314052.90791767876,0.0,0.0,0.0
LCA,2018,0.0,30.99999459867409,0.0,30.99999459867409,0.0,0.0,0.0,30.99999459867409,0.0,30.99999459867409,2060955555.55556,40844248.36000001,177888.0,0.3,0.1545485883766096,1847459.9911298328,1847459.991129833,9.299998379602226,4.791005404907603,483994.2246193179,377437.9554171189,0.0,0.0,0.0
LCA,2019,22.503778174798995,94.15532101946357,22.503778174798995,94.15532101946357,0.0,0.0,22.503778174798995,94.15532101946357,22.503778174798995,94.15532101946357,2092081549.02444,43579980.46000001,178583.0,0.3,0.1306444312143295,1963213.7710531517,1963213.7710531517,28.24659630583907,12.300868360390421,505895.75928217545,341783.7750413462,1.146272428739485e-05,5.798943606813851,3.917773179203937
LCA,2020,1289.9008305447892,324.03875661211566,1289.9008305447892,324.03875661211566,0.0,0.0,1289.9008305447892,324.03875661211566,1289.9008305447892,324.03875661211566,1497825994.23221,45409158.21,179237.0,0.3,0.1306444312143295,2260991.9551695543,2260991.9551695543,97.2116269836347,42.3338590489884,563349.3285482804,384447.34187696414,0.0005705021760893696,321.3920178352792,219.32804513258188
LCA,2021,1096.5568723824354,513.1980919608019,1096.5568723824354,513.1980919608019,0.0,0.0,1096.5568723824354,513.1980919608019,1096.5568723824354,513.1980919608019,1834796401.63261,44529979.599999994,179651.0,0.3,-0.0283953210675186,2591966.6485114046,2591966.6485114046,153.95942758824057,-14.572424592464905,648078.2463460602,446996.3310126248,0.00042305979245998407,274.17584839699464,189.1061750285754
LKA,2016,1910.1673956767218,183.29923598913552,1910.167395676722,183.29923598913552,0.0,0.0,1910.1673956767218,183.29923598913552,1910.1673956767218,183.29923598913552,88012282205.8357,1373064668.17,21425494.0,0.28,0.1340658581219402,1193038.0603271483,1193038.060327148,51.32378607695795,24.574169365979476,325661.45965313714,328743.9549268799,0.001601095102659949,521.4149681757284,526.3503362624904
LKA,2017,326.01931010169886,430.22572702424344,326.01931010169886,430.2257270242434,0.0,0.0,326.01931010169886,430.22572702424344,326.01931010169886,430.22572702424344,94376237797.2367,1289043860.4200003,21506813.0,0.28,0.1282152379183066,1427249.2266818217,1427249.2266818217,120.46320356678815,55.1614939489898,386814.5228140491,314052.90791767876,0.00022842493378654933,88.35808176147484,71.73751469656905
LKA,2018,215.78037845512787,1272.2459271675486,215.78037845512785,1272.2459271675486,0.0,0.0,215.78037845512787,1272.2459271675486,215.78037845512787,1272.2459271675486,94493871200.7869,1572412635.27,21670000.0,0.28,0.1393610141318962,1847459.9911298328,1847459.991129833,356.22885960691366,177.30148263524413,483994.2246193179,377437.9554171189,0.00011679840402019487,56.52975299052804,44.08415080936495
LKA,2019,195.72354293506606,1101.6087938815397,195.72354293506606,1101.6087938815397,0.0,0.0,195.72354293506606,1101.6087938815397,195.72354293506606,1101.6087938815397,89014978344.1404,1642504586.6,21803000.0,0.28,0.1294179780541936,1963213.7710531517,1963213.7710531517,308.4504622868311,142.5679827108678,505895.75928217545,341783.7750413462,9.969548187820199e-05,50.435521501775355,34.074298150897995
LKA,2020,201.64388806130597,1141.4711780403006,201.64388806130597,1141.4711780403006,0.0,0.0,201.64388806130597,1141.4711780403006,201.64388806130597,1141.4711780403006,84304298770.5329,1678247533.75,21919000.0,0.28,0.1367307255050129,2260991.9551695543,2260991.9551695543,319.61192985128423,156.07418231651204,563349.3285482804,384447.34187696414,8.918381491816695e-05,50.241642251523466,34.28648058373643
LKA,2021,195.56477556939032,1374.7242985713303,195.56477556939032,1374.7242985713303,0.0,0.0,195.56477556939032,1374.7242985713303,195.56477556939032,1374.7242985713303,88609332762.4729,1680626578.4900002,22156000.0,0.24,0.1226244898367543,2591966.6485114046,2591966.6485114046,329.93383165711924,168.57486577849926,648078.2463460602,446996.3310126248,7.545034411677532e-05,48.89772670140653,33.72602699383855
LSO,2016,0.0,147.14210964864128,0.0,147.14210964864128,0.0,0.0,0.0,147.14210964864128,0.0,147.14210964864128,2114426453.70697,117915899.84000002,2143872.0,0.25,0.2036418965450204,1193038.0603271483,1193038.060327148,36.78552741216032,29.964298270484658,325661.45965313714,328743.9549268799,0.0,0.0,0.0
LSO,2017,0.0,52.85333496866678,0.0,52.85333496866677,0.0,0.0,0.0,52.85333496866678,0.0,52.85333496866678,2306741674.055,142815280.43000004,2170617.0,0.25,0.224175658430672,1427249.2266818217,1427249.2266818217,13.213333742166693,11.848431166857734,386814.5228140491,314052.90791767876,0.0,0.0,0.0
LSO,2018,0.0,132.5976905319694,0.0,132.5976905319694,0.0,0.0,0.0,132.5976905319694,0.0,132.5976905319694,2556247291.99785,143785167.85,2198017.0,0.25,0.2139916165835458,1847459.9911298328,1847459.991129833,33.14942263299235,28.374794152180854,483994.2246193179,377437.9554171189,0.0,0.0,0.0
LSO,2019,0.0,347.29870410012535,0.0,347.29870410012535,0.0,0.0,0.0,347.29870410012535,0.0,347.29870410012535,2390702295.82777,140265619.06,2225702.0,0.25,0.2377766779292693,1963213.7710531517,1963213.7710531517,86.82467602503134,82.5795321100681,505895.75928217545,341783.7750413462,0.0,0.0,0.0
LSO,2020,0.0,87.39889870464025,0.0,87.39889870464025,0.0,0.0,0.0,87.39889870464025,0.0,87.39889870464025,2053338465.24462,101349057.56000002,2254100.0,0.25,0.2492741313350786,2260991.9551695543,2260991.9551695543,21.84972467616006,21.786284554241725,563349.3285482804,384447.34187696414,0.0,0.0,0.0
LSO,2021,0.0,3941.607831600433,0.0,3941.6078316004337,0.0,0.0,0.0,3941.607831600433,0.0,3941.607831600433,2406780518.52811,107706586.99,2281454.0,0.25,0.2572618960295113,2591966.6485114046,2591966.6485114046,985.4019579001084,1014.0255041622984,648078.2463460602,446996.3310126248,0.0,0.0,0.0
LTU,2016,82.23565023098745,496.1623579780891,82.23565023098745,496.1623579780891,0.0,0.0,82.23565023098745,496.1623579780891,82.23565023098745,496.1623579780891,43047309305.7363,1877654867.26,2868231.0,0.15,0.1357984293528786,1193038.0603271483,1193038.060327148,74.42435369671337,67.3780689174452,325661.45965313714,328743.9549268799,6.892961169104466e-05,22.44771795662955,22.66019315888812
LTU,2017,1464.2520817515397,465.07853319727656,1464.2520817515397,465.07853319727656,0.0,0.0,1464.2520817515397,465.07853319727656,1464.2520817515397,465.07853319727656,47758736931.7801,2010075509.97,2828403.0,0.15,0.1267185164720329,1427249.2266818217,1427249.2266818217,69.76177997959148,58.934061769747984,386814.5228140491,314052.90791767876,0.0010259259941277005,396.8430738610354,322.1950417641398
LTU,2018,5383.288737248528,567.6762364961381,5383.288737248528,567.6762364961381,0.0,0.0,5383.288737248528,567.6762364961381,5383.288737248528,567.6762364961381,53751411409.4447,2315262039.6600003,2801543.0,0.15,0.1180218276765065,1847459.9911298328,1847459.991129833,85.15143547442072,66.99818695979496,483994.2246193179,377437.9554171189,0.002913886505307389,1410.3042397649438,1099.8113648807546
LTU,2019,48.145320560853804,1126.1341087431595,48.145320560853804,1126.1341087431595,0.0,0.0,48.145320560853804,1126.1341087431595,48.145320560853804,1126.1341087431595,54808531641.4117,2491581775.44,2794137.0,0.15,0.0974706366576834,1963213.7710531517,1963213.7710531517,168.92011631147392,109.76500854112861,505895.75928217545,341783.7750413462,2.4523728017161677e-05,12.406450005671566,8.381812339792745
LTU,2020,839.9014878531532,1182.990748949947,839.9014878531532,1182.990748949947,0.0,0.0,839.9014878531532,1182.990748949947,839.9014878531532,1182.990748949947,56964942999.3651,2918259378.1299996,2794885.0,0.15,0.0953678130150379,2260991.9551695543,2260991.9551695543,177.44861234249203,112.81924054437818,563349.3285482804,384447.34187696414,0.00037147477943598787,209.27006756788433,142.81249152849708
LTU,2021,5601.036591923762,1257.7826249487687,5601.036591923762,1257.7826249487687,0.0,0.0,5601.036591923762,1257.7826249487687,5601.036591923762,1257.7826249487687,66798933785.7702,3490888312.85,2800839.0,0.15,0.0921006734195887,2591966.6485114046,2591966.6485114046,188.66739374231528,115.84262677323957,648078.2463460602,446996.3310126248,0.002160921551649015,1400.446249684101,965.9240051932179
LUX,2016,7711.017912798222,18578.17578109308,7711.017912798222,18578.17578109308,0.0,0.0,7711.017912798222,18578.17578109308,7711.017912798222,18578.17578109308,62216885435.9488,2664001685.3599997,582014.0,0.2922,0.0240568740432857,1193038.0603271483,1193038.060327148,5428.542963235398,446.93283471977713,325661.45965313714,328743.9549268799,0.006463346115448948,2104.8627302005384,2124.785964053973
LUX,2017,45068.009795318125,6277.3838007373815,45068.009795318125,6277.3838007373815,0.0,0.0,45068.009795318125,6277.3838007373815,45068.009795318125,6277.3838007373815,65712180342.9836,2861001031.53,596336.0,0.2708,0.0257257860091932,1427249.2266818217,1427249.2266818217,1699.9155332396829,161.49063235534575,386814.5228140491,314052.90791767876,0.031576832520060764,12214.377403226452,9916.796075754608
LUX,2018,29138.92956587236,3419.3161701686954,29138.929565872364,3419.316170168696,0.0,0.0,29138.92956587236,3419.3161701686954,29138.92956587236,3419.3161701686954,71000359760.4611,3183469632.92,607950.0,0.2601,0.0269228939245276,1847459.9911298328,1847459.991129833,889.3641358608778,92.05788654387376,483994.2246193179,377437.9554171189,0.015772427931200914,7633.764026925659,5953.112950316331
LUX,2019,31380.707362681347,17527.678252407964,31380.707362681347,17527.678252407964,0.0,0.0,31380.707362681347,17527.678252407964,31380.707362681347,17527.678252407964,69890505323.5842,3279883334.6,620001.0,0.2494,0.0319027855399668,1963213.7710531517,1963213.7710531517,4371.402956150547,559.1817603001114,505895.75928217545,341783.7750413462,0.015984355766742304,8086.417797252518,5463.193455561097
LUX,2020,13447.044160553836,42328.24618939179,13447.044160553836,42328.24618939179,0.0,0.0,13447.044160553836,42328.24618939179,13447.044160553836,42328.24618939179,73699366700.2134,3711659399.519999,630419.0,0.2494,0.0353871914623885,2260991.9551695543,2260991.9551695543,10556.664599634314,1497.8777521711238,563349.3285482804,384447.34187696414,0.00594740911386632,3350.468930898515,2286.4656248807373
LUX,2021,34198.78499841327,51922.53920577869,34198.78499841327,51922.53920577869,0.0,0.0,34198.78499841327,51922.53920577869,34198.78499841327,51922.53920577869,85584105993.8746,4212086811.22,640064.0,0.2494,0.0372306873056,2591966.6485114046,2591966.6485114046,12949.481277921206,1933.111821283103,648078.2463460602,446996.3310126248,0.013194145464045232,8550.838654373258,5897.7346132750845
LVA,2016,22.127426016726627,245.15200189086346,22.127426016726627,245.15200189086346,0.0,0.0,22.127426016726627,245.15200189086346,22.127426016726627,245.15200189086346,28083597512.4841,961899290.85,1959537.0,0.15,0.0528703566378403,1193038.0603271483,1193038.060327148,36.772800283629515,12.96127377045045,325661.45965313714,328743.9549268799,1.8547124984980753e-05,6.040083794978001,6.097255220085721
LVA,2017,140.35845409143644,298.0300385610805,140.35845409143644,298.0300385610805,0.0,0.0,140.35845409143644,298.0300385610805,140.35845409143644,298.0300385610805,30483806017.8318,1039546910.8799998,1942248.0,0.15,0.0600762198364339,1427249.2266818217,1427249.2266818217,44.70450578416207,17.904518114456344,386814.5228140491,314052.90791767876,9.834193739081753e-05,38.04008958443818,30.884571407844547
LVA,2018,1300.4408286540022,390.6310608871671,1300.4408286540022,390.6310608871671,0.0,0.0,1300.4408286540022,390.6310608871671,1300.4408286540022,390.6310608871671,34429023435.0211,1272370615.87,1927174.0,0.2,0.0601846866034811,1847459.9911298328,1847459.991129833,78.12621217743343,23.510007977079496,483994.2246193179,377437.9554171189,0.0007039074377241071,340.68713452505006,265.68138409748997
LVA,2019,82.89580349404135,970.5951248085596,82.89580349404135,970.5951248085596,0.0,0.0,82.89580349404135,970.5951248085596,82.89580349404135,970.5951248085596,34225547537.0745,1359679457.63,1913822.0,0.2,0.0598747261511287,1963213.7710531517,1963213.7710531517,194.11902496171194,58.11411730153309,505895.75928217545,341783.7750413462,4.222454259251273e-05,21.361217035181784,14.431663566663111
LVA,2020,502.5503339224892,1549.1428696536748,502.55033392248913,1549.1428696536748,0.0,0.0,502.5503339224892,1549.1428696536748,502.5503339224892,1549.1428696536748,34390910338.9604,1589478577.86,1900449.0,0.2,0.0561369625963146,2260991.9551695543,2260991.9551695543,309.828573930735,86.9641753300958,563349.3285482804,384447.34187696414,0.00022226984610602133,125.21556856035673,85.45105151486179
LVA,2021,5643.9738784471365,709.1346476199348,5643.9738784471365,709.1346476199348,0.0,0.0,5643.9738784471365,709.1346476199348,5643.9738784471365,709.1346476199348,39443126174.4335,2491193455.109999,1884490.0,0.2,0.0622894743137186,2591966.6485114046,2591966.6485114046,141.82692952398696,44.17162441788982,648078.2463460602,446996.3310126248,0.002177487075957761,1411.1820056279162,973.3287337805277
MAC,2016,0.0,299.09719661437236,0.0,299.09719661437236,0.0,0.0,0.0,299.09719661437236,0.0,299.09719661437236,45070808688.9611,,626688.0,0.12,0.2796697186225209,1193038.0603271483,1193038.060327148,35.89166359372468,83.64842881792633,325661.45965313714,328743.9549268799,0.0,0.0,0.0
MAC,2017,0.0,2532.210031049318,0.0,2532.210031049318,0.0,0.0,0.0,2532.210031049318,0.0,2532.210031049318,50383871120.8733,,638609.0,0.12,0.2697904731871727,1427249.2266818217,1427249.2266818217,303.86520372591815,683.1661424861007,386814.5228140491,314052.90791767876,0.0,0.0,0.0
MAC,2018,0.0,748.2779747902542,0.0,748.2779747902542,0.0,0.0,0.0,748.2779747902542,0.0,748.2779747902542,55190661339.7796,,650991.0,0.12,0.2578902289215133,1847459.9911298328,1847459.991129833,89.7933569748305,192.97357821558504,483994.2246193179,377437.9554171189,0.0,0.0,0.0
MAC,2019,0.0,656.5689979186977,0.0,656.5689979186977,0.0,0.0,0.0,656.5689979186977,0.0,656.5689979186977,55082293844.1008,,663653.0,0.12,0.2621830846699294,1963213.7710531517,1963213.7710531517,78.78827975024373,172.14128517296862,505895.75928217545,341783.7750413462,0.0,0.0,0.0
MAC,2020,0.0,7960.005395444136,0.0,7960.005395444136,0.0,0.0,0.0,7960.005395444136,0.0,7960.005395444136,25343525935.8358,,676283.0,0.12,0.2690055024963071,2260991.9551695543,2260991.9551695543,955.2006474532964,2141.285251274766,563349.3285482804,384447.34187696414,0.0,0.0,0.0
MAC,2021,0.0,7060.968455227228,0.0,7060.968455227228,0.0,0.0,0.0,7060.968455227228,0.0,7060.968455227228,30969334705.0515,,686607.0,0.12,0.2409302523986848,2591966.6485114046,2591966.6485114046,847.3162146272674,1701.2009120970476,648078.2463460602,446996.3310126248,0.0,0.0,0.0
MAR,2016,0.0,1471.1773981107588,0.0,1471.1773981107588,0.0,0.0,0.0,1471.1773981107588,0.0,1471.1773981107588,111572947004.917,2237247921.01,35107264.0,0.31,0.2239104428210477,1193038.0603271483,1193038.060327148,456.0649934143352,329.4119826792968,325661.45965313714,328743.9549268799,0.0,0.0,0.0
MAR,2017,0.0,1565.0360665195044,0.0,1565.0360665195044,0.0,0.0,0.0,1565.0360665195044,0.0,1565.0360665195044,118540573367.844,2348437629.6099997,35528115.0,0.31,0.2433209233013124,1427249.2266818217,1427249.2266818217,485.16118062104636,380.80602070538,386814.5228140491,314052.90791767876,0.0,0.0,0.0
MAR,2018,0.0,2967.5972479467987,0.0,2967.5972479467987,0.0,0.0,0.0,2967.5972479467987,0.0,2967.5972479467987,127341147581.818,2530937915.329999,35927511.0,0.31,0.2357061995966476,1847459.9911298328,1847459.991129833,919.9551468635076,699.4810692470103,483994.2246193179,377437.9554171189,0.0,0.0,0.0
MAR,2019,0.0,3691.2002464383945,0.0,3691.200246438394,0.0,0.0,0.0,3691.2002464383945,0.0,3691.2002464383945,128920266409.458,2608599796.3399997,36304408.0,0.31,0.2661152914737449,1963213.7710531517,1963213.7710531517,1144.272076395902,982.2848294689122,505895.75928217545,341783.7750413462,0.0,0.0,0.0
MAR,2020,0.0,2524.7557750519304,0.0,2524.7557750519304,0.0,0.0,0.0,2524.7557750519304,0.0,2524.7557750519304,121353645057.144,2991997611.4600005,36688772.0,0.31,0.2728996536169504,2260991.9551695543,2260991.9551695543,782.6742902660984,689.004976479067,563349.3285482804,384447.34187696414,0.0,0.0,0.0
MAR,2021,0.0,6832.777653149647,0.0,6832.777653149647,0.0,0.0,0.0,6832.777653149647,0.0,6832.777653149647,141817797083.468,3185318697.95,37076584.0,0.31,0.2921385572347523,2591966.6485114046,2591966.6485114046,2118.1610724763905,1996.1178054969948,648078.2463460602,446996.3310126248,0.0,0.0,0.0
MCO,2016,3574.1663219997904,1064.8425575443111,3574.166321999791,1064.8425575443111,0.0,0.0,3574.1663219997904,1064.8425575443111,3574.1663219997904,1064.8425575443111,6465645584.94877,230916911.38000005,37071.0,0.0,0.1002256466906901,1193038.0603271483,1193038.060327148,0.0,106.72453395364697,325661.45965313714,328743.9549268799,0.002995852723273307,975.633770767011,984.8684726273304
MCO,2017,55817.31997563141,1760.4561855836641,55817.31997563141,1760.4561855836641,0.0,0.0,55817.31997563141,1760.4561855836641,55817.31997563141,1760.4561855836641,6431271365.08338,232444328.09999996,37044.0,0.0,0.0934737164251667,1427249.2266818217,1427249.2266818217,0.0,164.55638227017806,386814.5228140491,314052.90791767876,0.0391083203494878,15127.66627404609,12282.081729532776
MCO,2018,17991.52125133522,2407.4486639351276,17991.52125133522,2407.4486639351276,0.0,0.0,17991.52125133522,2407.4486639351276,17991.52125133522,2407.4486639351276,7182444409.54069,252352312.73000005,37029.0,0.0,0.1021339732551125,1847459.9911298328,1847459.991129833,0.0,245.88229745540664,483994.2246193179,377437.9554171189,0.009738517390210071,4713.386173216467,3675.686092554946
MCO,2019,18464.9362493189,17607.42113339,18464.9362493189,17607.42113339,0.0,0.0,18464.9362493189,17607.42113339,18464.9362493189,17607.42113339,7383944044.17,246714349.71,37034.0,0.0,0.1208194052441373,1963213.7710531517,1963213.7710531517,0.0,2127.3181492192334,505895.75928217545,341783.7750413462,0.00940546389882622,4758.184300497781,3214.6349573559237
MCO,2020,66813.13206540575,1872.8813657605667,66813.13206540575,1872.8813657605667,0.0,0.0,66813.13206540575,1872.8813657605667,66813.13206540575,1872.8813657605667,6739645416.47916,253881396.46999997,36922.0,0.0,0.1212135281979862,2260991.9551695543,2260991.9551695543,0.0,227.01855824010136,563349.3285482804,384447.34187696414,0.029550362579859494,16647.176917722078,11360.55834532749
MCO,2021,34074.571648276586,18103.560169927754,34074.571648276586,18103.560169927754,0.0,0.0,34074.571648276586,18103.560169927754,34074.571648276586,18103.560169927754,8626081320.50612,284330770.16999996,36686.0,0.0,0.1140284576863416,2591966.6485114046,2591966.6485114046,0.0,2064.321044808746,648078.2463460602,446996.3310126248,0.01314622303024076,8519.781167512621,5876.31346119129
MDA,2016,0.0,106.84726518142752,0.0,106.84726518142752,0.0,0.0,0.0,106.84726518142752,0.0,106.84726518142752,7980917075.7748,296772243.29,2803186.0,0.12,0.1315665089507604,1193038.0603271483,1193038.060327148,12.821671821771302,14.057521670856556,325661.45965313714,328743.9549268799,0.0,0.0,0.0
MDA,2017,0.0,233.37091239225057,0.0,233.37091239225055,0.0,0.0,0.0,233.37091239225057,0.0,233.37091239225057,9514404016.20949,343252175.79,2755189.0,0.12,0.1273818429228655,1427249.2266818217,1427249.2266818217,28.004509487070063,29.727216905115466,386814.5228140491,314052.90791767876,0.0,0.0,0.0
MDA,2018,0.0,145.30490726768767,0.0,145.30490726768767,0.0,0.0,0.0,145.30490726768767,0.0,145.30490726768767,11252353420.8798,426639745.27,2707203.0,0.12,0.1159509551237854,1847459.9911298328,1847459.991129833,17.43658887212252,16.84824278186145,483994.2246193179,377437.9554171189,0.0,0.0,0.0
MDA,2019,139.4141927712579,454.5295725150166,139.4141927712579,454.5295725150166,0.0,0.0,139.4141927712579,454.5295725150166,139.4141927712579,454.5295725150166,11736797054.6965,455030927.25000006,2664224.0,0.12,0.127969987547852,1963213.7710531517,1963213.7710531517,54.54354870180199,58.16614373487716,505895.75928217545,341783.7750413462,7.101325124490655e-05,35.925302657637886,24.271177088443736
MDA,2020,0.0,709.7133196520774,0.0,709.7133196520774,0.0,0.0,0.0,709.7133196520774,0.0,709.7133196520774,11530746234.4492,523537896.7499998,2635130.0,0.12,0.1283042406581382,2260991.9551695543,2260991.9551695543,85.16559835824928,91.05922856292631,563349.3285482804,384447.34187696414,0.0,0.0,0.0
MDA,2021,9.244944023150445,618.3986477212138,9.244944023150445,618.3986477212138,0.0,0.0,9.244944023150445,618.3986477212138,9.244944023150445,618.3986477212138,13691869264.0794,692321484.1199999,2595809.0,0.12,0.1272089986872068,2591966.6485114046,2591966.6485114046,74.20783772654566,78.66587276613835,648078.2463460602,446996.3310126248,3.566768125068245e-06,2.3115448316172533,1.594332265478284
MDG,2016,0.0,104.89955546285027,0.0,104.89955546285027,0.0,0.0,0.0,104.89955546285027,0.0,104.89955546285027,11848613858.442,281042753.46,25501941.0,0.2,0.1575165696926321,1193038.0603271483,1193038.060327148,20.979911092570056,16.523418138790184,325661.45965313714,328743.9549268799,0.0,0.0,0.0
MDG,2017,0.0,460.7872810068109,0.0,460.78728100681093,0.0,0.0,0.0,460.7872810068109,0.0,460.7872810068109,13176313593.5509,295959910.2199999,26169542.0,0.2,0.1612452197682398,1427249.2266818217,1427249.2266818217,92.1574562013622,74.2997463923529,386814.5228140491,314052.90791767876,0.0,0.0,0.0
MDG,2018,44.66371364369273,141.9168797612408,44.66371364369273,141.9168797612408,0.0,0.0,44.66371364369273,141.9168797612408,44.66371364369273,141.9168797612408,13760033282.2925,206898564.56999996,26846541.0,0.2,0.1744434305730266,1847459.9911298328,1847459.991129833,28.383375952248162,24.756467361770575,483994.2246193179,377437.9554171189,2.4175740669966113e-05,11.700918860157959,9.124842129166499
MDG,2019,17.194783818600197,734.1890820002926,17.194783818600197,734.1890820002926,0.0,0.0,17.194783818600197,734.1890820002926,17.194783818600197,734.1890820002926,14104664678.5063,96291076.65,27533134.0,0.2,0.1774378724168881,1963213.7710531517,1963213.7710531517,146.83781640005853,130.27294866184013,505895.75928217545,341783.7750413462,8.758487777607723e-06,4.430881824416512,2.9935090162842584
MDG,2020,671.7657562688272,99.58662019771245,671.7657562688272,99.58662019771245,0.0,0.0,671.7657562688272,99.58662019771245,671.7657562688272,99.58662019771245,13051441203.9474,90039975.97,28225177.0,0.2,0.17406683904384,2260991.9551695543,2260991.9551695543,19.917324039542493,17.334728188875236,563349.3285482804,384447.34187696414,0.0002971110776103804,167.3773260760638,114.22356402951114
MDG,2021,269.48375677471626,4065.850908222051,269.48375677471626,4065.8509082220507,0.0,0.0,269.48375677471626,4065.850908222051,269.48375677471626,4065.850908222051,14554754116.5427,107287251.03000002,28915653.0,0.2,0.1886243934709594,2591966.6485114046,2591966.6485114046,813.1701816444101,766.9186615067338,648078.2463460602,446996.3310126248,0.00010396883653170607,67.37994125410826,46.47368846932396
MDV,2016,0.0,-0.0,0.0,0.0,0.0,0.0,0.0,0.0,0.0,-0.0,,,,,,1193038.0603271483,1193038.060327148,,,325661.45965313714,328743.9549268799,0.0,0.0,0.0
MDV,2017,0.0,36.60899684210683,0.0,36.60899684210683,0.0,0.0,0.0,36.60899684210683,0.0,36.60899684210683,4816426256.52914,313946438.86,472442.0,0.15,0.3156756340697118,1427249.2266818217,1427249.2266818217,5.491349526316025,11.556568290788151,386814.5228140491,314052.90791767876,0.0,0.0,0.0
MDV,2018,0.0,176.908813822449,0.0,176.908813822449,0.0,0.0,0.0,176.908813822449,0.0,176.908813822449,5404344162.69888,304651851.5500001,489758.0,0.15,0.2749249282663012,1847459.9911298328,1847459.991129833,26.536322073367348,48.63664294981323,483994.2246193179,377437.9554171189,0.0,0.0,0.0
MDV,2019,0.0,123.04275158720871,0.0,123.0427515872087,0.0,0.0,0.0,123.04275158720871,0.0,123.04275158720871,5726094799.37709,336545091.84000003,504508.0,0.15,0.2565029386930925,1963213.7710531517,1963213.7710531517,18.456412738081305,31.560827367003203,505895.75928217545,341783.7750413462,0.0,0.0,0.0
MDV,2020,0.0,97.01342607729816,0.0,97.01342607729816,0.0,0.0,0.0,97.01342607729816,0.0,97.01342607729816,3712604583.36665,339724329.78,514438.0,0.15,0.2321987325339342,2260991.9551695543,2260991.9551695543,14.552013911594724,22.526394573923152,563349.3285482804,384447.34187696414,0.0,0.0,0.0
MDV,2021,0.0,300.0244857393211,0.0,300.0244857393211,0.0,0.0,0.0,300.0244857393211,0.0,300.0244857393211,5254366312.27648,387814216.5,521457.0,0.15,0.2327396323533398,2591966.6485114046,2591966.6485114046,45.00367286089816,69.82758850796944,648078.2463460602,446996.3310126248,0.0,0.0,0.0
MEX,2016,0.0,14819.63992597913,0.0,14819.63992597913,0.0,0.0,0.0,14819.63992597913,0.0,14819.63992597913,1112233497452.7,30713301854.820004,121519221.0,0.3,0.2413994046616207,1193038.0603271483,1193038.060327148,4445.891977793739,3577.4522554309465,325661.45965313714,328743.9549268799,0.0,0.0,0.0
MEX,2017,0.0,18467.63688732573,0.0,18467.63688732573,0.0,0.0,0.0,18467.63688732573,0.0,18467.63688732573,1190721475906.0,31962947223.500008,122839258.0,0.3,0.2449926044622415,1427249.2266818217,1427249.2266818217,5540.291066197719,4524.434459288894,386814.5228140491,314052.90791767876,0.0,0.0,0.0
MEX,2018,0.0,21159.00066580084,0.0,21159.00066580084,0.0,0.0,0.0,21159.00066580084,0.0,21159.00066580084,1256300182879.73,32659255843.750004,124013861.0,0.3,0.2690446581357039,1847459.9911298328,1847459.991129833,6347.700199740251,5692.716100623517,483994.2246193179,377437.9554171189,0.0,0.0,0.0
MEX,2019,0.0,29774.873960396184,0.0,29774.87396039618,0.0,0.0,0.0,29774.873960396184,0.0,29774.873960396184,1305211135822.61,33991896829.43,125085311.0,0.3,0.2487597334183341,1963213.7710531517,1963213.7710531517,8932.462188118854,7406.789708952651,505895.75928217545,341783.7750413462,0.0,0.0,0.0
MEX,2020,0.0,30248.518109895664,0.0,30248.51810989566,0.0,0.0,0.0,30248.518109895664,0.0,30248.518109895664,1120832412468.85,35881814213.94,125998302.0,0.3,0.2410143984539004,2260991.9551695543,2260991.9551695543,9074.555432968698,7290.328396378415,563349.3285482804,384447.34187696414,0.0,0.0,0.0
MEX,2021,0.0,31340.72622091409,0.0,31340.726220914094,0.0,0.0,0.0,31340.72622091409,0.0,31340.72622091409,1313069763986.6,38760413218.66999,126705138.0,0.3,0.2572601571618274,2591966.6485114046,2591966.6485114046,9402.217866274228,8062.720153158164,648078.2463460602,446996.3310126248,0.0,0.0,0.0
MHL,2016,0.0,-0.0,0.0,0.0,0.0,0.0,0.0,0.0,0.0,-0.0,,,,,,1193038.0603271483,1193038.060327148,,,325661.45965313714,328743.9549268799,0.0,0.0,0.0
MHL,2017,41967.8441153956,2029.5731997757898,41967.8441153956,2029.5731997757898,0.0,0.0,41967.8441153956,2029.5731997757898,41967.8441153956,2029.5731997757898,212935714.72168,13151987.0,47187.0,0.0,0.0023246471045228,1427249.2266818217,1427249.2266818217,0.0,4.718041462275864,386814.5228140491,314052.90791767876,0.029404706151402622,11374.16737844214,9234.63347331285
MHL,2018,74769.33123859996,79.48217927683532,74769.33123859996,79.48217927683532,0.0,0.0,74769.33123859996,79.48217927683532,74769.33123859996,79.48217927683532,219430038.452148,16312107.000000002,45989.0,0.0,0.0016036172476068,1847459.9911298328,1847459.991129833,0.0,0.1274589935657089,483994.2246193179,377437.9554171189,0.04047142108494269,19587.934067248752,15275.450427126047
MHL,2019,68561.12457874548,5784.767215580081,68561.12457874548,5784.767215580081,0.0,0.0,68561.12457874548,5784.767215580081,68561.12457874548,5784.767215580081,231996704.101563,16077489.550000004,44728.0,0.0,0.0022838064302569,1963213.7710531517,1963213.7710531517,0.0,13.211288564481093,505895.75928217545,341783.7750413462,0.034922903246530496,17667.348654241494,11936.081707002879
MHL,2020,670017.3270819791,3291.245463640817,670017.3270819791,3291.245463640817,0.0,0.0,670017.3270819791,3291.245463640817,670017.3270819791,3291.245463640817,240751144.40918,14437585.000000002,43413.0,0.0,0.0022885548465262,2260991.9551695543,2260991.9551695543,0.0,7.532195756922563,563349.3285482804,384447.34187696414,0.29633777579351617,166941.6870167682,113926.27020154906
MHL,2021,175221.7111861635,6412.821915758633,175221.7111861635,6412.821915758633,0.0,0.0,175221.7111861635,6412.821915758633,175221.7111861635,6412.821915758633,257784881.591797,13669999.999999998,42050.0,0.0,0.0019100210989302,2591966.6485114046,2591966.6485114046,0.0,12.248625162780973,648078.2463460602,446996.3310126248,0.06760183866053805,43811.28104889079,30217.773850967922
MKD,2016,9.604092064620675,170.51860099110664,9.604092064620675,170.51860099110664,0.0,0.0,9.604092064620675,170.51860099110664,9.604092064620675,170.51860099110664,10672467073.2873,433751167.3,1906313.0,0.1,0.1291115869685326,1193038.0603271483,1193038.060327148,17.051860099110666,22.015927181615773,325661.45965313714,328743.9549268799,8.050113725615001e-06,2.621611786257535,2.646426223769835
MKD,2017,0.0,477.49317856378735,0.0,477.4931785637874,0.0,0.0,0.0,477.49317856378735,0.0,477.49317856378735,11307067069.6658,425010304.6400001,1898657.0,0.1,0.2038400919760575,1427249.2266818217,1427249.2266818217,47.749317856378745,97.33225343638247,386814.5228140491,314052.90791767876,0.0,0.0,0.0
MKD,2018,0.0,287.57862311234214,0.0,287.57862311234214,0.0,0.0,0.0,287.57862311234214,0.0,287.57862311234214,12683068114.2388,476517846.0100001,1889051.0,0.1,0.174528044895456,1847459.9911298328,1847459.991129833,28.757862311234216,50.190534845524276,483994.2246193179,377437.9554171189,0.0,0.0,0.0
MKD,2019,0.0,484.5414531805403,0.0,484.5414531805403,0.0,0.0,0.0,484.5414531805403,0.0,484.5414531805403,12606338448.547,536745420.2999999,1876262.0,0.1,0.1595217426941806,1963213.7710531517,1963213.7710531517,48.45414531805403,77.29489701893051,505895.75928217545,341783.7750413462,0.0,0.0,0.0
MKD,2020,0.0,484.7634836764691,0.0,484.76348367646904,0.0,0.0,0.0,484.7634836764691,0.0,484.7634836764691,12361036913.8409,577530410.6800001,1856124.0,0.1,0.1627505629426703,2260991.9551695543,2260991.9551695543,48.47634836764691,78.89552986239529,563349.3285482804,384447.34187696414,0.0,0.0,0.0
MKD,2021,0.0,502.0163428871187,0.0,502.01634288711864,0.0,0.0,0.0,502.0163428871187,0.0,502.0163428871187,14000283827.0154,642122740.1600002,1837114.0,0.1,0.169133864675105,2591966.6485114046,2591966.6485114046,50.201634288711865,84.90796420256103,648078.2463460602,446996.3310126248,0.0,0.0,0.0
MLI,2016,0.0,186.90359001626567,0.0,186.90359001626567,0.0,0.0,0.0,186.90359001626567,0.0,186.90359001626567,14026048335.7047,169542654.35000002,18700106.0,0.3,0.1948909996373282,1193038.0603271483,1193038.060327148,56.0710770048797,36.42582749407537,325661.45965313714,328743.9549268799,0.0,0.0,0.0
MLI,2017,0.0,162.73051390565507,0.0,162.73051390565507,0.0,0.0,0.0,162.73051390565507,0.0,162.73051390565507,15365713048.1993,180930142.12000003,19311355.0,0.3,0.2639930285458307,1427249.2266818217,1427249.2266818217,48.81915417169652,42.959721202773295,386814.5228140491,314052.90791767876,0.0,0.0,0.0
MLI,2018,0.0,182.63735039193568,0.0,182.63735039193568,0.0,0.0,0.0,182.63735039193568,0.0,182.63735039193568,17070867589.9055,196517003.74,19934298.0,0.3,0.2621339362178152,1847459.9911298328,1847459.991129833,54.7912051175807,47.87544755863044,483994.2246193179,377437.9554171189,0.0,0.0,0.0
MLI,2019,0.0,1206.6922579649565,0.0,1206.6922579649565,0.0,0.0,0.0,1206.6922579649565,0.0,1206.6922579649565,17280250810.0321,193413441.16,20567424.0,0.3,0.2986962076414609,1963213.7710531517,1963213.7710531517,362.00767738948696,360.4344012444439,505895.75928217545,341783.7750413462,0.0,0.0,0.0
MLI,2020,0.0,609.0637191011675,0.0,609.0637191011675,0.0,0.0,0.0,609.0637191011675,0.0,609.0637191011675,17465392764.3706,244985745.27,21224040.0,0.3,0.3212876691028764,2260991.9551695543,2260991.9551695543,182.71911573035024,195.6846626451432,563349.3285482804,384447.34187696414,0.0,0.0,0.0
MLI,2021,0.0,3839.7080166308865,0.0,3839.7080166308865,0.0,0.0,0.0,3839.7080166308865,0.0,3839.7080166308865,19309463508.0377,257773406.39000005,21904983.0,0.3,0.3226462981322852,2591966.6485114046,2591966.6485114046,1151.912404989266,1238.8675774748144,648078.2463460602,446996.3310126248,0.0,0.0,0.0
MLT,2016,317.7293448380088,99.36932127392971,317.7293448380088,99.36932127392971,0.0,0.0,317.7293448380088,99.36932127392971,317.7293448380088,99.36932127392971,11668015565.8082,658949115.04,455356.0,0.0499999999999999,0.120746987897445,1193038.0603271483,1193038.060327148,4.968466063696476,11.998546233240514,325661.45965313714,328743.9549268799,0.00026631953782839315,86.73000942334339,87.55093814000476
MLT,2017,6006.806154229549,749.9495800316253,6006.806154229549,749.9495800316253,0.0,0.0,6006.806154229549,749.9495800316253,6006.806154229549,749.9495800316253,13484541925.7714,738755006.2,467999.0,0.0499999999999999,0.1261962127714166,1427249.2266818217,1427249.2266818217,37.49747900158119,94.6407967695055,386814.5228140491,314052.90791767876,0.0042086595963303705,1627.9706534413008,1321.741784663197
MLT,2018,4942.458632814328,526.2409961350916,4942.458632814328,526.2409961350916,0.0,0.0,4942.458632814328,526.2409961350916,4942.458632814328,526.2409961350916,15404393365.2073,831462778.5600002,484630.0,0.0499999999999999,0.0811360183069043,1847459.9911298328,1847459.991129833,26.312049806754526,42.697099096260345,483994.2246193179,377437.9554171189,0.0026752723504403025,1294.8163668968543,1009.7493261341378
MLT,2019,11320.564239246225,269.4906834815065,11320.564239246225,269.4906834815065,0.0,0.0,11320.564239246225,269.4906834815065,11320.564239246225,269.4906834815065,16004563885.7539,908185380.05,504062.0,0.0499999999999999,0.0779643999700243,1963213.7710531517,1963213.7710531517,13.474534174075297,21.01067943514739,505895.75928217545,341783.7750413462,0.005766343128885751,2917.168535469212,1970.8425227743
MLT,2020,7023.697246752708,26466.010336627176,7023.697246752708,26466.010336627176,0.0,0.0,7023.697246752708,26466.010336627176,7023.697246752708,26466.010336627176,15249999048.0297,1075993052.99,515332.0,0.0499999999999999,0.0674851141603717,2260991.9551695543,2260991.9551695543,1323.3005168313562,1786.0617289368624,563349.3285482804,384447.34187696414,0.0031064671551323557,1750.0261860010994,1194.273040418729
MLT,2021,8100.0535223490215,439.04894836793716,8100.053522349021,439.0489483679372,0.0,0.0,8100.0535223490215,439.04894836793716,8100.0535223490215,439.04894836793716,18123718946.6006,1266166777.8600004,518536.0,0.0499999999999999,0.0661442552818536,2591966.6485114046,2591966.6485114046,21.952447418396815,29.0405657220782,648078.2463460602,446996.3310126248,0.00312506085948327,2025.2839615386292,1396.8907383801813
MMR,2016,477.9311776617386,74.98010160096254,477.9311776617386,74.98010160096254,0.0,0.0,477.9311776617386,74.98010160096254,477.9311776617386,74.98010160096254,63298361996.2153,429798013.92,51892349.0,0.25,0.0731155009362137,1193038.0603271483,1193038.060327148,18.745025400240635,5.482207688802576,325661.45965313714,328743.9549268799,0.0004006001095477901,130.46001641253997,131.69486435688185
MMR,2017,218.17734758367178,594.3964546251481,218.17734758367178,594.3964546251481,0.0,0.0,218.17734758367178,594.3964546251481,218.17734758367178,594.3964546251481,66053040483.0016,456962857.9899999,52288341.0,0.25,0.0817024100135378,1427249.2266818217,1427249.2266818217,148.59911365628702,48.563622846377065,386814.5228140491,314052.90791767876,0.0001528656267629636,59.1306444709863,48.00789460556726
MMR,2018,223.1220040278239,540.4445644114975,223.12200402782392,540.4445644114975,0.0,0.0,223.1220040278239,540.4445644114975,223.1220040278239,540.4445644114975,67860515989.517,471534538.25000006,52666014.0,0.25,0.0863171874608235,1847459.9911298328,1847459.991129833,135.11114110287437,46.64965477849032,483994.2246193179,377437.9554171189,0.00012077230635526315,58.45309876990231,45.58405238174044
MMR,2019,63.65356740442836,553.2226126097602,63.65356740442836,553.2226126097602,0.0,0.0,63.65356740442836,553.2226126097602,63.65356740442836,553.2226126097602,75065106227.6892,460057692.77,53040212.0,0.25,0.0971650140661841,1963213.7710531517,1963213.7710531517,138.30565315244004,53.75388293595846,505895.75928217545,341783.7750413462,3.2423146344517475e-05,16.40273223827676,11.081705356347207
MMR,2020,464.51952278135275,379.9542213028487,464.51952278135275,379.9542213028487,0.0,0.0,464.51952278135275,379.9542213028487,464.51952278135275,379.9542213028487,79006113643.1906,582107449.6999999,53423198.0,0.25,0.1001170193142728,2260991.9551695543,2260991.9551695543,94.98855532571217,38.039884112716784,563349.3285482804,384447.34187696414,0.0002054494363499484,115.7398020183661,78.9844896948582
MMR,2021,88.19014026883997,2148.93444346348,88.19014026883997,2148.93444346348,0.0,0.0,88.19014026883997,2148.93444346348,88.19014026883997,2148.93444346348,66345291160.1683,660964690.14,53798084.0,0.25,0.105488531036034,2591966.6485114046,2591966.6485114046,537.23361086587,226.68793773369978,648078.2463460602,446996.3310126248,3.40244116642043e-05,22.05048104429396,15.208787178762478
MNE,2016,0.0,161.1992031530997,0.0,161.1992031530997,0.0,0.0,0.0,161.1992031530997,0.0,161.1992031530997,4376930578.32395,227002212.39,622303.0,0.09,0.0719985574592556,1193038.0603271483,1193038.060327148,14.507928283778972,11.606110090604664,325661.45965313714,328743.9549268799,0.0,0.0,0.0
MNE,2017,14.42182058211582,131.6493908207826,14.421820582115823,131.6493908207826,0.0,0.0,14.42182058211582,131.6493908207826,14.42182058211582,131.6493908207826,4856599480.79882,221976783.4999999,622373.0,0.09,0.0759896827439956,1427249.2266818217,1427249.2266818217,11.848445173870434,10.003995441911556,386814.5228140491,314052.90791767876,1.0104626657002838e-05,3.908616338542673,3.1733873850542342
MNE,2018,1170.1225605725472,97.81966965543667,1170.1225605725472,97.81966965543667,0.0,0.0,1170.1225605725472,97.81966965543667,1170.1225605725472,97.81966965543667,5506942238.35668,273477337.11,622227.0,0.09,0.0720119317941864,1847459.9911298328,1847459.991129833,8.8037702689893,7.04418337935715,483994.2246193179,377437.9554171189,0.0006333682819604375,306.5465905259114,239.0572293692008
MNE,2019,1469.6666559234898,101.90758149391574,1469.6666559234898,101.90758149391574,0.0,0.0,1469.6666559234898,101.90758149391574,1469.6666559234898,101.90758149391574,5542054181.12616,280857494.68000007,622028.0,0.09,0.0788301580355936,1963213.7710531517,1963213.7710531517,9.171682334452417,8.033390754190512,505895.75928217545,341783.7750413462,0.0007486024586793204,378.7148092340782,255.86017433265152
MNE,2020,7124.2757411081175,254.0357663011857,7124.275741108117,254.03576630118567,0.0,0.0,7124.2757411081175,254.0357663011857,7124.2757411081175,254.0357663011857,4769996866.00758,340350096.86999995,621306.0,0.09,0.0742163094623048,2260991.9551695543,2260991.9551695543,22.86321896710671,18.853597046302536,563349.3285482804,384447.34187696414,0.003150951388756206,1775.0863491440803,1211.374885790852
MNE,2021,17.706556344452636,322.8909925744895,17.706556344452636,322.8909925744895,0.0,0.0,17.706556344452636,322.8909925744895,17.706556344452636,322.8909925744895,5861427505.12493,378372640.17,619211.0,0.09,0.0755183577065265,2591966.6485114046,2591966.6485114046,29.060189331704052,24.384197477455686,648078.2463460602,446996.3310126248,6.831321056782003e-06,4.427230570706195,3.053575448350842
MNG,2016,0.0,136.89920845901983,0.0,136.89920845901983,0.0,0.0,0.0,136.89920845901983,0.0,136.89920845901983,11181350649.3573,286683570.37,3029555.0,0.25,0.1759503035118137,1193038.0603271483,1193038.060327148,34.22480211475496,24.087457278891595,325661.45965313714,328743.9549268799,0.0,0.0,0.0
MNG,2017,0.0,202.00237669410734,0.0,202.00237669410734,0.0,0.0,0.0,202.00237669410734,0.0,202.00237669410734,11480847740.736,259449070.2,3096030.0,0.25,0.1873301865030795,1427249.2266818217,1427249.2266818217,50.500594173526835,37.84114290017245,386814.5228140491,314052.90791767876,0.0,0.0,0.0
MNG,2018,0.0,1459.5460473883445,0.0,1459.5460473883445,0.0,0.0,0.0,1459.5460473883445,0.0,1459.5460473883445,13178094720.4986,276120073.5199999,3163991.0,0.25,0.1974088942640995,1847459.9911298328,1847459.991129833,364.8865118470861,288.12737134247004,483994.2246193179,377437.9554171189,0.0,0.0,0.0
MNG,2019,16.864855893925895,3269.4878363510825,16.864855893925895,3269.4878363510825,0.0,0.0,16.864855893925895,3269.4878363510825,16.864855893925895,3269.4878363510825,14206359017.5143,301141018.01000005,3232430.0,0.25,0.1150360454533633,1963213.7710531517,1963213.7710531517,817.3719590877706,376.10895135170153,505895.75928217545,341783.7750413462,8.59043276009564e-06,4.345863503731057,2.936070537984339
MNG,2020,435.5271258985555,19566.514493743285,435.5271258985555,19566.514493743285,0.0,0.0,435.5271258985555,19566.514493743285,435.5271258985555,19566.514493743285,13312981429.0891,342044001.91,3294335.0,0.25,0.1023723978743192,2260991.9551695543,2260991.9551695543,4891.628623435821,2003.071006767121,563349.3285482804,384447.34187696414,0.00019262657034349988,108.51604906356876,74.05477294343459
MNG,2021,966.8614732402456,3345.7332564228395,966.8614732402455,3345.7332564228395,0.0,0.0,966.8614732402456,3345.7332564228395,966.8614732402456,3345.7332564228395,15286441737.6686,692711688.7600001,3347782.0,0.25,0.1012996126554075,2591966.6485114046,2591966.6485114046,836.4333141057099,338.9214829239488,648078.2463460602,446996.3310126248,0.000373022343399181,241.74766615803907,166.7396188851653
MNP,2016,0.0,-0.0,0.0,0.0,0.0,0.0,0.0,0.0,0.0,-0.0,,,,,,1193038.0603271483,1193038.060327148,,,325661.45965313714,328743.9549268799,0.0,0.0,0.0
MNP,2017,787.4270828387635,1605.3431787755637,787.4270828387635,1605.3431787755637,0.0,0.0,787.4270828387635,1605.3431787755637,787.4270828387635,1605.3431787755637,1560000000.0,,50729.0,0.35,0.0056133656882969,1427249.2266818217,1427249.2266818217,561.8701125714473,9.011378317680226,386814.5228140491,314052.90791767876,0.0005517095880089802,213.4092810176293,173.26600044028476
MNP,2018,26421.186140903206,849.9361004475231,26421.186140903206,849.9361004475231,0.0,0.0,26421.186140903206,849.9361004475231,26421.186140903206,849.9361004475231,1301000000.0,,50304.0,0.21,0.0056133656882969,1847459.9911298328,1847459.991129833,178.48658109397985,4.771002143496994,483994.2246193179,377437.9554171189,0.014301357684474164,6921.774523500597,5397.87520411683
MNP,2019,43369.114806048434,281.26373616542486,43369.114806048434,281.26373616542486,0.0,0.0,43369.114806048434,281.26373616542486,43369.114806048434,281.26373616542486,1181000000.0,,49858.0,0.21,0.0035006062054152,1963213.7710531517,1963213.7710531517,59.06538459473922,0.9845935801789498,505895.75928217545,341783.7750413462,0.022090877440607698,11175.681216025712,7550.303485626611
MNP,2020,980.0588071162673,1886.1484337414515,980.0588071162672,1886.1484337414518,0.0,0.0,980.0588071162673,1886.1484337414515,980.0588071162673,1886.1484337414515,858000000.0,,49587.0,0.21,0.00103492623929,2260991.9551695543,2260991.9551695543,396.09117108570484,1.9520245052747642,563349.3285482804,384447.34187696414,0.0004334640841491944,244.19170075524397,166.6441149502905
MNP,2021,3309.1981254807815,3289.7254199918116,3309.198125480782,3289.725419991811,0.0,0.0,3309.1981254807815,3289.7254199918116,3309.1981254807815,3289.7254199918116,1181000000.0,,49481.0,0.21,0.0,2591966.6485114046,2591966.6485114046,690.8423381982803,0.0,648078.2463460602,446996.3310126248,0.0012767132352498793,827.4100745875468,570.6861319119541
MOZ,2016,0.0,1069.1428130680572,0.0,1069.1428130680572,0.0,0.0,0.0,1069.1428130680572,0.0,1069.1428130680572,12069051237.1711,207965628.3,27696493.0,0.32,0.2813449615348342,1193038.0603271483,1193038.060327148,342.1257001817783,300.79794361787697,325661.45965313714,328743.9549268799,0.0,0.0,0.0
MOZ,2017,0.0,378.936357380493,0.0,378.936357380493,0.0,0.0,0.0,378.936357380493,0.0,378.936357380493,13264640645.7768,230377349.42,28569441.0,0.32,0.2696754665580784,1427249.2266818217,1427249.2266818217,121.25963436175776,102.18983897240318,386814.5228140491,314052.90791767876,0.0,0.0,0.0
MOZ,2018,0.0,1888.7794483164141,0.0,1888.779448316414,0.0,0.0,0.0,1888.7794483164141,0.0,1888.7794483164141,15017359042.4464,268262302.84999996,29423878.0,0.32,0.3166742557537935,1847459.9911298328,1847459.991129833,604.4094234612525,598.127826078661,483994.2246193179,377437.9554171189,0.0,0.0,0.0
MOZ,2019,0.0,3485.168920771239,0.0,3485.1689207712393,0.0,0.0,0.0,3485.168920771239,0.0,3485.168920771239,15512758964.5779,283270638.4599999,30285595.0,0.32,0.3001451025747845,1963213.7710531517,1963213.7710531517,1115.2540546467967,1046.0563832153346,505895.75928217545,341783.7750413462,0.0,0.0,0.0
MOZ,2020,0.0,2205.496947199335,0.0,2205.496947199335,0.0,0.0,0.0,2205.496947199335,0.0,2205.496947199335,14235420174.1813,339303667.1999999,31178239.0,0.32,0.3254849108799428,2260991.9551695543,2260991.9551695543,705.7590231037872,717.8559773051614,563349.3285482804,384447.34187696414,0.0,0.0,0.0
MOZ,2021,0.0,4182.111956956806,0.0,4182.111956956806,0.0,0.0,0.0,4182.111956956806,0.0,4182.111956956806,16168055475.085,405532352.9299999,32077072.0,0.32,0.3237645792967476,2591966.6485114046,2591966.6485114046,1338.275826226178,1354.0197183160183,648078.2463460602,446996.3310126248,0.0,0.0,0.0
MRT,2016,0.0,45.12388184487924,0.0,45.12388184487924,0.0,0.0,0.0,45.12388184487924,0.0,45.12388184487924,6398747592.13185,76743255.85,4051890.0,0.25,0.136328686141091,1193038.0603271483,1193038.060327148,11.28097046121981,6.151679525498217,325661.45965313714,328743.9549268799,0.0,0.0,0.0
MRT,2017,0.0,63.923007374027634,0.0,63.923007374027634,0.0,0.0,0.0,63.923007374027634,0.0,63.923007374027634,6800135898.28827,83725115.14000002,4160015.0,0.25,0.1851906640588752,1427249.2266818217,1427249.2266818217,15.980751843506908,11.837944184236553,386814.5228140491,314052.90791767876,0.0,0.0,0.0
MRT,2018,0.0,46.47343639415807,0.0,46.47343639415807,0.0,0.0,0.0,46.47343639415807,0.0,46.47343639415807,7473550557.07378,83833972.02999999,4270712.0,0.25,0.3977213690229095,1847459.9911298328,1847459.991129833,11.618359098539518,18.483478745883655,483994.2246193179,377437.9554171189,0.0,0.0,0.0
MRT,2019,0.0,331.5290883660962,0.0,331.5290883660962,0.0,0.0,0.0,331.5290883660962,0.0,331.5290883660962,7894764885.82312,100402611.97,4383849.0,0.25,0.3649667583108947,1963213.7710531517,1963213.7710531517,82.88227209152404,120.99709666674028,505895.75928217545,341783.7750413462,0.0,0.0,0.0
MRT,2020,0.0,128.1331332850904,0.0,128.1331332850904,0.0,0.0,0.0,128.1331332850904,0.0,128.1331332850904,8260752385.23089,125508683.99,4498604.0,0.25,0.3850307770574318,2260991.9551695543,2260991.9551695543,32.0332833212726,49.33519987556183,563349.3285482804,384447.34187696414,0.0,0.0,0.0
MRT,2021,0.0,3970.302992216756,0.0,3970.302992216756,0.0,0.0,0.0,3970.302992216756,0.0,3970.302992216756,9222536364.01272,159835984.5,4614974.0,0.25,0.3881123475994984,2591966.6485114046,2591966.6485114046,992.575748054189,1540.9236149905582,648078.2463460602,446996.3310126248,0.0,0.0,0.0
MTQ,2016,0.0,-0.0,0.0,0.0,0.0,0.0,0.0,0.0,0.0,-0.0,,,,,,1193038.0603271483,1193038.060327148,,,325661.45965313714,328743.9549268799,0.0,0.0,0.0
MTQ,2017,0.0,-0.0,0.0,0.0,0.0,0.0,0.0,0.0,0.0,-0.0,,,,,,1427249.2266818217,1427249.2266818217,,,386814.5228140491,314052.90791767876,0.0,0.0,0.0
MTQ,2018,0.0,-0.0,0.0,0.0,0.0,0.0,0.0,0.0,0.0,-0.0,,,,,,1847459.9911298328,1847459.991129833,,,483994.2246193179,377437.9554171189,0.0,0.0,0.0
MTQ,2019,0.0,-0.0,0.0,0.0,0.0,0.0,0.0,0.0,0.0,-0.0,10594080000.000002,,359611.0,0.34433333,-0.0283953210675186,1963213.7710531517,1963213.7710531517,0.0,-0.0,505895.75928217545,341783.7750413462,0.0,0.0,0.0
MTQ,2020,0.0,-0.0,0.0,0.0,0.0,0.0,0.0,0.0,0.0,-0.0,10594080000.000002,,356615.0,0.32023,-0.0283953210675186,2260991.9551695543,2260991.9551695543,0.0,-0.0,563349.3285482804,384447.34187696414,0.0,0.0,0.0
MTQ,2021,0.0,-0.0,0.0,0.0,0.0,0.0,0.0,0.0,0.0,-0.0,,,,,,2591966.6485114046,2591966.6485114046,,,648078.2463460602,446996.3310126248,0.0,0.0,0.0
MUS,2016,11503.408518044225,713.623776037769,11503.408518044225,713.623776037769,0.0,0.0,11503.408518044225,713.623776037769,11503.408518044225,713.623776037769,12594155464.4136,307940635.71,1263747.0,0.15,0.0371987705601147,1193038.0603271483,1193038.060327148,107.04356640566535,26.545927111071645,325661.45965313714,328743.9549268799,0.009642113609426529,3140.064792187222,3169.78656181717
MUS,2017,8862.993723272375,125.49127123883007,8862.993723272375,125.49127123883007,0.0,0.0,8862.993723272375,125.49127123883007,8862.993723272375,125.49127123883007,13713506130.6081,339312182.32000005,1264887.0,0.15,0.0382911720164684,1427249.2266818217,1427249.2266818217,18.82369068582451,4.805207853571336,386814.5228140491,314052.90791767876,0.006209843072662048,2402.0574849018985,1950.2192746819694
MUS,2018,2150.3894771402197,694.9001056542728,2150.3894771402197,694.9001056542728,0.0,0.0,2150.3894771402197,694.9001056542728,2150.3894771402197,694.9001056542728,14735695930.9727,365598005.29,1265577.0,0.15,0.0283332782387591,1847459.9911298328,1847459.991129833,104.23501584814092,19.688798041645608,483994.2246193179,377437.9554171189,0.0011639707963716861,563.3551430694442,439.3267575477648
MUS,2019,1471.9856273210721,1306.0503334548314,1471.9856273210721,1306.0503334548314,0.0,0.0,1471.9856273210721,1306.0503334548314,1471.9856273210721,1306.0503334548314,14436346979.6355,409698226.02,1265985.0,0.15,0.0616344087353258,1963213.7710531517,1963213.7710531517,195.9075500182247,80.49764008106364,505895.75928217545,341783.7750413462,0.0007497836705431402,379.3123793067984,256.26389338259145
MUS,2020,7237.90795865765,3113.788515622889,7237.90795865765,3113.788515622889,0.0,0.0,7237.90795865765,3113.788515622889,7237.90795865765,3113.788515622889,11408106446.3144,379603251.21,1266014.0,0.15,0.0719598216630161,2260991.9551695543,2260991.9551695543,467.06827734343335,224.0676662805707,563349.3285482804,384447.34187696414,0.00320120907202205,1803.3989812662858,1230.6963185313002
MUS,2021,11118.242399886974,1395.7384260817478,11118.242399886974,1395.7384260817478,0.0,0.0,11118.242399886974,1395.7384260817478,11118.242399886974,1395.7384260817478,11484348766.0434,360988626.33,1266334.0,0.15,0.0713065762181849,2591966.6485114046,2591966.6485114046,209.36076391226217,99.52532846004758,648078.2463460602,446996.3310126248,0.004289500563702201,2779.932003024559,1917.3910138514698
MWI,2016,0.0,182.51896429414094,0.0,182.51896429414094,0.0,0.0,0.0,182.51896429414094,0.0,182.51896429414094,7909868618.46366,147771951.95,17405624.0,0.3,0.2482643505213727,1193038.0603271483,1193038.060327148,54.75568928824228,45.312952128318514,325661.45965313714,328743.9549268799,0.0,0.0,0.0
MWI,2017,0.0,290.642350771695,0.0,290.642350771695,0.0,0.0,0.0,290.642350771695,0.0,290.642350771695,8943543677.18899,153757109.57,17881167.0,0.3,0.2585371234954763,1427249.2266818217,1427249.2266818217,87.1927052315085,75.14183733447726,386814.5228140491,314052.90791767876,0.0,0.0,0.0
MWI,2018,0.0,163.7893960139288,0.0,163.7893960139288,0.0,0.0,0.0,163.7893960139288,0.0,163.7893960139288,9880675785.93057,165987863.42,18367883.0,0.3,0.2523808038651822,1847459.9911298328,1847459.991129833,49.13681880417864,41.33729943058802,483994.2246193179,377437.9554171189,0.0,0.0,0.0
MWI,2019,0.0,670.3334338419328,0.0,670.3334338419328,0.0,0.0,0.0,670.3334338419328,0.0,670.3334338419328,11077305329.6417,184578695.21,18867337.0,0.3,0.2404493117230408,1963213.7710531517,1963213.7710531517,201.10003015257982,161.18121279223524,505895.75928217545,341783.7750413462,0.0,0.0,0.0
MWI,2020,0.0,1186.5670436170574,0.0,1186.5670436170574,0.0,0.0,0.0,1186.5670436170574,0.0,1186.5670436170574,12041250083.8828,183738796.93999997,19377061.0,0.3,0.2483193208936628,2260991.9551695543,2260991.9551695543,355.9701130851172,294.6475224657888,563349.3285482804,384447.34187696414,0.0,0.0,0.0
MWI,2021,0.0,4062.9213668924467,0.0,4062.9213668924467,0.0,0.0,0.0,4062.9213668924467,0.0,4062.9213668924467,12580922008.2096,170245866.77,19889742.0,0.3,0.2586427308026572,2591966.6485114046,2591966.6485114046,1218.876410067734,1050.8450773695272,648078.2463460602,446996.3310126248,0.0,0.0,0.0
MYS,2016,0.0,2814.2645038686765,0.0,2814.2645038686765,0.0,0.0,0.0,2814.2645038686765,0.0,2814.2645038686765,301256033870.334,5689820526.899999,31526418.0,0.24,0.1596278189878554,1193038.0603271483,1193038.060327148,675.4234809284824,449.2349048074958,325661.45965313714,328743.9549268799,0.0,0.0,0.0
MYS,2017,0.0,10115.016365223106,0.0,10115.016365223106,0.0,0.0,0.0,10115.016365223106,0.0,10115.016365223106,319109094160.343,6133873076.299999,31975806.0,0.24,0.1572615338611933,1427249.2266818217,1427249.2266818217,2427.6039276535453,1590.7029886260577,386814.5228140491,314052.90791767876,0.0,0.0,0.0
MYS,2018,0.0,6248.835594422253,0.0,6248.835594422253,0.0,0.0,0.0,6248.835594422253,0.0,6248.835594422253,358788845712.53,6913765551.99,32399271.0,0.24,0.1599230094346928,1847459.9911298328,1847459.991129833,1499.7205426613407,999.3325937226341,483994.2246193179,377437.9554171189,0.0,0.0,0.0
MYS,2019,0.0,7932.719883956735,0.0,7932.719883956735,0.0,0.0,0.0,7932.719883956735,0.0,7932.719883956735,365177721021.516,7338609308.55,32804020.0,0.24,0.1562699870004663,1963213.7710531517,1963213.7710531517,1903.8527721496164,1239.6460331442595,505895.75928217545,341783.7750413462,0.0,0.0,0.0
MYS,2020,0.0,7585.688308422571,0.0,7585.688308422572,0.0,0.0,0.0,7585.688308422571,0.0,7585.688308422571,337456163961.211,7343005631.65,33199993.0,0.24,0.1572033492161854,2260991.9551695543,2260991.9551695543,1820.5651940214173,1192.4956081940882,563349.3285482804,384447.34187696414,0.0,0.0,0.0
MYS,2021,0.0,11787.036851581744,0.0,11787.036851581744,0.0,0.0,0.0,11787.036851581744,0.0,11787.036851581744,373832428055.449,9191303023.13,33573874.0,0.24,0.1540996220849593,2591966.6485114046,2591966.6485114046,2828.8888443796186,1816.3779243302354,648078.2463460602,446996.3310126248,0.0,0.0,0.0
NAM,2016,0.0,95.63790899651475,0.0,95.63790899651475,0.0,0.0,0.0,95.63790899651475,0.0,95.63790899651475,10722018732.0936,468742215.31,2323352.0,0.32,0.173944482233631,1193038.0603271483,1193038.060327148,30.60413087888472,16.635686562305878,325661.45965313714,328743.9549268799,0.0,0.0,0.0
NAM,2017,0.0,378.57977199732153,0.0,378.57977199732153,0.0,0.0,0.0,378.57977199732153,0.0,378.57977199732153,12895153160.466,522947230.69,2364534.0,0.32,0.1814095738828136,1427249.2266818217,1427249.2266818217,121.14552703914289,68.67799511868682,386814.5228140491,314052.90791767876,0.0,0.0,0.0
NAM,2018,0.0,1191.1310429383277,0.0,1191.1310429383277,0.0,0.0,0.0,1191.1310429383277,0.0,1191.1310429383277,13682018827.0434,529488221.00000006,2405680.0,0.32,0.1799957129653847,1847459.9911298328,1847459.991129833,381.1619337402649,214.39848130888655,483994.2246193179,377437.9554171189,0.0,0.0,0.0
NAM,2019,0.0,1404.4568976650874,0.0,1404.4568976650874,0.0,0.0,0.0,1404.4568976650874,0.0,1404.4568976650874,12541928102.7657,499857563.68,2446644.0,0.32,0.1831922179516704,1963213.7710531517,1963213.7710531517,449.42620725282796,257.2855741007895,505895.75928217545,341783.7750413462,0.0,0.0,0.0
NAM,2020,0.0,342.3735658862413,0.0,342.3735658862413,0.0,0.0,0.0,342.3735658862413,0.0,342.3735658862413,10583748541.5258,467620044.47,2489098.0,0.32,0.187140111567201,2260991.9551695543,2260991.9551695543,109.55954108359721,64.07182731761164,563349.3285482804,384447.34187696414,0.0,0.0,0.0
NAM,2021,0.0,4387.557253314137,0.0,4387.557253314137,0.0,0.0,0.0,4387.557253314137,0.0,4387.557253314137,12402486183.6396,548087021.07,2530151.0,0.32,0.2003041036468538,2591966.6485114046,2591966.6485114046,1404.0183210605237,878.84572282434,648078.2463460602,446996.3310126248,0.0,0.0,0.0
NCL,2016,0.0,2207.3738597474603,0.0,2207.3738597474603,0.0,0.0,0.0,2207.3738597474603,0.0,2207.3738597474603,8724568954.89799,,270220.0,0.0,0.2338897582033785,1193038.0603271483,1193038.060327148,0.0,516.2821383207919,325661.45965313714,328743.9549268799,0.0,0.0,0.0
NCL,2017,0.0,2474.6552521735857,0.0,2474.6552521735857,0.0,0.0,0.0,2474.6552521735857,0.0,2474.6552521735857,9174048681.98577,,270810.0,0.0,0.2438772186187058,1427249.2266818217,1427249.2266818217,0.0,603.512039940266,386814.5228140491,314052.90791767876,0.0,0.0,0.0
NCL,2018,0.0,913.2156069390553,0.0,913.2156069390552,0.0,0.0,0.0,913.2156069390553,0.0,913.2156069390553,9896402283.68587,,271170.0,0.0,0.2766329830548273,1847459.9911298328,1847459.991129833,0.0,252.6255575197755,483994.2246193179,377437.9554171189,0.0,0.0,0.0
NCL,2019,0.0,2365.7670481175874,0.0,2365.7670481175874,0.0,0.0,0.0,2365.7670481175874,0.0,2365.7670481175874,9475655324.59495,,271240.0,0.0,0.2766329830548273,1963213.7710531517,1963213.7710531517,0.0,654.4491957335814,505895.75928217545,341783.7750413462,0.0,0.0,0.0
NCL,2020,0.0,303.58000954873216,0.0,303.58000954873216,0.0,0.0,0.0,303.58000954873216,0.0,303.58000954873216,9454629467.91408,,271080.0,0.0,0.3098788135867251,2260991.9551695543,2260991.9551695543,0.0,94.0730131876078,563349.3285482804,384447.34187696414,0.0,0.0,0.0
NCL,2021,0.0,4016.505604374237,0.0,4016.505604374237,0.0,0.0,0.0,4016.505604374237,0.0,4016.505604374237,10071349663.8484,,270390.0,0.0,0.3098788135867251,2591966.6485114046,2591966.6485114046,0.0,1244.6299914479207,648078.2463460602,446996.3310126248,0.0,0.0,0.0
NER,2016,449.15228117671523,85.43005162894592,449.15228117671523,85.43005162894592,0.0,0.0,449.15228117671523,85.43005162894592,449.15228117671523,85.43005162894592,10398861981.7583,113975510.70000002,20921743.0,0.3,0.0592371708265952,1193038.0603271483,1193038.060327148,25.629015488683773,5.060634562068717,325661.45965313714,328743.9549268799,0.00037647774711692866,122.60429265302363,123.76478352918089
NER,2017,26.703035299296896,237.9644883530754,26.703035299296896,237.9644883530754,0.0,0.0,26.703035299296896,237.9644883530754,26.703035299296896,237.9644883530754,11185104251.6943,210855246.18000004,21737922.0,0.3,0.0553421569917957,1427249.2266818217,1427249.2266818217,71.38934650592262,13.169468072908238,386814.5228140491,314052.90791767876,1.8709441070343514e-05,7.237083519742498,5.875754373655829
NER,2018,0.0,81.81489226453344,0.0,81.81489226453344,0.0,0.0,0.0,81.81489226453344,0.0,81.81489226453344,12837307496.8821,226274891.80000004,22577058.0,0.3,0.2041516403005456,1847459.9911298328,1847459.991129833,24.544467679360032,16.702644456816923,483994.2246193179,377437.9554171189,0.0,0.0,0.0
NER,2019,0.0,636.480721239536,0.0,636.480721239536,0.0,0.0,0.0,636.480721239536,0.0,636.480721239536,12889555561.2299,261218112.93,23443393.0,0.3,0.3221084244371919,1963213.7710531517,1963213.7710531517,190.9442163718608,205.0158023031145,505895.75928217545,341783.7750413462,0.0,0.0,0.0
NER,2020,0.0,7771.855996867831,0.0,7771.855996867831,0.0,0.0,0.0,7771.855996867831,0.0,7771.855996867831,13744653103.058,317993204.58,24333639.0,0.3,0.3216696184348257,2260991.9551695543,2260991.9551695543,2331.556799060349,2499.9699530428875,563349.3285482804,384447.34187696414,0.0,0.0,0.0
NER,2021,0.0,4430.888963174295,0.0,4430.888963174295,0.0,0.0,0.0,4430.888963174295,0.0,4430.888963174295,14915002436.069,316511252.77,25252722.0,0.3,0.3222075754863043,2591966.6485114046,2591966.6485114046,1329.2666889522884,1427.6659900734142,648078.2463460602,446996.3310126248,0.0,0.0,0.0
NGA,2016,0.0,2565.6715127202824,0.0,2565.6715127202824,0.0,0.0,0.0,2565.6715127202824,0.0,2565.6715127202824,404649125252.16,1921961166.43,188666931.0,0.3,0.4476869049163801,1193038.0603271483,1193038.060327148,769.7014538160847,1148.61753856187,325661.45965313714,328743.9549268799,0.0,0.0,0.0
NGA,2017,0.0,2872.9493020079312,0.0,2872.9493020079312,0.0,0.0,0.0,2872.9493020079312,0.0,2872.9493020079312,375745731053.427,2001457418.76,193495907.0,0.3,0.4476869049163801,1427249.2266818217,1427249.2266818217,861.8847906023793,1286.1817809976053,386814.5228140491,314052.90791767876,0.0,0.0,0.0
NGA,2018,0.0,1291.296621617443,0.0,1291.296621617443,0.0,0.0,0.0,1291.296621617443,0.0,1291.296621617443,421739251509.08,2098346672.46,198387623.0,0.3,0.4476869049163801,1847459.9911298328,1847459.991129833,387.38898648523286,578.096587860891,483994.2246193179,377437.9554171189,0.0,0.0,0.0
NGA,2019,0.0,2335.246595024712,0.0,2335.246595024712,0.0,0.0,0.0,2335.246595024712,0.0,2335.246595024712,474517490844.461,2229298159.5299997,203304492.0,0.3,0.4472388408019486,1963213.7710531517,1963213.7710531517,700.5739785074136,1044.4129801455497,505895.75928217545,341783.7750413462,0.0,0.0,0.0
NGA,2020,0.0,2217.5516969340188,0.0,2217.5516969340188,0.0,0.0,0.0,2217.5516969340188,0.0,2217.5516969340188,432198898467.795,2175195776.05,208327405.0,0.3,0.3970666521437757,2260991.9551695543,2260991.9551695543,665.2655090802056,880.5158282573395,563349.3285482804,384447.34187696414,0.0,0.0,0.0
NGA,2021,0.0,5835.841036596015,0.0,5835.841036596015,0.0,0.0,0.0,5835.841036596015,0.0,5835.841036596015,440838992188.478,2374705341.3900003,213401323.0,0.3,0.3494516412254456,2591966.6485114046,2591966.6485114046,1750.7523109788046,2039.3442281692833,648078.2463460602,446996.3310126248,0.0,0.0,0.0
NIC,2016,0.0,197.74991761569578,0.0,197.74991761569578,0.0,0.0,0.0,197.74991761569578,0.0,197.74991761569578,13286118584.2563,617966322.14,6389235.0,0.3,0.2910278620206593,1193038.0603271483,1193038.060327148,59.32497528470873,57.55073573845745,325661.45965313714,328743.9549268799,0.0,0.0,0.0
NIC,2017,0.0,314.8670869302141,0.0,314.8670869302141,0.0,0.0,0.0,314.8670869302141,0.0,314.8670869302141,13785943183.0661,669606791.5199999,6480532.0,0.3,0.3066305389363313,1427249.2266818217,1427249.2266818217,94.46012607906422,96.54786455872423,386814.5228140491,314052.90791767876,0.0,0.0,0.0
NIC,2018,0.0,323.13163873984865,0.0,323.13163873984865,0.0,0.0,0.0,323.13163873984865,0.0,323.13163873984865,13025239912.2751,674416184.53,6572233.0,0.3,0.3148943940921734,1847459.9911298328,1847459.991129833,96.93949162195459,101.7523415929957,483994.2246193179,377437.9554171189,0.0,0.0,0.0
NIC,2019,0.0,403.4975052331321,0.0,403.4975052331321,0.0,0.0,0.0,403.4975052331321,0.0,403.4975052331321,12699046244.607,664608667.5,6663924.0,0.3,0.3046888229807295,1963213.7710531517,1963213.7710531517,121.04925156993961,122.94117994514376,505895.75928217545,341783.7750413462,0.0,0.0,0.0
NIC,2020,0.0,470.780457589808,0.0,470.78045758980795,0.0,0.0,0.0,470.780457589808,0.0,470.780457589808,12681548303.6856,673447345.74,6755895.0,0.3,0.2992840305699583,2260991.9551695543,2260991.9551695543,141.2341372769424,140.89707286104704,563349.3285482804,384447.34187696414,0.0,0.0,0.0
NIC,2021,0.0,685.5328717972885,0.0,685.5328717972885,0.0,0.0,0.0,685.5328717972885,0.0,685.5328717972885,14144067555.6566,860295483.4,6850540.0,0.3,0.3176347987716247,2591966.6485114046,2591966.6485114046,205.65986153918655,217.74909578466574,648078.2463460602,446996.3310126248,0.0,0.0,0.0
NLD,2016,78887.44702973177,8196.768746513451,78887.44702973177,8196.768746513451,0.0,0.0,78887.44702973177,8196.768746513451,78887.44702973177,8196.768746513451,784060430240.08,52084245375.84001,17030314.0,0.25,0.0712489366017405,1193038.0603271483,1193038.060327148,2049.192186628363,584.0110567594649,325661.45965313714,328743.9549268799,0.06612316040286233,21533.764933674665,21737.58926310142
NLD,2017,44070.94657918507,14577.643633530848,44070.94657918507,14577.643633530848,0.0,0.0,44070.94657918507,14577.643633530848,44070.94657918507,14577.643633530848,833869641687.06,54217889490.52999,17131296.0,0.25,0.07522764744911,1427249.2266818217,1427249.2266818217,3644.410908382712,1096.6418359020215,386814.5228140491,314052.90791767876,0.03087824169409051,11944.152326236495,9697.401595414036
NLD,2018,149996.04742204153,9721.444378559998,149996.04742204153,9721.444378559998,0.0,0.0,149996.04742204153,9721.444378559998,149996.04742204153,9721.444378559998,914043438179.607,60199130338.38999,17231624.0,0.25,0.0761599618924171,1847459.9911298328,1847459.991129833,2430.3610946399995,740.3848334103818,483994.2246193179,377437.9554171189,0.08119041719020391,39295.693014491684,30644.345063733468
NLD,2019,79478.12705297972,16678.093853064885,79478.12705297972,16678.093853064885,0.0,0.0,79478.12705297972,16678.093853064885,79478.12705297972,16678.093853064885,910194347568.626,60910626971.06999,17344874.0,0.25,0.0836612444152051,1963213.7710531517,1963213.7710531517,4169.523463266221,1395.3100862209913,505895.75928217545,341783.7750413462,0.04048368457111232,20480.52434464296,13836.666540297872
NLD,2020,39054.522958587346,16958.988379456605,39054.522958587346,16958.988379456605,0.0,0.0,39054.522958587346,16958.988379456605,39054.522958587346,16958.988379456605,909793466661.481,70254231730.08998,17441500.0,0.25,0.0825943139480909,2260991.9551695543,2260991.9551695543,4239.747094864151,1400.716010454864,563349.3285482804,384447.34187696414,0.017273180857319152,9730.834837863755,6640.628466356408
NLD,2021,16024.544869763968,37633.73989210234,16024.54486976397,37633.73989210234,0.0,0.0,16024.544869763968,37633.73989210234,16024.544869763968,37633.73989210234,1029678338329.44,79682413347.08,17533044.0,0.25,0.088624946311742,2591966.6485114046,2591966.6485114046,9408.434973025585,3335.288177447633,648078.2463460602,446996.3310126248,0.006182388526861271,4006.671514718255,2763.5049884015343
NOR,2016,0.0,4375.309124926818,0.0,4375.309124926818,0.0,0.0,0.0,4375.309124926818,0.0,4375.309124926818,370956547619.048,33352263413.55,5234519.0,0.25,0.2449636601024311,1193038.0603271483,1193038.060327148,1093.8272812317045,1071.7917373216383,325661.45965313714,328743.9549268799,0.0,0.0,0.0
NOR,2017,0.0,6005.37823671012,0.0,6005.37823671012,0.0,0.0,0.0,6005.37823671012,0.0,6005.37823671012,401745275035.261,34982793243.72,5276968.0,0.24,0.2446743509259812,1427249.2266818217,1427249.2266818217,1441.2907768104287,1469.362022132062,386814.5228140491,314052.90791767876,0.0,0.0,0.0
NOR,2018,0.0,10395.466304292037,0.0,10395.466304292037,0.0,0.0,0.0,10395.466304292037,0.0,10395.466304292037,439788625883.8,37542085661.00001,5311916.0,0.23,0.2331428408841883,1847459.9911298328,1847459.991129833,2390.9572499871683,2423.6285464984994,483994.2246193179,377437.9554171189,0.0,0.0,0.0
NOR,2019,0.0,11637.630895947603,0.0,11637.630895947603,0.0,0.0,0.0,11637.630895947603,0.0,11637.630895947603,408742840909.091,36570999210.399994,5347896.0,0.22,0.2702541336387394,1963213.7710531517,1963213.7710531517,2560.2787971084726,3145.117855391746,505895.75928217545,341783.7750413462,0.0,0.0,0.0
NOR,2020,0.0,6235.6257895155895,0.0,6235.6257895155895,0.0,0.0,0.0,6235.6257895155895,0.0,6235.6257895155895,367633418886.627,36105247728.01,5379475.0,0.22,0.2853376788665274,2260991.9551695543,2260991.9551695543,1371.8376736934297,1779.2589890606355,563349.3285482804,384447.34187696414,0.0,0.0,0.0
NOR,2021,0.0,7561.904959680316,0.0,7561.904959680316,0.0,0.0,0.0,7561.904959680316,0.0,7561.904959680316,503367986030.268,42436786220.549995,5408320.0,0.22,0.2888910768596788,2591966.6485114046,2591966.6485114046,1663.6190911296696,2184.5668669125926,648078.2463460602,446996.3310126248,0.0,0.0,0.0
NPL,2016,0.0,-0.0,0.0,0.0,0.0,0.0,0.0,0.0,0.0,-0.0,,,,,,1193038.0603271483,1193038.060327148,,,325661.45965313714,328743.9549268799,0.0,0.0,0.0
NPL,2017,0.0,231.87730721426445,0.0,231.87730721426448,0.0,0.0,0.0,231.87730721426445,0.0,231.87730721426445,28971588940.364,313693643.26,28183426.0,0.25,0.2563619801578115,1427249.2266818217,1427249.2266818217,57.96932680356612,59.444525631110025,386814.5228140491,314052.90791767876,0.0,0.0,0.0
NPL,2018,0.0,154.2357041716326,0.0,154.2357041716326,0.0,0.0,0.0,154.2357041716326,0.0,154.2357041716326,33111525237.149,338586896.36,28506712.0,0.25,0.2589525384028407,1847459.9911298328,1847459.991129833,38.55892604290815,39.93972710759387,483994.2246193179,377437.9554171189,0.0,0.0,0.0
NPL,2019,0.0,81.59709609125491,0.0,81.59709609125491,0.0,0.0,0.0,81.59709609125491,0.0,81.59709609125491,34186180699.0255,377922059.63000005,28832496.0,0.25,0.2619416379208217,1963213.7710531517,1963213.7710531517,20.399274022813728,21.37367699972599,505895.75928217545,341783.7750413462,0.0,0.0,0.0
NPL,2020,0.0,99.44103510467083,0.0,99.44103510467083,0.0,0.0,0.0,99.44103510467083,0.0,99.44103510467083,33433659301.2466,514304782.0199999,29348627.0,0.25,0.25474835229783,2260991.9551695543,2260991.9551695543,24.860258776167708,25.332439843705565,563349.3285482804,384447.34187696414,0.0,0.0,0.0
NPL,2021,0.0,639.9563863405422,0.0,639.9563863405422,0.0,0.0,0.0,639.9563863405422,0.0,639.9563863405422,36924841394.2605,651163491.89,30034989.0,0.25,0.2469578694795471,2591966.6485114046,2591966.6485114046,159.98909658513554,158.04226573049021,648078.2463460602,446996.3310126248,0.0,0.0,0.0
NRU,2016,0.0,-0.0,0.0,0.0,0.0,0.0,0.0,0.0,0.0,-0.0,,,,,,1193038.0603271483,1193038.060327148,,,325661.45965313714,328743.9549268799,0.0,0.0,0.0
NRU,2017,0.0,-0.0,0.0,0.0,0.0,0.0,0.0,0.0,0.0,-0.0,,,,,,1427249.2266818217,1427249.2266818217,,,386814.5228140491,314052.90791767876,0.0,0.0,0.0
NRU,2018,0.0,-0.0,0.0,0.0,0.0,0.0,0.0,0.0,0.0,-0.0,,,,,,1847459.9911298328,1847459.991129833,,,483994.2246193179,377437.9554171189,0.0,0.0,0.0
NRU,2019,15618.64140907914,267.15065704213595,15618.64140907914,267.15065704213595,0.0,0.0,15618.64140907914,267.15065704213595,15618.64140907914,267.15065704213595,125160115.547819,12586517.85,12132.0,0.25,0.25,1963213.7710531517,1963213.7710531517,66.78766426053399,66.78766426053399,505895.75928217545,341783.7750413462,0.007955649883558341,4024.7295384258978,2719.112050109816
NRU,2020,99.20768901051333,972.989604892859,99.20768901051333,972.9896048928589,0.0,0.0,99.20768901051333,972.989604892859,99.20768901051333,972.989604892859,124685688.161094,12646887.99,12315.0,0.25,0.25,2260991.9551695543,2260991.9551695543,243.24740122321472,243.24740122321472,563349.3285482804,384447.34187696414,4.387794869578545e-05,24.71861293584663,16.86876074310852
NRU,2021,23.28689927096458,1564.5648146247327,23.28689927096458,1564.5648146247327,0.0,0.0,23.28689927096458,1564.5648146247327,23.28689927096458,1564.5648146247327,175390280.69162,16614696.459999995,12511.0,0.25,0.25,2591966.6485114046,2591966.6485114046,391.14120365618317,391.14120365618317,648078.2463460602,446996.3310126248,8.984258838491809e-06,5.8225027127688636,4.015930737673584
NZL,2016,0.0,5511.831076226773,0.0,5511.831076226773,0.0,0.0,0.0,5511.831076226773,0.0,5511.831076226773,188898209220.167,13013942068.63,4714100.0,0.28,0.2111726504542318,1193038.0603271483,1193038.060327148,1543.3127013434967,1163.9479772228087,325661.45965313714,328743.9549268799,0.0,0.0,0.0
NZL,2017,0.0,26725.672483877574,0.0,26725.672483877577,0.0,0.0,0.0,26725.672483877574,0.0,26725.672483877574,206566916732.292,13980309903.03,4813600.0,0.28,0.2101422386365527,1427249.2266818217,1427249.2266818217,7483.188295485722,5616.1926448293525,386814.5228140491,314052.90791767876,0.0,0.0,0.0
NZL,2018,0.0,9946.491912767926,0.0,9946.491912767926,0.0,0.0,0.0,9946.491912767926,0.0,9946.491912767926,211846555690.736,14330313143.670002,4900600.0,0.28,0.2068661415366596,1847459.9911298328,1847459.991129833,2785.0177355750197,2057.59240381989,483994.2246193179,377437.9554171189,0.0,0.0,0.0
NZL,2019,0.0,15139.91071305939,0.0,15139.910713059387,0.0,0.0,0.0,15139.91071305939,0.0,15139.91071305939,212846907683.439,15219303703.379995,4979200.0,0.28,0.2113075519122871,1963213.7710531517,1963213.7710531517,4239.174999656629,3199.177468947188,505895.75928217545,341783.7750413462,0.0,0.0,0.0
NZL,2020,0.0,19988.92870900419,0.0,19988.92870900419,0.0,0.0,0.0,19988.92870900419,0.0,19988.92870900419,212697530897.56,16644237873.309998,5090200.0,0.28,0.210743426049551,2260991.9551695543,2260991.9551695543,5596.900038521174,4212.535319195772,563349.3285482804,384447.34187696414,0.0,0.0,0.0
NZL,2021,0.0,30607.326529077778,0.0,30607.326529077778,0.0,0.0,0.0,30607.326529077778,0.0,30607.326529077778,253644079784.977,19388216155.04,5111300.0,0.28,0.2085985100862447,2591966.6485114046,2591966.6485114046,8570.051428141778,6384.642711688815,648078.2463460602,446996.3310126248,0.0,0.0,0.0
OMN,2016,0.0,810.816326756418,0.0,810.816326756418,0.0,0.0,0.0,810.816326756418,0.0,810.816326756418,75128738621.5865,2819309228.920001,4398070.0,0.12,0.287243275026009,1193038.0603271483,1193038.060327148,97.29795921077016,232.90153714207216,325661.45965313714,328743.9549268799,0.0,0.0,0.0
OMN,2017,0.0,604.8547812073806,0.0,604.8547812073806,0.0,0.0,0.0,604.8547812073806,0.0,604.8547812073806,80856697009.1027,2851887052.7699995,4541854.0,0.15,0.2693750801135774,1427249.2266818217,1427249.2266818217,90.72821718110708,162.93280514481847,386814.5228140491,314052.90791767876,0.0,0.0,0.0
OMN,2018,0.0,533.7456299769941,0.0,533.7456299769941,0.0,0.0,0.0,533.7456299769941,0.0,533.7456299769941,91505851755.5267,2542460938.96,4601157.0,0.15,0.2581053974946857,1847459.9911298328,1847459.991129833,80.06184449654911,137.76262798626348,483994.2246193179,377437.9554171189,0.0,0.0,0.0
OMN,2019,0.0,533.3532996668479,0.0,533.3532996668479,0.0,0.0,0.0,533.3532996668479,0.0,533.3532996668479,88060858257.4772,2934615828.0600004,4602768.0,0.15,0.2995369443153722,1963213.7710531517,1963213.7710531517,80.00299495002717,159.75901762272863,505895.75928217545,341783.7750413462,0.0,0.0,0.0
OMN,2020,0.0,532.097677512426,0.0,532.097677512426,0.0,0.0,0.0,532.097677512426,0.0,532.097677512426,75909397659.2978,3463281627.8,4543399.0,0.15,0.2833064413510029,2260991.9551695543,2260991.9551695543,79.81465162686389,150.74669946717898,563349.3285482804,384447.34187696414,0.0,0.0,0.0
OMN,2021,0.0,1223.2819513840993,0.0,1223.2819513840993,0.0,0.0,0.0,1223.2819513840993,0.0,1223.2819513840993,88191977373.212,3360557808.24,4520471.0,0.15,0.295638821740627,2591966.6485114046,2591966.6485114046,183.4922927076149,361.6496347637701,648078.2463460602,446996.3310126248,0.0,0.0,0.0
PAK,2016,0.0,626.9022988459341,0.0,626.9022988459341,0.0,0.0,0.0,626.9022988459341,0.0,626.9022988459341,313630000130.435,2191012966.9500003,213524840.0,0.32,0.3100054479070265,1193038.0603271483,1193038.060327148,200.6087356306989,194.34312794767837,325661.45965313714,328743.9549268799,0.0,0.0,0.0
PAK,2017,0.0,1295.881947862961,0.0,1295.881947862961,0.0,0.0,0.0,1295.881947862961,0.0,1295.881947862961,339205534861.1,3077285169.47,216379655.0,0.31,0.2583516360758401,1427249.2266818217,1427249.2266818217,401.7234038375179,334.7932213915425,386814.5228140491,314052.90791767876,0.0,0.0,0.0
PAK,2018,0.0,985.6934930166219,0.0,985.6934930166219,0.0,0.0,0.0,985.6934930166219,0.0,985.6934930166219,356128166704.921,3010761224.8700004,219731479.0,0.3,0.2481214256432254,1847459.9911298328,1847459.991129833,295.7080479049866,244.57167473453487,483994.2246193179,377437.9554171189,0.0,0.0,0.0
PAK,2019,0.0,799.0825018516255,0.0,799.0825018516255,0.0,0.0,0.0,799.0825018516255,0.0,799.0825018516255,320909472770.669,2752830472.6099997,223293280.0,0.29,0.2537988615892669,1963213.7710531517,1963213.7710531517,231.73392553697136,202.8062292858458,505895.75928217545,341783.7750413462,0.0,0.0,0.0
PAK,2020,0.0,824.0503797363979,0.0,824.0503797363979,0.0,0.0,0.0,824.0503797363979,0.0,824.0503797363979,300425609817.981,3053693489.13,227196741.0,0.29,0.2404517000640213,2260991.9551695543,2260991.9551695543,238.97461012355538,198.1443147460192,563349.3285482804,384447.34187696414,0.0,0.0,0.0
PAK,2021,0.0,2733.281275476005,0.0,2733.281275476005,0.0,0.0,0.0,2733.281275476005,0.0,2733.281275476005,348516647445.148,2894025956.3400006,231402117.0,0.29,0.2250875139173077,2591966.6485114046,2591966.6485114046,792.6515698880413,615.2274871336217,648078.2463460602,446996.3310126248,0.0,0.0,0.0
PAN,2016,1342.8024622703485,382.17135366595176,1342.8024622703485,382.17135366595176,0.0,0.0,1342.8024622703485,382.17135366595176,1342.8024622703485,382.17135366595176,57907700000.0,2599633536.71,4026336.0,0.25,0.0785880575959659,1193038.0603271483,1193038.060327148,95.54283841648794,30.034104353428074,325661.45965313714,328743.9549268799,0.0011255319565430567,366.54237985406314,370.0118267905536
PAN,2017,972.3194878958558,999.1605531951647,972.3194878958559,999.1605531951648,0.0,0.0,972.3194878958558,999.1605531951647,972.3194878958558,999.1605531951647,62202700000.0,2845454447.7100005,4096063.0,0.25,0.0796094379853098,1427249.2266818217,1427249.2266818217,249.7901382987912,79.5426100969583,386814.5228140491,314052.90791767876,0.000681254170413095,263.51900684342223,213.94985324927836
PAN,2018,1693.20324450442,1924.2180336033146,1693.20324450442,1924.2180336033148,0.0,0.0,1693.20324450442,1924.2180336033146,1693.20324450442,1924.2180336033146,67294169200.0,2967016451.31,4165255.0,0.25,0.0729655063178996,1847459.9911298328,1847459.991129833,481.0545084008287,140.401543087899,483994.2246193179,377437.9554171189,0.0009165033357333624,443.58232133928715,345.9231451721696
PAN,2019,1914.3771373907548,1280.000257566805,1914.3771373907548,1280.000257566805,0.0,0.0,1914.3771373907548,1280.000257566805,1914.3771373907548,1280.000257566805,69721787500.0,3218417815.9199996,4232532.0,0.25,0.0725013572501534,1963213.7710531517,1963213.7710531517,320.00006439170124,92.8017559541393,505895.75928217545,341783.7750413462,0.0009751241386024922,493.31116649268506,333.2816092255007
PAN,2020,3561.270174685428,1067.6645543179395,3561.270174685428,1067.6645543179395,0.0,0.0,3561.270174685428,1067.6645543179395,3561.270174685428,1067.6645543179395,57086836900.0,3164407213.2000003,4294396.0,0.25,0.0701608440258311,2260991.9551695543,2260991.9551695543,266.9161385794849,74.90824626740944,563349.3285482804,384447.34187696414,0.001575091926595716,887.326979249514,605.5399043915893
PAN,2021,35691.02852489913,1873.382566786353,35691.02852489913,1873.382566786353,0.0,0.0,35691.02852489913,1873.382566786353,35691.02852489913,1873.382566786353,67406738100.0,3421229675.2200003,4351267.0,0.25,0.0682966013559708,2591966.6485114046,2591966.6485114046,468.34564169658825,127.94566235103291,648078.2463460602,446996.3310126248,0.013769864108937081,8923.949384143498,6155.078735237301
PER,2016,0.0,1671.2078134320482,0.0,1671.207813432048,0.0,0.0,0.0,1671.2078134320482,0.0,1671.2078134320482,191898104390.379,5978386557.090001,31132779.0,0.28,0.2148328061161187,1193038.0603271483,1193038.060327148,467.93818776097345,359.0302641627899,325661.45965313714,328743.9549268799,0.0,0.0,0.0
PER,2017,0.0,4426.911503643882,0.0,4426.911503643882,0.0,0.0,0.0,4426.911503643882,0.0,4426.911503643882,211007984080.911,6545381538.52,31605486.0,0.295,0.2289765489717999,1427249.2266818217,1427249.2266818217,1305.938893574945,1013.6589187079376,386814.5228140491,314052.90791767876,0.0,0.0,0.0
PER,2018,0.0,2553.0789831193815,0.0,2553.0789831193815,0.0,0.0,0.0,2553.0789831193815,0.0,2553.0789831193815,222597009739.235,7197537063.729999,32203944.0,0.295,0.2377951186557126,1847459.9911298328,1847459.991129833,753.1583000202176,607.1097197282794,483994.2246193179,377437.9554171189,0.0,0.0,0.0
PER,2019,0.0,4660.987759884979,0.0,4660.987759884979,0.0,0.0,0.0,4660.987759884979,0.0,4660.987759884979,228346006003.648,7567333393.049999,32824861.0,0.295,0.2137760216428541,1963213.7710531517,1963213.7710531517,1374.9913891660688,996.4074202342493,505895.75928217545,341783.7750413462,0.0,0.0,0.0
PER,2020,0.0,5818.3484073077025,0.0,5818.3484073077025,0.0,0.0,0.0,5818.3484073077025,0.0,5818.3484073077025,201409694755.934,8905630559.989998,33304756.0,0.295,0.2267312158077205,2260991.9551695543,2260991.9551695543,1716.4127801557722,1319.2012083817895,563349.3285482804,384447.34187696414,0.0,0.0,0.0
PER,2021,0.0,7481.510208734985,0.0,7481.510208734985,0.0,0.0,0.0,7481.510208734985,0.0,7481.510208734985,226354278280.885,9013347976.089998,33715471.0,0.295,0.2283027489721978,2591966.6485114046,2591966.6485114046,2207.0455115768204,1708.0493471177583,648078.2463460602,446996.3310126248,0.0,0.0,0.0
PHL,2016,0.0,4032.730376991816,0.0,4032.730376991816,0.0,0.0,0.0,4032.730376991816,0.0,4032.730376991816,318627003012.52,4695714926.239999,104875266.0,0.3,0.2017665498678751,1193038.0603271483,1193038.060327148,1209.8191130975447,813.6700947130139,325661.45965313714,328743.9549268799,0.0,0.0,0.0
PHL,2017,0.0,8345.933423713284,0.0,8345.933423713284,0.0,0.0,0.0,8345.933423713284,0.0,8345.933423713284,328480736798.792,4870444677.28,106738501.0,0.3,0.2097235666790745,1427249.2266818217,1427249.2266818217,2503.7800271139854,1750.3389248872495,386814.5228140491,314052.90791767876,0.0,0.0,0.0
PHL,2018,0.0,9856.350514486274,0.0,9856.350514486274,0.0,0.0,0.0,9856.350514486274,0.0,9856.350514486274,346841896583.515,5328628683.069999,108568836.0,0.3,0.2147354566591607,1847459.9911298328,1847459.991129833,2956.9051543458822,2116.5079287209633,483994.2246193179,377437.9554171189,0.0,0.0,0.0
PHL,2019,0.0,8972.781788090999,0.0,8972.781788090999,0.0,0.0,0.0,8972.781788090999,0.0,8972.781788090999,376823402244.928,6374942017.830001,110380804.0,0.3,0.1933201973698378,1963213.7710531517,1963213.7710531517,2691.8345364272996,1734.619946230238,505895.75928217545,341783.7750413462,0.0,0.0,0.0
PHL,2020,0.0,14981.968139091041,0.0,14981.968139091041,0.0,0.0,0.0,14981.968139091041,0.0,14981.968139091041,361751145451.597,8440593506.050001,112190977.0,0.3,0.1939314802012003,2260991.9551695543,2260991.9551695543,4494.590441727312,2905.475257541148,563349.3285482804,384447.34187696414,0.0,0.0,0.0
PHL,2021,0.0,19386.10137630409,0.0,19386.10137630409,0.0,0.0,0.0,19386.10137630409,0.0,19386.10137630409,394087359848.11,9099407769.77,113880328.0,0.3,0.1891079058540378,2591966.6485114046,2591966.6485114046,5815.830412891227,3666.0650339469466,648078.2463460602,446996.3310126248,0.0,0.0,0.0
PNG,2016,565.8205213941519,1921.6859325337082,565.8205213941519,1921.6859325337082,0.0,0.0,565.8205213941519,1921.6859325337082,565.8205213941519,1921.6859325337082,20758876952.6232,348325315.97,8899169.0,0.3,0.0870891407927085,1193038.0603271483,1193038.060327148,576.5057797601124,167.35797673779544,325661.45965313714,328743.9549268799,0.0004742686257963939,154.45101294454113,155.91294374204298
PNG,2017,1343.3684158660158,3169.1452445269215,1343.3684158660158,3169.1452445269215,0.0,0.0,1343.3684158660158,3169.1452445269215,1343.3684158660158,3169.1452445269215,22742699138.356,382415928.62999994,9114796.0,0.3,0.1006576095255386,1427249.2266818217,1427249.2266818217,950.7435733580764,318.9985845533084,386814.5228140491,314052.90791767876,0.0009412290374745422,364.08106098944177,295.5957162354378
PNG,2018,3689.2680362467495,1840.8615826095142,3689.2680362467495,1840.8615826095142,0.0,0.0,3689.2680362467495,1840.8615826095142,3689.2680362467495,1840.8615826095142,24109780708.0268,389420580.52,9329227.0,0.3,0.1039466501700161,1847459.9911298328,1847459.991129833,552.2584747828543,191.35139493893337,483994.2246193179,377437.9554171189,0.001996940693687521,966.5077626520546,753.721212514661
PNG,2019,4435.943792938157,6091.715729659704,4435.943792938157,6091.715729659704,0.0,0.0,4435.943792938157,6091.715729659704,4435.943792938157,6091.715729659704,24751066910.5409,335684958.57000005,9542486.0,0.3,0.1094798919635351,1963213.7710531517,1963213.7710531517,1827.5147188979113,666.9203799557118,505895.75928217545,341783.7750413462,0.0022595317220898093,1143.0875161687854,772.271281801529
PNG,2020,373.12159672315477,2645.5546264406394,373.12159672315477,2645.5546264406394,0.0,0.0,373.12159672315477,2645.5546264406394,373.12159672315477,2645.5546264406394,23848445103.9227,377299210.51,9749640.0,0.3,0.1134357052000682,2260991.9551695543,2260991.9551695543,793.6663879321918,300.10035469559693,563349.3285482804,384447.34187696414,0.0001650256188970712,92.96707159892946,63.443660526579926
PNG,2021,6625.602279886269,4805.940370662306,6625.602279886269,4805.940370662306,0.0,0.0,6625.602279886269,4805.940370662306,6625.602279886269,4805.940370662306,26113333240.2333,305520002.6,9949437.0,0.3,0.1240832136525744,2591966.6485114046,2591966.6485114046,1441.7821111986918,596.3365258144236,648078.2463460602,446996.3310126248,0.0025562066100238696,1656.6218971224769,1142.6149759908892
POL,2016,0.0,10103.366441051829,0.0,10103.366441051829,0.0,0.0,0.0,10103.366441051829,0.0,10103.366441051829,470024599375.619,21268957598.660004,37970087.0,0.19,0.1678349214483624,1193038.0603271483,1193038.060327148,1919.6396237998474,1695.6977129979543,325661.45965313714,328743.9549268799,0.0,0.0,0.0
POL,2017,0.0,13174.49694155248,0.0,13174.49694155248,0.0,0.0,0.0,13174.49694155248,0.0,13174.49694155248,524641252834.826,23770982800.35,37974826.0,0.19,0.180307147500045,1427249.2266818217,1427249.2266818217,2503.154418894971,2375.455963279395,386814.5228140491,314052.90791767876,0.0,0.0,0.0
POL,2018,0.0,14453.085007876545,0.0,14453.085007876545,0.0,0.0,0.0,14453.085007876545,0.0,14453.085007876545,588779796423.695,26422211724.84999,37974750.0,0.19,0.1885829543557386,1847459.9911298328,1847459.991129833,2746.0861514965436,2725.6054703399923,483994.2246193179,377437.9554171189,0.0,0.0,0.0
POL,2019,0.0,15677.787118141625,0.0,15677.787118141623,0.0,0.0,0.0,15677.787118141625,0.0,15677.787118141625,596058473058.766,27487421637.699997,37965475.0,0.19,0.1915055860816648,1963213.7710531517,1963213.7710531517,2978.7795524469084,3002.383810523286,505895.75928217545,341783.7750413462,0.0,0.0,0.0
POL,2020,0.0,16389.563046526106,0.0,16389.563046526106,0.0,0.0,0.0,16389.563046526106,0.0,16389.563046526106,599442732365.372,27998828404.51,37899070.0,0.19,0.1937198320993453,2260991.9551695543,2260991.9551695543,3114.0169788399603,3174.983401554671,563349.3285482804,384447.34187696414,0.0,0.0,0.0
POL,2021,0.0,20989.863113709664,0.0,20989.863113709664,0.0,0.0,0.0,20989.863113709664,0.0,20989.863113709664,681346077608.607,31630709144.550003,37747124.0,0.19,0.1982920658157073,2591966.6485114046,2591966.6485114046,3988.073991604836,4162.123318006404,648078.2463460602,446996.3310126248,0.0,0.0,0.0
PRI,2016,30851.60416118014,5221.771319385236,30851.60416118014,5221.771319385236,0.0,0.0,30851.60416118014,5221.771319385236,30851.60416118014,5221.771319385236,104336700000.0,,3406672.0,0.39,0.0279257796124277,1193038.0603271483,1193038.060327148,2036.4908145602421,145.8220350516479,325661.45965313714,328743.9549268799,0.025859698183241686,8421.507056544066,8501.219453974323
PRI,2017,26144.84304914739,13760.969833848807,26144.84304914739,13760.969833848805,0.0,0.0,26144.84304914739,13760.969833848807,26144.84304914739,13760.969833848807,103445500000.0,,3325286.0,0.39,0.026920913722106,1427249.2266818217,1427249.2266818217,5366.7782352010345,370.45788162954705,386814.5228140491,314052.90791767876,0.01831834451921962,7085.801693945288,5752.929364498795
PRI,2018,35999.09722267013,4368.900800022632,35999.09722267013,4368.900800022632,0.0,0.0,35999.09722267013,4368.900800022632,35999.09722267013,4368.900800022632,100958100000.0,,3193354.0,0.39,0.0238066684345296,1847459.9911298328,1847459.991129833,1703.8713120088266,104.00897276948992,483994.2246193179,377437.9554171189,0.01948572493884131,9430.978332919805,7354.652180736628
PRI,2019,21981.732447281727,9352.11387022844,21981.732447281727,9352.11387022844,0.0,0.0,21981.732447281727,9352.11387022844,21981.732447281727,9352.11387022844,105126400000.0,,3193694.0,0.375,0.0268283899766484,1963213.7710531517,1963213.7710531517,3507.0427013356652,250.90215801651115,505895.75928217545,341783.7750413462,0.011196810439797285,5664.418918979836,3826.8881405362717
PRI,2020,32388.705581945625,2337.374501225557,32388.70558194562,2337.374501225557,0.0,0.0,32388.705581945625,2337.374501225557,32388.705581945625,2337.374501225557,103130900000.0,,3281557.0,0.375,0.0295428078098749,2260991.9551695543,2260991.9551695543,876.515437959584,69.05260566940885,563349.3285482804,384447.34187696414,0.014324998153085758,8069.978090996218,5507.20746234624
PRI,2021,58857.71998526065,11426.970358187733,58857.71998526065,11426.970358187733,0.0,0.0,58857.71998526065,11426.970358187733,58857.71998526065,11426.970358187733,106426600000.0,,3262693.0,0.375,0.0205311149539271,2591966.6485114046,2591966.6485114046,4285.1138843204,234.60844199906987,648078.2463460602,446996.3310126248,0.022707745880551085,14716.39612873952,10150.27909417338
PRK,2016,0.0,-0.0,0.0,0.0,0.0,0.0,0.0,0.0,0.0,-0.0,,,,,,1193038.0603271483,1193038.060327148,,,325661.45965313714,328743.9549268799,0.0,0.0,0.0
PRK,2017,0.0,-0.0,0.0,0.0,0.0,0.0,0.0,0.0,0.0,-0.0,772921776.0,,25516321.0,0.325,0.2271790854380566,1427249.2266818217,1427249.2266818217,0.0,0.0,386814.5228140491,314052.90791767876,0.0,0.0,0.0
PRK,2018,0.0,-0.0,0.0,0.0,0.0,0.0,0.0,0.0,0.0,-0.0,772921776.0,,25638149.0,0.325,0.2271790854380566,1847459.9911298328,1847459.991129833,0.0,0.0,483994.2246193179,377437.9554171189,0.0,0.0,0.0
PRK,2019,0.0,-0.0,0.0,0.0,0.0,0.0,0.0,0.0,0.0,-0.0,,,,,,1963213.7710531517,1963213.7710531517,,,505895.75928217545,341783.7750413462,0.0,0.0,0.0
PRK,2020,0.0,-0.0,0.0,0.0,0.0,0.0,0.0,0.0,0.0,-0.0,,,,,,2260991.9551695543,2260991.9551695543,,,563349.3285482804,384447.34187696414,0.0,0.0,0.0
PRK,2021,0.0,-0.0,0.0,0.0,0.0,0.0,0.0,0.0,0.0,-0.0,772921776.0,,25971909.0,0.325,0.2448932960998882,2591966.6485114046,2591966.6485114046,0.0,0.0,648078.2463460602,446996.3310126248,0.0,0.0,0.0
PRT,2016,0.0,2267.4274706552,0.0,2267.4274706552,0.0,0.0,0.0,2267.4274706552,0.0,2267.4274706552,206426152308.931,11940723360.219995,10325452.0,0.295,0.1575582543792094,1193038.0603271483,1193038.060327148,668.891103843284,357.25191420789935,325661.45965313714,328743.9549268799,0.0,0.0,0.0
PRT,2017,1238.6661433442418,5271.355731816875,1238.6661433442418,5271.355731816875,0.0,0.0,1238.6661433442418,5271.355731816875,1238.6661433442418,5271.355731816875,221357874718.93,12593904980.17,10300300.0,0.295,0.1150789240839127,1427249.2266818217,1427249.2266818217,1555.049940885978,606.6219460810522,386814.5228140491,314052.90791767876,0.0008678695494717399,335.70454564375484,272.55695570480566
PRT,2018,15608.321908856615,3260.523751972042,15608.321908856615,3260.523751972042,0.0,0.0,15608.321908856615,3260.523751972042,15608.321908856615,3260.523751972042,242313116577.967,13949074405.45,10283822.0,0.315,0.1184698347718327,1847459.9911298328,1847459.991129833,1027.0649818711934,386.2737101657639,483994.2246193179,377437.9554171189,0.008448530405960882,4089.0399230057683,3188.796042705237
PRT,2019,16155.474861452476,5985.058128675303,16155.474861452476,5985.058128675303,0.0,0.0,16155.474861452476,5985.058128675303,16155.474861452476,5985.058128675303,239986922638.902,13876114747.87,10286263.0,0.315,0.1260099290495789,1963213.7710531517,1963213.7710531517,1885.2933105327204,754.1767501519804,505895.75928217545,341783.7750413462,0.008229096138005383,4163.064838942251,2812.571543225643
PRT,2020,1551.885493772398,5665.724478559015,1551.885493772398,5665.724478559015,0.0,0.0,1551.885493772398,5665.724478559015,1551.885493772398,5665.724478559015,229031860520.777,15515142455.110004,10297081.0,0.315,0.1228976632363474,2260991.9551695543,2260991.9551695543,1784.7032107460896,696.3042989558758,563349.3285482804,384447.34187696414,0.0006863737353085895,386.66818291926904,263.8745580735502
PRT,2021,2097.57281829231,7534.340535958646,2097.57281829231,7534.340535958645,0.0,0.0,2097.57281829231,7534.340535958646,2097.57281829231,7534.340535958646,255534839405.899,17852285806.37,10361831.0,0.315,0.1193326351176717,2591966.6485114046,2591966.6485114046,2373.3172688269733,899.092710029836,648078.2463460602,446996.3310126248,0.0008092591852973762,524.4632736469649,361.73588666619304
PRY,2016,301.1817892643933,252.02331079653078,301.1817892643933,252.02331079653078,0.0,0.0,301.1817892643933,252.02331079653078,301.1817892643933,252.02331079653078,36089700222.9461,1136091856.6999998,6266615.0,0.1,0.0758194258347914,1193038.0603271483,1193038.060327148,25.202331079653078,19.108262721576146,325661.45965313714,328743.9549268799,0.0002524494391920781,82.21305285590805,82.99122705907664
PRY,2017,20390.932887949246,330.88008816280933,20390.932887949246,330.88008816280933,0.0,0.0,20390.932887949246,330.88008816280933,20390.932887949246,330.88008816280933,38997129473.5558,1180336983.2100005,6355404.0,0.1,0.0703357445705905,1427249.2266818217,1427249.2266818217,33.08800881628093,23.27269736451382,386814.5228140491,314052.90791767876,0.014286876115782278,5526.371167229757,4486.834989221056
PRY,2018,1416.01927426464,202.0449062104664,1416.01927426464,202.0449062104664,0.0,0.0,1416.01927426464,202.0449062104664,1416.01927426464,202.0449062104664,40225448340.6322,1218747053.44,6443328.0,0.1,0.0672799027856263,1847459.9911298328,1847459.991129833,20.20449062104664,13.593561648171162,483994.2246193179,377437.9554171189,0.0007664681676806755,370.96616651199787,289.29417810169963
PRY,2019,1992.1234036180115,906.2509871136464,1992.1234036180115,906.2509871136465,0.0,0.0,1992.1234036180115,906.2509871136464,1992.1234036180115,906.2509871136464,37925338329.1494,1258688142.22,6530026.0,0.1,0.0635767859272125,1963213.7710531517,1963213.7710531517,90.62509871136466,57.616525004049315,505895.75928217545,341783.7750413462,0.00101472566716428,513.3454118531854,346.8167691547562
PRY,2020,1112.3202914360534,215.64765659167733,1112.3202914360534,215.64765659167733,0.0,0.0,1112.3202914360534,215.64765659167733,1112.3202914360534,215.64765659167733,35432178068.1814,1464476310.48,6618695.0,0.1,0.0634967844315442,2260991.9551695543,2260991.9551695543,21.564765659167733,13.692932763769408,563349.3285482804,384447.34187696414,0.0004919611893765625,277.1460057070999,189.1331715624492
PRY,2021,335.02681291870897,337.3159759681095,335.02681291870897,337.3159759681095,0.0,0.0,335.02681291870897,337.3159759681095,335.02681291870897,337.3159759681095,39950899938.7482,1784247930.7999997,6703799.0,0.1,0.057391396122727,2591966.6485114046,2591966.6485114046,33.73159759681095,19.359034795310034,648078.2463460602,446996.3310126248,0.00012925583479676277,83.76789474508209,57.77688391612691
PSE,2016,0.0,-0.0,0.0,0.0,0.0,0.0,0.0,0.0,0.0,-0.0,,,,,,1193038.0603271483,1193038.060327148,,,325661.45965313714,328743.9549268799,0.0,0.0,0.0
PSE,2017,0.0,-0.0,0.0,0.0,0.0,0.0,0.0,0.0,0.0,-0.0,,,,,,1427249.2266818217,1427249.2266818217,,,386814.5228140491,314052.90791767876,0.0,0.0,0.0
PSE,2018,0.0,-0.0,0.0,0.0,0.0,0.0,0.0,0.0,0.0,-0.0,,,,,,1847459.9911298328,1847459.991129833,,,483994.2246193179,377437.9554171189,0.0,0.0,0.0
PSE,2019,0.0,-0.0,0.0,0.0,0.0,0.0,0.0,0.0,0.0,-0.0,,,,,,1963213.7710531517,1963213.7710531517,,,505895.75928217545,341783.7750413462,0.0,0.0,0.0
PSE,2020,0.0,-0.0,0.0,0.0,0.0,0.0,0.0,0.0,0.0,-0.0,,,,,,2260991.9551695543,2260991.9551695543,,,563349.3285482804,384447.34187696414,0.0,0.0,0.0
PSE,2021,157.80248312478247,141.2217077594786,157.80248312478247,141.2217077594786,0.0,0.0,157.80248312478247,141.2217077594786,157.80248312478247,141.2217077594786,18109000000.0,,4922749.0,0.15,0.15,2591966.6485114046,2591966.6485114046,21.183256163921786,21.183256163921786,648078.2463460602,446996.3310126248,6.088137099117776e-05,39.45589214710638,27.213749460074908
PYF,2016,0.0,1593.5813475488544,0.0,1593.5813475488544,0.0,0.0,0.0,1593.5813475488544,0.0,1593.5813475488544,5497036476.8031,,293541.0,0.27,0.3150018089794048,1193038.0603271483,1193038.060327148,430.2669638381907,501.9810072337267,325661.45965313714,328743.9549268799,0.0,0.0,0.0
PYF,2017,0.0,1229.114557739667,0.0,1229.114557739667,0.0,0.0,0.0,1229.114557739667,0.0,1229.114557739667,5833352692.7995,,295450.0,0.27,0.36232463345874,1427249.2266818217,1427249.2266818217,331.8609305897101,445.3384816118261,386814.5228140491,314052.90791767876,0.0,0.0,0.0
PYF,2018,0.0,295.5071096468667,0.0,295.5071096468667,0.0,0.0,0.0,295.5071096468667,0.0,295.5071096468667,6135116253.33452,,297606.0,0.27,0.36232463345874,1847459.9911298328,1847459.991129833,79.78691960465402,107.06950518725266,483994.2246193179,377437.9554171189,0.0,0.0,0.0
PYF,2019,0.0,774.8063465248683,0.0,774.8063465248683,0.0,0.0,0.0,774.8063465248683,0.0,774.8063465248683,6022276196.13871,,299717.0,0.27,0.36232463345874,1963213.7710531517,1963213.7710531517,209.19771356171447,280.7314255061284,505895.75928217545,341783.7750413462,0.0,0.0,0.0
PYF,2020,49.94688834907246,2965.917257057642,49.94688834907246,2965.917257057642,0.0,0.0,49.94688834907246,2965.917257057642,49.94688834907246,2965.917257057642,5792545870.80614,,301920.0,0.27,0.3442189710765599,2260991.9551695543,2260991.9551695543,800.7976594055634,1020.9249865225944,563349.3285482804,384447.34187696414,2.209069706545103e-05,12.444779358985306,8.4927097670219
PYF,2021,112.81197137555117,9784.937225619378,112.81197137555117,9784.937225619378,0.0,0.0,112.81197137555117,9784.937225619378,112.81197137555117,9784.937225619378,6150640646.38319,,304032.0,0.27,0.4203986896569237,2591966.6485114046,2591966.6485114046,2641.9330509172323,4113.57478802564,648078.2463460602,446996.3310126248,4.352369712794736e-05,28.206761309177182,19.454932928297183
QAT,2016,0.0,731.6858818344905,0.0,731.6858818344905,0.0,0.0,0.0,731.6858818344905,0.0,731.6858818344905,151732181868.132,4621618004.9,2595166.0,0.1,0.1580676562062317,1193038.0603271483,1193038.060327148,73.16858818344905,115.65587242076771,325661.45965313714,328743.9549268799,0.0,0.0,0.0
QAT,2017,0.0,1404.9642159202008,0.0,1404.9642159202008,0.0,0.0,0.0,1404.9642159202008,0.0,1404.9642159202008,161099122225.275,4369835044.78,2711755.0,0.1,0.1899312817795852,1427249.2266818217,1427249.2266818217,140.49642159202008,266.84665438417363,386814.5228140491,314052.90791767876,0.0,0.0,0.0
QAT,2018,0.0,4623.752224075459,0.0,4623.752224075459,0.0,0.0,0.0,4623.752224075459,0.0,4623.752224075459,183334953818.681,4597325833.0199995,2766732.0,0.1,0.1739878651843227,1847459.9911298328,1847459.991129833,462.3752224075459,804.4767786081532,483994.2246193179,377437.9554171189,0.0,0.0,0.0
QAT,2019,0.0,4724.181478536006,0.0,4724.181478536006,0.0,0.0,0.0,4724.181478536006,0.0,4724.181478536006,176371267692.308,4801076121.850001,2807235.0,0.1,0.2061532933241757,1963213.7710531517,1963213.7710531517,472.4181478536006,973.9055700612712,505895.75928217545,341783.7750413462,0.0,0.0,0.0
QAT,2020,0.0,3350.422496733405,0.0,3350.422496733405,0.0,0.0,0.0,3350.422496733405,0.0,3350.422496733405,144411363351.648,4779926006.769999,2760385.0,0.1,0.2412853633913041,2260991.9551695543,2260991.9551695543,335.0422496733405,808.40790963872,563349.3285482804,384447.34187696414,0.0,0.0,0.0
QAT,2021,0.0,1467.2732047526474,0.0,1467.2732047526474,0.0,0.0,0.0,1467.2732047526474,0.0,1467.2732047526474,179732009560.44,4420746216.1900015,2688235.0,0.1,0.1726916757758392,2591966.6485114046,2591966.6485114046,146.72732047526475,253.3858685497207,648078.2463460602,446996.3310126248,0.0,0.0,0.0
REU,2016,0.0,-0.0,0.0,0.0,0.0,0.0,0.0,0.0,0.0,-0.0,,,,,,1193038.0603271483,1193038.060327148,,,325661.45965313714,328743.9549268799,0.0,0.0,0.0
REU,2017,0.0,64.37077418665393,0.0,64.37077418665393,0.0,0.0,0.0,64.37077418665393,0.0,64.37077418665393,20930626057.52961,,932739.0,0.15,0.1493028964982589,1427249.2266818217,1427249.2266818217,9.655616127998089,9.610743035902788,386814.5228140491,314052.90791767876,0.0,0.0,0.0
REU,2018,0.0,-0.0,0.0,0.0,0.0,0.0,0.0,0.0,0.0,-0.0,,,,,,1847459.9911298328,1847459.991129833,,,483994.2246193179,377437.9554171189,0.0,0.0,0.0
REU,2019,0.0,-0.0,0.0,0.0,0.0,0.0,0.0,0.0,0.0,-0.0,,,,,,1963213.7710531517,1963213.7710531517,,,505895.75928217545,341783.7750413462,0.0,0.0,0.0
REU,2020,0.0,-0.0,0.0,0.0,0.0,0.0,0.0,0.0,0.0,-0.0,,,,,,2260991.9551695543,2260991.9551695543,,,563349.3285482804,384447.34187696414,0.0,0.0,0.0
REU,2021,0.0,-0.0,0.0,0.0,0.0,0.0,0.0,0.0,0.0,-0.0,,,,,,2591966.6485114046,2591966.6485114046,,,648078.2463460602,446996.3310126248,0.0,0.0,0.0
ROU,2016,3679.2792144604523,4877.373997245225,3679.2792144604523,4877.373997245225,0.0,0.0,3679.2792144604523,4877.373997245225,3679.2792144604523,4877.373997245225,185287630540.431,7357700549.25,19702267.0,0.16,0.1417924439446864,1193038.0603271483,1193038.060327148,780.379839559236,691.5747791016646,325661.45965313714,328743.9549268799,0.003083957953069444,1004.3262485054962,1013.8325343202541
ROU,2017,0.0,5254.399695853061,0.0,5254.399695853061,0.0,0.0,0.0,5254.399695853061,0.0,5254.399695853061,210147163769.848,8569543222.370001,19588715.0,0.16,0.1445287548016781,1427249.2266818217,1427249.2266818217,840.7039513364897,759.411845271959,386814.5228140491,314052.90791767876,0.0,0.0,0.0
ROU,2018,388.8336635625979,9799.84437977205,388.8336635625979,9799.84437977205,0.0,0.0,388.8336635625979,9799.84437977205,388.8336635625979,9799.84437977205,243316029944.056,10696494787.840002,19473970.0,0.16,0.1351172987071582,1847459.9911298328,1847459.991129833,1567.975100763528,1324.1285003453254,483994.2246193179,377437.9554171189,0.00021046932839114028,101.86593940081853,79.43911298596616
ROU,2019,228.33088306581615,12561.846633240202,228.33088306581618,12561.846633240202,0.0,0.0,228.33088306581615,12561.846633240202,228.33088306581615,12561.846633240202,251017797625.017,11491012879.18,19371648.0,0.16,0.1359040313730625,1963213.7710531517,1963213.7710531517,2009.8954613184324,1707.2055989474761,505895.75928217545,341783.7750413462,0.00011630464620433553,58.838027299587104,39.75104103456597
ROU,2020,1420.375642751548,12556.169031911999,1420.375642751548,12556.169031911999,0.0,0.0,1420.375642751548,12556.169031911999,1420.375642751548,12556.169031911999,251362514349.697,12530804570.619995,19265250.0,0.16,0.1366218893974809,2260991.9551695543,2260991.9551695543,2008.9870451059198,1715.447536733956,563349.3285482804,384447.34187696414,0.000628209065275083,353.90115511066085,241.5133052880179
ROU,2021,1149.9213725709142,14816.082085792348,1149.9213725709142,14816.082085792348,0.0,0.0,1149.9213725709142,14816.082085792348,1149.9213725709142,14816.082085792348,285810244501.933,13988286300.939997,19122059.0,0.16,0.1314143804644322,2591966.6485114046,2591966.6485114046,2370.5731337267757,1947.046248214574,648078.2463460602,446996.3310126248,0.00044364821330989226,287.5187560764378,198.30912360982816
RUS,2016,0.0,7206.762737928865,0.0,7206.762737928865,0.0,0.0,0.0,7206.762737928865,0.0,7206.762737928865,1276786350881.14,38463034662.53,145015460.0,0.2,0.2403429368713119,1193038.0603271483,1193038.060327148,1441.3525475857732,1732.09452176856,325661.45965313714,328743.9549268799,0.0,0.0,0.0
RUS,2017,0.0,12864.745854430215,0.0,12864.745854430215,0.0,0.0,0.0,12864.745854430215,0.0,12864.745854430215,1574199360089.0,48159919830.55,145293260.0,0.2,0.292249185056694,1427249.2266818217,1427249.2266818217,2572.9491708860432,3759.711491918713,386814.5228140491,314052.90791767876,0.0,0.0,0.0
RUS,2018,0.0,6885.963905689429,0.0,6885.963905689428,0.0,0.0,0.0,6885.963905689429,0.0,6885.963905689429,1657328773461.31,52769713158.46,145398106.0,0.2,0.2808625704715056,1847459.9911298328,1847459.991129833,1377.1927811378857,1934.009522725941,483994.2246193179,377437.9554171189,0.0,0.0,0.0
RUS,2019,0.0,5616.373930180036,0.0,5616.373930180036,0.0,0.0,0.0,5616.373930180036,0.0,5616.373930180036,1693115002708.32,58287216858.619995,145453291.0,0.2,0.2693879410133523,1963213.7710531517,1963213.7710531517,1123.2747860360073,1512.983409012269,505895.75928217545,341783.7750413462,0.0,0.0,0.0
RUS,2020,0.0,6964.306185098322,0.0,6964.306185098323,0.0,0.0,0.0,6964.306185098322,0.0,6964.306185098322,1493075894362.14,80797647967.83,145245148.0,0.2,0.2748103675994948,2260991.9551695543,2260991.9551695543,1392.8612370196647,1913.8635428023053,563349.3285482804,384447.34187696414,0.0,0.0,0.0
RUS,2021,0.0,6604.925598009211,0.0,6604.925598009211,0.0,0.0,0.0,6604.925598009211,0.0,6604.925598009211,1843392293734.38,96634989824.36998,144746762.0,0.2,0.2832486159802422,2591966.6485114046,2591966.6485114046,1320.9851196018424,1870.8360342885826,648078.2463460602,446996.3310126248,0.0,0.0,0.0
RWA,2016,1.5995558733560502,131.4287541850743,1.5995558733560502,131.4287541850743,0.0,0.0,1.5995558733560502,131.4287541850743,1.5995558733560502,131.4287541850743,8695272095.38502,194131602.04,11930899.0,0.3,0.255273385089969,1193038.0603271483,1193038.060327148,39.42862625552229,33.550262978981344,325661.45965313714,328743.9549268799,1.3407416968050699e-06,0.43662789799936286,0.44076072794307436
RWA,2017,5.236076449049156,175.53669843775737,5.236076449049156,175.53669843775737,0.0,0.0,5.236076449049156,175.53669843775737,5.236076449049156,175.53669843775737,9252834120.39358,206226436.73,12230339.0,0.3,0.1695734369198256,1427249.2266818217,1427249.2266818217,52.66100953132721,29.766361259649496,386814.5228140491,314052.90791767876,3.6686490005830215e-06,1.4190867125327595,1.1521498867623838
RWA,2018,6.3463705631105665,114.64933706512417,6.3463705631105665,114.64933706512417,0.0,0.0,6.3463705631105665,114.64933706512417,6.3463705631105665,114.64933706512417,9637904552.51428,225799815.82,12531808.0,0.3,0.1892598706957905,1847459.9911298328,1847459.991129833,34.39480111953725,21.698518708303503,483994.2246193179,377437.9554171189,3.435187010046902e-06,1.6626106733500035,1.2965699615475486
RWA,2019,12.903633040780045,483.2263578741168,12.903633040780045,483.22635787411684,0.0,0.0,12.903633040780045,483.2263578741168,12.903633040780045,483.2263578741168,10349299855.8404,260598948.25000003,12835028.0,0.3,0.1468072031125895,1963213.7710531517,1963213.7710531517,144.96790736223505,70.94111006978233,505895.75928217545,341783.7750413462,6.572709111477955e-06,3.325105666492013,2.246445332369588
RWA,2020,4.866727437638158,257.27073177272155,4.866727437638158,257.27073177272155,0.0,0.0,4.866727437638158,257.27073177272155,4.866727437638158,257.27073177272155,10174387614.2558,307875935.32,13146362.0,0.3,0.1145231579719781,2260991.9551695543,2260991.9551695543,77.18121953181647,29.463456656373793,563349.3285482804,384447.34187696414,2.1524744599426036e-06,1.2125950417259883,0.8275130845829879
RWA,2021,20.635093606924116,3823.733536695943,20.635093606924116,3823.733536695943,0.0,0.0,20.635093606924116,3823.733536695943,20.635093606924116,3823.733536695943,11069280277.007,330938177.57,13461888.0,0.3,0.0994621691780241,2591966.6485114046,2591966.6485114046,1147.1200610087828,380.3168319185363,648078.2463460602,446996.3310126248,7.961172501496144e-06,5.159462713628098,3.5586148987273765
SAU,2016,0.0,3540.499061358883,0.0,3540.499061358883,0.0,0.0,0.0,3540.499061358883,0.0,3540.499061358883,666000000000.0,28927757709.33,33416270.0,0.2,0.4315775375775882,1193038.0603271483,1193038.060327148,708.0998122717766,1527.9998666970291,325661.45965313714,328743.9549268799,0.0,0.0,0.0
SAU,2017,0.0,4116.557800357046,0.0,4116.557800357046,0.0,0.0,0.0,4116.557800357046,0.0,4116.557800357046,714994666666.667,30982715418.67,34193122.0,0.2,0.4274329523618845,1427249.2266818217,1427249.2266818217,823.3115600714093,1759.5524541749573,386814.5228140491,314052.90791767876,0.0,0.0,0.0
SAU,2018,0.0,5622.575397635719,0.0,5622.575397635719,0.0,0.0,0.0,5622.575397635719,0.0,5622.575397635719,846583733333.333,31784000000.0,35018133.0,0.2,0.4205877602730775,1847459.9911298328,1847459.991129833,1124.5150795271438,2364.786393458115,483994.2246193179,377437.9554171189,0.0,0.0,0.0
SAU,2019,0.0,4099.9364620828355,0.0,4099.9364620828355,0.0,0.0,0.0,4099.9364620828355,0.0,4099.9364620828355,838564800000.0,33829342079.999996,35827362.0,0.2,0.4155678478917203,1963213.7710531517,1963213.7710531517,819.9872924165671,1703.8017720405576,505895.75928217545,341783.7750413462,0.0,0.0,0.0
SAU,2020,0.0,3466.8547162479795,0.0,3466.8547162479795,0.0,0.0,0.0,3466.8547162479795,0.0,3466.8547162479795,734271200000.0,38207253106.670006,35997107.0,0.2,0.4162744556900753,2260991.9551695543,2260991.9551695543,693.3709432495959,1443.163059962698,563349.3285482804,384447.34187696414,0.0,0.0,0.0
SAU,2021,0.0,6949.006274086798,0.0,6949.006274086799,0.0,0.0,0.0,6949.006274086798,0.0,6949.006274086798,874156000000.0,39908691922.66999,35950396.0,0.2,0.4103735660826075,2591966.6485114046,2591966.6485114046,1389.80125481736,2851.688485427413,648078.2463460602,446996.3310126248,0.0,0.0,0.0
SDN,2016,0.0,200.82931557088872,0.0,200.82931557088872,0.0,0.0,0.0,200.82931557088872,0.0,200.82931557088872,42630376000.0,836921662.4000001,39377169.0,0.35,0.3860528794131831,1193038.0603271483,1193038.060327148,70.29026044981104,77.53073554672041,325661.45965313714,328743.9549268799,0.0,0.0,0.0
SDN,2017,0.0,342.05351998748864,0.0,342.05351998748864,0.0,0.0,0.0,342.05351998748864,0.0,342.05351998748864,41283617976.1905,521647327.26,40679828.0,0.35,0.3106871259544002,1427249.2266818217,1427249.2266818217,119.71873199562101,106.27162504749882,386814.5228140491,314052.90791767876,0.0,0.0,0.0
SDN,2018,0.0,290.381157843088,0.0,290.381157843088,0.0,0.0,0.0,290.381157843088,0.0,290.381157843088,32333780383.2924,347419172.08000004,41999059.0,0.35,0.2582030287621417,1847459.9911298328,1847459.991129833,101.63340524508078,74.97729445054284,483994.2246193179,377437.9554171189,0.0,0.0,0.0
SDN,2019,0.0,807.1625612924146,0.0,807.1625612924146,0.0,0.0,0.0,807.1625612924146,0.0,807.1625612924146,32338079165.2893,348544017.2,43232093.0,0.35,0.2198038851834267,1963213.7710531517,1963213.7710531517,282.5068964523451,177.4174669466785,505895.75928217545,341783.7750413462,0.0,0.0,0.0
SDN,2020,0.0,519.7803204760188,0.0,519.7803204760188,0.0,0.0,0.0,519.7803204760188,0.0,519.7803204760188,27034593750.0,354557076.6599999,44440486.0,0.35,0.1602455298281933,2260991.9551695543,2260991.9551695543,181.92311216660656,83.29247284894774,563349.3285482804,384447.34187696414,0.0,0.0,0.0
SDN,2021,0.0,3737.674239488686,0.0,3737.674239488686,0.0,0.0,0.0,3737.674239488686,0.0,3737.674239488686,34229513774.9936,266507001.56999993,45657202.0,0.35,0.1722956519176388,2591966.6485114046,2591966.6485114046,1308.18598382104,643.985019748468,648078.2463460602,446996.3310126248,0.0,0.0,0.0
SEN,2016,0.0,70.77018317271778,0.0,70.77018317271778,0.0,0.0,0.0,70.77018317271778,0.0,70.77018317271778,19040312333.1864,203354185.07,14751356.0,0.3,0.1875240473199339,1193038.0603271483,1193038.060327148,21.231054951815334,13.271111178121119,325661.45965313714,328743.9549268799,0.0,0.0,0.0
SEN,2017,0.0,269.4407512088497,0.0,269.4407512088497,0.0,0.0,0.0,269.4407512088497,0.0,269.4407512088497,20996562943.5979,212193888.41,15157793.0,0.325,0.2046362837089573,1427249.2266818217,1427249.2266818217,87.56824414287615,55.13735400712875,386814.5228140491,314052.90791767876,0.0,0.0,0.0
SEN,2018,0.0,232.73022857687357,0.0,232.73022857687357,0.0,0.0,0.0,232.73022857687357,0.0,232.73022857687357,23116701556.1381,258661785.41,15574909.0,0.3,0.2045906802970286,1847459.9911298328,1847459.991129833,69.81906857306207,47.61443579022553,483994.2246193179,377437.9554171189,0.0,0.0,0.0
SEN,2019,0.0,730.8743878431704,0.0,730.8743878431704,0.0,0.0,0.0,730.8743878431704,0.0,730.8743878431704,23403995992.1354,247543917.88000005,16000781.0,0.3,0.2319208787803467,1963213.7710531517,1963213.7710531517,219.26231635295113,169.50503030663603,505895.75928217545,341783.7750413462,0.0,0.0,0.0
SEN,2020,0.0,258.8847435185984,0.0,258.8847435185984,0.0,0.0,0.0,258.8847435185984,0.0,258.8847435185984,24530513037.7518,421770976.91,16436120.0,0.3,0.2375063723420488,2260991.9551695543,2260991.9551695543,77.66542305557951,61.486776287804034,563349.3285482804,384447.34187696414,0.0,0.0,0.0
SEN,2021,0.0,3883.007250015495,0.0,3883.007250015495,0.0,0.0,0.0,3883.007250015495,0.0,3883.007250015495,27520784129.7508,310782577.66999996,16876720.0,0.3,0.2368928333740882,2591966.6485114046,2591966.6485114046,1164.9021750046486,919.8565894682971,648078.2463460602,446996.3310126248,0.0,0.0,0.0
SGP,2016,30724.089364381103,5634.470561565775,30724.089364381107,5634.470561565775,0.0,0.0,30724.089364381103,5634.470561565775,30724.089364381103,5634.470561565775,319053943915.005,6627860562.34,5607283.0,0.17,0.0634507598778039,1193038.0603271483,1193038.060327148,957.8599954661818,357.51143864046486,325661.45965313714,328743.9549268799,0.02575281576176716,8386.69957115541,8466.082504026626
SGP,2017,51578.986549857436,9070.850792107249,51578.986549857436,9070.850792107249,0.0,0.0,51578.986549857436,9070.850792107249,51578.986549857436,9070.850792107249,343257164581.712,7232090100.530002,5612253.0,0.17,0.0647906356065778,1427249.2266818217,1427249.2266818217,1542.0446346582323,587.7061883130583,386814.5228140491,314052.90791767876,0.03613873848071525,13978.988880519582,11349.47590834514
SGP,2018,39541.163492412015,9443.001951074759,39541.163492412015,9443.001951074759,0.0,0.0,39541.163492412015,9443.001951074759,39541.163492412015,9443.001951074759,376892697588.005,7680731398.960003,5638676.0,0.17,0.0655054738578673,1847459.9911298328,1847459.991129833,1605.3103316827091,618.5683174459175,483994.2246193179,377437.9554171189,0.02140298771408317,10358.922443214471,8078.299922621267
SGP,2019,102662.77924529852,9401.157189333033,102662.77924529852,9401.157189333033,0.0,0.0,102662.77924529852,9401.157189333033,102662.77924529852,9401.157189333033,376901649222.451,8572724127.730001,5703569.0,0.17,0.0655924485544266,1963213.7710531517,1963213.7710531517,1598.1967221866157,616.6449192934048,505895.75928217545,341783.7750413462,0.052293224894314906,26454.920713223,17872.97581346505
SGP,2020,100155.14717638548,8993.787920334747,100155.14717638548,8993.787920334747,0.0,0.0,100155.14717638548,8993.787920334747,100155.14717638548,8993.787920334747,349488382610.662,11925420792.72,5685807.0,0.17,0.0754018357131617,2260991.9551695543,2260991.9551695543,1528.9439464569073,678.1481192080988,563349.3285482804,384447.34187696414,0.04429699404608219,24954.681852567577,17029.861614156005
SGP,2021,145611.46464258898,16326.62063968868,145611.46464258898,16326.62063968868,0.0,0.0,145611.46464258898,16326.62063968868,145611.46464258898,16326.62063968868,434111559282.849,14857494945.81,5453566.0,0.17,0.0678127391011349,2591966.6485114046,2591966.6485114046,2775.5255087470755,1107.1528658424127,648078.2463460602,446996.3310126248,0.056177985440597884,36407.73028759718,25111.353375627907
SLB,2016,0.0,772.5630920945553,0.0,772.5630920945553,0.0,0.0,0.0,772.5630920945553,0.0,772.5630920945553,1379490304.2254,43507524.849999994,628102.0,0.3,0.1285023013414255,1193038.0603271483,1193038.060327148,231.76892762836655,99.27613526559801,325661.45965313714,328743.9549268799,0.0,0.0,0.0
SLB,2017,0.0,1097.325698105485,0.0,1097.325698105485,0.0,0.0,0.0,1097.325698105485,0.0,1097.325698105485,1469789119.08756,45498974.51999999,643634.0,0.3,0.1285023013414255,1427249.2266818217,1427249.2266818217,329.1977094316455,141.00887752764115,386814.5228140491,314052.90791767876,0.0,0.0,0.0
SLB,2018,0.0,1002.6888640555388,0.0,1002.6888640555387,0.0,0.0,0.0,1002.6888640555388,0.0,1002.6888640555388,1615478393.28614,47865172.89,659249.0,0.3,0.1314385272903583,1847459.9911298328,1847459.991129833,300.8066592166616,131.7919476219023,483994.2246193179,377437.9554171189,0.0,0.0,0.0
SLB,2019,0.0,2909.71196684439,0.0,2909.71196684439,0.0,0.0,0.0,2909.71196684439,0.0,2909.71196684439,1619155017.3924,52770369.66,674993.0,0.3,0.1335462256460383,1963213.7710531517,1963213.7710531517,872.9135900533171,388.5810508891788,505895.75928217545,341783.7750413462,0.0,0.0,0.0
SLB,2020,0.0,1138.4954086558757,0.0,1138.4954086558757,0.0,0.0,0.0,1138.4954086558757,0.0,1138.4954086558757,1536145814.17007,55666947.73,691191.0,0.3,0.1510470311523436,2260991.9551695543,2260991.9551695543,341.5486225967627,171.96635145804422,563349.3285482804,384447.34187696414,0.0,0.0,0.0
SLB,2021,137228.1818734733,1418.466889855854,137228.1818734733,1418.466889855854,0.0,0.0,137228.1818734733,1418.466889855854,137228.1818734733,1418.466889855854,1522794913.0914,52552254.21,707851.0,0.3,0.267952025901823,2591966.6485114046,2591966.6485114046,425.5400669567562,380.0810768115341,648078.2463460602,446996.3310126248,0.052943652632368936,34311.629553140636,23665.61847707581
SLE,2016,0.0,93.80850751637787,0.0,93.80850751637787,0.0,0.0,0.0,93.80850751637787,0.0,93.80850751637787,3862721266.02162,40073209.73,7493913.0,0.3,0.2415121262480749,1193038.0603271483,1193038.060327148,28.14255225491336,22.655892110438934,325661.45965313714,328743.9549268799,0.0,0.0,0.0
SLE,2017,0.0,98.36557918000206,0.0,98.36557918000206,0.0,0.0,0.0,98.36557918000206,0.0,98.36557918000206,3719443418.26155,31650419.24,7677565.0,0.3,0.2453666435255642,1427249.2266818217,1427249.2266818217,29.509673754000616,24.135632001845224,386814.5228140491,314052.90791767876,0.0,0.0,0.0
SLE,2018,0.0,68.4051528469379,0.0,68.4051528469379,0.0,0.0,0.0,68.4051528469379,0.0,68.4051528469379,4085114387.55605,31401425.540000003,7861281.0,0.3,0.2505237692629246,1847459.9911298328,1847459.991129833,20.521545854081367,17.137116728221358,483994.2246193179,377437.9554171189,0.0,0.0,0.0
SLE,2019,0.0,358.65047217727073,0.0,358.65047217727073,0.0,0.0,0.0,358.65047217727073,0.0,358.65047217727073,4076578698.79107,50661544.82,8046828.0,0.3,0.2601261090746082,1963213.7710531517,1963213.7710531517,107.59514165318122,93.29435184524446,505895.75928217545,341783.7750413462,0.0,0.0,0.0
SLE,2020,0.0,537.5969964742789,0.0,537.5969964742789,0.0,0.0,0.0,537.5969964742789,0.0,537.5969964742789,4062906265.7332,55421189.57,8233970.0,0.25,0.2534297459395017,2260991.9551695543,2260991.9551695543,134.3992491185697,136.24307023431567,563349.3285482804,384447.34187696414,0.0,0.0,0.0
SLE,2021,0.0,3743.564581622532,0.0,3743.564581622532,0.0,0.0,0.0,3743.564581622532,0.0,3743.564581622532,4249234704.01866,82256642.42,8420641.0,0.25,0.2336620234636608,2591966.6485114046,2591966.6485114046,935.891145405633,874.7288751088136,648078.2463460602,446996.3310126248,0.0,0.0,0.0
SLV,2016,0.0,400.3585180879466,0.0,400.3585180879466,0.0,0.0,0.0,400.3585180879466,0.0,400.3585180879466,24191430000.0,1172625919.26,6250510.0,0.3,0.2421126645992926,1193038.0603271483,1193038.060327148,120.10755542638398,96.93186760929683,325661.45965313714,328743.9549268799,0.0,0.0,0.0
SLV,2017,0.0,441.40847474930064,0.0,441.4084747493006,0.0,0.0,0.0,441.40847474930064,0.0,441.40847474930064,24979190000.0,1144767316.12,6266654.0,0.3,0.2690638455454168,1427249.2266818217,1427249.2266818217,132.42254242479018,118.76706167238382,386814.5228140491,314052.90791767876,0.0,0.0,0.0
SLV,2018,0.0,786.0016691321055,0.0,786.0016691321055,0.0,0.0,0.0,786.0016691321055,0.0,786.0016691321055,26020850000.0,1182362191.76,6276342.0,0.3,0.2695194747844098,1847459.9911298328,1847459.991129833,235.80050073963162,211.8427570441545,483994.2246193179,377437.9554171189,0.0,0.0,0.0
SLV,2019,0.0,658.984442051039,0.0,658.984442051039,0.0,0.0,0.0,658.984442051039,0.0,658.984442051039,26881140000.0,1267404649.32,6280217.0,0.3,0.2640116204349357,1963213.7710531517,1963213.7710531517,197.69533261531168,173.97955038730677,505895.75928217545,341783.7750413462,0.0,0.0,0.0
SLV,2020,0.0,1164.5619916820926,0.0,1164.5619916820926,0.0,0.0,0.0,1164.5619916820926,0.0,1164.5619916820926,24921190000.0,1444558186.58,6292731.0,0.3,0.2718741602374905,2260991.9551695543,2260991.9551695543,349.36859750462776,316.61431353306835,563349.3285482804,384447.34187696414,0.0,0.0,0.0
SLV,2021,0.0,1046.1467431135961,0.0,1046.1467431135961,0.0,0.0,0.0,1046.1467431135961,0.0,1046.1467431135961,29043140000.0,1840031867.91,6314167.0,0.3,0.2741118831928967,2591966.6485114046,2591966.6485114046,313.84402293407885,286.7612538509834,648078.2463460602,446996.3310126248,0.0,0.0,0.0
SMR,2016,0.0,-0.0,0.0,0.0,0.0,0.0,0.0,0.0,0.0,-0.0,,,,,,1193038.0603271483,1193038.060327148,,,325661.45965313714,328743.9549268799,0.0,0.0,0.0
SMR,2017,0.0,-0.0,0.0,0.0,0.0,0.0,0.0,0.0,0.0,-0.0,,,,,,1427249.2266818217,1427249.2266818217,,,386814.5228140491,314052.90791767876,0.0,0.0,0.0
SMR,2018,0.0,-0.0,0.0,0.0,0.0,0.0,0.0,0.0,0.0,-0.0,,,,,,1847459.9911298328,1847459.991129833,,,483994.2246193179,377437.9554171189,0.0,0.0,0.0
SMR,2019,1603.357407571717,61.499082849412815,1603.357407571717,61.49908284941282,0.0,0.0,1603.357407571717,61.499082849412815,1603.357407571717,61.499082849412815,1616000000.0,116942890.10999998,34178.0,0.17,0.17,1963213.7710531517,1963213.7710531517,10.45484408440018,10.45484408440018,505895.75928217545,341783.7750413462,0.0008167003671289487,413.16525233473095,279.1349345549855
SMR,2020,398.65867637354614,71.9143490174356,398.65867637354614,71.9143490174356,0.0,0.0,398.65867637354614,71.9143490174356,398.65867637354614,71.9143490174356,1541000000.0,117279189.85,34007.0,0.17,0.17,2260991.9551695543,2260991.9551695543,12.225439332964052,12.225439332964052,563349.3285482804,384447.34187696414,0.00017632025424152838,99.3298968364271,67.7858530622261
SMR,2021,0.0,-0.0,0.0,0.0,0.0,0.0,0.0,0.0,0.0,-0.0,,,,,,2591966.6485114046,2591966.6485114046,,,648078.2463460602,446996.3310126248,0.0,0.0,0.0
SOM,2016,0.0,-0.0,0.0,0.0,0.0,0.0,0.0,0.0,0.0,-0.0,,,,,,1193038.0603271483,1193038.060327148,,,325661.45965313714,328743.9549268799,0.0,0.0,0.0
SOM,2017,0.0,187.8759583017431,0.0,187.8759583017431,0.0,0.0,0.0,187.8759583017431,0.0,187.8759583017431,8252394373.29698,,14864221.0,0.3,0.4476869049163801,1427249.2266818217,1427249.2266818217,56.36278749052293,84.10960628030625,386814.5228140491,314052.90791767876,0.0,0.0,0.0
SOM,2018,0.0,-0.0,0.0,0.0,0.0,0.0,0.0,0.0,0.0,-0.0,,,,,,1847459.9911298328,1847459.991129833,,,483994.2246193179,377437.9554171189,0.0,0.0,0.0
SOM,2019,0.0,-0.0,0.0,0.0,0.0,0.0,0.0,0.0,0.0,-0.0,,,,,,1963213.7710531517,1963213.7710531517,,,505895.75928217545,341783.7750413462,0.0,0.0,0.0
SOM,2020,0.0,-0.0,0.0,0.0,0.0,0.0,0.0,0.0,0.0,-0.0,,,,,,2260991.9551695543,2260991.9551695543,,,563349.3285482804,384447.34187696414,0.0,0.0,0.0
SOM,2021,0.29091286140142475,3844.076783883851,0.29091286140142475,3844.076783883851,0.0,0.0,0.29091286140142475,3844.076783883851,0.29091286140142475,3844.076783883851,9838711529.45848,,17065581.0,0.3,0.4476869049163801,2591966.6485114046,2591966.6485114046,1153.2230351651554,1720.9428376378737,648078.2463460602,446996.3310126248,1.122363443867996e-07,0.07273793324648956,0.050169234147168826
SRB,2016,671.0079316970044,686.8263591486738,671.0079316970044,686.8263591486738,0.0,0.0,671.0079316970044,686.8263591486738,671.0079316970044,686.8263591486738,40692661657.284,1981939850.2999997,7058322.0,0.15,0.0581994899359369,1193038.0603271483,1193038.060327148,103.02395387230106,39.97294377700942,325661.45965313714,328743.9549268799,0.000562436316166648,183.16383168476392,184.8975389711289
SRB,2017,586.3105362226319,1112.6425320564383,586.3105362226319,1112.6425320564383,0.0,0.0,586.3105362226319,1112.6425320564383,586.3105362226319,1112.6425320564383,44179075778.9267,2087453089.68,7020858.0,0.15,0.0665062817567774,1427249.2266818217,1427249.2266818217,166.89637980846575,73.99771773151973,386814.5228140491,314052.90791767876,0.0004107975854964949,158.9024720069902,129.01217629073548
SRB,2018,869.3192929497549,740.3078333388698,869.3192929497549,740.3078333388698,0.0,0.0,869.3192929497549,740.3078333388698,869.3192929497549,740.3078333388698,50640662859.4987,2564993895.69,6982604.0,0.15,0.0822752522259113,1847459.9911298328,1847459.991129833,111.04617500083047,60.90901371277342,483994.2246193179,377437.9554171189,0.0004705483729680738,227.7426949205645,177.60281581792168
SRB,2019,176.29373652444886,1802.8774517681748,176.29373652444886,1802.8774517681748,0.0,0.0,176.29373652444886,1802.8774517681748,176.29373652444886,1802.8774517681748,51514242938.6734,2604780008.67,6945235.0,0.15,0.0830405691145151,1963213.7710531517,1963213.7710531517,270.4316177652262,149.71196963855598,505895.75928217545,341783.7750413462,8.979854314585282e-05,45.428702167204406,30.69168506960278
SRB,2020,489.672522249227,1323.3999006990161,489.672522249227,1323.3999006990161,0.0,0.0,489.672522249227,1323.3999006990161,489.672522249227,1323.3999006990161,53356484591.4378,2829168706.31,6899126.0,0.15,0.0818451215660301,2260991.9551695543,2260991.9551695543,198.5099851048524,108.31382575318314,563349.3285482804,384447.34187696414,0.000216574199271092,122.00692974025117,83.26137522890326
SRB,2021,163.85362492136687,2376.0719904287184,163.85362492136687,2376.0719904287184,0.0,0.0,163.85362492136687,2376.0719904287184,163.85362492136687,2376.0719904287184,63101042897.707,3949126466.580001,6834326.0,0.15,0.1009071065762955,2591966.6485114046,2591966.6485114046,356.41079856430775,239.76254957114125,648078.2463460602,446996.3310126248,6.321594647657594e-05,40.96887973364574,28.257296136519912
SSD,2016,101.18185214537024,316.5032533125892,101.18185214537024,316.5032533125892,0.0,0.0,101.18185214537024,316.5032533125892,101.18185214537024,316.5032533125892,2900000000.0,,11066105.0,0.2,0.0253151838279239,1193038.0603271483,1193038.060327148,63.300650662517846,8.01233803974416,325661.45965313714,328743.9549268799,8.481024663842218e-05,27.619428713811132,27.88085589823903
SSD,2017,75.96800874902443,80.06970621357321,75.96800874902443,80.06970621357321,0.0,0.0,75.96800874902443,80.06970621357321,75.96800874902443,80.06970621357321,1800000000.0,24299452.74,10658226.0,0.25,0.036919195121523,1427249.2266818217,1427249.2266818217,20.017426553393303,2.9561091070219323,386814.5228140491,314052.90791767876,5.32268697917887e-05,20.58892623939627,16.716053237466895
SSD,2018,74.14672166654177,21.60405671095578,74.14672166654177,21.60405671095578,0.0,0.0,74.14672166654177,21.60405671095578,74.14672166654177,21.60405671095578,5940000000.0,31991755.43,10395329.0,0.25,0.036919195121523,1847459.9911298328,1847459.991129833,5.401014177738945,0.797604385128225,483994.2246193179,377437.9554171189,4.013441266524889e-05,19.42482393846887,15.148250658238462
SSD,2019,58.776179990861515,278.12339425052846,58.77617999086151,278.12339425052846,0.0,0.0,58.776179990861515,278.12339425052846,58.776179990861515,278.12339425052846,3546666666.6666665,40830071.44,10447666.0,0.25,0.0505261842862309,1963213.7710531517,1963213.7710531517,69.53084856263212,14.052513872214254,505895.75928217545,341783.7750413462,2.9938756979751346e-05,15.145890194235838,10.232581380584868
SSD,2020,6.249583986184898,44.80542830812158,6.249583986184898,44.80542830812158,0.0,0.0,6.249583986184898,44.80542830812158,6.249583986184898,44.80542830812158,3546666666.6666665,38950255.77,10606227.0,0.25,0.2485959511209446,2260991.9551695543,2260991.9551695543,11.201357077030394,11.138448065638778,563349.3285482804,384447.34187696414,2.7640894395470036e-06,1.5571479298161972,1.062646837744033
SSD,2021,155.44491641674963,3677.2925515454017,155.44491641674963,3677.2925515454017,0.0,0.0,155.44491641674963,3677.2925515454017,155.44491641674963,3677.2925515454017,3546666666.6666665,55728793.77,10748272.0,0.25,0.2651664836414011,2591966.6485114046,2591966.6485114046,919.3231378863504,975.0947352140099,648078.2463460602,446996.3310126248,5.9971804230592006e-05,38.8664217159713,26.807176455282036
STP,2016,0.0,-0.0,0.0,0.0,0.0,0.0,0.0,0.0,0.0,-0.0,,,,,,1193038.0603271483,1193038.060327148,,,325661.45965313714,328743.9549268799,0.0,0.0,0.0
STP,2017,0.0,1785.6578177323609,0.0,1785.6578177323609,0.0,0.0,0.0,1785.6578177323609,0.0,1785.6578177323609,322002845.229335,11153146.96,208036.0,0.25,0.4476869049163802,1427249.2266818217,1427249.2266818217,446.4144544330902,799.4156216603384,386814.5228140491,314052.90791767876,0.0,0.0,0.0
STP,2018,0.0,-0.0,0.0,0.0,0.0,0.0,0.0,0.0,0.0,-0.0,,,,,,1847459.9911298328,1847459.991129833,,,483994.2246193179,377437.9554171189,0.0,0.0,0.0
STP,2019,0.0,-0.0,0.0,0.0,0.0,0.0,0.0,0.0,0.0,-0.0,,,,,,1963213.7710531517,1963213.7710531517,,,505895.75928217545,341783.7750413462,0.0,0.0,0.0
STP,2020,724.0032890440692,742.5055351779986,724.0032890440692,742.5055351779986,0.0,0.0,724.0032890440692,742.5055351779986,724.0032890440692,742.5055351779986,471229484.607144,14091678.230000002,218641.0,0.25,0.4476869049163801,2260991.9551695543,2260991.9551695543,185.62638379449965,332.41000492711856,563349.3285482804,384447.34187696414,0.00032021488948189356,180.39284298078655,123.10576309073983
STP,2021,97.05318308129985,13759.661662537714,97.05318308129985,13759.661662537716,0.0,0.0,97.05318308129985,13759.661662537714,97.05318308129985,13759.661662537714,524402450.755612,17800261.19,223107.0,0.25,0.4476869049163801,2591966.6485114046,2591966.6485114046,3439.915415634429,6160.020342398083,648078.2463460602,446996.3310126248,3.744383946338144e-05,24.266537815891645,16.737258859157233
SUR,2016,0.0,-0.0,0.0,0.0,0.0,0.0,0.0,0.0,0.0,-0.0,,,,,,1193038.0603271483,1193038.060327148,,,325661.45965313714,328743.9549268799,0.0,0.0,0.0
SUR,2017,0.0,3804.211898118122,0.0,3804.211898118122,0.0,0.0,0.0,3804.211898118122,0.0,3804.211898118122,3591679430.99988,111316603.63,587559.0,0.36,0.3599358290815119,1427249.2266818217,1427249.2266818217,1369.5162833225238,1369.2721635508983,386814.5228140491,314052.90791767876,0.0,0.0,0.0
SUR,2018,0.0,174.27647789288991,0.0,174.27647789288991,0.0,0.0,0.0,174.27647789288991,0.0,174.27647789288991,3996198866.57453,182359296.49999997,593715.0,0.36,0.3599358290815119,1847459.9911298328,1847459.991129833,62.73953204144037,62.72834855978311,483994.2246193179,377437.9554171189,0.0,0.0,0.0
SUR,2019,0.0,158.52643249177711,0.0,158.52643249177711,0.0,0.0,0.0,158.52643249177711,0.0,158.52643249177711,4016040575.08796,259266525.5600001,600301.0,0.36,0.3678054323359164,1963213.7710531517,1963213.7710531517,57.06951569703976,58.306883039308545,505895.75928217545,341783.7750413462,0.0,0.0,0.0
SUR,2020,0.0,26.060776662906356,0.0,26.060776662906356,0.0,0.0,0.0,26.060776662906356,0.0,26.060776662906356,2911807496.20227,180320032.33,607065.0,0.36,0.3679013390056915,2260991.9551695543,2260991.9551695543,9.381879598646288,9.587794629811524,563349.3285482804,384447.34187696414,0.0,0.0,0.0
SUR,2021,69.40457242548696,305.10906231820525,69.40457242548696,305.10906231820525,0.0,0.0,69.40457242548696,305.10906231820525,69.40457242548696,305.10906231820525,3081401725.88833,107408266.3,612985.0,0.36,0.4476869049163801,2591966.6485114046,2591966.6485114046,109.83926243455389,136.59333177117622,648078.2463460602,446996.3310126248,2.677679995047266e-05,17.353461554661592,11.969131334120313
SVK,2016,0.0,1819.1947526733409,0.0,1819.1947526733409,0.0,0.0,0.0,1819.1947526733409,0.0,1819.1947526733409,89952699524.894,5100722810.309999,5430798.0,0.22,0.1567020894756348,1193038.0603271483,1193038.060327148,400.222845588135,285.07161890702315,325661.45965313714,328743.9549268799,0.0,0.0,0.0
SVK,2017,0.0,2923.992846052443,0.0,2923.992846052443,0.0,0.0,0.0,2923.992846052443,0.0,2923.992846052443,95649966260.9802,5108754461.87,5439232.0,0.21,0.1232511235084279,1427249.2266818217,1427249.2266818217,614.038497671013,360.38540340656925,386814.5228140491,314052.90791767876,0.0,0.0,0.0
SVK,2018,0.0,3886.4290265711406,0.0,3886.42902657114,0.0,0.0,0.0,3886.4290265711406,0.0,3886.4290265711406,106137924015.593,5604911625.49,5446771.0,0.21,0.1056573493375981,1847459.9911298328,1847459.991129833,816.1500955799394,410.62978933620826,483994.2246193179,377437.9554171189,0.0,0.0,0.0
SVK,2019,0.0,4297.818720377819,0.0,4297.818720377819,0.0,0.0,0.0,4297.818720377819,0.0,4297.818720377819,105711680180.565,5765284318.960001,5454147.0,0.21,0.1050420994208982,1963213.7710531517,1963213.7710531517,902.541931279342,451.45190131892434,505895.75928217545,341783.7750413462,0.0,0.0,0.0
SVK,2020,0.0,3018.4004419529138,0.0,3018.4004419529138,0.0,0.0,0.0,3018.4004419529138,0.0,3018.4004419529138,106737868873.941,6105620203.759999,5458827.0,0.21,0.0885796218672889,2260991.9551695543,2260991.9551695543,633.8640928101119,267.36876979224684,563349.3285482804,384447.34187696414,0.0,0.0,0.0
SVK,2021,0.0,2809.7193696986865,0.0,2809.7193696986865,0.0,0.0,0.0,2809.7193696986865,0.0,2809.7193696986865,118563266602.359,7333259869.38,5447247.0,0.21,0.0752440640117907,2591966.6485114046,2591966.6485114046,590.0410676367242,211.4147041087762,648078.2463460602,446996.3310126248,0.0,0.0,0.0
SVN,2016,1689.6540335260006,631.3399335299333,1689.6540335260004,631.3399335299333,0.0,0.0,1689.6540335260006,631.3399335299333,1689.6540335260006,631.3399335299333,44766722790.5826,2738712133.9600005,2065042.0,0.17,0.1254527945634336,1193038.0603271483,1193038.060327148,107.32778870008868,79.20335898082256,325661.45965313714,328743.9549268799,0.0014162616346562094,461.22183119287916,465.58745098809015
SVN,2017,0.0,1092.2363248112417,0.0,1092.2363248112417,0.0,0.0,0.0,1092.2363248112417,0.0,1092.2363248112417,48589100043.0954,2855356088.99,2066388.0,0.19,0.1311322379808019,1427249.2266818217,1427249.2266818217,207.52490171413592,143.22739367642419,386814.5228140491,314052.90791767876,0.0,0.0,0.0
SVN,2018,0.0,761.6848617562841,0.0,761.6848617562841,0.0,0.0,0.0,761.6848617562841,0.0,761.6848617562841,54177882425.8431,3247002257.8199997,2073894.0,0.19,0.1319969949495217,1847459.9911298328,1847459.991129833,144.72012373369398,100.54011285037136,483994.2246193179,377437.9554171189,0.0,0.0,0.0
SVN,2019,0.0,1089.145099330861,0.0,1089.145099330861,0.0,0.0,0.0,1089.145099330861,0.0,1089.145099330861,54386654313.9685,3341878732.71,2088385.0,0.19,0.1317240500179426,1963213.7710531517,1963213.7710531517,206.9375688728636,143.4666035410554,505895.75928217545,341783.7750413462,0.0,0.0,0.0
SVN,2020,0.0,1114.580250640553,0.0,1114.580250640553,0.0,0.0,0.0,1114.580250640553,0.0,1114.580250640553,53734526854.2289,3676725543.33,2102419.0,0.19,0.1299885448537093,2260991.9551695543,2260991.9551695543,211.77024762170507,144.8826649034481,563349.3285482804,384447.34187696414,0.0,0.0,0.0
SVN,2021,0.0,1078.097779155241,0.0,1078.097779155241,0.0,0.0,0.0,1078.097779155241,0.0,1078.097779155241,61832201543.8285,4283981635.02,2108079.0,0.19,0.1312453836784026,2591966.6485114046,2591966.6485114046,204.8385780394958,141.49535666806335,648078.2463460602,446996.3310126248,0.0,0.0,0.0
SWE,2016,21738.70472431151,2339.9534933196155,21738.70472431151,2339.9534933196155,0.0,0.0,21738.70472431151,2339.9534933196155,21738.70472431151,2339.9534933196155,515654671469.547,47153981762.39001,9923085.0,0.22,0.0883990215663211,1193038.0603271483,1193038.060327148,514.7897685303154,206.84959932014908,325661.45965313714,328743.9549268799,0.01822130026459545,5933.975240946248,5990.142312893311
SWE,2017,37776.33249072203,10671.280740066295,37776.33249072203,10671.280740066295,0.0,0.0,37776.33249072203,10671.280740066295,37776.33249072203,10671.280740066295,541018749769.097,49425885184.2,10057698.0,0.22,0.0830905934677581,1427249.2266818217,1427249.2266818217,2347.681762814585,886.6830497531653,386814.5228140491,314052.90791767876,0.02646792990636074,10238.17967660463,8312.330353653886
SWE,2018,13131.796702887057,31689.856749824383,13131.796702887057,31689.856749824383,0.0,0.0,13131.796702887057,31689.856749824383,13131.796702887057,31689.856749824383,555455371487.089,51525920124.53,10175214.0,0.22,0.0848217925403318,1847459.9911298328,1847459.991129833,6971.768484961364,2687.990454866437,483994.2246193179,377437.9554171189,0.007108027651985131,3440.2443319952145,2682.839424013612
SWE,2019,37866.61620876067,10884.991517067294,37866.61620876067,10884.991517067294,0.0,0.0,37866.61620876067,10884.991517067294,37866.61620876067,10884.991517067294,533879529188.454,49228252063.59999,10278887.0,0.214,0.0919359747347234,1963213.7710531517,1963213.7710531517,2329.388184652401,1000.7223051007772,505895.75928217545,341783.7750413462,0.01928807589223837,9757.755798596154,6592.351391733211
SWE,2020,24888.6926350655,13981.285854479702,24888.6926350655,13981.285854479702,0.0,0.0,24888.6926350655,13981.285854479702,24888.6926350655,13981.285854479702,547054174235.876,53429151877.22,10353442.0,0.214,0.0907121196785383,2260991.9551695543,2260991.9551695543,2991.995172858656,1268.2720756914173,563349.3285482804,384447.34187696414,0.011007864304054576,6201.27296443973,4231.944171436099
SWE,2021,12548.840060780638,25010.572241968443,12548.840060780638,25010.572241968443,0.0,0.0,12548.840060780638,25010.572241968443,12548.840060780638,25010.572241968443,639714956069.468,61542341879.060005,10415811.0,0.206,0.0918554009807458,2591966.6485114046,2591966.6485114046,5152.177881845499,2297.3561420439214,648078.2463460602,446996.3310126248,0.004841435775413074,3137.629207126783,2164.104028442906
SWZ,2016,56.36956901017905,16.28030557842282,56.36956901017904,16.28030557842282,0.0,0.0,56.36956901017905,16.28030557842282,56.36956901017905,16.28030557842282,3816019193.16561,108602956.04,1142524.0,0.275,0.118244078149677,1193038.0603271483,1193038.060327148,4.477084034066276,1.9250497251156502,325661.45965313714,328743.9549268799,4.7248760022560964e-05,15.387100155747996,15.532744235207746
SWZ,2017,2333.6337646346506,117.70713392963378,2333.6337646346506,117.70713392963378,0.0,0.0,2333.6337646346506,117.70713392963378,2333.6337646346506,117.70713392963378,4402969225.92165,156043083.85999995,1151390.0,0.275,0.1342377540424532,1427249.2266818217,1427249.2266818217,32.36946183064929,15.800741293488278,386814.5228140491,314052.90791767876,0.0016350569480146511,632.4637731200828,513.4943891350061
SWZ,2018,1280.6339834746896,270.9691320577001,1280.6339834746896,270.9691320577001,0.0,0.0,1280.6339834746896,270.9691320577001,1280.6339834746896,270.9691320577001,4666598024.18411,134407604.25000003,1160428.0,0.275,0.1410845049207496,1847459.9911298328,1847459.991129833,74.51651131586753,38.22954584516584,483994.2246193179,377437.9554171189,0.0006931863150614184,335.4981730748734,261.63482547990856
SWZ,2019,0.0,406.79364853877337,0.0,406.79364853877337,0.0,0.0,0.0,406.79364853877337,0.0,406.79364853877337,4495267265.76464,172159392.67000002,1169613.0,0.275,0.1516409425245194,1963213.7710531517,1963213.7710531517,111.86825334816268,61.68657227740768,505895.75928217545,341783.7750413462,0.0,0.0,0.0
SWZ,2020,1862.4597743293434,249.51614128026245,1862.4597743293434,249.51614128026245,0.0,0.0,1862.4597743293434,249.51614128026245,1862.4597743293434,249.51614128026245,3982236693.8316,140847955.61,1180655.0,0.275,0.1432375554602111,2260991.9551695543,2260991.9551695543,68.61693885207218,35.740082124849465,563349.3285482804,384447.34187696414,0.0008237356926772769,464.0509493709966,316.68299745895894
SWZ,2021,0.0,4052.6742468722855,0.0,4052.6742468722855,0.0,0.0,0.0,4052.6742468722855,0.0,4052.6742468722855,4850842540.99267,177057851.91,1192271.0,0.275,0.261708629530235,2591966.6485114046,2591966.6485114046,1114.4854178898786,1060.619823081423,648078.2463460602,446996.3310126248,0.0,0.0,0.0
SXM,2016,0.0,-0.0,0.0,0.0,0.0,0.0,0.0,0.0,0.0,-0.0,,,,,,1193038.0603271483,1193038.060327148,,,325661.45965313714,328743.9549268799,0.0,0.0,0.0
SXM,2017,0.0,-0.0,0.0,0.0,0.0,0.0,0.0,0.0,0.0,-0.0,,,,,,1427249.2266818217,1427249.2266818217,,,386814.5228140491,314052.90791767876,0.0,0.0,0.0
SXM,2018,20770.031178027668,1213.2074862103232,20770.031178027668,1213.2074862103232,0.0,0.0,20770.031178027668,1213.2074862103232,20770.031178027668,1213.2074862103232,1259200446.92737,,38934.0,0.35,0.3449829439402716,1847459.9911298328,1847459.991129833,424.6226201736131,418.5358902032138,483994.2246193179,377437.9554171189,0.011242479554496629,5441.29517477713,4243.338496867969
SXM,2019,5144.861448768497,4514.233011174435,5144.861448768497,4514.233011174435,0.0,0.0,5144.861448768497,4514.233011174435,5144.861448768497,4514.233011174435,1407880446.92737,,39648.0,0.35,0.3449829439402716,1963213.7710531517,1963213.7710531517,1579.981553911052,1557.3333938273138,505895.75928217545,341783.7750413462,0.0026206323145383063,1325.7667745627614,895.6896054582429
SXM,2020,28.494490479726345,4893.673091172487,28.494490479726345,4893.673091172487,0.0,0.0,28.494490479726345,4893.673091172487,28.494490479726345,4893.673091172487,1236428100.55866,,40350.0,0.35,0.3449829439402716,2260991.9551695543,2260991.9551695543,1712.7855819103704,1688.233749673974,563349.3285482804,384447.34187696414,1.2602650095492936e-05,7.099694469224867,4.845055329817728
SXM,2021,2512.9247939014704,12348.038355225317,2512.9247939014704,12348.038355225317,0.0,0.0,2512.9247939014704,12348.038355225317,2512.9247939014704,12348.038355225317,1353071061.45251,,40708.0,0.35,0.3449903563090041,2591966.6485114046,2591966.6485114046,4321.8134243288605,4259.954151886431,648078.2463460602,446996.3310126248,0.0009695050649454425,628.3151423134656,433.36520692876934
SYC,2016,0.0,78.38479358444737,0.0,78.38479358444737,0.0,0.0,0.0,78.38479358444737,0.0,78.38479358444737,1568513348.14463,51122210.15,94677.0,0.3,0.191939186373965,1193038.0603271483,1193038.060327148,23.51543807533421,15.04511350469002,325661.45965313714,328743.9549268799,0.0,0.0,0.0
SYC,2017,571.6218166702761,150.60089593608078,571.6218166702761,150.60089593608078,0.0,0.0,571.6218166702761,150.60089593608078,571.6218166702761,150.60089593608078,1675370641.01416,54782734.64999999,95843.0,0.3,0.0827687917990741,1427249.2266818217,1427249.2266818217,45.18026878082423,12.465054200487495,386814.5228140491,314052.90791767876,0.00040050595648191467,154.92152044073615,125.78006027149661
SYC,2018,1900.1162276842845,161.19701151455592,1900.1162276842847,161.19701151455592,0.0,0.0,1900.1162276842845,161.19701151455592,1900.1162276842845,161.19701151455592,1784313926.76807,59344809.92000001,96762.0,0.3,0.0835545806898475,1847459.9911298328,1847459.991129833,48.359103454366775,13.46874870555524,483994.2246193179,377437.9554171189,0.0010285019631316884,497.7890101653678,388.19567810691746
SYC,2019,352.619487301575,3837.228432075845,352.619487301575,3837.2284320758454,0.0,0.0,352.619487301575,3837.228432075845,352.619487301575,3837.228432075845,1868690096.73454,58850085.47,97625.0,0.3,0.0446953225573964,1963213.7710531517,1963213.7710531517,1151.1685296227536,171.50616249804236,505895.75928217545,341783.7750413462,0.0001796133933557398,90.86565400895003,61.388943629111
SYC,2020,4181.2461718241875,3001.4937997615634,4181.2461718241875,3001.4937997615634,0.0,0.0,4181.2461718241875,3001.4937997615634,4181.2461718241875,3001.4937997615634,1382551751.56908,64457488.82000001,98462.0,0.3,0.0032663755068268,2260991.9551695543,2260991.9551695543,900.448139928469,9.804005831433674,563349.3285482804,384447.34187696414,0.001849297235341393,1041.800355815765,710.9574064674172
SYC,2021,2963.7651209868873,7942.789043991611,2963.7651209868873,7942.789043991611,0.0,0.0,2963.7651209868873,7942.789043991611,2963.7651209868873,7942.789043991611,1487173794.80528,58529970.94,99258.0,0.3,0.0026130735063486,2591966.6485114046,2591966.6485114046,2382.8367131974833,20.7550916173704,648078.2463460602,446996.3310126248,0.0011434426143905095,741.0402843315558,511.1146533560413
SYR,2016,0.448232733985316,102.58619258222924,0.44823273398531593,102.58619258222924,0.0,0.0,0.448232733985316,102.58619258222924,0.448232733985316,102.58619258222924,12597854884.462,,18964252.0,0.28,0.003363751756839,1193038.0603271483,1193038.060327148,28.72413392302419,0.3450744855258976,325661.45965313714,328743.9549268799,3.7570698613119184e-07,0.12235328550536488,0.12351140051442643
SYR,2017,1.4386646674381527,340.3871646520139,1.4386646674381527,340.3871646520139,0.0,0.0,1.4386646674381527,340.3871646520139,1.4386646674381527,340.3871646520139,16369843341.3865,,18983373.0,0.28,0.003363751756839,1427249.2266818217,1427249.2266818217,95.3084061025639,1.1449779231036576,386814.5228140491,314052.90791767876,1.0079982112044093e-06,0.38990834706444866,0.31656476940456324
SYR,2018,391.25896463536816,55.49655010057632,391.25896463536816,55.49655010057633,0.0,0.0,391.25896463536816,55.49655010057632,391.25896463536816,55.49655010057632,21497782880.7488,,19333463.0,0.28,0.003363751756839,1847459.9911298328,1847459.991129833,15.539034028161373,0.1866766178993172,483994.2246193179,377437.9554171189,0.00021178210435620303,102.50131538612796,79.93460446214019
SYR,2019,137.31255192273616,77.29876515107003,137.31255192273616,77.29876515107003,0.0,0.0,137.31255192273616,77.29876515107003,137.31255192273616,77.29876515107003,22583045052.56,,20098251.0,0.28,0.0,1963213.7710531517,1963213.7710531517,21.64365424229961,0.0,505895.75928217545,341783.7750413462,6.994274079947792e-05,35.38373596302827,23.905293987183946
SYR,2020,1617.6834893378668,477.392480963408,1617.6834893378668,477.392480963408,0.0,0.0,1617.6834893378668,477.392480963408,1617.6834893378668,477.392480963408,11155888304.0023,,20772595.0,0.28,0.0,2260991.9551695543,2260991.9551695543,133.66989466975426,0.0,563349.3285482804,384447.34187696414,0.0007154751195107879,403.06242816940306,275.06250787502563
SYR,2021,49.625478077047916,55.68395865806891,49.625478077047916,55.68395865806891,0.0,0.0,49.625478077047916,55.68395865806891,49.625478077047916,55.68395865806891,8980060818.72145,,21324367.0,0.28,0.0,2591966.6485114046,2591966.6485114046,15.591508424259297,0.0,648078.2463460602,446996.3310126248,1.914587832584512e-05,12.408027250168749,8.558137365666903
TCD,2016,0.0,184.198790662235,0.0,184.198790662235,0.0,0.0,0.0,184.198790662235,0.0,184.198790662235,10097778098.1707,83926317.55,14592585.0,0.35,0.4438841138406467,1193038.0603271483,1193038.060327148,64.46957673178225,81.76291696362497,325661.45965313714,328743.9549268799,0.0,0.0,0.0
TCD,2017,0.0,576.0955283614637,0.0,576.0955283614637,0.0,0.0,0.0,576.0955283614637,0.0,576.0955283614637,10000394381.0177,70190430.44,15085884.0,0.35,0.4476869049163801,1427249.2266818217,1427249.2266818217,201.63343492651228,257.91042402831033,386814.5228140491,314052.90791767876,0.0,0.0,0.0
TCD,2018,0.0,85.51608376870128,0.0,85.51608376870128,0.0,0.0,0.0,85.51608376870128,0.0,85.51608376870128,11239167898.3395,71751820.9,15604210.0,0.35,0.4476869049163801,1847459.9911298328,1847459.991129833,29.930629319045444,38.28443086297976,483994.2246193179,377437.9554171189,0.0,0.0,0.0
TCD,2019,769.3723173200378,473.130455484316,769.3723173200378,473.13045548431603,0.0,0.0,769.3723173200378,473.130455484316,769.3723173200378,473.130455484316,11314951091.7283,76831713.09,16126866.0,0.35,0.3721446242857246,1963213.7710531517,1963213.7710531517,165.5956594195106,176.07295559434453,505895.75928217545,341783.7750413462,0.00039189431566961436,198.2576723840481,133.94311862680578
TCD,2020,482.4698737990072,511.00754506295226,482.4698737990072,511.00754506295226,0.0,0.0,482.4698737990072,511.00754506295226,482.4698737990072,511.00754506295226,10715396042.3343,99627251.61,16644701.0,0.35,0.3700063758076234,2260991.9551695543,2260991.9551695543,178.85264077203328,189.07604975909376,563349.3285482804,384447.34187696414,0.00021338858490667484,120.21231602704299,82.03667425425802
TCD,2021,59.81943653431725,4057.753205809188,59.81943653431724,4057.753205809188,0.0,0.0,59.81943653431725,4057.753205809188,59.81943653431725,4057.753205809188,11779981332.16,105852749.42,17179740.0,0.35,0.3700063758076234,2591966.6485114046,2591966.6485114046,1420.2136220332156,1501.3945576032231,648078.2463460602,446996.3310126248,2.307878327395617e-05,14.9568573919863,10.316131447693941
TGO,2016,0.0,91.48840722996418,0.0,91.48840722996418,0.0,0.0,0.0,91.48840722996418,0.0,91.48840722996418,6071170959.12093,59215409.23999999,7661354.0,0.29,0.1635897753284566,1193038.0603271483,1193038.060327148,26.531638096689612,14.966567983908185,325661.45965313714,328743.9549268799,0.0,0.0,0.0
TGO,2017,0.0,123.40911953484883,0.0,123.40911953484883,0.0,0.0,0.0,123.40911953484883,0.0,123.40911953484883,6387422517.69225,67041675.97000001,7852795.0,0.29,0.1643244199118206,1427249.2266818217,1427249.2266818217,35.788644665106155,20.27913197939256,386814.5228140491,314052.90791767876,0.0,0.0,0.0
TGO,2018,0.0,258.0567041857257,0.0,258.0567041857257,0.0,0.0,0.0,258.0567041857257,0.0,258.0567041857257,7029300383.08031,72520865.49,8046679.0,0.28,0.1563259185283624,1847459.9911298328,1847459.991129833,72.25587717200321,40.340951314235475,483994.2246193179,377437.9554171189,0.0,0.0,0.0
TGO,2019,0.0,451.0111307804065,0.0,451.0111307804065,0.0,0.0,0.0,451.0111307804065,0.0,451.0111307804065,6992700101.37188,62336721.39,8243094.0,0.28,0.2001968412258571,1963213.7710531517,1963213.7710531517,126.28311661851383,90.29100373993931,505895.75928217545,341783.7750413462,0.0,0.0,0.0
TGO,2020,0.0,131.4246450174473,0.0,131.4246450174473,0.0,0.0,0.0,131.4246450174473,0.0,131.4246450174473,7400284167.78479,67424902.77000001,8442580.0,0.27,0.2150185818913157,2260991.9551695543,2260991.9551695543,35.48465415471077,28.258740797221087,563349.3285482804,384447.34187696414,0.0,0.0,0.0
TGO,2021,0.0,3738.660142760943,0.0,3738.660142760943,0.0,0.0,0.0,3738.660142760943,0.0,3738.660142760943,8342243645.94438,46498701.17,8644829.0,0.27,0.2147470413954311,2591966.6485114046,2591966.6485114046,1009.4382385454547,802.8662044409326,648078.2463460602,446996.3310126248,0.0,0.0,0.0
THA,2016,0.0,3073.6311064495785,0.0,3073.6311064495785,0.0,0.0,0.0,3073.6311064495785,0.0,3073.6311064495785,413366349747.508,11786725462.74,70607037.0,0.2,0.1758015945858045,1193038.0603271483,1193038.060327148,614.7262212899158,540.3492496823665,325661.45965313714,328743.9549268799,0.0,0.0,0.0
THA,2017,0.0,5153.888920064908,0.0,5153.888920064908,0.0,0.0,0.0,5153.888920064908,0.0,5153.888920064908,456356813536.764,12666017357.26,70898202.0,0.2,0.1766845533307534,1427249.2266818217,1427249.2266818217,1030.7777840129818,910.6125617579872,386814.5228140491,314052.90791767876,0.0,0.0,0.0
THA,2018,0.0,4442.190315359438,0.0,4442.190315359438,0.0,0.0,0.0,4442.190315359438,0.0,4442.190315359438,506754208404.485,13895252557.55,71127802.0,0.2,0.1798246473823272,1847459.9911298328,1847459.991129833,888.4380630718875,798.8153070646997,483994.2246193179,377437.9554171189,0.0,0.0,0.0
THA,2019,0.0,7293.695131646674,0.0,7293.695131646675,0.0,0.0,0.0,7293.695131646674,0.0,7293.695131646674,543976691793.886,14776581023.29,71307763.0,0.2,0.182020735643047,1963213.7710531517,1963213.7710531517,1458.739026329335,1327.6037534184381,505895.75928217545,341783.7750413462,0.0,0.0,0.0
THA,2020,0.0,7428.993673147912,0.0,7428.993673147912,0.0,0.0,0.0,7428.993673147912,0.0,7428.993673147912,500461898480.246,15343853508.720003,71475664.0,0.2,0.1860744024768818,2260991.9551695543,2260991.9551695543,1485.7987346295824,1382.3455587355331,563349.3285482804,384447.34187696414,0.0,0.0,0.0
THA,2021,0.0,12347.894900261195,0.0,12347.894900261195,0.0,0.0,0.0,12347.894900261195,0.0,12347.894900261195,506256494297.34,18356953359.48,71601103.0,0.2,0.1828626954165013,2591966.6485114046,2591966.6485114046,2469.5789800522393,2257.9693441814325,648078.2463460602,446996.3310126248,0.0,0.0,0.0
TJK,2016,0.0,236.72841640173723,0.0,236.72841640173723,0.0,0.0,0.0,236.72841640173723,0.0,236.72841640173723,6992416096.89018,139132432.32999998,8725318.0,0.24,0.349127897803177,1193038.0603271483,1193038.060327148,56.81481993641693,82.64849436861364,325661.45965313714,328743.9549268799,0.0,0.0,0.0
TJK,2017,0.0,297.6203105919043,0.0,297.6203105919043,0.0,0.0,0.0,297.6203105919043,0.0,297.6203105919043,7536402852.85802,149818122.27000004,8925525.0,0.23,0.3799018148568871,1427249.2266818217,1427249.2266818217,68.45267143613799,113.06649613213486,386814.5228140491,314052.90791767876,0.0,0.0,0.0
TJK,2018,0.0,106.77616202374873,0.0,106.77616202374873,0.0,0.0,0.0,106.77616202374873,0.0,106.77616202374873,7764999999.45362,147296126.18999997,9128132.0,0.23,0.1648235078805016,1847459.9911298328,1847459.991129833,24.558517265462207,17.59922158277106,483994.2246193179,377437.9554171189,0.0,0.0,0.0
TJK,2019,0.0,75.73470430887689,0.0,75.73470430887689,0.0,0.0,0.0,75.73470430887689,0.0,75.73470430887689,8300813599.3084,157530638.8,9337003.0,0.23,0.1648940723587788,1963213.7710531517,1963213.7710531517,17.418981991041683,12.48820381237866,505895.75928217545,341783.7750413462,0.0,0.0,0.0
TJK,2020,0.0,61.847524515969916,0.0,61.847524515969916,0.0,0.0,0.0,61.847524515969916,0.0,61.847524515969916,8133963550.65742,174967786.93999997,9543207.0,0.23,0.1624004178339184,2260991.9551695543,2260991.9551695543,14.224930638673081,10.044063823387026,563349.3285482804,384447.34187696414,0.0,0.0,0.0
TJK,2021,0.0,142.21687591700044,0.0,142.21687591700044,0.0,0.0,0.0,142.21687591700044,0.0,142.21687591700044,8937805347.13963,173462259.48,9750064.0,0.23,0.162749967758515,2591966.6485114046,2591966.6485114046,32.709881460910104,23.14579197020855,648078.2463460602,446996.3310126248,0.0,0.0,0.0
TKM,2016,0.0,-0.0,0.0,0.0,0.0,0.0,0.0,0.0,0.0,-0.0,,,,,,1193038.0603271483,1193038.060327148,,,325661.45965313714,328743.9549268799,0.0,0.0,0.0
TKM,2017,0.0,118.67292868223146,0.0,118.67292868223146,0.0,0.0,0.0,118.67292868223146,0.0,118.67292868223146,37926285714.2857,587194011.26,5968383.0,0.08,9.300898865571738e-05,1427249.2266818217,1427249.2266818217,9.493834294578518,0.011037649077546424,386814.5228140491,314052.90791767876,0.0,0.0,0.0
TKM,2018,13.793335212812108,318.17464829266163,13.793335212812107,318.17464829266163,0.0,0.0,13.793335212812108,318.17464829266163,13.793335212812108,318.17464829266163,40765428571.4286,487888446.5100001,6065066.0,0.08,9.300898865571738e-05,1847459.9911298328,1847459.991129833,25.45397186341293,0.02959310225358903,483994.2246193179,377437.9554171189,7.4661076716344225e-06,3.6135529934570436,2.8179924145057624
TKM,2019,0.0,200.89667878059154,0.0,200.89667878059154,0.0,0.0,0.0,200.89667878059154,0.0,200.89667878059154,45232857142.8571,534555415.55,6158420.0,0.08,2.6544943952190673e-05,1963213.7710531517,1963213.7710531517,16.071734302447325,0.005332791078412055,505895.75928217545,341783.7750413462,0.0,0.0,0.0
TKM,2020,0.0,41.17979906038806,0.0,41.17979906038806,0.0,0.0,0.0,41.17979906038806,0.0,41.17979906038806,45818000000.0,536224451.9899999,6250438.0,0.08,2.6544943952190673e-05,2260991.9551695543,2260991.9551695543,3.2943839248310454,0.0010931154580204753,563349.3285482804,384447.34187696414,0.0,0.0,0.0
TKM,2021,0.0,274.4100989699548,0.0,274.4100989699548,0.0,0.0,0.0,274.4100989699548,0.0,274.4100989699548,50007428571.4286,574669833.1899999,6341855.0,0.08,2.6544943952190673e-05,2591966.6485114046,2591966.6485114046,21.952807917596385,0.007284200697072546,648078.2463460602,446996.3310126248,0.0,0.0,0.0
TON,2016,0.0,-0.0,0.0,0.0,0.0,0.0,0.0,0.0,0.0,-0.0,,,,,,1193038.0603271483,1193038.060327148,,,325661.45965313714,328743.9549268799,0.0,0.0,0.0
TON,2017,0.0,621.6352227383748,0.0,621.6352227383748,0.0,0.0,0.0,621.6352227383748,0.0,621.6352227383748,460374354.847247,13413155.64,105415.0,0.25,0.4230300801985431,1427249.2266818217,1427249.2266818217,155.4088056845937,262.97039812925385,386814.5228140491,314052.90791767876,0.0,0.0,0.0
TON,2018,0.0,-0.0,0.0,0.0,0.0,0.0,0.0,0.0,0.0,-0.0,,,,,,1847459.9911298328,1847459.991129833,,,483994.2246193179,377437.9554171189,0.0,0.0,0.0
TON,2019,0.0,-0.0,0.0,0.0,0.0,0.0,0.0,0.0,0.0,-0.0,,,,,,1963213.7710531517,1963213.7710531517,,,505895.75928217545,341783.7750413462,0.0,0.0,0.0
TON,2020,0.0,-0.0,0.0,0.0,0.0,0.0,0.0,0.0,0.0,-0.0,,,,,,2260991.9551695543,2260991.9551695543,,,563349.3285482804,384447.34187696414,0.0,0.0,0.0
TON,2021,0.0,-0.0,0.0,0.0,0.0,0.0,0.0,0.0,0.0,-0.0,,,,,,2591966.6485114046,2591966.6485114046,,,648078.2463460602,446996.3310126248,0.0,0.0,0.0
TTO,2016,0.0,553.4222244119959,0.0,553.4222244119959,0.0,0.0,0.0,553.4222244119959,0.0,553.4222244119959,23713671528.1421,766587456.94,1469330.0,0.25,0.3025670969042338,1193038.0603271483,1193038.060327148,138.35555610299897,167.447355802621,325661.45965313714,328743.9549268799,0.0,0.0,0.0
TTO,2017,0.0,442.69983374708954,0.0,442.69983374708954,0.0,0.0,0.0,442.69983374708954,0.0,442.69983374708954,24040299977.8745,818756423.9399999,1478607.0,0.3,0.338551365922461,1427249.2266818217,1427249.2266818217,132.80995012412686,149.87663340872356,386814.5228140491,314052.90791767876,0.0,0.0,0.0
TTO,2018,0.0,495.42064112661404,0.0,495.420641126614,0.0,0.0,0.0,495.42064112661404,0.0,495.42064112661404,24569079488.3913,769564403.85,1504709.0,0.3,0.3316619878586197,1847459.9911298328,1847459.991129833,148.62619233798418,164.31219466224465,483994.2246193179,377437.9554171189,0.0,0.0,0.0
TTO,2019,0.0,3451.598311120885,0.0,3451.5983111208852,0.0,0.0,0.0,3451.598311120885,0.0,3451.598311120885,23775754304.6652,749099329.6199999,1519955.0,0.3,0.329193549328959,1963213.7710531517,1963213.7710531517,1035.4794933362655,1136.2438988957247,505895.75928217545,341783.7750413462,0.0,0.0,0.0
TTO,2020,0.0,440.298662497159,0.0,440.29866249715894,0.0,0.0,0.0,440.298662497159,0.0,440.298662497159,20807571314.3043,723240489.1800002,1518147.0,0.3,0.3344053049985562,2260991.9551695543,2260991.9551695543,132.08959874914768,147.23820852281878,563349.3285482804,384447.34187696414,0.0,0.0,0.0
TTO,2021,0.0,395.23132261565127,0.0,395.23132261565127,0.0,0.0,0.0,395.23132261565127,0.0,395.23132261565127,24496505940.6673,812758354.6100001,1525663.0,0.3,0.3515816288370713,2591966.6485114046,2591966.6485114046,118.56939678469537,138.9560721726407,648078.2463460602,446996.3310126248,0.0,0.0,0.0
TUN,2016,0.0,425.83873136329464,0.0,425.83873136329464,0.0,0.0,0.0,425.83873136329464,0.0,425.83873136329464,44360072680.4476,1510728931.15,11685667.0,0.25,0.4476869049163801,1193038.0603271483,1193038.060327148,106.45968284082366,190.64242363755122,325661.45965313714,328743.9549268799,0.0,0.0,0.0
TUN,2017,0.0,765.0874274037083,0.0,765.0874274037083,0.0,0.0,0.0,765.0874274037083,0.0,765.0874274037083,42163530590.9462,1400241071.66,11811443.0,0.25,0.4476869049163801,1427249.2266818217,1427249.2266818217,191.27185685092707,342.51962236480176,386814.5228140491,314052.90791767876,0.0,0.0,0.0
TUN,2018,0.0,883.3683577638776,0.0,883.3683577638776,0.0,0.0,0.0,883.3683577638776,0.0,883.3683577638776,42686580020.8322,1320363578.0,11933041.0,0.25,0.4476869049163801,1847459.9911298328,1847459.991129833,220.8420894409694,395.4724459883759,483994.2246193179,377437.9554171189,0.0,0.0,0.0
TUN,2019,0.0,1189.2615681898942,0.0,1189.2615681898942,0.0,0.0,0.0,1189.2615681898942,0.0,1189.2615681898942,41905540184.424,1494826485.69,12049314.0,0.25,0.4267998273679098,1963213.7710531517,1963213.7710531517,297.31539204747355,507.5766319987365,505895.75928217545,341783.7750413462,0.0,0.0,0.0
TUN,2020,0.0,962.0081095976839,0.0,962.0081095976839,0.0,0.0,0.0,962.0081095976839,0.0,962.0081095976839,42491816475.7118,1833441115.9200003,12161723.0,0.25,0.4476869049163801,2260991.9551695543,2260991.9551695543,240.50202739942097,430.6784330902448,563349.3285482804,384447.34187696414,0.0,0.0,0.0
TUN,2021,0.0,4860.161726157668,0.0,4860.161726157668,0.0,0.0,0.0,4860.161726157668,0.0,4860.161726157668,46812290143.344,1926941122.93,12262946.0,0.15,0.3659945716999622,2591966.6485114046,2591966.6485114046,729.0242589236502,1778.7928093576247,648078.2463460602,446996.3310126248,0.0,0.0,0.0
TUR,2016,0.0,3771.605153942287,0.0,3771.605153942287,0.0,0.0,0.0,3771.605153942287,0.0,3771.605153942287,869682881593.041,29230150985.340004,79277962.0,0.2,0.2015877436879099,1193038.0603271483,1193038.060327148,754.3210307884574,760.3093730649177,325661.45965313714,328743.9549268799,0.0,0.0,0.0
TUR,2017,0.0,6219.15007787149,0.0,6219.15007787149,0.0,0.0,0.0,6219.15007787149,0.0,6219.15007787149,858988492853.742,27900846510.8,80312698.0,0.2,0.2066842333596116,1427249.2266818217,1427249.2266818217,1243.8300155742982,1285.4002659932378,386814.5228140491,314052.90791767876,0.0,0.0,0.0
TUR,2018,0.0,9028.242000466465,0.0,9028.242000466465,0.0,0.0,0.0,9028.242000466465,0.0,9028.242000466465,778972199727.859,24840918679.49,81407204.0,0.22,0.2168627691722481,1847459.9911298328,1847459.991129833,1986.2132401026224,1957.8895609783544,483994.2246193179,377437.9554171189,0.0,0.0,0.0
TUR,2019,0.0,6961.297982387927,0.0,6961.297982387927,0.0,0.0,0.0,6961.297982387927,0.0,6961.297982387927,761005946788.221,25773181731.01,82579440.0,0.22,0.1908952067272229,1963213.7710531517,1963213.7710531517,1531.485556125344,1328.878417437743,505895.75928217545,341783.7750413462,0.0,0.0,0.0
TUR,2020,0.0,4327.2601187790115,0.0,4327.2601187790115,0.0,0.0,0.0,4327.2601187790115,0.0,4327.2601187790115,720338498174.744,26219022187.720005,83384680.0,0.22,0.1896050095418603,2260991.9551695543,2260991.9551695543,951.9972261313825,820.470196111206,563349.3285482804,384447.34187696414,0.0,0.0,0.0
TUR,2021,0.0,6445.324921145096,0.0,6445.324921145096,0.0,0.0,0.0,6445.324921145096,0.0,6445.324921145096,819865253669.661,29464975225.879997,84147318.0,0.25,0.1885442684717622,2591966.6485114046,2591966.6485114046,1611.331230286274,1215.2290723201204,648078.2463460602,446996.3310126248,0.0,0.0,0.0
TWN,2016,0.0,2310.109869052452,0.0,2310.109869052452,0.0,0.0,0.0,2310.109869052452,0.0,2310.109869052452,543080000000.00006,,23512136.0,0.17,0.1662415952098443,1193038.0603271483,1193038.060327148,392.7186777389168,384.03634974128414,325661.45965313714,328743.9549268799,0.0,0.0,0.0
TWN,2017,0.0,4300.456336475446,0.0,4300.456336475446,0.0,0.0,0.0,4300.456336475446,0.0,4300.456336475446,590730000000.0,,23665024.0,0.17,0.1771614532374568,1427249.2266818217,1427249.2266818217,731.0775772008259,761.8750941542195,386814.5228140491,314052.90791767876,0.0,0.0,0.0
TWN,2018,0.0,33571.68609626818,0.0,33571.68609626818,0.0,0.0,0.0,33571.68609626818,0.0,33571.68609626818,609200000000.0,,23726185.0,0.2,0.1680742374318865,1847459.9911298328,1847459.991129833,6714.337219253637,5642.535539932941,483994.2246193179,377437.9554171189,0.0,0.0,0.0
TWN,2019,0.0,6267.521242600654,0.0,6267.521242600654,0.0,0.0,0.0,6267.521242600654,0.0,6267.521242600654,611400000000.0,,23674138.0,0.2,0.1486791126078676,1963213.7710531517,1963213.7710531517,1253.504248520131,931.8494966008249,505895.75928217545,341783.7750413462,0.0,0.0,0.0
TWN,2020,0.0,2578.5920838404886,0.0,2578.5920838404886,0.0,0.0,0.0,2578.5920838404886,0.0,2578.5920838404886,673180000000.0,,23663459.0,0.2,0.1496425821379963,2260991.9551695543,2260991.9551695543,515.7184167680978,385.8671777064874,563349.3285482804,384447.34187696414,0.0,0.0,0.0
TWN,2021,23513.097328508233,4777.349958525769,23513.097328508233,4777.349958525769,0.0,0.0,23513.097328508233,4777.349958525769,23513.097328508233,4777.349958525769,773040000000.0,,23663459.0,0.2,0.1431407115921859,2591966.6485114046,2591966.6485114046,955.4699917051538,683.8332725882783,648078.2463460602,446996.3310126248,0.009071527730502267,5879.059783263565,4054.9396122137964
TZA,2016,0.0,356.66262926602315,0.0,356.66262926602315,0.0,0.0,0.0,356.66262926602315,0.0,356.66262926602315,49774409374.4538,801429793.48,54401802.0,0.3,0.4476869049163801,1193038.0603271483,1193038.060327148,106.99878877980694,159.67318859544423,325661.45965313714,328743.9549268799,0.0,0.0,0.0
TZA,2017,0.0,520.0513217271043,0.0,520.0513217271043,0.0,0.0,0.0,520.0513217271043,0.0,520.0513217271043,53274884532.7886,840666384.8599999,56267032.0,0.3,0.3607817188432123,1427249.2266818217,1427249.2266818217,156.0153965181313,187.6250097393891,386814.5228140491,314052.90791767876,0.0,0.0,0.0
TZA,2018,0.0,569.8040905484967,0.0,569.8040905484967,0.0,0.0,0.0,569.8040905484967,0.0,569.8040905484967,57003712892.0858,890996790.9200002,58090443.0,0.3,0.3620110403296711,1847459.9911298328,1847459.991129833,170.941227164549,206.27537160356337,483994.2246193179,377437.9554171189,0.0,0.0,0.0
TZA,2019,0.0,722.7891638375701,0.0,722.7891638375701,0.0,0.0,0.0,722.7891638375701,0.0,722.7891638375701,61026731925.9213,959147753.98,59872579.0,0.3,0.3366300208129029,1963213.7710531517,1963213.7710531517,216.83674915127102,243.31253126598187,505895.75928217545,341783.7750413462,0.0,0.0,0.0
TZA,2020,0.0,616.481030562105,0.0,616.481030562105,0.0,0.0,0.0,616.481030562105,0.0,616.481030562105,66068737786.0639,546008137.3999999,61704518.0,0.3,0.3410153178441661,2260991.9551695543,2260991.9551695543,184.94430916863152,210.22947458203532,563349.3285482804,384447.34187696414,0.0,0.0,0.0
TZA,2021,0.0,4310.160378850448,0.0,4310.160378850448,0.0,0.0,0.0,4310.160378850448,0.0,4310.160378850448,70655628147.8986,642252951.73,63588334.0,0.3,0.3079011766498088,2591966.6485114046,2591966.6485114046,1293.0481136551343,1327.1034521974386,648078.2463460602,446996.3310126248,0.0,0.0,0.0
UGA,2016,80.95406760724136,304.98520372628315,80.95406760724136,304.98520372628315,0.0,0.0,80.95406760724136,304.98520372628315,80.95406760724136,304.98520372628315,29203988696.2626,237738002.8099999,38748299.0,0.3,0.2282424947166417,1193038.0603271483,1193038.060327148,91.49556111788495,69.61058375015007,325661.45965313714,328743.9549268799,6.785539397212742e-05,22.097886646301696,22.307050577518734
UGA,2017,247.33553872814207,674.1626028682215,247.3355387281421,674.1626028682215,0.0,0.0,247.33553872814207,674.1626028682215,247.33553872814207,674.1626028682215,30744473841.424,201747563.57,40127085.0,0.3,0.1817655131278219,1427249.2266818217,1427249.2266818217,202.24878086046644,122.5395114419303,386814.5228140491,314052.90791767876,0.00017329526904223075,67.03312680050274,54.42388317108906
UGA,2018,88.18717245054506,362.4638078888651,88.18717245054506,362.4638078888651,0.0,0.0,88.18717245054506,362.4638078888651,88.18717245054506,362.4638078888651,32927025619.6795,229755782.20999995,41515395.0,0.3,0.192691592963162,1847459.9911298328,1847459.991129833,108.73914236665954,69.84372853359893,483994.2246193179,377437.9554171189,4.7734279970313894e-05,23.103115821993512,18.01672903530361
UGA,2019,287.41740697904646,525.4169216691844,287.41740697904646,525.4169216691844,0.0,0.0,287.41740697904646,525.4169216691844,287.41740697904646,525.4169216691844,35348155095.4215,216881286.75000003,42949080.0,0.3,0.2042084340703811,1963213.7710531517,1963213.7710531517,157.6250765007553,107.29456680814424,505895.75928217545,341783.7750413462,0.0001464014827202763,74.06388926081047,50.037651435786444
UGA,2020,2181.9218029572567,417.4280696176045,2181.9218029572567,417.42806961760454,0.0,0.0,2181.9218029572567,417.4280696176045,2181.9218029572567,417.4280696176045,37600368239.8824,357821649.82000005,44404611.0,0.3,0.1986809968155938,2260991.9551695543,2260991.9551695543,125.22842088528135,82.93502497043475,563349.3285482804,384447.34187696414,0.0009650285565892834,543.648189384489,371.0026634161135
UGA,2021,254.74616310152763,4074.8661985607755,254.74616310152766,4074.866198560775,0.0,0.0,254.74616310152763,4074.8661985607755,254.74616310152763,4074.8661985607755,40529788744.0595,448901245.0100001,45853778.0,0.3,0.1950154217130553,2591966.6485114046,2591966.6485114046,1222.4598595682326,794.661750136604,648078.2463460602,446996.3310126248,9.828296334284673e-05,63.695050528926224,43.932124015300786
UKR,2016,0.0,1489.1465844140382,0.0,1489.1465844140382,0.0,0.0,0.0,1489.1465844140382,0.0,1489.1465844140382,93355869403.9223,3403454953.2499995,45038236.0,0.18,0.2955352023995555,1193038.0603271483,1193038.060327148,268.04638519452686,440.09523722740954,325661.45965313714,328743.9549268799,0.0,0.0,0.0
UKR,2017,0.0,1647.7992564539413,0.0,1647.7992564539413,0.0,0.0,0.0,1647.7992564539413,0.0,1647.7992564539413,112090505081.739,3945281826.33,44880758.0,0.18,0.3029475468315549,1427249.2266818217,1427249.2266818217,296.60386616170945,499.1967424135817,386814.5228140491,314052.90791767876,0.0,0.0,0.0
UKR,2018,0.0,2098.9292645620826,0.0,2098.9292645620826,0.0,0.0,0.0,2098.9292645620826,0.0,2098.9292645620826,130891088293.55,4583167682.27,44690584.0,0.18,0.2761822618756869,1847459.9911298328,1847459.991129833,377.80726762117484,579.687031803828,483994.2246193179,377437.9554171189,0.0,0.0,0.0
UKR,2019,0.0,1503.658776474498,0.0,1503.658776474498,0.0,0.0,0.0,1503.658776474498,0.0,1503.658776474498,153883047509.577,4889458940.789999,44474512.0,0.18,0.2513706218077272,1963213.7710531517,1963213.7710531517,270.6585797654096,377.9756416290408,505895.75928217545,341783.7750413462,0.0,0.0,0.0
UKR,2020,0.0,2120.7489443399395,0.0,2120.7489443399395,0.0,0.0,0.0,2120.7489443399395,0.0,2120.7489443399395,156617722013.342,5837292360.199999,44207754.0,0.18,0.2629754251222035,2260991.9551695543,2260991.9551695543,381.7348099811891,557.70485521526,563349.3285482804,384447.34187696414,0.0,0.0,0.0
UKR,2021,0.0,2429.977901620283,0.0,2429.977901620283,0.0,0.0,0.0,2429.977901620283,0.0,2429.977901620283,199765859570.935,8173582250.369999,43848986.0,0.18,0.2220182867635134,2591966.6485114046,2591966.6485114046,437.3960222916509,539.4995305909325,648078.2463460602,446996.3310126248,0.0,0.0,0.0
URY,2016,1424.5963247886896,212.87068061812414,1424.5963247886896,212.87068061812414,0.0,0.0,1424.5963247886896,212.87068061812414,1424.5963247886896,212.87068061812414,57480788380.312,3452322871.21,3413766.0,0.25,0.0893915731780317,1193038.0603271483,1193038.060327148,53.217670154531035,19.02884502393246,325661.45965313714,328743.9549268799,0.0011940912634405348,388.86950381110324,392.5502844870762
URY,2017,328.0456720917729,634.9755900601414,328.0456720917729,634.9755900601414,0.0,0.0,328.0456720917729,634.9755900601414,328.0456720917729,634.9755900601414,65006047680.3225,3926711728.93,3422200.0,0.25,0.0943493491937873,1427249.2266818217,1427249.2266818217,158.74389751503534,59.909533676115416,386814.5228140491,314052.90791767876,0.0002298447012330415,88.90726842879664,72.18339679170677
URY,2018,1281.40562716582,582.0195412274604,1281.40562716582,582.0195412274604,0.0,0.0,1281.40562716582,582.0195412274604,1281.40562716582,582.0195412274604,65344408987.1965,4019839439.44,3427042.0,0.25,0.096316627674574,1847459.9911298328,1847459.991129833,145.5048853068651,56.058159451731676,483994.2246193179,377437.9554171189,0.0006936039932221556,335.7003268924198,261.7924730709196
URY,2019,975.2179221614218,294.6810276026151,975.2179221614218,294.6810276026151,0.0,0.0,975.2179221614218,294.6810276026151,975.2179221614218,294.6810276026151,62222387928.9932,3829383214.8,3428409.0,0.25,0.1026438111689126,1963213.7710531517,1963213.7710531517,73.67025690065377,30.24718375230394,505895.75928217545,341783.7750413462,0.0004967456608855556,251.30152328382422,169.7796072128736
URY,2020,1973.8525884182866,3548.8971715649636,1973.8525884182866,3548.897171564963,0.0,0.0,1973.8525884182866,3548.8971715649636,1973.8525884182866,3548.8971715649636,53668636567.8667,3504764042.2800007,3429086.0,0.25,0.1004800123652157,2260991.9551695543,2260991.9551695543,887.2242928912408,356.59323168172654,563349.3285482804,384447.34187696414,0.0008730029241834543,491.8056111594343,335.6236536531458
URY,2021,657.2034186885754,1836.153854705986,657.2034186885754,1836.1538547059859,0.0,0.0,657.2034186885754,1836.153854705986,657.2034186885754,1836.153854705986,60760798595.5436,4111799444.120001,3426260.0,0.25,0.1081431136352974,2591966.6485114046,2591966.6485114046,459.03846367649646,198.5673949613588,648078.2463460602,446996.3310126248,0.0002535539641553701,164.32280844390405,113.337691691157
USA,2016,0.0,550231.2502465639,0.0,550231.2502465639,0.0,0.0,0.0,550231.2502465639,0.0,550231.2502465639,18804913000000.0,1608175818557.98,323071755.0,0.27,0.4018636361244622,1193038.0603271483,1193038.060327148,148562.43756657228,221117.93093339307,325661.45965313714,328743.9549268799,0.0,0.0,0.0
USA,2017,0.0,379687.89241753134,0.0,379687.89241753134,0.0,0.0,0.0,379687.89241753134,0.0,379687.89241753134,19612102000000.0,1671103382743.4302,325122128.0,0.27,0.3870881655155943,1427249.2266818217,1427249.2266818217,102515.73095273347,146972.68974438452,386814.5228140491,314052.90791767876,0.0,0.0,0.0
USA,2018,0.0,596563.4243191772,0.0,596563.4243191772,0.0,0.0,0.0,596563.4243191772,0.0,596563.4243191772,20656516000000.0,1756694305487.5205,326838199.0,0.27,0.3005404641974675,1847459.9911298328,1847459.991129833,161072.12456617784,179291.4484681163,483994.2246193179,377437.9554171189,0.0,0.0,0.0
USA,2019,0.0,465497.82971196104,0.0,465497.829711961,0.0,0.0,0.0,465497.82971196104,0.0,465497.82971196104,21521395000000.0,1846031996880.2104,328329953.0,0.27,0.2253403976632327,1963213.7710531517,1963213.7710531517,125684.41402222947,104895.46605866506,505895.75928217545,341783.7750413462,0.0,0.0,0.0
USA,2020,0.0,821751.6707971564,0.0,821751.6707971564,0.0,0.0,0.0,821751.6707971564,0.0,821751.6707971564,21322950000000.0,2251906716380.2495,331526933.0,0.27,0.2033738634693577,2260991.9551695543,2260991.9551695543,221872.95111523225,167122.81210241746,563349.3285482804,384447.34187696414,0.0,0.0,0.0
USA,2021,0.0,370638.7798152231,0.0,370638.7798152231,0.0,0.0,0.0,370638.7798152231,0.0,370638.7798152231,23594031000000.0,2242777276178.77,332048977.0,0.27,0.1783928117850571,2591966.6485114046,2591966.6485114046,100072.47055011024,66119.29408782031,648078.2463460602,446996.3310126248,0.0,0.0,0.0
UZB,2016,1.0051350079045613,279.44272934586616,1.0051350079045613,279.44272934586616,0.0,0.0,1.0051350079045613,279.44272934586616,1.0051350079045613,279.44272934586616,86138288644.171,1770484978.0099998,31847900.0,0.075,0.0022443949067278,1193038.0603271483,1193038.060327148,20.958204700939962,0.6271798384659771,325661.45965313714,328743.9549268799,8.425003705488983e-07,0.27436990043126314,0.2769669038416066
UZB,2017,5.025316621889395,142.92568880496188,5.025316621889395,142.92568880496188,0.0,0.0,5.025316621889395,142.92568880496188,5.025316621889395,142.92568880496188,62081322740.0162,1233483286.5100002,32388600.0,0.075,0.0151545874361448,1427249.2266818217,1427249.2266818217,10.719426660372141,2.1659798478660166,386814.5228140491,314052.90791767876,3.520980448223914e-06,1.36196637191733,1.1057741484860122
UZB,2018,55.926456767721184,290.55948380018106,55.926456767721184,290.55948380018106,0.0,0.0,55.926456767721184,290.55948380018106,55.926456767721184,290.55948380018106,52870108214.6742,1019800622.24,32956100.0,0.14,0.0268920633671381,1847459.9911298328,1847459.991129833,40.67832773202535,7.813744050277405,483994.2246193179,377437.9554171189,3.0272080064650708e-05,14.65151191850453,11.425832005825088
UZB,2019,151.56914256780894,84.14729812055167,151.56914256780894,84.14729812055167,0.0,0.0,151.56914256780894,84.14729812055167,151.56914256780894,84.14729812055167,60283503705.3907,1352024962.3700006,33580350.0,0.12,0.0480283322196968,1963213.7710531517,1963213.7710531517,10.0976757744662,4.041454389523724,505895.75928217545,341783.7750413462,7.720460441070602e-05,39.05748196843411,26.38728114606487
UZB,2020,206.70002273631764,87.25808419522605,206.70002273631764,87.25808419522605,0.0,0.0,206.70002273631764,87.25808419522605,206.70002273631764,87.25808419522605,60224701296.7885,1864810347.51,34232050.0,0.15,0.0482600169094832,2260991.9551695543,2260991.9551695543,13.088712629283906,4.211076618750718,563349.3285482804,384447.34187696414,9.142006112127761e-05,51.5014300485145,35.146199492304774
UZB,2021,31.913800261041803,286.8470158050856,31.913800261041803,286.8470158050856,0.0,0.0,31.913800261041803,286.8470158050856,31.913800261041803,286.8470158050856,69600614987.3509,2099987400.69,34915100.0,0.15,0.0489219339907063,2591966.6485114046,2591966.6485114046,43.02705237076284,14.033110772647486,648078.2463460602,446996.3310126248,1.2312581367268076e-05,7.9795161404922705,5.503678696463237
VCT,2016,0.0,-0.0,0.0,0.0,0.0,0.0,0.0,0.0,0.0,-0.0,,,,,,1193038.0603271483,1193038.060327148,,,325661.45965313714,328743.9549268799,0.0,0.0,0.0
VCT,2017,10.151682264732449,28.050808073867035,10.151682264732449,28.050808073867035,0.0,0.0,10.151682264732449,28.050808073867035,10.151682264732449,28.050808073867035,844040740.740741,22717590.34,105549.0,0.325,0.4476869049163801,1427249.2266818217,1427249.2266818217,9.116512624006786,12.557979446992938,386814.5228140491,314052.90791767876,7.1127607392955864e-06,2.7513191512611255,2.2337831934984775
VCT,2018,32.78074410031441,31.550400052145275,32.78074410031441,31.55040005214527,0.0,0.0,32.78074410031441,31.550400052145275,32.78074410031441,31.550400052145275,884329629.62963,24763412.319999997,105281.0,0.3,0.4476869049163801,1847459.9911298328,1847459.991129833,9.465120015643581,14.124700948218512,483994.2246193179,377437.9554171189,1.774368281732965e-05,8.58784000706458,6.6971393641427674
VCT,2019,36.50951314257635,84.74734157167764,36.50951314257635,84.74734157167764,0.0,0.0,36.50951314257635,84.74734157167764,36.50951314257635,84.74734157167764,910766666.666667,26130312.070000004,104924.0,0.3,0.0875186176928127,1963213.7710531517,1963213.7710531517,25.42420247150329,7.416970187493868,505895.75928217545,341783.7750413462,1.859680982320692e-05,9.408047225737484,6.356087865101651
VCT,2020,364.74772750380845,166.29281188285105,364.74772750380845,166.29281188285105,0.0,0.0,364.74772750380845,166.29281188285105,364.74772750380845,166.29281188285105,869111111.111111,28313161.479999997,104632.0,0.3,0.0875186176928127,2260991.9551695543,2260991.9551695543,49.88784356485532,14.553717028238063,563349.3285482804,384447.34187696414,0.00016132199261914473,90.88063622206583,62.01981124872542
VCT,2021,2073.6919848039934,118.10536718287068,2073.6919848039934,118.10536718287067,0.0,0.0,2073.6919848039934,118.10536718287068,2073.6919848039934,118.10536718287068,872225925.925926,31673511.19,104332.0,0.3,0.0810523833751543,2591966.6485114046,2591966.6485114046,35.4316101548612,9.5727214995694,648078.2463460602,446996.3310126248,0.000800045782222907,518.4922675395835,357.6175292957648
VEN,2016,952.4210997193944,6851.814974033763,952.4210997193944,6851.814974033763,0.0,0.0,952.4210997193944,6851.814974033763,952.4210997193944,6851.814974033763,112920000000.0,,30741464.0,0.34,0.2219241139684071,1193038.0603271483,1193038.060327148,2329.6170911714794,1520.5829671879073,325661.45965313714,328743.9549268799,0.0007983157716344999,259.98067945461173,262.4414840476294
VEN,2017,4.099503327697059,5636.211789962611,4.099503327697059,5636.211789962611,0.0,0.0,4.099503327697059,5636.211789962611,4.099503327697059,5636.211789962611,115880000000.0,,30563433.0,0.34,0.1811935812708099,1427249.2266818217,1427249.2266818217,1916.312008587288,1021.2453990240873,386814.5228140491,314052.90791767876,2.872310771698856e-06,1.1110515205283462,0.9020575502952977
VEN,2018,66.75906074284231,2221.9127484554556,66.75906074284231,2221.9127484554556,0.0,0.0,66.75906074284231,2221.9127484554556,66.75906074284231,2221.9127484554556,102020000000.0,2541244011.9800005,29825653.0,0.34,0.2135571926621679,1847459.9911298328,1847459.991129833,755.4503344748549,474.50544890042875,483994.2246193179,377437.9554171189,3.6135592144550385e-05,17.48941790116158,13.638944016826
VEN,2019,0.0,1234.13971279521,0.0,1234.13971279521,0.0,0.0,0.0,1234.13971279521,0.0,1234.13971279521,73000000000.0,1218972650.5200002,28971683.0,0.34,0.258747906906498,1963213.7710531517,1963213.7710531517,419.6075023503714,319.3310675159472,505895.75928217545,341783.7750413462,0.0,0.0,0.0
VEN,2020,0.0,60720.47819691789,0.0,60720.478196917895,0.0,0.0,0.0,60720.47819691789,0.0,60720.47819691789,43790000000.0,1622850493.3,28490453.0,0.34,0.2344551567634539,2260991.9551695543,2260991.9551695543,20644.962586952086,14236.22923441027,563349.3285482804,384447.34187696414,0.0,0.0,0.0
VEN,2021,0.0,1364.8662033426704,0.0,1364.8662033426704,0.0,0.0,0.0,1364.8662033426704,0.0,1364.8662033426704,57670000000.0,1513554191.49,28199867.0,0.34,0.1787658378043398,2591966.6485114046,2591966.6485114046,464.05450913650793,243.99145033138086,648078.2463460602,446996.3310126248,0.0,0.0,0.0
VGB,2016,21539.297053610382,1365.5649070537322,21539.297053610382,1365.5649070537322,0.0,0.0,21539.297053610382,1365.5649070537322,21539.297053610382,1365.5649070537322,1279000000.0,,29739.0,0.0,0.0045991805543938,1193038.0603271483,1193038.060327148,0.0,6.280479566284103,325661.45965313714,328743.9549268799,0.01805415750751824,5879.543286706034,5935.195141894367
VGB,2017,12897.0578259867,2978.6410959260184,12897.0578259867,2978.6410959260184,0.0,0.0,12897.0578259867,2978.6410959260184,12897.0578259867,2978.6410959260184,1279000000.0,,30060.0,0.0,0.0052266797127908,1427249.2266818217,1427249.2266818217,0.0,15.568402987761475,386814.5228140491,314052.90791767876,0.00903630395090195,3495.3736007708444,2837.877532608767
VGB,2018,39808.55869418471,2615.105550200618,39808.55869418471,2615.105550200618,0.0,0.0,39808.55869418471,2615.105550200618,39808.55869418471,2615.105550200618,1653000000.0,,30335.0,0.0,0.0064746835060786,1847459.9911298328,1847459.991129833,0.0,16.931980772538544,483994.2246193179,377437.9554171189,0.021547724381213464,10428.974154196183,8132.929034336814
VGB,2019,44669.16552736899,3000.4805198073327,44669.16552736899,3000.4805198073327,0.0,0.0,44669.16552736899,3000.4805198073327,44669.16552736899,3000.4805198073327,1653000000.0,,30610.0,0.0,0.0088136502806024,1963213.7710531517,1963213.7710531517,0.0,26.445185975341932,505895.75928217545,341783.7750413462,0.022753082820627598,11510.68810955162,7776.634540262502
VGB,2020,53651.009949192645,3628.5158339782083,53651.00994919265,3628.515833978208,0.0,0.0,53651.009949192645,3628.5158339782083,53651.009949192645,3628.5158339782083,1653000000.0,,30910.0,0.0,0.0087587302461359,2260991.9551695543,2260991.9551695543,0.0,31.781191383647958,563349.3285482804,384447.34187696414,0.023728969856139672,13367.69923559867,9122.539386671506
VGB,2021,50114.06870036159,3255.98661535297,50114.06870036159,3255.98661535297,0.0,0.0,50114.06870036159,3255.98661535297,50114.06870036159,3255.98661535297,1653000000.0,,31122.0,0.0,0.0094351674942779,2591966.6485114046,2591966.6485114046,0.0,30.72077907498226,648078.2463460602,446996.3310126248,0.019334380220186343,12530.191227286317,8642.39702082636
VIR,2016,100761.58699099746,170.6805819830253,100761.58699099746,170.6805819830253,0.0,0.0,100761.58699099746,170.6805819830253,100761.58699099746,170.6805819830253,3798000000.0,,107516.0,0.385,0.0101790517164573,1193038.0603271483,1193038.060327148,65.71202406346474,1.7373664710002443,325661.45965313714,328743.9549268799,0.08445798197198098,27504.70968835367,27765.05101861215
VIR,2017,10179.007181204859,6067.284944690093,10179.007181204859,6067.284944690093,0.0,0.0,10179.007181204859,6067.284944690093,10179.007181204859,6067.284944690093,3794000000.0,,107281.0,0.385,0.010662995922094,1427249.2266818217,1427249.2266818217,2335.9047037056857,64.69543462341278,386814.5228140491,314052.90791767876,0.007131905900464065,2758.7247776427084,2239.795787035991
VIR,2018,204274.1935934156,2168.790373397303,204274.1935934156,2168.790373397303,0.0,0.0,204274.1935934156,2168.790373397303,204274.1935934156,2168.790373397303,3923000000.0,,107001.0,0.231,0.0109804000704987,1847459.9911298328,1847459.991129833,500.990576254777,23.81418596894865,483994.2246193179,377437.9554171189,0.11057029357831433,53515.38350636659,41733.425538069554
VIR,2019,4332.630433446087,9951.268471502337,4332.630433446087,9951.268471502337,0.0,0.0,4332.630433446087,9951.268471502337,4332.630433446087,9951.268471502337,4121000000.0,,106669.0,0.231,0.0109804000704987,1963213.7710531517,1963213.7710531517,2298.7430169170398,109.26890902603576,505895.75928217545,341783.7750413462,0.002206907111863768,1116.4649490215538,754.2850438583931
VIR,2020,80621.50396900784,1889.00555404848,80621.50396900784,1889.0055540484798,0.0,0.0,80621.50396900784,1889.00555404848,80621.50396900784,1889.00555404848,4189000000.0,,106290.0,0.231,0.010110867441753,2260991.9551695543,2260991.9551695543,436.36028298519886,19.09948475371936,563349.3285482804,384447.34187696414,0.035657581082796,20087.67436064899,13708.462265043243
VIR,2021,2703.096132836837,21750.133897950942,2703.096132836837,21750.133897950942,0.0,0.0,2703.096132836837,21750.133897950942,2703.096132836837,21750.133897950942,4444000000.0,,105870.0,0.231,0.4476869049163801,2591966.6485114046,2591966.6485114046,5024.2809304266675,9737.250126290499,648078.2463460602,446996.3310126248,0.0010428745811174906,675.8643296895053,466.1611114658462
VNM,2016,0.0,1280.6453760438067,0.0,1280.6453760438067,0.0,0.0,0.0,1280.6453760438067,0.0,1280.6453760438067,257096001177.982,5484850284.93,93126529.0,0.22,0.1546653393685134,1193038.0603271483,1193038.060327148,281.74198272963747,198.07145169653282,325661.45965313714,328743.9549268799,0.0,0.0,0.0
VNM,2017,0.0,5019.7641047789375,0.0,5019.7641047789375,0.0,0.0,0.0,5019.7641047789375,0.0,5019.7641047789375,281353605986.903,6113826490.5199995,94033048.0,0.2,0.154990198239141,1427249.2266818217,1427249.2266818217,1003.9528209557875,778.0142337134117,386814.5228140491,314052.90791767876,0.0,0.0,0.0
VNM,2018,11482.227400768845,8689.075501110783,11482.227400768845,8689.075501110783,0.0,0.0,11482.227400768845,8689.075501110783,11482.227400768845,8689.075501110783,310106478394.659,6489169961.590001,94914330.0,0.2,0.1510915981881456,1847459.9911298328,1847459.991129833,1737.8151002221566,1312.8463042402902,483994.2246193179,377437.9554171189,0.006215142658513959,3008.09315190591,2345.8307376552257
VNM,2019,574.8680139287127,14615.90454106717,574.8680139287127,14615.904541067172,0.0,0.0,574.8680139287127,14615.90454106717,574.8680139287127,14615.90454106717,334365270496.667,6755745719.86,95776716.0,0.2,0.1489333557564496,1963213.7710531517,1963213.7710531517,2923.1809082134346,2176.795710717064,505895.75928217545,341783.7750413462,0.00029281987647240723,148.1363337409213,100.08108278788002
VNM,2020,4476.766760768197,11574.678160403339,4476.766760768197,11574.678160403339,0.0,0.0,4476.766760768197,11574.678160403339,4476.766760768197,11574.678160403339,346615738537.796,6206663213.910001,96648685.0,0.2,0.1486581389961979,2260991.9551695543,2260991.9551695543,2314.935632080668,1720.6701148054956,563349.3285482804,384447.34187696414,0.00198000118953651,1115.4323406501894,761.2061942305384
VNM,2021,10640.555576850242,27981.407600990115,10640.555576850242,27981.40760099011,0.0,0.0,10640.555576850242,27981.407600990115,10640.555576850242,27981.407600990115,366474752771.009,7183989959.700001,97468029.0,0.2,0.1451260321849571,2591966.6485114046,2591966.6485114046,5596.281520198023,4060.830660081694,648078.2463460602,446996.3310126248,0.0041052054365596224,2660.4943402158724,1835.0117681952318
WSM,2016,0.0,-0.0,0.0,0.0,0.0,0.0,0.0,0.0,0.0,-0.0,,,,,,1193038.0603271483,1193038.060327148,,,325661.45965313714,328743.9549268799,0.0,0.0,0.0
WSM,2017,501.2957408826957,843.5430155020819,501.2957408826957,843.5430155020819,0.0,0.0,501.2957408826957,843.5430155020819,501.2957408826957,843.5430155020819,884844384.463214,34458498.980000004,207630.0,0.27,0.0722871327709006,1427249.2266818217,1427249.2266818217,227.7566141855621,60.97730595956485,386814.5228140491,314052.90791767876,0.0003512320984388595,135.86167655460454,110.30546186875222
WSM,2018,5742.663293587112,89.48338333975188,5742.663293587112,89.48338333975188,0.0,0.0,5742.663293587112,89.48338333975188,5742.663293587112,89.48338333975188,878448433.404342,32195973.65,209701.0,0.27,0.0347928853173879,1847459.9911298328,1847459.991129833,24.16051350173301,3.1133850943518464,483994.2246193179,377437.9554171189,0.003108410098816337,1504.4525355754704,1173.2319522951627
WSM,2019,410.81179310697996,893.6457671977666,410.81179310697996,893.6457671977666,0.0,0.0,410.81179310697996,893.6457671977666,410.81179310697996,893.6457671977666,912950466.064906,38930449.18000001,211905.0,0.27,0.0343046311071153,1963213.7710531517,1963213.7710531517,241.28435714339702,30.656188384154422,505895.75928217545,341783.7750413462,0.00020925474299551342,105.86108709111174,71.51987600631327
WSM,2020,7159.911056941603,979.2994579481696,7159.911056941603,979.2994579481696,0.0,0.0,7159.911056941603,979.2994579481696,7159.911056941603,979.2994579481696,868898358.266437,41381470.8,214929.0,0.27,0.0341029481011553,2260991.9551695543,2260991.9551695543,264.4108536460058,33.396998589895944,563349.3285482804,384447.34187696414,0.003166712309865195,1783.9652534681318,1217.4341300167355
WSM,2021,80871.42736205694,4447.700930525894,80871.42736205694,4447.700930525894,0.0,0.0,80871.42736205694,4447.700930525894,80871.42736205694,4447.700930525894,843923638.733018,43449135.91,218764.0,0.27,0.0249654571980484,2591966.6485114046,2591966.6485114046,1200.8792512419916,111.03888721076426,648078.2463460602,446996.3310126248,0.031200797822187376,20220.558337201168,13946.642151184451
XKV,2016,0.0,-0.0,0.0,0.0,0.0,0.0,0.0,0.0,0.0,-0.0,,,,,,1193038.0603271483,1193038.060327148,,,325661.45965313714,328743.9549268799,0.0,0.0,0.0
XKV,2017,51.751009211233,51.65807641067921,51.751009211233,51.658076410679215,0.0,0.0,51.751009211233,51.65807641067921,51.751009211233,51.65807641067921,7180000000.0,,1791003.0,0.1,0.0779981965734896,1427249.2266818217,1427249.2266818217,5.1658076410679215,4.029236798488503,386814.5228140491,314052.90791767876,3.625926589678223e-05,14.025610635451542,11.38732789384478
XKV,2018,14236.169129812844,72.76815025919988,14236.169129812846,72.76815025919988,0.0,0.0,14236.169129812844,72.76815025919988,14236.169129812844,72.76815025919988,7880000000.0,,1797085.0,0.1,0.024984725031947,1847459.9911298328,1847459.991129833,7.276815025919989,1.818092225309512,483994.2246193179,377437.9554171189,0.007705806457603758,3729.5658215144636,2908.463834197994
XKV,2019,211586.96224036108,1.7502750489685472,211586.96224036108,1.7502750489685472,0.0,0.0,211586.96224036108,1.7502750489685472,211586.96224036108,1.7502750489685472,7900000000.0,,1788878.0,0.1,0.0793838141195606,1963213.7710531517,1963213.7710531517,0.17502750489685473,0.13894350914542397,505895.75928217545,341783.7750413462,0.10777581400463425,54523.327258128964,36836.024568657886
XKV,2020,20104.399948436396,228.8747982834356,20104.399948436396,228.8747982834356,0.0,0.0,20104.399948436396,228.8747982834356,20104.399948436396,228.8747982834356,7730000000.0,,1790133.0,0.1,0.0793838141195606,2260991.9551695543,2260991.9551695543,22.88747982834356,18.16895444358418,563349.3285482804,384447.34187696414,0.008891849394894792,5009.217386166415,3418.4478642375952
XKV,2021,175857.22502839382,331.35205939310396,175857.22502839382,331.35205939310396,0.0,0.0,175857.22502839382,331.35205939310396,175857.22502839382,331.35205939310396,9420000000.0,,1786038.0,0.1,0.0794373824157227,2591966.6485114046,2591966.6485114046,33.135205939310396,26.321740256247256,648078.2463460602,446996.3310126248,0.06784702462486954,43970.18073868341,30327.37107743989
YEM,2016,3.3959710529100757,244.2361660151532,3.395971052910076,244.23616601515317,0.0,0.0,3.3959710529100757,244.2361660151532,3.3959710529100757,244.2361660151532,31317825274.1507,,29274002.0,0.2,0.2095823392043914,1193038.0603271483,1193038.060327148,48.84723320303064,51.18758699176788,325661.45965313714,328743.9549268799,2.846490121177569e-06,0.9269921277509223,0.9357664200962076
YEM,2017,46327.6527708639,104.28067991116467,46327.6527708639,104.28067991116468,0.0,0.0,46327.6527708639,104.28067991116467,46327.6527708639,104.28067991116467,26842229044.5848,,30034389.0,0.2,0.3078879385880105,1427249.2266818217,1427249.2266818217,20.85613598223294,32.10676357240465,386814.5228140491,314052.90791767876,0.03245939945511126,12555.767111059467,10193.96878813921
YEM,2018,44.835057053614364,59.42841999287644,44.835057053614364,59.42841999287644,0.0,0.0,44.835057053614364,59.42841999287644,44.835057053614364,59.42841999287644,21606160663.0318,,30790513.0,0.2,0.4476869049163801,1847459.9911298328,1847459.991129833,11.885683998575288,26.605325410681576,483994.2246193179,377437.9554171189,2.426848606675105e-05,11.745807096561895,9.159847762103354
YEM,2019,68.2307005681142,149.69152436742317,68.2307005681142,149.69152436742317,0.0,0.0,68.2307005681142,149.69152436742317,68.2307005681142,149.69152436742317,26588738327.255768,,31546691.0,0.2,0.4476869049163801,1963213.7710531517,1963213.7710531517,29.938304873484636,67.01493523626657,505895.75928217545,341783.7750413462,3.475459553827006e-05,17.582202498378038,11.878556863105068
YEM,2020,223.4875666747311,203.36702839086712,223.4875666747311,203.36702839086712,0.0,0.0,223.4875666747311,203.36702839086712,223.4875666747311,203.36702839086712,26588738327.255768,,32284046.0,0.2,0.4476869049163801,2260991.9551695543,2260991.9551695543,40.673405678173424,91.04475550234889,563349.3285482804,384447.34187696414,9.884491900280625e-05,55.68421875064006,38.00066636867268
YEM,2021,199.11575764308782,346.44594138123864,199.11575764308782,346.44594138123864,0.0,0.0,199.11575764308782,346.44594138123864,199.11575764308782,346.44594138123864,26588738327.255768,,32981641.0,0.2,0.4476869049163801,2591966.6485114046,2591966.6485114046,69.28918827624773,155.09931121780838,648078.2463460602,446996.3310126248,7.682033939651277e-05,49.78559083980115,34.3384098573858
ZAF,2016,0.0,3116.5016958557594,0.0,3116.5016958557594,0.0,0.0,0.0,3116.5016958557594,0.0,3116.5016958557594,323585509674.481,14796662987.86,56422274.0,0.28,0.1626098237905072,1193038.0603271483,1193038.060327148,872.6204748396127,506.77379160592193,325661.45965313714,328743.9549268799,0.0,0.0,0.0
ZAF,2017,0.0,8047.505404337456,0.0,8047.505404337457,0.0,0.0,0.0,8047.505404337456,0.0,8047.505404337456,381448814653.456,17400955311.21,56641209.0,0.28,0.1683551669714448,1427249.2266818217,1427249.2266818217,2253.3015132144883,1354.8391160508368,386814.5228140491,314052.90791767876,0.0,0.0,0.0
ZAF,2018,0.0,26795.20453653136,0.0,26795.20453653136,0.0,0.0,0.0,26795.20453653136,0.0,26795.20453653136,405260723892.517,18683469011.799995,57339635.0,0.28,0.167068328411175,1847459.9911298328,1847459.991129833,7502.657270228781,4476.630031353828,483994.2246193179,377437.9554171189,0.0,0.0,0.0
ZAF,2019,0.0,12104.875310406574,0.0,12104.875310406574,0.0,0.0,0.0,12104.875310406574,0.0,12104.875310406574,389330032224.269,18688090576.76,58087055.0,0.28,0.1459795719877505,1963213.7710531517,1963213.7710531517,3389.365086913841,1767.0645167782402,505895.75928217545,341783.7750413462,0.0,0.0,0.0
ZAF,2020,13272.220234635553,5753.658207009977,13272.220234635553,5753.658207009977,0.0,0.0,13272.220234635553,5753.658207009977,13272.220234635553,5753.658207009977,338291396026.698,17882857924.609997,58801927.0,0.28,0.1424843829908611,2260991.9551695543,2260991.9551695543,1611.0242979627935,819.8064395661207,563349.3285482804,384447.34187696414,0.00587008733237189,3306.9097572114706,2256.7394715160126
ZAF,2021,22828.252262750513,12361.242790641456,22828.252262750513,12361.242790641456,0.0,0.0,22828.252262750513,12361.242790641456,22828.252262750513,12361.242790641456,420117812466.041,20932576170.69,59392255.0,0.28,0.1362930356824123,2591966.6485114046,2591966.6485114046,3461.147981379608,1684.7513047438576,648078.2463460602,446996.3310126248,0.008807309413437488,5707.825639687715,3936.8349938995098
ZMB,2016,49.44682034885945,364.69379077872094,49.44682034885945,364.69379077872094,0.0,0.0,49.44682034885945,364.69379077872094,49.44682034885945,364.69379077872094,20958412538.3093,359406646.62000006,16767761.0,0.35,0.122965276211671,1193038.0603271483,1193038.060327148,127.64282677255233,44.84467271578677,325661.45965313714,328743.9549268799,4.144613821901073e-05,13.497409869388708,13.625167394563698
ZMB,2017,471.0613121462275,1570.3257785515812,471.0613121462276,1570.3257785515812,0.0,0.0,471.0613121462275,1570.3257785515812,471.0613121462275,1570.3257785515812,25873601260.8353,649528657.74,17298054.0,0.35,0.1385526805494401,1427249.2266818217,1427249.2266818217,549.6140224930533,217.57284595420802,386814.5228140491,314052.90791767876,0.00033004839192758717,127.66751122901388,103.65265723841249
ZMB,2018,2060.119374949799,953.9134613608952,2060.119374949799,953.9134613608952,0.0,0.0,2060.119374949799,953.9134613608952,2060.119374949799,953.9134613608952,26311507273.6735,549388229.5299999,17835893.0,0.35,0.152955647734244,1847459.9911298328,1847459.991129833,333.8697114763133,145.90645136487046,483994.2246193179,377437.9554171189,0.001115109060461933,539.7063450842494,420.8844838478564
ZMB,2019,10.062820420924005,2277.7332234636756,10.062820420924005,2277.7332234636756,0.0,0.0,10.062820420924005,2277.7332234636756,10.062820420924005,2277.7332234636756,23308667781.2258,526383743.13000005,18380477.0,0.35,0.1589436856500128,1963213.7710531517,1963213.7710531517,797.2066282122864,362.0313134648008,505895.75928217545,341783.7750413462,5.125687568667512e-06,2.5930636043942585,1.7518768469016817
ZMB,2020,88.4601489537246,1666.4341056927492,88.4601489537246,1666.4341056927492,0.0,0.0,88.4601489537246,1666.4341056927492,88.4601489537246,1666.4341056927492,18137764931.2808,651808362.64,18927715.0,0.35,0.1444831291436451,2260991.9551695543,2260991.9551695543,583.2519369924622,240.77161410218022,563349.3285482804,384447.34187696414,3.9124486379294025e-05,22.04075313157163,15.041304790821076
ZMB,2021,0.0,4059.0382836288104,0.0,4059.0382836288104,0.0,0.0,0.0,4059.0382836288104,0.0,4059.0382836288104,22096416932.0089,623797186.91,19473125.0,0.35,0.2587835078346512,2591966.6485114046,2591966.6485114046,1420.6633992700836,1050.4121654726055,648078.2463460602,446996.3310126248,0.0,0.0,0.0
ZWE,2016,0.0,223.98134398973184,0.0,223.98134398973184,0.0,0.0,0.0,223.98134398973184,0.0,223.98134398973184,20548678100.0,325162210.0900001,14452704.0,0.2575,0.2661159692071465,1193038.0603271483,1193038.060327148,57.67519607735595,59.60501244014676,325661.45965313714,328743.9549268799,0.0,0.0,0.0
ZWE,2017,0.0,356.6906522222693,0.0,356.6906522222693,0.0,0.0,0.0,356.6906522222693,0.0,356.6906522222693,17584890936.6523,341835130.0,14751101.0,0.2575,0.18236098810687,1427249.2266818217,1427249.2266818217,91.84784294723435,65.04645978773695,386814.5228140491,314052.90791767876,0.0,0.0,0.0
ZWE,2018,0.0,663.064880327271,0.0,663.064880327271,0.0,0.0,0.0,663.064880327271,0.0,663.064880327271,34156069918.0609,589006540.0000001,15052184.0,0.2575,0.1769150169196154,1847459.9911298328,1847459.991129833,170.7392066842723,117.30613452190191,483994.2246193179,377437.9554171189,0.0,0.0,0.0
ZWE,2019,0.0,1372.8974071399086,0.0,1372.8974071399086,0.0,0.0,0.0,1372.8974071399086,0.0,1372.8974071399086,21832234925.5021,120051500.0,15354608.0,0.2575,0.1905217828628069,1963213.7710531517,1963213.7710531517,353.52108233852647,261.5668616960203,505895.75928217545,341783.7750413462,0.0,0.0,0.0
ZWE,2020,0.0,303.3993903685263,0.0,303.3993903685263,0.0,0.0,0.0,303.3993903685263,0.0,303.3993903685263,21509698406.1116,175429800.0,15669666.0,0.2471999999999999,0.1772102352420663,2260991.9551695543,2260991.9551695543,75.00032929909968,53.765477339506056,563349.3285482804,384447.34187696414,0.0,0.0,0.0
ZWE,2021,0.0,3862.8914887608257,0.0,3862.8914887608253,0.0,0.0,0.0,3862.8914887608257,0.0,3862.8914887608257,28371238665.5116,328520941.52,15993524.0,0.2471999999999999,0.1784671024931294,2591966.6485114046,2591966.6485114046,954.9067760216756,689.3990512445154,648078.2463460602,446996.3310126248,0.0,0.0,0.0
