year,iso_responsible,iso_affected,shifted_profit_musd
2016,NLD,DEU,265.11296885224806
2016,PRI,DEU,234.75003102752146
2016,ASM,DEU,229.70830179604323
2016,NLD,LUX,228.06391609945894
2016,IRL,DEU,224.69508472947956
2016,NLD,ESP,214.07926079813214
2016,NLD,FRA,209.0217923704467
2016,SGP,DEU,206.17066586037376
2016,BMU,DEU,203.54756402713312
2016,PRI,LUX,201.9441433302483
2016,ASM,LUX,197.60698654224953
2016,CYM,DEU,193.5036302258264
2016,IRL,LUX,193.29435739624063
2016,PRI,ESP,189.56112683690853
2016,ASM,ESP,185.4899202426332
2016,PRI,FRA,185.0828816742528
2016,IRL,ESP,181.4417372794351
2016,ASM,FRA,181.10785440503852
2016,BHS,DEU,177.64315503803178
2016,SGP,LUX,177.35869220021053
2016,IRL,FRA,177.15530685019127
2016,BMU,LUX,175.10216405295895
2016,SGP,ESP,166.48323141915296
2016,CYM,LUX,166.46185163939927
2016,BMU,ESP,164.36507136123694
2016,SGP,FRA,162.5501849227183
2016,BMU,FRA,160.48206487137625
2016,CYM,ESP,156.25457441724376
2016,BHS,LUX,152.81784886508507
2016,CYM,FRA,152.56317257920296
2016,BHS,ESP,143.4472084901453
2016,BHS,FRA,140.05837145252764
2016,NLD,POL,126.13482319055308
2016,PRI,POL,111.6888162273778
2016,ASM,POL,109.2900741819007
2016,IRL,POL,106.90489758701565
2016,TLS,DEU,106.45419779187434
2016,SGP,POL,98.09139325760421
2016,BMU,POL,96.84338005259569
2016,CYM,POL,92.06470091196299
2016,TLS,LUX,91.57741825588312
2016,IMN,DEU,90.0821492611322
2016,TLS,ESP,85.96198092762356
2016,BHS,POL,84.518641425731
2016,TLS,FRA,83.93119100943197
2016,IMN,LUX,77.49333357810792
2016,IMN,ESP,72.74151848707893
2016,IMN,FRA,71.02305247706593
2016,NPL,DEU,62.32553780411093
2016,HKG,DEU,61.841812120111044
2016,LBR,DEU,56.79712856199249
2016,COD,DEU,56.64495730881946
2016,NLD,CZE,53.71892916165304
2016,NPL,LUX,53.61565783125543
2016,HKG,LUX,53.1995319273115
2016,NLD,ROU,51.20565967233435
2016,TLS,POL,50.64852720899389
2016,NPL,ESP,50.32799836128035
2016,HKG,ESP,49.93738888899353
2016,NPL,FRA,49.13903562947797
2016,LBR,LUX,48.85983367441965
2016,HKG,FRA,48.75765402478693
2016,COD,LUX,48.72892807569828
2016,PRI,CZE,47.566591487613465
2016,ASM,CZE,46.54500323181993
2016,LBR,ESP,45.863796669955796
2016,COD,ESP,45.740918073955605
2016,IRL,CZE,45.52919229795041
2016,PRI,ROU,45.34116248218862
2016,LBR,FRA,44.78029748947791
2016,COD,FRA,44.66032181185194
2016,ASM,ROU,44.367369791831734
2016,IRL,ROU,43.39908412823199
2016,IMN,POL,42.85907256393192
2016,SGP,CZE,41.77565300751729
2016,BMU,CZE,41.24414290382943
2016,GIB,DEU,40.757494742340114
2016,SGP,ROU,39.821156226983796
2016,MHL,DEU,39.647561321250066
2016,BMU,ROU,39.31451311427492
2016,CYM,CZE,39.20897513850812
2016,IRN,DEU,37.871778113975516
2016,CYM,ROU,37.37456178625143
2016,BHS,CZE,35.995221594983306
2016,GBR,DEU,35.9302367035145
2016,GIB,LUX,35.061709359535826
2016,BHS,ROU,34.31116546043706
2016,MHL,LUX,34.106887105010266
2016,GIB,ESP,32.91175978375734
2016,IRN,LUX,32.57926635470137
2016,NLD,SVK,32.548000339232544
2016,GIB,FRA,32.13424315096741
2016,MHL,ESP,32.01548629192931
2016,MHL,FRA,31.25914347518579
2016,LIE,DEU,30.92516447289817
2016,GBR,LUX,30.909051807084182
2016,IRN,ESP,30.58153774540256
2016,IRN,FRA,29.859070930818
2016,NPL,POL,29.653097414328933
2016,NLD,PRT,29.57360971350679
2016,HKG,POL,29.422951549008936
2016,GBR,ESP,29.01373911314439
2016,PRI,SVK,28.820333168147943
2016,GBR,FRA,28.32831041263988
2016,ASM,SVK,28.201358527084928
2016,IRL,SVK,27.585884333236272
2016,LBR,POL,27.022803900969123
2016,COD,POL,26.950404220950595
2016,LIE,LUX,26.603429271088295
2016,PRI,PRT,26.186594446500457
2016,ASM,PRT,25.62418464354581
2016,SGP,SVK,25.311635758200445
2016,IRL,PRT,25.06495540033865
2016,BMU,SVK,24.989596743180634
2016,LIE,ESP,24.972133121516126
2016,LIE,FRA,24.382184453143633
2016,CYM,SVK,23.75649991586415
2016,SGP,PRT,22.998538445422447
2016,BMU,PRT,22.705928882823965
2016,SWZ,DEU,21.970146624622526
2016,BHS,SVK,21.809304522037788
2016,CYM,PRT,21.585518291391576
2016,TLS,CZE,21.570448005240262
2016,TLS,ROU,20.561262794578905
2016,CHL,DEU,20.322610117074365
2016,CPV,DEU,20.129028741980946
2016,MUS,DEU,20.030461598535332
2016,BHS,PRT,19.816266846978053
2016,GIB,POL,19.39150474332359
2016,SWZ,LUX,18.899858796735113
2016,MHL,POL,18.86342323743353
2016,VGB,DEU,18.61918977173306
2016,IMN,CZE,18.253036114521947
2016,IRN,POL,18.01854529033031
2016,SWZ,ESP,17.740938021206446
2016,CHL,LUX,17.48256250430942
2016,IMN,ROU,17.399057834053774
2016,SWZ,FRA,17.321821131577504
2016,CPV,LUX,17.316033772505552
2016,MUS,LUX,17.231241207169106
2016,GBR,POL,17.09480329616886
2016,CHL,ESP,16.41054894518047
2016,NLD,AUT,16.266392758132266
2016,CPV,ESP,16.25423159162474
2016,MUS,ESP,16.174638423100497
2016,CHL,FRA,16.02286153976898
2016,VGB,LUX,16.017192038262767
2016,CPV,FRA,15.870237071163247
2016,MUS,FRA,15.792524233948866
2016,VGB,ESP,15.035033556635291
2016,LIE,POL,14.713501832125507
2016,VGB,FRA,14.679841712089564
2016,PRI,AUT,14.4034304365002
2016,ASM,AUT,14.094087788290913
2016,IRL,AUT,13.78649454553279
2016,TLS,SVK,13.069414449406604
2016,SGP,AUT,12.649901815853974
2016,NPL,CZE,12.628809389279233
2016,HKG,CZE,12.530793717450882
2016,BMU,AUT,12.488957578200145
2016,CYP,DEU,12.123777799845017
2016,NPL,ROU,12.037963633047108
2016,HKG,ROU,11.944533678047547
2016,TLS,PRT,11.875069376994198
2016,CYM,AUT,11.872697375026947
2016,XKV,DEU,11.726702070472035
2016,BFA,DEU,11.632574027711826
2016,LBR,CZE,11.50860683661007
2016,COD,CZE,11.47777289889276
2016,WSM,DEU,11.120223817913777
2016,IMN,SVK,11.059413039669804
2016,LBR,ROU,10.97017036964371
2016,COD,ROU,10.9407790145711
2016,BHS,AUT,10.899554794140748
2016,NER,DEU,10.552240580011235
2016,SWZ,POL,10.452904555988455
2016,UZB,DEU,10.45209673260393
2016,CYP,LUX,10.42950201539675
2016,BRB,DEU,10.378554459201995
2016,XKV,LUX,10.08791689332254
2016,IMN,PRT,10.04875142825363
2016,BFA,LUX,10.006943072465686
2016,CYP,ESP,9.789975197019176
2016,CHL,POL,9.669043521278434
2016,CPV,POL,9.576941831096688
2016,WSM,LUX,9.566192867876321
2016,CYP,FRA,9.558694080473114
2016,MUS,POL,9.530045788007076
2016,XKV,ESP,9.469335739081446
2016,BFA,ESP,9.39332715337657
2016,XKV,FRA,9.245629498911283
2016,BFA,FRA,9.171416561327584
2016,NER,LUX,9.077584249159154
2016,UZB,LUX,8.991435321357342
2016,WSM,ESP,8.979603318370735
2016,BRB,LUX,8.928170446223112
2016,VGB,POL,8.85859420599593
2016,WSM,FRA,8.767466654097483
2016,NER,ESP,8.520955700178687
2016,UZB,ESP,8.440089340003057
2016,BRB,ESP,8.380703804865112
2016,NER,FRA,8.319654255719776
2016,GIB,CZE,8.258550995633986
2016,UZB,FRA,8.240698305090241
2016,BRB,FRA,8.182715710470223
2016,MHL,CZE,8.033649003551819
2016,NLD,DNK,7.970016514163733
2016,GIB,ROU,7.872170169224549
2016,IRN,CZE,7.673828159135872
2016,MHL,ROU,7.657790339881074
2016,NPL,SVK,7.651725354566152
2016,HKG,SVK,7.592338204269109
2016,VCT,DEU,7.525910212921509
2016,GUY,DEU,7.390494511365101
2016,IRN,ROU,7.314803910521507
2016,URY,DEU,7.30110175158061
2016,GBR,CZE,7.280420300046571
2016,PRI,DNK,7.057224065988688
2016,LBR,SVK,6.973000859620112
2016,COD,SVK,6.954318748287197
2016,NPL,PRT,6.952474404337537
2016,GBR,ROU,6.939801853344824
2016,ASM,DNK,6.905655980093886
2016,HKG,PRT,6.898514333470599
2016,IRL,DNK,6.754945047382527
2016,TLS,AUT,6.531652523568504
2016,VCT,LUX,6.474178018535052
2016,GUY,LUX,6.357686413722154
2016,PAN,DEU,6.346175723719798
2016,LBR,PRT,6.3357749725037324
2016,COD,PRT,6.318800121101942
2016,URY,LUX,6.280786128701577
2016,LIE,CZE,6.266259726275171
2016,SGP,DNK,6.198050660279414
2016,BMU,DNK,6.119193088657135
2016,VCT,ESP,6.077187782213952
2016,LIE,ROU,5.973089336843134
2016,GUY,ESP,5.967839328175051
2016,VCT,FRA,5.933618595628219
2016,SWE,DEU,5.902884097265243
2016,URY,ESP,5.895654493090525
2016,GUY,FRA,5.826853420099606
2016,CYM,DNK,5.81724513563868
2016,CYP,POL,5.768222414035392
2016,URY,FRA,5.756373899780446
2016,XKV,POL,5.579302659809282
2016,BFA,POL,5.534518641576478
2016,IMN,AUT,5.527121614314212
2016,PAN,LUX,5.459309267565401
2016,BHS,DNK,5.340436137133379
2016,WSM,POL,5.290753866868167
2016,PAN,ESP,5.124549786118339
2016,SWE,LUX,5.077966835541004
2016,SSD,DEU,5.029121168729583
2016,NER,POL,5.020520141229635
2016,GIB,SVK,5.003810105718658
2016,PAN,FRA,5.003485986417375
2016,UZB,POL,4.972873937646958
2016,BRB,POL,4.937884168218688
2016,NCL,DEU,4.909560089446315
2016,MHL,SVK,4.867543239851758
2016,SWE,ESP,4.766590897421792
2016,SWE,FRA,4.653983618783366
2016,IRN,SVK,4.64952979191294
2016,GIB,PRT,4.546538208328961
2016,SWZ,CZE,4.451735255761783
2016,MHL,PRT,4.422724054893154
2016,GBR,SVK,4.41116615862898
2016,SSD,LUX,4.326310678970885
2016,SWZ,ROU,4.2434583863707
2016,IRN,PRT,4.224633709727863
2016,NCL,LUX,4.223458041951771
2016,VUT,DEU,4.165955681008565
2016,CHL,CZE,4.117900599074196
2016,CPV,CZE,4.07867587076053
2016,SSD,ESP,4.061025557998605
2016,MUS,CZE,4.05870354945409
2016,GBR,PRT,4.00805287566242
2016,SSD,FRA,3.9650867525905995
2016,NCL,ESP,3.964479743646333
2016,CHL,ROU,3.9252423667301275
2016,KAZ,DEU,3.9002322962932396
2016,CPV,ROU,3.887852788789636
2016,NCL,FRA,3.87082176360222
2016,MUS,ROU,3.8688148834619533
2016,NLD,SVN,3.8439845980348015
2016,NPL,AUT,3.8240742471881983
2016,LIE,SVK,3.7966919087827815
2016,HKG,AUT,3.7943945525387694
2016,VGB,CZE,3.772742392517708
2016,GNQ,DEU,3.686188721739137
2016,VGB,ROU,3.596232575696144
2016,VUT,LUX,3.583770990234397
2016,VCT,POL,3.5806598151895077
2016,GUY,POL,3.5162320520099493
2016,LBR,AUT,3.484870637310837
2016,COD,AUT,3.4755339481955296
2016,URY,POL,3.4737009755456505
2016,LIE,PRT,3.4497321968326675
2016,PRI,SVN,3.403739573980982
2016,VUT,ESP,3.364017673556864
2016,KAZ,LUX,3.3551819627728436
2016,ASM,SVN,3.3306374183332705
2016,VUT,FRA,3.2845451776655756
2016,IRL,SVN,3.2579486725736624
2016,TLS,DNK,3.2003025656437867
2016,GNQ,LUX,3.171050586476647
2016,YEM,DEU,3.1699185597315047
2016,KAZ,ESP,3.149445500709529
2016,NLD,BGR,3.1387820254372185
2016,KAZ,FRA,3.075042117938257
2016,FSM,DEU,3.0336736058530653
2016,PAN,POL,3.0193685217025146
2016,SGP,SVN,2.989355321110448
2016,GNQ,ESP,2.976604879530149
2016,BMU,SVN,2.9513218628088542
2016,GNQ,FRA,2.9062847320119194
2016,SWE,POL,2.808460276938902
2016,CYM,SVN,2.8056906362300382
2016,PRI,BGR,2.779302653695002
2016,YEM,LUX,2.7269282358330513
2016,ASM,BGR,2.719611537272461
2016,IMN,DNK,2.708114281812879
2016,SWZ,SVK,2.6972816263459793
2016,IRL,BGR,2.660257988156141
2016,FSM,LUX,2.609723265194198
2016,BHS,SVN,2.5757229262257275
2016,YEM,ESP,2.5597156751535723
2016,GIB,AUT,2.5007355173405483
2016,YEM,FRA,2.4992442349838124
2016,CHL,SVK,2.495013064989929
2016,CPV,SVK,2.4712470203128722
2016,MUS,SVK,2.4591459019398476
2016,CYP,CZE,2.4565994022135653
2016,SWZ,PRT,2.450791239817522
2016,FSM,ESP,2.449697598180404
2016,SGP,BGR,2.440939735904121
2016,MHL,AUT,2.4326339339250254
2016,BMU,BGR,2.4098837490140355
2016,SSD,POL,2.392743411112061
2016,FSM,FRA,2.391825255880713
2016,XKV,CZE,2.3761413127042332
2016,BFA,CZE,2.3570684711037204
2016,CYP,ROU,2.341666055227393
2016,NCL,POL,2.3358589227328013
2016,IRN,AUT,2.3236781660202044
2016,CUB,DEU,2.2957666637746756
2016,CYM,BGR,2.290969464976152
2016,VGB,SVK,2.2858836277615167
2016,CHL,PRT,2.267006938830957
2016,XKV,ROU,2.264972241452675
2016,WSM,CZE,2.2532527100519157
2016,BFA,ROU,2.2467917331807903
2016,CPV,PRT,2.245412748023915
2016,MUS,PRT,2.2344174872358233
2016,GBR,AUT,2.204552061871229
2016,NLD,EST,2.155351452341945
2016,WSM,ROU,2.1478330493052034
2016,NER,CZE,2.138164219835892
2016,UZB,CZE,2.1178724164279394
2016,BHS,BGR,2.103190743135926
2016,BRB,CZE,2.102970798478547
2016,VGB,PRT,2.076988741346072
2016,NER,ROU,2.0381290370664167
2016,UZB,ROU,2.0187865967821224
2016,BRB,ROU,2.004582159180852
2016,VUT,POL,1.9820685706875025
2016,CUB,LUX,1.9749374693278137
2016,PRI,EST,1.908502713024461
2016,LIE,AUT,1.8974585573984242
2016,NPL,DNK,1.873675089164496
2016,ASM,EST,1.8675137773702513
2016,HKG,DNK,1.8591329801666037
2016,KAZ,POL,1.85564332527696
2016,CUB,ESP,1.8538362437477902
2016,IRL,EST,1.826756643790168
2016,CUB,FRA,1.8100406970054352
2016,FIN,DEU,1.763751169193686
2016,GNQ,POL,1.7538061780851812
2016,JOR,DEU,1.7370494329104298
2016,LBR,DNK,1.7074760791820927
2016,COD,DNK,1.7029013976566256
2016,SGP,EST,1.6761543051487509
2016,BMU,EST,1.6548286552931724
2016,CYM,EST,1.573172116951822
2016,TLS,SVN,1.5435242511133964
2016,VCT,CZE,1.5249493050270424
2016,FIN,LUX,1.5172701675544626
2016,YEM,POL,1.5081763777577475
2016,GUY,CZE,1.4975104871118827
2016,JOR,LUX,1.4942999501042242
2016,CYP,SVK,1.4884399116742397
2016,URY,CZE,1.4793971396162195
2016,VCT,ROU,1.4536037175238186
2016,BHS,EST,1.4442274697742696
2016,FSM,POL,1.4433540748637703
2016,XKV,SVK,1.4396908028309994
2016,BFA,SVK,1.4281346742079668
2016,GUY,ROU,1.4274486397160169
2016,FIN,ESP,1.4242326513391306
2016,URY,ROU,1.410182735092368
2016,CUW,DEU,1.4078781272470426
2016,JOR,ESP,1.4026709450586206
2016,ABW,DEU,1.3993437463464573
2016,FIN,FRA,1.3905861802098298
2016,JOR,FRA,1.3695338537186286
2016,WSM,SVK,1.3652332821164825
2016,CYP,PRT,1.3524192138096311
2016,SWZ,AUT,1.3480103802429788
2016,NLD,LTU,1.3429960073563594
2016,XKV,PRT,1.3081250297188967
2016,IMN,SVN,1.3061390237406638
2016,BFA,PRT,1.2976249549328982
2016,NER,SVK,1.2955018061348855
2016,PNG,DEU,1.2951089665635505
2016,PAN,CZE,1.2859037625575414
2016,UZB,SVK,1.2832071153338422
2016,BRB,SVK,1.274178307916397
2016,TLS,BGR,1.260355251604811
2016,CHL,AUT,1.2469233755929883
2016,WSM,PRT,1.2404717903525364
2016,CPV,AUT,1.2350459080682525
2016,MUS,AUT,1.2289981772640042
2016,PAN,ROU,1.2257420515355169
2016,GIB,DNK,1.225281085186858
2016,BHR,DEU,1.2150317419024992
2016,CUW,LUX,1.211129732660041
2016,ABW,LUX,1.2037880158888907
2016,SWE,CZE,1.1960811047578859
2016,MHL,DNK,1.1919134693587539
2016,PRI,LTU,1.1891849567436559
2016,NER,PRT,1.1771127073387397
2016,UZB,PRT,1.1659415636890937
2016,ASM,LTU,1.163644817167079
2016,BRB,PRT,1.1577378515114185
2016,VGB,AUT,1.142407536592455
2016,SWE,ROU,1.1401217959210959
2016,IRN,DNK,1.1385285989436045
2016,IRL,LTU,1.1382491130883472
2016,CUW,ESP,1.1368644471816822
2016,ABW,ESP,1.1299729172709547
2016,PNG,LUX,1.1141198560324672
2016,CUW,FRA,1.1100068430086132
2016,ABW,FRA,1.1032781205310394
2016,GGY,DEU,1.1026441761043084
2016,CUB,POL,1.092274449928439
2016,GBR,DNK,1.080160586351467
2016,KWT,DEU,1.0797058165401825
2016,IMN,BGR,1.0665198014932822
2016,PNG,ESP,1.0458031208932563
2016,BHR,LUX,1.045233277131253
2016,SGP,LTU,1.0444090392228131
2016,PRK,DEU,1.043861186530124
2016,BMU,LTU,1.0311210612555997
2016,PNG,FRA,1.021096775001676
2016,SSD,CZE,1.0190335273975915
2016,MLT,DEU,1.004374216619672
2016,NCL,CZE,0.9948072770699884
2016,BHR,ESP,0.9811405993409521
2016,CYM,LTU,0.9802410041550201
2016,SSD,ROU,0.9713574863265905
2016,BHR,FRA,0.9579618589726067
2016,GGY,LUX,0.9485516682013408
2016,NCL,ROU,0.9482646743742336
2016,LIE,DNK,0.9296945095492183
2016,KWT,LUX,0.9288189024534396
2016,VCT,SVK,0.9239583005828718
2016,GUY,SVK,0.9073332734509407
2016,NPL,SVN,0.9036842234480023
2016,BHS,LTU,0.8998958028463133
2016,PRK,LUX,0.8979834939608957
2016,HKG,SVN,0.8966704810157876
2016,URY,SVK,0.896358496968346
2016,GGY,ESP,0.8903874116974347
2016,KWT,ESP,0.8718646397611187
2016,GGY,FRA,0.8693526500569104
2016,TLS,EST,0.8654658080740186
2016,MLT,LUX,0.8640147559105965
2016,KWT,FRA,0.8512674652736512
2016,VUT,CZE,0.8441332730252344
2016,PRK,ESP,0.8429200282268089
2016,VCT,PRT,0.8395226093216005
2016,FIN,POL,0.8391533723963667
2016,JOR,POL,0.8264492832695675
2016,GUY,PRT,0.8244168560110491
2016,LBR,SVN,0.8235254893417874
2016,PRK,FRA,0.8230066493505586
2016,COD,SVN,0.8213190942491854
2016,BEN,DEU,0.8208833384310258
2016,URY,PRT,0.8144450066499069
2016,MLT,ESP,0.8110342198252637
2016,VUT,ROU,0.8046400360392766
2016,MLT,FRA,0.7918741202189473
2016,KAZ,CZE,0.7902906573964508
2016,PAN,SVK,0.7791219362172286
2016,DJI,DEU,0.7633349834330534
2016,KAZ,ROU,0.7533164766388425
2016,GNQ,CZE,0.7469197439750594
2016,CYP,AUT,0.7438720642689958
2016,NPL,BGR,0.7378978049703674
2016,IMN,EST,0.7323621023921808
2016,HKG,BGR,0.732170776644464
2016,SWE,SVK,0.7246988875422204
2016,XKV,AUT,0.7195089039277056
2016,BFA,AUT,0.7137335406185453
2016,GNQ,ROU,0.7119746951291811
2016,PAN,PRT,0.7079220787996142
2016,BEN,LUX,0.7061663925151647
2016,WSM,AUT,0.6822975464521065
2016,LBR,BGR,0.6724446827276257
2016,COD,BGR,0.6706430643597444
2016,CUW,POL,0.6698369356390198
2016,ABW,POL,0.6657764680180029
2016,BEN,ESP,0.6628649630141501
2016,SWZ,DNK,0.6604823301361302
2016,SWE,PRT,0.6584724664068725
2016,DJI,LUX,0.6566603149259009
2016,NER,AUT,0.6474481067292709
2016,BEN,FRA,0.647205255437786
2016,YEM,CZE,0.6423096964876449
2016,UZB,AUT,0.6413036349545025
2016,BRB,AUT,0.6367913415398845
2016,SSD,SVK,0.6174267453399385
2016,DJI,ESP,0.6163945494713841
2016,PNG,POL,0.6161838902759817
2016,FSM,CZE,0.6147028500262501
2016,YEM,ROU,0.6122588859434113
2016,CHL,DNK,0.6109529041344752
2016,CPV,DNK,0.6051333217767788
2016,NCL,SVK,0.6027481950377103
2016,MUS,DNK,0.6021701255045764
2016,DJI,FRA,0.6018326719624343
2016,GIB,SVN,0.5909600828745399
2016,JEY,DEU,0.5859985554002247
2016,FSM,ROU,0.585943640896835
2016,BHR,POL,0.5780849371469059
2016,MHL,SVN,0.574866690710492
2016,GMB,DEU,0.5671097094974542
2016,SSD,PRT,0.5610033612834427
2016,VGB,DNK,0.5597434580567959
2016,IRN,SVN,0.5491188620480001
2016,NCL,PRT,0.5476662065189785
2016,TLS,LTU,0.5392703465988857
2016,PRY,DEU,0.5285486813334177
2016,GGY,POL,0.5246134460986052
2016,GBR,SVN,0.5209676353819885
2016,KWT,POL,0.5136998874732824
2016,VUT,SVK,0.5114556541904335
2016,NPL,EST,0.5067026294701922
2016,JEY,LUX,0.5041063285277594
2016,HKG,EST,0.5027699706490943
2016,PRK,POL,0.4966458139278675
2016,GMB,LUX,0.48785716430982207
2016,GIB,BGR,0.4825448277877572
2016,KAZ,SVK,0.47883271290883755
2016,MLT,POL,0.4778587964931929
2016,JEY,ESP,0.47319502366090915
2016,MHL,BGR,0.46940386721298016
2016,CUB,CZE,0.4651833039964486
2016,VUT,PRT,0.4647164109975188
2016,AFG,DEU,0.4640229575262403
2016,JEY,FRA,0.46201613186456847
2016,VCT,AUT,0.4617631944442766
2016,LBR,EST,0.46175701650856676
2016,COD,EST,0.46051987396910093
2016,GMB,ESP,0.45794224223078395
2016,IMN,LTU,0.45633364265632875
2016,PRY,LUX,0.4546849693395604
2016,GUY,AUT,0.45345456662923317
2016,GNQ,SVK,0.4525545177403464
2016,LIE,SVN,0.44839698502929565
2016,IRN,BGR,0.4483796357836494
2016,URY,AUT,0.4479697435114388
2016,GMB,FRA,0.4471236864157506
2016,CUB,ROU,0.44341944862702115
2016,KAZ,PRT,0.4350747088003596
2016,PRY,ESP,0.42680413367007597
2016,GBR,BGR,0.4253929244689215
2016,GUM,DEU,0.42406562994482
2016,PRY,FRA,0.4167211932544816
2016,GNQ,PRT,0.41119793972734314
2016,AFG,LUX,0.3991765974770793
2016,BEN,POL,0.39055793913565234
2016,PAN,AUT,0.38937886471967353
2016,YEM,SVK,0.38917187191616204
2016,AFG,ESP,0.37469948064269604
2016,FSM,SVK,0.37244503722281447
2016,LIE,BGR,0.3661358054321352
2016,AFG,FRA,0.36584747514643495
2016,GUM,LUX,0.364803233380484
2016,CYP,DNK,0.3644737173633635
2016,DJI,POL,0.3631777184923465
2016,SWE,AUT,0.3621800606267673
2016,FIN,CZE,0.3573828339175001
2016,YEM,PRT,0.35360750066266006
2016,XKV,DNK,0.35253654154666464
2016,JOR,CZE,0.35197235292102796
2016,BFA,DNK,0.34970679670810534
2016,GUM,ESP,0.3424338574665375
2016,FIN,ROU,0.340662482516075
2016,FSM,PRT,0.3384092434484636
2016,JOR,ROU,0.33550513383298264
2016,GUM,FRA,0.3343441040908445
2016,WSM,DNK,0.33430415665317287
2016,GIB,EST,0.33135582113178474
2016,MHL,EST,0.32233213352605855
2016,SWZ,SVN,0.3185544094928163
2016,NER,DNK,0.3172290365432459
2016,NPL,LTU,0.31572558969722786
2016,UZB,DNK,0.3142184402639182
2016,LVA,DEU,0.3133882727820126
2016,HKG,LTU,0.31327515634015723
2016,BRB,DNK,0.3120075596116434
2016,SSD,AUT,0.30856906213586344
2016,IRN,EST,0.30789512981622974
2016,NCL,AUT,0.30123321778759354
2016,CHL,SVN,0.2946660837457468
2016,GBR,EST,0.292110522533772
2016,CPV,SVN,0.29185926585393623
2016,MUS,SVN,0.2904300993257293
2016,LBR,LTU,0.28772005088356484
2016,COD,LTU,0.28694918936618774
2016,CUW,CZE,0.2852735032663541
2016,ABW,CZE,0.28354421101399124
2016,CUB,SVK,0.2818519760645171
2016,JEY,POL,0.27880501091789606
2016,CUW,ROU,0.27192682634893356
2016,ABW,ROU,0.27027843998065676
2016,VGB,SVN,0.2699674746968611
2016,GMB,POL,0.2698181203537178
2016,LVA,LUX,0.2695928345555367
2016,PNG,CZE,0.262423476047385
2016,SWZ,BGR,0.2601136474768899
2016,CUB,PRT,0.2560950058448116
2016,VUT,AUT,0.25560828507799005
2016,LVA,ESP,0.2530616667695611
2016,PRY,POL,0.2514716452998045
2016,LIE,EST,0.2514196059481432
2016,PNG,ROU,0.25014585015417085
2016,LVA,FRA,0.247083267062962
2016,BHR,CZE,0.2461977033978916
2016,CHL,BGR,0.24060778173772343
2016,KAZ,AUT,0.23930443936454734
2016,CPV,BGR,0.2383158918191232
2016,MUS,BGR,0.2371489146641195
2016,BHR,ROU,0.23467920915486126
2016,VCT,DNK,0.2262493190762263
2016,GNQ,AUT,0.22617148375650986
2016,GGY,CZE,0.22342499743823582
2016,GUY,DNK,0.22217835497984845
2016,AFG,POL,0.22077174857692197
2016,VGB,BGR,0.22044028414275996
2016,URY,DNK,0.21949096561970693
2016,KWT,CZE,0.21877707652420258
2016,FIN,SVK,0.21653627094052702
2016,JOR,SVK,0.2132580906034124
2016,GGY,ROU,0.21297193670199413
2016,PRK,CZE,0.2115140024140517
2016,GEO,DEU,0.2109874797265612
2016,KWT,ROU,0.20854147131070322
2016,GIB,LTU,0.20646727674539578
2016,MLT,CZE,0.20351289349580007
2016,GUM,POL,0.20176094547864593
2016,PRK,ROU,0.2016182040962701
2016,MHL,LTU,0.20084463157866278
2016,FIN,PRT,0.19674815960642528
2016,YEM,AUT,0.19449497520667355
2016,MLT,ROU,0.19399143143599643
2016,JOR,PRT,0.19376955493486692
2016,IRN,LTU,0.19184895789425196
2016,PAN,DNK,0.19078329339678732
2016,FSM,AUT,0.18613546740630096
2016,GBR,LTU,0.1820135946011821
2016,GEO,LUX,0.18150236513405751
2016,SWZ,EST,0.178615884543681
2016,SWE,DNK,0.1774567420827234
2016,CYP,SVN,0.17578776072087776
2016,CUW,SVK,0.17284562864509695
2016,ABW,SVK,0.17179786008948847
2016,GEO,ESP,0.17037281839914828
2016,XKV,SVN,0.17003039247679974
2016,BFA,SVN,0.16866559033913042
2016,GEO,FRA,0.1663478832102979
2016,BEN,CZE,0.1663327678689816
2016,CHL,EST,0.16522151828652007
2016,CPV,EST,0.16364771410877543
2016,MUS,EST,0.16284636954725343
2016,WSM,SVN,0.16123680885103503
2016,PNG,SVK,0.15900092426842477
2016,BEN,ROU,0.15855079832708957
2016,CUW,PRT,0.1570501754012319
2016,LIE,LTU,0.15665915022470162
2016,ABW,PRT,0.15609815690514325
2016,FRO,DEU,0.15479745810936593
2016,DJI,CZE,0.15467194260309788
2016,NER,SVN,0.15300138065643729
2016,UZB,SVN,0.15154935283339946
2016,VGB,EST,0.15137282000829147
2016,SSD,DNK,0.15118905325542056
2016,BRB,SVN,0.1504830324361538
2016,BHR,SVK,0.1491698188844959
2016,LVA,POL,0.1491031334622572
2016,NCL,DNK,0.14759472220302322
2016,DJI,ROU,0.14743553115066127
2016,PNG,PRT,0.14447066576723894
2016,CYP,BGR,0.14353841686166777
2016,CUB,AUT,0.14086011105250082
2016,XKV,BGR,0.13883727316624977
2016,BFA,BGR,0.13772285235920886
2016,BHR,PRT,0.13553797341605275
2016,GGY,SVK,0.1353719630287015
2016,FRO,LUX,0.13316479631873193
2016,KWT,SVK,0.1325558136033948
2016,WSM,BGR,0.13165692644013643
2016,PRK,SVK,0.12815515740472633
2016,LKA,DEU,0.12685138108414076
2016,VUT,DNK,0.1252399523065842
2016,FRO,ESP,0.12499926182016302
2016,NER,BGR,0.12493233810484564
2016,UZB,BGR,0.12374669369989255
2016,MLT,SVK,0.12330733002153657
2016,GGY,PRT,0.12300103106292663
2016,BRB,BGR,0.12287599632562553
2016,FRO,FRA,0.12204624424254919
2016,KWT,PRT,0.12044223472733277
2016,JEY,CZE,0.11873887204635235
2016,KAZ,DNK,0.11725158503225094
2016,PRK,PRT,0.11644373136164748
2016,GMB,CZE,0.11491149015934324
2016,JEY,ROU,0.1131836089581365
2016,MLT,PRT,0.11203892143493467
2016,SWZ,LTU,0.11129526905319348
2016,GNQ,DNK,0.11081685333529807
2016,GMB,ROU,0.10953529322659086
2016,LKA,LUX,0.10912413247047628
2016,VCT,SVN,0.10912134200717273
2016,FIN,AUT,0.10821752466477352
2016,GUY,SVN,0.10715789271471277
2016,PRY,CZE,0.10709800163287722
2016,JOR,AUT,0.10657920070201944
2016,URY,SVN,0.10586174943935714
2016,CHL,LTU,0.1029492610808556
2016,LKA,ESP,0.1024327478632313
2016,PRY,ROU,0.10208736303542996
2016,CPV,LTU,0.10196862624064186
2016,MUS,LTU,0.101469309739163
2016,BEN,SVK,0.10078009873826212
2016,GEO,POL,0.10038312560092827
2016,LKA,FRA,0.10001284793295333
2016,CYP,EST,0.09856553680453947
2016,XKV,EST,0.09533733656334054
2016,YEM,DNK,0.09529636886113417
2016,BFA,EST,0.09457208160600047
2016,VGB,LTU,0.09432015956029617
2016,AFG,CZE,0.09402337612018134
2016,NLD,HRV,0.09397286026802003
2016,DJI,SVK,0.09371486957914021
2016,PAN,SVN,0.09201587475713718
2016,BEN,PRT,0.09157033537883753
2016,FSM,DNK,0.09120047518575607
2016,WSM,EST,0.09040670722398989
2016,AFG,ROU,0.08962444103019683
2016,VCT,BGR,0.08910236192382374
2016,GUY,BGR,0.08749911945761264
2016,URY,BGR,0.08644076162309962
2016,CUW,AUT,0.0863824152870744
2016,GUM,CZE,0.08592696024460963
2016,ABW,AUT,0.0858587759031641
2016,NER,EST,0.08578903988761226
2016,SWE,SVN,0.08558840275564947
2016,DJI,PRT,0.08515076036622139
2016,UZB,EST,0.08497487682389306
2016,BRB,EST,0.08437698285261121
2016,PRI,HRV,0.08321030826657567
2016,GUM,ROU,0.08190682040074176
2016,ASM,HRV,0.08142319947808431
2016,IRL,HRV,0.07964619721022467
2016,PNG,AUT,0.07946329900761044
2016,PAN,BGR,0.07513499765067726
2016,BHR,AUT,0.07455004413004993
2016,FRO,POL,0.07364916961061127
2016,SGP,HRV,0.07307996760075232
2016,SSD,SVN,0.07291934603554333
2016,BMU,HRV,0.0721501738486357
2016,JEY,SVK,0.07194322202542285
2016,NCL,SVN,0.07118577958921292
2016,SWE,BGR,0.06988668484589013
2016,GMB,SVK,0.06962423263190992
2016,CUB,DNK,0.0690169866158005
2016,CYM,HRV,0.06858996631998227
2016,GGY,AUT,0.06765434116116703
2016,KWT,AUT,0.06624692466429517
2016,JEY,PRT,0.06536870921521529
2016,PRY,SVK,0.06489008340036594
2016,PRK,AUT,0.06404762512592178
2016,LVA,CZE,0.0635007879793768
2016,GMB,PRT,0.06326164006999203
2016,BHS,HRV,0.06296800740541222
2016,MLT,AUT,0.06162484451216036
2016,CYP,LTU,0.0614160267215817
2016,VCT,EST,0.061185167884622325
2016,LVA,ROU,0.060529868873822695
2016,VUT,SVN,0.06040394607333341
2016,LKA,POL,0.06035305097972346
2016,GUY,EST,0.060084246906357504
2016,BTN,DEU,0.059654401803790794
2016,SSD,BGR,0.059541844355987174
2016,XKV,LTU,0.05940454036738818
2016,URY,EST,0.059357489496244774
2016,PRY,PRT,0.05896011984632346
2016,BFA,LTU,0.058927711239961815
2016,NCL,BGR,0.05812631131654034
2016,AFG,SVK,0.056968240536708424
2016,KAZ,SVN,0.05655111079859944
2016,WSM,LTU,0.05633227319290629
2016,NER,LTU,0.053455012136795634
2016,GNQ,SVN,0.05344760285835667
2016,FIN,DNK,0.05302315464311949
2016,UZB,LTU,0.0529477084473097
2016,BRB,LTU,0.052575161679875804
2016,JOR,DNK,0.0522204278657169
2016,GUM,SVK,0.052062667198273585
2016,AFG,PRT,0.05176221255187307
2016,PAN,EST,0.05159400206694442
2016,BTN,LUX,0.05131780820396403
2016,BEN,AUT,0.050366494137703326
2016,VUT,BGR,0.049322471348450865
2016,BTN,ESP,0.04817105061588918
2016,SWE,EST,0.04799006954328755
2016,GUM,PRT,0.04730493376915823
2016,BTN,FRA,0.04703304422185541
2016,DJI,AUT,0.04683553090706956
2016,KAZ,BGR,0.046176462357288936
2016,YEM,SVN,0.04596198433213404
2016,BIH,DEU,0.045562176572048876
2016,FSM,SVN,0.04398651136098504
2016,GNQ,BGR,0.04364231200101129
2016,GEO,CZE,0.042751667436320286
2016,CUW,DNK,0.04232464361387914
2016,ABW,DNK,0.04206807692455306
2016,SSD,EST,0.04088643291179759
2016,GEO,ROU,0.04075150728677837
2016,NCL,EST,0.039914408996889146
2016,BIH,LUX,0.039194945686823864
2016,PNG,DNK,0.03893449609741902
2016,LVA,SVK,0.038474774180154
2016,VCT,LTU,0.03812437924645243
2016,TLS,HRV,0.0377341232960024
2016,YEM,BGR,0.03752997614737666
2016,GUY,LTU,0.03743839716375405
2016,URY,LTU,0.03698555579580103
2016,BIH,ESP,0.036791550119655674
2016,BHR,DNK,0.036527157045995
2016,JEY,AUT,0.035954795795563564
2016,BIH,FRA,0.03592237623311454
2016,FSM,BGR,0.03591691582014499
2016,LVA,PRT,0.03495876685387831
2016,GMB,AUT,0.03479584311387285
2016,VUT,EST,0.033868952795207054
2016,CUB,SVN,0.03328728780955961
2016,GGY,DNK,0.0331484813090964
2016,SMR,DEU,0.03282435527501902
2016,KWT,DNK,0.03245889186605486
2016,PRY,AUT,0.0324298750060539
2016,PAN,LTU,0.03214813932277864
2016,IMN,HRV,0.03193083032417453
2016,KAZ,EST,0.03170863870100449
2016,PRK,DNK,0.03138130484961784
2016,FRO,CZE,0.031366076592108855
2016,MLT,DNK,0.03019421919461172
2016,GNQ,EST,0.029968478152552568
2016,SWE,LTU,0.029902534790490494
2016,FRO,ROU,0.029898597539029483
2016,AFG,AUT,0.02847080513861458
2016,BTN,POL,0.028382230626570717
2016,SMR,LUX,0.028237211630461098
2016,CUB,BGR,0.027180530511390775
2016,SMR,ESP,0.02650573355152465
2016,GUM,AUT,0.02601916504413482
2016,GEO,SVK,0.02590299747101829
2016,SMR,FRA,0.025879554676982084
2016,YEM,EST,0.02577123481020928
2016,LKA,CZE,0.02570345911034834
2016,FIN,SVN,0.0255733710745962
2016,SSD,LTU,0.02547627028340264
2016,JOR,SVN,0.025186211353749693
2016,NCL,LTU,0.02487060375261088
2016,BEN,DNK,0.02467798460339883
2016,FSM,EST,0.024663572063692286
2016,LKA,ROU,0.024500908714051476
2016,GEO,PRT,0.023535858720465746
2016,DJI,DNK,0.022947924615453023
2016,NPL,HRV,0.02209212578528767
2016,HKG,HRV,0.021920662705577267
2016,BIH,POL,0.02167746493493886
2016,VUT,LTU,0.021103689761537685
2016,FIN,BGR,0.02088177915692364
2016,JOR,BGR,0.020565646263626523
2016,CUW,SVN,0.020413417949628237
2016,ABW,SVN,0.020289674366363943
2016,LBR,HRV,0.02013250671624256
2016,COD,HRV,0.02007856756730863
2016,KAZ,LTU,0.019757601540056572
2016,LVA,AUT,0.01922839441968582
2016,FRO,SVK,0.01900453131685132
2016,PNG,SVN,0.018778330391756852
2016,GNQ,LTU,0.018673310314052276
2016,CUB,EST,0.01866443589850436
2016,BHR,SVN,0.017617256983756185
2016,JEY,DNK,0.01761670952588813
2016,FRO,PRT,0.017267807118559547
2016,GMB,DNK,0.01704885947151197
2016,CUW,BGR,0.01666845110950429
2016,ABW,BGR,0.016567409046247393
2016,YEM,LTU,0.016058014769307023
2016,GGY,SVN,0.015987702330850322
2016,PRY,DNK,0.015889610142439028
2016,KWT,SVN,0.01565510939414708
2016,SMR,POL,0.01561709435371258
2016,LKA,SVK,0.015573582885942322
2016,FSM,LTU,0.015367831901703998
2016,PNG,BGR,0.015333330401870205
2016,PRK,SVN,0.0151353830062701
2016,MLT,SVN,0.014562844798064092
2016,GIB,HRV,0.014447042613109836
2016,PLW,DEU,0.014405745477918269
2016,BHR,BGR,0.014385263038356634
2016,FIN,EST,0.014339184011062305
2016,IOT,DEU,0.01420432948910696
2016,LKA,PRT,0.014150395026100911
2016,JOR,EST,0.014122100605722589
2016,MHL,HRV,0.01405361177214245
2016,AFG,DNK,0.013949791481141536
2016,IRN,HRV,0.013424161512028956
2016,REU,DEU,0.013122003388247375
2016,GGY,BGR,0.013054660190305835
2016,GEO,AUT,0.012945444453882704
2016,KWT,BGR,0.012783083469617304
2016,GUM,DNK,0.012748565595948218
2016,GBR,HRV,0.012735956025666986
2016,PLW,LUX,0.01239256888204944
2016,PRK,BGR,0.012358704078178621
2016,IOT,LUX,0.012219300409472557
2016,BTN,CZE,0.012087566287504351
2016,BEN,SVN,0.011902333270881386
2016,MLT,BGR,0.011891201519060205
2016,PLW,ESP,0.01163266873178704
2016,CUB,LTU,0.01162977985052682
2016,BTN,ROU,0.011522042885891424
2016,IOT,ESP,0.011470024911741854
2016,CUW,EST,0.011445958978994848
2016,ABW,EST,0.011376575009027058
2016,PLW,FRA,0.011357855306976998
2016,REU,LUX,0.011288227402643297
2016,IOT,FRA,0.011199053830098405
2016,DJI,SVN,0.011067915433036072
2016,LIE,HRV,0.010961840804539554
2016,REU,ESP,0.010596044387070968
2016,PNG,EST,0.01052915292717923
2016,REU,FRA,0.010345720466172822
2016,BHR,EST,0.009878130220821551
2016,BEN,BGR,0.009718777164327138
2016,FRO,AUT,0.00949782374837647
2016,LVA,DNK,0.009421303379578933
2016,GUF,DEU,0.009315819467317908
2016,BIH,CZE,0.009232107151607069
2016,DJI,BGR,0.009037438401296708
2016,GGY,EST,0.008964426510976608
2016,FIN,LTU,0.008934722388165603
2016,BIH,ROU,0.008800177967828436
2016,JOR,LTU,0.008799458069059882
2016,KWT,EST,0.008777939117263196
2016,JEY,SVN,0.008496639870848801
2016,PRK,EST,0.008486524571662839
2016,GMB,SVN,0.008222762538331853
2016,MLT,EST,0.008165498036018301
2016,GUF,LUX,0.008013950726703883
2016,SWZ,HRV,0.00778761419240188
2016,LKA,AUT,0.007783151445058575
2016,PRY,SVN,0.007663649949503533
2016,GUF,ESP,0.007522543140481888
2016,GUF,FRA,0.007344828474021207
2016,BTN,SVK,0.007323789170150333
2016,CHL,HRV,0.007203622701225259
2016,CPV,HRV,0.0071350051771905025
2016,CUW,LTU,0.007131958545531915
2016,MUS,HRV,0.0071000667264684075
2016,ABW,LTU,0.007088725505954993
2016,JEY,BGR,0.006937879125964171
2016,PLW,POL,0.006853931615084481
2016,IOT,POL,0.006758102390861868
2016,AFG,SVN,0.006728064302503094
2016,GMB,BGR,0.0067142462714209
2016,BEN,EST,0.0066737289516631375
2016,BTN,PRT,0.006654506583649028
2016,SMR,CZE,0.006651086227239187
2016,VGB,HRV,0.00659982243153844
2016,PNG,LTU,0.006560698176012751
2016,GEO,DNK,0.00634285717889436
2016,SMR,ROU,0.006339911519429103
2016,WLF,DEU,0.006275814301823867
2016,PRY,BGR,0.006257706319385921
2016,REU,POL,0.006243155830693668
2016,DJI,EST,0.006205864512357275
2016,BHR,LTU,0.006155046979598041
2016,GUM,SVN,0.006148706180316275
2016,BIH,SVK,0.005593682364704298
2016,GGY,LTU,0.005585719674348068
2016,AFG,BGR,0.005493759602855546
2016,KWT,LTU,0.0054695196806499305
2016,WLF,LUX,0.005398780725754022
2016,PRK,LTU,0.0052879397481514065
2016,MLT,LTU,0.005087908632503147
2016,BIH,PRT,0.0050825051428947865
2016,WLF,ESP,0.005067732795031867
2016,GUM,BGR,0.005020688284843312
2016,WLF,FRA,0.004948011255844623
2016,JEY,EST,0.0047641307134848815
2016,FRO,DNK,0.004653632384803469
2016,GMB,EST,0.0046105656064067396
2016,LVA,SVN,0.004543948562735769
2016,GUF,POL,0.004432258619683489
2016,CYP,HRV,0.004297436228931952
2016,PRY,EST,0.004297066917840227
2016,BEN,LTU,0.0041583897264288
2016,XKV,HRV,0.004156687391959796
2016,BFA,HRV,0.00412332244022657
2016,SMR,SVK,0.004029856144916953
2016,ATG,DEU,0.0040248797691226175
2016,WSM,HRV,0.003941713012056816
2016,DJI,LTU,0.0038668641502685604
2016,LKA,DNK,0.0038134973421407024
2016,AFG,EST,0.003772476917119725
2016,NER,HRV,0.0037403837082469367
2016,LVA,BGR,0.003710333303759296
2016,UZB,HRV,0.0037048863735829607
2016,BRB,HRV,0.0036788183248861648
2016,SMR,PRT,0.003661588779317345
2016,BTN,AUT,0.003660182803175857
2016,ATG,LUX,0.003462410179138268
2016,GUM,EST,0.0034476264037436163
2016,ATG,ESP,0.003250098588180856
2016,NRU,DEU,0.003180291062651173
2016,ATG,FRA,0.003173317348674945
2016,GEO,SVN,0.003059196334144949
2016,WLF,POL,0.0029858921303034
2016,JEY,LTU,0.0029685221497319546
2016,PLW,CZE,0.0029189866651917014
2016,IOT,CZE,0.002878174436043421
2016,GMB,LTU,0.002872835979640713
2016,BIH,AUT,0.0027955337765817297
2016,PLW,ROU,0.002782420277144798
2016,IOT,ROU,0.0027435174704647275
2016,NRU,LUX,0.0027358512004313283
2016,PRY,LTU,0.00267749545334334
2016,VCT,HRV,0.0026676601747939754
2016,REU,CZE,0.0026588664203186702
2016,GUY,HRV,0.0026196602566626657
2016,URY,HRV,0.0025879737897177677
2016,NRU,ESP,0.0025680914923279737
2016,LVA,EST,0.0025478265805400514
2016,REU,ROU,0.00253446990023444
2016,NRU,FRA,0.0025074221795069454
2016,GEO,BGR,0.0024979679863458863
2016,AFG,LTU,0.002350624271522302
2016,FLK,DEU,0.00228671404040576
2016,PAN,HRV,0.002249487405702086
2016,FRO,SVN,0.002244473544102497
2016,HTI,DEU,0.0021847745150668785
2016,GUM,LTU,0.0021482104415282486
2016,SWE,HRV,0.0020923567219368056
2016,SMR,AUT,0.002013986178222388
2016,FLK,LUX,0.0019671499335259007
2016,ATG,POL,0.0019149478059839943
2016,GUF,CZE,0.0018876324617921666
2016,HTI,LUX,0.0018794562705008293
2016,FLK,ESP,0.0018465262319913248
2016,LKA,SVN,0.0018392716027356482
2016,FRO,BGR,0.0018327110936916674
2016,FLK,FRA,0.0018029033790144776
2016,GUF,ROU,0.0017993185443833971
2016,BTN,DNK,0.0017933734799060162
2016,SSD,HRV,0.001782639690943807
2016,PLW,SVK,0.0017685977820402108
2016,HTI,ESP,0.0017642098582388865
2016,IOT,SVK,0.0017438698794387695
2016,NCL,HRV,0.0017402596570826876
2016,HTI,FRA,0.0017225316703350705
2016,GEO,EST,0.00171531469329232
2016,REU,SVK,0.0016109923727273914
2016,PLW,PRT,0.0016069749293687093
2016,LVA,LTU,0.0015875466255787418
2016,IOT,PRT,0.0015845067797759017
2016,NRU,POL,0.0015131113827387562
2016,LKA,BGR,0.0015018459359892287
2016,VUT,HRV,0.0014766790654906223
2016,REU,PRT,0.0014637722497823815
2016,KAZ,HRV,0.0013824898351036498
2016,BIH,DNK,0.0013697228818061054
2016,GNQ,HRV,0.0013066192090459322
2016,WLF,CZE,0.0012716466696099413
2016,FRO,EST,0.0012584934173507293
2016,WLF,ROU,0.0012121519844812245
2016,GUF,SVK,0.001143706007650939
2016,YEM,HRV,0.0011236203010523752
2016,FLK,POL,0.0010879674141278434
2016,FSM,HRV,0.0010753264432736677
2016,GEO,LTU,0.0010688098138000605
2016,HTI,POL,0.0010394668671330459
2016,GUF,PRT,0.0010391887287924065
2016,LKA,EST,0.0010312936014973296
2016,SMR,DNK,0.0009867893477307744
2016,PLW,AUT,0.0008838855184338497
2016,IOT,AUT,0.00087152734676101
2016,BTN,SVN,0.0008649542975264631
2016,ATG,CZE,0.0008155475461563218
2016,CUB,HRV,0.0008137653953213866
2016,REU,AUT,0.0008051196507317307
2016,FRO,LTU,0.0007841652148886525
2016,ATG,ROU,0.000777391708040573
2016,WLF,SVK,0.0007704836429128601
2016,BTN,BGR,0.0007062731217208063
2016,WLF,PRT,0.0007000731937033994
2016,BIH,SVN,0.0006606251884022565
2016,NRU,CZE,0.0006444114410834789
2016,LKA,LTU,0.0006425973767378618
2016,FIN,HRV,0.0006251853422627829
2016,JOR,HRV,0.0006157205524280072
2016,NRU,ROU,0.000614262299268509
2016,GRD,DEU,0.0005964810395926684
2016,GUF,AUT,0.0005715856865670743
2016,DMA,DEU,0.0005667156103313067
2016,BIH,BGR,0.0005394294420347481
2016,GRD,LUX,0.0005131239047169942
2016,CUW,HRV,0.0004990413524429368
2016,ABW,HRV,0.0004960162262587412
2016,ATG,SVK,0.0004941357213037082
2016,DMA,LUX,0.00048751813978170394
2016,BTN,EST,0.0004849864649135595
2016,GRD,ESP,0.0004816596509364504
2016,SMR,SVN,0.000475934152387376
2016,GRD,FRA,0.00047028078841413384
2016,FLK,CZE,0.0004633490020549509
2016,PNG,HRV,0.00045906880554970005
2016,DMA,ESP,0.0004576240063536962
2016,ATG,PRT,0.000448979255715548
2016,DMA,FRA,0.0004468129686321714
2016,HTI,CZE,0.0004426933466030147
2016,FLK,ROU,0.0004416709655053642
2016,PLW,DNK,0.0004330758689584737
2016,BHR,HRV,0.000430684355417735
2016,IOT,DNK,0.00042702075681517684
2016,HTI,ROU,0.0004219816961940194
2016,REU,DNK,0.0003944830920796247
2016,GGY,HRV,0.0003908470699679149
2016,NRU,SVK,0.0003904453072747175
2016,SMR,BGR,0.0003886211103886606
2016,WLF,AUT,0.0003850617370871218
2016,KWT,HRV,0.00038271625966682186
2016,BIH,EST,0.00037041757659601925
2016,PRK,HRV,0.0003700106480859286
2016,MLT,HRV,0.00035601396010092684
2016,NRU,PRT,0.0003547645634590464
2016,BTN,LTU,0.00030219428265077755
2016,BEN,HRV,0.0002909731485135924
2016,GRD,POL,0.0002837923425295328
2016,FLK,SVK,0.00028074058272243354
2016,GUF,DNK,0.00028005885686743206
2016,DJI,HRV,0.0002705743594755019
2016,DMA,POL,0.0002696306167817244
2016,HTI,SVK,0.0002682254359920589
2016,SMR,EST,0.00026685990549798143
2016,FLK,PRT,0.00025508517689696827
2016,ATG,AUT,0.00024695236680517466
2016,HTI,PRT,0.00024371372362629718
2016,BIH,LTU,0.00023080659345951963
2016,PLW,SVN,0.00020887497122477246
2016,JEY,HRV,0.00020771507558567308
2016,IOT,SVN,0.00020595455596881374
2016,GMB,HRV,0.0002010196699088785
2016,NRU,AUT,0.0001951313952471818
2016,REU,SVN,0.00019026145396868494
2016,WLF,DNK,0.00018866803778745818
2016,PRY,HRV,0.00018735119443920154
2016,PLW,BGR,0.0001705555754773855
2016,IOT,BGR,0.00016817092832846034
2016,SMR,LTU,0.0001662799759259057
2016,AFG,HRV,0.00016447918311030983
2016,REU,BGR,0.00015535682222966393
2016,GUM,HRV,0.000150315770517752
2016,FLK,AUT,0.00014030467414631048
2016,GUF,SVN,0.00013507399017661885
2016,HTI,AUT,0.00013405002593381977
2016,ATG,DNK,0.00012099882690125423
2016,GRD,CZE,0.00012086290176926592
2016,PLW,EST,0.0001171177878333214
2016,IOT,EST,0.00011548028874797381
2016,GRD,ROU,0.00011520826478845181
2016,DMA,CZE,0.00011483163520060396
2016,LVA,HRV,0.00011108469153839542
2016,GUF,BGR,0.00011029383746417815
2016,DMA,ROU,0.00010945917432578313
2016,REU,EST,0.00010668104688706207
2016,NRU,DNK,9.560819449501723e-05
2016,WLF,SVN,9.099567486561651e-05
2016,TON,DEU,8.304410979006511e-05
2016,GUF,EST,7.573701545256846e-05
2016,GEO,HRV,7.478735211062352e-05
2016,WLF,BGR,7.43019596922278e-05
2016,GRD,SVK,7.323015981850307e-05
2016,PLW,LTU,7.297590436105182e-05
2016,IOT,LTU,7.195558132682833e-05
2016,TON,LUX,7.14388472571136e-05
2016,DMA,SVK,6.957584895664501e-05
2016,FLK,DNK,6.874484014911078e-05
2016,TON,ESP,6.705828731978803e-05
2016,GRD,PRT,6.653804052962603e-05
2016,REU,LTU,6.647278794103177e-05
2016,HTI,DNK,6.568026090987448e-05
2016,TON,FRA,6.547408355492972e-05
2016,DMA,PRT,6.321767792442623e-05
2016,ATG,SVN,5.835842700728752e-05
2016,FRO,HRV,5.487004262271033e-05
2016,WLF,EST,5.102196821462557e-05
2016,ATG,BGR,4.765221531244169e-05
2016,GUF,LTU,4.7191611953292445e-05
2016,NRU,SVN,4.611237962074965e-05
2016,LKA,HRV,4.496417946294005e-05
2016,TON,POL,3.9510530739914494e-05
2016,NRU,BGR,3.765278049702428e-05
2016,GRD,AUT,3.659796389742369e-05
2016,DMA,AUT,3.47716625849083e-05
2016,FLK,SVN,3.315603001046901e-05
2016,ATG,EST,3.2722014669583686e-05
2016,WLF,LTU,3.1791705953686026e-05
2016,HTI,SVN,3.1677965896781586e-05
2016,FLK,BGR,2.707335276133042e-05
2016,HTI,BGR,2.5866448583083276e-05
2016,NRU,EST,2.5855562594433173e-05
2016,BTN,HRV,2.1145305676102982e-05
2016,ATG,LTU,2.0389034468674294e-05
2016,FLK,EST,1.859083865047018e-05
2016,GRD,DNK,1.7931841495798656e-05
2016,HTI,EST,1.7762076840207107e-05
2016,DMA,DNK,1.7037011779277176e-05
2016,TON,CZE,1.682694238014157e-05
2016,BIH,HRV,1.6150126759352228e-05
2016,NRU,LTU,1.611055927540084e-05
2016,TON,ROU,1.603968467522212e-05
2016,SMR,HRV,1.1635034547730131e-05
2016,FLK,LTU,1.1583921524194507e-05
2016,HTI,LTU,1.1067521379325626e-05
2016,TON,SVK,1.0195350779405614e-05
2016,TON,PRT,9.263651275037082e-06
2016,GRD,SVN,8.64862982426128e-06
2016,DMA,SVN,8.217048328531677e-06
2016,GRD,BGR,7.061985589362078e-06
2016,DMA,BGR,6.709580368487901e-06
2016,PLW,HRV,5.106310388035155e-06
2016,TON,AUT,5.095292440587828e-06
2016,IOT,HRV,5.034915779713074e-06
2016,GRD,EST,4.8493526384105035e-06
2016,REU,HRV,4.651270724999841e-06
2016,DMA,EST,4.60736160543387e-06
2016,GUF,HRV,3.3021176024484144e-06
2016,GRD,LTU,3.021623793452274e-06
2016,DMA,LTU,2.870839571811515e-06
2016,TON,DNK,2.49653168344138e-06
2016,WLF,HRV,2.224546852636308e-06
2016,ATG,HRV,1.4266728096207699e-06
2016,TON,SVN,1.204091525105391e-06
2016,NRU,HRV,1.1272969743276192e-06
2016,TON,BGR,9.831935429487045e-07
2016,FLK,HRV,8.105565711186739e-07
2016,HTI,HRV,7.744227342417693e-07
2016,TON,EST,6.751432923834612e-07
2016,TON,LTU,4.206806945935451e-07
2016,GRD,HRV,2.1143073320341583e-07
2016,DMA,HRV,2.0087997615480658e-07
2016,TON,HRV,2.943610250064056e-08
2017,CYM,DEU,1409.2205180926185
2017,ASM,DEU,1297.8735566895305
2017,SGP,DEU,1159.3109176208964
2017,CHE,DEU,1067.954209678117
2017,BMU,DEU,782.0882991956719
2017,NLD,DEU,766.2323873502859
2017,CYM,FRA,678.1158099666852
2017,ASM,FRA,624.5357393178546
2017,TLS,DEU,589.0806991083116
2017,LUX,DEU,580.9724082180322
2017,SGP,FRA,557.8595058846901
2017,IRL,DEU,539.4832586977597
2017,CHE,FRA,513.8987295497288
2017,PRI,DEU,487.0692656114764
2017,BMU,FRA,376.3402772423189
2017,NLD,FRA,368.7104248765959
2017,LBR,DEU,337.10606949659433
2017,TLS,FRA,283.46517119425005
2017,JEY,DEU,281.19921458482514
2017,LUX,FRA,279.563467966178
2017,CYM,POL,275.34045793722277
2017,IRL,FRA,259.5989217006663
2017,ASM,POL,253.58493923093778
2017,PRI,FRA,234.3773492647211
2017,SGP,POL,226.51188713985235
2017,HKG,DEU,223.58377092048778
2017,MHL,DEU,219.6678443673138
2017,CHE,POL,208.662162786812
2017,IRN,DEU,198.94274243213812
2017,IMN,DEU,177.32230392218634
2017,CYM,ESP,164.31737333656787
2017,LBR,FRA,162.21517670688965
2017,BMU,POL,152.80827073064734
2017,ASM,ESP,151.3341389939913
2017,NLD,POL,149.71026444102142
2017,BRB,DEU,148.33202457186107
2017,CYM,CZE,145.22994099324004
2017,JEY,FRA,135.3128418952327
2017,SGP,ESP,135.17751297128925
2017,ASM,CZE,133.75486493045716
2017,CYM,SWE,133.17649783394103
2017,CHE,ESP,124.52517425417241
2017,ASM,SWE,122.65380236241533
2017,GIB,DEU,121.9053873161381
2017,CYM,ROU,121.31033872269916
2017,SGP,CZE,119.4750246659665
2017,TLS,POL,115.09749352358043
2017,LUX,POL,113.51325564302537
2017,ASM,ROU,111.72522593862303
2017,CHE,CZE,110.06008276473419
2017,SGP,SWE,109.55912572034823
2017,HKG,FRA,107.58833551356771
2017,MHL,FRA,105.70399472212807
2017,IRL,POL,105.40690090175349
2017,CPV,DEU,103.93896992549628
2017,CHE,SWE,100.92558238113756
2017,SWZ,DEU,100.57774820266457
2017,SGP,ROU,99.797298077852
2017,CYM,AUT,96.11617155780561
2017,IRN,FRA,95.73109189749712
2017,PRI,POL,95.16599632123476
2017,CHE,ROU,91.93301208226528
2017,BMU,ESP,91.1927504540141
2017,NLD,ESP,89.3439256939145
2017,ASM,AUT,88.52172944796102
2017,IMN,FRA,85.3273538140815
2017,LIE,DEU,82.19947986092116
2017,BMU,CZE,80.59961949562378
2017,SGP,AUT,79.07103651719869
2017,NLD,CZE,78.96555789054851
2017,LAO,DEU,78.70008490116511
2017,MUS,DEU,75.73216174633677
2017,BMU,SWE,73.91020734267904
2017,CHE,AUT,72.84003370333858
2017,NLD,SWE,72.41176562797116
2017,BRB,FRA,71.3772540884442
2017,VGB,DEU,69.87639337090091
2017,TLS,ESP,68.68775462605426
2017,LUX,ESP,67.74231489945785
2017,BMU,ROU,67.32473397059289
2017,BFA,DEU,66.00449951621924
2017,NLD,ROU,65.95980491085675
2017,LBR,POL,65.8654471439573
2017,IRL,ESP,62.904613500980744
2017,WSM,DEU,62.72153680503737
2017,TLS,CZE,60.70884866731262
2017,LUX,CZE,59.873233096553584
2017,NER,DEU,58.69250405739912
2017,GIB,FRA,58.660776931543644
2017,CYM,SVK,57.10796146693937
2017,PRI,ESP,56.79305781509265
2017,UZB,DEU,56.438475056603494
2017,TLS,SWE,55.670282572239984
2017,IRL,CZE,55.59748869790947
2017,JEY,POL,54.942089986149675
2017,LUX,SWE,54.904019400278926
2017,BMU,AUT,53.342491238055544
2017,CYM,DNK,53.15997715418116
2017,ASM,SVK,52.59568116756154
2017,NLD,AUT,52.261035551333556
2017,IRL,SWE,50.98314288714298
2017,GNQ,DEU,50.837548399780786
2017,TLS,ROU,50.71000473407598
2017,PRI,CZE,50.19586345515187
2017,CPV,FRA,50.01535094984935
2017,LUX,ROU,50.01201637687175
2017,ASM,DNK,48.95963955734621
2017,SWZ,FRA,48.397933688468086
2017,SGP,SVK,46.98049905014582
2017,PYF,DEU,46.74782238531251
2017,IRL,ROU,46.440493881277355
2017,PRI,SWE,46.02982866335388
2017,SGP,DNK,43.732645887624805
2017,HKG,POL,43.68490032766623
2017,CHE,SVK,43.27831384211027
2017,MHL,POL,42.919787276474764
2017,PRI,ROU,41.928524907314156
2017,CHE,DNK,40.28639993479646
2017,VCT,DEU,40.252926666417
2017,TLS,AUT,40.17836868677019
2017,LUX,AUT,39.62534106033063
2017,LIE,FRA,39.55432535155958
2017,LBR,ESP,39.30710854995819
2017,IRN,POL,38.87041460245879
2017,LAO,FRA,37.870419236752106
2017,IRL,AUT,36.795565193544775
2017,MUS,FRA,36.44225693836367
2017,CYM,FIN,35.50416711998129
2017,LBR,CZE,34.74111677547671
2017,IMN,POL,34.6461066508608
2017,CYM,PRT,33.67930497452396
2017,VGB,FRA,33.62446578083738
2017,PRI,AUT,33.2206581532119
2017,JEY,ESP,32.78827957133645
2017,ASM,FIN,32.698870805314996
2017,LBR,SWE,31.857757645259415
2017,BFA,FRA,31.761313489437143
2017,BMU,SVK,31.69373982339019
2017,NLD,SVK,31.051186872262935
2017,ASM,PRT,31.018196778230518
2017,WSM,FRA,30.181554403189438
2017,BMU,DNK,29.5026900219046
2017,SGP,FIN,29.20789758223345
2017,LBR,ROU,29.0191995866341
2017,CYM,MLT,29.00390773144396
2017,BRB,POL,28.981842832980487
2017,JEY,CZE,28.979527914321462
2017,NLD,DNK,28.904558004496632
2017,SSD,DEU,28.761749930790106
2017,NER,FRA,28.242786999529304
2017,SGP,PRT,27.706654461500847
2017,UZB,FRA,27.15815000912291
2017,CHE,FIN,26.906239477849688
2017,ASM,MLT,26.712217429430083
2017,JEY,SWE,26.574355192294043
2017,HKG,ESP,26.070226402937504
2017,MHL,ESP,25.61362308419831
2017,CHE,PRT,25.52329820974979
2017,GNQ,FRA,24.46298848706671
2017,JEY,ROU,24.206553574747286
2017,XKV,DEU,24.150440649077492
2017,TLS,SVK,23.87220270616593
2017,SGP,MLT,23.860386969275016
2017,GIB,POL,23.818476056586864
2017,LUX,SVK,23.543618245622064
2017,IRN,ESP,23.19704294759199
2017,HKG,CZE,23.041857140838495
2017,LBR,AUT,22.992387914396424
2017,MHL,CZE,22.638293770202182
2017,VUT,DEU,22.634110946764995
2017,PYF,FRA,22.49501553092734
2017,TLS,DNK,22.221870959523418
2017,CHE,MLT,21.98012657439571
2017,LUX,DNK,21.916002181037204
2017,IRL,SVK,21.86229107100305
2017,HKG,SWE,21.129484847409607
2017,MHL,SWE,20.759415452711533
2017,IMN,ESP,20.676065129905563
2017,IRN,CZE,20.502428380448727
2017,IRL,DNK,20.35090842010522
2017,CYM,BGR,20.333306486307354
2017,CPV,POL,20.308108780267176
2017,PRI,SVK,19.738240037775636
2017,BMU,FIN,19.704079894329286
2017,SWZ,POL,19.651376695748805
2017,VCT,FRA,19.36967679612862
2017,SYC,DEU,19.351749387286233
2017,NLD,FIN,19.304603065280393
2017,HKG,ROU,19.246826621552305
2017,JEY,AUT,19.179249524082564
2017,MHL,ROU,18.909730779929365
2017,IRN,SWE,18.800817449388443
2017,ASM,BGR,18.72670775781848
2017,BMU,PRT,18.691319071389373
2017,PRI,DNK,18.373697160935134
2017,NLD,PRT,18.31237476577231
2017,IMN,CZE,18.27429235153384
2017,MNE,DEU,17.402602148403663
2017,BRB,ESP,17.29575204619718
2017,IRN,ROU,17.12564581697299
2017,IMN,SWE,16.75760686210106
2017,YEM,DEU,16.748862020024035
2017,SGP,BGR,16.72742051245001
2017,BMU,MLT,16.0965701084281
2017,LIE,POL,16.060539948524966
2017,NLD,MLT,15.770231257796024
2017,CHE,BGR,15.409256379632213
2017,LAO,POL,15.376810895227777
2017,BRB,CZE,15.286643147331315
2017,IMN,ROU,15.264487335881986
2017,HKG,AUT,15.249576490996219
2017,MHL,AUT,14.982489925366258
2017,TLS,FIN,14.841410070160729
2017,MUS,POL,14.796923425466133
2017,PAN,DEU,14.75260109400129
2017,LUX,FIN,14.637128262501879
2017,GIB,ESP,14.214363743778714
2017,TLS,PRT,14.078583348139038
2017,BRB,SWE,14.017919335886523
2017,LUX,PRT,13.884801325943185
2017,SSD,FRA,13.840131547882509
2017,LBR,SVK,13.661056009275066
2017,VGB,POL,13.652794507836472
2017,IRL,FIN,13.591842816170596
2017,IRN,AUT,13.568930139953428
2017,BFA,POL,12.896284782534345
2017,IRL,PRT,12.893242019300276
2017,CYM,CYP,12.850813231438833
2017,BRB,ROU,12.768908707482757
2017,LBR,DNK,12.71664066971594
2017,GIB,CZE,12.563195028300903
2017,PRI,FIN,12.271314803649389
2017,WSM,POL,12.254843329843096
2017,TLS,MLT,12.124179306186518
2017,CPV,ESP,12.119450651046783
2017,IMN,AUT,12.094303741673203
2017,LUX,MLT,11.95729831217454
2017,ASM,CYP,11.835429913847035
2017,SWZ,ESP,11.727526805483516
2017,PRI,PRT,11.640587210899659
2017,XKV,FRA,11.621173131915189
2017,GIB,SWE,11.520505372592364
2017,NER,POL,11.467631032309779
2017,JEY,SVK,11.395458485645168
2017,BMU,BGR,11.28456539110317
2017,IRL,MLT,11.103388332087963
2017,NLD,BGR,11.055784223760758
2017,UZB,POL,11.027227724726048
2017,VUT,FRA,10.891516466362294
2017,CPV,CZE,10.71163119992685
2017,JEY,DNK,10.607668303989685
2017,SGP,CYP,10.571864295361445
2017,GIB,ROU,10.494016825314635
2017,SWZ,CZE,10.365234006439518
2017,PNG,DEU,10.311329137741867
2017,BRB,AUT,10.117015852538566
2017,PRI,MLT,10.024628407864952
2017,GNQ,POL,9.932891039471366
2017,CPV,SWE,9.822613157719548
2017,CHE,CYP,9.738773961989926
2017,LIE,ESP,9.5845912310872
2017,SWZ,SWE,9.504965400152148
2017,KAZ,DEU,9.377606246948092
2017,SYC,FRA,9.312046653843455
2017,LAO,ESP,9.176556164416006
2017,CYM,EST,9.150968341672229
2017,PYF,POL,9.133820192003432
2017,HKG,SVK,9.060621251557048
2017,CPV,ROU,8.947408504395403
2017,MHL,SVK,8.901930273221941
2017,MUS,ESP,8.830491562882777
2017,SWZ,ROU,8.658063479621921
2017,TLS,BGR,8.49970479875618
2017,LBR,FIN,8.493113799369539
2017,LIE,CZE,8.471226083221142
2017,HKG,DNK,8.43424290349258
2017,ASM,EST,8.42792144754938
2017,LUX,BGR,8.382712204882132
2017,MNE,FRA,8.374118528564546
2017,GIB,AUT,8.314581692975738
2017,MHL,DNK,8.286522540759046
2017,VGB,ESP,8.147699575422001
2017,LAO,CZE,8.11058918005904
2017,IRN,SVK,8.062055812470856
2017,YEM,FRA,8.059539290629592
2017,LBR,PRT,8.056580199886557
2017,VCT,POL,7.864815420546035
2017,MUS,CZE,7.804724129760461
2017,IRL,BGR,7.784075169570044
2017,LIE,SWE,7.7681517626963545
2017,BFA,ESP,7.696230539972237
2017,SGP,EST,7.528145786340699
2017,IRN,DNK,7.504710232999555
2017,LAO,SWE,7.437446128415045
2017,WSM,ESP,7.313431820724631
2017,VGB,CZE,7.201246615264934
2017,IMN,SVK,7.185898281784442
2017,MUS,SWE,7.1569665253112795
2017,BMU,CYP,7.13193608411305
2017,PAN,FRA,7.098940095986168
2017,CPV,AUT,7.08917854703277
2017,JEY,FIN,7.084585968234496
2017,LIE,ROU,7.076001673786773
2017,PRI,BGR,7.027806174113543
2017,NLD,CYP,6.98734454636351
2017,LBR,MLT,6.93815709454945
2017,CHE,EST,6.934908367888049
2017,SWZ,AUT,6.859925736980878
2017,NER,ESP,6.843640138245438
2017,BFA,CZE,6.8022211193768936
2017,LAO,ROU,6.7747622421702856
2017,JEY,PRT,6.720448634552518
2017,IMN,DNK,6.689123174411982
2017,VGB,SWE,6.603574977036902
2017,UZB,ESP,6.580816740430815
2017,MUS,ROU,6.519273652135788
2017,WSM,CZE,6.463889059414214
2017,BFA,SWE,6.237666833541241
2017,NER,CZE,6.04866931155579
2017,VGB,ROU,6.015189844111708
2017,BRB,SVK,6.011081612002337
2017,GNQ,ESP,5.927739706223608
2017,WSM,SWE,5.927414839065324
2017,UZB,CZE,5.816376001474221
2017,JEY,MLT,5.787508746332877
2017,BFA,ROU,5.681884482048493
2017,HKG,FIN,5.633011630302482
2017,SSD,POL,5.61961261232442
2017,LIE,AUT,5.606432213297808
2017,BRB,DNK,5.595523863182443
2017,NER,SWE,5.546656494931239
2017,MHL,FIN,5.534353039266893
2017,PYF,ESP,5.450871091456893
2017,WSM,ROU,5.399276250480516
2017,TLS,CYP,5.371881792306399
2017,LAO,AUT,5.3677552695674695
2017,CYM,SVN,5.351071725273172
2017,HKG,PRT,5.343483089770271
2017,UZB,SWE,5.33364250280714
2017,LUX,CYP,5.297941532056577
2017,MHL,PRT,5.249895405693198
2017,JOR,DEU,5.243718154081035
2017,GNQ,CZE,5.23916169226249
2017,MUS,AUT,5.16532746819968
2017,BMU,EST,5.078598540431909
2017,KWT,DEU,5.055367076198385
2017,NER,ROU,5.05244385550348
2017,IRN,FIN,5.0122009181204685
2017,NLD,EST,4.975635983853566
2017,PNG,FRA,4.961803507897373
2017,GIB,SVK,4.94015526461756
2017,ASM,SVN,4.928266657358323
2017,IRL,CYP,4.9195981111575495
2017,LBR,BGR,4.864023012343181
2017,UZB,ROU,4.858409623056026
2017,PYF,CZE,4.817687082622503
2017,GNQ,SWE,4.804334429866219
2017,VGB,AUT,4.76593359722627
2017,IRN,PRT,4.754581138166329
2017,XKV,POL,4.718632252603692
2017,VCT,ESP,4.6935558303448
2017,HKG,MLT,4.60169503549616
2017,GIB,DNK,4.5986327345480715
2017,MHL,MLT,4.521099294110635
2017,KAZ,FRA,4.512496783899304
2017,BFA,AUT,4.501850290737159
2017,IMN,FIN,4.467491518697605
2017,PRI,CYP,4.441630023680778
2017,VUT,POL,4.422364273775488
2017,PYF,SWE,4.417840349830796
2017,SGP,SVN,4.402118612691074
2017,GNQ,ROU,4.376263428633741
2017,WSM,AUT,4.277935152464175
2017,IMN,PRT,4.237869003400385
2017,CPV,SVK,4.212075124660153
2017,VCT,CZE,4.148343065910955
2017,DJI,DEU,4.1018169513129505
2017,IRN,MLT,4.094545084506726
2017,SWZ,SVK,4.075863284025643
2017,JEY,BGR,4.057356347323898
2017,CHE,SVN,4.055220245465827
2017,PYF,ROU,4.0242063575589535
2017,NER,AUT,4.003134155876242
2017,CPV,DNK,3.920886189016841
2017,CUW,DEU,3.9010342614409117
2017,UZB,AUT,3.8493976502298612
2017,TLS,EST,3.825276994637124
2017,VCT,SWE,3.804048927882232
2017,SWZ,DNK,3.7940909375272316
2017,SYC,POL,3.7810402770700833
2017,LUX,EST,3.772624686294038
2017,BRB,FIN,3.7371049612395733
2017,IMN,MLT,3.6495634825465535
2017,BRB,PRT,3.545023244343619
2017,IRL,EST,3.503209155574405
2017,GNQ,AUT,3.467385310416287
2017,VCT,ROU,3.4651043649948345
2017,MNE,POL,3.400206272419487
2017,SSD,ESP,3.3536661867422732
2017,LIE,SVK,3.3310930888613584
2017,YEM,POL,3.272475300574415
2017,HKG,BGR,3.226036863019773
2017,LAO,SVK,3.189281846437895
2017,PYF,AUT,3.1884447172413455
2017,MHL,BGR,3.16953489348322
2017,PRI,EST,3.162851642158125
2017,LIE,DNK,3.1008081527272733
2017,LBR,CYP,3.07410166305885
2017,GIB,FIN,3.071307285503031
2017,MUS,SVK,3.0690082349010854
2017,BRB,MLT,3.0528993149514885
2017,BMU,SVN,2.969734353681822
2017,LAO,DNK,2.968800596971644
2017,SSD,CZE,2.9640976636961236
2017,GIB,PRT,2.913446593166791
2017,NLD,SVN,2.909526515046951
2017,PAN,POL,2.8824359912708286
2017,IRN,BGR,2.8704973445705284
2017,MUS,DNK,2.8568417338409904
2017,VGB,SVK,2.831706130333137
2017,XKV,ESP,2.8159801261964588
2017,VCT,AUT,2.745459036041954
2017,SSD,SWE,2.7180906594680136
2017,BFA,SVK,2.6747995552312345
2017,VUT,ESP,2.639173650135887
2017,VGB,DNK,2.6359447847391695
2017,CPV,FIN,2.6186579822924436
2017,JEY,CYP,2.5642818430914858
2017,IMN,BGR,2.5585411979298094
2017,WSM,SVK,2.541759122168756
2017,SWZ,FIN,2.533974729215593
2017,GEO,DEU,2.5336212860571394
2017,JOR,FRA,2.5232730702108404
2017,GIB,MLT,2.508998811959413
2017,BFA,DNK,2.489885465976991
2017,XKV,CZE,2.4888702835334064
2017,CPV,PRT,2.484062800615987
2017,SSD,ROU,2.475906064073076
2017,CYM,LVA,2.4543179014253567
2017,KWT,FRA,2.432638679001886
2017,SWZ,PRT,2.4037321426126073
2017,NER,SVK,2.378484571488363
2017,WSM,DNK,2.366042376493258
2017,VUT,CZE,2.3326019987860307
2017,UZB,SVK,2.2871411659175824
2017,XKV,SWE,2.282305051266083
2017,ASM,LVA,2.2603944968677765
2017,SYC,ESP,2.2564450261413396
2017,CYM,LTU,2.2426537943397338
2017,TLS,SVN,2.236848692189894
2017,NER,DNK,2.2140553126746054
2017,LUX,SVN,2.2060600075474155
2017,LBR,EST,2.18904488697357
2017,BRB,BGR,2.1402473769232313
2017,CPV,MLT,2.139222538074265
2017,VUT,SWE,2.139006343418083
2017,UZB,DNK,2.1290266541724296
2017,XKV,ROU,2.078949389274705
2017,LIE,FIN,2.070949175582379
2017,SWZ,MLT,2.070043468182573
2017,ASM,LTU,2.065454639010359
2017,GNQ,SVK,2.0601663954040847
2017,IRL,SVN,2.048518010355909
2017,HKG,CYP,2.038881243064015
2017,MNE,ESP,2.0291713309123587
2017,SGP,LVA,2.019071892514
2017,PNG,POL,2.014678363163512
2017,MHL,CYP,2.0031715438957236
2017,SYC,CZE,1.994331891672639
2017,LAO,FIN,1.9827847599534025
2017,DJI,FRA,1.9737911054825072
2017,LIE,PRT,1.9645054237006603
2017,SSD,AUT,1.9617009936757357
2017,YEM,ESP,1.9529441830948937
2017,VUT,ROU,1.948418739570718
2017,GNQ,DNK,1.917743090460245
2017,MUS,FIN,1.9080103450655816
2017,PYF,SVK,1.8944322802347195
2017,LAO,PRT,1.8808725297974012
2017,CUW,FRA,1.8771746323175038
2017,AZE,DEU,1.8634366261680064
2017,CHE,LVA,1.859963789246577
2017,PRI,SVN,1.8494923555263212
2017,SGP,LTU,1.8449440629355822
2017,KAZ,POL,1.832242977759389
2017,SYC,SWE,1.8288111599788048
2017,JEY,EST,1.8260059922003695
2017,IRN,CYP,1.8141774079517212
2017,MUS,PRT,1.8099414102252085
2017,MNE,CZE,1.7934587601394747
2017,PYF,DNK,1.7634664966236335
2017,BEN,DEU,1.7619860773377163
2017,VGB,FIN,1.7604790138451316
2017,GIB,BGR,1.7589437357795623
2017,YEM,CZE,1.7260863091635328
2017,PAN,ESP,1.720176956357053
2017,CHE,LTU,1.6995576843838645
2017,LIE,MLT,1.6917906735318708
2017,VGB,PRT,1.6699929731676697
2017,SYC,ROU,1.6658622571192145
2017,BFA,FIN,1.6629297909076808
2017,XKV,AUT,1.6471857078586576
2017,MNE,SWE,1.6446096104665828
2017,VCT,SVK,1.6312298575588833
2017,LAO,MLT,1.619767787670104
2017,IMN,CYP,1.6170186143448448
2017,YEM,SWE,1.5828287751229777
2017,WSM,FIN,1.5802182101082254
2017,BFA,PRT,1.5774576372946796
2017,MUS,MLT,1.5586834022020521
2017,VUT,AUT,1.543764132644206
2017,PAN,CZE,1.5203577856491315
2017,VCT,DNK,1.5184597687180563
2017,PRY,DEU,1.5136824387503445
2017,CPV,BGR,1.4997105876848276
2017,WSM,PRT,1.4989973105038537
2017,MNE,ROU,1.4980732498392921
2017,NER,FIN,1.4787100003089242
2017,HKG,EST,1.4518721400497017
2017,SWZ,BGR,1.4512123217418396
2017,YEM,ROU,1.4417971486953112
2017,VGB,MLT,1.4381627572942361
2017,MHL,EST,1.4264435293700115
2017,UZB,FIN,1.4219215691797427
2017,NER,PRT,1.40270647389035
2017,PAN,SWE,1.3941748097022328
2017,BMU,LVA,1.3620957746267306
2017,BFA,MLT,1.3584732760062894
2017,BRB,CYP,1.3526535553102852
2017,UZB,PRT,1.3488368848767252
2017,NLD,LVA,1.334480899746662
2017,SYC,AUT,1.3198899960451873
2017,IRN,EST,1.2918622134923368
2017,WSM,MLT,1.2909048959419909
2017,GNQ,FIN,1.2808107682103218
2017,LBR,SVN,1.2800542808890905
2017,PAN,ROU,1.269952440215987
2017,BMU,LTU,1.2446265642469216
2017,NLD,LTU,1.219393238159035
2017,GEO,FRA,1.2191765791693883
2017,GNQ,PRT,1.2149789722269781
2017,NER,MLT,1.2079812565547121
2017,PNG,ESP,1.2023175207637757
2017,MNE,AUT,1.1869480128718004
2017,LIE,BGR,1.1860366745790667
2017,PYF,FIN,1.1777734408166303
2017,SSD,SVK,1.1655556285771842
2017,UZB,MLT,1.1615899016718294
2017,IMN,EST,1.1514669057335292
2017,YEM,AUT,1.1423595346834432
2017,LAO,BGR,1.1355447399813032
2017,PYF,PRT,1.117237612421948
2017,GIB,CYP,1.111666587445289
2017,KAZ,ESP,1.0934439336497281
2017,MUS,BGR,1.0927212851989292
2017,SSD,DNK,1.084978503793389
2017,JEY,SVN,1.0677655817632554
2017,PNG,CZE,1.062653930318169
2017,GNQ,MLT,1.0463142880404401
2017,TLS,LVA,1.0259510748272196
2017,JOR,POL,1.0245435255176358
2017,VCT,FIN,1.0141398149433503
2017,LUX,LVA,1.0118295635190306
2017,VGB,BGR,1.0082298010331145
2017,PAN,AUT,1.0062041529129264
2017,BHR,DEU,0.9993405906513992
2017,KWT,POL,0.9877425625942658
2017,XKV,SVK,0.9786846105986652
2017,PNG,SWE,0.9744583512282352
2017,KAZ,CZE,0.9664273152547167
2017,BRB,EST,0.9632145171647551
2017,PYF,MLT,0.962141488647004
2017,VCT,PRT,0.9620145150528566
2017,BFA,BGR,0.9523631687928662
2017,CPV,CYP,0.9478291529480156
2017,IRL,LVA,0.939571488168026
2017,TLS,LTU,0.9374714943944144
2017,LUX,LTU,0.9245678436901884
2017,VUT,SVK,0.9172361026475864
2017,SWZ,CYP,0.9171778588212249
2017,XKV,DNK,0.9110262422988578
2017,WSM,BGR,0.9049940834491967
2017,AZE,FRA,0.8966842455471935
2017,PNG,ROU,0.8876331378383264
2017,KAZ,SWE,0.8862181198756531
2017,IRL,LTU,0.8585414146104409
2017,VUT,DNK,0.8538257890708264
2017,HKG,SVN,0.8489890541914065
2017,PRI,LVA,0.8482865545006074
2017,BEN,FRA,0.8478663208800652
2017,NER,BGR,0.8468601316302287
2017,MHL,SVN,0.8341195546433177
2017,VCT,MLT,0.8284666281566354
2017,UZB,BGR,0.8143372851957785
2017,KAZ,ROU,0.8072551993247417
2017,DJI,POL,0.8014332343654843
2017,GIB,EST,0.7916094931112502
2017,SYC,SVK,0.7842200309592543
2017,PRI,LTU,0.7751290324017648
2017,CUW,POL,0.7622033217538932
2017,IRN,SVN,0.7554224979762545
2017,LIE,CYP,0.7495847171199718
2017,GNQ,BGR,0.7335228513592283
2017,SYC,DNK,0.7300053768121217
2017,PRY,FRA,0.7283828043994429
2017,SSD,FIN,0.7246289442251566
2017,LAO,CYP,0.7176734083691381
2017,MNE,SVK,0.7052318073403151
2017,PNG,AUT,0.7032862974019368
2017,MUS,CYP,0.6906086405359358
2017,SSD,PRT,0.6873840787041455
2017,YEM,SVK,0.6787393133824304
2017,CPV,EST,0.6749420768735401
2017,PYF,BGR,0.6745131708801492
2017,IMN,SVN,0.6733256822449593
2017,MNE,DNK,0.6564777625325782
2017,SWZ,EST,0.6531155187301734
2017,KAZ,AUT,0.6396015380567808
2017,VGB,CYP,0.6372093430142498
2017,YEM,DNK,0.6318167461456818
2017,JOR,ESP,0.6114259496889065
2017,XKV,FIN,0.6084507497709333
2017,BFA,CYP,0.60190118212697
2017,PAN,SVK,0.5978418309958088
2017,SSD,MLT,0.591960683567534
2017,KWT,ESP,0.5894639118208527
2017,LBR,LVA,0.5871085826684327
2017,VCT,BGR,0.5807998708299519
2017,XKV,PRT,0.5771772731426863
2017,WSM,CYP,0.5719635392204654
2017,VUT,FIN,0.5702480536927058
2017,URY,DEU,0.5678745342383784
2017,BRB,SVN,0.5632442136971811
2017,PAN,DNK,0.5565118638659455
2017,VUT,PRT,0.5409381396426761
2017,JOR,CZE,0.5404014973704201
2017,LBR,LTU,0.5364754459257763
2017,NER,CYP,0.5352224141243525
2017,LIE,EST,0.5337736913789216
2017,KWT,CZE,0.5209906134273347
2017,UZB,CYP,0.514667713610428
2017,LAO,EST,0.5110498862110279
2017,XKV,MLT,0.4970529049687884
2017,JOR,SWE,0.4955505617630193
2017,GEO,POL,0.4950314277900819
2017,MUS,EST,0.4917772667155991
2017,JEY,LVA,0.4897404326445718
2017,SYC,FIN,0.48755161842246864
2017,BHR,FRA,0.480881909794632
2017,DJI,ESP,0.47827843740127496
2017,KWT,SWE,0.47775069538752085
2017,FRO,DEU,0.468544035419961
2017,VUT,MLT,0.46584452685359756
2017,GNQ,CYP,0.4635923414697811
2017,GIB,SVN,0.46289736975216855
2017,SYC,PRT,0.4624921799230678
2017,CUW,ESP,0.45486685363021334
2017,VGB,EST,0.4537520248660782
2017,CYM,HRV,0.4533255249803732
2017,JOR,ROU,0.4513965112422025
2017,JEY,LTU,0.4475044731874702
2017,MNE,FIN,0.4384444358188524
2017,KWT,ROU,0.4351826307576522
2017,BFA,EST,0.42860934660415223
2017,PYF,CYP,0.42629774881736665
2017,DJI,CZE,0.4227206644780769
2017,YEM,FIN,0.42197398391084034
2017,PNG,SVK,0.41786149116542304
2017,ASM,HRV,0.4175068443090583
2017,MNE,PRT,0.41590903452050926
2017,SSD,BGR,0.4149964245601823
2017,WSM,EST,0.40729097417683474
2017,CUW,CZE,0.4020286167621893
2017,YEM,PRT,0.40028513969702006
2017,SYC,MLT,0.39828851940827914
2017,CPV,SVN,0.394675550051697
2017,HKG,LVA,0.3893965808708683
2017,PNG,DNK,0.3889739145535021
2017,DJI,SWE,0.38763671782974235
2017,MHL,LVA,0.38257654914642947
2017,SWZ,SVN,0.38191236764518266
2017,NER,EST,0.38112789277982156
2017,KAZ,SVK,0.3800228348418387
2017,SGP,HRV,0.37293328020606525
2017,PAN,FIN,0.37167981020087315
2017,CUW,SWE,0.3686620186116041
2017,VCT,CYP,0.36707018948962755
2017,UZB,EST,0.3664910437113664
2017,AZE,POL,0.36408744224115175
2017,MNE,MLT,0.3581720962184819
2017,JOR,AUT,0.3576488613581963
2017,HKG,LTU,0.3558144277421475
2017,KAZ,DNK,0.35375111804602843
2017,DJI,ROU,0.35309789869918695
2017,PAN,PRT,0.3525760127910018
2017,MHL,LTU,0.3495825659220274
2017,XKV,BGR,0.3484609436156352
2017,GUM,DEU,0.3468805572687709
2017,IRN,LVA,0.3464814256116017
2017,KWT,AUT,0.3448023378493209
2017,YEM,MLT,0.3447171272335505
2017,BEN,POL,0.3442655334523678
2017,CHE,HRV,0.34354517021410075
2017,CUW,ROU,0.3358138641529124
2017,GNQ,EST,0.3301206518084832
2017,VUT,BGR,0.32658218427629315
2017,IRN,LTU,0.31660034071577703
2017,LIE,SVN,0.3121266734827856
2017,IMN,LVA,0.3088269715425805
2017,PAN,MLT,0.3036310325004016
2017,PYF,EST,0.30356345028890325
2017,LAO,SVN,0.2988388216637821
2017,PRY,POL,0.2957507434117987
2017,GEO,ESP,0.2954243068487344
2017,MUS,SVN,0.28756906687900136
2017,IMN,LTU,0.28219326401123146
2017,DJI,AUT,0.27976525797731766
2017,SYC,BGR,0.27922177280705784
2017,URY,FRA,0.2732607812620587
2017,CUW,AUT,0.26607083384865177
2017,VGB,SVN,0.26533362808056893
2017,SSD,CYP,0.26228107796088757
2017,VCT,EST,0.26138794663776416
2017,GEO,CZE,0.2611072327923002
2017,PNG,FIN,0.2597855681458783
2017,BRB,LVA,0.2583371009628301
2017,BMU,HRV,0.251586309070887
2017,MNE,BGR,0.2510979925425029
2017,BFA,SVN,0.2506313288569606
2017,NLD,HRV,0.24648569531380027
2017,PNG,PRT,0.24643297075516976
2017,YEM,BGR,0.24166533227246045
2017,GEO,SWE,0.23943648661269293
2017,WSM,SVN,0.2381653104351533
2017,KAZ,FIN,0.2362611777947044
2017,BRB,LTU,0.23605771662935407
2017,FRO,FRA,0.22546302300076507
2017,KAZ,PRT,0.22411769958433744
2017,NER,SVN,0.222866325684869
2017,XKV,CYP,0.2202301188875011
2017,GEO,ROU,0.21810245625903657
2017,AZE,ESP,0.21727970027396282
2017,UZB,SVN,0.2143073594342013
2017,PAN,BGR,0.2128617598618064
2017,JOR,SVK,0.212499073382828
2017,GIB,LVA,0.21231210483306726
2017,PNG,MLT,0.21222288141561027
2017,VUT,CYP,0.2064025670235277
2017,BEN,ESP,0.2054504035149932
2017,KWT,SVK,0.20486623951482724
2017,JOR,DNK,0.19780859964429792
2017,BHR,POL,0.195256095360887
2017,GIB,LTU,0.1940019861370084
2017,GNQ,SVN,0.19303960191586872
2017,KAZ,MLT,0.19300544012546023
2017,AZE,CZE,0.19204005887546646
2017,KWT,DNK,0.19070343840895104
2017,TLS,HRV,0.18949860135483032
2017,LUX,HRV,0.1868902833681574
2017,SSD,EST,0.18676840117541876
2017,BEN,CZE,0.18158487671540477
2017,CPV,LVA,0.18102154437059603
2017,PYF,SVN,0.17751015357249947
2017,PRY,ESP,0.17649780088200498
2017,SYC,CYP,0.17647040607542577
2017,AZE,SWE,0.17610158284130203
2017,SWZ,LVA,0.1751675942335576
2017,IRL,HRV,0.17354383386235298
2017,GEO,AUT,0.17280615422970375
2017,GUM,FRA,0.16691865256999328
2017,BEN,SWE,0.1665141345866909
2017,DJI,SVK,0.16622409437883537
2017,CPV,LTU,0.16540997117944153
2017,AZE,ROU,0.16041075573799413
2017,SWZ,LTU,0.16006087460190346
2017,MNE,CYP,0.1586959507606839
2017,CUW,SVK,0.1580874756103544
2017,XKV,EST,0.15682422657049153
2017,PRI,HRV,0.15668302277771376
2017,PRY,CZE,0.15599546589043356
2017,DJI,DNK,0.15473269983150953
2017,VCT,SVN,0.1528478296893502
2017,YEM,CYP,0.15273443360716252
2017,BEN,ROU,0.15167755870871458
2017,PNG,BGR,0.14877970689972378
2017,CUW,DNK,0.14715858132449305
2017,VUT,EST,0.14697772992695698
2017,LIE,LVA,0.14315974847114213
2017,PRY,SWE,0.1430485317502742
2017,LAO,LVA,0.13706515391789817
2017,KAZ,BGR,0.1353072421803711
2017,PAN,CYP,0.13453034418880833
2017,JOR,FIN,0.1321112226811453
2017,MUS,LVA,0.13189617799437894
2017,LIE,LTU,0.1308134341191388
2017,PRY,ROU,0.13030276454670323
2017,KWT,FIN,0.12736587015432754
2017,AZE,AUT,0.12709607343092283
2017,SYC,EST,0.12566326116136817
2017,JOR,PRT,0.1253208994932729
2017,LAO,LTU,0.1252444466656972
2017,VGB,LVA,0.12169769098264772
2017,KWT,PRT,0.12081945113026148
2017,MUS,LTU,0.12052125108414728
2017,BEN,AUT,0.12017661814992553
2017,BHR,ESP,0.11652471619325362
2017,BFA,LVA,0.11495434721355031
2017,MNE,EST,0.11300620398169121
2017,VGB,LTU,0.11120229709693123
2017,URY,POL,0.11095412839980077
2017,WSM,LVA,0.10923669405116854
2017,SSD,SVN,0.1092136999483521
2017,YEM,EST,0.1087610520401201
2017,LBR,HRV,0.10844206706233184
2017,JOR,MLT,0.10792371779862792
2017,SMR,DEU,0.10534883207796118
2017,BFA,LTU,0.10504050954629622
2017,KWT,MLT,0.10404716532590315
2017,DJI,FIN,0.10334194873354503
2017,PRY,AUT,0.10324101806570747
2017,BHR,CZE,0.10298897379729582
2017,GEO,SVK,0.10267374404383954
2017,NER,LVA,0.10221967501759549
2017,WSM,LTU,0.0998159554851099
2017,UZB,LVA,0.09829402700441421
2017,CUW,FIN,0.09828339183312121
2017,DJI,PRT,0.0980303240545505
2017,PAN,EST,0.0957980556167663
2017,GEO,DNK,0.09557570866654991
2017,BHR,SWE,0.09444134420239005
2017,PNG,CYP,0.09402997133221205
2017,NER,LTU,0.09340409484087245
2017,CUW,PRT,0.09323176956361934
2017,XKV,SVN,0.09170370318272145
2017,FRO,POL,0.09154644544269079
2017,JEY,HRV,0.0904576536738705
2017,UZB,LTU,0.08981700068045813
2017,GNQ,LVA,0.08853937584661224
2017,BHR,ROU,0.0860265260083985
2017,VUT,SVN,0.0859459180156288
2017,KAZ,CYP,0.08551526527630625
2017,ALB,DEU,0.08548899816089127
2017,IOT,DEU,0.08453969750743218
2017,DJI,MLT,0.08442164931587702
2017,PYF,LVA,0.08141665258196645
2017,GNQ,LTU,0.08090360546837076
2017,CUW,MLT,0.08028923530660484
2017,JOR,BGR,0.07566035761319789
2017,AZE,SVK,0.07551484361533539
2017,PYF,LTU,0.074395156686649
2017,SYC,SVN,0.07348218227835508
2017,KWT,BGR,0.07294268486826942
2017,HKG,HRV,0.07192361240014257
2017,BEN,SVK,0.07140361051943798
2017,MHL,HRV,0.07066391639251923
2017,PLW,DEU,0.0704175866824324
2017,AZE,DNK,0.07029435578289323
2017,VCT,LVA,0.07010505256896657
2017,BHR,AUT,0.06816022788664489
2017,GUM,POL,0.06777523479233444
2017,PNG,EST,0.06695804190230834
2017,BEN,DNK,0.06646734021729746
2017,URY,ESP,0.06621508177944686
2017,MNE,SVN,0.06608090863489732
2017,VCT,LTU,0.06405908625564453
2017,IRN,HRV,0.06399695576115423
2017,GEO,FIN,0.06383253181742456
2017,YEM,SVN,0.0635985360950882
2017,PRY,SVK,0.06134122891024792
2017,KAZ,EST,0.06089478316895307
2017,GEO,PRT,0.06055163325223156
2017,DJI,BGR,0.05918413772080454
2017,URY,CZE,0.0585234064081254
2017,PRY,DNK,0.05710059059569056
2017,IMN,HRV,0.057041978515225716
2017,CUW,BGR,0.05628709221380388
2017,PAN,SVN,0.05601836304171383
2017,FRO,ESP,0.054632986253230084
2017,URY,SWE,0.05366622236050723
2017,GEO,MLT,0.05214579057271005
2017,SMR,FRA,0.05069377551377362
2017,SSD,LVA,0.050091860589002744
2017,URY,ROU,0.04888450829093385
2017,FRO,CZE,0.04828671009479529
2017,JOR,CYP,0.0478179545154563
2017,BRB,HRV,0.04771623180838552
2017,AZE,FIN,0.04694777328569577
2017,KWT,CYP,0.046100363483581284
2017,SSD,LTU,0.04577186237782104
2017,AZE,PRT,0.04453472655816493
2017,BEN,FIN,0.044391809053100265
2017,FRO,SWE,0.044279126593096726
2017,BEN,PRT,0.04211013514041236
2017,XKV,LVA,0.042060740708322476
2017,ALB,FRA,0.04113723898199953
2017,IOT,FRA,0.04068043625080341
2017,BHR,SVK,0.04049778101479338
2017,GUM,ESP,0.04044682950619884
2017,FRO,ROU,0.04033381214192636
2017,VUT,LVA,0.039419879973562756
2017,GIB,HRV,0.03921517107757011
2017,PNG,SVN,0.03915402954367821
2017,URY,AUT,0.03873199790621955
2017,XKV,LTU,0.03843335848525485
2017,AZE,MLT,0.03835236804664374
2017,PRY,FIN,0.03813600042150463
2017,BHR,DNK,0.03769809074322799
2017,DJI,CYP,0.03740485103226987
2017,GEO,BGR,0.03655701678212873
2017,BEN,MLT,0.036264361010271105
2017,PRY,PRT,0.036175865902275686
2017,VUT,LTU,0.036020249595126085
2017,GUM,CZE,0.035748445482493924
2017,KAZ,SVN,0.03560851051665641
2017,CUW,CYP,0.03557389497214678
2017,WLF,DEU,0.03432267273014995
2017,JOR,EST,0.034050809085291615
2017,PLW,FRA,0.03388488757862277
2017,SYC,LVA,0.03370327378528293
2017,CPV,HRV,0.03343563871122834
2017,KWT,EST,0.03282772531047058
2017,GUM,SWE,0.03278148252217297
2017,SWZ,HRV,0.03235438309330668
2017,FRO,AUT,0.03195714106672671
2017,PRY,MLT,0.031153893393238714
2017,SYC,LTU,0.030796652215403484
2017,MNE,LVA,0.030308612055990045
2017,GUM,ROU,0.029860619653444182
2017,YEM,LVA,0.029170049226849647
2017,MNE,LTU,0.027694751274503677
2017,AZE,BGR,0.026887082292108924
2017,YEM,LTU,0.02665437983469019
2017,DJI,EST,0.026635715690262428
2017,LIE,HRV,0.02644236433024788
2017,PAN,LVA,0.02569333364986883
2017,BEN,BGR,0.025423276538441345
2017,CUW,EST,0.025331905523588383
2017,LAO,HRV,0.025316660413168792
2017,BHR,FIN,0.025177575038640033
2017,MUS,HRV,0.024361923163043444
2017,BHR,PRT,0.023883484588717384
2017,GUM,AUT,0.02365905883746232
2017,PAN,LTU,0.023477501494672422
2017,GEO,CYP,0.02310432861876502
2017,URY,SVK,0.02301283340895129
2017,VGB,HRV,0.022478208557077523
2017,PRY,BGR,0.021840562605283522
2017,ATG,DEU,0.021667936764371558
2017,URY,DNK,0.0214219115312153
2017,BFA,HRV,0.021232677221273845
2017,SMR,POL,0.020583574603893887
2017,BHR,MLT,0.02056795363920107
2017,WSM,HRV,0.020176596376984227
2017,JOR,SVN,0.01991137056930113
2017,KWT,SVN,0.0191961665864307
2017,FRO,SVK,0.01898751428665248
2017,NER,HRV,0.01888051576927469
2017,UZB,HRV,0.018155427774182428
2017,NRU,DEU,0.01799345807883511
2017,PNG,LVA,0.017958353121697503
2017,FRO,DNK,0.01767487053932886
2017,AZE,CYP,0.01699285224992282
2017,ALB,POL,0.01670326226449902
2017,IOT,POL,0.016517783218964462
2017,WLF,FRA,0.016516043245048326
2017,GEO,EST,0.016452420242842332
2017,PNG,LTU,0.0164095974466381
2017,GNQ,HRV,0.016353692002894254
2017,KAZ,LVA,0.016332168449799917
2017,BEN,CYP,0.01606771524084094
2017,DJI,SVN,0.015575359873503038
2017,PYF,HRV,0.015038087263442912
2017,KAZ,LTU,0.014923657413111779
2017,CUW,SVN,0.014812950753777216
2017,BHR,BGR,0.014419246848197556
2017,URY,FIN,0.014307137958841313
2017,GUM,SVK,0.014057162270776326
2017,PRY,CYP,0.01380341122084846
2017,PLW,POL,0.013758535527298305
2017,URY,PRT,0.013571772040167737
2017,GUM,DNK,0.013085363335893144
2017,VCT,HRV,0.012948774786325277
2017,SMR,ESP,0.012283842839980587
2017,AZE,EST,0.012100483461492721
2017,FRO,FIN,0.01180458666549688
2017,URY,MLT,0.011687724087625114
2017,BEN,EST,0.011441700291171152
2017,FRO,PRT,0.011197848214885198
2017,FLK,DEU,0.011057587323664094
2017,SMR,CZE,0.010856927265789003
2017,ATG,FRA,0.010426594206253985
2017,ALB,ESP,0.009968154342505179
2017,SMR,SWE,0.009955850292350566
2017,IOT,ESP,0.009857464363271685
2017,PRY,EST,0.009829306271454131
2017,FRO,MLT,0.009643350914186593
2017,GEO,SVN,0.009620630023696234
2017,SSD,HRV,0.009252232151982268
2017,JOR,LVA,0.00913253189998215
2017,BHR,CYP,0.00911307997589974
2017,SMR,ROU,0.009068774077115933
2017,ALB,CZE,0.008810233742041962
2017,KWT,LVA,0.008804497063513946
2017,GUM,FIN,0.008739374085052353
2017,IOT,CZE,0.008712401730574153
2017,NRU,FRA,0.008658437939681584
2017,JOR,LTU,0.008344928464861512
2017,GUM,PRT,0.008290183067870951
2017,PLW,ESP,0.008210803583826972
2017,URY,BGR,0.008193726107583607
2017,ALB,SWE,0.00807902328431146
2017,KWT,LTU,0.008045183851397303
2017,IOT,SWE,0.007989310897359934
2017,XKV,HRV,0.007768841742787383
2017,ALB,ROU,0.007359174232006411
2017,VUT,HRV,0.007281060767759762
2017,IOT,ROU,0.007277455308429659
2017,PLW,CZE,0.007257020336758883
2017,SMR,AUT,0.007185338481393211
2017,DJI,LVA,0.0071437810071082915
2017,GUM,MLT,0.007139330961823292
2017,AZE,SVN,0.007075814547195444
2017,CUW,LVA,0.006794095103644251
2017,FRO,BGR,0.006760510049498985
2017,WLF,POL,0.006706133146528458
2017,BEN,SVN,0.006690587993657901
2017,PLW,SWE,0.006654719726176995
2017,DJI,LTU,0.006527690472460494
2017,BHR,EST,0.006489356342878585
2017,SYC,HRV,0.006225173305136038
2017,CUW,LTU,0.006208162012933998
2017,PLW,ROU,0.006061777544967218
2017,ALB,AUT,0.00583079447683511
2017,IOT,AUT,0.005766047233024532
2017,PRY,SVN,0.005747733016265352
2017,MNE,HRV,0.005598161291057193
2017,YEM,HRV,0.005387862701806199
2017,FLK,FRA,0.00532090236268545
2017,URY,CYP,0.0051785007986295106
2017,GUM,BGR,0.005005056763318746
2017,PLW,AUT,0.004802845796920541
2017,PAN,HRV,0.004745694907150523
2017,GEO,LVA,0.004412589795540916
2017,FRO,CYP,0.004272696723175903
2017,SMR,SVK,0.004269209088041298
2017,ATG,POL,0.004233588394903529
2017,HTI,DEU,0.00403918840413486
2017,GEO,LTU,0.004032041343172182
2017,WLF,ESP,0.004002078706987873
2017,SMR,DNK,0.0039740703705223885
2017,BHR,SVN,0.0037946816058216344
2017,URY,EST,0.00368757183005742
2017,WLF,CZE,0.003537189298149544
2017,NRU,POL,0.0035156506193979955
2017,ALB,SVK,0.003464399183902999
2017,IOT,SVK,0.003425929246485639
2017,PNG,HRV,0.003317003005987338
2017,AZE,LVA,0.0032453869433905196
2017,WLF,SWE,0.0032436182214325825
2017,ALB,DNK,0.00322489853846148
2017,IOT,DNK,0.0031890881025485552
2017,GUM,CYP,0.0031632361279495813
2017,BEN,LVA,0.0030686992675393204
2017,FRO,EST,0.0030425554977092785
2017,KAZ,HRV,0.003016638077843807
2017,AZE,LTU,0.0029654998394741307
2017,WLF,ROU,0.00295460859482688
2017,PLW,SVK,0.00285363772044576
2017,BEN,LTU,0.0028040499774042503
2017,PLW,DNK,0.0026563602014235293
2017,SMR,FIN,0.0026541783148696344
2017,PRY,LVA,0.002636250224007877
2017,ATG,ESP,0.0025265161903570746
2017,SMR,PRT,0.002517757440166916
2017,PRY,LTU,0.002408895996833459
2017,WLF,AUT,0.002340984862268866
2017,GRD,DEU,0.002262038910477807
2017,GUM,EST,0.002252516875218757
2017,ATG,CZE,0.0022330310532195337
2017,SMR,MLT,0.0021682396516197688
2017,FLK,POL,0.0021604859695765516
2017,URY,SVN,0.002156324950319764
2017,ALB,FIN,0.002153825919120326
2017,IOT,FIN,0.0021299090596829276
2017,NRU,ESP,0.0020980660803588385
2017,ATG,SWE,0.0020476993462116514
2017,ALB,PRT,0.002043122424107327
2017,IOT,PRT,0.0020204348561859934
2017,HTI,FRA,0.001943654297614999
2017,ATG,ROU,0.0018652472871071146
2017,NRU,CZE,0.0018543505586978782
2017,FRO,SVN,0.0017791486199581169
2017,PLW,FIN,0.001774113940054436
2017,ALB,MLT,0.0017594939776126013
2017,BHR,LVA,0.0017404653634879301
2017,IOT,MLT,0.001739955922206203
2017,NRU,SWE,0.0017004476588976256
2017,JOR,HRV,0.0016868270469587836
2017,PLW,PRT,0.001682927084156851
2017,KWT,HRV,0.0016262372739846152
2017,BHR,LTU,0.0015903649845345027
2017,NRU,ROU,0.0015489360723264138
2017,SMR,BGR,0.0015200531521603396
2017,ATG,AUT,0.001477866026366742
2017,PLW,MLT,0.001449301341121968
2017,WLF,SVK,0.0013909092626388727
2017,DJI,HRV,0.0013194942160962258
2017,GUM,SVN,0.0013171698241807226
2017,WLF,DNK,0.001294753003365858
2017,FLK,ESP,0.0012893324225249447
2017,CUW,HRV,0.0012549053762910766
2017,ALB,BGR,0.0012335003489485968
2017,NRU,AUT,0.0012272474615713993
2017,IOT,BGR,0.0012198031164100292
2017,FLK,CZE,0.0011395610083203393
2017,GRD,FRA,0.001088491352674161
2017,FLK,SWE,0.0010449824816997026
2017,PLW,BGR,0.0010160385501468473
2017,URY,LVA,0.0009890181254465934
2017,SMR,CYP,0.0009606858173030901
2017,FLK,ROU,0.0009518734977724435
2017,URY,LTU,0.0009037236987170426
2017,ATG,SVK,0.0008780823738520695
2017,WLF,FIN,0.0008647318804760535
2017,WLF,PRT,0.0008202859294045018
2017,ATG,DNK,0.0008173788336060331
2017,FRO,LVA,0.0008160227579525689
2017,GEO,HRV,0.0008150287232248587
2017,HTI,POL,0.0007891965598077662
2017,ALB,CYP,0.0007795821410515596
2017,IOT,CYP,0.0007709253799261984
2017,FLK,AUT,0.0007541849884894049
2017,FRO,LTU,0.0007456477147182478
2017,NRU,SVK,0.0007291759504140069
2017,WLF,MLT,0.0007064129567948783
2017,SMR,EST,0.0006840972117567525
2017,NRU,DNK,0.0006787666004822707
2017,PLW,CYP,0.0006421445352565601
2017,GUM,LVA,0.0006041319654594996
2017,AZE,HRV,0.0005994401699236028
2017,BEN,HRV,0.0005668050196986501
2017,ALB,EST,0.0005551346334287305
2017,GUM,LTU,0.0005520307063045204
2017,IOT,EST,0.000548970218338968
2017,ATG,FIN,0.0005459060793896796
2017,ATG,PRT,0.0005178473071366444
2017,WLF,BGR,0.00049523365228599
2017,PRY,HRV,0.00048692938925472897
2017,HTI,ESP,0.0004709758483202432
2017,PLW,EST,0.0004572663384862436
2017,NRU,FIN,0.0004533305714012832
2017,FLK,SVK,0.00044810323344697685
2017,ATG,MLT,0.00044595918848471585
2017,GRD,POL,0.00044196832325843363
2017,NRU,PRT,0.0004300300445551494
2017,FLK,DNK,0.0004171249864442529
2017,HTI,CZE,0.00041626635864418427
2017,SMR,SVN,0.00040002905818170846
2017,HTI,SWE,0.00038171809085084
2017,NRU,MLT,0.00037033281249304
2017,HTI,ROU,0.00034770662730174243
2017,ALB,SVN,0.0003246175846913193
2017,BHR,HRV,0.0003214731776006311
2017,IOT,SVN,0.0003210129140096975
2017,WLF,CYP,0.0003129916511973231
2017,ATG,BGR,0.00031264148761630313
2017,FLK,FIN,0.0002785869374187996
2017,HTI,AUT,0.0002754936652012396
2017,PLW,SVN,0.00026738863947875865
2017,FLK,PRT,0.0002642679772078347
2017,GRD,ESP,0.0002637573661345145
2017,NRU,BGR,0.00025962331173028764
2017,GRD,CZE,0.00023311878678700427
2017,FLK,MLT,0.00022758201314157948
2017,WLF,EST,0.00022287902249698598
2017,GRD,SWE,0.00021377095791174023
2017,ATG,CYP,0.00019759193461534974
2017,GRD,ROU,0.00019472375182657753
2017,SMR,LVA,0.00018347697975129864
2017,URY,HRV,0.00018267688984902964
2017,SMR,LTU,0.0001676536460799468
2017,NRU,CYP,0.0001640840210528619
2017,HTI,SVK,0.00016368610361510618
2017,FLK,BGR,0.00015954728813875535
2017,GRD,AUT,0.00015428282316254716
2017,HTI,DNK,0.00015237016529951657
2017,FRO,HRV,0.00015072372854793797
2017,ALB,LVA,0.00014888881893742405
2017,IOT,LVA,0.00014723550381909686
2017,ATG,EST,0.0001407037442433038
2017,ALB,LTU,0.00013604842083857929
2017,IOT,LTU,0.0001345376901295695
2017,WLF,SVN,0.0001303295553989649
2017,PLW,LVA,0.00012264024072242957
2017,NRU,EST,0.00011684300868645502
2017,PLW,LTU,0.00011206355991420852
2017,GUM,HRV,0.00011158637609264143
2017,HTI,FIN,0.0001017640733216101
2017,FLK,CYP,0.00010083516927433331
2017,HTI,PRT,9.653354912582808e-05
2017,GRD,SVK,9.166800318173762e-05
2017,GRD,DNK,8.533081604973186e-05
2017,HTI,MLT,8.313265828829371e-05
2017,ATG,SVN,8.227717541451188e-05
2017,FLK,EST,7.180397264658326e-05
2017,NRU,SVN,6.832449820973622e-05
2017,WLF,LVA,5.9776840476597795e-05
2017,HTI,BGR,5.828048536248672e-05
2017,GRD,FIN,5.699023430215632e-05
2017,WLF,LTU,5.4621594875964424e-05
2017,GRD,PRT,5.406101979932632e-05
2017,GRD,MLT,4.655621104157267e-05
2017,FLK,SVN,4.198771031057975e-05
2017,ATG,LVA,3.773717768439032e-05
2017,HTI,CYP,3.683373547412335e-05
2017,ATG,LTU,3.448266610956168e-05
2017,SMR,HRV,3.3889170640554184e-05
2017,GRD,BGR,3.263841950935537e-05
2017,NRU,LVA,3.133765489818767e-05
2017,NRU,LTU,2.8635047897550095e-05
2017,ALB,HRV,2.750055401108283e-05
2017,IOT,HRV,2.719517794568462e-05
2017,HTI,EST,2.6229028557089452e-05
2017,PLW,HRV,2.2652302489798532e-05
2017,GRD,CYP,2.06277436267694e-05
2017,FLK,LVA,1.9258046676594895e-05
2017,FLK,LTU,1.75972034534544e-05
2017,HTI,SVN,1.5337547661931483e-05
2017,GRD,EST,1.4688862524816497e-05
2017,WLF,HRV,1.1041099270385553e-05
2017,GRD,SVN,8.589381363612807e-06
2017,HTI,LVA,7.034706265074663e-06
2017,ATG,HRV,6.970256736146024e-06
2017,HTI,LTU,6.428022502004719e-06
2017,NRU,HRV,5.788230958232587e-06
2017,GRD,LVA,3.939598182419816e-06
2017,GRD,LTU,3.5998412458494722e-06
2017,FLK,HRV,3.5570632943245973e-06
2017,HTI,HRV,1.2993475331152733e-06
2017,GRD,HRV,7.276646652905091e-07
2018,BMU,DEU,552.9292542205652
2018,BMU,FRA,498.12270478982754
2018,SGP,DEU,410.9433316549995
2018,ASM,DEU,376.9595732684409
2018,SGP,FRA,370.21047867667346
2018,GBR,DEU,352.86164814819716
2018,ASM,FRA,339.5952028213578
2018,GBR,FRA,317.88587283186473
2018,NLD,DEU,297.08770016814344
2018,CYM,DEU,282.4863095642352
2018,CHE,DEU,273.7475804717524
2018,NLD,FRA,267.6402589263487
2018,CYM,FRA,254.48616348684382
2018,CHE,FRA,246.61362041058862
2018,BMU,POL,221.92501715128208
2018,IRL,DEU,210.72192242810507
2018,IRL,FRA,189.83508858898048
2018,TLS,DEU,167.2984227629066
2018,SGP,POL,164.9372053108287
2018,LUX,DEU,153.6005180412141
2018,ASM,POL,151.29740219816222
2018,TLS,FRA,150.71574205492922
2018,BMU,SWE,141.9643740925858
2018,GBR,POL,141.62540093434933
2018,LUX,FRA,138.37557864733168
2018,NLD,POL,119.23983484684648
2018,CYM,POL,113.37938554800671
2018,JEY,DEU,113.26224461578295
2018,IMN,DEU,112.96449258972224
2018,CHE,POL,109.87198819305318
2018,SGP,SWE,105.50954289470852
2018,JEY,FRA,102.03564960242703
2018,IMN,FRA,101.76741086583299
2018,ASM,SWE,96.78422595436635
2018,LBR,DEU,94.70097459329679
2018,GBR,SWE,90.59709291607581
2018,BMU,CZE,88.02762775418437
2018,LBR,FRA,85.31417943719144
2018,IRL,POL,84.57585828937503
2018,PRI,DEU,84.27753139047488
2018,BMU,ROU,80.32030257376859
2018,GIB,DEU,77.45928870692481
2018,NLD,SWE,76.27715314941936
2018,PRI,FRA,75.92391172793104
2018,CYM,SWE,72.52825170833498
2018,HKG,DEU,70.29219306214213
2018,CHE,SWE,70.28458636324888
2018,GIB,FRA,69.78149574700954
2018,TLS,POL,67.14729788239805
2018,BMU,HUN,66.21991310908913
2018,SGP,CZE,65.42313750062601
2018,HKG,FRA,63.324805237662
2018,MHL,DEU,62.78795426755914
2018,BRB,DEU,62.71722683909266
2018,LUX,POL,61.64947385320387
2018,ASM,CZE,60.012843850750144
2018,SGP,ROU,59.69496547208454
2018,BMU,SVK,58.63472197501292
2018,MHL,FRA,56.56438933053887
2018,BRB,FRA,56.50067243058897
2018,GBR,CZE,56.17639792943009
2018,ASM,ROU,54.75837415345377
2018,IRL,SWE,54.102772817224036
2018,IRN,DEU,53.569512726408796
2018,GBR,ROU,51.25783114133472
2018,SGP,HUN,49.215395111104876
2018,BMU,PRT,48.87927061548407
2018,IRN,FRA,48.25968307856511
2018,NLD,CZE,47.29705524011936
2018,JEY,POL,45.45920728029271
2018,IMN,POL,45.33970081000566
2018,ASM,HUN,45.14543225364952
2018,CYM,CZE,44.97247977777357
2018,CHE,CZE,43.58125371091968
2018,SGP,SVK,43.57799449957234
2018,NLD,ROU,43.155925982045495
2018,TLS,SWE,42.953805921686204
2018,GBR,HUN,42.25941655563524
2018,BMU,AUT,41.40809560470202
2018,CYM,ROU,41.03488047332682
2018,ASM,SVK,39.97422745441793
2018,CHE,ROU,39.765464251521315
2018,LUX,SWE,39.43687413456965
2018,BMU,ESP,38.14249943922501
2018,LBR,POL,38.00941124102101
2018,GBR,SVK,37.4187917837335
2018,SGP,PRT,36.327631721906926
2018,NLD,HUN,35.5798170213398
2018,CYM,HUN,33.831125286036944
2018,PRI,POL,33.82583297326867
2018,IRL,CZE,33.54742185470974
2018,ASM,PRT,33.32344753373372
2018,CHE,HUN,32.78455761617508
2018,NLD,SVK,31.50431012392471
2018,GBR,PRT,31.1931768088026
2018,GIB,POL,31.089246668712505
2018,SGP,AUT,30.77496919433585
2018,IRL,ROU,30.61015209298378
2018,CYM,SVK,29.955923107007706
2018,JEY,SWE,29.0800378935764
2018,CHE,SVK,29.029235023782707
2018,IMN,SWE,29.00359017500869
2018,SGP,ESP,28.34794085782176
2018,ASM,AUT,28.22997323773491
2018,HKG,POL,28.212643899456975
2018,BMU,BGR,27.555191534715014
2018,TLS,CZE,26.634299361850562
2018,GBR,AUT,26.425313455968396
2018,NLD,PRT,26.262727070790568
2018,ASM,ESP,26.00365273179506
2018,IRL,HUN,25.236478784323914
2018,MHL,POL,25.2007245436205
2018,BRB,POL,25.17233721259094
2018,CYM,PRT,24.971955571104065
2018,GIN,DEU,24.924905804470637
2018,CPV,DEU,24.481482045866123
2018,LUX,CZE,24.453560960600342
2018,GBR,ESP,24.34131512102591
2018,LBR,SWE,24.31443892952774
2018,TLS,ROU,24.30231324145253
2018,CHE,PRT,24.199446790122693
2018,GIN,FRA,22.45434004655131
2018,IRL,SVK,22.34575443657659
2018,LUX,ROU,22.312511031721527
2018,NLD,AUT,22.24848079142561
2018,CPV,FRA,22.054868612695792
2018,PRI,SWE,21.638223882334824
2018,IRN,POL,21.500788644928107
2018,CYM,AUT,21.155003147634588
2018,CHE,AUT,20.500571993986906
2018,NLD,ESP,20.493882988769887
2018,SGP,BGR,20.479332802945525
2018,LAO,DEU,20.447860863011652
2018,TLS,HUN,20.035993635865925
2018,GIB,SWE,19.88764268665184
2018,LIE,DEU,19.86779173095149
2018,VGB,DEU,19.638743718011593
2018,CYM,ESP,19.486641051993445
2018,CHE,ESP,18.883820768991015
2018,ASM,BGR,18.78575453002319
2018,IRL,PRT,18.6279416260904
2018,BHS,DEU,18.468043068858087
2018,LAO,FRA,18.421061433270406
2018,LUX,HUN,18.395505176405205
2018,BMU,FIN,18.39058370814017
2018,WSM,DEU,18.198549802157686
2018,HKG,SWE,18.0474936268819
2018,JEY,CZE,18.03161368572546
2018,IMN,CZE,17.984210868252774
2018,LIE,FRA,17.898488965235224
2018,TLS,SVK,17.740961308674336
2018,VGB,FRA,17.69214427491279
2018,GBR,BGR,17.584836081218064
2018,BFA,DEU,17.493491982513014
2018,BHS,FRA,16.637483901267714
2018,JEY,ROU,16.452842182401433
2018,IMN,ROU,16.409589754278667
2018,WSM,FRA,16.39470290549515
2018,LUX,SVK,16.288383372408607
2018,MHL,SWE,16.120783192622056
2018,BRB,SWE,16.10262395247193
2018,IRL,AUT,15.780668943280238
2018,BFA,FRA,15.759530674194606
2018,UZB,DEU,15.591845018666907
2018,CAN,DEU,15.461894441310987
2018,LBR,CZE,15.076616177974596
2018,NLD,BGR,14.805345201495951
2018,TLS,PRT,14.789278768219726
2018,IRL,ESP,14.536146797615894
2018,GNQ,DEU,14.106288232734807
2018,CYM,BGR,14.077685900251268
2018,UZB,FRA,14.046375651276389
2018,CAN,FRA,13.929305822564253
2018,LBR,ROU,13.756571704795618
2018,IRN,SWE,13.753951860206318
2018,SGP,FIN,13.668091681559991
2018,CHE,BGR,13.642191934114882
2018,LUX,PRT,13.57837595082305
2018,JEY,HUN,13.564512891563677
2018,IMN,HUN,13.528853513545073
2018,PRI,CZE,13.417179692798362
2018,PYF,DEU,12.981565889899512
2018,GNQ,FRA,12.70806779601468
2018,ASM,FIN,12.537782245850682
2018,TLS,AUT,12.528744014544198
2018,GHA,DEU,12.50110728930397
2018,GIB,CZE,12.33169954447216
2018,PRI,ROU,12.24242842964675
2018,JEY,SVK,12.010759374043145
2018,IMN,SVK,11.979184616273857
2018,GBR,FIN,11.736278426449667
2018,PYF,FRA,11.694828342189028
2018,TLS,ESP,11.540680742986915
2018,LUX,AUT,11.502927160090548
2018,LBR,HUN,11.341578079015177
2018,GHA,FRA,11.261992973393879
2018,GIB,ROU,11.25198831242758
2018,HKG,CZE,11.190681190529368
2018,VCT,DEU,10.892428250834303
2018,CRI,DEU,10.8079180153014
2018,LUX,ESP,10.595763614479734
2018,IRL,BGR,10.501312579770955
2018,HKG,ROU,10.210872678971787
2018,PRI,HUN,10.093245678586504
2018,LBR,SVK,10.042451676513583
2018,JEY,PRT,10.012448903424472
2018,GIN,POL,10.003920222938177
2018,MHL,CZE,9.99598886027955
2018,IMN,PRT,9.986127449554852
2018,BRB,CZE,9.984728888596855
2018,NLD,FIN,9.8812211090239
2018,CPV,POL,9.825946595240882
2018,VCT,FRA,9.812766788190878
2018,CRI,FRA,9.736633238040026
2018,CYM,FIN,9.395574719170725
2018,GIB,HUN,9.276679301215447
2018,MHL,ROU,9.120782534589079
2018,BRB,ROU,9.110508438199117
2018,CHE,FIN,9.104922112799574
2018,MLT,DEU,9.02463515216829
2018,PRI,SVK,8.937110098807873
2018,IRN,CZE,8.528391451996297
2018,JEY,AUT,8.482050493176912
2018,IMN,AUT,8.459752261952023
2018,HKG,HUN,8.418333595649434
2018,LBR,PRT,8.371621738880444
2018,TLS,BGR,8.337305446401103
2018,GIB,SVK,8.214077701703689
2018,LAO,POL,8.207002682698917
2018,MLT,FRA,8.13011002298353
2018,LIE,POL,7.974184738814131
2018,VGB,POL,7.882253476700304
2018,JEY,ESP,7.813124497875751
2018,IMN,ESP,7.792584787957422
2018,IRN,ROU,7.781681721615209
2018,SSD,DEU,7.7000876252627295
2018,LUX,BGR,7.654671302250811
2018,MHL,HUN,7.519610952320248
2018,BRB,HUN,7.51114049406229
2018,HKG,SVK,7.454051609229076
2018,PRI,PRT,7.450183241700435
2018,BHS,POL,7.412378244635314
2018,WSM,POL,7.30421377806364
2018,LBR,AUT,7.092023038906596
2018,BFA,POL,7.021230073506613
2018,IRL,FIN,7.008670863358618
2018,SSD,FRA,6.936852130244718
2018,GIB,PRT,6.847446586500157
2018,MHL,SVK,6.658273574343333
2018,BRB,SVK,6.6507733687157895
2018,LBR,ESP,6.532719769748327
2018,IRN,HUN,6.415591960384825
2018,GIN,SWE,6.39946001199791
2018,BMU,EST,6.350150960211451
2018,VUT,DEU,6.330171493310985
2018,PRI,AUT,6.311426010664609
2018,CPV,SWE,6.285611131933117
2018,UZB,POL,6.257980468162194
2018,HKG,PRT,6.213871124767317
2018,CAN,POL,6.205823191461064
2018,PAN,DEU,6.045089930472072
2018,PRI,ESP,5.813683521469384
2018,GIB,AUT,5.80081738805793
2018,MUS,DEU,5.798601554622457
2018,VUT,FRA,5.7027225851459615
2018,IRN,SVK,5.680714957789028
2018,GNQ,POL,5.661733818738806
2018,JEY,BGR,5.644416207348439
2018,IMN,BGR,5.629577755511562
2018,TLS,FIN,5.564392957283728
2018,MHL,PRT,5.550492010705615
2018,BRB,PRT,5.544239664515643
2018,PAN,FRA,5.44589841083598
2018,GIB,ESP,5.34334339070454
2018,SYC,DEU,5.269159169482028
2018,HKG,AUT,5.264083656930693
2018,LAO,SWE,5.249980439254834
2018,MUS,FRA,5.223842052739065
2018,PYF,POL,5.2103125504320555
2018,LUX,FIN,5.108796763941557
2018,LIE,SWE,5.101047911929194
2018,VGB,SWE,5.042239922397152
2018,GHA,POL,5.017474529358363
2018,HKG,ESP,4.84893847447823
2018,SYC,FRA,4.746878189996279
2018,BMU,SVN,4.742714713611141
2018,BHS,SWE,4.7416629794369864
2018,IRN,PRT,4.735576367694319
2018,SGP,EST,4.719504660284314
2018,LBR,BGR,4.719416586342408
2018,MHL,AUT,4.702101748621944
2018,BRB,AUT,4.696805070796599
2018,WSM,SWE,4.6724706865039245
2018,YEM,DEU,4.513518258410565
2018,BFA,SWE,4.491447361547036
2018,VCT,POL,4.371811236128306
2018,CRI,POL,4.337892004459988
2018,MHL,ESP,4.3312765460681
2018,ASM,EST,4.329216039628489
2018,BRB,ESP,4.32639758392235
2018,MDG,DEU,4.268926639327233
2018,KAZ,DEU,4.259294034066924
2018,PRI,BGR,4.199965007840092
2018,YEM,FRA,4.066136681747887
2018,GBR,EST,4.052461895814681
2018,IRN,AUT,4.011745603150137
2018,UZB,SWE,4.003200232449055
2018,CAN,SWE,3.969835471520808
2018,GIN,CZE,3.9681031763402146
2018,CPV,CZE,3.8975090790631173
2018,GIB,BGR,3.860178350430849
2018,MDG,FRA,3.845789073194494
2018,KAZ,FRA,3.837111255282324
2018,GGY,DEU,3.8274239222814836
2018,BMU,LVA,3.8186145670046168
2018,JEY,FIN,3.7671343570248244
2018,IMN,FIN,3.757231040248329
2018,IRN,ESP,3.69536444948441
2018,MLT,POL,3.622149299646372
2018,GNQ,SWE,3.6217840970500825
2018,GIN,ROU,3.6206729171163885
2018,CPV,ROU,3.5562597391417157
2018,XKV,DEU,3.531741775153577
2018,SGP,SVN,3.524839698069389
2018,HKG,BGR,3.503006629578422
2018,GGY,FRA,3.4480482665574863
2018,NLD,EST,3.4119224658299534
2018,PYF,SWE,3.3330120666144016
2018,LAO,CZE,3.255347172679217
2018,CYM,EST,3.2442318727638764
2018,ASM,SVN,3.233346220931997
2018,GHA,SWE,3.2096545050632503
2018,XKV,FRA,3.1816742417411694
2018,LIE,CZE,3.162998813031175
2018,LBR,FIN,3.149781255389587
2018,CHE,EST,3.143871386292815
2018,MHL,BGR,3.1290334029339735
2018,VGB,CZE,3.126533834795702
2018,BRB,BGR,3.125508706377813
2018,SSD,POL,3.090525714201303
2018,OMN,DEU,3.068659217552162
2018,GBR,SVN,3.0266478356270134
2018,GIN,HUN,2.9850565583673703
2018,LAO,ROU,2.970322801636875
2018,BHS,CZE,2.940155559150771
2018,CPV,HUN,2.9319512423777345
2018,WSM,CZE,2.8972516021213983
2018,LIE,ROU,2.8860600721011536
2018,SWZ,DEU,2.8791361484068734
2018,VGB,ROU,2.852787812471508
2018,SGP,LVA,2.838037923465012
2018,PRI,FIN,2.8030945802221447
2018,VCT,SWE,2.796626778515959
2018,BFA,CZE,2.785004751698649
2018,CRI,SWE,2.7749288079342476
2018,OMN,FRA,2.764492596218409
2018,BHS,ROU,2.682728026982553
2018,IRN,BGR,2.6696329997557333
2018,WSM,ROU,2.643580558192025
2018,GIN,SVK,2.643131849043999
2018,DNK,DEU,2.63345614067202
2018,ASM,LVA,2.6033408553936024
2018,CPV,SVK,2.596109506484928
2018,SWZ,FRA,2.593755122839831
2018,GIB,FIN,2.5763178961217545
2018,CYP,DEU,2.5755972916988754
2018,NLD,SVN,2.5482504245620796
2018,BFA,ROU,2.541161565213094
2018,VUT,POL,2.5406928761689445
2018,UZB,CZE,2.482258116798148
2018,CAN,CZE,2.461569681591272
2018,LAO,HUN,2.4488767039901256
2018,GBR,LVA,2.4369168740318887
2018,PAN,POL,2.4262718535161936
2018,CYM,SVN,2.4230079463829184
2018,IRL,EST,2.420049233840421
2018,LIE,HUN,2.3794064648427398
2018,DNK,FRA,2.3724270071151854
2018,VGB,HUN,2.351975216814327
2018,CHE,SVN,2.34805206598986
2018,HKG,FIN,2.33793826365788
2018,MUS,POL,2.3273406853414733
2018,CYP,FRA,2.3203031483637515
2018,MLT,SWE,2.3170716163273464
2018,UZB,ROU,2.264922139719288
2018,CAN,ROU,2.246045096023025
2018,GNQ,CZE,2.245754009334937
2018,URY,DEU,2.2281997831378755
2018,BHS,HUN,2.2117697661676967
2018,GIN,PRT,2.2033763028139255
2018,WSM,HUN,2.179494713675599
2018,LAO,SVK,2.1683689686061887
2018,CPV,PRT,2.1641773822852617
2018,SYC,POL,2.1148424145300755
2018,LIE,SVK,2.1068562307197123
2018,BFA,HUN,2.0950555793788093
2018,MHL,FIN,2.088345154477587
2018,BRB,FIN,2.0859927401610254
2018,VGB,SVK,2.0825671079157617
2018,MNE,DEU,2.0789582148423817
2018,PYF,CZE,2.066695587364691
2018,NLD,LVA,2.0517334014803845
2018,GNQ,ROU,2.0491253273318133
2018,URY,FRA,2.0073398076094495
2018,GHA,CZE,1.9902054568069585
2018,SSD,SWE,1.976994546471279
2018,BHS,SVK,1.9584215566447472
2018,CYM,LVA,1.950893949718683
2018,WSM,SVK,1.9298434652406473
2018,TLS,EST,1.9213493079639985
2018,CHE,LVA,1.8905429410589922
2018,PYF,ROU,1.885744500221565
2018,MNE,FRA,1.8728911180185523
2018,UZB,HUN,1.867310536502457
2018,GIN,AUT,1.8665912042302746
2018,BFA,SVK,1.8550764513494216
2018,CAN,HUN,1.8517473955123576
2018,CPV,AUT,1.8333838214601677
2018,GHA,ROU,1.8159515205963463
2018,YEM,POL,1.811556558573447
2018,LAO,PRT,1.8076029021828854
2018,IRL,SVN,1.807453583531209
2018,IRN,FIN,1.7817371761023006
2018,LUX,EST,1.7640348556043435
2018,LIE,PRT,1.7563244504366025
2018,JOR,DEU,1.7375060895154595
2018,VGB,PRT,1.7360764716527521
2018,VCT,CZE,1.7340999993845894
2018,CRI,CZE,1.7206457726492081
2018,GIN,ESP,1.7193848913092977
2018,MDG,POL,1.7133866772625992
2018,KAZ,POL,1.7095205116161112
2018,GNQ,HUN,1.6893972853366939
2018,CPV,ESP,1.6887963660417142
2018,UZB,SVK,1.6534185716683707
2018,CAN,SVK,1.6396381179926147
2018,BHS,PRT,1.6325858471236496
2018,VUT,SWE,1.6252691046586325
2018,WSM,PRT,1.6087624841679884
2018,VCT,ROU,1.582269569193535
2018,CRI,ROU,1.5699933374029929
2018,JOR,FRA,1.5652838519428196
2018,PYF,HUN,1.5546982885918144
2018,PAN,SWE,1.5520745226667412
2018,BFA,PRT,1.5464349590769975
2018,GGY,POL,1.536184083431977
2018,LAO,AUT,1.531311593778464
2018,GHA,HUN,1.4971576058713816
2018,GNQ,SVK,1.4958844776475904
2018,MUS,SWE,1.4887887266422284
2018,LIE,AUT,1.4878710308233665
2018,VGB,AUT,1.470717946689209
2018,IRL,LVA,1.455278042225263
2018,MLT,CZE,1.436742978832337
2018,TLS,SVN,1.4349913395702973
2018,XKV,POL,1.4175083847385004
2018,LAO,ESP,1.41054667581335
2018,BHS,AUT,1.3830458185921528
2018,UZB,PRT,1.3783282512993893
2018,PYF,SVK,1.3766146409228257
2018,LIE,ESP,1.3705319969454264
2018,CAN,PRT,1.3668405439865028
2018,WSM,AUT,1.3628638461839753
2018,VGB,ESP,1.3547316687145914
2018,SYC,SWE,1.3528545971838428
2018,GHA,SVK,1.3256649828040212
2018,LUX,SVN,1.317498452779938
2018,MLT,ROU,1.3109478663085457
2018,BFA,AUT,1.3100630558842394
2018,VCT,HUN,1.3044989875495143
2018,JEY,EST,1.3007674054368523
2018,IMN,EST,1.29734785347833
2018,CRI,HUN,1.2943778727575213
2018,BHS,ESP,1.273973690161289
2018,WSM,ESP,1.2553833430318269
2018,GNQ,PRT,1.2470041594739305
2018,GIN,BGR,1.242130974594713
2018,OMN,POL,1.2316444541294709
2018,SSD,CZE,1.2258719211858602
2018,CPV,BGR,1.2200329819381035
2018,BFA,ESP,1.2067466191016971
2018,UZB,AUT,1.1676513844375342
2018,YEM,SWE,1.1588440828907802
2018,CAN,AUT,1.1579195681337913
2018,SWZ,POL,1.1555770186491008
2018,TLS,LVA,1.1553886673981144
2018,VCT,SVK,1.155074536652525
2018,PYF,PRT,1.1475780442103716
2018,CRI,SVK,1.1461127497210313
2018,SSD,ROU,1.1185397827746744
2018,GHA,PRT,1.1051052219120632
2018,MDG,SWE,1.0960452784390153
2018,KAZ,SWE,1.0935721107304475
2018,CUW,DEU,1.0934839793175666
2018,LBR,EST,1.0875993269596427
2018,MLT,HUN,1.0808083512604794
2018,UZB,ESP,1.0755660608323563
2018,CAN,ESP,1.0666017316960505
2018,LUX,LVA,1.0607888282533564
2018,DNK,POL,1.0569702990477987
2018,GNQ,AUT,1.05640012227597
2018,CYP,POL,1.033747932076424
2018,DJI,DEU,1.0305774899290523
2018,LAO,BGR,1.0190177464018377
2018,VUT,CZE,1.0077780757301875
2018,LIE,BGR,0.9901100409127778
2018,CUW,FRA,0.9850974482980275
2018,GGY,SWE,0.9826896250581335
2018,VGB,BGR,0.9786954488668177
2018,GNQ,ESP,0.9730884862749626
2018,PYF,AUT,0.9721712449912633
2018,JEY,SVN,0.9714995362166515
2018,IMN,SVN,0.9689455875799561
2018,PRI,EST,0.9678906348297349
2018,VCT,PRT,0.9628970506955525
2018,PAN,CZE,0.9623924255740204
2018,MLT,SVK,0.9570066496467807
2018,CRI,PRT,0.9554262962710758
2018,GHA,AUT,0.9361903748967587
2018,DJI,FRA,0.9284262730909736
2018,MUS,CZE,0.9231509008592365
2018,SSD,HUN,0.9221778909058592
2018,BHS,BGR,0.9203536621535902
2018,VUT,ROU,0.919541308052701
2018,WSM,BGR,0.9069234836550524
2018,XKV,SWE,0.90677334711307
2018,KWT,DEU,0.896221641707492
2018,PYF,ESP,0.8955022109903376
2018,URY,POL,0.8943156313666507
2018,GIB,EST,0.8895860958793887
2018,PAN,ROU,0.8781294326443322
2018,BFA,BGR,0.8717869754760013
2018,GHA,ESP,0.8623589259065718
2018,MUS,ROU,0.8423237291514576
2018,SYC,CZE,0.8388624374786423
2018,MNE,POL,0.8344156760815034
2018,GIN,FIN,0.8290094313435901
2018,GMB,DEU,0.8239644274907368
2018,SSD,SVK,0.8165465900822385
2018,VCT,AUT,0.8157186600909795
2018,CPV,FIN,0.8142610314559952
2018,LBR,SVN,0.8122914498891397
2018,CRI,AUT,0.8093898071937762
2018,KWT,FRA,0.8073878255687914
2018,HKG,EST,0.8072751330514225
2018,MLT,PRT,0.797783044470425
2018,OMN,SWE,0.7878770779407134
2018,JEY,LVA,0.782206500886172
2018,IMN,LVA,0.780150179547788
2018,UZB,BGR,0.7770185292051407
2018,CAN,BGR,0.7705424510780449
2018,SYC,ROU,0.7654152056011848
2018,VUT,HUN,0.7581139956929697
2018,VCT,ESP,0.7513880578355435
2018,CRI,ESP,0.7455583217765132
2018,GMB,FRA,0.7422927727903571
2018,SWZ,SWE,0.7392171025786862
2018,PAN,HUN,0.7239720576853531
2018,PRI,SVN,0.7228850437943852
2018,MHL,EST,0.7210922284151844
2018,BRB,EST,0.720279954793629
2018,YEM,CZE,0.7185626408448087
2018,GNQ,BGR,0.7029859084682287
2018,JOR,POL,0.6973696287054473
2018,MUS,HUN,0.6944521169215554
2018,SSD,PRT,0.6806922656474602
2018,LAO,FIN,0.6801016476939965
2018,MDG,CZE,0.6796230842340598
2018,KAZ,CZE,0.6780895509950691
2018,DNK,SWE,0.6761388547578044
2018,MLT,AUT,0.675842257080997
2018,VUT,SVK,0.6712754710142033
2018,DOM,DEU,0.66441765772458
2018,GIB,SVN,0.6644020106587482
2018,CYP,SWE,0.6612836174602797
2018,LIE,FIN,0.6608083839568509
2018,YEM,ROU,0.655648348175755
2018,LBR,LVA,0.6540195121367973
2018,VGB,FIN,0.653190182129038
2018,PYF,BGR,0.6469354475030413
2018,PAN,SVK,0.6410443373751901
2018,SYC,HUN,0.6310450382172645
2018,GHA,BGR,0.622991826030935
2018,MLT,ESP,0.6225428273206864
2018,ABW,DEU,0.6209396455740904
2018,MDG,ROU,0.6201181737423644
2018,KAZ,ROU,0.6187189101599514
2018,IRN,EST,0.6152224540139228
2018,MUS,SVK,0.6149057721289218
2018,BHS,FIN,0.6142523467349221
2018,GGY,CZE,0.6093348212566388
2018,WSM,FIN,0.6052889243039272
2018,HKG,SVN,0.6029267139387635
2018,DOM,FRA,0.5985603370587226
2018,PRI,LVA,0.5820336084270192
2018,BFA,FIN,0.5818385013930755
2018,SSD,AUT,0.5766487522909638
2018,URY,SWE,0.5720894402889034
2018,XKV,CZE,0.5622615333409473
2018,VUT,PRT,0.5595908755092641
2018,ABW,FRA,0.5593918813368127
2018,SYC,SVK,0.5587616871170743
2018,GGY,ROU,0.555984052515149
2018,VCT,BGR,0.5428234162668342
2018,YEM,HUN,0.5405479717465065
2018,CRI,BGR,0.5386118544639855
2018,MHL,SVN,0.5385595937803441
2018,BRB,SVN,0.537952933863034
2018,GIB,LVA,0.5349457746145746
2018,PAN,PRT,0.534389498025392
2018,MNE,SWE,0.5337717248308349
2018,SSD,ESP,0.5311720906186834
2018,UZB,FIN,0.5185891844054238
2018,CAN,FIN,0.5142669913716078
2018,XKV,ROU,0.5130323017410775
2018,MUS,PRT,0.5125997809236841
2018,MDG,HUN,0.5112551903657464
2018,KAZ,HUN,0.5101015702986531
2018,OMN,CZE,0.48853770938184793
2018,HKG,LVA,0.4854487085371752
2018,YEM,SVK,0.478630649745797
2018,VUT,AUT,0.47405765636089864
2018,GNQ,FIN,0.4691791446646401
2018,SYC,PRT,0.46579676332052555
2018,IRN,SVN,0.4594890110610263
2018,GGY,HUN,0.45837994215445566
2018,SWZ,CZE,0.4583651944457925
2018,PAN,AUT,0.4527082983389361
2018,MDG,SVK,0.4526932238040533
2018,KAZ,SVK,0.45167174569085516
2018,MLT,BGR,0.44974207504984315
2018,JOR,SWE,0.4461040225260419
2018,OMN,ROU,0.44576342265886654
2018,CUW,POL,0.4388833634906587
2018,VUT,ESP,0.4366717094290291
2018,MUS,AUT,0.43424912991056946
2018,MHL,LVA,0.4336232799555923
2018,BRB,LVA,0.4331348254443374
2018,PYF,FIN,0.43177056076996884
2018,XKV,HUN,0.42296845697572366
2018,DNK,CZE,0.4192523638215298
2018,SWZ,ROU,0.4182326849699785
2018,PAN,ESP,0.4170060410497267
2018,GHA,FIN,0.41579037154123344
2018,DJI,POL,0.4136350634054112
2018,CYP,CZE,0.41004110002816613
2018,GGY,SVK,0.40587459580130386
2018,MUS,ESP,0.4000026311815466
2018,YEM,PRT,0.3989976632576098
2018,SYC,AUT,0.3945999329586368
2018,GEO,DEU,0.3860469947001496
2018,SSD,BGR,0.3837333397150392
2018,DNK,ROU,0.38254440765969955
2018,MDG,PRT,0.3773756205673445
2018,KAZ,PRT,0.37652409260846575
2018,XKV,SVK,0.37451933586979774
2018,CYP,ROU,0.3741396429983617
2018,IRN,LVA,0.3699593032616134
2018,OMN,HUN,0.3675087639089719
2018,SYC,ESP,0.36348031711663503
2018,VCT,FIN,0.3622852507853953
2018,HRV,DEU,0.36119507663797534
2018,KWT,POL,0.35970967657997327
2018,CRI,FIN,0.3594744163994424
2018,URY,CZE,0.35473460587378
2018,GEO,FRA,0.3477818757249443
2018,SWZ,HUN,0.34481110218249983
2018,GGY,PRT,0.33834652124003306
2018,YEM,AUT,0.3380110459543155
2018,PRY,DEU,0.33136564821705367
2018,MNE,CZE,0.3309749998860565
2018,GMB,POL,0.33070834705733504
2018,OMN,SVK,0.3254122994647288
2018,HRV,FRA,0.3253932888490413
2018,URY,ROU,0.3236755505525273
2018,MDG,AUT,0.31969392297736526
2018,KAZ,AUT,0.31897255069239994
2018,VUT,BGR,0.3154636630533513
2018,DNK,HUN,0.3153879732005186
2018,XKV,PRT,0.3122080458829902
2018,YEM,ESP,0.31135423985304805
2018,CYP,HUN,0.3084586817543743
2018,SWZ,SVK,0.30531455209042857
2018,MNE,ROU,0.3019962347438974
2018,PAN,BGR,0.3012566428838079
2018,MLT,FIN,0.3001619229485911
2018,PRY,FRA,0.2985205642573399
2018,MDG,ESP,0.29448167320457835
2018,KAZ,ESP,0.2938171910164229
2018,MUS,BGR,0.2889729115460777
2018,GGY,AUT,0.28663040431269093
2018,GIN,EST,0.2862516557394919
2018,CPV,EST,0.28115912756343736
2018,CUW,SWE,0.28075159257564686
2018,DNK,SVK,0.2792617092748343
2018,JOR,CZE,0.27661502461847276
2018,CYP,SVK,0.2731261367808145
2018,OMN,PRT,0.27127127598424866
2018,URY,HUN,0.26685366148165995
2018,DOM,POL,0.26667227129082854
2018,DJI,SWE,0.2646003755361521
2018,XKV,AUT,0.2644871834152271
2018,GGY,ESP,0.2640256663849133
2018,SYC,BGR,0.26258818652423727
2018,SSD,FIN,0.2561070967967272
2018,SWZ,PRT,0.25451732543104766
2018,JOR,ROU,0.2523957880115662
2018,ABW,POL,0.24922183162146702
2018,MNE,HUN,0.24898019284285008
2018,XKV,ESP,0.24362874210404292
2018,URY,SVK,0.23628678314957957
2018,LAO,EST,0.2348347502006599
2018,BMU,LTU,0.233030876748678
2018,DNK,PRT,0.23279906854515706
2018,KWT,SWE,0.23010456300161816
2018,OMN,AUT,0.2298075807867501
2018,LIE,EST,0.22817290959840542
2018,CYP,PRT,0.2276843123356211
2018,VGB,EST,0.22554239322003955
2018,YEM,BGR,0.2249308734464691
2018,MNE,SVK,0.22046063939370864
2018,SWZ,AUT,0.2156144642052676
2018,GIN,SVN,0.21379175833420386
2018,MDG,BGR,0.21274166685234888
2018,KAZ,BGR,0.21226162662857687
2018,BHS,EST,0.21209740763717
2018,OMN,ESP,0.2116841017023958
2018,GMB,SWE,0.21155255094644917
2018,VUT,FIN,0.21054329798252963
2018,CPV,SVN,0.20998831988661637
2018,WSM,EST,0.20900239518621835
2018,JOR,HUN,0.20808720355448976
2018,PAN,FIN,0.20106140440388914
2018,BFA,EST,0.20090511410324774
2018,SWZ,ESP,0.1986103069928275
2018,DNK,AUT,0.19721583333016715
2018,URY,PRT,0.19697416867350898
2018,CYP,AUT,0.1928828653571934
2018,MUS,FIN,0.19286313116270232
2018,GGY,BGR,0.19073940917032037
2018,JOR,SVK,0.1842517568223861
2018,MNE,PRT,0.1837811264386976
2018,DNK,ESP,0.18166266046169027
2018,UZB,EST,0.1790655293801116
2018,CYP,ESP,0.1776714064311484
2018,CAN,EST,0.1775731037627693
2018,XKV,BGR,0.17600410960837107
2018,LAO,SVN,0.1753901965516077
2018,SYC,FIN,0.1752537273768819
2018,CUW,CZE,0.17408520159096857
2018,SGP,LTU,0.1731912069014662
2018,GIN,LVA,0.17213523730144775
2018,DOM,SWE,0.17058897896059938
2018,LIE,SVN,0.17041469130110062
2018,CPV,LVA,0.1690728845482912
2018,VGB,SVN,0.168450046868198
2018,URY,AUT,0.16686675364393808
2018,DJI,CZE,0.1640703416627837
2018,GNQ,EST,0.16200455859835525
2018,ABW,SWE,0.15942601600535677
2018,ASM,LTU,0.1588688230673926
2018,CUW,ROU,0.15884304078315276
2018,BHS,SVN,0.15840843819657646
2018,WSM,SVN,0.1560968772302448
2018,MNE,AUT,0.15569026211088144
2018,GEO,POL,0.15494475155017964
2018,URY,ESP,0.1537070218840606
2018,JOR,PRT,0.15359655814412668
2018,OMN,BGR,0.15292642204944412
2018,YEM,FIN,0.15012089650877306
2018,BFA,SVN,0.15004928964168598
2018,DJI,ROU,0.14970503945120747
2018,PYF,EST,0.14908761377980928
2018,GBR,LTU,0.14871280296946823
2018,HRV,POL,0.14497012586327357
2018,GHA,EST,0.14356975662064264
2018,SWZ,BGR,0.1434815528719087
2018,MNE,ESP,0.14341194997102846
2018,KWT,CZE,0.14268057705263093
2018,MDG,FIN,0.14198570993521692
2018,KAZ,FIN,0.14166532675415897
2018,LAO,LVA,0.14121607558212598
2018,LIE,LVA,0.13721002883989472
2018,VGB,LVA,0.13562818799483276
2018,UZB,SVN,0.13373803649911092
2018,PRY,POL,0.13299771463092216
2018,CAN,SVN,0.13262339387428368
2018,DNK,BGR,0.13123810650384282
2018,GMB,CZE,0.13117705990812187
2018,CUW,HUN,0.1309578278665385
2018,KWT,ROU,0.1301880717752554
2018,JOR,AUT,0.13011939180144785
2018,CYP,BGR,0.12835471472584664
2018,BHS,LVA,0.12754314905298636
2018,GGY,FIN,0.12730120443433363
2018,WSM,LVA,0.12568198705789088
2018,NLD,LTU,0.12520698934445335
2018,VCT,EST,0.12509478054940865
2018,CRI,EST,0.1241242174091504
2018,DJI,HUN,0.12342402091111278
2018,GNQ,SVN,0.12099576979362286
2018,BFA,LVA,0.12081274919405073
2018,JOR,ESP,0.11985769343749898
2018,GMB,ROU,0.11969175372963387
2018,CYM,LTU,0.11905326383941552
2018,XKV,FIN,0.1174667324177938
2018,FRO,DEU,0.11737967341914209
2018,CUW,SVK,0.11595720179753806
2018,CHE,LTU,0.11537034475610344
2018,PYF,SVN,0.11134853705385485
2018,URY,BGR,0.11104218366692276
2018,DJI,SVK,0.10928635830795073
2018,UZB,LVA,0.1076796824553787
2018,KWT,HUN,0.10733329587347418
2018,GHA,SVN,0.10722743465796584
2018,CAN,LVA,0.10678222375900083
2018,DOM,CZE,0.10577684179494637
2018,FRO,FRA,0.10574495736043299
2018,MLT,EST,0.10364399268019056
2018,MNE,BGR,0.1036047403268691
2018,OMN,FIN,0.10206447530380999
2018,GEO,SWE,0.09911741792390076
2018,ABW,CZE,0.0988550407872021
2018,GMB,HUN,0.09867962741514068
2018,GNQ,LVA,0.09742019855292272
2018,CUW,PRT,0.0966646255932027
2018,DOM,ROU,0.09651547082460016
2018,SWZ,FIN,0.09576088430887646
2018,KWT,SVK,0.09503875294785216
2018,VCT,SVN,0.09342909483964165
2018,HRV,SWE,0.09273669748676246
2018,CRI,SVN,0.09270421379120151
2018,DJI,PRT,0.09110365500823034
2018,ABW,ROU,0.09019971331208433
2018,PYF,LVA,0.08965269287402591
2018,IRL,LTU,0.08880831310473622
2018,SSD,EST,0.08843214290804984
2018,DNK,FIN,0.08758949762029654
2018,GMB,SVK,0.08737632301861872
2018,JOR,BGR,0.08658849703443937
2018,GHA,LVA,0.08633457179963451
2018,CYP,FIN,0.08566509590493208
2018,PRY,SWE,0.08507800317281233
2018,CUW,AUT,0.08188948009563957
2018,DOM,HUN,0.07957198724217873
2018,KWT,PRT,0.07922651916514313
2018,MLT,SVN,0.07740822102367424
2018,DJI,AUT,0.07717850141821786
2018,CUW,ESP,0.07543137164394685
2018,VCT,LVA,0.07522478666338843
2018,CRI,LVA,0.07464114596432317
2018,ABW,HUN,0.07436497356948046
2018,URY,FIN,0.07411055630981439
2018,GMB,PRT,0.07283893901693687
2018,VUT,EST,0.07269925452437173
2018,DJI,ESP,0.07109191823664371
2018,TLS,LTU,0.07050757006891807
2018,DOM,SVK,0.07045737648822176
2018,PAN,EST,0.06942521730137835
2018,MNE,FIN,0.0691467394498413
2018,KWT,AUT,0.06711678056379922
2018,MUS,EST,0.06659440597310304
2018,SSD,SVN,0.06604700076487716
2018,ABW,SVK,0.06584680264896302
2018,LUX,LTU,0.06473461679767997
2018,MLT,LVA,0.06232551993030363
2018,KWT,ESP,0.061823702047447054
2018,UGA,DEU,0.06182025677804226
2018,GMB,AUT,0.06170553923124477
2018,GEO,CZE,0.06145958255182229
2018,SYC,EST,0.06051399144499956
2018,DOM,PRT,0.05873491092347039
2018,BRN,DEU,0.0587283499845665
2018,JOR,FIN,0.05778994498614626
2018,HRV,CZE,0.05750309919440184
2018,GMB,ESP,0.05683921129803351
2018,GEO,ROU,0.056078442559020586
2018,UGA,FRA,0.055692610369275614
2018,ABW,PRT,0.05489142912990383
2018,CUW,BGR,0.05449369925762417
2018,VUT,SVN,0.054296634247230254
2018,SSD,LVA,0.05317799076210757
2018,BRN,FRA,0.052907174505341714
2018,PRY,CZE,0.05275418457085122
2018,HRV,ROU,0.05246837207883564
2018,PAN,SVN,0.0518513656846882
2018,YEM,EST,0.05183578565214529
2018,DJI,BGR,0.05135875866505143
2018,DOM,AUT,0.04975730562727083
2018,MUS,SVN,0.04973712767331007
2018,MDG,EST,0.04902675774681019
2018,KAZ,EST,0.04891613148300485
2018,PRY,ROU,0.04813525224825554
2018,JEY,LTU,0.047734135902331276
2018,IMN,LTU,0.04760864893423003
2018,FRO,POL,0.047111788421243084
2018,ABW,AUT,0.04650129833504009
2018,GEO,HUN,0.04623376001529364
2018,DOM,ESP,0.045833259759234524
2018,SYC,SVN,0.04519587005156511
2018,KWT,BGR,0.044663144165918094
2018,GGY,EST,0.04395629189392974
2018,VUT,LVA,0.04371713902182542
2018,HRV,HUN,0.04325744461488816
2018,ABW,ESP,0.04283403329145364
2018,PAN,LVA,0.04174832185338733
2018,GMB,BGR,0.04106221084161006
2018,GEO,SVK,0.04093789220004461
2018,XKV,EST,0.04056051159080859
2018,MUS,LVA,0.040046035176688574
2018,LBR,LTU,0.039911527505519066
2018,PRY,HUN,0.03968501262101275
2018,YEM,SVN,0.03871440928639539
2018,HRV,SVK,0.038302500248907016
2018,GUM,DEU,0.037564327249368104
2018,MDG,SVN,0.0366164405828083
2018,KAZ,SVN,0.03653381753772657
2018,SYC,LVA,0.036389624543945245
2018,CUW,FIN,0.036369587070406766
2018,PRI,LTU,0.03551858918700371
2018,OMN,EST,0.03524221069541634
2018,PRY,SVK,0.03513927416024615
2018,DJI,FIN,0.034277299404210655
2018,GEO,PRT,0.03412678092216798
2018,GUM,FRA,0.033840937425968304
2018,DOM,BGR,0.033111208491682274
2018,SWZ,EST,0.03306562103167774
2018,GGY,SVN,0.03282947974423979
2018,GIB,LTU,0.0326450550805968
2018,HRV,PRT,0.03192985677861329
2018,YEM,LVA,0.031171052062173306
2018,ABW,BGR,0.03094448473233945
2018,XKV,SVN,0.030293285359458227
2018,DNK,EST,0.03024409345809794
2018,FRO,SWE,0.030137186160697195
2018,KWT,FIN,0.02980858581284922
2018,HKG,LTU,0.029624497623929647
2018,CYP,EST,0.029579609850911227
2018,MDG,LVA,0.029481864679755873
2018,KAZ,LVA,0.029415340424646465
2018,PRY,PRT,0.029292917797790575
2018,GEO,AUT,0.02891051747114656
2018,SMR,DEU,0.028077827780561636
2018,GMB,FIN,0.02740529038865709
2018,HRV,AUT,0.027049392216471155
2018,GEO,ESP,0.026630526720134776
2018,MHL,LTU,0.026461851892518318
2018,GGY,LVA,0.026432778935396806
2018,BRB,LTU,0.02643204396584431
2018,OMN,SVN,0.026321224842152314
2018,URY,EST,0.025589901211469788
2018,SMR,FRA,0.025294743245936457
2018,HRV,ESP,0.024916176713303664
2018,PRY,AUT,0.024815508198834383
2018,UGA,POL,0.024812327148621
2018,SWZ,SVN,0.024695603043806396
2018,XKV,LVA,0.024390752499632518
2018,MNE,EST,0.023875926989666275
2018,IOT,DEU,0.023828981072306604
2018,BRN,POL,0.023571351991429266
2018,PRY,ESP,0.022858465083592086
2018,DNK,SVN,0.02258829875735352
2018,IRN,LTU,0.022576759001893685
2018,DOM,FIN,0.02209871960704055
2018,CYP,SVN,0.022092018243629653
2018,IOT,FRA,0.021467043773719538
2018,OMN,LVA,0.021192633053637125
2018,ABW,FIN,0.020652628600254797
2018,JOR,EST,0.019954498479670908
2018,SWZ,LVA,0.019883757556279323
2018,GEO,BGR,0.019238625555016056
2018,URY,SVN,0.019112238709904947
2018,FRO,CZE,0.01868711796089241
2018,DNK,LVA,0.018187053594249693
2018,PLW,DEU,0.018102355842515305
2018,HRV,BGR,0.018000131919562495
2018,MNE,SVN,0.01783212886504748
2018,CYP,LVA,0.017787471474416994
2018,FRO,ROU,0.017050953287551664
2018,REU,DEU,0.016530875312399548
2018,PRY,BGR,0.016513584396103575
2018,PLW,FRA,0.016308043726231698
2018,UGA,SWE,0.015872327233090875
2018,URY,LVA,0.015388290789715929
2018,BRN,SWE,0.015078481348942185
2018,GUM,POL,0.015076908854901986
2018,JOR,SVN,0.01490334546930441
2018,REU,FRA,0.014892328919661607
2018,MNE,LVA,0.014357605539576398
2018,FRO,HUN,0.014057624398162567
2018,GEO,FIN,0.01284003245825185
2018,CUW,EST,0.012558185858745297
2018,FRO,SVK,0.012447387190882382
2018,HRV,FIN,0.012013450619903427
2018,JOR,LVA,0.011999484586931066
2018,DJI,EST,0.01183573230624316
2018,SMR,POL,0.011269384580773603
2018,PRY,FIN,0.011021315376283085
2018,GIN,LTU,0.01050454937617945
2018,FRO,PRT,0.010376432026370428
2018,CPV,LTU,0.010317669361331138
2018,KWT,EST,0.010292714077271265
2018,UGA,CZE,0.009841929161438093
2018,GUM,SWE,0.009644626623496286
2018,IOT,POL,0.00956405723300674
2018,GMB,EST,0.00946287153459817
2018,WLF,DEU,0.009391502106896505
2018,CUW,SVN,0.009379287708547865
2018,BRN,CZE,0.009349690383711662
2018,UGA,ROU,0.008980211648594924
2018,DJI,SVN,0.00883971138747747
2018,FRO,AUT,0.008790398955902739
2018,LAO,LTU,0.008617708157365497
2018,BRN,ROU,0.008531071207415085
2018,WLF,FRA,0.008460612991296955
2018,LIE,LTU,0.008373239235913021
2018,VGB,LTU,0.008276707430323955
2018,FRO,ESP,0.008097155455949327
2018,BHS,LTU,0.007783318092356924
2018,KWT,SVN,0.007687282838334519
2018,WSM,LTU,0.007669740719234234
2018,DOM,EST,0.007630546575309528
2018,CUW,LVA,0.007551768730512092
2018,UGA,HUN,0.007403717565991788
2018,BFA,LTU,0.007372595577037128
2018,PLW,POL,0.007265605138747605
2018,SMR,SWE,0.007208971520896962
2018,ABW,EST,0.007131220597351085
2018,DJI,LVA,0.007117326828759722
2018,GMB,SVN,0.007067501283253958
2018,BRN,HUN,0.0070334246259049285
2018,REU,POL,0.006634871928419532
2018,UZB,LTU,0.0065711504448272345
2018,UGA,SVK,0.00655565525053313
2018,CAN,LTU,0.0065163830460251305
2018,BRN,SVK,0.00622777768966205
2018,KWT,LVA,0.006189444653481556
2018,IOT,SWE,0.006118081757064432
2018,GUM,CZE,0.005980328569529237
2018,GNQ,LTU,0.005945065647100808
2018,ATG,DEU,0.005899685603233079
2018,FRO,BGR,0.005849607989915718
2018,DOM,SVN,0.005698999243068474
2018,GMB,LVA,0.005690425206286224
2018,PYF,LTU,0.005471053770085552
2018,UGA,PRT,0.005464946984641301
2018,GUM,ROU,0.005456716401996965
2018,ABW,SVN,0.005326069421810662
2018,ATG,FRA,0.005314906613567933
2018,GHA,LTU,0.005268565498604876
2018,NRU,DEU,0.0052346075559113
2018,BRN,PRT,0.005191620609300218
2018,NRU,FRA,0.004715751344969848
2018,PLW,SWE,0.00464777292423528
2018,UGA,AUT,0.004629632242158897
2018,VCT,LTU,0.004590591085277362
2018,DOM,LVA,0.004588570648045491
2018,CRI,LTU,0.00455497442341665
2018,GUM,HUN,0.004498778944082188
2018,SMR,CZE,0.004470055713542401
2018,GEO,EST,0.004433581105303584
2018,BRN,AUT,0.004398083683047933
2018,ABW,LVA,0.0042883048016013545
2018,UGA,ESP,0.004264522253960211
2018,REU,SWE,0.004244295900450289
2018,HRV,EST,0.004148167681902659
2018,SMR,ROU,0.004078676622252405
2018,BRN,ESP,0.004051234473948409
2018,GUM,SVK,0.0039834641911829245
2018,FRO,FIN,0.0039040812059978
2018,PRY,EST,0.003805589726253176
2018,MLT,LTU,0.00380341359368158
2018,IOT,CZE,0.0037936294011996123
2018,WLF,POL,0.003769395904160121
2018,IOT,ROU,0.0034614753246331046
2018,SMR,HUN,0.003362656798728677
2018,GUM,PRT,0.003320708577264088
2018,GEO,SVN,0.003311292987184588
2018,SSD,LTU,0.0032451858111324397
2018,HRV,SVN,0.003098127276462552
2018,UGA,BGR,0.003080808264785172
2018,SMR,SVK,0.002977479692038138
2018,BRN,BGR,0.0029267233013809293
2018,PLW,CZE,0.0028819372992391293
2018,IOT,HUN,0.0028538064210594702
2018,PRY,SVN,0.002842267294393161
2018,GUM,AUT,0.002813139732063566
2018,FLK,DEU,0.002685555988874032
2018,VUT,LTU,0.00266783752495634
2018,GEO,LVA,0.0026660999870379374
2018,REU,CZE,0.002631753931164348
2018,PLW,ROU,0.0026296071106211663
2018,GUM,ESP,0.0025912850877525474
2018,PAN,LTU,0.002547690497056935
2018,IOT,SVK,0.0025269158205277263
2018,HRV,LVA,0.002494468814323086
2018,SMR,PRT,0.002482096456111119
2018,MUS,LTU,0.002443808487027347
2018,FLK,FRA,0.002419362699353263
2018,WLF,SWE,0.0024112645663398415
2018,REU,ROU,0.002401328735577307
2018,ATG,POL,0.0023679120225431117
2018,PRY,LVA,0.0022884621886578886
2018,SYC,LTU,0.0022206761020876083
2018,PLW,HUN,0.0021679743327217694
2018,IOT,PRT,0.002106495913236493
2018,SMR,AUT,0.0021027091047095695
2018,NRU,POL,0.002100974695693066
2018,UGA,FIN,0.0020561592617087117
2018,REU,HUN,0.0019797706821415824
2018,BRN,FIN,0.0019533215654407897
2018,SMR,ESP,0.0019368816574633974
2018,PLW,SVK,0.001919642691748824
2018,YEM,LTU,0.001902212821893881
2018,GUM,BGR,0.0018720156771017062
2018,MDG,LTU,0.0017991301960329762
2018,KAZ,LTU,0.0017950705547098776
2018,IOT,AUT,0.0017845189395804767
2018,REU,SVK,0.0017529969169609216
2018,IOT,ESP,0.0016437851501798027
2018,GGY,LTU,0.001613059800128306
2018,PLW,PRT,0.0016002588816744596
2018,ATG,SWE,0.0015147420173791785
2018,WLF,CZE,0.0014951490542563083
2018,XKV,LTU,0.0014884451781704273
2018,REU,PRT,0.001461339080430137
2018,SMR,BGR,0.001399256625447947
2018,WLF,ROU,0.001364240153853767
2018,PLW,AUT,0.0013556600155907076
2018,FRO,EST,0.0013480542767131973
2018,NRU,SWE,0.0013439834836426147
2018,OMN,LTU,0.001293280003636487
2018,GUM,FIN,0.0012494001709012503
2018,PLW,ESP,0.00124874763326659
2018,REU,AUT,0.0012379740448534757
2018,SWZ,LTU,0.0012134059028723963
2018,IOT,BGR,0.0011875156405860606
2018,REU,ESP,0.0011403428151435416
2018,WLF,HUN,0.0011247450713368014
2018,DNK,LTU,0.0011098645778926236
2018,CYP,LTU,0.001085480087108378
2018,FLK,POL,0.0010778812195996685
2018,FRO,SVN,0.0010068165139653963
2018,WLF,SVK,0.0009959106174294795
2018,ATG,CZE,0.0009392437173182335
2018,URY,LTU,0.0009390701343298924
2018,SMR,FIN,0.0009338765098783898
2018,PLW,BGR,0.0009021296642609872
2018,MNE,LTU,0.0008761725877779902
2018,ATG,ROU,0.000857007526957077
2018,NRU,CZE,0.0008333617399581288
2018,WLF,PRT,0.0008302142986013301
2018,REU,BGR,0.0008238150396143745
2018,FRO,LVA,0.0008106420981838322
2018,IOT,FIN,0.0007925586641417447
2018,NRU,ROU,0.0007603961257908303
2018,JOR,LTU,0.0007322683043180813
2018,UGA,EST,0.0007099786454471208
2018,ATG,HUN,0.000706558144708322
2018,WLF,AUT,0.000703316408285035
2018,FLK,SWE,0.0006895154708146699
2018,BRN,EST,0.0006744694464969739
2018,WLF,ESP,0.0006478502649506898
2018,NRU,HUN,0.0006269070678874839
2018,ATG,SVK,0.0006256251092613865
2018,PLW,FIN,0.000602089485942659
2018,NRU,SVK,0.000555097702547541
2018,REU,FIN,0.000549821598117578
2018,UGA,SVN,0.0005302592315064654
2018,ATG,PRT,0.0005215356701522478
2018,BRN,SVN,0.0005037386020939326
2018,WLF,BGR,0.00046802486462577873
2018,NRU,PRT,0.00046274238040076865
2018,CUW,LTU,0.0004608465341017373
2018,ATG,AUT,0.0004418191724015918
2018,DJI,LTU,0.0004343347258306211
2018,GUM,EST,0.0004314098900202486
2018,FLK,CZE,0.0004275467812511904
2018,UGA,LVA,0.00042694021209163576
2018,ATG,ESP,0.0004069756720145556
2018,BRN,LVA,0.00040558702769912154
2018,NRU,AUT,0.0003920124111244915
2018,FLK,ROU,0.0003901126011305478
2018,KWT,LTU,0.00037771073484371405
2018,NRU,ESP,0.0003610968568616634
2018,GMB,LTU,0.00034725808316753647
2018,SMR,EST,0.00032246158740998975
2018,GUM,SVN,0.0003222055736653333
2018,FLK,HUN,0.00032162755519875703
2018,WLF,FIN,0.0003123640218413156
2018,ATG,BGR,0.0002940104281891363
2018,FLK,SVK,0.0002847865754144847
2018,DOM,LTU,0.00028001743102762264
2018,IOT,EST,0.00027366543890044786
2018,ABW,LTU,0.0002616937138189892
2018,NRU,BGR,0.0002608663092270829
2018,GUM,LVA,0.0002594250279565519
2018,SMR,SVN,0.00024083574150697651
2018,FLK,PRT,0.00023740472570627373
2018,PLW,EST,0.0002078976495781193
2018,IOT,SVN,0.00020439153522687058
2018,FLK,AUT,0.0002011175178203114
2018,ATG,FIN,0.0001962252152690169
2018,SMR,LVA,0.00019390980193992379
2018,REU,EST,0.00018984988212668433
2018,FLK,ESP,0.0001852566436261916
2018,NRU,FIN,0.00017410453091680402
2018,IOT,LVA,0.0001645666123559627
2018,GEO,LTU,0.00016269869780715642
2018,PLW,SVN,0.00015527177979820614
2018,HRV,LTU,0.00015222490896218312
2018,REU,SVN,0.0001417925077657657
2018,PRY,LTU,0.00013965335879590008
2018,FLK,BGR,0.00013383449887262742
2018,PLW,LVA,0.0001250176567611225
2018,REU,LVA,0.00011416477025121398
2018,WLF,EST,0.00010785729940443184
2018,GRD,DEU,0.00010282438986881147
2018,GRD,FRA,9.263239882653166e-05
2018,FLK,FIN,8.932235333778096e-05
2018,WLF,SVN,8.05549984655369e-05
2018,ATG,EST,6.775531211696704e-05
2018,WLF,LVA,6.485915960804611e-05
2018,NRU,EST,6.0117181255597846e-05
2018,ATG,SVN,5.06041695254052e-05
2018,FRO,LTU,4.946941765252476e-05
2018,NRU,SVN,4.4899505833520806e-05
2018,GRD,POL,4.1269844760471665e-05
2018,ATG,LVA,4.0744137180823716e-05
2018,NRU,LVA,3.615100578053638e-05
2018,FLK,EST,3.084243745701197e-05
2018,GRD,SWE,2.6400122687946792e-05
2018,UGA,LTU,2.6054017811235185e-05
2018,BRN,LTU,2.475094016538967e-05
2018,FLK,SVN,2.3035181816548696e-05
2018,FLK,LVA,1.8546863168014032e-05
2018,GRD,CZE,1.6369882849085492e-05
2018,GUM,LTU,1.5831407086127243e-05
2018,GRD,ROU,1.493660543945752e-05
2018,GRD,HUN,1.2314454535790689e-05
2018,SMR,LTU,1.183334174301554e-05
2018,GRD,SVK,1.0903889541360887e-05
2018,IOT,LTU,1.0042674191899778e-05
2018,GRD,PRT,9.08973641728277e-06
2018,GRD,AUT,7.70037420462558e-06
2018,PLW,LTU,7.6291999763050315e-06
2018,GRD,ESP,7.093094103762695e-06
2018,REU,LTU,6.966902796455922e-06
2018,GRD,BGR,5.124246430529935e-06
2018,WLF,LTU,3.958028903791996e-06
2018,GRD,FIN,3.4199683498144075e-06
2018,ATG,LTU,2.4864101477158276e-06
2018,NRU,LTU,2.2061143968748534e-06
2018,GRD,EST,1.1808932030174802e-06
2018,FLK,LTU,1.1318219498571482e-06
2018,GRD,SVN,8.819695160393319e-07
2018,GRD,LVA,7.101210688334776e-07
2018,GRD,LTU,4.333512386870166e-08
2019,NLD,LUX,1847.654365822637
2019,CYM,LUX,1387.8900448110783
2019,SGP,LUX,1283.18120974397
2019,CHE,LUX,1277.3424966817302
2019,IRL,LUX,1107.1551231536916
2019,GBR,LUX,1040.1948543079081
2019,ASM,LUX,947.4960561085275
2019,NLD,DNK,727.7471979795018
2019,BMU,LUX,709.0137186296881
2019,CYM,DNK,546.6569450965507
2019,SGP,DNK,505.4146203775233
2019,CHE,DNK,503.11488989250944
2019,NLD,DEU,482.9129188897174
2019,PRI,LUX,458.03926143613296
2019,IRL,DNK,436.0821231004491
2019,NLD,FRA,427.6348201699754
2019,TLS,LUX,421.4784681414259
2019,GBR,DNK,409.7080625998117
2019,BHS,LUX,385.317924547962
2019,ASM,DNK,373.19620632758586
2019,CYM,DEU,362.74643409255276
2019,SGP,DEU,335.37916772978474
2019,CHE,DEU,333.8531301658325
2019,CYM,FRA,321.22355820821184
2019,SGP,FRA,296.9889693790429
2019,CHE,FRA,295.63761435475874
2019,IRL,DEU,289.3720395306758
2019,BMU,DNK,279.2636743139185
2019,NLD,POL,272.59218747789055
2019,GBR,DEU,271.8709422063607
2019,IRL,FRA,256.24818729519075
2019,HKG,LUX,253.73202553073253
2019,ASM,DEU,247.64268391082138
2019,LBR,LUX,241.0507762575027
2019,GBR,FRA,240.75040640279377
2019,ASM,FRA,219.29550951772865
2019,CYM,POL,204.76123147924108
2019,BRB,LUX,203.51271896087545
2019,SGP,POL,189.31309846952823
2019,CHE,POL,188.45168867604502
2019,BMU,DEU,185.31165283387367
2019,GIB,LUX,180.68002432592493
2019,PRI,DNK,180.41079286294632
2019,TLS,DNK,166.01036420686245
2019,BMU,FRA,164.09938983867147
2019,IRL,POL,163.34323263076638
2019,NLD,ITA,161.9426649076814
2019,MHL,LUX,157.86968593501834
2019,GBR,POL,153.46430370530524
2019,BHS,DNK,151.76758440759932
2019,IMN,LUX,140.25936771693307
2019,ASM,POL,139.78806173864817
2019,IRN,LUX,135.318620549754
2019,CYM,ITA,121.64537730273885
2019,PRI,DEU,119.71561391447304
2019,NLD,ESP,116.42858702333419
2019,SGP,ITA,112.46788820964397
2019,CHE,ITA,111.95613840923721
2019,TLS,DEU,110.15988761984774
2019,PRI,FRA,106.01200138848462
2019,BMU,POL,104.6037636087036
2019,BHS,DEU,100.70877274773059
2019,HKG,DNK,99.9390221641592
2019,NLD,ROU,98.2337675393538
2019,TLS,FRA,97.550100420934
2019,NLD,CZE,97.44445668789227
2019,IRL,ITA,97.03960568938587
2019,LBR,DNK,94.94417908301634
2019,GBR,ITA,91.17069179487996
2019,BHS,FRA,89.18083621065807
2019,CYM,ESP,87.45687497085558
2019,NLD,SVK,84.87259565257699
2019,ASM,ITA,83.04585487092243
2019,SGP,ESP,80.85872439614303
2019,CHE,ESP,80.49080216758888
2019,BRB,DNK,80.1588293333344
2019,VGB,LUX,74.19191542683834
2019,CYM,ROU,73.789595367017
2019,CYM,CZE,73.19669406833873
2019,GIB,DNK,71.16557288327931
2019,IRL,ESP,69.7665694346666
2019,SGP,ROU,68.22256748909503
2019,CHE,ROU,67.9121421236725
2019,SGP,CZE,67.67439740275343
2019,HUN,LUX,67.61050375385243
2019,PRI,POL,67.57645073408628
2019,CHE,CZE,67.36646631313475
2019,HKG,DEU,66.31677186565774
2019,SWE,LUX,65.58265927162587
2019,GBR,ESP,65.54711712116742
2019,CYM,SVK,63.75317416633922
2019,GIN,LUX,63.50086708091425
2019,LBR,DEU,63.002332100849806
2019,CPV,LUX,62.66095917472329
2019,TLS,POL,62.18248376467753
2019,MHL,DNK,62.181122027095725
2019,BMU,ITA,62.143425293656165
2019,ASM,ESP,59.705770226013804
2019,SGP,SVK,58.94334025784935
2019,IRL,ROU,58.8638335230306
2019,HKG,FRA,58.72562050364249
2019,CHE,SVK,58.6751371014423
2019,IRL,CZE,58.39086110507117
2019,BHS,POL,56.847567310136405
2019,NLD,FIN,56.1743263656592
2019,LBR,FRA,55.790578185771636
2019,GBR,ROU,55.30377401956351
2019,IMN,DNK,55.244835687073
2019,GBR,CZE,54.85940677137738
2019,VCT,LUX,54.048303225858916
2019,GUY,LUX,53.4402233453158
2019,IRN,DNK,53.298792653619145
2019,BRB,DEU,53.191182811305765
2019,LIE,LUX,52.22222465468552
2019,LAO,LUX,51.387664411826016
2019,IRL,SVK,50.857525536311584
2019,ASM,ROU,50.375280702881376
2019,ASM,CZE,49.97051402539162
2019,GBR,SVK,47.781684119399316
2019,GIB,DEU,47.22350648815735
2019,BRB,FRA,47.10249199470187
2019,WSM,LUX,45.74376599639776
2019,JEY,LUX,45.22372097939747
2019,BMU,ESP,44.67798034480365
2019,ASM,SVK,43.52353510484975
2019,CYM,FIN,42.19608914904104
2019,GIB,FRA,41.81792392568115
2019,MHL,DEU,41.26167331363368
2019,PRI,ITA,40.1460900920654
2019,UZB,LUX,39.11322325652037
2019,SGP,FIN,39.01262129746108
2019,CHE,FIN,38.83510661766995
2019,MLT,LUX,38.18882260708251
2019,CUW,LUX,37.91763212509776
2019,BMU,ROU,37.69595120517658
2019,HKG,POL,37.434148481457804
2019,BMU,CZE,37.39306326666307
2019,TLS,ITA,36.941620464626375
2019,TWN,LUX,36.68267870490989
2019,IMN,DEU,36.65894548175051
2019,MHL,FRA,36.538530151473495
2019,NLD,PRT,36.255557182605585
2019,GNQ,LUX,35.97227056955963
2019,LBR,POL,35.5632306608496
2019,IRN,DEU,35.36760513144843
2019,NLD,BGR,34.88294773870314
2019,BHS,ITA,33.772231804952106
2019,IRL,FIN,33.66089154762253
2019,PYF,LUX,32.72326548256166
2019,BMU,SVK,32.56877247525418
2019,IMN,FRA,32.46266758560124
2019,GBR,FIN,31.62509520754212
2019,TCD,LUX,31.60038999712717
2019,IRN,FRA,31.31914444327302
2019,BRB,POL,30.025083839973753
2019,VGB,DNK,29.22243443544395
2019,PRI,ESP,28.863008686409128
2019,ASM,FIN,28.806769096295692
2019,CYM,PRT,27.233841899003398
2019,GIB,POL,26.656480765889206
2019,HUN,DNK,26.63017259667055
2019,TLS,ESP,26.55915706648794
2019,CYM,BGR,26.202788138167726
2019,SWE,DNK,25.83145278890958
2019,SGP,PRT,25.179195084359936
2019,CHE,PRT,25.06462506562886
2019,GIN,DNK,25.011484259302343
2019,CPV,DNK,24.680664471468724
2019,PRI,ROU,24.35245637069201
2019,BHS,ESP,24.2805268884307
2019,SGP,BGR,24.225928781249966
2019,PRI,CZE,24.156783756736427
2019,CHE,BGR,24.11569630142103
2019,MHL,POL,23.291176002127447
2019,TLS,ROU,22.408638015916786
2019,HKG,ITA,22.239029737889332
2019,TLS,CZE,22.22858403249046
2019,IRL,PRT,21.72512706922948
2019,BMU,FIN,21.556178885384146
2019,VCT,DNK,21.288343726913833
2019,LBR,ITA,21.127547341802174
2019,GUY,DNK,21.048835495613265
2019,PRI,SVK,21.040180321586
2019,IRL,BGR,20.90262930881685
2019,IMN,POL,20.693051994712082
2019,LIE,DNK,20.569094722314336
2019,BHS,ROU,20.48609963473236
2019,GBR,PRT,20.411200665564657
2019,BHS,CZE,20.32149329669958
2019,LAO,DNK,20.240381252132547
2019,IRN,POL,19.96412287085136
2019,GBR,BGR,19.638447218311512
2019,SSD,LUX,19.61052294240701
2019,VGB,DEU,19.391199511950735
2019,TLS,SVK,19.360748560192924
2019,ASM,PRT,18.59222053538208
2019,WSM,DNK,18.017383632293544
2019,ASM,BGR,17.888332373866632
2019,BRB,ITA,17.8374227673575
2019,JEY,DNK,17.812550244109133
2019,CYP,LUX,17.797716087983574
2019,BHS,SVK,17.699702397146623
2019,HUN,DEU,17.67104622992635
2019,VGB,FRA,17.1715267738921
2019,SWE,DEU,17.141037849527546
2019,GIN,DEU,16.596929404823516
2019,CPV,DEU,16.377406540547632
2019,HKG,ESP,15.988737808090432
2019,VUT,LUX,15.912913629955886
2019,MNG,LUX,15.86751678592622
2019,GIB,ITA,15.836189482277735
2019,HUN,FRA,15.648276078684923
2019,UZB,DNK,15.405770232467711
2019,LBR,ESP,15.18963817025559
2019,SWE,FRA,15.178936722509647
2019,MLT,DNK,15.0416707586252
2019,CUW,DNK,14.934855264865233
2019,GIN,FRA,14.697111308853422
2019,CPV,FRA,14.502716798133665
2019,TWN,DNK,14.448436426038317
2019,GNQ,DNK,14.16862352407664
2019,VCT,DEU,14.12635628970313
2019,GUY,DEU,13.967425249643352
2019,PRI,FIN,13.925790145681798
2019,BMU,PRT,13.91260610995578
2019,MHL,ITA,13.83691567068217
2019,LIE,DEU,13.649082536971415
2019,HKG,ROU,13.490105765629982
2019,LAO,DEU,13.430957366851107
2019,SYC,LUX,13.42581641715939
2019,BMU,BGR,13.385884801008906
2019,HKG,CZE,13.381712418465428
2019,MUS,LUX,13.025419748684008
2019,PYF,DNK,12.888917540089107
2019,BRB,ESP,12.824204974798938
2019,LBR,ROU,12.815885025940705
2019,TLS,FIN,12.814230552765258
2019,LBR,CZE,12.712909059779113
2019,AZE,LUX,12.610652327410014
2019,VCT,FRA,12.509339873311117
2019,TCD,DNK,12.446643539431523
2019,GUY,FRA,12.36860135902235
2019,IMN,ITA,12.293411693497955
2019,LIE,FRA,12.086698714962054
2019,WSM,DEU,11.955837610620065
2019,LAO,FRA,11.893541907077516
2019,IRN,ITA,11.860366543015052
2019,JEY,DEU,11.81991583771756
2019,BHS,FIN,11.714839771159582
2019,HKG,SVK,11.65526193931361
2019,GIB,ESP,11.385419440309128
2019,GHA,LUX,11.371248487665753
2019,YEM,LUX,11.326422496729133
2019,NLD,AUT,11.115352554301994
2019,LBR,SVK,11.072744688335678
2019,VGB,POL,10.94584403526796
2019,MDG,LUX,10.933385446537393
2019,BRB,ROU,10.82010872569419
2019,BRB,CZE,10.73316887349151
2019,WSM,FRA,10.587276228504734
2019,JEY,FRA,10.466913155497734
2019,PAN,LUX,10.32121030440029
2019,UZB,DEU,10.222843167738107
2019,MLT,DEU,9.981236823986237
2019,HUN,POL,9.974860804953133
2019,MHL,ESP,9.94804266816867
2019,CUW,DEU,9.91035701569912
2019,SWE,POL,9.675684414877065
2019,GIB,ROU,9.606168684441858
2019,TWN,DEU,9.587582923386545
2019,KAZ,LUX,9.571493432157133
2019,GIB,CZE,9.528982871726672
2019,GNQ,DEU,9.401906818271373
2019,GIN,POL,9.368548893408574
2019,BRB,SVK,9.348421991703281
2019,CPV,POL,9.244633762059516
2019,UZB,FRA,9.052654275045182
2019,PRI,PRT,8.98786533999956
2019,XKV,LUX,8.928009278205106
2019,MLT,FRA,8.83870413761709
2019,IMN,ESP,8.838341359801905
2019,CUW,FRA,8.775937802559763
2019,PRI,BGR,8.64759119156844
2019,PYF,DEU,8.552729310252351
2019,IRN,ESP,8.527003794640963
2019,TWN,FRA,8.490111030232024
2019,MHL,ROU,8.393417251903955
2019,CYM,AUT,8.349444268388673
2019,MHL,CZE,8.325975928174635
2019,GNQ,FRA,8.325688906252935
2019,GIB,SVK,8.299594843478447
2019,TLS,PRT,8.270451977166678
2019,TCD,DEU,8.259248511975748
2019,VCT,POL,7.973972555871143
2019,TLS,BGR,7.957338585141715
2019,GUY,POL,7.884259984156064
2019,SSD,DNK,7.724119503214168
2019,SGP,AUT,7.719523630172893
2019,HKG,FIN,7.714227225197031
2019,LIE,POL,7.704563535747929
2019,CHE,AUT,7.684398362508826
2019,LAO,POL,7.581437367568815
2019,PYF,FRA,7.573715089174267
2019,BHS,PRT,7.560892505299102
2019,IMN,ROU,7.457133963141118
2019,IMN,CZE,7.397215699744047
2019,DOM,LUX,7.384386784417317
2019,LBR,FIN,7.328678581156388
2019,TCD,FRA,7.313828464722589
2019,BHS,BGR,7.274642526990014
2019,MHL,SVK,7.251794636491191
2019,IRN,ROU,7.194450521005392
2019,IRN,CZE,7.136642925829347
2019,URY,LUX,7.062883175215383
2019,CYP,DNK,7.010097912819306
2019,WSM,POL,6.748769394909543
2019,JEY,POL,6.67204497534638
2019,IRL,AUT,6.660563660495938
2019,JOR,LUX,6.653469164749212
2019,NLD,EST,6.618877191832022
2019,VGB,ITA,6.502751121137376
2019,IMN,SVK,6.442859023270425
2019,VUT,DNK,6.267718963083316
2019,GBR,AUT,6.2577356158576505
2019,MNG,DNK,6.2498382237790295
2019,IRN,SVK,6.215904218141109
2019,BRB,FIN,6.1874071828260515
2019,HUN,ITA,5.92590549194778
2019,UZB,POL,5.77053765251107
2019,SWE,ITA,5.7481695768628756
2019,ASM,AUT,5.70006647469907
2019,MLT,POL,5.634156952853503
2019,CUW,POL,5.594147085166755
2019,MNE,LUX,5.5822203163436335
2019,GIN,ITA,5.565705268936032
2019,GIB,FIN,5.493223647227342
2019,CPV,ITA,5.492089268496991
2019,TWN,POL,5.411949234492216
2019,GNQ,POL,5.307139746744221
2019,NLD,SVN,5.301197081668543
2019,SYC,DNK,5.28811040577102
2019,MUS,DNK,5.130403662045955
2019,SSD,DEU,5.125512135953578
2019,HKG,PRT,4.978851094042163
2019,CYM,EST,4.971857254417134
2019,AZE,DNK,4.967036619903882
2019,PYF,POL,4.827800417823116
2019,MHL,FIN,4.799719809613531
2019,HKG,BGR,4.7903553553876455
2019,VCT,ITA,4.737209740111225
2019,LBR,PRT,4.730013558907308
2019,GUY,ITA,4.683912934088713
2019,VGB,ESP,4.675149227845734
2019,TCD,POL,4.662137894300431
2019,CYP,DEU,4.651707150753795
2019,SGP,EST,4.596757380204236
2019,LIE,ITA,4.5771581440893865
2019,CHE,EST,4.575841279535102
2019,LBR,BGR,4.5509386312198705
2019,SSD,FRA,4.5388047716281665
2019,LAO,ITA,4.50401085406878
2019,GHA,DNK,4.478864866450777
2019,YEM,DNK,4.4612089726298265
2019,MDG,DNK,4.3064010078556265
2019,BMU,AUT,4.265374300618614
2019,IMN,FIN,4.2643124405272745
2019,HUN,ESP,4.260426390133896
2019,VUT,DEU,4.1590850059559425
2019,MNG,DEU,4.1472198417432695
2019,SWE,ESP,4.13264325485925
2019,CYP,FRA,4.119235317765992
2019,IRN,FIN,4.114098661915195
2019,PAN,DNK,4.06527975022007
2019,WSM,ITA,4.009336110367052
2019,GIN,ESP,4.001460644234537
2019,BRB,PRT,3.993423854676642
2019,CYM,SVN,3.9820643900319084
2019,IRL,EST,3.9661767525438765
2019,JEY,ITA,3.9637553580993017
2019,CPV,ESP,3.948534462500323
2019,VGB,ROU,3.944542609350266
2019,VGB,CZE,3.9128481079216684
2019,PRK,LUX,3.904869695466684
2019,BRB,BGR,3.8422356859546247
2019,KAZ,DNK,3.769984069845353
2019,GBR,EST,3.7263040769934532
2019,VUT,FRA,3.6830026678159378
2019,SGP,SVN,3.6816390609495793
2019,MNG,FRA,3.6724956857785975
2019,CHE,SVN,3.6648869187639037
2019,HUN,ROU,3.5946303766708394
2019,HUN,CZE,3.565747429041218
2019,GIB,PRT,3.5453898060563787
2019,XKV,DNK,3.516530935620057
2019,SYC,DEU,3.5090438527994174
2019,SWE,ROU,3.486816487256348
2019,SWE,CZE,3.45879982700412
2019,UZB,ITA,3.42818425591729
2019,GIB,BGR,3.4111638857209643
2019,VGB,SVK,3.408029421080965
2019,VCT,ESP,3.40581425400617
2019,MUS,DEU,3.404394018142123
2019,ASM,EST,3.394227920077091
2019,GIN,ROU,3.376134373810008
2019,GUY,ESP,3.367496545565376
2019,GIN,CZE,3.3490070471891187
2019,MLT,ITA,3.347162660438469
2019,CPV,ROU,3.3314792047819553
2019,CUW,ITA,3.3233934370585025
2019,CPV,CZE,3.30471068359397
2019,AZE,DEU,3.295988165958505
2019,LIE,ESP,3.290745249885019
2019,LAO,ESP,3.238156047240119
2019,TWN,ITA,3.2151526039235474
2019,IRL,SVN,3.1765938567214342
2019,GNQ,ITA,3.152886961204437
2019,SYC,FRA,3.1073704559623208
2019,HUN,SVK,3.1057101658799064
2019,MHL,PRT,3.0977944423434853
2019,MUS,FRA,3.0146996835021835
2019,SWE,SVK,3.0125604794613126
2019,GBR,SVN,2.9844748173820803
2019,MHL,BGR,2.980514162098083
2019,GHA,DEU,2.972050887966827
2019,YEM,DEU,2.9603349250000797
2019,AZE,FRA,2.9187028375066406
2019,GIN,SVK,2.9169326877578077
2019,DOM,DNK,2.9085346754039128
2019,SSD,POL,2.893222588238798
2019,WSM,ESP,2.8825099210129452
2019,CPV,SVK,2.8783512488122125
2019,VCT,ROU,2.873572326727691
2019,PYF,ITA,2.8681191216021396
2019,MDG,DEU,2.8576086399054152
2019,VCT,CZE,2.85048309909487
2019,JEY,ESP,2.8497396650398197
2019,GUY,ROU,2.8412426991005915
2019,GUY,CZE,2.8184132408581646
2019,URY,DNK,2.7819020350871018
2019,LIE,ROU,2.7764856739492227
2019,TCD,ITA,2.769701662236136
2019,PRI,AUT,2.7555304545868986
2019,LIE,CZE,2.7541765400712244
2019,IMN,PRT,2.752236360177289
2019,LAO,ROU,2.732114822771034
2019,ASM,SVN,2.7185080827055192
2019,LAO,CZE,2.710162209824695
2019,PAN,DEU,2.697607240168765
2019,IRN,PRT,2.6552866574850844
2019,IMN,BGR,2.648038661578865
2019,GHA,FRA,2.6318460270928403
2019,DJI,LUX,2.630945384602567
2019,BHR,LUX,2.629430159854935
2019,CYP,POL,2.6257716000762024
2019,YEM,FRA,2.6214711675261877
2019,JOR,DNK,2.62064357439137
2019,IRN,BGR,2.5547594052358535
2019,BMU,EST,2.5399094212323776
2019,TLS,AUT,2.5355834154366983
2019,MDG,FRA,2.5305037596668454
2019,KAZ,DEU,2.5016571913864447
2019,VCT,SVK,2.4827261365811855
2019,UZB,ESP,2.464691125094349
2019,GUY,SVK,2.4547937923178553
2019,WSM,ROU,2.4320471178948253
2019,WSM,CZE,2.412505556683187
2019,MLT,ESP,2.4064406950093993
2019,JEY,ROU,2.4043980173622903
2019,LIE,SVK,2.398844631973027
2019,CUW,ESP,2.3893518253508135
2019,PAN,FRA,2.3888174076830575
2019,JEY,CZE,2.3850786173853287
2019,LAO,SVK,2.3605088396570255
2019,VUT,POL,2.3476987989607627
2019,MNG,POL,2.341001212416686
2019,XKV,DEU,2.3334726993124097
2019,BHS,AUT,2.3180442490041275
2019,TWN,ESP,2.3115321398015136
2019,GNQ,ESP,2.266766291308045
2019,VGB,FIN,2.2556604460082625
2019,LTU,LUX,2.2538918483676675
2019,KAZ,FRA,2.2152973783038856
2019,MNE,DNK,2.198704080627435
2019,WSM,SVK,2.1012545565088945
2019,UZB,ROU,2.0795227463363672
2019,JEY,SVK,2.077366121926406
2019,XKV,FRA,2.0663646365813904
2019,UZB,CZE,2.0628137275268545
2019,PYF,ESP,2.06203261464857
2019,HUN,FIN,2.055565463903498
2019,BMU,SVN,2.0342665411824474
2019,MLT,ROU,2.03037537321841
2019,CUW,ROU,2.0159570581596236
2019,MLT,CZE,2.014061254817327
2019,CUW,CZE,1.9997587912912738
2019,SWE,FIN,1.9939128085852085
2019,TCD,ESP,1.991275438095113
2019,SYC,POL,1.9807669299666886
2019,TWN,ROU,1.9502986052342828
2019,TWN,CZE,1.9346279057257354
2019,GIN,FIN,1.930619978438133
2019,DOM,DEU,1.9300231916946828
2019,MUS,POL,1.9216947324077205
2019,GNQ,ROU,1.9125285174316369
2019,CPV,FIN,1.9050842171441302
2019,GNQ,CZE,1.8971613015510729
2019,AZE,POL,1.8605023574965704
2019,URY,DEU,1.8459932728823738
2019,UZB,SVK,1.796678449998742
2019,MLT,SVK,1.754215809803703
2019,CUW,SVK,1.7417585880699886
2019,PYF,ROU,1.7397894941845937
2019,JOR,DEU,1.7389866170457788
2019,PYF,CZE,1.725810240803433
2019,SSD,ITA,1.7188173309203603
2019,DOM,FRA,1.709097206183298
2019,NLD,LVA,1.7038374673030412
2019,TWN,SVK,1.6850306067872411
2019,TCD,ROU,1.6800898601771805
2019,GHA,POL,1.677647917784324
2019,YEM,POL,1.6710345515880778
2019,TCD,CZE,1.6665902948923912
2019,GNQ,SVK,1.6523977813328776
2019,VCT,FIN,1.6432332156278184
2019,PRI,EST,1.6408402331966394
2019,URY,FRA,1.6346860280710684
2019,GUY,FIN,1.6247457331755408
2019,MDG,POL,1.6130481493402085
2019,LIE,FIN,1.5877148592058048
2019,LAO,FIN,1.562341683182528
2019,NLD,HRV,1.562270790879246
2019,CYP,ITA,1.5599289704138568
2019,JOR,FRA,1.5399282151492677
2019,PRK,DNK,1.5380354853791636
2019,HKG,AUT,1.5264331740073833
2019,PAN,POL,1.5227313865291925
2019,TLS,EST,1.5098680095330004
2019,PYF,SVK,1.5031536910296723
2019,MNE,DEU,1.4589992353092287
2019,VGB,PRT,1.4558292297526958
2019,TCD,SVK,1.4515740456120396
2019,LBR,AUT,1.4501437125646435
2019,KAZ,POL,1.4121225161830044
2019,VGB,BGR,1.4007125771688405
2019,VUT,ITA,1.3947303604770611
2019,MNG,ITA,1.3907514312809128
2019,WSM,FIN,1.3907499626597692
2019,BHS,EST,1.3803296057804877
2019,JEY,FIN,1.374939008484472
2019,HUN,PRT,1.3266856238564866
2019,XKV,POL,1.3171866037213438
2019,PRI,SVN,1.3141832373685036
2019,MNE,FRA,1.2919904421982915
2019,SWE,PRT,1.286894290075256
2019,CYM,LVA,1.2798600769647477
2019,HUN,BGR,1.2764582557533506
2019,GIN,PRT,1.2460443685700282
2019,SWE,BGR,1.2381733933872057
2019,SSD,ESP,1.2357427445346674
2019,CPV,PRT,1.2295632941416563
2019,BRB,AUT,1.2243175251706462
2019,TLS,SVN,1.2092848460337722
2019,GIN,BGR,1.198870020670577
2019,UZB,FIN,1.1891612463169856
2019,GUM,LUX,1.1854884813385091
2019,SGP,LVA,1.1833015216174323
2019,CPV,BGR,1.183012907923227
2019,PRY,LUX,1.1797551099668326
2019,CHE,LVA,1.1779172797049324
2019,SYC,ITA,1.1767419975153521
2019,CYM,HRV,1.1735203932446823
2019,MLT,FIN,1.161056648003204
2019,CUW,FIN,1.1528116304695875
2019,MUS,ITA,1.1416481484099803
2019,CYP,ESP,1.1215100479270617
2019,TWN,FIN,1.1152652810249855
2019,BHS,SVN,1.1055348310336075
2019,AZE,ITA,1.1052947358018317
2019,GNQ,FIN,1.0936667076196092
2019,DOM,POL,1.0894495117602372
2019,GIB,AUT,1.0869577162546546
2019,SGP,HRV,1.0849845947759558
2019,CHE,HRV,1.0800477131588138
2019,VCT,PRT,1.0605616420880086
2019,GUY,PRT,1.0486296079974189
2019,SSD,ROU,1.042627662231551
2019,URY,POL,1.0420167376789378
2019,DJI,DNK,1.0362669377446845
2019,BHR,DNK,1.0356701266826178
2019,SSD,CZE,1.0342501221203702
2019,LIE,PRT,1.0247294554616797
2019,IRL,LVA,1.0209768752425075
2019,PRK,DEU,1.0205978225165704
2019,VCT,BGR,1.0204095374481958
2019,GUY,BGR,1.0089292416275553
2019,LAO,PRT,1.0083533154394901
2019,VUT,ESP,1.0027406010729871
2019,MNG,ESP,0.9998799521856939
2019,GHA,ITA,0.9966638336062065
2019,PYF,FIN,0.994887046500766
2019,YEM,ITA,0.99273493837359
2019,LIE,BGR,0.9859339317595496
2019,JOR,POL,0.9816141738869913
2019,LAO,BGR,0.9701777806768735
2019,TCD,FIN,0.9607482080071761
2019,GBR,LVA,0.9592286300130302
2019,MDG,ITA,0.958286142920894
2019,MHL,AUT,0.949732400855922
2019,CYP,ROU,0.9462466234262262
2019,CYP,CZE,0.938643507443426
2019,IRL,HRV,0.9361470098901412
2019,HKG,EST,0.9089476623377943
2019,PAN,ITA,0.9046303966180503
2019,PRK,FRA,0.9037719829512625
2019,SSD,SVK,0.9008156584986879
2019,WSM,PRT,0.8976060428335169
2019,LTU,DNK,0.8877544997265279
2019,JEY,PRT,0.8874014709178226
2019,GBR,HRV,0.8795292386758734
2019,LCA,LUX,0.8764418211658831
2019,ASM,LVA,0.873745279626906
2019,WSM,BGR,0.8636233205409934
2019,LBR,EST,0.8635194517746426
2019,JEY,BGR,0.8538050864137908
2019,VUT,ROU,0.8460378127610026
2019,SYC,ESP,0.8460179912429593
2019,IMN,AUT,0.8437900237488745
2019,MNG,ROU,0.8436242103546646
2019,VUT,CZE,0.8392398771520329
2019,KAZ,ITA,0.8389194333214859
2019,MNG,CZE,0.8368456681031742
2019,MNE,POL,0.8235683443630082
2019,MUS,ESP,0.8207872883464877
2019,CYP,SVK,0.8175437944543552
2019,IRN,AUT,0.8140668527593626
2019,ASM,HRV,0.8011484400506808
2019,AZE,ESP,0.7946510229845717
2019,XKV,ITA,0.7825195239853804
2019,UZB,PRT,0.7674983636571121
2019,MLT,PRT,0.7493593322314968
2019,CUW,PRT,0.7440379029594161
2019,UZB,BGR,0.7384414249696312
2019,VUT,SVK,0.7309647892766504
2019,BRB,EST,0.7290463620765554
2019,MNG,SVK,0.7288794706919067
2019,HKG,SVN,0.7279951803488375
2019,MLT,BGR,0.7209891242902196
2019,TWN,PRT,0.7198050566155919
2019,GHA,ESP,0.7165508975054911
2019,CUW,BGR,0.7158691605214031
2019,SYC,ROU,0.7138069507724578
2019,YEM,ESP,0.7137262205078818
2019,SYC,CZE,0.708071493544192
2019,GNQ,PRT,0.7058650885941855
2019,TWN,BGR,0.6925537523947505
2019,MUS,ROU,0.6925191634123848
2019,LBR,SVN,0.6916107770304029
2019,MDG,ESP,0.6889592785688956
2019,DJI,DEU,0.6876380878477666
2019,BHR,DEU,0.6872420605283781
2019,MUS,CZE,0.6869547541036665
2019,GNQ,BGR,0.6791415415846733
2019,AZE,ROU,0.670467329910405
2019,AZE,CZE,0.6650801076516567
2019,BMU,LVA,0.6538258242337753
2019,PAN,ESP,0.6503835102172766
2019,GIB,EST,0.6472524916737149
2019,DOM,ITA,0.6472245549265236
2019,PYF,PRT,0.6421115576864795
2019,TCD,PRT,0.6200779581539227
2019,URY,ITA,0.6190455014115996
2019,PYF,BGR,0.617801673723581
2019,SYC,SVK,0.616719181442771
2019,DJI,FRA,0.6089254988557457
2019,BHR,FRA,0.6085748040101854
2019,GHA,ROU,0.6045722626657192
2019,KAZ,ESP,0.6031406504500708
2019,YEM,ROU,0.6021890106599099
2019,GHA,CZE,0.5997145089689211
2019,BMU,HRV,0.5995014237712507
2019,MUS,SVK,0.5983268321090687
2019,YEM,CZE,0.5973504064543415
2019,TCD,BGR,0.5966022504980997
2019,SSD,FIN,0.5962196914884274
2019,LTU,DEU,0.5890893402416009
2019,BRB,SVN,0.5839084689183621
2019,JOR,ITA,0.5831613029749978
2019,MDG,ROU,0.5812925102445313
2019,AZE,SVK,0.5792743576382947
2019,MDG,CZE,0.576621809957835
2019,PRK,POL,0.576101781693063
2019,MHL,EST,0.5655387083458893
2019,XKV,ESP,0.5625919676431632
2019,PAN,ROU,0.5487451508907204
2019,PAN,CZE,0.544335969474448
2019,CYP,FIN,0.5411048357221291
2019,GHA,SVK,0.5223419449064194
2019,LTU,FRA,0.5216574339271222
2019,YEM,SVK,0.5202828486415203
2019,GIB,SVN,0.5183980485689709
2019,KAZ,ROU,0.5088851455181921
2019,KAZ,CZE,0.504796240271387
2019,IMN,EST,0.5024530275223051
2019,MDG,SVK,0.5022285657331728
2019,ABW,LUX,0.4995131286735706
2019,MNE,ITA,0.48926879986452315
2019,IRN,EST,0.4847537222082996
2019,VUT,FIN,0.483801094085958
2019,MNG,FIN,0.48242089160887947
2019,XKV,ROU,0.47467318793356167
2019,PAN,SVK,0.4741081043155807
2019,XKV,CZE,0.47085917664682464
2019,GUM,DNK,0.46693577353519594
2019,DOM,ESP,0.4653217264261974
2019,PRY,DNK,0.4646775346416594
2019,UGA,LUX,0.4596025443732396
2019,MHL,SVN,0.45295177163182987
2019,VGB,AUT,0.44633309773881596
2019,URY,ESP,0.445062411894923
2019,KAZ,SVK,0.43966961942964916
2019,PRI,LVA,0.42238660518263405
2019,JOR,ESP,0.4192634877953337
2019,XKV,SVK,0.41011096851666046
2019,SYC,FIN,0.4081857554603554
2019,HUN,AUT,0.4067398099446099
2019,IMN,SVN,0.40242513132949015
2019,MUS,FIN,0.3960124758975164
2019,SWE,AUT,0.3945404469240221
2019,DOM,ROU,0.3926038052458781
2019,DOM,CZE,0.38944922356212547
2019,TLS,LVA,0.38867161465078287
2019,IRN,SVN,0.388249387776799
2019,DJI,POL,0.3881543922877392
2019,BHR,POL,0.38793084483421214
2019,PRI,HRV,0.3872917859823704
2019,SSD,PRT,0.3848070554054516
2019,AZE,FIN,0.3834022816320351
2019,GIN,AUT,0.38201653846333467
2019,CPV,AUT,0.37696371437288223
2019,URY,ROU,0.37551050500877214
2019,URY,CZE,0.37249326843253594
2019,SSD,BGR,0.37023853572529547
2019,TLS,HRV,0.3563780715386715
2019,BHS,LVA,0.3553257193619976
2019,JOR,ROU,0.35374329493126283
2019,MNE,ESP,0.3517595259736083
2019,JOR,CZE,0.35090095844845265
2019,CYP,PRT,0.3492352927493417
2019,GHA,FIN,0.34572062586323715
2019,LCA,DNK,0.3452096297575336
2019,YEM,FIN,0.34435777906076354
2019,PRK,ITA,0.34225286736438454
2019,DOM,SVK,0.33920417437870864
2019,CYP,BGR,0.3360134945417618
2019,LTU,POL,0.33252610480076467
2019,MDG,FIN,0.33240825433380705
2019,BHS,HRV,0.3258027853361398
2019,VCT,AUT,0.32515061064992995
2019,URY,SVK,0.3244358030158695
2019,GUY,AUT,0.3214924468837836
2019,PNG,LUX,0.3189692841097045
2019,LIE,AUT,0.3141650564868216
2019,PAN,FIN,0.313796263442295
2019,VUT,PRT,0.3122507979439436
2019,MNG,PRT,0.31135999936977704
2019,GUM,DEU,0.30984566887780834
2019,LAO,AUT,0.3091444035450268
2019,PRY,DEU,0.30834716398674755
2019,JOR,SVK,0.30562923918685786
2019,VUT,BGR,0.3004292062369056
2019,MNG,BGR,0.2995721326591405
2019,FRO,LUX,0.29828778104620557
2019,MNE,ROU,0.2967884811426889
2019,MNE,CZE,0.2944037780551191
2019,KAZ,FIN,0.29100258457991884
2019,WSM,AUT,0.2751911264448371
2019,GUM,FRA,0.27437824027496444
2019,PRY,FRA,0.2730512663122759
2019,JEY,AUT,0.27206257393253175
2019,XKV,FIN,0.2714387042655738
2019,VGB,EST,0.26577870077902327
2019,SYC,PRT,0.26344778755130716
2019,MNE,SVK,0.2564210798926628
2019,GGY,LUX,0.25621665418978545
2019,MUS,PRT,0.25559101272471735
2019,SYC,BGR,0.25347384288547753
2019,AZE,PRT,0.24745224811720054
2019,PRK,ESP,0.24606250474287333
2019,MUS,BGR,0.245914519930094
2019,HUN,EST,0.24220202084463058
2019,AZE,BGR,0.23808388312504647
2019,UZB,AUT,0.23530226977153246
2019,SWE,EST,0.23493764616489127
2019,HKG,LVA,0.2339821450109104
2019,DJI,ITA,0.23059632509752837
2019,BHR,ITA,0.23046351912574892
2019,MLT,AUT,0.2297411435620031
2019,LCA,DEU,0.22907156550775856
2019,CUW,AUT,0.22810968160007422
2019,GIN,EST,0.22748001388034864
2019,DOM,FIN,0.22450787382705667
2019,CPV,EST,0.22447120044296548
2019,GHA,PRT,0.22313207351344974
2019,LBR,LVA,0.2222879731768193
2019,YEM,PRT,0.22225247649155436
2019,TWN,AUT,0.22068029279909163
2019,GNQ,AUT,0.21640652979020408
2019,URY,FIN,0.21473318381732334
2019,GHA,BGR,0.2146844529238802
2019,HKG,HRV,0.21454127975975687
2019,MDG,PRT,0.21454011561297373
2019,YEM,BGR,0.2138381568156351
2019,VGB,SVN,0.21286771639729377
2019,PRK,ROU,0.2076092092934029
2019,BTN,LUX,0.2074269104522602
2019,MDG,BGR,0.20641778039955783
2019,PRK,CZE,0.20594106395129352
2019,LBR,HRV,0.20381874111947124
2019,LCA,FRA,0.20285019076976882
2019,PAN,PRT,0.20252772234176816
2019,JOR,FIN,0.20228574956337375
2019,LTU,ITA,0.1975484479619375
2019,PYF,AUT,0.1968607545301088
2019,ABW,DNK,0.1967463647262374
2019,PAN,BGR,0.19486016773935988
2019,HUN,SVN,0.1939846606702783
2019,VCT,EST,0.1936179667021117
2019,GUY,EST,0.19143963393241817
2019,TCD,AUT,0.19010561832819783
2019,SWE,SVN,0.18816647115923799
2019,KAZ,PRT,0.1878164194946721
2019,BRB,LVA,0.18767178648365215
2019,LIE,EST,0.18707638077088617
2019,LAO,EST,0.18408672434008877
2019,GIN,SVN,0.18219349759330422
2019,UGA,DNK,0.18102653290511708
2019,KAZ,BGR,0.18070582428798707
2019,CPV,SVN,0.17978367602519538
2019,PRK,SVK,0.17937144136359492
2019,XKV,PRT,0.1751896658272885
2019,GUM,POL,0.17490008106252455
2019,PRY,POL,0.17405421276987312
2019,BRB,HRV,0.17207870816435641
2019,MNE,FIN,0.1697165182491724
2019,XKV,BGR,0.16855711047646302
2019,GIB,LVA,0.16661633297560555
2019,DJI,ESP,0.16578709705181077
2019,BHR,ESP,0.16569161627377516
2019,WSM,EST,0.16386851081168205
2019,JEY,EST,0.1620055465227867
2019,VCT,SVN,0.15507267626999663
2019,GUY,SVN,0.15332800402621297
2019,GIB,HRV,0.15277268829122573
2019,LIE,SVN,0.1498333833743842
2019,LAO,SVN,0.14743890505324345
2019,MHL,LVA,0.14558149555622513
2019,DOM,PRT,0.14489996737118035
2019,LTU,ESP,0.14202734454180319
2019,UZB,EST,0.14011582799272743
2019,DJI,ROU,0.13987880098165162
2019,BHR,ROU,0.13979824141467734
2019,DOM,BGR,0.13941415832311913
2019,DJI,CZE,0.13875487121422195
2019,BHR,CZE,0.13867495894544252
2019,URY,PRT,0.13859126986614403
2019,MLT,EST,0.13680433505992726
2019,CUW,EST,0.1358328457332146
2019,MHL,HRV,0.1334855715786156
2019,URY,BGR,0.13334430358997904
2019,TWN,EST,0.13140885541497285
2019,WSM,SVN,0.1312457152648596
2019,JOR,PRT,0.13055755244453773
2019,ABW,DEU,0.1305554477360755
2019,JEY,SVN,0.12975362822874836
2019,IMN,LVA,0.1293419214529032
2019,LCA,POL,0.12930513284736728
2019,GNQ,EST,0.12886395075588733
2019,PNG,DNK,0.12563442981881168
2019,JOR,BGR,0.12561473695957429
2019,IRN,LVA,0.12478574996562235
2019,DJI,SVK,0.12085331972355604
2019,BHR,SVK,0.12078371738899206
2019,UGA,DEU,0.1201242019816858
2019,LTU,ROU,0.11983209196857314
2019,LTU,CZE,0.11886923802421802
2019,PRK,FIN,0.11871994499948281
2019,IMN,HRV,0.11859529432811158
2019,SSD,AUT,0.1179754613802082
2019,FRO,DNK,0.1174884766671438
2019,PYF,EST,0.11722499594687874
2019,ABW,FRA,0.11561102060219917
2019,IRN,HRV,0.11441768128143844
2019,TCD,EST,0.11320250392819396
2019,UZB,SVN,0.11222169514902655
2019,MLT,SVN,0.10956945124684485
2019,MNE,PRT,0.10953699546234669
2019,CUW,SVN,0.10879136514033774
2019,MCO,LUX,0.10853768209267688
2019,CYP,AUT,0.10706974888738476
2019,UGA,FRA,0.10637381917759625
2019,MNE,BGR,0.1053900032186183
2019,TWN,SVN,0.10524809883025503
2019,GUM,ITA,0.10390534476389575
2019,LTU,SVK,0.1035332446531352
2019,PRY,ITA,0.103402827920914
2019,GNQ,SVN,0.10320983149867238
2019,GGY,DNK,0.10091765841674656
2019,VUT,AUT,0.09573091614695228
2019,MNG,AUT,0.09545781207750274
2019,PYF,SVN,0.09388794933060172
2019,TCD,SVN,0.09066625140020328
2019,PNG,DEU,0.08336753392564293
2019,BTN,DNK,0.08170053645285953
2019,SYC,AUT,0.08076872253086087
2019,DJI,FIN,0.07998876165298788
2019,BHR,FIN,0.07994269420061945
2019,MUS,AUT,0.07835996566918976
2019,FRO,DEU,0.07796210464397413
2019,LCA,ITA,0.0768181142434349
2019,PRK,PRT,0.0766232197717255
2019,AZE,AUT,0.07586475541732726
2019,GUM,ESP,0.07470268864557235
2019,PRY,ESP,0.07434140444651866
2019,PNG,FRA,0.07382461512993443
2019,PRK,BGR,0.07372231951659598
2019,ABW,POL,0.07369526408064377
2019,SSD,EST,0.07025104122523762
2019,FRO,FRA,0.06903793478159642
2019,LTU,FIN,0.06852518448532059
2019,VGB,LVA,0.06841699812126027
2019,GHA,AUT,0.06840859322014091
2019,YEM,AUT,0.06813892336084629
2019,UGA,POL,0.06780708841359787
2019,GGY,DEU,0.06696616782428233
2019,MDG,AUT,0.06577444142061124
2019,CYP,EST,0.06375699874419284
2019,GUM,ROU,0.0630285631612377
2019,VGB,HRV,0.06273243769763553
2019,PRY,ROU,0.06272373847055955
2019,GUM,CZE,0.06252212703340353
2019,HUN,LVA,0.06234786744205647
2019,PRY,CZE,0.06221975161696346
2019,PAN,AUT,0.06209164086239958
2019,IOT,LUX,0.060649013575308296
2019,SWE,LVA,0.060477865416464945
2019,GGY,FRA,0.059300681375122205
2019,GIN,LVA,0.05855811484012051
2019,CPV,LVA,0.05778358331186303
2019,KAZ,AUT,0.057581399388106844
2019,HUN,HRV,0.0571675726397275
2019,VUT,EST,0.057005045439877736
2019,MNG,EST,0.056842419712313526
2019,SSD,SVN,0.05626552720859993
2019,SWE,HRV,0.05545294339865855
2019,LCA,ESP,0.05522833963649291
2019,GUM,SVK,0.05445579345822804
2019,BTN,DEU,0.054214217028723546
2019,PRY,SVK,0.0541924292061496
2019,XKV,AUT,0.053710246121246266
2019,GIN,HRV,0.05369269906271035
2019,CPV,HRV,0.052982521004983366
2019,DJI,PRT,0.05162566798217232
2019,BHR,PRT,0.05159593551786598
2019,CYP,SVN,0.05106431285592551
2019,VCT,LVA,0.04984131544504155
2019,DJI,BGR,0.04967115714502818
2019,BHR,BGR,0.04964255033053854
2019,GUY,LVA,0.04928056701571006
2019,LIE,LVA,0.048157374365282744
2019,SYC,EST,0.04809548350007285
2019,BTN,FRA,0.048008421483188166
2019,LAO,LVA,0.047387774251317474
2019,PNG,POL,0.04705887448543912
2019,MUS,EST,0.04666113710624539
2019,LCA,ROU,0.04659755835006748
2019,LCA,CZE,0.046223145768949835
2019,PLW,LUX,0.04585785903344249
2019,VCT,HRV,0.0457001520350638
2019,VUT,SVN,0.04565653233439414
2019,MNG,SVN,0.04552628199020713
2019,GUY,HRV,0.0451859944883568
2019,AZE,EST,0.0451753101705549
2019,DOM,AUT,0.04442392691209978
2019,LTU,PRT,0.04422694325489814
2019,LIE,HRV,0.04415612450136188
2019,FRO,POL,0.04400764571414249
2019,ABW,ITA,0.043781179375372827
2019,LAO,HRV,0.043450468121702376
2019,MCO,DNK,0.042750416679240476
2019,LTU,BGR,0.042552542840063635
2019,URY,AUT,0.04248978488323124
2019,REU,LUX,0.04221178131487955
2019,WSM,LVA,0.04218318308982205
2019,JEY,LVA,0.04170361710549097
2019,GHA,EST,0.04073537705422236
2019,YEM,EST,0.04057479630140415
2019,UGA,ITA,0.04028310825386162
2019,LCA,SVK,0.040259636042751484
2019,JOR,AUT,0.040026780356420814
2019,MDG,EST,0.03916681436756405
2019,WSM,HRV,0.03867831062070383
2019,SYC,SVN,0.03852067796131039
2019,JEY,HRV,0.038238590316392394
2019,GGY,POL,0.03780071615437857
2019,MUS,SVN,0.03737187995574485
2019,PAN,EST,0.036973811086945745
2019,AZE,SVN,0.03618185010822522
2019,UZB,LVA,0.03606874558585345
2019,GUM,FIN,0.03604246448106068
2019,PRY,FIN,0.035868152509857844
2019,MLT,LVA,0.03521629802290774
2019,CUW,LVA,0.034966216345009155
2019,KAZ,EST,0.034288090208726994
2019,TWN,LVA,0.03382738867972052
2019,MNE,AUT,0.03358222619971495
2019,GNQ,LVA,0.03317227697675451
2019,UZB,HRV,0.03307190314439271
2019,GHA,SVN,0.03262581487793704
2019,YEM,SVN,0.03249720239676537
2019,MLT,HRV,0.032290282858477605
2019,CUW,HRV,0.032060979707084034
2019,XKV,EST,0.031982928232178374
2019,ABW,ESP,0.031476454063514764
2019,MDG,SVN,0.031369520238237636
2019,TWN,HRV,0.031016773771090727
2019,BTN,POL,0.030602560905262886
2019,GNQ,HRV,0.030416093308342735
2019,PYF,LVA,0.030176166502260755
2019,PAN,SVN,0.029613098075631308
2019,TCD,LVA,0.029140692899302788
2019,ATG,LUX,0.029025983110727
2019,UGA,ESP,0.028961517816066602
2019,MCO,DEU,0.02836799448990138
2019,PNG,ITA,0.027956925736715096
2019,PYF,HRV,0.02766892054663679
2019,KAZ,SVN,0.027462048090996564
2019,TCD,HRV,0.026719481298074946
2019,LCA,FIN,0.026646503704043492
2019,ABW,ROU,0.02655748687235001
2019,DOM,EST,0.026453188522239764
2019,ABW,CZE,0.02634409678153938
2019,FRO,ITA,0.026144239456016596
2019,XKV,SVN,0.025615795684631782
2019,URY,EST,0.025301461800293645
2019,MCO,FRA,0.02512076556196297
2019,UGA,ROU,0.02443557103514583
2019,UGA,CZE,0.024239230592721355
2019,WLF,LUX,0.024174614738705247
2019,IOT,DNK,0.023888206856264516
2019,JOR,EST,0.023834812460451067
2019,PRK,AUT,0.023491408429301735
2019,GUM,PRT,0.023262221668473262
2019,PRY,PRT,0.023149718714749894
2019,ABW,SVK,0.02294529570967131
2019,GGY,ITA,0.0224568017377806
2019,GUM,BGR,0.022381530606756038
2019,PRY,BGR,0.02227328693433318
2019,DOM,SVN,0.02118691157587566
2019,UGA,SVK,0.02111199022449095
2019,URY,SVN,0.020264469572450223
2019,PNG,ESP,0.02009961589120195
2019,MNE,EST,0.019997263240940474
2019,JOR,SVN,0.019089799462269113
2019,FRO,ESP,0.018796386118500468
2019,BTN,ITA,0.01818049266874114
2019,SSD,LVA,0.018084087782187716
2019,PLW,DNK,0.018062322171424106
2019,LCA,PRT,0.017197960371965443
2019,PNG,ROU,0.01695855842251972
2019,PNG,CZE,0.016822295968952752
2019,REU,DNK,0.016626218702949752
2019,SSD,HRV,0.01658153589410604
2019,LCA,BGR,0.01654685790225232
2019,CYP,LVA,0.016412385381194976
2019,GGY,ESP,0.016145304863813763
2019,MNE,SVN,0.016016226085151037
2019,MCO,POL,0.016013018848495375
2019,FRO,ROU,0.01585899023385601
2019,IOT,DEU,0.01585155357798435
2019,DJI,AUT,0.015827573620865412
2019,BHR,AUT,0.01581845814040517
2019,FRO,CZE,0.015731562838996193
2019,FLK,LUX,0.015662841983226674
2019,ABW,FIN,0.01518672216680933
2019,CYP,HRV,0.015048730164550408
2019,VUT,LVA,0.014674291338361041
2019,PNG,SVK,0.014651956327222302
2019,MNG,LVA,0.014632428073680245
2019,IOT,FRA,0.014037057197229611
2019,PRK,EST,0.013988467455001008
2019,UGA,FIN,0.013973318713543459
2019,FRO,SVK,0.013701944853504728
2019,GGY,ROU,0.013622205382652429
2019,LTU,AUT,0.013559247323142962
2019,GGY,CZE,0.01351275061166385
2019,VUT,HRV,0.013455049072879869
2019,MNG,HRV,0.013416664099619963
2019,NRU,LUX,0.013138636598946454
2019,BTN,ESP,0.013070854885686238
2019,SYC,LVA,0.012380783691923657
2019,MUS,LVA,0.012011552921195642
2019,PLW,DEU,0.011985657582668643
2019,GGY,SVK,0.011769394153339857
2019,AZE,LVA,0.011629069981931917
2019,ATG,DNK,0.011432645774106675
2019,SYC,HRV,0.01135210200577558
2019,PRK,SVN,0.011203655952550073
2019,REU,DEU,0.011032699028222744
2019,BTN,ROU,0.011028213544529186
2019,MUS,HRV,0.011013549497527673
2019,BTN,CZE,0.010939601564748967
2019,AZE,HRV,0.010662845903148336
2019,PLW,FRA,0.010613682766589872
2019,GHA,LVA,0.010486138306864375
2019,HTI,LUX,0.010481741003109593
2019,YEM,LVA,0.010444801461467538
2019,MDG,LVA,0.010082357454329442
2019,ABW,PRT,0.009801685388286154
2019,REU,FRA,0.009769807516789452
2019,PNG,FIN,0.009697638799571464
2019,GHA,HRV,0.009614876947074705
2019,YEM,HRV,0.00957697465452048
2019,BTN,SVK,0.009528221632750944
2019,WLF,DNK,0.009521806926531803
2019,PAN,LVA,0.009517832528553965
2019,MCO,ITA,0.009513078747910197
2019,ABW,BGR,0.009430600595343654
2019,DJI,EST,0.009424871188691402
2019,BHR,EST,0.009419443178611098
2019,MDG,HRV,0.009244645018303854
2019,FRO,FIN,0.009068858046898543
2019,UGA,PRT,0.009018540825072566
2019,IOT,POL,0.008947803000757003
2019,KAZ,LVA,0.008826471784669164
2019,PAN,HRV,0.008727024752763914
2019,UGA,BGR,0.008677105324733503
2019,XKV,LVA,0.008233074864011272
2019,KAZ,HRV,0.008093107071729805
2019,LTU,EST,0.00807414721279582
2019,GGY,FIN,0.007789767512262014
2019,ATG,DEU,0.007586387631219096
2019,XKV,HRV,0.007549013697607149
2019,DJI,SVN,0.00754857632080701
2019,BHR,SVN,0.007544228914084842
2019,GUM,AUT,0.007131811372780588
2019,PRY,AUT,0.007097319832966782
2019,MCO,ESP,0.006839422566575025
2019,DOM,LVA,0.006809604171149086
2019,PLW,POL,0.006765602018542683
2019,ATG,FRA,0.006717988654921407
2019,URY,LVA,0.006513125616845715
2019,LTU,SVN,0.006466753257524659
2019,WLF,DEU,0.006318407805295758
2019,BTN,FIN,0.006306410538844338
2019,PNG,PRT,0.006258967766617595
2019,DOM,HRV,0.006243814858042185
2019,REU,POL,0.00622768090115071
2019,FLK,DNK,0.0061692216772447515
2019,JOR,LVA,0.006135579391981044
2019,PNG,BGR,0.006022007727022282
2019,URY,HRV,0.0059719698056831605
2019,FRO,PRT,0.005853145427325759
2019,MCO,ROU,0.005770595209350856
2019,MCO,CZE,0.0057242283282647995
2019,FRO,BGR,0.0056315495310162045
2019,JOR,HRV,0.005625792749108375
2019,WLF,FRA,0.005595152003368268
2019,IOT,ITA,0.005315746854003531
2019,LCA,AUT,0.00527260943161079
2019,NRU,DNK,0.0051749970920005215
2019,MNE,LVA,0.005147713934847234
2019,GGY,PRT,0.005027605665293223
2019,MCO,SVK,0.0049857132241388
2019,GGY,BGR,0.004837264113468727
2019,MNE,HRV,0.004720006030236889
2019,ATG,POL,0.004282324863463616
2019,GUM,EST,0.0042467913996552436
2019,PRY,EST,0.004226252665947116
2019,HTI,DNK,0.004128508982016015
2019,FLK,DEU,0.004093724930452972
2019,BTN,PRT,0.00407022999118388
2019,PLW,ITA,0.004019336103227301
2019,BTN,BGR,0.003916133997110056
2019,IOT,ESP,0.003821753183685003
2019,REU,ITA,0.003699765758726363
2019,FLK,FRA,0.003625124232510727
2019,PRK,LVA,0.0036009241853576326
2019,WLF,POL,0.0035665821676149445
2019,NRU,DEU,0.003433984985283532
2019,GUM,SVN,0.003401343992616988
2019,PRY,SVN,0.0033848940915175907
2019,PRK,HRV,0.003301734339637169
2019,MCO,FIN,0.0032998764756153915
2019,IOT,ROU,0.0032245106072072882
2019,IOT,CZE,0.0031986015814549993
2019,LCA,EST,0.003139689374478737
2019,NRU,FRA,0.0030409034304246427
2019,ABW,AUT,0.0030050341846469216
2019,GRD,LUX,0.002950973781652296
2019,PLW,ESP,0.0028896994102042333
2019,IOT,SVK,0.0027859318826727545
2019,UGA,AUT,0.002764935049574733
2019,HTI,DEU,0.0027395644101455207
2019,REU,ESP,0.0026599444924003614
2019,ATG,ITA,0.0025440608067535636
2019,LCA,SVN,0.0025146428415187944
2019,PLW,ROU,0.00243811307324136
2019,DJI,LVA,0.002426159028243367
2019,HTI,FRA,0.002425971822352897
2019,BHR,LVA,0.0024247617448855292
2019,PLW,CZE,0.0024185227719223288
2019,FLK,POL,0.002310804681495366
2019,REU,ROU,0.002244262990855274
2019,REU,CZE,0.0022262302799393877
2019,DJI,HRV,0.0022245768487836924
2019,BHR,HRV,0.00222329566145308
2019,MCO,PRT,0.0021297782812460587
2019,WLF,ITA,0.0021188495025471904
2019,PLW,SVK,0.0021064954567438046
2019,LTU,LVA,0.002078454417413683
2019,MCO,BGR,0.0020491463999724423
2019,REU,SVK,0.001939011707808064
2019,NRU,POL,0.001938398088534967
2019,PNG,AUT,0.0019188957158089073
2019,LTU,HRV,0.00190576195723592
2019,IOT,FIN,0.0018439149363402667
2019,ATG,ESP,0.0018290510731104525
2019,FRO,AUT,0.0017944773169157164
2019,ABW,EST,0.001789412628008547
2019,UGA,EST,0.0016464404027782423
2019,HTI,POL,0.0015464151528915447
2019,ATG,ROU,0.0015432170270822585
2019,GGY,AUT,0.0015413805169860032
2019,ATG,CZE,0.0015308172385355325
2019,WLF,ESP,0.0015233456472838523
2019,ABW,SVN,0.0014331779736306205
2019,PLW,FIN,0.0013942187388646446
2019,FLK,ITA,0.0013728121545407736
2019,ATG,SVK,0.0013333178399296693
2019,UGA,SVN,0.0013186685302335045
2019,WLF,ROU,0.001285285564509834
2019,REU,FIN,0.0012833668590402911
2019,WLF,CZE,0.0012749582619059911
2019,BTN,AUT,0.0012478650128374858
2019,IOT,PRT,0.0011900839358389443
2019,GRD,DNK,0.0011623185270110117
2019,NRU,ITA,0.0011515713455095586
2019,IOT,BGR,0.0011450282098672898
2019,PNG,EST,0.0011426479749359001
2019,WLF,SVK,0.0011104686784107727
2019,GUM,LVA,0.0010932129563428475
2019,PRY,LVA,0.0010879258565812666
2019,FRO,EST,0.0010685603471566375
2019,GUM,HRV,0.0010023812145700491
2019,PRY,HRV,0.000997533403857765
2019,FLK,ESP,0.000986982519354972
2019,HTI,ITA,0.0009187005439515328
2019,GGY,EST,0.0009178483811441796
2019,PNG,SVN,0.0009151706451933809
2019,PLW,PRT,0.000899844830945205
2019,ATG,FIN,0.0008824783890899048
2019,PLW,BGR,0.0008657773497372543
2019,FRO,SVN,0.0008558323156265706
2019,FLK,ROU,0.0008327423174197821
2019,REU,PRT,0.0008282997510521226
2019,NRU,ESP,0.0008279215652692281
2019,FLK,CZE,0.0008260512114582059
2019,LCA,LVA,0.0008082217326122412
2019,REU,BGR,0.0007969409153583311
2019,GRD,DEU,0.0007712824372486205
2019,BTN,EST,0.0007430682231269876
2019,LCA,HRV,0.0007410690454017031
2019,GGY,SVN,0.0007351239520715384
2019,WLF,FIN,0.0007349819983736407
2019,FLK,SVK,0.0007194776680111032
2019,NRU,ROU,0.000698538534760157
2019,NRU,CZE,0.000692925759647675
2019,GRD,FRA,0.0006829952429340508
2019,HTI,ESP,0.0006604992346570428
2019,MCO,AUT,0.0006529546998633095
2019,NRU,SVK,0.0006035274844232285
2019,BTN,SVN,0.0005951388704994404
2019,ATG,PRT,0.000569561715610032
2019,HTI,ROU,0.0005572800455288302
2019,HTI,CZE,0.0005528022860143877
2019,ATG,BGR,0.0005479985167383653
2019,DMA,LUX,0.0005192469473844688
2019,HTI,SVK,0.00048148213342698017
2019,FLK,FIN,0.00047619815353711233
2019,WLF,PRT,0.0004743658463612901
2019,ABW,LVA,0.0004606322479934507
2019,WLF,BGR,0.00045640669496000715
2019,GRD,POL,0.00043536952214130763
2019,UGA,LVA,0.00042382820599797487
2019,ABW,HRV,0.0004223597145778815
2019,NRU,FIN,0.0003994546133526476
2019,MCO,EST,0.00038881600463064927
2019,UGA,HRV,0.00038861360856764295
2019,IOT,AUT,0.00036485999786007163
2019,HTI,FIN,0.0003186768861538857
2019,MCO,SVN,0.0003114108646097283
2019,FLK,PRT,0.00030734377255248055
2019,FLK,BGR,0.0002957079573144089
2019,PNG,LVA,0.0002941414948801701
2019,PLW,AUT,0.0002758775017508476
2019,FRO,LVA,0.00027506978945108514
2019,PNG,HRV,0.0002697021720999143
2019,GRD,ITA,0.0002586460796528355
2019,NRU,PRT,0.00025781260788052836
2019,REU,AUT,0.0002539429667902637
2019,FRO,HRV,0.00025221507670737404
2019,NRU,BGR,0.00024805200708348106
2019,GGY,LVA,0.00023627337624979226
2019,IOT,EST,0.0002172637805458758
2019,GGY,HRV,0.00021664213955909038
2019,HTI,PRT,0.00020567773244878698
2019,DMA,DNK,0.0002045190475060589
2019,HTI,BGR,0.00019789092071844367
2019,BTN,LVA,0.00019128130687912437
2019,GRD,ESP,0.00018595345216945364
2019,BTN,HRV,0.00017538832448113755
2019,ATG,AUT,0.0001746181761475169
2019,IOT,SVN,0.00017401110278997026
2019,PLW,EST,0.00016427722783939625
2019,GRD,ROU,0.00015689366899122005
2019,GRD,CZE,0.00015563302432124168
2019,REU,EST,0.00015121583437888373
2019,WLF,AUT,0.0001454327014054361
2019,DMA,DEU,0.00013571318511964586
2019,GRD,SVK,0.00013555392674323026
2019,PLW,SVN,0.00013157306527480093
2019,REU,SVN,0.00012111192226087104
2019,DMA,FRA,0.00012017836186028379
2019,ATG,EST,0.00010398017136530536
2019,MCO,LVA,0.00010008937428153235
2019,FLK,AUT,9.422650354216704e-05
2019,MCO,HRV,9.177325238945888e-05
2019,GRD,FIN,8.97186007152554e-05
2019,WLF,EST,8.660104891647369e-05
2019,ATG,SVN,8.327989249798745e-05
2019,NRU,AUT,7.904106990006381e-05
2019,DMA,POL,7.66066770100316e-05
2019,WLF,SVN,6.936059009403903e-05
2019,HTI,AUT,6.305738172007774e-05
2019,GRD,PRT,5.790541816917664e-05
2019,FLK,EST,5.610921040196311e-05
2019,IOT,LVA,5.592824263891609e-05
2019,GRD,BGR,5.5713160484876995e-05
2019,IOT,HRV,5.1281334949330254e-05
2019,NRU,EST,4.706671535821436e-05
2019,DMA,ITA,4.5510803297445004e-05
2019,FLK,SVN,4.493903932900798e-05
2019,PLW,LVA,4.2288395403808415e-05
2019,REU,LVA,3.892611946059086e-05
2019,PLW,HRV,3.877478116330897e-05
2019,NRU,SVN,3.769671605458943e-05
2019,HTI,EST,3.7548882377296515e-05
2019,REU,HRV,3.5691866508732653e-05
2019,DMA,ESP,3.271996620062466e-05
2019,HTI,SVN,3.0073684691427858e-05
2019,DMA,ROU,2.7606669769199354e-05
2019,DMA,CZE,2.7384849466798607e-05
2019,ATG,LVA,2.6766671550792288e-05
2019,ATG,HRV,2.4542710167685156e-05
2019,DMA,SVK,2.3851774998824304e-05
2019,WLF,LVA,2.229292183177525e-05
2019,WLF,HRV,2.0440670715067894e-05
2019,GRD,AUT,1.7752840882100216e-05
2019,DMA,FIN,1.5786690425598465e-05
2019,FLK,LVA,1.4443684657214971e-05
2019,FLK,HRV,1.324360279995199e-05
2019,NRU,LVA,1.2115957248636672e-05
2019,NRU,HRV,1.1109279186733704e-05
2019,GRD,EST,1.0571313238218293e-05
2019,DMA,PRT,1.0188911812198831e-05
2019,DMA,BGR,9.803166904016228e-06
2019,HTI,LVA,9.665867910156016e-06
2019,HTI,HRV,8.862760324455279e-06
2019,GRD,SVN,8.46678571963888e-06
2019,DMA,AUT,3.1237513842875887e-06
2019,GRD,LVA,2.721277197301727e-06
2019,GRD,HRV,2.4951745461728867e-06
2019,DMA,EST,1.8601053533306656e-06
2019,DMA,SVN,1.4897972548638899e-06
2019,DMA,LVA,4.788300345029552e-07
2019,DMA,HRV,4.390455023176336e-07
2020,CHE,MLT,6759.435533952742
2020,CHE,DEU,4947.528116534242
2020,SGP,MLT,2781.7595567434314
2020,ASM,MLT,2411.084704256769
2020,BMU,MLT,2155.5826800795494
2020,SGP,DEU,2036.0921487149403
2020,IRL,MLT,2013.3968578876124
2020,CHE,FRA,1938.8287235274051
2020,ASM,DEU,1764.7789235856944
2020,CYM,MLT,1703.5055750842978
2020,BMU,DEU,1577.7657562733357
2020,IRL,DEU,1473.6937003252297
2020,CHE,POL,1274.8260396208016
2020,CYM,DEU,1246.870642832189
2020,TLS,MLT,1073.960603869924
2020,PRI,MLT,1035.1712804909703
2020,HKG,MLT,877.1389781118892
2020,SGP,FRA,797.9002541662135
2020,TLS,DEU,786.0789938755988
2020,PRI,DEU,757.6873823165065
2020,ASM,FRA,691.5784988242904
2020,HKG,DEU,642.0165906632974
2020,CHE,ITA,631.2915670523789
2020,BMU,FRA,618.2921036947099
2020,CHE,ESP,606.1987566094866
2020,LBR,MLT,594.245801476091
2020,IRL,FRA,577.5085272023573
2020,NLD,MLT,542.8567656845108
2020,SGP,POL,524.6384111643099
2020,CHE,ROU,493.7670589838045
2020,CYM,FRA,488.62150146598293
2020,ASM,POL,454.72932603301575
2020,LBR,DEU,434.9546343281895
2020,CHE,CZE,432.14982154427474
2020,VGB,MLT,410.0314621406526
2020,BRB,MLT,408.9473642396734
2020,BMU,POL,406.54177664951413
2020,MHL,MLT,402.0407356550891
2020,NLD,DEU,397.34073917624494
2020,IRL,POL,379.7256042509918
2020,IRN,MLT,349.84652746197156
2020,MUS,MLT,347.35519591050956
2020,CYM,POL,321.2802688698376
2020,BHS,MLT,313.91595665954696
2020,CHE,DNK,309.57607802971023
2020,TLS,FRA,308.0472705539977
2020,VGB,DEU,300.120058459708
2020,BRB,DEU,299.3265595322859
2020,PRI,FRA,296.9212151377505
2020,MHL,DEU,294.2712943491135
2020,CHE,SVK,277.26832979275906
2020,SGP,ITA,259.7999997068645
2020,IRN,DEU,256.06805810866314
2020,MUS,DEU,254.24454298871655
2020,HKG,FRA,251.59234624645157
2020,SGP,ESP,249.47337333333826
2020,BHS,DEU,229.76889327526968
2020,ASM,ITA,225.1811462067742
2020,ASM,ESP,216.23056281238053
2020,SGP,ROU,203.20354092201615
2020,TLS,POL,202.5484134678385
2020,BMU,ITA,201.31875822811855
2020,PRI,POL,195.2327671754261
2020,BMU,ESP,193.31666584724962
2020,IRL,ITA,188.0394377799377
2020,IRL,ESP,180.5651767343937
2020,SGP,CZE,177.84575205834923
2020,ASM,ROU,176.12627524912858
2020,LBR,FRA,170.44926650312576
2020,HKG,POL,165.4279568237146
2020,CYM,ITA,159.09741258358585
2020,CPV,MLT,158.71553228601024
2020,BMU,ROU,157.46221929228147
2020,CHE,PRT,157.25710793972195
2020,GIN,MLT,157.24901674391205
2020,NLD,FRA,155.70919861334005
2020,ASM,CZE,154.14746089950327
2020,CYM,ESP,152.773549848408
2020,CHE,AUT,151.81011367273382
2020,IRL,ROU,147.07574916467127
2020,LIE,MLT,138.6057574007164
2020,BMU,CZE,137.8124942299094
2020,LAO,MLT,133.32898234849165
2020,CHE,BGR,131.49367840723286
2020,IRL,CZE,128.72215268027415
2020,SGP,DNK,127.4020899042008
2020,CYM,ROU,124.43863596994976
2020,VGB,FRA,117.6105271446169
2020,BRB,FRA,117.29957216339452
2020,CPV,DEU,116.17087766743452
2020,WSM,MLT,116.15044421580177
2020,MHL,FRA,115.31852362535231
2020,GIN,DEU,115.09747045148873
2020,SGP,SVK,114.10624782336885
2020,LBR,POL,112.07445027795875
2020,ASM,DNK,110.42551449628974
2020,CYM,CZE,108.90992695685398
2020,NLD,POL,102.38250475247165
2020,LIE,DEU,101.45164909244373
2020,IRN,FRA,100.34750577359848
2020,TLS,ITA,100.30161086144676
2020,UZB,MLT,100.19635596544622
2020,MUS,FRA,99.63290983618002
2020,ASM,SVK,98.90136914246318
2020,BMU,DNK,98.72375120908491
2020,LAO,DEU,97.58934538315134
2020,PRI,ITA,96.67891594590229
2020,TLS,ESP,96.31478537569745
2020,SWE,MLT,93.25464054775519
2020,PRI,ESP,92.83608667608955
2020,IRL,DNK,92.2117682240398
2020,BHS,FRA,90.04143474524759
2020,GNQ,MLT,88.86932680806645
2020,BMU,SVK,88.4208165657808
2020,WSM,DEU,85.01561788985308
2020,PYF,MLT,84.13353141651191
2020,IRL,SVK,82.58843230213287
2020,HKG,ITA,81.91962734662988
2020,CHE,FIN,81.61306501324307
2020,HKG,ESP,78.66345573299766
2020,TLS,ROU,78.45127986999609
2020,CYM,DNK,78.01902572890637
2020,VGB,POL,77.33172132126576
2020,BRB,POL,77.12726101881529
2020,MHL,POL,75.8246744461065
2020,PRI,ROU,75.61777549990596
2020,VCT,MLT,75.54261282382521
2020,UZB,DEU,73.33811911117256
2020,CYM,SVK,69.87686223557658
2020,TLS,CZE,68.66133732272888
2020,SWE,DEU,68.25717233188998
2020,PRI,CZE,66.18142622781005
2020,IRN,POL,65.98087382285156
2020,MUS,POL,65.51100998301176
2020,GNQ,DEU,65.04736835965704
2020,SGP,PRT,64.7171588041383
2020,HKG,ROU,64.07374275069093
2020,CHE,LUX,63.70139467297698
2020,SGP,AUT,62.47551772603184
2020,PYF,DEU,61.5810314538344
2020,BHS,POL,59.20438678524473
2020,CYP,MLT,57.938451694874914
2020,ASM,PRT,56.09347195998721
2020,HKG,CZE,56.07797440430927
2020,LBR,ITA,55.49906665191092
2020,VCT,DEU,55.29296034631706
2020,ASM,AUT,54.150533900242245
2020,SGP,BGR,54.1145476901629
2020,LBR,ESP,53.293069246058835
2020,HUN,MLT,50.70961771060324
2020,NLD,ITA,50.699632620589306
2020,BMU,PRT,50.149261205548875
2020,TLS,DNK,49.18643132765393
2020,NLD,ESP,48.6844048918033
2020,SSD,MLT,48.491090556174775
2020,BMU,AUT,48.41221579081939
2020,PRI,DNK,47.40991514656677
2020,ASM,BGR,46.90367932671733
2020,IRL,PRT,46.841332447944446
2020,CPV,FRA,45.524841729810824
2020,IRL,AUT,45.218865440603594
2020,GIN,FRA,45.10419677473472
2020,TLS,SVK,44.053273591042824
2020,LBR,ROU,43.40880244133927
2020,PRI,SVK,42.46215686938005
2020,CYP,DEU,42.407700665092065
2020,BMU,BGR,41.9333085271441
2020,MNG,MLT,41.76825215537463
2020,VUT,MLT,40.68896434701238
2020,HKG,DNK,40.17217759780545
2020,LIE,FRA,39.75669600589152
2020,NLD,ROU,39.65490717310764
2020,CYM,PRT,39.63176492346771
2020,IRL,BGR,39.16731768612467
2020,VGB,ITA,38.29452962090495
2020,CYM,AUT,38.25901936584563
2020,LAO,FRA,38.24314313783665
2020,BRB,ITA,38.193281246050326
2020,LBR,CZE,37.9918139275685
2020,MHL,ITA,37.54824271283107
2020,HUN,DEU,37.11659918076028
2020,VGB,ESP,36.77238450931444
2020,BRB,ESP,36.67516059227055
2020,MHL,ESP,36.055761288984314
2020,HKG,SVK,35.97975869961323
2020,SSD,DEU,35.49276159569925
2020,NLD,CZE,34.70636760070973
2020,SGP,FIN,33.586816889568276
2020,SYC,MLT,33.35734318216115
2020,WSM,FRA,33.315772650675065
2020,CYM,BGR,33.138893496343975
2020,IRN,ITA,32.6736103096098
2020,MUS,ITA,32.44093457932589
2020,CHE,EST,31.63168439033815
2020,IRN,ESP,31.37488757549803
2020,MUS,ESP,31.151460326105344
2020,CHE,SVN,31.06485809705514
2020,MNG,DEU,30.572020530294886
2020,VGB,ROU,29.95220949072738
2020,CPV,POL,29.933667158174938
2020,BRB,ROU,29.873017695861044
2020,VUT,DEU,29.78204232118512
2020,GIN,POL,29.657083086741075
2020,MHL,ROU,29.36849839590266
2020,BHS,ITA,29.317906089484655
2020,ASM,FIN,29.111308441738203
2020,UZB,FRA,28.739614715281302
2020,BHS,ESP,28.152567126506053
2020,MDG,MLT,27.571909447162277
2020,LBR,DNK,27.215924123032877
2020,SWE,FRA,26.7485021179692
2020,SGP,LUX,26.215497214131393
2020,VGB,CZE,26.214470468956755
2020,BRB,CZE,26.145161025573287
2020,LIE,POL,26.140974033739823
2020,BMU,FIN,26.02639059535159
2020,MHL,CZE,25.703600736210586
2020,IRN,ROU,25.55578643999273
2020,GNQ,FRA,25.490649713359325
2020,MUS,ROU,25.373798247792365
2020,LAO,POL,25.145776992802325
2020,TLS,PRT,24.985509183045693
2020,NLD,DNK,24.86235242696808
2020,SYC,DEU,24.41570637927441
2020,LBR,SVK,24.375636106597295
2020,IRL,FIN,24.309646542949018
2020,PYF,FRA,24.13226762837991
2020,TLS,AUT,24.120073419531614
2020,PRI,PRT,24.083082229955746
2020,PRI,AUT,23.24890428686236
2020,BHS,ROU,22.931109840355436
2020,ASM,LUX,22.72223139999729
2020,IRN,CZE,22.36667746162608
2020,NLD,SVK,22.26768610810688
2020,MUS,CZE,22.207399592939556
2020,PAN,MLT,22.126517990797318
2020,WSM,POL,21.90591360122625
2020,VCT,FRA,21.668109246319503
2020,TLS,BGR,20.8921336046426
2020,CYM,FIN,20.56803568159436
2020,HKG,PRT,20.40648782967491
2020,BMU,LUX,20.314362399678576
2020,MDG,DEU,20.18109301156406
2020,PRI,BGR,20.13755124515324
2020,BHS,CZE,20.069534500167624
2020,HKG,AUT,19.699657952959843
2020,IRL,LUX,18.974393236446723
2020,UZB,POL,18.896980823067477
2020,VGB,DNK,18.779072791017803
2020,BRB,DNK,18.729422080585017
2020,MHL,DNK,18.41310469300381
2020,KAZ,MLT,17.75724380616305
2020,SWE,POL,17.587776891813363
2020,HKG,BGR,17.063293247926993
2020,VGB,SVK,16.81926517372072
2020,BRB,SVK,16.774796073774947
2020,GNQ,POL,16.76070899255153
2020,CYP,FRA,16.618656066542776
2020,MHL,SVK,16.49148996596053
2020,MNE,MLT,16.361632569510157
2020,PAN,DEU,16.19537154109884
2020,CYM,LUX,16.053956047215134
2020,IRN,DNK,16.022656823928173
2020,MUS,DNK,15.908556075885048
2020,PYF,POL,15.867540435333344
2020,CPV,ITA,14.823098258590235
2020,GIN,ITA,14.686134322766371
2020,HUN,FRA,14.545188408493955
2020,CUW,MLT,14.403970722316565
2020,BHS,DNK,14.377068943917894
2020,IRN,SVK,14.350512238179983
2020,MUS,SVK,14.248319187478613
2020,VCT,POL,14.247297639731874
2020,CPV,ESP,14.23390427249615
2020,GIN,ESP,14.102384429795832
2020,URY,MLT,14.017050485049083
2020,SSD,FRA,13.90884175656929
2020,LTU,MLT,13.852971196729522
2020,LBR,PRT,13.825026612955275
2020,LBR,AUT,13.34616214896812
2020,SGP,EST,13.017616620016776
2020,KAZ,DEU,12.997307624556957
2020,TLS,FIN,12.966943192968499
2020,LIE,ITA,12.944963429633011
2020,JOR,MLT,12.93211078602012
2020,BHS,SVK,12.876659975687438
2020,SGP,SVN,12.784346482231852
2020,NLD,PRT,12.62946951239528
2020,PRI,FIN,12.498602966207725
2020,LAO,ITA,12.452143640914073
2020,LIE,ESP,12.430422240612181
2020,IMN,MLT,12.416266802059091
2020,NLD,AUT,12.192016166531339
2020,MNG,FRA,11.980510296104551
2020,MNE,DEU,11.975798387815477
2020,LAO,ESP,11.957191234931436
2020,VUT,FRA,11.670935007858253
2020,CHE,HRV,11.664794121801814
2020,CPV,ROU,11.593941712775605
2020,LBR,BGR,11.56007271933422
2020,GIN,ROU,11.486814858389819
2020,CHE,LVA,11.472201237776545
2020,ASM,EST,11.282993974916005
2020,ASM,SVN,11.080807535110424
2020,CYP,POL,10.927161971577567
2020,WSM,ITA,10.847769103575574
2020,HKG,FIN,10.590529355109268
2020,NLD,BGR,10.560383719846968
2020,CUW,DEU,10.5428995927895
2020,WSM,ESP,10.416587969452012
2020,URY,DEU,10.25969565614103
2020,CHE,GRC,10.248413560180577
2020,CPV,CZE,10.147132642833995
2020,LTU,DEU,10.139598809559041
2020,LIE,ROU,10.124951535702143
2020,TLS,LUX,10.121080073433395
2020,BMU,EST,10.087338013812362
2020,GIN,CZE,10.053374158619407
2020,PRK,MLT,9.995055354985663
2020,BMU,SVN,9.906577218879528
2020,PRI,LUX,9.755526768686433
2020,LAO,ROU,9.739490695759415
2020,SYC,FRA,9.567984601269703
2020,HUN,POL,9.56380762742328
2020,VGB,PRT,9.539311615096976
2020,BRB,PRT,9.514090263436
2020,JOR,DEU,9.465580579707856
2020,IRL,EST,9.421960405021704
2020,UZB,ITA,9.357750991579579
2020,MHL,PRT,9.353408734428145
2020,IRL,SVN,9.253122893053197
2020,VGB,AUT,9.208893636798893
2020,BRB,AUT,9.184545889897048
2020,SSD,POL,9.14539455552327
2020,IMN,DEU,9.08801168337432
2020,MHL,AUT,9.029429968566857
2020,UZB,ESP,8.985795647870685
2020,LIE,CZE,8.861457887253728
2020,KWT,MLT,8.713369923606823
2020,SWE,ITA,8.709435554284003
2020,LAO,CZE,8.524098741553773
2020,WSM,ROU,8.484623154111414
2020,SWE,ESP,8.363249692102032
2020,GNQ,ITA,8.299873014802909
2020,HKG,LUX,8.266219264477982
2020,IRN,PRT,8.139119436094735
2020,MUS,PRT,8.08115903500296
2020,VGB,BGR,7.976486342498107
2020,CYM,EST,7.971782619655757
2020,GNQ,ESP,7.969966595756374
2020,BRB,BGR,7.955397004485003
2020,MDG,FRA,7.9085316710453855
2020,MNG,POL,7.877470716253972
2020,PYF,ITA,7.857577548124256
2020,IRN,AUT,7.857200624998876
2020,CYM,SVN,7.828931675096585
2020,MHL,BGR,7.821039927859633
2020,MUS,AUT,7.801247827738786
2020,VUT,POL,7.673917594778919
2020,PYF,ESP,7.5452516526968445
2020,WSM,CZE,7.425826237711686
2020,UZB,ROU,7.319199918017687
2020,PRK,DEU,7.315820551393018
2020,BHS,PRT,7.303200871204075
2020,CPV,DNK,7.269028865013571
2020,GIN,DNK,7.201863769997584
2020,LBR,FIN,7.174892191235154
2020,VCT,ITA,7.055236223385687
2020,BHS,AUT,7.0502361957290605
2020,SWE,ROU,6.812117575286701
2020,IRN,BGR,6.805687626267
2020,VCT,ESP,6.774802087365371
2020,MUS,BGR,6.757222876778935
2020,NLD,FIN,6.554423707149537
2020,DJI,MLT,6.551157246328676
2020,CPV,SVK,6.51042388496259
2020,GNQ,ROU,6.491776704057007
2020,GIN,SVK,6.4502682236014826
2020,UZB,CZE,6.405836276174024
2020,KWT,DEU,6.37769862147042
2020,LIE,DNK,6.348019232215266
2020,PAN,FRA,6.346614065141797
2020,SYC,POL,6.291177641621658
2020,PYF,ROU,6.14583365146168
2020,BHS,BGR,6.106717586779177
2020,LAO,DNK,6.10634767293974
2020,SWE,CZE,5.962032786385865
2020,LIE,SVK,5.685531973952203
2020,GNQ,CZE,5.681667282416937
2020,LBR,LUX,5.600214121792474
2020,VCT,ROU,5.518279385107188
2020,LAO,SVK,5.469081562068936
2020,CYP,ITA,5.41111099874007
2020,PYF,CZE,5.378894495687849
2020,TTO,MLT,5.36926366184933
2020,WSM,DNK,5.319586051397637
2020,MDG,POL,5.200047836650466
2020,CYP,ESP,5.196028159584121
2020,NLD,LUX,5.115920243349507
2020,KAZ,FRA,5.093362333161461
2020,PRY,MLT,5.058764102439859
2020,TLS,EST,5.025742563655304
2020,VGB,FIN,4.950698058894181
2020,BRB,FIN,4.937608718515253
2020,TLS,SVN,4.93568340040627
2020,MHL,FIN,4.854218452439827
2020,PRI,EST,4.844222726876814
2020,VCT,CZE,4.829652784884825
2020,SGP,HRV,4.800497373305323
2020,DJI,DEU,4.795080078690306
2020,WSM,SVK,4.7644273712852225
2020,PRI,SVN,4.757416321684189
2020,HUN,ITA,4.7359803741531765
2020,SGP,LVA,4.721238226146214
2020,MNE,FRA,4.693055068019468
2020,UZB,DNK,4.5889031350096845
2020,HUN,ESP,4.54773287649569
2020,SSD,ITA,4.528782971820914
2020,SSD,ESP,4.34877123306206
2020,SWE,DNK,4.270978801977324
2020,CYP,ROU,4.232320694790966
2020,IRN,FIN,4.22402835961581
2020,SGP,GRC,4.217604002478029
2020,MUS,FIN,4.193948155010306
2020,PAN,POL,4.173049829252764
2020,ASM,HRV,4.160821794084627
2020,CUW,FRA,4.131533177437415
2020,UZB,SVK,4.109999441567905
2020,HKG,EST,4.104689390516937
2020,ASM,LVA,4.09212408190296
2020,GNQ,DNK,4.070135370355933
2020,HKG,SVN,4.031135107299079
2020,URY,FRA,4.0205517107217235
2020,LTU,FRA,3.973488367113819
2020,TTO,DEU,3.930000189905042
2020,MNG,ITA,3.9009093619961
2020,VGB,LUX,3.8641652645343716
2020,BRB,LUX,3.8539486498618096
2020,PYF,DNK,3.8532401937832086
2020,SWE,SVK,3.8252540911474515
2020,VUT,ITA,3.800110221532502
2020,BHS,FIN,3.79020455936922
2020,MHL,LUX,3.7888600975535085
2020,MNG,ESP,3.7458545754534653
2020,BMU,HRV,3.719900581838365
2020,JOR,FRA,3.7093552740952394
2020,HUN,ROU,3.704264753082955
2020,CYP,CZE,3.7041689997226963
2020,PRY,DEU,3.7027319080147167
2020,CPV,PRT,3.692489626839606
2020,BMU,LVA,3.6584827484961977
2020,GIN,PRT,3.6583713943717306
2020,ASM,GRC,3.6556000946723146
2020,VUT,ESP,3.6490620364660593
2020,GNQ,SVK,3.6453709322485754
2020,CPV,AUT,3.564590989431001
2020,IMN,FRA,3.5613942309077173
2020,SSD,ROU,3.542204530329818
2020,GIN,AUT,3.5316545274985693
2020,IRL,HRV,3.474529746570087
2020,VCT,DNK,3.4597838361868467
2020,PYF,SVK,3.4511112086576152
2020,IRL,LVA,3.4171631357635732
2020,KAZ,POL,3.3490069817640653
2020,IRN,LUX,3.2969782179124394
2020,MUS,LUX,3.2734997345947483
2020,BMU,GRC,3.2682170955921857
2020,HUN,CZE,3.2420092083341103
2020,LIE,PRT,3.224639164490294
2020,SYC,ITA,3.115379878156218
2020,LIE,AUT,3.112945701013803
2020,LAO,PRT,3.101875898268848
2020,SSD,CZE,3.100172495924969
2020,VCT,SVK,3.0987164506020006
2020,CPV,BGR,3.087549109066675
2020,MNE,POL,3.085795425601462
2020,GIN,BGR,3.0590204660900175
2020,IRL,GRC,3.052640055039341
2020,MNG,ROU,3.051110839368126
2020,LAO,AUT,2.994434648355646
2020,SYC,ESP,2.991548607757371
2020,VUT,ROU,2.972270414860006
2020,BHS,LUX,2.9583659979994334
2020,CYM,HRV,2.939748699264518
2020,CYM,LVA,2.891211650570046
2020,PRK,FRA,2.866911048733746
2020,LBR,EST,2.7808528608872254
2020,LBR,SVN,2.7310211636607686
2020,CUW,POL,2.716581415490896
2020,WSM,PRT,2.7022201560386523
2020,LIE,BGR,2.6963465806415905
2020,MNG,CZE,2.670362432557466
2020,CYP,DNK,2.6535290635909767
2020,URY,POL,2.6436084592067193
2020,LTU,POL,2.612663190439594
2020,WSM,AUT,2.608621984923079
2020,VUT,CZE,2.601360511992375
2020,LAO,BGR,2.5936956184038014
2020,CYM,GRC,2.582794014062889
2020,MDG,ITA,2.5750543568461017
2020,NLD,EST,2.540370981428795
2020,KWT,FRA,2.4992814565286166
2020,NLD,SVN,2.4948486169161153
2020,MDG,ESP,2.472700144895854
2020,JOR,POL,2.438989394080186
2020,SYC,ROU,2.4367060172164265
2020,CYP,SVK,2.3766034384859824
2020,IMN,POL,2.3417014859653644
2020,UZB,PRT,2.331051030234611
2020,HUN,DNK,2.322454958018428
2020,WSM,BGR,2.2595154701680533
2020,UZB,AUT,2.250309232524509
2020,SSD,DNK,2.2208484064031992
2020,SWE,PRT,2.169553212074592
2020,SYC,CZE,2.1326292455861826
2020,SWE,AUT,2.094405296263844
2020,HUN,SVK,2.080080642299765
2020,GNQ,PRT,2.0675296403358283
2020,PAN,ITA,2.066486786605213
2020,MDG,ROU,2.014088390947627
2020,GNQ,AUT,1.995915566763688
2020,SSD,SVK,1.98907787799815
2020,PAN,ESP,1.984347306331237
2020,PYF,PRT,1.9573521731006867
2020,UZB,BGR,1.9491549764352147
2020,VGB,EST,1.9187971740234202
2020,CPV,FIN,1.9163228926446916
2020,BRB,EST,1.9137239926194771
2020,MNG,DNK,1.912948444210619
2020,GIN,FIN,1.8986162620127396
2020,PYF,AUT,1.8895543723841501
2020,PRK,POL,1.885062261483821
2020,VGB,SVN,1.8844131470366745
2020,MHL,EST,1.881403498623863
2020,BRB,SVN,1.8794308748797655
2020,DJI,FRA,1.879087651287827
2020,VUT,DNK,1.863518031700614
2020,TLS,HRV,1.8533395689836312
2020,MHL,SVN,1.8476895503517818
2020,TLS,LVA,1.8227397993741896
2020,SWE,BGR,1.8141153432967039
2020,PRI,HRV,1.786400625773547
2020,MDG,CZE,1.7627501123985694
2020,VCT,PRT,1.7574859260382674
2020,PRI,LVA,1.75690605904997
2020,GNQ,BGR,1.7288062917191018
2020,MNG,SVK,1.713310742489064
2020,VCT,AUT,1.6966109939677108
2020,LIE,FIN,1.6735185405843318
2020,VUT,SVK,1.669038949898227
2020,KAZ,ITA,1.6584222473334997
2020,KWT,POL,1.6433370531706222
2020,IRN,EST,1.637153707013995
2020,PYF,BGR,1.6366791972166748
2020,TLS,GRC,1.628300523100632
2020,MUS,EST,1.6254951871639722
2020,PAN,ROU,1.6163103648211543
2020,LAO,FIN,1.6098070393451676
2020,IRN,SVN,1.6078166108344207
2020,MUS,SVN,1.596367006687723
2020,KAZ,ESP,1.5925026671291878
2020,PRI,GRC,1.569489543143755
2020,TTO,FRA,1.5400816472759336
2020,MNE,ITA,1.5280803570740171
2020,SYC,DNK,1.5277363655520797
2020,HKG,HRV,1.5136834347319552
2020,CPV,LUX,1.4957463107826194
2020,HKG,LVA,1.4886915956002698
2020,GIN,LUX,1.4819257654320488
2020,VCT,BGR,1.469557034282328
2020,BHS,EST,1.469011786009184
2020,MNE,ESP,1.4673416544795883
2020,PRY,FRA,1.4510201477761888
2020,BHS,SVN,1.4426877213410696
2020,PAN,CZE,1.4146108433299391
2020,WSM,FIN,1.4023942838845285
2020,SYC,SVK,1.368299880069004
2020,CYP,PRT,1.3479281378268133
2020,CUW,ITA,1.3452462418486
2020,HKG,GRC,1.3298866380619392
2020,URY,ITA,1.3091101648519412
2020,LIE,LUX,1.3062303814837546
2020,CYP,AUT,1.3012392667465378
2020,KAZ,ROU,1.2971411600548608
2020,LTU,ITA,1.2937861232919912
2020,CUW,ESP,1.29177489721567
2020,MDG,DNK,1.262768695339774
2020,URY,ESP,1.2570751703582357
2020,LAO,LUX,1.2565016832050502
2020,LTU,ESP,1.2423602344637998
2020,DJI,POL,1.2355448624844731
2020,UZB,FIN,1.2097654711585237
2020,JOR,ITA,1.2077831710050435
2020,MNE,ROU,1.1951937633609424
2020,HUN,PRT,1.1797505554779837
2020,JOR,ESP,1.1597757592988291
2020,IMN,ITA,1.1596063734967952
2020,LCA,MLT,1.1483922174107235
2020,HUN,AUT,1.1388869366797303
2020,KAZ,CZE,1.1352707934569364
2020,MDG,SVK,1.1309845686391786
2020,SSD,PRT,1.1281369018764755
2020,CYP,BGR,1.1270970921034515
2020,SWE,FIN,1.1259515685269006
2020,IMN,ESP,1.1135139109372398
2020,WSM,LUX,1.0946099347005198
2020,SSD,AUT,1.0890610513956547
2020,GNQ,FIN,1.0730035237466888
2020,CUW,ROU,1.0521893766901633
2020,MNE,CZE,1.0460454219247595
2020,LBR,HRV,1.0254931639107154
2020,URY,ROU,1.0239254089879428
2020,PYF,FIN,1.0158237821485998
2020,PAN,DNK,1.0133746561584926
2020,TTO,POL,1.0126403447940804
2020,LTU,ROU,1.0119396525994464
2020,LBR,LVA,1.0085616446808456
2020,HUN,BGR,0.9864720404386358
2020,MNG,PRT,0.9717312199603553
2020,PRY,POL,0.9540802887601549
2020,VUT,PRT,0.9466217742788164
2020,JOR,ROU,0.9446721219829204
2020,UZB,LUX,0.9442574877870865
2020,SSD,BGR,0.943314250898843
2020,MNG,AUT,0.9380728724711831
2020,NLD,HRV,0.9368108294738119
2020,PRK,ITA,0.9334794490057614
2020,NLD,LVA,0.9213435098151435
2020,CUW,CZE,0.9208865660322431
2020,GGY,MLT,0.9195081512801067
2020,VUT,AUT,0.9138331554045633
2020,VCT,FIN,0.91209748812499
2020,PAN,SVK,0.9076176045502173
2020,IMN,ROU,0.9069904597234713
2020,LBR,GRC,0.9009741566936179
2020,PRK,ESP,0.8963751629852678
2020,URY,CZE,0.8961496615012176
2020,LTU,CZE,0.8856596087726658
2020,SWE,LUX,0.8788382747021087
2020,LCA,DEU,0.8405587649899734
2020,GNQ,LUX,0.8375107703722637
2020,JOR,CZE,0.8267863995888
2020,NLD,GRC,0.8230599449808744
2020,KWT,ITA,0.8137775596424935
2020,KAZ,DNK,0.8132658217563753
2020,MNG,BGR,0.8125325094030909
2020,PNG,MLT,0.8075022439539726
2020,IMN,CZE,0.793807035484548
2020,PYF,LUX,0.792880302367568
2020,VUT,BGR,0.7915367438145635
2020,FRO,MLT,0.7815439638007242
2020,KWT,ESP,0.7814312285452268
2020,SYC,PRT,0.7760528658096288
2020,MNE,DNK,0.7493480802634632
2020,SYC,AUT,0.749172328793998
2020,CPV,EST,0.7427306022666924
2020,GIN,EST,0.7358678462646318
2020,PRK,ROU,0.730124440453921
2020,CPV,SVN,0.7294211866505173
2020,KAZ,SVK,0.7283923793823798
2020,GIN,SVN,0.7226814083090312
2020,VCT,LUX,0.7119188828633373
2020,VGB,HRV,0.7075934913954498
2020,BRB,HRV,0.7057226578385234
2020,CYP,FIN,0.6995457832520146
2020,VGB,LVA,0.6959106901558934
2020,BRB,LVA,0.6940707452050149
2020,MHL,HRV,0.6938038518805034
2020,MHL,LVA,0.6823487260217656
2020,GGY,DEU,0.6730284517086652
2020,MNE,SVK,0.6711451736529879
2020,CUW,DNK,0.6596889254836868
2020,SYC,BGR,0.6489121369502606
2020,LIE,EST,0.6486242158477091
2020,URY,DNK,0.6419683260398531
2020,MDG,PRT,0.6414557426071238
2020,PRK,CZE,0.6390121432900702
2020,LIE,SVN,0.6370011465395551
2020,KWT,ROU,0.6364991602340736
2020,LTU,DNK,0.6344536419647211
2020,LAO,EST,0.6239308398679582
2020,VGB,GRC,0.6216749868528759
2020,BRB,GRC,0.6200313165237261
2020,MDG,AUT,0.619237314465568
2020,LAO,SVN,0.6127502653255751
2020,HUN,FIN,0.6122652263231273
2020,DJI,ITA,0.6118395986273921
2020,MHL,GRC,0.6095597341429422
2020,IRN,HRV,0.6037320271157
2020,UGA,MLT,0.6032228978081697
2020,MUS,HRV,0.5994327229073855
2020,IRN,LVA,0.5937640421631568
2020,JOR,DNK,0.5922790620122529
2020,PNG,DEU,0.591046402626244
2020,CUW,SVK,0.5908429608507658
2020,MUS,LVA,0.5895357220963656
2020,DJI,ESP,0.5875199722121408
2020,SSD,FIN,0.5854788474933353
2020,URY,SVK,0.5749717054165953
2020,FRO,DEU,0.5720463958549733
2020,IMN,DNK,0.5686538707329314
2020,LTU,SVK,0.5682412632077107
2020,KWT,CZE,0.5570703705393554
2020,CYP,LUX,0.5460160333829205
2020,WSM,EST,0.5435415686379569
2020,BHS,HRV,0.5417264485457369
2020,MCO,MLT,0.5396886549046267
2020,MDG,BGR,0.5363660583354044
2020,BTN,MLT,0.5344670828167438
2020,WSM,SVN,0.5338015355497918
2020,BHS,LVA,0.5327822136120755
2020,JOR,SVK,0.5304680753775781
2020,IRN,GRC,0.5304247489326559
2020,MUS,GRC,0.5266474814483134
2020,PAN,PRT,0.514769644673904
2020,IMN,SVK,0.5093084387262498
2020,MNG,FIN,0.5043076543186916
2020,TTO,ITA,0.5014576814854428
2020,PAN,AUT,0.4969393072087571
2020,VUT,FIN,0.4912763907421071
2020,TTO,ESP,0.48152555629422755
2020,DJI,ROU,0.4785526291673285
2020,HUN,LUX,0.47789099478398905
2020,BHS,GRC,0.4759481070315733
2020,PRY,ITA,0.47245884682771305
2020,UZB,EST,0.46888227471674687
2020,UZB,SVN,0.46048010433327585
2020,PRK,DNK,0.45776456050863307
2020,SSD,LUX,0.4569834392422437
2020,PRY,ESP,0.4536793780303236
2020,UGA,DEU,0.44152536590550867
2020,SWE,EST,0.43639758718374166
2020,PAN,BGR,0.43043494184378384
2020,SWE,SVN,0.4285775285460623
2020,DJI,CZE,0.41883400184658276
2020,GNQ,EST,0.41587592387773326
2020,KAZ,PRT,0.4131192304314777
2020,PRK,SVK,0.40999167616033994
2020,GNQ,SVN,0.4084236046939573
2020,SYC,FIN,0.4027547868635109
2020,KWT,DNK,0.3990645186011319
2020,KAZ,AUT,0.3988098099593338
2020,MCO,DEU,0.39502185957734354
2020,PYF,EST,0.39371413471495215
2020,MNG,LUX,0.39362693851952985
2020,TTO,ROU,0.3922170000591194
2020,BTN,DEU,0.39119996134522833
2020,PYF,SVN,0.3866589453409152
2020,VUT,LUX,0.3834556544972363
2020,MNE,PRT,0.38065057446430217
2020,PRY,ROU,0.36953545313182334
2020,MNE,AUT,0.36746578730906887
2020,KWT,SVK,0.35741764433577555
2020,VCT,EST,0.3535117799203878
2020,VCT,SVN,0.3471769995978654
2020,KAZ,BGR,0.3454379133757349
2020,TTO,CZE,0.34327220396397223
2020,CUW,PRT,0.3351059074773575
2020,MDG,FIN,0.3329017677508096
2020,LCA,FRA,0.329396708616765
2020,URY,PRT,0.3261042745436007
2020,CUW,AUT,0.3234986740697416
2020,PRY,CZE,0.32342108939761843
2020,LTU,PRT,0.322286998052933
2020,MNE,BGR,0.31828859680748556
2020,URY,AUT,0.3148088352648867
2020,SYC,LUX,0.314361942297598
2020,LTU,AUT,0.31112377971756827
2020,JOR,PRT,0.30086333859543046
2020,DJI,DNK,0.3000371194735515
2020,JOR,AUT,0.2904421824267416
2020,IMN,PRT,0.28886231681508384
2020,CUW,BGR,0.2802055119001796
2020,IMN,AUT,0.27885684612918155
2020,CPV,HRV,0.27389624455310946
2020,URY,BGR,0.272678616349073
2020,GIN,HRV,0.271365470823695
2020,CYP,EST,0.2711307488430807
2020,LTU,BGR,0.26948672420612607
2020,CPV,LVA,0.2693740500667463
2020,DJI,SVK,0.2687248689295632
2020,PAN,FIN,0.2671544010189918
2020,GIN,LVA,0.2668850609591841
2020,CYP,SVN,0.26627220146174957
2020,GGY,FRA,0.2637452204795178
2020,MDG,LUX,0.2598396089080219
2020,JOR,BGR,0.25157290254223846
2020,TTO,DNK,0.2459074545490557
2020,IMN,BGR,0.24153800797233463
2020,CPV,GRC,0.24063879374555447
2020,LIE,HRV,0.239192698274067
2020,GIN,GRC,0.23841531551392378
2020,HUN,EST,0.23730245150196858
2020,LIE,LVA,0.23524348055814623
2020,HUN,SVN,0.23305009278113742
2020,PRK,PRT,0.23253324792097427
2020,PRY,DNK,0.23168685353154342
2020,PNG,FRA,0.23161823750322372
2020,LAO,HRV,0.2300865392905124
2020,SSD,EST,0.22692055638546327
2020,LAO,LVA,0.2262876698278675
2020,PRK,AUT,0.22447887578540648
2020,FRO,FRA,0.2241725478562572
2020,SSD,SVN,0.22285423679721592
2020,TTO,SVK,0.22024424380704888
2020,LCA,POL,0.21658617721840356
2020,KAZ,FIN,0.21440001697315172
2020,LIE,GRC,0.21014907480505796
2020,PAN,LUX,0.20852185780759602
2020,PRY,SVK,0.20750772256849104
2020,KWT,PRT,0.20271505626655253
2020,LAO,GRC,0.2021486178545322
2020,WSM,HRV,0.20044144398265465
2020,MNE,FIN,0.19754948115280943
2020,WSM,LVA,0.19713203317165223
2020,KWT,AUT,0.1956935119701934
2020,MNG,EST,0.1954601331839714
2020,PRK,BGR,0.19443732955352483
2020,MNG,SVN,0.19195757096154625
2020,VUT,EST,0.1904094612530135
2020,VUT,SVN,0.18699740491746697
2020,WSM,GRC,0.1761031348761352
2020,CUW,FIN,0.1739127761636983
2020,GGY,POL,0.17341876093165187
2020,UGA,FRA,0.17302419337905808
2020,UZB,HRV,0.17290938839803283
2020,UZB,LVA,0.1700545486607089
2020,KWT,BGR,0.16950425177115402
2020,URY,FIN,0.1692411218043313
2020,KAZ,LUX,0.16734551136982215
2020,LTU,FIN,0.16726003720670657
2020,SWE,HRV,0.16093003290410565
2020,SWE,LVA,0.15827297965141648
2020,JOR,FIN,0.15614161760053571
2020,SYC,EST,0.1561001575262152
2020,MCO,FRA,0.15480048010444936
2020,MNE,LUX,0.1541931731679842
2020,GNQ,HRV,0.1533622734845459
2020,SYC,SVN,0.1533029092804498
2020,BTN,FRA,0.1533027612645988
2020,DJI,PRT,0.1524115493137275
2020,PNG,POL,0.15229450484052068
2020,UZB,GRC,0.1519141188637806
2020,GNQ,LVA,0.15083016856759277
2020,IMN,FIN,0.14991334478274865
2020,IOT,MLT,0.14948217747660855
2020,FRO,POL,0.14739878665267644
2020,DJI,AUT,0.14713239312033705
2020,PYF,HRV,0.14518968600028337
2020,PYF,LVA,0.1427925155002696
2020,SWE,GRC,0.141389339085908
2020,CUW,LUX,0.1357440305823483
2020,GNQ,GRC,0.13474048378286896
2020,PLW,MLT,0.1333185323841787
2020,URY,LUX,0.13209766712236207
2020,LTU,LUX,0.13055137239843068
2020,VCT,HRV,0.13036429174990743
2020,MDG,EST,0.12902644507678465
2020,VCT,LVA,0.12821189757476292
2020,PYF,GRC,0.1275602407780708
2020,DJI,BGR,0.12744196757509585
2020,MDG,SVN,0.12671434621110753
2020,TTO,PRT,0.12491499785552508
2020,JOR,LUX,0.12187311928592315
2020,PRK,FIN,0.12067976658701739
2020,TTO,AUT,0.1205882536714677
2020,PRY,PRT,0.11769127888017185
2020,IMN,LUX,0.11701176939258869
2020,VCT,GRC,0.11453499833623447
2020,UGA,POL,0.11376752599512978
2020,PRY,AUT,0.11361474631682013
2020,IOT,DEU,0.10941257924148035
2020,LCA,ITA,0.10725308627894083
2020,REU,MLT,0.10535831993808058
2020,KWT,FIN,0.1052047648783349
2020,TTO,BGR,0.10445017571193443
2020,PAN,EST,0.1035440060381428
2020,LCA,ESP,0.10298995098001903
2020,MCO,POL,0.10178500070079265
2020,PAN,SVN,0.10168854161171469
2020,BTN,POL,0.10080021491032923
2020,CYP,HRV,0.09998469655667558
2020,PRY,BGR,0.09840991850325286
2020,CYP,LVA,0.09833388807543109
2020,PLW,DEU,0.09758169659472879
2020,PRK,LUX,0.09419410285785634
2020,CYP,GRC,0.08784420104653294
2020,HUN,HRV,0.08750985901385731
2020,HUN,LVA,0.08606501772886428
2020,GGY,ITA,0.08587665920080255
2020,LCA,ROU,0.08388840235290972
2020,SSD,HRV,0.0836813348153431
2020,KAZ,EST,0.08309740197941853
2020,GGY,ESP,0.08246320202307375
2020,SSD,LVA,0.0822997048060274
2020,KWT,LUX,0.08211540943726472
2020,KAZ,SVN,0.0816083319771954
2020,DJI,FIN,0.07909832404954463
2020,REU,DEU,0.0771163875424436
2020,HUN,GRC,0.07688410240270704
2020,MNE,EST,0.07656645217633658
2020,PNG,ITA,0.07541596549348492
2020,MNE,SVN,0.07519441400911839
2020,SSD,GRC,0.07352045115418661
2020,LCA,CZE,0.07341996078283003
2020,FRO,ITA,0.07299161463258602
2020,PNG,ESP,0.07241830383402113
2020,MNG,HRV,0.07207969656233078
2020,MNG,LVA,0.07088961669502652
2020,VUT,HRV,0.07021716380800858
2020,FRO,ESP,0.07009031696683699
2020,VUT,LVA,0.06905783549542537
2020,CUW,EST,0.06740531122271874
2020,GGY,ROU,0.06716875000710491
2020,CUW,SVN,0.06619743679414004
2020,URY,EST,0.06559466612254679
2020,TTO,FIN,0.06482820379107954
2020,LTU,EST,0.0648268351051422
2020,URY,SVN,0.06441923768191854
2020,LTU,SVN,0.06366516586886402
2020,MNG,GRC,0.06332752485381953
2020,DJI,LUX,0.06173856547886617
2020,WLF,MLT,0.06172163622469632
2020,VUT,GRC,0.06169114741446118
2020,PRY,FIN,0.061079248630344425
2020,JOR,EST,0.06051754541182317
2020,JOR,SVN,0.059433096808926514
2020,PNG,ROU,0.05898687932109263
2020,GGY,CZE,0.05878675541592675
2020,IMN,EST,0.05810358436236138
2020,SYC,HRV,0.05756494587687262
2020,FRO,ROU,0.057090664232840746
2020,IMN,SVN,0.0570623929119107
2020,SYC,LVA,0.05661451341922091
2020,UGA,ITA,0.05633747470870678
2020,UGA,ESP,0.05409815194965664
2020,LCA,DNK,0.05259533239426551
2020,PNG,CZE,0.05162590113752395
2020,TTO,LUX,0.05060031742424619
2020,SYC,GRC,0.05057520653647639
2020,MCO,ITA,0.050403749686462246
2020,FRO,CZE,0.04996631490736094
2020,BTN,ITA,0.04991608553029432
2020,MCO,ESP,0.04840028282185822
2020,BTN,ESP,0.04793200252074107
2020,PRY,LUX,0.04767414779360519
2020,MDG,HRV,0.04758099187877527
2020,LCA,SVK,0.04710641746179578
2020,MDG,LVA,0.046795400606865135
2020,PRK,EST,0.046773200937384095
2020,PRK,SVN,0.045935045125472376
2020,WLF,DEU,0.04517677978971882
2020,UGA,ROU,0.04406456643699243
2020,IOT,FRA,0.04287641148307403
2020,GGY,DNK,0.04211264768482591
2020,MDG,GRC,0.041803539546908026
2020,ATG,MLT,0.040830662459499546
2020,KWT,EST,0.040775382206895805
2020,KWT,SVN,0.04004470474854987
2020,MCO,ROU,0.03942348123014823
2020,BTN,ROU,0.03904205288747741
2020,UGA,CZE,0.03856574507291445
2020,PLW,FRA,0.03824014574391699
2020,PAN,HRV,0.03818385066305436
2020,GGY,SVK,0.03771771889170964
2020,PAN,LVA,0.037553411939010094
2020,PNG,DNK,0.03698287770151679
2020,FRO,DNK,0.03579401177892994
2020,MCO,CZE,0.03450382132280199
2020,BTN,CZE,0.034169991458662494
2020,PAN,GRC,0.0335474324560741
2020,NRU,MLT,0.033352750837354846
2020,PNG,SVK,0.03312329814529576
2020,FRO,SVK,0.032058503763245504
2020,DJI,EST,0.030657018232728993
2020,KAZ,HRV,0.03064377078960105
2020,REU,FRA,0.030220235984570132
2020,KAZ,LVA,0.030137823395060416
2020,DJI,SVN,0.030107657541292805
2020,ATG,DEU,0.029885757400953047
2020,MNE,HRV,0.02823535700003874
2020,IOT,POL,0.028192261224949045
2020,MNE,LVA,0.027769173989919696
2020,UGA,DNK,0.027627067074337083
2020,KAZ,GRC,0.026922895750748393
2020,LCA,PRT,0.026717147901385303
2020,LCA,AUT,0.025791732488653046
2020,PLW,POL,0.025143806134947058
2020,TTO,EST,0.025126188822576428
2020,CUW,HRV,0.02485700946008288
2020,MNE,GRC,0.024806920082275672
2020,UGA,SVK,0.024743871663232397
2020,MCO,DNK,0.024717255797956125
2020,TTO,SVN,0.024675938235257714
2020,BTN,DNK,0.024478112484879667
2020,CUW,LVA,0.024446605033723298
2020,NRU,DEU,0.02441234504016024
2020,URY,HRV,0.02418929913329401
2020,LTU,HRV,0.02390614662621178
2020,URY,LVA,0.023789919012737595
2020,PRY,EST,0.023673164525318872
2020,LTU,LVA,0.023511441526696326
2020,PRY,SVN,0.023248951513688543
2020,LCA,BGR,0.022340077978859
2020,JOR,HRV,0.022317012880962255
2020,MCO,SVK,0.022137731945496023
2020,JOR,LVA,0.021948545351343336
2020,BTN,SVK,0.021923545928863777
2020,CUW,GRC,0.021838783450118953
2020,IMN,HRV,0.021426818153658343
2020,GGY,PRT,0.02139219937389536
2020,URY,GRC,0.021252148872956036
2020,IMN,LVA,0.021073048283345313
2020,LTU,GRC,0.021003377744817822
2020,GGY,AUT,0.020651226906103704
2020,REU,POL,0.01987052455387817
2020,JOR,GRC,0.019607202239815415
2020,FLK,MLT,0.019118737211627865
2020,IMN,GRC,0.018825098104993918
2020,PNG,PRT,0.018786401157491292
2020,FRO,PRT,0.018182486223546828
2020,PNG,AUT,0.018135687045151026
2020,GGY,BGR,0.01788751568528546
2020,WLF,FRA,0.01770379798349408
2020,FRO,AUT,0.01755269021930381
2020,PRK,HRV,0.01724852058523022
2020,PRK,LVA,0.016963736962819782
2020,PNG,BGR,0.015708625349890783
2020,FRO,BGR,0.015203649790122396
2020,PRK,GRC,0.01515414420631217
2020,KWT,HRV,0.015036709168307927
2020,KWT,LVA,0.014788443904923553
2020,UGA,PRT,0.014033877218865775
2020,FLK,DEU,0.01399384452030483
2020,IOT,ITA,0.013960757165536093
2020,LCA,FIN,0.013865626534858967
2020,UGA,AUT,0.013547778690435011
2020,IOT,ESP,0.013405839831807506
2020,KWT,GRC,0.013210898754994486
2020,MCO,PRT,0.012555763958673413
2020,PLW,ITA,0.012451167675640994
2020,BTN,PRT,0.012434284979945871
2020,MCO,AUT,0.0121208635894846
2020,BTN,AUT,0.012003592339802555
2020,PLW,ESP,0.01195625406268661
2020,UGA,BGR,0.011734707333747183
2020,ATG,FRA,0.011711578693145252
2020,WLF,POL,0.011640668613823268
2020,DJI,HRV,0.011305367164776686
2020,DJI,LVA,0.011118708639603113
2020,GGY,FIN,0.011102092497766095
2020,IOT,ROU,0.010919458403349593
2020,LCA,LUX,0.010822528821112525
2020,MCO,BGR,0.010498753345837768
2020,BTN,BGR,0.010397176266293858
2020,DJI,GRC,0.009932629495600639
2020,REU,ITA,0.009839848099982158
2020,PNG,FIN,0.009749739131784726
2020,PLW,ROU,0.009738727340872846
2020,NRU,FRA,0.009566667365536916
2020,IOT,CZE,0.009556818168630474
2020,REU,ESP,0.009448730182293865
2020,FRO,FIN,0.009436320238278367
2020,TTO,HRV,0.009265767072789725
2020,TTO,LVA,0.009112783592359529
2020,PRY,HRV,0.008729936319285422
2020,GGY,LUX,0.008665509324779518
2020,PRY,LVA,0.008585799732258509
2020,PLW,CZE,0.008523430645794845
2020,TTO,GRC,0.008140684861018783
2020,ATG,POL,0.007700641785379804
2020,REU,ROU,0.007696273973468815
2020,PRY,GRC,0.007669916572883147
2020,PNG,LUX,0.0076099577964828
2020,FRO,LUX,0.007365325143243069
2020,UGA,FIN,0.007283281174738285
2020,IOT,DNK,0.006846149505547322
2020,REU,CZE,0.0067358552250029406
2020,MCO,FIN,0.006516172106146895
2020,BTN,FIN,0.006453127122562219
2020,NRU,POL,0.0062903115277704955
2020,IOT,SVK,0.006131676746458606
2020,PLW,DNK,0.006105869073957427
2020,WLF,ITA,0.005764438207540693
2020,UGA,LUX,0.0056848149074046235
2020,WLF,ESP,0.005535311187949788
2020,FLK,FRA,0.0054838834806964975
2020,PLW,SVK,0.0054686529102773935
2020,LCA,EST,0.005374055273549498
2020,LCA,SVN,0.0052777544950953935
2020,MCO,LUX,0.005086063745104438
2020,BTN,LUX,0.005036855283434396
2020,REU,DNK,0.004825316449931016
2020,WLF,ROU,0.004508676891917174
2020,REU,SVK,0.004321740366080542
2020,GGY,EST,0.004302961614107909
2020,GGY,SVN,0.004225854377206895
2020,WLF,CZE,0.003946038681180452
2020,ATG,ITA,0.003813343992759561
2020,PNG,EST,0.0037788149612405916
2020,PNG,SVN,0.0037111002088091134
2020,ATG,ESP,0.003661769786865063
2020,FRO,EST,0.003657339710681708
2020,FLK,POL,0.003605783932641142
2020,FRO,SVN,0.0035918017429307494
2020,IOT,PRT,0.003477677211422023
2020,IOT,AUT,0.0033572191406789696
2020,NRU,ITA,0.0031149509801314266
2020,PLW,PRT,0.003101632781642072
2020,PLW,AUT,0.002994199952682871
2020,NRU,ESP,0.0029911367577297285
2020,ATG,ROU,0.002982621258494049
2020,IOT,BGR,0.002907929408304864
2020,WLF,DNK,0.0028267955180636788
2020,UGA,EST,0.0028228623861636538
2020,UGA,SVN,0.0027722778961614103
2020,ATG,CZE,0.0026104196728819057
2020,PLW,BGR,0.0025934923315701847
2020,WLF,SVK,0.0025317875881997356
2020,MCO,EST,0.002525545382486464
2020,BTN,EST,0.002501110336175914
2020,MCO,SVN,0.0024802886863836762
2020,BTN,SVN,0.002456291505681404
2020,REU,PRT,0.002451143236388225
2020,NRU,ROU,0.002436370553023084
2020,REU,AUT,0.0023662417439781584
2020,NRU,CZE,0.002132335644000881
2020,REU,BGR,0.0020495724783342797
2020,LCA,HRV,0.0019817866033174617
2020,LCA,LVA,0.0019490660946252267
2020,ATG,DNK,0.0018700076780191043
2020,IOT,FIN,0.001804839857920137
2020,FLK,ITA,0.0017855777326029555
2020,LCA,GRC,0.0017411510641977496
2020,FLK,ESP,0.0017146039291915471
2020,ATG,SVK,0.0016748513285778895
2020,PLW,FIN,0.001609680867032025
2020,GRD,MLT,0.0015943282431083294
2020,GGY,HRV,0.001586800143906222
2020,GGY,LVA,0.0015606011031948715
2020,NRU,DNK,0.0015275260402835046
2020,WLF,PRT,0.0014359432768090042
2020,IOT,LUX,0.0014087305273026375
2020,FLK,ROU,0.0013965962981748164
2020,GGY,GRC,0.0013941252577883527
2020,PNG,HRV,0.0013935109494428279
2020,WLF,AUT,0.0013862057806857966
2020,PNG,LVA,0.001370503231529284
2020,NRU,SVK,0.0013681115046095622
2020,FRO,HRV,0.0013487146062832937
2020,FRO,LVA,0.00132644650338848
2020,REU,FIN,0.0012720907495310319
2020,PLW,LUX,0.001256403202008259
2020,PNG,GRC,0.0012243059209967452
2020,FLK,CZE,0.0012223149155955293
2020,WLF,BGR,0.00120069271224374
2020,FRO,GRC,0.0011849489082720527
2020,GRD,DEU,0.001166958952436434
2020,UGA,HRV,0.0010409849871553178
2020,UGA,LVA,0.0010237976884503598
2020,REU,LUX,0.0009929041983972819
2020,ATG,PRT,0.0009499183565538186
2020,MCO,HRV,0.0009313436037244453
2020,BTN,HRV,0.000922332708792264
2020,ATG,AUT,0.0009170155522860539
2020,MCO,LVA,0.0009159665513061322
2020,UGA,GRC,0.0009145849079639867
2020,BTN,LVA,0.0009071044317594842
2020,FLK,DNK,0.0008756209972159212
2020,MCO,GRC,0.0008182565691200305
2020,BTN,GRC,0.0008103398089228034
2020,ATG,BGR,0.0007942932470670479
2020,FLK,SVK,0.000784240090431757
2020,NRU,PRT,0.0007759460256956469
2020,NRU,AUT,0.0007490691893552731
2020,WLF,FIN,0.000745223751987498
2020,IOT,EST,0.000699521881105295
2020,IOT,SVN,0.0006869867473437054
2020,NRU,BGR,0.0006488228004504802
2020,PLW,EST,0.0006238819378595912
2020,PLW,SVN,0.0006127022396203412
2020,WLF,LUX,0.0005816690297972419
2020,REU,EST,0.0004930383768641081
2020,ATG,FIN,0.000492987246213482
2020,REU,SVN,0.00048420333943279394
2020,GRD,FRA,0.0004573058470552201
2020,FLK,PRT,0.0004447941409098675
2020,FLK,AUT,0.000429387580486191
2020,NRU,FIN,0.0004026993391366471
2020,ATG,LUX,0.0003847910274499956
2020,FLK,BGR,0.00037192352376620307
2020,NRU,LUX,0.00031431866371797236
2020,GRD,POL,0.00030068948062425473
2020,WLF,EST,0.00028883466782220614
2020,WLF,SVN,0.00028365887376353435
2020,IOT,HRV,0.0002579621946810137
2020,IOT,LVA,0.00025370308110178233
2020,FLK,FIN,0.00023083861591490746
2020,PLW,HRV,0.00023006850573110076
2020,IOT,GRC,0.00022663951256899514
2020,PLW,LVA,0.00022626993401354934
2020,PLW,GRC,0.00020213277399369053
2020,ATG,EST,0.0001910725565588843
2020,ATG,SVN,0.00018764861783826837
2020,REU,HRV,0.00018181741728631588
2020,FLK,LUX,0.00018017632073704347
2020,REU,LVA,0.0001788155005447465
2020,REU,GRC,0.00015974050337600536
2020,NRU,EST,0.00015607866703328945
2020,NRU,SVN,0.0001532818038879915
2020,GRD,ITA,0.00014890089119603698
2020,GRD,ESP,0.00014298232356015745
2020,GRD,ROU,0.00011646338865133997
2020,WLF,HRV,0.00010651335837222014
2020,WLF,LVA,0.0001047547576920948
2020,GRD,CZE,0.00010192991149652387
2020,WLF,GRC,9.358012965201141e-05
2020,FLK,EST,8.946869281944016e-05
2020,FLK,SVN,8.786545200273518e-05
2020,GRD,DNK,7.30188019568034e-05
2020,ATG,HRV,7.04616930000259e-05
2020,ATG,LVA,6.929832736095178e-05
2020,GRD,SVK,6.539846809509657e-05
2020,ATG,GRC,6.190598500706357e-05
2020,NRU,HRV,5.755702084283202e-05
2020,NRU,LVA,5.6606719232338515e-05
2020,NRU,GRC,5.05682437881005e-05
2020,GRD,PRT,3.7091773027269266e-05
2020,GRD,AUT,3.5807006458184185e-05
2020,FLK,HRV,3.299330725505955e-05
2020,FLK,LVA,3.244856757672203e-05
2020,GRD,BGR,3.10150284327456e-05
2020,FLK,GRC,2.8987143188064008e-05
2020,GRD,FIN,1.924983438390159e-05
2020,GRD,LUX,1.502506121145407e-05
2020,GRD,EST,7.460872664187402e-06
2020,GRD,SVN,7.32717700812586e-06
2020,GRD,HRV,2.751340792440003e-06
2020,GRD,LVA,2.7059144734994908e-06
2020,GRD,GRC,2.4172632616995253e-06
2021,IRL,LUX,18210.240617017258
2021,GIB,LUX,12495.29400667376
2021,SGP,LUX,11743.496108497546
2021,CYM,LUX,6146.256827083847
2021,CHE,LUX,5474.202667358007
2021,IRL,DEU,4542.959219421857
2021,HKG,LUX,3714.3692563986237
2021,IRL,FRA,3690.9302375189754
2021,IRL,SWE,3483.9883229661
2021,GIB,DEU,3117.235642342827
2021,SGP,DEU,2929.6825361268684
2021,GIB,FRA,2532.600169644321
2021,GIB,SWE,2390.6031406635097
2021,SGP,FRA,2380.2225238328347
2021,SGP,SWE,2246.7689567247917
2021,IRL,NLD,2062.020235964274
2021,IRL,POL,2021.6566090824897
2021,IRL,ESP,1865.3745252321733
2021,CYM,DEU,1533.3237327705672
2021,IRL,ITA,1524.8501792502664
2021,VGB,LUX,1421.5951292198529
2021,GIB,NLD,1414.8933909202055
2021,GIB,POL,1387.1971404603264
2021,CHE,DEU,1365.6645180963678
2021,SGP,NLD,1329.764231344681
2021,PRI,LUX,1308.037326335181
2021,SGP,POL,1303.734366875558
2021,GIB,ESP,1279.9612929635896
2021,CYM,FRA,1245.749885887942
2021,SGP,ESP,1202.9505232063527
2021,CYM,SWE,1175.9035734816234
2021,CHE,FRA,1109.5350454830045
2021,CHE,SWE,1047.3259838644065
2021,GIB,ITA,1046.3042035840008
2021,SGP,ITA,983.3517591927557
2021,HKG,DEU,926.6339974620911
2021,BRB,LUX,811.480093020659
2021,HKG,FRA,752.8444071706118
2021,IRL,CZE,736.5131899618962
2021,IRL,ROU,718.4963381260296
2021,HKG,SWE,710.6341639650844
2021,CYM,NLD,695.9658699422695
2021,CYM,POL,682.3424795376309
2021,CYM,ESP,629.5946962975635
2021,MLT,LUX,624.8691048421819
2021,CHE,NLD,619.8664209474196
2021,CHE,POL,607.7326617847853
2021,IRL,HUN,576.6361467031354
2021,CHE,ESP,560.7525137314863
2021,CYM,ITA,514.6621080744447
2021,GIB,CZE,505.37217173105347
2021,GIB,ROU,493.00957501975836
2021,SGP,CZE,474.9657054005111
2021,SGP,ROU,463.3469226577859
2021,CHE,ITA,458.3870742911905
2021,HKG,NLD,420.5932657133697
2021,IMN,LUX,416.8516393273603
2021,HKG,POL,412.360238049455
2021,GIB,HUN,395.66957622723163
2021,HKG,ESP,380.4831541718775
2021,SGP,HUN,371.8635292769934
2021,VGB,DEU,354.6492786338792
2021,PRI,DEU,326.3196986792838
2021,HKG,ITA,311.02590819850633
2021,VGB,FRA,288.1350421610565
2021,IRL,PRT,281.9580032132288
2021,CYP,LUX,280.18392597537263
2021,VGB,SWE,271.9799773298492
2021,PRI,FRA,265.1186560963068
2021,MUS,LUX,255.49604891599074
2021,IRL,BGR,252.32401335882054
2021,PRI,SWE,250.25406675279902
2021,CYM,CZE,248.58536014128038
2021,CYM,ROU,242.5043752203414
2021,IRL,AUT,226.60447582295512
2021,CHE,CZE,221.40412934830056
2021,CHE,ROU,215.98806151858025
2021,BRB,DEU,202.4421888484273
2021,CYM,HUN,194.62421875444628
2021,GIB,PRT,193.4707081460317
2021,SGP,PRT,181.8302560154004
2021,IRL,SVK,180.21473178737878
2021,IRL,DNK,179.73822027411225
2021,CHE,HUN,173.3432961576312
2021,GIB,BGR,173.13679693589697
2021,BRB,FRA,164.4742908929913
2021,SGP,BGR,162.71976473450593
2021,VGB,NLD,160.97304727869792
2021,VGB,POL,157.82203260626298
2021,MLT,DEU,155.88782819936438
2021,GIB,AUT,155.48885971281598
2021,BRB,SWE,155.2525981321437
2021,HKG,CZE,150.22766624896124
2021,PRI,NLD,148.11443149077596
2021,HKG,ROU,146.55274278344183
2021,SGP,AUT,146.13364183162997
2021,VGB,ESP,145.6217627768614
2021,PRI,POL,145.21512160805526
2021,PRI,ESP,133.98941606067066
2021,MLT,FRA,126.65116963903094
2021,GIB,SVK,123.65767731332656
2021,GIB,DNK,123.3307101094849
2021,IRL,FIN,119.71660900975783
2021,MLT,SWE,119.55013173291219
2021,VGB,ITA,119.03849230781114
2021,HKG,HUN,117.61731327376141
2021,SGP,SVK,116.21762973638616
2021,SGP,DNK,115.91033499935394
2021,BHR,LUX,113.2496786708594
2021,PRI,ITA,109.52963189648061
2021,IMN,DEU,103.99313429409979
2021,IRL,GRC,102.95646598166955
2021,CYM,PRT,95.16548071203306
2021,BRB,NLD,91.887219289519
2021,BRB,POL,90.08854565386845
2021,KAZ,LUX,89.16018559828986
2021,CYM,BGR,85.16351993144985
2021,CHE,PRT,84.75973962861404
2021,IMN,FRA,84.48929108135631
2021,BRB,ESP,83.12434333455337
2021,GIB,FIN,82.14576943376778
2021,IMN,SWE,79.7521721085133
2021,SGP,FIN,77.20334736899765
2021,CYM,AUT,76.48275142905405
2021,CHE,BGR,75.8514297541214
2021,MLT,NLD,70.7564916967313
2021,GIB,GRC,70.64548675578037
2021,CYP,DEU,69.89826089690179
2021,MLT,POL,69.37144775754058
2021,CHE,AUT,68.11984817081829
2021,BRB,ITA,67.94998437001719
2021,TTO,LUX,66.49562239936789
2021,SGP,GRC,66.39499625669613
2021,MLT,ESP,64.00875937289838
2021,MUS,DEU,63.7393077532479
2021,CYM,SVK,60.82544700448268
2021,CYM,DNK,60.66461650239357
2021,HKG,PRT,57.511383883202264
2021,VGB,CZE,57.49641564195348
2021,CYP,FRA,56.78888852698026
2021,ISL,LUX,56.359967113814186
2021,VGB,ROU,56.089917542757114
2021,CHE,SVK,54.17457057243791
2021,CHE,DNK,54.03132586459408
2021,IRL,EST,53.75169420396402
2021,LTU,LUX,53.704988614787126
2021,CYP,SWE,53.60486700372254
2021,PRI,CZE,52.90357025310692
2021,MLT,ITA,52.32395258062348
2021,MUS,FRA,51.78504295156969
2021,PRI,ROU,51.60942399771143
2021,HKG,BGR,51.46689588468663
2021,MUS,SWE,48.881575466688616
2021,URY,LUX,47.29940984861285
2021,IMN,NLD,47.20182087460462
2021,IMN,POL,46.277854827766866
2021,HKG,AUT,46.22084441720983
2021,VGB,HUN,45.01550280006963
2021,LBR,LUX,44.95481738833021
2021,IMN,ESP,42.70039288090924
2021,PRI,HUN,41.41963961184246
2021,CYM,FIN,40.406331850110035
2021,IRL,SVN,37.621751815347146
2021,GIB,EST,36.882720912963094
2021,HKG,SVK,36.758660875443454
2021,HKG,DNK,36.66146612923328
2021,CHE,FIN,35.98815601348245
2021,IMN,ITA,34.90543097794645
2021,CYM,GRC,34.74950689783424
2021,SGP,EST,34.66361730110924
2021,BRB,CZE,32.82031272792244
2021,BRB,ROU,32.01745037639229
2021,CYP,NLD,31.726375137143368
2021,CYP,POL,31.105337794244384
2021,CHE,GRC,30.949868952963065
2021,MUS,NLD,28.93086555821602
2021,CYP,ESP,28.700771663916875
2021,MUS,POL,28.364549746958804
2021,BHR,DEU,28.252711352619905
2021,MUS,ESP,26.171857416314925
2021,GIB,SVN,25.814862080382213
2021,BRB,HUN,25.695912745296777
2021,IRL,LVA,25.656175709735393
2021,MLT,CZE,25.272831226945762
2021,MLT,ROU,24.65459809562561
2021,HKG,FIN,24.41877080803636
2021,SGP,SVN,24.261672612141247
2021,CYP,ITA,23.461442313252082
2021,IRL,HRV,23.164479261635655
2021,BHR,FRA,22.953934117980282
2021,BEL,LUX,22.29185194117118
2021,KAZ,DEU,22.243038721333498
2021,VGB,PRT,22.01124809069852
2021,BHR,SWE,21.666960166370615
2021,KWT,LUX,21.653332491092417
2021,MUS,ITA,21.39418166848455
2021,HKG,GRC,21.000180065297915
2021,PRI,PRT,20.252977454739835
2021,MLT,HUN,19.78678483102066
2021,VGB,BGR,19.69785001308006
2021,CYM,EST,18.14208413916885
2021,PRI,BGR,18.124374891323896
2021,KAZ,FRA,18.071371594069262
2021,VGB,AUT,17.690036384708453
2021,GIB,LVA,17.60446033208622
2021,KAZ,SWE,17.05815162088793
2021,IMN,CZE,16.859564740453585
2021,CUW,LUX,16.74569207171446
2021,TTO,DEU,16.588847296619804
2021,SGP,LVA,16.545261863517165
2021,IMN,ROU,16.447139974562205
2021,PRI,AUT,16.27694652282927
2021,CHE,EST,16.158362427752916
2021,GIB,HRV,15.894736646980368
2021,CPV,LUX,15.363931956855506
2021,JOR,LUX,15.16754834440012
2021,SGP,HRV,14.938406239958178
2021,VGB,SVK,14.068588675494551
2021,ISL,DEU,14.060277268755442
2021,VGB,DNK,14.031389472006607
2021,TTO,FRA,13.477620012726188
2021,LTU,DEU,13.397932420975096
2021,IMN,HUN,13.199810376145702
2021,GIN,LUX,13.116381003009655
2021,PRI,SVK,12.944782053735741
2021,PRI,DNK,12.910554343136543
2021,BHR,NLD,12.823725619393466
2021,TTO,SWE,12.721961056970763
2021,CYM,SVN,12.697962306211762
2021,BHR,POL,12.572703797634516
2021,BRB,PRT,12.564540550967578
2021,URY,DEU,11.799914925021174
2021,BHR,ESP,11.600783868058118
2021,ISL,FRA,11.42328161285024
2021,CYP,CZE,11.332039012341726
2021,CHE,SVN,11.309520750966753
2021,BRB,BGR,11.243998261089406
2021,LBR,DEU,11.215002942953546
2021,CYP,ROU,11.05483057851289
2021,HKG,EST,10.963811221910493
2021,LTU,FRA,10.885159101011253
2021,ISL,SWE,10.782804655737952
2021,MUS,CZE,10.33353781354918
2021,LTU,SWE,10.274853427477279
2021,BRB,AUT,10.09789079601018
2021,KAZ,NLD,10.095973513617299
2021,MUS,ROU,10.080755076913233
2021,KAZ,POL,9.898346884739206
2021,MLT,PRT,9.675151953033216
2021,URY,FRA,9.586848724223124
2021,BHR,ITA,9.48305936495531
2021,VGB,FIN,9.3457605439848
2021,KAZ,ESP,9.133165364361028
2021,LBR,FRA,9.11163659560197
2021,URY,SWE,9.0493363081518
2021,CYP,HUN,8.872160606797012
2021,CYM,LVA,8.659382840085321
2021,MLT,BGR,8.65828649240212
2021,LBR,SWE,8.60076822354859
2021,PRI,FIN,8.599216037854152
2021,MUS,HUN,8.090406944272674
2021,VGB,GRC,8.037368293994808
2021,BRB,SVK,8.030682866312873
2021,BRB,DNK,8.009448681919418
2021,CYM,HRV,7.8183941553535945
2021,MLT,AUT,7.775742173796431
2021,CHE,LVA,7.7125343073826835
2021,HKG,SVN,7.673763419918688
2021,TTO,NLD,7.529572061909121
2021,KAZ,ITA,7.465904918603333
2021,PRI,GRC,7.395338882328313
2021,TTO,POL,7.382182219663328
2021,CHE,HRV,6.963502395652336
2021,GNQ,LUX,6.84046055939835
2021,TTO,ESP,6.811510219547869
2021,IMN,PRT,6.454316465816975
2021,ISL,NLD,6.381870241646556
2021,ISL,POL,6.256946429188758
2021,MLT,SVK,6.183917088175098
2021,MLT,DNK,6.1675659960064655
2021,LTU,NLD,6.081236136574498
2021,LTU,POL,5.962197175600417
2021,IMN,BGR,5.775963141969254
2021,ISL,ESP,5.773259623971525
2021,TTO,ITA,5.568068202255434
2021,BEL,DEU,5.561210113802345
2021,LTU,ESP,5.501295658130451
2021,KWT,DEU,5.401916896127629
2021,URY,NLD,5.355906179837335
2021,BRB,FIN,5.3347809651989335
2021,URY,POL,5.251065405296778
2021,HKG,LVA,5.2331274636727665
2021,IMN,AUT,5.187215765696355
2021,LCA,LUX,5.133517164237737
2021,LBR,NLD,5.090418359007875
2021,LBR,POL,4.99077445458271
2021,URY,ESP,4.845137197564937
2021,HKG,HRV,4.724892516219597
2021,ISL,ITA,4.719350378914175
2021,LBR,ESP,4.604967770952549
2021,BRB,GRC,4.5879197507038825
2021,BHR,CZE,4.580383304880046
2021,BEL,FRA,4.518208853488584
2021,LTU,ITA,4.497033468045695
2021,BHR,ROU,4.468336313081068
2021,TLS,LUX,4.452043494793214
2021,KWT,FRA,4.388790972906745
2021,CYP,PRT,4.338223857769046
2021,BEL,SWE,4.264883341945135
2021,VGB,EST,4.196163481566689
2021,CUW,DEU,4.177594232978092
2021,KWT,SWE,4.14272162234752
2021,IMN,SVK,4.125305533102512
2021,IMN,DNK,4.114397681326085
2021,MLT,FIN,4.107974841187019
2021,URY,ITA,3.9606568140944614
2021,MUS,PRT,3.955969462254246
2021,SSD,LUX,3.951730251882607
2021,CYP,BGR,3.8822733959193854
2021,PRI,EST,3.860971628614078
2021,CPV,DEU,3.8328827058299084
2021,JOR,DEU,3.783890341505307
2021,LBR,ITA,3.7643303454595625
2021,BOL,LUX,3.637692715849716
2021,KAZ,CZE,3.606083746703793
2021,BHR,HUN,3.5861062847849983
2021,MUS,BGR,3.540194213554758
2021,MLT,GRC,3.5328646166026356
2021,KAZ,ROU,3.517870422818243
2021,CYP,AUT,3.4865509476209473
2021,CUW,FRA,3.3940892114250594
2021,GIN,DEU,3.272179937446235
2021,CUW,SWE,3.20379048606966
2021,PAN,LUX,3.1888072373582177
2021,MUS,AUT,3.179340100829889
2021,CPV,FRA,3.114028102064168
2021,JOR,FRA,3.074224223103478
2021,MDG,LUX,3.0424926526834173
2021,CPV,SWE,2.9394317548176283
2021,VGB,SVN,2.9369682838477447
2021,JOR,SWE,2.9018595872111725
2021,KAZ,HUN,2.8233007429176653
2021,CYP,SVK,2.772795381056151
2021,CYP,DNK,2.7654637444585153
2021,IMN,FIN,2.740439611423664
2021,PRI,SVN,2.702361637693334
2021,TTO,CZE,2.6894154779093733
2021,GIN,FRA,2.6584847651923766
2021,SYC,LUX,2.640874565497245
2021,TTO,ROU,2.623626024507886
2021,MUS,SVK,2.528475756937696
2021,BEL,NLD,2.524197827285134
2021,MUS,DNK,2.5217901336412742
2021,GIN,SWE,2.5094296783402417
2021,BEL,POL,2.474787168020337
2021,KWT,NLD,2.4518956510091763
2021,KWT,POL,2.403900292144949
2021,BRB,EST,2.395269273481748
2021,IMN,GRC,2.3567822373365344
2021,BEL,ESP,2.2834762925894343
2021,ISL,CZE,2.2794788953174163
2021,ISL,ROU,2.2237174587543547
2021,KWT,ESP,2.2180692537099405
2021,LTU,CZE,2.1720982887277738
2021,LTU,ROU,2.1189636353715016
2021,TTO,HUN,2.105616300158406
2021,VGB,LVA,2.002867243241434
2021,URY,CZE,1.9130246526431143
2021,CUW,NLD,1.8961833972053004
2021,BEL,ITA,1.8666274182313882
2021,URY,ROU,1.8662275522044731
2021,CUW,POL,1.8590659927253013
2021,MLT,EST,1.8444442194571726
2021,PRI,LVA,1.8428771033364153
2021,CYP,FIN,1.8419673974800415
2021,PRY,LUX,1.82548429414297
2021,LBR,CZE,1.8181976095303687
2021,KWT,ITA,1.8131604422378074
2021,VGB,HRV,1.808351222909288
2021,ISL,HUN,1.7846658343687745
2021,LBR,ROU,1.7737202024917658
2021,MHL,LUX,1.7732446814791607
2021,BHR,PRT,1.7534997990490881
2021,CPV,NLD,1.7397210319894931
2021,JOR,NLD,1.717483710066555
2021,CUW,ESP,1.715352809164308
2021,GNQ,DEU,1.7065086627339912
2021,CPV,POL,1.7056663464976318
2021,LTU,HUN,1.7005946458844237
2021,JOR,POL,1.6838643156301805
2021,MUS,FIN,1.6796659217687833
2021,BRB,SVN,1.6764908989828926
2021,PRI,HRV,1.6638991299775385
2021,CYP,GRC,1.584094765685695
2021,CPV,ESP,1.5738115647377442
2021,BHR,BGR,1.5692057032527338
2021,JOR,ESP,1.5536949174318864
2021,URY,HUN,1.4977588715081942
2021,GIN,NLD,1.4852216189581204
2021,GIN,POL,1.4561487077330997
2021,MUS,GRC,1.4445152495178177
2021,LBR,HUN,1.4235162082551238
2021,BHR,AUT,1.4092556277563149
2021,CUW,ITA,1.4022149456587472
2021,GNQ,FRA,1.3864540973525465
2021,KAZ,PRT,1.3805104735366422
2021,GIN,ESP,1.3435826302805325
2021,GNQ,SWE,1.3087188255153095
2021,MLT,SVN,1.290958800263305
2021,CPV,ITA,1.2865120725811339
2021,LCA,DEU,1.2806727609925503
2021,JOR,ITA,1.2700677216825207
2021,KAZ,BGR,1.235417825339133
2021,IMN,EST,1.2304330468103084
2021,BRB,LVA,1.1432839515604696
2021,BHR,SVK,1.120757319790906
2021,BHR,DNK,1.1177938896586337
2021,TLS,DEU,1.1106636351107568
2021,KAZ,AUT,1.1094909477965589
2021,GIN,ITA,1.0983114580520048
2021,LCA,FRA,1.0404834359300863
2021,BRB,HRV,1.0322496106087236
2021,TTO,PRT,1.0295840295831087
2021,SSD,DEU,0.9858491031514377
2021,LCA,SWE,0.982145938216593
2021,TTO,BGR,0.9213740041920112
2021,BOL,DEU,0.9075052882854248
2021,TLS,FRA,0.9023594086025556
2021,BEL,CZE,0.9015939618067219
2021,KAZ,SVK,0.8823595070288848
2021,MLT,LVA,0.8803701107845112
2021,KAZ,DNK,0.880026432147773
2021,BEL,ROU,0.8795388444681934
2021,KWT,CZE,0.8757690423605308
2021,ISL,PRT,0.8726487542248179
2021,IMN,SVN,0.861201630907571
2021,KWT,ROU,0.8543456635348718
2021,TLS,SWE,0.851766205368095
2021,LTU,PRT,0.8315404321601346
2021,TTO,AUT,0.8274578010929111
2021,CYP,EST,0.8270270023681394
2021,SSD,FRA,0.8009537591481332
2021,PAN,DEU,0.7955205833127806
2021,MLT,HRV,0.7948696409221007
2021,ISL,BGR,0.7809327396607492
2021,GNQ,NLD,0.7745734058897488
2021,GNQ,POL,0.759411288950937
2021,MDG,DEU,0.7590190781781856
2021,SSD,SWE,0.7560461359420511
2021,MUS,EST,0.7541550812249957
2021,BHR,FIN,0.7445188554647827
2021,LTU,BGR,0.7441449319461242
2021,BOL,FRA,0.7373032746851989
2021,URY,PRT,0.7323597438694058
2021,BEL,HUN,0.7058823590843484
2021,ISL,AUT,0.7013317986194049
2021,GNQ,ESP,0.7007057807041284
2021,LBR,PRT,0.6960572796486797
2021,BOL,SWE,0.695964386803096
2021,KWT,HUN,0.6856633294168133
2021,CUW,CZE,0.6772795233871105
2021,LTU,AUT,0.6682937941390562
2021,CUW,ROU,0.6607116669106188
2021,SYC,DEU,0.6588263003757888
2021,TTO,SVK,0.6580632847068736
2021,TTO,DNK,0.6563232786124175
2021,URY,BGR,0.6553882056535161
2021,PAN,FRA,0.6463212266940713
2021,BHR,GRC,0.640287349010392
2021,LBR,BGR,0.6229011566511814
2021,CPV,CZE,0.6213942349189356
2021,MDG,FRA,0.6166655545849618
2021,JOR,CZE,0.6134514996246752
2021,PAN,SWE,0.6100834916351338
2021,CPV,ROU,0.6061934645664383
2021,JOR,ROU,0.5984450273335278
2021,URY,AUT,0.5885840940214678
2021,WSM,LUX,0.5879271159711078
2021,IMN,LVA,0.5872969571571625
2021,DJI,LUX,0.5869486066715676
2021,KAZ,FIN,0.5861512378113897
2021,MDG,SWE,0.5820905444134328
2021,LCA,NLD,0.5812892040776332
2021,CYP,SVN,0.5788506778897042
2021,GNQ,ITA,0.5727918553918288
2021,BEN,LUX,0.5722225629306702
2021,LCA,POL,0.5699105860919436
2021,LBR,AUT,0.5594084693466181
2021,ISL,SVK,0.5577573943460149
2021,ISL,DNK,0.5562826102516214
2021,SYC,FRA,0.5352638656613821
2021,IRN,LUX,0.5338943308427733
2021,LTU,SVK,0.5314828245494853
2021,GIN,CZE,0.5304920355777581
2021,CUW,HUN,0.530260503042837
2021,IMN,HRV,0.5302593940111865
2021,LTU,DNK,0.5300775138820975
2021,MUS,SVN,0.5278463444978702
2021,LCA,ESP,0.5258542346805997
2021,GIN,ROU,0.5175149476784822
2021,SYC,SWE,0.5052528597569742
2021,TLS,NLD,0.5041231453623914
2021,KAZ,GRC,0.5040909567604192
2021,TLS,POL,0.49425503728712633
2021,CPV,HUN,0.4865063953922344
2021,JOR,HUN,0.48028781256603637
2021,URY,SVK,0.4680910394782725
2021,URY,DNK,0.4668533450492097
2021,TLS,ESP,0.4560471602254506
2021,PRY,DEU,0.4554086284964736
2021,SSD,NLD,0.4474706247889669
2021,LBR,SVK,0.44488815543808613
2021,LBR,DNK,0.44371181249386854
2021,MHL,DEU,0.44237626747713027
2021,SSD,POL,0.4387114782856861
2021,TTO,FIN,0.4371513037673157
2021,LCA,ITA,0.4298594803166524
2021,GIN,HUN,0.41533659874860773
2021,BOL,NLD,0.41191086653145914
2021,SSD,ESP,0.404797338897466
2021,BOL,POL,0.40384779506627866
2021,CYP,LVA,0.39474755919205895
2021,TTO,GRC,0.37595078667399995
2021,TLS,ITA,0.3727956957757854
2021,BOL,ESP,0.37262875683408486
2021,ISL,FIN,0.3705181215706782
2021,PRY,FRA,0.3699970429315435
2021,PAN,NLD,0.3610817226586977
2021,MUS,LVA,0.35996512412945214
2021,MHL,FRA,0.3594088925587829
2021,CYP,HRV,0.3564101583937917
2021,PAN,POL,0.35401362135055897
2021,LTU,FIN,0.3530639302954508
2021,PRY,SWE,0.3492521652135012
2021,BEL,PRT,0.3451555744619851
2021,MDG,NLD,0.34451392211386533
2021,MHL,SWE,0.3392576679224053
2021,MDG,POL,0.33777013213292884
2021,KWT,PRT,0.33526906758141284
2021,BHR,EST,0.3342823537940873
2021,SSD,ITA,0.33090153555142254
2021,PAN,ESP,0.3266469626373508
2021,MUS,HRV,0.32500575094068834
2021,ISL,GRC,0.31864614855549694
2021,MDG,ESP,0.3116591596388969
2021,URY,FIN,0.31095278059901693
2021,BEL,BGR,0.30887947420863
2021,BOL,ITA,0.304605332048017
2021,LTU,GRC,0.3036355174899358
2021,KWT,BGR,0.3000320463442786
2021,SYC,NLD,0.299037058829958
2021,LBR,FIN,0.2955391095356822
2021,SYC,POL,0.29318346920172905
2021,BEL,AUT,0.27739520473614804
2021,GNQ,CZE,0.27666243040759053
2021,PYF,LUX,0.2731538645165427
2021,UZB,LUX,0.2708823183206895
2021,SYC,ESP,0.2705192228052523
2021,GNQ,ROU,0.26989461404647125
2021,KWT,AUT,0.26944960048352506
2021,URY,GRC,0.26741986464918
2021,PAN,ITA,0.2670175199627138
2021,KAZ,EST,0.26317669998107596
2021,CUW,PRT,0.2592816865117061
2021,MDG,ITA,0.25476574222069936
2021,LBR,GRC,0.25416408407193763
2021,PNG,LUX,0.25138586272306684
2021,CPV,PRT,0.23788722330284345
2021,JOR,PRT,0.23484652041504211
2021,BHR,SVN,0.2339700717705705
2021,CUW,BGR,0.2320309939264308
2021,SYC,ITA,0.22113590584919662
2021,BEL,SVK,0.2206077450106829
2021,BEL,DNK,0.22002442904438674
2021,GNQ,HUN,0.21660651836528677
2021,KWT,SVK,0.21428873946555915
2021,KWT,DNK,0.21372213178312408
2021,CPV,BGR,0.21288510425847412
2021,JOR,BGR,0.21016398144111054
2021,CUW,AUT,0.2083799359936747
2021,LCA,CZE,0.2076251040210678
2021,PRY,NLD,0.20670707400978414
2021,GIN,PRT,0.2030872998754635
2021,PRY,POL,0.20266082506244795
2021,LCA,ROU,0.2025461036887758
2021,MHL,NLD,0.2007917684025069
2021,MHL,POL,0.19686131035976978
2021,TTO,EST,0.19627705291126063
2021,CPV,AUT,0.19118559830611667
2021,JOR,AUT,0.18874184116437492
2021,PRY,ESP,0.18699433852200728
2021,KAZ,SVN,0.1842019798055023
2021,GIN,BGR,0.18174267792650836
2021,MHL,ESP,0.1816431493356325
2021,TLS,CZE,0.18006290115327098
2021,TLS,ROU,0.17565813738877875
2021,ISL,EST,0.16635934589553028
2021,CUW,SVK,0.16572106150414834
2021,CUW,DNK,0.16528287316619023
2021,FSM,LUX,0.16509289893149856
2021,GIN,AUT,0.16321753810895034
2021,LCA,HUN,0.16255532361577968
2021,SSD,CZE,0.1598277318182801
2021,BHR,LVA,0.15955602763070773
2021,LTU,EST,0.15852256902919712
2021,SSD,ROU,0.15591796807924713
2021,PRY,ITA,0.1528584993292852
2021,CPV,SVK,0.15204669367283566
2021,CPV,DNK,0.15164466216647304
2021,JOR,SVK,0.15010321468261234
2021,JOR,DNK,0.14970632199095957
2021,MHL,ITA,0.1484841703783577
2021,BOL,CZE,0.14712648353190555
2021,WSM,DEU,0.14667180780429093
2021,BEL,FIN,0.1465496793299221
2021,DJI,DEU,0.14642769637615952
2021,BHR,HRV,0.14406014111128854
2021,BOL,ROU,0.1435274223188083
2021,BEN,DEU,0.14275394941227804
2021,KWT,FIN,0.14235196525475655
2021,TLS,HUN,0.1409761276516738
2021,URY,EST,0.13961503681806034
2021,VUT,LUX,0.1394356558302291
2021,TTO,SVN,0.1373777455954242
2021,IRN,DEU,0.13319209907817892
2021,LBR,EST,0.1326944354043557
2021,GIN,SVK,0.12980416536998113
2021,GIN,DNK,0.1294609460412654
2021,PAN,CZE,0.12897131015202207
2021,BEL,GRC,0.12603294730245743
2021,PAN,ROU,0.12581636735159948
2021,KAZ,LVA,0.12561664813394577
2021,SSD,HUN,0.12513346491019833
2021,MDG,CZE,0.12305361670891157
2021,KWT,GRC,0.12242290680803165
2021,MDG,ROU,0.12004343466420621
2021,WSM,FRA,0.11916360774317555
2021,DJI,FRA,0.1189652792511296
2021,ISL,SVN,0.11643781867964952
2021,BEN,FRA,0.11598054108838876
2021,BOL,HUN,0.11518931323715942
2021,KAZ,HRV,0.11341691269719562
2021,WSM,SWE,0.1124823801001473
2021,DJI,SWE,0.11229517142755423
2021,LTU,SVN,0.11095272135083456
2021,CUW,FIN,0.11008846684177463
2021,BEN,SWE,0.10947778062444591
2021,IRN,FRA,0.10821200942869917
2021,SYC,CZE,0.1068101729916735
2021,GNQ,PRT,0.10591417438957047
2021,SYC,ROU,0.10419734393771751
2021,IRN,SWE,0.1021448125521086
2021,CPV,FIN,0.10100458712294956
2021,PAN,HUN,0.10097513572725633
2021,JOR,FIN,0.09971353443217539
2021,URY,SVN,0.09771900853819525
2021,MDG,HUN,0.09634201307458234
2021,GNQ,BGR,0.09478251813746909
2021,CUW,GRC,0.09467624906119328
2021,TTO,LVA,0.09368483415931038
2021,LBR,SVN,0.09287515844834755
2021,CPV,GRC,0.08686409867547226
2021,GIN,FIN,0.08622888017706604
2021,JOR,GRC,0.08575379139615899
2021,GNQ,AUT,0.08512127939712841
2021,TTO,HRV,0.08458627749379032
2021,SYC,HUN,0.08362458055340509
2021,LCA,PRT,0.0794847404562407
2021,ISL,LVA,0.07940483872111348
2021,LTU,LVA,0.07566427338157845
2021,GIN,GRC,0.07415696821035041
2021,PRY,CZE,0.07383171309928578
2021,PRY,ROU,0.07202561504995302
2021,MHL,CZE,0.07171888194155569
2021,ISL,HRV,0.07169313777075498
2021,LCA,BGR,0.07113083680598957
2021,MHL,ROU,0.06996446873160103
2021,TLS,PRT,0.06893315252722616
2021,LTU,HRV,0.06831585156821417
2021,PYF,DEU,0.06814445197206812
2021,GNQ,SVK,0.0676955231366973
2021,UZB,DEU,0.06757776304412773
2021,GNQ,DNK,0.06751652724745283
2021,URY,LVA,0.06663953516950118
2021,WSM,NLD,0.06657339877605144
2021,DJI,NLD,0.06646259815462276
2021,BEL,EST,0.06579950446465535
2021,WSM,POL,0.06527023803030242
2021,DJI,POL,0.06516160630851091
2021,BEN,NLD,0.0647951078216807
2021,KWT,EST,0.06391476812614459
2021,LCA,AUT,0.06388042808413887
2021,BEN,POL,0.06352675675981234
2021,LBR,LVA,0.06333626876057083
2021,PNG,DEU,0.06271392820712401
2021,TLS,BGR,0.06168822839191311
2021,SSD,PRT,0.06118655950195969
2021,IRN,NLD,0.060455044895761825
2021,WSM,ESP,0.06022458944341838
2021,URY,HRV,0.06016758490834605
2021,DJI,ESP,0.060124355385096306
2021,IRN,POL,0.05927164968327355
2021,BEN,ESP,0.05861588619847531
2021,PRY,HUN,0.05780485010494674
2021,LBR,HRV,0.05718512769839292
2021,BOL,PRT,0.056324163751346065
2021,MHL,HUN,0.056150657302926676
2021,TLS,AUT,0.05540031039105833
2021,PYF,FRA,0.055364005300244386
2021,UZB,FRA,0.054903598504061756
2021,SSD,BGR,0.054755807890571676
2021,IRN,ESP,0.0546897157959197
2021,PYF,SWE,0.05225987368115165
2021,UZB,SWE,0.05182528082826891
2021,PNG,FRA,0.05095197265775274
2021,LCA,SVK,0.05080303101621188
2021,LCA,DNK,0.050668701103512945
2021,BOL,BGR,0.05040445344646366
2021,CUW,EST,0.049428743881143385
2021,PAN,PRT,0.049373851789591854
2021,WSM,ITA,0.0492305833310553
2021,SSD,AUT,0.04917451565602913
2021,DJI,ITA,0.04914864701224535
2021,PNG,SWE,0.048095213495832415
2021,BEN,ITA,0.04791554905872514
2021,MDG,PRT,0.04710839198576434
2021,BEL,SVN,0.04605422514030321
2021,CPV,EST,0.045350162564226214
2021,BOL,AUT,0.04526669737190578
2021,GNQ,FIN,0.04497012200217133
2021,JOR,EST,0.04477049137231965
2021,KWT,SVN,0.04473506518051186
2021,IRN,ITA,0.04470610153967591
2021,PAN,BGR,0.0441846242935405
2021,TLS,SVK,0.04405893591379245
2021,TLS,DNK,0.043942438277794725
2021,MDG,BGR,0.042157265951906366
2021,FSM,DEU,0.041186183260041954
2021,SYC,PRT,0.04088994400921709
2021,PAN,AUT,0.03968085912312138
2021,SSD,SVK,0.0391076659785368
2021,SSD,DNK,0.039004260153103286
2021,GIN,EST,0.0387160013732942
2021,GNQ,GRC,0.03867437337563332
2021,MDG,AUT,0.03786015062932459
2021,SYC,BGR,0.0365923813505679
2021,BOL,SVK,0.03599984376368643
2021,BOL,DNK,0.035904655429974446
2021,VUT,DEU,0.03478539968209536
2021,CUW,SVN,0.03459604320162239
2021,LCA,FIN,0.03374844298441746
2021,FSM,FRA,0.033461741966029
2021,SYC,AUT,0.0328624980424173
2021,CPV,SVN,0.03174137273334805
2021,FSM,SWE,0.03158561955213612
2021,PAN,SVK,0.031557520468188716
2021,PAN,DNK,0.03147407822301767
2021,BEL,LVA,0.03140670583801281
2021,JOR,SVN,0.03133565071770957
2021,PYF,NLD,0.03093033244374626
2021,UZB,NLD,0.030673115951043804
2021,KWT,LVA,0.030507103929952595
2021,PYF,POL,0.03032487747472405
2021,MDG,SVK,0.030109541598040763
2021,UZB,POL,0.03007269594257057
2021,MDG,DNK,0.030029927999927312
2021,TLS,FIN,0.029268342004362548
2021,LCA,GRC,0.02902371233866374
2021,MAF,LUX,0.02885027651439896
2021,PNG,NLD,0.028465452317302003
2021,BEL,HRV,0.02835652492763671
2021,PRY,PRT,0.028264860267286744
2021,VUT,FRA,0.02826142109353293
2021,PYF,ESP,0.02798064402629175
2021,PNG,POL,0.027908246875610738
2021,PRK,LUX,0.027882552598664068
2021,UZB,ESP,0.02774795712798284
2021,KWT,HRV,0.02754429125810032
2021,MHL,PRT,0.027456008962952208
2021,GIN,SVN,0.027098007170186955
2021,VUT,SWE,0.02667686863311795
2021,SYC,SVK,0.026134992475632127
2021,SYC,DNK,0.026065888109467073
2021,SSD,FIN,0.025979214411618868
2021,PNG,ESP,0.025750828568893956
2021,PRY,BGR,0.025294203031628805
2021,TLS,GRC,0.025170818676182264
2021,MHL,BGR,0.024570362583780748
2021,BOL,FIN,0.02391468875782246
2021,WSM,CZE,0.023778712470406888
2021,DJI,CZE,0.023739136661346007
2021,CUW,LVA,0.023592791946502042
2021,WSM,ROU,0.023197029012098212
2021,DJI,ROU,0.023158421320781657
2021,BEN,CZE,0.02314354181560897
2021,PYF,ITA,0.022872774063277413
2021,PRY,AUT,0.02271594979424609
2021,UZB,ITA,0.02268256418649604
2021,BEN,ROU,0.022577396131414806
2021,SSD,GRC,0.022342163939694668
2021,MHL,AUT,0.02206589083600177
2021,CPV,LVA,0.021646047746845656
2021,IRN,CZE,0.021593356451540965
2021,JOR,LVA,0.021369365380388642
2021,CUW,HRV,0.021301488809240297
2021,IRN,ROU,0.02106513196197467
2021,PNG,ITA,0.021050011688260612
2021,PAN,FIN,0.02096365431248371
2021,BOL,GRC,0.020566668734797504
2021,GNQ,EST,0.020191185384967305
2021,MDG,FIN,0.020001762248873664
2021,CPV,HRV,0.019543810028472587
2021,JOR,HRV,0.019293998715501973
2021,FSM,NLD,0.018694146089021563
2021,WSM,HUN,0.018616998744050466
2021,DJI,HUN,0.018586013770053318
2021,GIN,LVA,0.018479501878441995
2021,FSM,POL,0.018328211980107263
2021,BEN,HUN,0.018119706415992462
2021,PRY,SVK,0.018065613155249613
2021,PAN,GRC,0.018028774619725386
2021,PRY,DNK,0.01801784529200494
2021,MHL,SVK,0.0175486321892712
2021,MHL,DNK,0.01750223129186769
2021,SYC,FIN,0.017361470089857202
2021,MDG,GRC,0.01720154598082338
2021,FSM,ESP,0.01691136841298858
2021,IRN,HUN,0.01690602426176245
2021,GIN,HRV,0.016684795227142665
2021,VUT,NLD,0.01578887121723142
2021,VUT,POL,0.015479807273249876
2021,LCA,EST,0.015152751169309048
2021,SYC,GRC,0.014930890705002036
2021,VUT,ESP,0.014283156700943872
2021,GNQ,SVN,0.014132164142184085
2021,FSM,ITA,0.013824196056662307
2021,TLS,EST,0.013141225618471211
2021,PRY,FIN,0.01200098307823258
2021,VUT,ITA,0.011675764711637792
2021,SSD,EST,0.011664436541121313
2021,MHL,FIN,0.011657552729583028
2021,SXM,LUX,0.011595674005917404
2021,IOT,LUX,0.011248614057987086
2021,PYF,CZE,0.011047708173471182
2021,UZB,CZE,0.010955835486556202
2021,PYF,ROU,0.01077745514338272
2021,BOL,EST,0.01073748285827804
2021,UZB,ROU,0.010687829879338737
2021,LCA,SVN,0.010605675825738256
2021,PRY,GRC,0.01032086371524218
2021,REU,LUX,0.010171576134796998
2021,PNG,CZE,0.010167301331124076
2021,MHL,GRC,0.010025513092632008
2021,PNG,ROU,0.009918585131400691
2021,GNQ,LVA,0.009637437623061181
2021,PAN,EST,0.009412494601399798
2021,TLS,SVN,0.009197773876514305
2021,WSM,PRT,0.009103161190479554
2021,DJI,PRT,0.009088010455570202
2021,MDG,EST,0.008980613607709333
2021,BEN,PRT,0.008859999965443349
2021,GNQ,HRV,0.008701461452417313
2021,PYF,HUN,0.008649550283520026
2021,UZB,HUN,0.00857762066584046
2021,IRN,PRT,0.008266545325634929
2021,SSD,SVN,0.008164143346826257
2021,WSM,BGR,0.008146412372260312
2021,DJI,BGR,0.008132853990536449
2021,PNG,HUN,0.007960255894741497
2021,BEN,BGR,0.007928807567661155
2021,SYC,EST,0.0077951458775883655
2021,BOL,SVN,0.007515352235835009
2021,IRN,BGR,0.007397725439271873
2021,WSM,AUT,0.007316043688749266
2021,DJI,AUT,0.007303867320980518
2021,LCA,LVA,0.007232546847928404
2021,MAF,DEU,0.0071973584770472126
2021,LAO,LUX,0.007132952619825092
2021,BEN,AUT,0.007120619471979908
2021,PRK,DEU,0.006955937708519062
2021,FSM,CZE,0.006677182371685281
2021,IRN,AUT,0.006643670862449614
2021,PAN,SVN,0.006587969758003334
2021,LCA,HRV,0.0065301307319965245
2021,FSM,ROU,0.00651384272331057
2021,MDG,SVN,0.006285688689489777
2021,TLS,LVA,0.006272427288141358
2021,MAF,FRA,0.005847498678752784
2021,WSM,SVK,0.00581832660773567
2021,DJI,SVK,0.005808642947059418
2021,WSM,DNK,0.005802942185002671
2021,DJI,DNK,0.005793284129202098
2021,TLS,HRV,0.005663256811151866
2021,BEN,SVK,0.005662909012024258
2021,PRK,FRA,0.005651356214889984
2021,BEN,DNK,0.005647935533907087
2021,VUT,CZE,0.0056394751628917345
2021,SSD,LVA,0.005567542342358332
2021,MAF,SWE,0.0055196429637826925
2021,VUT,ROU,0.005501520283295993
2021,SYC,SVN,0.005455959070950147
2021,PRY,EST,0.0053883348175650875
2021,PRK,SWE,0.005334497753832818
2021,IRN,SVK,0.005283599797452434
2021,IRN,DNK,0.005269629262912843
2021,MHL,EST,0.005234137641135986
2021,FSM,HUN,0.005227747128115793
2021,BOL,LVA,0.005125098863803575
2021,SSD,HRV,0.005026829430346464
2021,BOL,HRV,0.004627355522021984
2021,PAN,LVA,0.004492669839281828
2021,VUT,HUN,0.004415298017305253
2021,MDG,LVA,0.004286529087368551
2021,PYF,PRT,0.004229374000532912
2021,UZB,PRT,0.0041942025471150566
2021,PAN,HRV,0.0040563472319036925
2021,PNG,PRT,0.003892329452428762
2021,MDG,HRV,0.0038702266180328905
2021,WSM,FIN,0.0038651131607329806
2021,DJI,FIN,0.0038586803069509167
2021,PYF,BGR,0.0037848637373235797
2021,PRY,SVN,0.0037713898735024
2021,BEN,FIN,0.0037618692840838087
2021,UZB,BGR,0.0037533888290715695
2021,SYC,LVA,0.003720694487499107
2021,MHL,SVN,0.003663464570157913
2021,IRN,FIN,0.0035098942513863227
2021,PNG,BGR,0.0034832428147422998
2021,PYF,AUT,0.00339907031376306
2021,UZB,AUT,0.0033708036617267367
2021,SYC,HRV,0.0033593451833840776
2021,WSM,GRC,0.0033240032017267823
2021,DJI,GRC,0.0033184709376820817
2021,MAF,NLD,0.00326683514166545
2021,BEN,GRC,0.0032352133106501005
2021,MAF,POL,0.0032028875079600887
2021,PRK,NLD,0.0031572557934822524
2021,PNG,AUT,0.0031281937921472957
2021,PRK,POL,0.0030954531532385817
2021,IRN,GRC,0.0030185143989724878
2021,MAF,ESP,0.0029552915849762533
2021,SXM,DEU,0.0028928049463204375
2021,PRK,ESP,0.0028561623324949393
2021,IOT,DEU,0.0028062229387950275
2021,PYF,SVK,0.0027032235029631237
2021,PYF,DNK,0.002696075823584646
2021,UZB,SVK,0.0026807435095880894
2021,UZB,DNK,0.0026736552702762203
2021,PRY,LVA,0.002571901535563875
2021,FSM,PRT,0.0025562135672116816
2021,REU,DEU,0.002537531301725115
2021,MHL,LVA,0.002498301811666831
2021,PNG,SVK,0.0024877999570989072
2021,PNG,DNK,0.002481221885980614
2021,MAF,ITA,0.0024158027474546753
2021,SXM,FRA,0.002350261301482109
2021,PRK,ITA,0.002334769552045156
2021,PRY,HRV,0.0023221215997882147
2021,FSM,BGR,0.0022875536744149318
2021,IOT,FRA,0.00227991769191713
2021,MHL,HRV,0.0022556697911802676
2021,SXM,SWE,0.0022184875907562255
2021,VUT,PRT,0.0021589500062881646
2021,IOT,SWE,0.0021520879845462718
2021,REU,FRA,0.0020616189927806627
2021,FSM,AUT,0.0020543819607470974
2021,REU,SWE,0.0019460287881466723
2021,VUT,BGR,0.0019320428007702744
2021,PYF,FIN,0.0017957508132689117
2021,UZB,FIN,0.0017808173583247506
2021,LAO,DEU,0.0017794774680600246
2021,WSM,EST,0.001735401481865413
2021,VUT,AUT,0.0017351085229984414
2021,DJI,EST,0.001732513187649494
2021,BEN,EST,0.001689045898191758
2021,PNG,FIN,0.0016526449963585087
2021,FSM,SVK,0.0016338154517924267
2021,FSM,DNK,0.0016294954283092725
2021,IRN,EST,0.0015759113463812806
2021,PYF,GRC,0.001544348432912986
2021,UZB,GRC,0.0015315056389292204
2021,LAO,FRA,0.001445737651741962
2021,PNG,GRC,0.001421277212533581
2021,VUT,SVK,0.001379902651783735
2021,VUT,DNK,0.001376254007223768
2021,LAO,SWE,0.0013646784882412803
2021,SXM,NLD,0.0013130257283642103
2021,SXM,POL,0.0012873235166877607
2021,IOT,NLD,0.0012737267069632373
2021,IOT,POL,0.0012487937656406776
2021,WSM,SVN,0.0012146378791891433
2021,DJI,SVN,0.0012126163115014593
2021,SXM,ESP,0.0011878082969053135
2021,BEN,SVN,0.0011821927946191915
2021,MAF,CZE,0.001166849446626541
2021,IOT,ESP,0.0011522570486152367
2021,REU,NLD,0.001151769285354897
2021,MAF,ROU,0.0011383055537524424
2021,REU,POL,0.001129223635764691
2021,PRK,CZE,0.0011277098524185287
2021,IRN,SVN,0.0011030079411371142
2021,PRK,ROU,0.0011001234064433756
2021,FSM,FIN,0.0010853432663157738
2021,REU,ESP,0.001041930164589866
2021,SXM,ITA,0.0009709737481407853
2021,IOT,ITA,0.000941912384540922
2021,FSM,GRC,0.000933396861147029
2021,VUT,FIN,0.0009166690458470661
2021,MAF,HUN,0.0009135580704538704
2021,PRK,HUN,0.0008829146208928377
2021,REU,ITA,0.0008517256865847726
2021,WSM,LVA,0.0008283230139077314
2021,DJI,LVA,0.0008269444046377827
2021,LAO,NLD,0.0008076934815737139
2021,PYF,EST,0.0008062761665215787
2021,BEN,LVA,0.0008061970694612972
2021,UZB,EST,0.0007995711778804303
2021,LAO,POL,0.0007918830458871575
2021,VUT,GRC,0.0007883367747871182
2021,IRN,LVA,0.000752196912199692
2021,WSM,HRV,0.0007478772945229053
2021,DJI,HRV,0.0007466325741014005
2021,PNG,EST,0.000742022925697246
2021,LAO,ESP,0.0007306673418843166
2021,BEN,HRV,0.0007279001947761552
2021,IRN,HRV,0.0006791444668312122
2021,LAO,ITA,0.0005972839299421347
2021,PYF,SVN,0.0005643268045915349
2021,UZB,SVN,0.0005596338656559765
2021,PNG,SVN,0.0005193548364438499
2021,FSM,EST,0.00048730948729580094
2021,SXM,CZE,0.0004689870403950397
2021,SXM,ROU,0.000457514509916426
2021,IOT,CZE,0.00045495020064459184
2021,MAF,PRT,0.0004467028486459308
2021,IOT,ROU,0.0004438210444130037
2021,PRK,PRT,0.00043171910907429024
2021,VUT,EST,0.00041157626035494277
2021,REU,CZE,0.0004113894013557905
2021,REU,ROU,0.0004013258451397008
2021,MAF,BGR,0.00039975405650720245
2021,PRK,BGR,0.0003863451187904017
2021,PYF,LVA,0.0003848429952803976
2021,UZB,LVA,0.00038164264282162066
2021,SXM,HUN,0.00036718267033492583
2021,MAF,AUT,0.0003590068865308335
2021,IOT,HUN,0.0003561928478905967
2021,PNG,LVA,0.0003541743352330748
2021,PYF,HRV,0.00034746751363165106
2021,PRK,AUT,0.00034696472985216125
2021,UZB,HRV,0.000344577975494713
2021,FSM,SVN,0.0003410764415859966
2021,REU,HUN,0.00032208791699247846
2021,PNG,HRV,0.0003197773563889725
2021,LAO,CZE,0.00028849227192336463
2021,VUT,SVN,0.00028806943017287145
2021,MAF,SVK,0.00028551214414901735
2021,MAF,DNK,0.00028475721239335525
2021,LAO,ROU,0.0002814350697036669
2021,PRK,SVK,0.0002759352192974356
2021,PRK,DNK,0.00027520561019385756
2021,PLW,LUX,0.000247491907665172
2021,FSM,LVA,0.0002325972793274322
2021,LAO,HUN,0.00022586842204975124
2021,WLF,LUX,0.00021656326185587042
2021,FSM,HRV,0.00021000771565688454
2021,VUT,LVA,0.00019644911681394937
2021,MAF,FIN,0.0001896656582379318
2021,PRK,FIN,0.00018330370904209511
2021,SXM,PRT,0.00017954145457939257
2021,VUT,HRV,0.00017737021853481464
2021,IOT,PRT,0.00017416775678089812
2021,NRU,LUX,0.00017185746817019776
2021,MAF,GRC,0.00016311275479472497
2021,SXM,BGR,0.0001606715179830981
2021,PRK,GRC,0.0001576414688021115
2021,REU,PRT,0.00015749145531985013
2021,IOT,BGR,0.00015586259970576095
2021,SXM,AUT,0.00014429417409615603
2021,REU,BGR,0.00014093898957701764
2021,IOT,AUT,0.0001399754317338833
2021,REU,AUT,0.0001265729941077785
2021,SXM,SVK,0.00011475473195656045
2021,SXM,DNK,0.00011445130531415016
2021,IOT,SVK,0.00011132010872747712
2021,IOT,DNK,0.00011102576368176073
2021,LAO,PRT,0.00011044297107315626
2021,REU,SVK,0.00010066137529640127
2021,REU,DNK,0.00010039521334729619
2021,LAO,BGR,9.883533501752163e-05
2021,LAO,AUT,8.876099022958383e-05
2021,MAF,EST,8.515819606758074e-05
2021,PRK,EST,8.230173738115154e-05
2021,SXM,FIN,7.623154467677789e-05
2021,IOT,FIN,7.394992517689638e-05
2021,LAO,SVK,7.059012400048188e-05
2021,LAO,DNK,7.040347440488263e-05
2021,REU,FIN,6.686933076570902e-05
2021,SXM,GRC,6.555924446210376e-05
2021,IOT,GRC,6.359704821911195e-05
2021,PLW,DEU,6.174249244181365e-05
2021,MAF,SVN,5.960371230979587e-05
2021,PRK,SVN,5.760442686655293e-05
2021,REU,GRC,5.7507726247371245e-05
2021,WLF,DEU,5.4026637413940105e-05
2021,PLW,FRA,5.016272902451412e-05
2021,PLW,SWE,4.735022092614705e-05
2021,LAO,FIN,4.689300475660591e-05
2021,WLF,FRA,4.3893977478398436e-05
2021,NRU,DEU,4.287375910457243e-05
2021,WLF,SWE,4.143294376814699e-05
2021,MAF,LVA,4.064678655789838e-05
2021,LAO,GRC,4.032805547146972e-05
2021,PRK,LVA,3.9283372677611376e-05
2021,MAF,HRV,3.669922029397727e-05
2021,PRK,HRV,3.546821950445e-05
2021,NRU,FRA,3.483281408264748e-05
2021,SXM,EST,3.422728652319247e-05
2021,IOT,EST,3.320285963153672e-05
2021,NRU,SWE,3.287981882897049e-05
2021,REU,EST,3.0023735625932643e-05
2021,PLW,NLD,2.8024523814698293e-05
2021,PLW,POL,2.7475949458798635e-05
2021,PLW,ESP,2.5351949459048026e-05
2021,WLF,NLD,2.452234639315703e-05
2021,WLF,POL,2.4042326448242964e-05
2021,SXM,SVN,2.395627706174441e-05
2021,IOT,SVN,2.3239262745421746e-05
2021,WLF,ESP,2.218375914207407e-05
2021,LAO,EST,2.105454266397292e-05
2021,REU,SVN,2.1014138196320024e-05
2021,PLW,ITA,2.072394800832907e-05
2021,NRU,NLD,1.9460126009393634e-05
2021,NRU,POL,1.9079197999272358e-05
2021,WLF,ITA,1.813411121824242e-05
2021,NRU,ESP,1.7604300230717934e-05
2021,SXM,LVA,1.633699718885743e-05
2021,IOT,LVA,1.58480288554247e-05
2021,SXM,HRV,1.4750367976123863e-05
2021,LAO,SVN,1.4736443016734001e-05
2021,NRU,ITA,1.4390633086963932e-05
2021,REU,LVA,1.433060386447807e-05
2021,IOT,HRV,1.430888765000102e-05
2021,REU,HRV,1.2938833120769958e-05
2021,LAO,LVA,1.0049525955875323e-05
2021,PLW,CZE,1.0009810317052666e-05
2021,PLW,ROU,9.764946719434279e-06
2021,LAO,HRV,9.073528269679287e-06
2021,WLF,CZE,8.75890122335715e-06
2021,WLF,ROU,8.544637816079435e-06
2021,PLW,HUN,7.836951909514559e-06
2021,NRU,CZE,6.950775377592992e-06
2021,WLF,HUN,6.857581262124237e-06
2021,NRU,ROU,6.780742998228599e-06
2021,NRU,HUN,5.441950510813818e-06
2021,PLW,PRT,3.832037454326327e-06
2021,PLW,BGR,3.4292875492018356e-06
2021,WLF,PRT,3.3531542040780797e-06
2021,PLW,AUT,3.079738219081016e-06
2021,WLF,BGR,3.0007352745512937e-06
2021,WLF,AUT,2.6948685339994696e-06
2021,NRU,PRT,2.660952679409841e-06
2021,PLW,SVK,2.449264054080973e-06
2021,PLW,DNK,2.4427878769714542e-06
2021,NRU,BGR,2.3812846302462985e-06
2021,WLF,SVK,2.1431836608399595e-06
2021,NRU,AUT,2.13855886421267e-06
2021,WLF,DNK,2.1375168006487525e-06
2021,NRU,SVK,1.7007599286199385e-06
2021,NRU,DNK,1.6962628951130115e-06
2021,PLW,FIN,1.6270456039632243e-06
2021,WLF,FIN,1.4237164621124936e-06
2021,PLW,GRC,1.3992616961061013e-06
2021,WLF,GRC,1.2243983246057397e-06
2021,NRU,FIN,1.1298144684102705e-06
2021,NRU,GRC,9.716421626426034e-07
2021,PLW,EST,7.305290258681384e-07
2021,WLF,EST,6.392360470081702e-07
2021,PLW,SVN,5.113100547273833e-07
2021,NRU,EST,5.072766620732894e-07
2021,WLF,SVN,4.474125005382883e-07
2021,NRU,SVN,3.5505181678220625e-07
2021,PLW,LVA,3.486881916245271e-07
2021,PLW,HRV,3.1482402034683064e-07
2021,WLF,LVA,3.051132170793756e-07
2021,WLF,HRV,2.7548099410639044e-07
2021,NRU,LVA,2.42127794636854e-07
2021,NRU,HRV,2.1861263896016668e-07
2022,IRL,DEU,3476.1394113995166
2022,SGP,DEU,2579.5945397900496
2022,IRL,FRA,2187.4726688962637
2022,IRL,LUX,2070.299006658981
2022,IRL,POL,1747.805681667365
2022,CHE,DEU,1643.8437001965399
2022,SGP,FRA,1623.2929364455335
2022,IRL,ESP,1615.0033466341413
2022,IRL,ITA,1552.6409765112444
2022,SGP,LUX,1536.3399971234576
2022,SGP,POL,1297.0222017729593
2022,ASM,DEU,1282.807080189858
2022,SGP,ESP,1198.4714425025916
2022,SGP,ITA,1152.1931980427053
2022,CHE,FRA,1034.4415860667443
2022,CHE,LUX,979.0309239206692
2022,CHE,POL,826.5259297583464
2022,ASM,FRA,807.2476662413766
2022,ASM,LUX,764.0068218043449
2022,CHE,ESP,763.7245699797801
2022,CHE,ITA,734.2338110879853
2022,ASM,POL,644.9964279011103
2022,ASM,ESP,595.9881012823064
2022,TLS,DEU,589.2375510251974
2022,IRL,CZE,587.8541395909893
2022,ASM,ITA,572.9743839185184
2022,HKG,DEU,563.1291314098197
2022,IRL,ROU,534.82704890756
2022,SGP,CZE,436.23835215267474
2022,SGP,ROU,396.8876882698201
2022,IRL,HUN,388.45647099273623
2022,TLS,FRA,370.79670456486406
2022,IRL,DNK,358.0133172648807
2022,HKG,FRA,354.3671407362602
2022,TLS,LUX,350.9346928299685
2022,HKG,LUX,335.3851912714592
2022,LBR,DEU,322.1977655204078
2022,TLS,POL,296.26911284290816
2022,SGP,HUN,288.26812533261955
2022,HKG,POL,283.1417785382288
2022,CHE,CZE,277.99239605642003
2022,IRL,BGR,273.9106176506432
2022,TLS,ESP,273.7578975536745
2022,SGP,DNK,265.6766858544347
2022,TLS,ITA,263.18690315487726
2022,HKG,ESP,261.62800859816014
2022,CHE,ROU,252.91623004482392
2022,HKG,ITA,251.52540246999396
2022,IRL,FIN,248.85627021120558
2022,PRI,DEU,242.8217447595503
2022,IRL,BEL,239.52545052246748
2022,MHL,DEU,218.9747482873768
2022,ASM,CZE,216.9370566419922
2022,IRN,DEU,206.01167013249608
2022,BRB,DEU,204.47238528723366
2022,SGP,BGR,203.265246314631
2022,LBR,FRA,202.75331988816367
2022,IRL,SVK,200.8441261065877
2022,ASM,ROU,197.36835719699891
2022,IRL,PRT,195.545466381088
2022,LBR,LUX,191.8926817828882
2022,SGP,FIN,184.6727647700673
2022,CHE,HUN,183.69853652817113
2022,SGP,BEL,177.74849371180625
2022,MLT,DEU,174.07237804663993
2022,CHE,DNK,169.30216729581568
2022,LBR,POL,162.00129469789437
2022,IRL,AUT,153.04108459624803
2022,PRI,FRA,152.80340262917417
2022,NLD,DEU,151.56714974874328
2022,LBR,ESP,149.69206007304652
2022,SGP,SVK,149.0436227483951
2022,SGP,PRT,145.11156132091585
2022,PRI,LUX,144.6183704031887
2022,LBR,ITA,143.91179238865453
2022,ASM,HUN,143.35291320621212
2022,MHL,FRA,137.7969121394434
2022,ASM,DNK,132.11841178853783
2022,IRL,GRC,131.183796755868
2022,MHL,LUX,130.41571416154383
2022,IRN,FRA,129.63947775244011
2022,CHE,BGR,129.53054810326861
2022,BRB,FRA,128.67083319301435
2022,IRN,LUX,122.69523904501582
2022,PRI,POL,122.09096785110133
2022,BRB,LUX,121.77848067920881
2022,CHE,FIN,117.68251028700817
2022,SGP,AUT,113.56965284343583
2022,CHE,BEL,113.27002639389912
2022,PRI,ESP,112.8142125532099
2022,MHL,POL,110.10067891502385
2022,MLT,FRA,109.54064964658562
2022,PRI,ITA,108.45796047916375
2022,CPV,DEU,106.06842350768932
2022,MLT,LUX,103.6730201829371
2022,IRN,POL,103.58283283074475
2022,BRB,POL,102.80887917703588
2022,MHL,ESP,101.73497361836314
2022,ASM,BGR,101.08181464446974
2022,TLS,CZE,99.64667482457556
2022,MHL,ITA,97.80653960461694
2022,SGP,GRC,97.34966460511497
2022,IRN,ESP,95.7123686174942
2022,NLD,FRA,95.37850999031116
2022,HKG,CZE,95.23144841025314
2022,BRB,ESP,94.9972217599287
2022,CHE,SVK,94.97787986842289
2022,LIE,DEU,94.9441831900142
2022,GIN,DEU,92.63065636173336
2022,CHE,PRT,92.47217817513521
2022,IRN,ITA,92.01649382596321
2022,ASM,FIN,91.83595581054357
2022,BRB,ITA,91.32896192852562
2022,TLS,ROU,90.65809601504058
2022,NLD,LUX,90.26948647051603
2022,BHS,DEU,88.7201536193459
2022,ASM,BEL,88.39258368299444
2022,MLT,POL,87.52373117532008
2022,HKG,ROU,86.64114290644507
2022,LAO,DEU,82.47881755868539
2022,IMN,DEU,81.92536075953613
2022,MLT,ESP,80.87347480367684
2022,MLT,ITA,77.75059485463967
2022,NGA,DEU,77.66014022992185
2022,NLD,POL,76.20808435249936
2022,ASM,SVK,74.11793270982366
2022,CHE,AUT,72.37213270554705
2022,ASM,PRT,72.16255710287949
2022,NLD,ESP,70.41761710744156
2022,GUY,DEU,68.71548224812894
2022,GNQ,DEU,68.39825002493723
2022,NLD,ITA,67.69848373203467
2022,CPV,FRA,66.74697127943176
2022,TLS,HUN,65.8469389625247
2022,CPV,LUX,63.17161823421908
2022,HKG,HUN,62.929338904906786
2022,CHE,GRC,62.03596356285853
2022,WSM,DEU,61.95461987842922
2022,TLS,DNK,60.68654485138543
2022,LIE,FRA,59.746684818725285
2022,GIN,FRA,58.29082355809043
2022,HKG,DNK,57.99759575906993
2022,LIE,LUX,56.54630752199815
2022,ASM,AUT,56.477075181792365
2022,VGB,DEU,56.438003259626576
2022,BHS,FRA,55.83001377509829
2022,GIN,LUX,55.1684305937134
2022,LBR,CZE,54.48725376404937
2022,CPV,POL,53.331288337944315
2022,BHS,LUX,52.83943598649121
2022,CYM,DEU,52.42559062368876
2022,LAO,FRA,51.902452065312076
2022,IMN,FRA,51.554171551134885
2022,CYP,DEU,51.07940032213622
2022,LBR,ROU,49.57225810126887
2022,CPV,ESP,49.27905318623536
2022,LAO,LUX,49.12225715176546
2022,NGA,FRA,48.8701441773334
2022,IMN,LUX,48.792632552202555
2022,ASM,GRC,48.41103401456006
2022,LIE,POL,47.738011391770904
2022,PYF,DEU,47.424357710648444
2022,CPV,ITA,47.37617257579529
2022,GIN,POL,46.574768248559
2022,TLS,BGR,46.43036496608291
2022,NGA,LUX,46.2523771767466
2022,BHS,POL,44.60856433599242
2022,HKG,BGR,44.37309035871868
2022,LIE,ESP,44.11076641301454
2022,GUY,FRA,43.24143009192239
2022,GNQ,FRA,43.041801499453
2022,GIN,ESP,43.03590918549697
2022,LIE,ITA,42.40745604701055
2022,TLS,FIN,42.18342300531587
2022,LAO,POL,41.470415563177255
2022,GIN,ITA,41.37410377636593
2022,BHS,ESP,41.2191020127849
2022,IMN,POL,41.192137041050586
2022,PRI,CZE,41.06387890298643
2022,GUY,LUX,40.92516950668521
2022,MUS,DEU,40.861838958604764
2022,GNQ,LUX,40.736234173884625
2022,TLS,BEL,40.60176338475533
2022,HKG,FIN,40.314325377848704
2022,BMU,DEU,40.23464420741655
2022,BHS,ITA,39.62745150555096
2022,NGA,POL,39.0475807408121
2022,WSM,FRA,38.986939721545355
2022,IRL,SVN,38.89843083635158
2022,HKG,BEL,38.80274722611248
2022,LAO,ESP,38.319397072189076
2022,IRL,EST,38.08050855168091
2022,IMN,ESP,38.062262798485236
2022,PRI,ROU,37.359732102358194
2022,MHL,CZE,37.03108449117227
2022,WSM,LUX,36.89857419746195
2022,LAO,ITA,36.8397169042919
2022,IMN,ITA,36.59251171388156
2022,NGA,ESP,36.08065486674627
2022,LBR,HUN,36.005404888353596
2022,VCT,DEU,35.804342480140654
2022,VGB,FRA,35.515431059137796
2022,IRN,CZE,34.838882668023835
2022,NGA,ITA,34.68742236492765
2022,BRB,CZE,34.57857234636937
2022,GUY,POL,34.550199539735694
2022,GNQ,POL,34.390694923699826
2022,TLS,SVK,34.044923692285174
2022,MHL,ROU,33.69071390743295
2022,VGB,LUX,33.61301957655929
2022,SWE,DEU,33.36204897777557
2022,LBR,DNK,33.18367798225109
2022,TLS,PRT,33.14675221212803
2022,CYM,FRA,32.990491193761606
2022,HKG,SVK,32.53643335254834
2022,CYP,FRA,32.143357594308576
2022,GUY,ESP,31.92499513465359
2022,GNQ,ESP,31.7776100497992
2022,IRN,ROU,31.6962585609077
2022,HKG,PRT,31.678058789355692
2022,BRB,ROU,31.45942940252582
2022,CYM,LUX,31.223330064324337
2022,JEY,DEU,31.212897554011867
2022,WSM,POL,31.150832522411505
2022,GUY,ITA,30.692230901125363
2022,GNQ,ITA,30.550537001513067
2022,CYP,LUX,30.42157383011275
2022,PYF,FRA,29.84330432542608
2022,MLT,CZE,29.437590358887974
2022,MNG,DEU,28.889244196432074
2022,SGP,SVN,28.86598260783074
2022,WSM,ESP,28.783919918455087
2022,VGB,POL,28.377073265718764
2022,SGP,EST,28.259013896337205
2022,PYF,LUX,28.24472469021796
2022,SSD,DEU,27.999471608784283
2022,WSM,ITA,27.672446390376283
2022,KAZ,DEU,27.502237331639204
2022,PRI,HUN,27.135182708802155
2022,MLT,ROU,26.782187141776173
2022,CYM,POL,26.359628977009244
2022,VGB,ESP,26.220917332239235
2022,TLS,AUT,25.941869189137947
2022,MUS,FRA,25.713628063841615
2022,CYP,POL,25.682763414614623
2022,NLD,CZE,25.631703985639092
2022,LBR,BGR,25.388334158847968
2022,BMU,FRA,25.31894556871492
2022,VGB,ITA,25.208412587253456
2022,PRI,DNK,25.00861100689077
2022,HKG,AUT,24.79241561948877
2022,MHL,HUN,24.470295315914996
2022,CYM,ESP,24.356763146171147
2022,MUS,LUX,24.33625772569337
2022,MNE,DEU,24.293624458890562
2022,BMU,LUX,23.96271670311283
2022,PYF,POL,23.845005060578217
2022,CYP,ESP,23.731327401251335
2022,CYM,ITA,23.416241579152153
2022,NLD,ROU,23.31960885849926
2022,LBR,FIN,23.066087031737286
2022,IRN,HUN,23.021679194037237
2022,BRB,HUN,22.84966504613444
2022,CYP,ITA,22.814956654411176
2022,VUT,DEU,22.812903446387235
2022,IRL,LVA,22.611054167806437
2022,MHL,DNK,22.552569604808607
2022,VCT,FRA,22.531035535072686
2022,TLS,GRC,22.236858188462023
2022,LBR,BEL,22.20122837724079
2022,PYF,ESP,22.033206195212994
2022,TTO,DEU,21.986528730355875
2022,VCT,LUX,21.324143222687855
2022,HKG,GRC,21.251569278239142
2022,IRN,DNK,21.21748085751228
2022,PYF,ITA,21.1824073639885
2022,BRB,DNK,21.058947378716596
2022,SWE,FRA,20.994143698017265
2022,MUS,POL,20.545365373154784
2022,BMU,POL,20.230011349652784
2022,SWE,LUX,19.86957618336407
2022,JEY,FRA,19.6417209541579
2022,MLT,HUN,19.452482674188005
2022,PRI,BGR,19.13371306915372
2022,MUS,ESP,18.984280794769163
2022,SYC,DEU,18.76318350584844
2022,GIB,DEU,18.711534800982577
2022,BMU,ESP,18.69288810239365
2022,LBR,SVK,18.61591869337262
2022,JEY,LUX,18.58959700784925
2022,CHE,SVN,18.394814738492755
2022,URY,DEU,18.354653483965972
2022,MUS,ITA,18.2512143600105
2022,MNG,FRA,18.17948724885078
2022,LBR,PRT,18.124794454163343
2022,CHE,EST,18.008024614225295
2022,VCT,POL,18.002452090941684
2022,BMU,ITA,17.971073618890014
2022,CPV,CZE,17.937359368962056
2022,MLT,DNK,17.92800061594003
2022,SSD,FRA,17.619569194174996
2022,PRI,FIN,17.383570270189608
2022,KAZ,FRA,17.306668512537676
2022,MHL,BGR,17.25463264119817
2022,MNG,LUX,17.20568897981062
2022,PAN,DEU,17.18650280039782
2022,NLD,HUN,16.93753706101219
2022,FSM,DEU,16.928578740715334
2022,SGP,LVA,16.779347709385327
2022,SWE,POL,16.774464960812633
2022,PRI,BEL,16.73177652756064
2022,SSD,LUX,16.67576336799002
2022,VCT,ESP,16.634583969744103
2022,KAZ,LUX,16.379623452923777
2022,CPV,ROU,16.31932877630347
2022,IRN,BGR,16.23317627140678
2022,BRB,BGR,16.11188468530887
2022,LIE,CZE,16.056125636187954
2022,VCT,ITA,15.992249646088618
2022,JEY,POL,15.69386990271472
2022,MHL,FIN,15.676367567575442
2022,GIN,CZE,15.664882316486873
2022,NLD,DNK,15.610150125734986
2022,SWE,ESP,15.499902153805536
2022,MNE,FRA,15.2875455334105
2022,MHL,BEL,15.088585073594938
2022,BHS,CZE,15.003572468712708
2022,SWE,ITA,14.901382877050574
2022,IRN,FIN,14.748342854440823
2022,BRB,FIN,14.638145696027545
2022,LIE,ROU,14.607790798013538
2022,MNG,POL,14.52553513245638
2022,JEY,ESP,14.501413217941911
2022,MNE,LUX,14.468656354935524
2022,VUT,FRA,14.35575415171578
2022,ASM,SVN,14.354770214770403
2022,GIN,ROU,14.251839387641377
2022,IRN,BEL,14.195356474930746
2022,LBR,AUT,14.185131737820171
2022,BRB,BEL,14.089291138530603
2022,SSD,POL,14.078156762364896
2022,ASM,EST,14.052930623878343
2022,PRI,SVK,14.029736829879882
2022,LAO,CZE,13.948092579785976
2022,JEY,ITA,13.941449983012943
2022,IMN,CZE,13.85449683118115
2022,TTO,FRA,13.835731249395609
2022,KAZ,POL,13.828146969356036
2022,MLT,BGR,13.716444291707797
2022,PRI,PRT,13.659605012032278
2022,BHS,ROU,13.650182666222952
2022,VUT,LUX,13.586777097943783
2022,MNG,ESP,13.421851237026376
2022,NGA,CZE,13.133200229445388
2022,TTO,LUX,13.094609623843825
2022,SSD,ESP,13.008465714546436
2022,MNG,ITA,12.903574630155964
2022,KAZ,ESP,12.777452246266922
2022,LAO,ROU,12.689911816435751
2022,MHL,SVK,12.651906829444924
2022,IMN,ROU,12.604758825846213
2022,SSD,ITA,12.506151737728816
2022,MLT,FIN,12.461813989802334
2022,MHL,PRT,12.318124854002049
2022,KAZ,ITA,12.284058713758128
2022,MNE,POL,12.214853845705598
2022,LBR,GRC,12.159214917737428
2022,MLT,BEL,11.994560585920837
2022,NGA,ROU,11.94852642581277
2022,NLD,BGR,11.943091657106827
2022,IRN,SVK,11.902927057479964
2022,CPV,HUN,11.853081997931548
2022,BRB,SVK,11.813990371407478
2022,SYC,FRA,11.807337463489151
2022,GIB,FRA,11.774835852677036
2022,GUY,CZE,11.620558301282449
2022,IRN,PRT,11.588904629054257
2022,GNQ,CZE,11.566910776386486
2022,URY,FRA,11.550256791073972
2022,BRB,PRT,11.502314266201408
2022,VUT,POL,11.4703461340383
2022,MNE,ESP,11.286740881081437
2022,SYC,LUX,11.174868316998479
2022,JOR,DEU,11.17075960951692
2022,GIB,LUX,11.144107680060742
2022,TTO,POL,11.054844264599652
2022,URY,LUX,10.931558369267377
2022,CPV,DNK,10.924161451210484
2022,MNE,ITA,10.850910259569613
2022,NLD,FIN,10.850668258391233
2022,PAN,FRA,10.815160354757849
2022,CHE,LVA,10.69262033238961
2022,PRI,AUT,10.690510012253316
2022,FSM,FRA,10.652853334114203
2022,LIE,HUN,10.60995488913144
2022,VUT,ESP,10.598802594491952
2022,GUY,ROU,10.572331611473103
2022,GNQ,ROU,10.523523334914456
2022,WSM,CZE,10.477220689965876
2022,NLD,BEL,10.443824464841507
2022,GIN,HUN,10.351419669193534
2022,PAN,LUX,10.235837941056621
2022,TTO,ESP,10.214871522110949
2022,VUT,ITA,10.189536290719417
2022,FSM,LUX,10.082225021274695
2022,MLT,SVK,10.057540998908689
2022,BHS,HUN,9.914423359398334
2022,TTO,ITA,9.820430482748797
2022,MLT,PRT,9.792203453511926
2022,LIE,DNK,9.778457638203983
2022,MHL,AUT,9.6406182292897
2022,SLB,DEU,9.63845876961731
2022,VGB,CZE,9.544298982262
2022,GIN,DNK,9.540183703718526
2022,WSM,ROU,9.532128201506618
2022,SYC,POL,9.434143702679073
2022,GIB,POL,9.408174692483657
2022,URY,POL,9.228734480299698
2022,LAO,HUN,9.21695783990475
2022,PRI,GRC,9.163694156793719
2022,IMN,HUN,9.155109378263822
2022,BHS,DNK,9.137434592338124
2022,IRN,AUT,9.069903621577764
2022,BRB,AUT,9.002134814190754
2022,IRL,HRV,8.868702209434137
2022,CYM,CZE,8.865755029148911
2022,NLD,SVK,8.757235580921872
2022,SYC,ESP,8.717315553019125
2022,GIB,ESP,8.693319728532297
2022,VGB,ROU,8.683360233077885
2022,NGA,HUN,8.678473570877525
2022,PAN,POL,8.641387380500262
2022,CYP,CZE,8.638099159292329
2022,URY,ESP,8.527513800426274
2022,NLD,PRT,8.526202628259275
2022,FSM,POL,8.511702956603617
2022,LAO,DNK,8.494629122593638
2022,IMN,DNK,8.43762769624795
2022,SYC,ITA,8.380701724863004
2022,CPV,BGR,8.35791202762036
2022,GIB,ITA,8.357632484516802
2022,ASM,LVA,8.344205149511147
2022,MHL,GRC,8.263747644814204
2022,URY,ITA,8.198229051290228
2022,CYM,ROU,8.066024000232709
2022,PYF,CZE,8.019990483185033
2022,NGA,DNK,7.998345616344631
2022,PAN,ESP,7.984794697403885
2022,FSM,ESP,7.864963997231541
2022,CYP,ROU,7.858903715043268
2022,IRN,GRC,7.774542348725215
2022,LTU,DEU,7.758183900845078
2022,BRB,GRC,7.716452264757901
2022,GUY,HUN,7.678913466225284
2022,PAN,ITA,7.676466715723454
2022,MLT,AUT,7.6637391029666295
2022,GNQ,HUN,7.643462957680628
2022,CPV,FIN,7.593421648954811
2022,FSM,ITA,7.561263205019051
2022,LIE,BGR,7.481351229651151
2022,CPV,BEL,7.30870771280675
2022,GIN,BGR,7.299051417276651
2022,PYF,ROU,7.296551225058878
2022,QAT,DEU,7.20663647325127
2022,GUY,DNK,7.07712057417286
2022,GNQ,DNK,7.044448305564839
2022,JOR,FRA,7.029560223187533
2022,BHS,BGR,6.9909141147337
2022,WSM,HUN,6.923391196782191
2022,MUS,CZE,6.9101950009091375
2022,BMU,CZE,6.804129338062983
2022,LIE,FIN,6.797039045509342
2022,NLD,AUT,6.672920225995984
2022,JOR,LUX,6.653016403015362
2022,GIN,FIN,6.631414026089383
2022,TLS,SVN,6.593641224391202
2022,SGP,HRV,6.581340126767111
2022,MLT,GRC,6.569205880407229
2022,LIE,BEL,6.54218532734852
2022,LAO,BGR,6.499113294048991
2022,IMN,BGR,6.4555023579626
2022,TLS,EST,6.454995886299241
2022,GIN,BEL,6.382770387308274
2022,WSM,DNK,6.380808235084886
2022,BHS,FIN,6.351461753769717
2022,ISL,DEU,6.333440359404386
2022,VGB,HUN,6.30691263538376
2022,HKG,SVN,6.301484773092164
2022,MUS,ROU,6.286864293042831
2022,BMU,ROU,6.190366230632483
2022,HKG,EST,6.168982646101265
2022,CPV,SVK,6.12841353745605
2022,NGA,BGR,6.119414229318621
2022,BHS,BEL,6.113314873508098
2022,SLB,FRA,6.065310574046531
2022,VCT,CZE,6.054915655356366
2022,CPV,PRT,5.966734036931884
2022,LAO,FIN,5.904645493151062
2022,IMN,FIN,5.865023608508676
2022,CYM,HUN,5.85852795679127
2022,VGB,DNK,5.812642813036709
2022,SLB,LUX,5.740417530730866
2022,NLD,GRC,5.7198954973731215
2022,CYP,HUN,5.708092007038838
2022,PRK,DEU,5.707924874203298
2022,LAO,BEL,5.683251905696934
2022,IMN,BEL,5.645115636269357
2022,SWE,CZE,5.641896447682107
2022,JOR,POL,5.61666688338986
2022,NGA,FIN,5.559677145951027
2022,VCT,ROU,5.508734996051165
2022,LIE,SVK,5.485678002202126
2022,GUY,BGR,5.414598770988009
2022,CYM,DNK,5.399397834047424
2022,GNQ,BGR,5.389601708468544
2022,GIN,SVK,5.3520072200331406
2022,NGA,BEL,5.351218082683546
2022,LIE,PRT,5.340955118537098
2022,PYF,HUN,5.29964321193859
2022,JEY,CZE,5.278450851419697
2022,CYP,DNK,5.260751480006463
2022,GIN,PRT,5.210810832281559
2022,JOR,ESP,5.189899488683618
2022,SWE,ROU,5.132971980864688
2022,BHS,SVK,5.126066481478004
2022,BHS,PRT,4.990830851030802
2022,JOR,ITA,4.989494682409713
2022,MDA,DEU,4.92631704034215
2022,GUY,FIN,4.919330496917265
2022,GNQ,FIN,4.896619892274826
2022,MNG,CZE,4.88549502210276
2022,PYF,DNK,4.884312627815435
2022,KWT,DEU,4.883267362956368
2022,LTU,FRA,4.882087061213994
2022,WSM,BGR,4.88186064734933
2022,SLB,POL,4.846224793174045
2022,JEY,ROU,4.802310814095125
2022,LAO,SVK,4.7654550276536565
2022,SSD,CZE,4.735024503794994
2022,GUY,BEL,4.73488111247102
2022,IMN,SVK,4.7334774415998995
2022,GNQ,BEL,4.713022037736832
2022,CPV,AUT,4.669785832466224
2022,KAZ,CZE,4.650936613876739
2022,LAO,PRT,4.6397330306095
2022,LTU,LUX,4.6205742988111895
2022,IMN,PRT,4.6085990756373505
2022,MUS,HUN,4.566285721475859
2022,QAT,FRA,4.535008080576749
2022,BMU,HUN,4.4961970884156415
2022,NGA,SVK,4.4870418449397045
2022,SLB,ESP,4.477997377861238
2022,VGB,BGR,4.447165807308472
2022,MNG,ROU,4.444801370186428
2022,WSM,FIN,4.43532143007222
2022,NGA,PRT,4.3686649306066645
2022,SSD,ROU,4.307903970246154
2022,SLB,ITA,4.305082237796944
2022,QAT,LUX,4.292086871716586
2022,WSM,BEL,4.269019875803662
2022,KAZ,ROU,4.231401186672776
2022,MUS,DNK,4.208428024244189
2022,CHE,HRV,4.193951545236771
2022,LIE,AUT,4.1800282013587635
2022,BMU,DNK,4.143832204897113
2022,CYM,BGR,4.130998273930836
2022,MNE,CZE,4.108324210759446
2022,DJI,DEU,4.09989392501635
2022,GIN,AUT,4.078172489277277
2022,VGB,FIN,4.040387719577662
2022,CYP,BGR,4.024922028609851
2022,CPV,GRC,4.002848236183368
2022,VCT,HUN,4.001113557310156
2022,ISL,FRA,3.9855213058626497
2022,GUY,SVK,3.9702380568683178
2022,GNQ,SVK,3.951909036912776
2022,BHS,AUT,3.906008053337513
2022,LTU,POL,3.9008210823909515
2022,VGB,BEL,3.8888941315239056
2022,GUY,PRT,3.865495434316289
2022,VUT,CZE,3.857917689684679
2022,GNQ,PRT,3.8476499696517528
2022,TLS,LVA,3.832781314881818
2022,ISL,LUX,3.772033780293574
2022,CYM,FIN,3.753139734110421
2022,MNE,ROU,3.737734865871197
2022,PYF,BGR,3.7369143106314264
2022,SWE,HUN,3.728188739638569
2022,TTO,CZE,3.718168462113631
2022,VCT,DNK,3.6875481408388784
2022,HKG,LVA,3.662955303812414
2022,CYP,FIN,3.6567661835156864
2022,LAO,AUT,3.631225966945703
2022,QAT,POL,3.623502593812449
2022,CYM,BEL,3.6124164559872645
2022,IMN,AUT,3.606859387014759
2022,LBR,SVN,3.6054329284442432
2022,LTU,ESP,3.604427636756796
2022,PRK,FRA,3.591895542936795
2022,LIE,GRC,3.5830376623865616
2022,WSM,SVK,3.579609450341124
2022,LBR,EST,3.5296210287183527
2022,CYP,BEL,3.5196564137947886
2022,VUT,ROU,3.5099161406567987
2022,GIN,GRC,3.4957289565748315
2022,JEY,HUN,3.4880223714640124
2022,WSM,PRT,3.4851723722187855
2022,LTU,ITA,3.465244859932775
2022,SWE,DNK,3.4360123147299486
2022,NGA,AUT,3.419078087520919
2022,PRK,LUX,3.3994928852377444
2022,PYF,FIN,3.395102261529407
2022,TTO,ROU,3.3827729227474412
2022,QAT,ESP,3.3481804510224262
2022,BHS,GRC,3.3481530005333884
2022,ASM,HRV,3.2728359366280877
2022,PYF,BEL,3.2678035320247347
2022,VGB,SVK,3.2608707828886536
2022,MNG,HUN,3.2283555180185513
2022,MUS,BGR,3.2198051409527255
2022,QAT,ITA,3.218892503130508
2022,JEY,DNK,3.214667673602218
2022,BEN,DEU,3.20029302305575
2022,ISL,POL,3.184458888031674
2022,VGB,PRT,3.1748426524061064
2022,SYC,CZE,3.173064653174431
2022,BMU,BGR,3.17038384872209
2022,GIB,CZE,3.1643302782352833
2022,SSD,HUN,3.128923970983854
2022,LAO,GRC,3.1126152201492814
2022,URY,CZE,3.1039776471345557
2022,MDA,FRA,3.1000436428778966
2022,IMN,GRC,3.091728668817464
2022,KAZ,HUN,3.073358342078701
2022,KWT,FRA,3.0729532470274363
2022,CYM,SVK,3.0290419020327186
2022,GUY,AUT,3.0252791062755304
2022,GNQ,AUT,3.0113125883197416
2022,MNG,DNK,2.975350791203105
2022,CYP,SVK,2.9512618182415373
2022,CYM,PRT,2.9491298695312844
2022,ISL,ESP,2.942496305701315
2022,MDA,LUX,2.933987411914932
2022,NGA,GRC,2.930766245607111
2022,MUS,FIN,2.9252925828758167
2022,KWT,LUX,2.908348134031975
2022,PAN,CZE,2.9064302723803572
2022,SYC,ROU,2.886839932148678
2022,SSD,DNK,2.883711648460297
2022,BMU,FIN,2.880391809919215
2022,GIB,ROU,2.878893437162682
2022,CYP,PRT,2.873401776034365
2022,PRK,POL,2.8699492008136867
2022,FSM,CZE,2.862812422737376
2022,KAZ,DNK,2.8325006721586172
2022,ISL,ITA,2.8288736038760587
2022,URY,ROU,2.823984885174145
2022,VCT,BGR,2.8212877570874086
2022,MUS,BEL,2.815609280122579
2022,BMU,BEL,2.7723920533188933
2022,PYF,SVK,2.7400810362570045
2022,WSM,AUT,2.7276242692826065
2022,PRI,SVN,2.7172054184929277
2022,MNE,HUN,2.714797799529002
2022,PYF,PRT,2.6677923549155573
2022,PRI,EST,2.6600703923227638
2022,PRK,ESP,2.6518837949779552
2022,PAN,ROU,2.6442571732408164
2022,SWE,BGR,2.628841470404206
2022,FSM,ROU,2.6045738500605458
2022,GUY,GRC,2.5932095322928266
2022,GNQ,GRC,2.581237708793711
2022,DJI,FRA,2.5799902837430664
2022,VCT,FIN,2.563227210552281
2022,PRK,ITA,2.549482918168632
2022,VUT,HUN,2.549328124418862
2022,MNE,DNK,2.50204035327024
2022,VGB,AUT,2.4847488000552844
2022,MDA,POL,2.476956155604307
2022,VCT,BEL,2.4671194817711974
2022,JEY,BGR,2.459494006382079
2022,TTO,HUN,2.4569812510873557
2022,KWT,POL,2.4553107433167365
2022,MHL,SVN,2.450354572440669
2022,DJI,LUX,2.4417911124431035
2022,MHL,EST,2.398830653170617
2022,SWE,FIN,2.3883838053175808
2022,MUS,SVK,2.3609123126177947
2022,VUT,DNK,2.3495384599653626
2022,WSM,GRC,2.3380656815909338
2022,BMU,SVK,2.3246743006186383
2022,CYM,AUT,2.3080976624058924
2022,IRN,SVN,2.3052961212806693
2022,SWE,BEL,2.298831797582326
2022,MUS,PRT,2.298626841646812
2022,MDA,ESP,2.2887512740837472
2022,BRB,SVN,2.2880713330876157
2022,MNG,BGR,2.2763962502065223
2022,KWT,ESP,2.2687505304940165
2022,TTO,DNK,2.264428768328715
2022,BMU,PRT,2.2633448590742278
2022,IRN,EST,2.2568223646324133
2022,CYP,AUT,2.248830067111259
2022,BRB,EST,2.2399597642656786
2022,JEY,FIN,2.234526395087416
2022,SSD,BGR,2.2062845169854737
2022,MDA,ITA,2.200372538292807
2022,KWT,ITA,2.181144111229278
2022,KAZ,BGR,2.167103767351774
2022,JEY,BEL,2.1507432424081965
2022,VGB,GRC,2.1298776236184005
2022,SYC,HUN,2.0967743771635816
2022,LBR,LVA,2.0957822074216113
2022,GIB,HUN,2.091002665719057
2022,PYF,AUT,2.087912560847497
2022,VCT,SVK,2.068700654715584
2022,MNG,FIN,2.0681764190379104
2022,DJI,POL,2.0614299509616285
2022,URY,HUN,2.0511213949861045
2022,VCT,PRT,2.01412429714046
2022,BEN,FRA,2.013887445778645
2022,SSD,FIN,2.004477740333579
2022,MNG,BEL,1.990630527852751
2022,CYM,GRC,1.9784557554368754
2022,KAZ,FIN,1.9688808171418042
2022,MLT,SVN,1.9478914843752946
2022,SYC,DNK,1.9324511402935927
2022,SSD,BEL,1.9293202192903351
2022,CYP,GRC,1.9276527426651608
2022,SWE,SVK,1.9275900011641987
2022,GIB,DNK,1.9271317552019518
2022,PAN,HUN,1.9205812645648268
2022,MNE,BGR,1.9142735353725147
2022,MLT,EST,1.906932920779411
2022,BEN,LUX,1.9060120100253664
2022,DJI,ESP,1.9047977155440363
2022,KAZ,BEL,1.895057996130408
2022,FSM,HUN,1.8917584073227345
2022,URY,DNK,1.8903759611863333
2022,JOR,CZE,1.8891006664737071
2022,SWE,PRT,1.8767364178185535
2022,DJI,ITA,1.831245112452796
2022,JEY,SVK,1.8034164889739133
2022,MUS,AUT,1.7989900325385333
2022,VUT,BGR,1.7975966248398096
2022,PYF,GRC,1.789717432732811
2022,BMU,AUT,1.7713770534214863
2022,PAN,DNK,1.7700662003297931
2022,MMR,DEU,1.7655838038825695
2022,JEY,PRT,1.755838845038452
2022,FSM,DNK,1.7435021770611818
2022,MNE,FIN,1.7391767294848557
2022,TTO,BGR,1.7324804766966337
2022,JOR,ROU,1.7186952791425472
2022,NLD,SVN,1.6960551904881098
2022,MNE,BEL,1.6739666206300547
2022,MNG,SVK,1.6691606169432058
2022,NLD,EST,1.6603920208819165
2022,VUT,FIN,1.6331721465885147
2022,SLB,CZE,1.6299714184119667
2022,MNG,PRT,1.625124904732765
2022,SSD,SVK,1.617751402107438
2022,BEN,POL,1.6091098965577133
2022,KAZ,SVK,1.5890222367765119
2022,PRI,LVA,1.5794693405777323
2022,VCT,AUT,1.5763278620088903
2022,SSD,PRT,1.5750719652407192
2022,TTO,FIN,1.5740121114777212
2022,VUT,BEL,1.571936659905565
2022,KAZ,PRT,1.547100731317782
2022,MUS,GRC,1.5420587446630856
2022,BMU,GRC,1.5183894440313552
2022,TTO,BEL,1.5149948193370664
2022,TLS,HRV,1.5033264642728463
2022,BEN,ESP,1.486845989402958
2022,SLB,ROU,1.4829406561965868
2022,SYC,BGR,1.4784893742538756
2022,GIB,BGR,1.4744195925287031
2022,SWE,AUT,1.4688030471874276
2022,URY,BGR,1.4462982859863291
2022,HKG,HRV,1.4367158450415216
2022,BEN,ITA,1.4294323375364533
2022,MHL,LVA,1.4243530851123865
2022,MNE,SVK,1.4036352392561517
2022,JEY,AUT,1.3741841536598092
2022,MNE,PRT,1.3666046043268947
2022,PAN,BGR,1.3542510930009506
2022,VCT,GRC,1.3511971273330605
2022,SYC,FIN,1.3432533370903987
2022,IRN,LVA,1.3400328586622312
2022,GIB,FIN,1.3395558144847148
2022,FSM,BGR,1.333927357346704
2022,BRB,LVA,1.3300203566026838
2022,VUT,SVK,1.3180822499863227
2022,URY,FIN,1.3140067374915516
2022,LTU,CZE,1.3119958615191987
2022,SYC,BEL,1.2928883023896502
2022,GIB,BEL,1.289329417708176
2022,VUT,PRT,1.2833086697562885
2022,MNG,AUT,1.2718826093363749
2022,TTO,SVK,1.2703360326931918
2022,URY,BEL,1.2647382986175182
2022,SWE,GRC,1.2590289785580817
2022,JOR,HUN,1.2483256114501136
2022,TTO,PRT,1.2368220907882626
2022,SSD,AUT,1.2327093352694398
2022,PAN,FIN,1.2303790149657736
2022,QAT,CZE,1.2187230090471384
2022,FSM,FIN,1.211914272360852
2022,KAZ,AUT,1.2108180173254115
2022,LTU,ROU,1.1936479264796185
2022,CPV,SVN,1.1869188048685273
2022,PAN,BEL,1.1842461820349044
2022,JEY,GRC,1.1779235307592852
2022,FSM,BEL,1.1664737715287448
2022,CPV,EST,1.161961311218439
2022,JOR,DNK,1.1504949114113807
2022,MLT,LVA,1.13227908990762
2022,MMR,FRA,1.111050466783232
2022,QAT,ROU,1.108788705337567
2022,MNG,GRC,1.0902326663502788
2022,SYC,SVK,1.0840978304412876
2022,GIB,SVK,1.0811136753871766
2022,SLB,HUN,1.0770919219109
2022,ISL,CZE,1.071055758269934
2022,MNE,AUT,1.0695551000544279
2022,LIE,SVN,1.062437177007168
2022,URY,SVK,1.0604938130177586
2022,SSD,GRC,1.0566541090823651
2022,SYC,PRT,1.0554972155066373
2022,GIB,PRT,1.052591788282443
2022,MMR,LUX,1.051536190799559
2022,LIE,EST,1.0400971744812908
2022,KAZ,GRC,1.0378893034652081
2022,GIN,SVN,1.0365485250667978
2022,URY,PRT,1.0325159180944252
2022,GIN,EST,1.0147528865393345
2022,VUT,AUT,1.0043646335861316
2022,PAN,SVK,0.9930004891215228
2022,BHS,SVN,0.9927895147229403
2022,SLB,DNK,0.9926807268187785
2022,NLD,LVA,0.9858905606001267
2022,FSM,SVK,0.9780981718557328
2022,ISL,ROU,0.9744417055726012
2022,BHS,EST,0.9719140025076656
2022,TTO,AUT,0.9679825246265148
2022,PAN,PRT,0.9668031997055635
2022,PRK,CZE,0.9652740781256148
2022,FSM,PRT,0.9522940346311943
2022,LAO,SVN,0.9229481906707828
2022,MNE,GRC,0.916801519244996
2022,IMN,SVN,0.9167549404944474
2022,LAO,EST,0.9035412409168962
2022,IMN,EST,0.8974782170048304
2022,MMR,POL,0.8877369514485124
2022,JOR,BGR,0.880226395476396
2022,PRK,ROU,0.8782020093455188
2022,NGA,SVN,0.8690265941488126
2022,LTU,HUN,0.8669723456866758
2022,VUT,GRC,0.8609215382179479
2022,NGA,EST,0.8507534607076169
2022,MDA,CZE,0.8330954321353966
2022,TTO,GRC,0.8297355125837227
2022,SYC,AUT,0.8260709984175739
2022,KWT,CZE,0.8258152491322933
2022,GIB,AUT,0.8237971040551263
2022,LBR,HRV,0.8220257293406837
2022,MMR,ESP,0.8202846360771777
2022,URY,AUT,0.8080849885832184
2022,QAT,HUN,0.8053372551590627
2022,JOR,FIN,0.7997129121847137
2022,LTU,DNK,0.7990281244716492
2022,MMR,ITA,0.7886098446980863
2022,JOR,BEL,0.7697278248890705
2022,GUY,SVN,0.768934762757185
2022,GNQ,SVN,0.765384894862814
2022,SLB,BGR,0.759485130581464
2022,MDA,ROU,0.757946472465688
2022,PAN,AUT,0.7566557947485725
2022,GUY,EST,0.7527662730676393
2022,KWT,ROU,0.7513229947544214
2022,GNQ,EST,0.7492910486999097
2022,FSM,AUT,0.74530038773934
2022,QAT,DNK,0.7422233474439432
2022,SYC,GRC,0.7080917535851332
2022,ISL,HUN,0.7077581190182115
2022,GIB,GRC,0.7061426162232632
2022,DJI,CZE,0.6933380197011353
2022,WSM,SVN,0.6932798749182717
2022,URY,GRC,0.6926745009906167
2022,SLB,FIN,0.6900157376098333
2022,CPV,LVA,0.6899374810921689
2022,WSM,EST,0.6787021902400654
2022,SLB,BEL,0.6641437255260524
2022,ISL,DNK,0.6522914430111275
2022,PAN,GRC,0.6485904112239937
2022,JOR,SVK,0.6454233234612741
2022,FSM,GRC,0.6388567804861478
2022,PRK,HUN,0.6378571429136035
2022,PNG,DEU,0.6368782771466996
2022,VGB,SVN,0.6315482512401616
2022,DJI,ROU,0.6307958080046387
2022,JOR,PRT,0.6283957975076024
2022,PRI,HRV,0.6195130543917561
2022,VGB,EST,0.6182686053154374
2022,LIE,LVA,0.6175782426871187
2022,LTU,BGR,0.6113244299578288
2022,GIN,LVA,0.6025295710885676
2022,PRK,DNK,0.5878685740309585
2022,CYM,SVN,0.5866488565570546
2022,BHS,LVA,0.5770931374859579
2022,CYM,EST,0.5743133159520036
2022,CYP,SVN,0.5715848202397003
2022,QAT,BGR,0.5678639473142342
2022,CYP,EST,0.5595660330546751
2022,MHL,HRV,0.5586720220650391
2022,SLB,SVK,0.5568901587346832
2022,GRL,DEU,0.5564766321173966
2022,LTU,FIN,0.5554071573900502
2022,MDA,HUN,0.550512941514115
2022,KWT,HUN,0.5457021661752964
2022,SLB,PRT,0.5421983103206118
2022,BEN,CZE,0.5412054232744533
2022,LAO,LVA,0.5364954597045997
2022,LTU,BEL,0.5345822690517222
2022,IMN,LVA,0.5328954194921541
2022,PYF,SVN,0.5306844404216094
2022,IRN,HRV,0.5255992173621424
2022,FRO,DEU,0.525348334050347
2022,BRB,HRV,0.5216720276575642
2022,UGA,DEU,0.5205030774296724
2022,PYF,EST,0.5195256707587679
2022,QAT,FIN,0.5159219643550792
2022,MDA,DNK,0.5073694972438777
2022,NGA,LVA,0.505151672473124
2022,KWT,DNK,0.5029357401403727
2022,ISL,BGR,0.49905839650991624
2022,QAT,BEL,0.49657756600509534
2022,BRN,DEU,0.49290369439284787
2022,BEN,ROU,0.49238625687663595
2022,JOR,AUT,0.49180569708973193
2022,DJI,HUN,0.4581606595908091
2022,MUS,SVN,0.45724904224640867
2022,ISL,FIN,0.4534099927862036
2022,BMU,SVN,0.4502306552478863
2022,PRK,BGR,0.4497694260101713
2022,LTU,SVK,0.44825177627501755
2022,MUS,EST,0.44763440810162586
2022,GUY,LVA,0.4469698442427668
2022,GNQ,LVA,0.44490636112732024
2022,MLT,HRV,0.44411224668407273
2022,BMU,EST,0.4407635976249608
2022,LTU,PRT,0.4364260202527993
2022,ISL,BEL,0.43640946921422563
2022,SLB,AUT,0.424344368669775
2022,DJI,DNK,0.42225482088426447
2022,JOR,GRC,0.42156613552893685
2022,QAT,SVK,0.41638450974993413
2022,PRK,FIN,0.4086294382158033
2022,QAT,PRT,0.4053994743650156
2022,WSM,LVA,0.4029928320547493
2022,PNG,FRA,0.400776165680666
2022,VCT,SVN,0.4006550298407257
2022,PRK,BEL,0.39330795323065093
2022,VCT,EST,0.3922304052395227
2022,MDA,BGR,0.3881807901138641
2022,NLD,HRV,0.3866944782036601
2022,KWT,BGR,0.38478858907505337
2022,PNG,LUX,0.3793082809669729
2022,SWE,SVN,0.37332546285837875
2022,VGB,LVA,0.3671091972437542
2022,ISL,SVK,0.365933049192822
2022,SWE,EST,0.36547550056063227
2022,SLB,GRC,0.363739616462687
2022,BEN,HUN,0.35763080439239403
2022,ISL,PRT,0.35627902172597786
2022,MDA,FIN,0.3526742571132609
2022,GRL,FRA,0.3501808413219428
2022,KWT,FIN,0.34959233752370444
2022,JEY,SVN,0.3492761920667733
2022,JEY,EST,0.34193191686456254
2022,LTU,AUT,0.3415630785085394
2022,CYM,LVA,0.34100987592273313
2022,MDA,BEL,0.33945080126386384
2022,KWT,BEL,0.3364844376776218
2022,CYP,LVA,0.3322533853951207
2022,GRL,LUX,0.3314231342170909
2022,FRO,FRA,0.33059235731936565
2022,PRK,SVK,0.3297920616998115
2022,BEN,DNK,0.329603443879875
2022,UGA,FRA,0.3275433235560026
2022,MNG,SVN,0.3232742230084945
2022,DJI,BGR,0.32306082823393417
2022,PRK,PRT,0.32109150396385394
2022,PNG,POL,0.3202229081138512
2022,QAT,AUT,0.3172805608832629
2022,MNG,EST,0.3164766945382421
2022,SSD,SVN,0.31331755747684237
2022,FRO,LUX,0.31288392248241204
2022,BRN,FRA,0.3101755229800336
2022,UGA,LUX,0.3099982125664361
2022,PYF,LVA,0.3084786293531248
2022,KAZ,SVN,0.3077534442897927
2022,SSD,EST,0.3067293890872989
2022,KAZ,EST,0.3012822732205079
2022,MMR,CZE,0.29858001221225655
2022,PNG,ESP,0.2958916278263998
2022,BRN,LUX,0.2935607316362527
2022,DJI,FIN,0.2935107571046398
2022,LTU,GRC,0.29278112860075306
2022,MDA,SVK,0.28463238201748725
2022,PNG,ITA,0.2844659529203795
2022,DJI,BEL,0.28250562571323845
2022,KWT,SVK,0.282145060937854
2022,GRL,POL,0.2797968965629964
2022,ISL,AUT,0.2788370853741625
2022,MDA,PRT,0.2771232247002913
2022,KWT,PRT,0.27470152400142067
2022,QAT,GRC,0.27196663381800273
2022,MNE,SVN,0.27184866857741957
2022,MMR,ROU,0.2716467505108849
2022,CPV,HRV,0.2706132150019588
2022,MNE,EST,0.26613247182328903
2022,MUS,LVA,0.26579177206164345
2022,FRO,POL,0.26414556335012035
2022,BMU,LVA,0.2617120926200266
2022,UGA,POL,0.26170936443848297
2022,GRL,ESP,0.25853727852401187
2022,VUT,SVN,0.25527921693117395
2022,BEN,BGR,0.252174649766225
2022,PRK,AUT,0.25129803789724287
2022,VUT,EST,0.2499114281579014
2022,GRL,ITA,0.24855401905431282
2022,BRN,POL,0.2478323725307117
2022,LCA,DEU,0.24771061381074275
2022,TTO,SVN,0.24603198144026078
2022,FRO,ESP,0.2440751699594217
2022,LIE,HRV,0.2422318519415166
2022,UGA,ESP,0.2418240790992481
2022,ALB,DEU,0.2415554878342835
2022,TTO,EST,0.24085863547141492
2022,ISL,GRC,0.23901364546797993
2022,DJI,SVK,0.23688336831349768
2022,GIN,HRV,0.2363293324895425
2022,FRO,ITA,0.23465035599941286
2022,VCT,LVA,0.23289455095105455
2022,UGA,ITA,0.23248618964109558
2022,DJI,PRT,0.23063392309617858
2022,BEN,FIN,0.2291084709344142
2022,BRN,ESP,0.22900149326643085
2022,BHS,HRV,0.22635243564884672
2022,BEN,BEL,0.22051809131634315
2022,BRN,ITA,0.22015874014672945
2022,BHR,DEU,0.21835667864627614
2022,SWE,LVA,0.2170082978006305
2022,MDA,AUT,0.21688684304390551
2022,PRK,GRC,0.21540771757879013
2022,KWT,AUT,0.21499153087747372
2022,LAO,HRV,0.21042886517020604
2022,SYC,SVN,0.20996234888582116
2022,GIB,SVN,0.20938439347717913
2022,IMN,HRV,0.20901682642361696
2022,SYC,EST,0.2055474436980514
2022,URY,SVN,0.2053908473089121
2022,GIB,EST,0.20498164103177227
2022,JEY,LVA,0.20302882991790397
2022,URY,EST,0.20107206767000815
2022,NGA,HRV,0.19813493526278902
2022,MMR,HUN,0.19730291928137184
2022,PAN,SVN,0.192319096382525
2022,FSM,SVN,0.18943289418830664
2022,PAN,EST,0.18827517812369407
2022,MNG,LVA,0.187914288837318
2022,MDA,GRC,0.18591112061153728
2022,PRY,DEU,0.18559181975162004
2022,FSM,EST,0.1854496644724827
2022,BEN,SVK,0.18490629385944635
2022,KWT,GRC,0.18428649643505515
2022,SSD,LVA,0.1821266336844904
2022,MMR,DNK,0.18184038087317578
2022,DJI,AUT,0.18050260324900325
2022,BEN,PRT,0.1800281052299989
2022,KAZ,LVA,0.17889230104013568
2022,GUY,HRV,0.17531435800239034
2022,GNQ,HRV,0.17450500090080295
2022,WSM,HRV,0.15806531590724154
2022,MNE,LVA,0.15802141213639304
2022,LCA,FRA,0.1558798809189188
2022,DJI,GRC,0.1547232684673671
2022,ALB,FRA,0.15200656968089302
2022,VUT,LVA,0.14838984704112482
2022,LCA,LUX,0.14753005475830339
2022,VGB,HRV,0.1439907279216928
2022,ALB,LUX,0.14386422042693686
2022,TTO,LVA,0.14301457256110392
2022,BEN,AUT,0.14089662620207463
2022,MMR,BGR,0.1391233471964639
2022,BHR,FRA,0.13740797191370088
2022,CYM,HRV,0.1337538275566478
2022,CYP,HRV,0.13031928150174976
2022,BHR,LUX,0.13004760781925487
2022,MMR,FIN,0.1263978650392025
2022,JOR,SVN,0.1250021845025373
2022,LCA,POL,0.12454909512775209
2022,JOR,EST,0.12237374756719459
2022,SYC,LVA,0.12204785493353483
2022,GIB,LVA,0.12171189842396866
2022,MMR,BEL,0.12165860053635798
2022,ALB,POL,0.12145429285435805
2022,PYF,HRV,0.12099414213082132
2022,BEN,GRC,0.12077380674635917
2022,URY,LVA,0.11939051201349334
2022,PRY,FRA,0.11678962930716912
2022,LCA,ESP,0.11508556561029373
2022,ALB,ESP,0.11222591360141923
2022,PAN,LVA,0.11179210606472692
2022,LCA,ITA,0.11064160662200444
2022,PRY,LUX,0.11053370265179263
2022,FSM,LVA,0.11011440152113575
2022,BHR,POL,0.10978991300418631
2022,ALB,ITA,0.10789237833291465
2022,SLB,SVN,0.10785554819507069
2022,PNG,CZE,0.1077032556313765
2022,SLB,EST,0.10558765577634416
2022,MUS,HRV,0.10425113568958351
2022,BMU,HRV,0.10265096871775052
2022,MMR,SVK,0.10201177058545313
2022,BHR,ESP,0.10144782042319579
2022,MMR,PRT,0.09932050113781592
2022,PNG,ROU,0.09798793695174748
2022,BHR,ITA,0.09753047465510326
2022,GRL,CZE,0.09410643620997933
2022,PRY,POL,0.09331571569572639
2022,VCT,HRV,0.09134790458047741
2022,FRO,CZE,0.0888422920801068
2022,UGA,CZE,0.08802290487356855
2022,LTU,SVN,0.08681503937761215
2022,PRY,ESP,0.08622537088813502
2022,GRL,ROU,0.0856176118729202
2022,SWE,HRV,0.08511686168574167
2022,LTU,EST,0.0849895684312327
2022,BRN,CZE,0.08335553983200866
2022,PRY,ITA,0.08289583073299125
2022,FRO,ROU,0.08082831724966102
2022,IOT,DEU,0.08069276851501289
2022,QAT,SVN,0.08064315530562445
2022,UGA,ROU,0.08008284245911114
2022,JEY,HRV,0.07963371451453315
2022,QAT,EST,0.0789474613557033
2022,PLW,DEU,0.07821987143777004
2022,MMR,AUT,0.07773188250323096
2022,BRN,ROU,0.07583649476291464
2022,MNG,HRV,0.07370535916757939
2022,JOR,LVA,0.07266182990187955
2022,SSD,HRV,0.07143527526700624
2022,PNG,HUN,0.07117076121315172
2022,ISL,SVN,0.07087198257024527
2022,REU,DEU,0.07035154909796495
2022,KAZ,HRV,0.07016667748929296
2022,ISL,EST,0.0693817483202605
2022,MMR,GRC,0.0666302352904578
2022,PNG,DNK,0.06559314161782519
2022,PRK,SVN,0.0638723867662423
2022,SLB,LVA,0.06269475632055954
2022,PRK,EST,0.06252933391326213
2022,GRL,HUN,0.062185926143628625
2022,MNE,HRV,0.06198051787197543
2022,FRO,HUN,0.0587073577135242
2022,VUT,HRV,0.05820274254107847
2022,UGA,HUN,0.05816590322474591
2022,GRL,DNK,0.05731244391160022
2022,TTO,HRV,0.056094406136084525
2022,MDA,SVN,0.055126098235093346
2022,BRN,HUN,0.055081688909030285
2022,KWT,SVN,0.05464436700969238
2022,FRO,DNK,0.05410648927835159
2022,MDA,EST,0.05396695471068952
2022,UGA,DNK,0.05360746832709782
2022,KWT,EST,0.05349535290943254
2022,IOT,FRA,0.05077852318733622
2022,BRN,DNK,0.05076496245892854
2022,LTU,LVA,0.05046423507945166
2022,PNG,BGR,0.05018432853683973
2022,PLW,FRA,0.04922237306524307
2022,IOT,LUX,0.04805853239181094
2022,SYC,HRV,0.04787065975220494
2022,GIB,HRV,0.04773888799947944
2022,QAT,LVA,0.046876614651875946
2022,URY,HRV,0.04682837384853615
2022,PLW,LUX,0.04658573865235485
2022,DJI,SVN,0.04587832115007696
2022,GUF,DEU,0.04565206593159077
2022,PNG,FIN,0.04559401504712855
2022,DJI,EST,0.04491363181826829
2022,REU,FRA,0.04427097784445704
2022,PNG,BEL,0.043884475910624964
2022,GRL,BGR,0.04384889095977269
2022,PAN,HRV,0.043848061691222004
2022,FSM,HRV,0.04319001798029633
2022,REU,LUX,0.041899568739044976
2022,LCA,CZE,0.0418906414603905
2022,FRO,BGR,0.04139606316984061
2022,ISL,LVA,0.041196783582798956
2022,UGA,BGR,0.041014269727007856
2022,ALB,CZE,0.040849740663057736
2022,IOT,POL,0.04057238867276247
2022,GRL,FIN,0.0398380740065527
2022,PLW,POL,0.03932901404066061
2022,BRN,BGR,0.038839511134299495
2022,GRL,BEL,0.03834435281163861
2022,LCA,ROU,0.03811191695391225
2022,FRO,FIN,0.037609604075345346
2022,IOT,ESP,0.03748960435060703
2022,UGA,FIN,0.037262732920844734
2022,ALB,ROU,0.037164910096003
2022,PRK,LVA,0.037128027170929605
2022,BHR,CZE,0.03692656198672811
2022,PNG,SVK,0.03679750604659994
2022,PLW,ESP,0.03634070421083356
2022,FRO,BEL,0.036199438947120764
2022,IOT,ITA,0.03604196612301693
2022,UGA,BEL,0.03586557366221356
2022,PNG,PRT,0.03582671607595137
2022,BEN,SVN,0.03581167556317126
2022,REU,POL,0.03537281526290077
2022,BRN,FIN,0.035286897458046265
2022,BEN,EST,0.03505865887677217
2022,PLW,ITA,0.03493743006205489
2022,WLF,DEU,0.03451762864862583
2022,BRN,BEL,0.03396382178357529
2022,BHR,ROU,0.033595619803587405
2022,REU,ESP,0.03268510660461865
2022,GRL,SVK,0.03215206573989455
2022,MDA,LVA,0.03204394538426127
2022,KWT,LVA,0.03176392249907883
2022,REU,ITA,0.03142299112985404
2022,PRY,CZE,0.031385657076190114
2022,GRL,PRT,0.03130383154390324
2022,FRO,SVK,0.030353537233828422
2022,UGA,SVK,0.03007358835475002
2022,FRO,PRT,0.029552751727251105
2022,UGA,PRT,0.02928018844554877
2022,GUF,FRA,0.028728032649242827
2022,PRY,ROU,0.028554529468419736
2022,JOR,HRV,0.028500048100802165
2022,BRN,SVK,0.028478953240596103
2022,PNG,AUT,0.028039307621174858
2022,BRN,PRT,0.02772762291550483
2022,LCA,HUN,0.027681510860240482
2022,GUF,LUX,0.02718919340235866
2022,ALB,HUN,0.026993679265371148
2022,DJI,LVA,0.026668356083993313
2022,LCA,DNK,0.025512123674119026
2022,ALB,DNK,0.02487819712278769
2022,SLB,HRV,0.024590676744817262
2022,GRL,AUT,0.024499531593131983
2022,BHR,HUN,0.024401226408372806
2022,PNG,GRC,0.02403474100994212
2022,FRO,AUT,0.023129072030378547
2022,GUF,POL,0.022953895333836197
2022,UGA,AUT,0.022915753966683095
2022,BHR,DNK,0.02248891359556297
2022,WLF,FRA,0.021721329419748536
2022,BRN,AUT,0.021700658996587418
2022,GUF,ESP,0.0212098050551425
2022,GRL,GRC,0.021000514872240958
2022,BEN,LVA,0.02081677123186298
2022,PRY,HUN,0.020739773298335196
2022,WLF,LUX,0.02055780964052378
2022,GUF,ITA,0.020390801357199746
2022,FRO,GRC,0.01982578398728492
2022,LTU,HRV,0.019793516473184183
2022,MMR,SVN,0.019757101586860195
2022,UGA,GRC,0.019642931953884828
2022,LCA,BGR,0.019518943056487888
2022,MMR,EST,0.01934166648264274
2022,PRY,DNK,0.019114406870049082
2022,ALB,BGR,0.01903393536306782
2022,BRN,GRC,0.018601376530930008
2022,QAT,HRV,0.01838634912147559
2022,NRU,DEU,0.017735999024008086
2022,LCA,FIN,0.017733563631687422
2022,WLF,POL,0.01735549134534369
2022,ALB,FIN,0.01729291913735022
2022,BHR,BGR,0.017205930383575874
2022,LCA,BEL,0.01706864695289285
2022,ALB,BEL,0.016644524342131282
2022,ISL,HRV,0.016158556910741056
2022,WLF,ESP,0.016036780804185722
2022,BHR,FIN,0.01563212005980556
2022,WLF,ITA,0.015417530285495027
2022,BHR,BEL,0.015045996617920976
2022,PRY,BGR,0.01462414591669278
2022,PRK,HRV,0.014562674263616529
2022,LCA,SVK,0.014312205544746806
2022,ALB,SVK,0.013956575130798532
2022,LCA,PRT,0.013934621651340942
2022,IOT,CZE,0.01364605166612403
2022,ALB,PRT,0.013588373461249942
2022,PRY,FIN,0.01328648899800709
2022,PLW,CZE,0.013227857050892992
2022,PRY,BEL,0.012788314557670145
2022,BHR,SVK,0.012616196047382275
2022,MDA,HRV,0.012568551962208433
2022,KWT,HRV,0.012458718976887228
2022,IOT,ROU,0.01241511635337147
2022,BHR,PRT,0.012283356192012063
2022,PLW,ROU,0.012034644775696324
2022,REU,CZE,0.011897235544769784
2022,MMR,LVA,0.011484496535574151
2022,NRU,FRA,0.011160948549232256
2022,LCA,AUT,0.01090574816397701
2022,REU,ROU,0.010824051321633119
2022,PRY,SVK,0.010723110450722198
2022,ALB,AUT,0.010634761576910118
2022,NRU,LUX,0.010563103723945685
2022,DJI,HRV,0.010460092075708503
2022,PRY,PRT,0.010440213885217597
2022,FLK,DEU,0.009915603169153147
2022,BHR,AUT,0.009613406993767941
2022,LCA,GRC,0.009348192051749972
2022,ALB,GRC,0.009115907698465788
2022,IOT,HUN,0.009017367942488742
2022,NRU,POL,0.008917674522072098
2022,PLW,HUN,0.008741023193885216
2022,IOT,DNK,0.008310680993003082
2022,BHR,GRC,0.008240422710862122
2022,NRU,ESP,0.008240088900272497
2022,PRY,AUT,0.008170895935253641
2022,BEN,HRV,0.008164933118428707
2022,PLW,DNK,0.008055993254365493
2022,NRU,ITA,0.007921902888512621
2022,REU,HUN,0.00786174294444222
2022,GUF,CZE,0.0077202760771788925
2022,REU,DNK,0.007245621790854813
2022,PNG,SVN,0.007126746854146349
2022,GUF,ROU,0.007023872408182851
2022,PRY,GRC,0.007003930706002983
2022,PNG,EST,0.006976891835733488
2022,IOT,BGR,0.006358377339932088
2022,FLK,FRA,0.006239712612507421
2022,GRL,SVN,0.006227042481518187
2022,PLW,BGR,0.0061635195722623635
2022,GRL,EST,0.006096105662121736
2022,FLK,LUX,0.0059054775893633065
2022,FRO,SVN,0.005878712968195539
2022,WLF,CZE,0.005837317923273335
2022,UGA,SVN,0.005824493946102923
2022,IOT,FIN,0.005776782524834815
2022,FRO,EST,0.00575510051806616
2022,UGA,EST,0.005702021566291783
2022,PLW,FIN,0.0055997482145189684
2022,IOT,BEL,0.005560183135659129
2022,REU,BGR,0.0055435165237935295
2022,BRN,SVN,0.005515653429332145
2022,BRN,EST,0.005399675078602507
2022,PLW,BEL,0.0053897866939687155
2022,WLF,ROU,0.005310765559313138
2022,GUF,HUN,0.005101590680499695
2022,REU,FIN,0.005036456263717991
2022,FLK,POL,0.004985573219351235
2022,REU,BEL,0.0048476152703723786
2022,HTI,DEU,0.0047621586709938575
2022,GUF,DNK,0.004701781381542357
2022,IOT,SVK,0.004662260817955522
2022,FLK,ESP,0.004606757786975867
2022,IOT,PRT,0.0045392612854087445
2022,PLW,SVK,0.0045193819533157365
2022,MMR,HRV,0.00450454804289057
2022,FLK,ITA,0.004428870642174173
2022,PLW,PRT,0.004400151843855249
2022,PNG,LVA,0.004142667344019305
2022,REU,SVK,0.0040647666064511385
2022,REU,PRT,0.003957530136415023
2022,WLF,HUN,0.0038573240670127695
2022,GRL,LVA,0.0036196831550145293
2022,GUF,BGR,0.003597262392682773
2022,WLF,DNK,0.003555027366303612
2022,IOT,AUT,0.0035525930784345706
2022,PLW,AUT,0.0034437209055996586
2022,FRO,LVA,0.003417204614758771
2022,UGA,LVA,0.0033856879386589224
2022,GUF,FIN,0.0032682241736092478
2022,BRN,LVA,0.0032061637392562206
2022,GUF,BEL,0.0031456827144752605
2022,REU,AUT,0.0030973088540899502
2022,IOT,GRC,0.0030452126602942917
2022,NRU,CZE,0.0029993562432662196
2022,HTI,FRA,0.0029967417024717165
2022,PLW,GRC,0.0029518895828264066
2022,HTI,LUX,0.0028362189196956575
2022,LCA,SVN,0.0027719124690882392
2022,NRU,ROU,0.002728800803077862
2022,WLF,BGR,0.002719898100742195
2022,LCA,EST,0.0027136271107620364
2022,ALB,SVN,0.0027030358465629256
2022,REU,GRC,0.0026549520102855297
2022,ALB,EST,0.0026461987657956116
2022,GUF,SVK,0.002637681692777446
2022,GUF,PRT,0.0025680945058124127
2022,WLF,FIN,0.0024711115710327964
2022,BHR,SVN,0.0024434382965549664
2022,HTI,POL,0.00239441719594714
2022,BHR,EST,0.0023920598067033306
2022,WLF,BEL,0.002378457701068048
2022,HTI,ESP,0.0022124838162809663
2022,HTI,ITA,0.0021270501018992648
2022,PRY,SVN,0.0020767954647407283
2022,GRD,DEU,0.002074362190615143
2022,PRY,EST,0.0020331264206484155
2022,GUF,AUT,0.002009885351927587
2022,WLF,SVK,0.0019943569980163237
2022,NRU,HUN,0.001981987134291306
2022,WLF,PRT,0.001941741971087184
2022,NRU,DNK,0.0018266597204843922
2022,GUF,GRC,0.0017228340494675827
2022,FLK,CZE,0.0016768396429708914
2022,PNG,HRV,0.0016248726288562475
2022,LCA,LVA,0.0016112697000723244
2022,ALB,LVA,0.0015712327883170044
2022,FLK,ROU,0.0015255811558379214
2022,WLF,AUT,0.0015196787875516773
2022,BHR,LVA,0.0014203327612759562
2022,GRL,HRV,0.0014197432705298399
2022,NRU,BGR,0.0013975499461804856
2022,FRO,HRV,0.001340325395361243
2022,UGA,HRV,0.0013279636534943504
2022,GRD,FRA,0.0013053592104165742
2022,WLF,GRC,0.001302638658934796
2022,NRU,FIN,0.0012697173626322552
2022,BRN,HRV,0.0012575491273924878
2022,GRD,LUX,0.0012354366365739241
2022,NRU,BEL,0.0012221095456528936
2022,PRY,LVA,0.0012072089731913658
2022,FLK,HUN,0.00110806264047473
2022,GRD,POL,0.0010429909717382209
2022,NRU,SVK,0.001024749241334381
2022,FLK,DNK,0.0010212242845120706
2022,NRU,PRT,0.0009977143579198008
2022,GRD,ESP,0.0009637420953223541
2022,GRD,ITA,0.0009265277815707654
2022,IOT,SVN,0.0009029620805142698
2022,IOT,EST,0.0008839753812571107
2022,PLW,SVN,0.0008752900557361212
2022,PLW,EST,0.0008568852196863296
2022,HTI,CZE,0.0008053344117765935
2022,REU,SVN,0.000787242553576303
2022,FLK,BGR,0.0007813233783244436
2022,NRU,AUT,0.00078084800573041
2022,REU,EST,0.0007706891036255827
2022,HTI,ROU,0.0007326896211598663
2022,FLK,FIN,0.000709856461302398
2022,FLK,BEL,0.000683240524964218
2022,NRU,GRC,0.0006693274969345994
2022,LCA,HRV,0.0006319860650005247
2022,ALB,HRV,0.0006162824429974036
2022,FLK,SVK,0.0005729029873765874
2022,FLK,PRT,0.0005577886893153147
2022,BHR,HRV,0.0005570951360593634
2022,HTI,HUN,0.0005321683432992563
2022,IOT,LVA,0.0005248778440415445
2022,GUF,SVN,0.0005108522757611724
2022,PLW,LVA,0.0005087925254891345
2022,GUF,EST,0.0005001105195634054
2022,HTI,DNK,0.0004904625566952782
2022,PRY,HRV,0.00047350189019646394
2022,REU,LVA,0.0004576118789213763
2022,FLK,AUT,0.00043654597351785676
2022,WLF,SVN,0.00038625654259443723
2022,WLF,EST,0.00037813467682774437
2022,HTI,BGR,0.0003752455435603865
2022,FLK,GRC,0.00037419859128444156
2022,GRD,CZE,0.0003507978986013099
2022,HTI,FIN,0.0003409221854368484
2022,HTI,BEL,0.00032813937133494947
2022,GRD,ROU,0.0003191543483940584
2022,GUF,LVA,0.00029695049981780865
2022,HTI,SVK,0.0002751476518807388
2022,HTI,PRT,0.00026788872024132115
2022,GRD,HUN,0.0002318087167288553
2022,WLF,LVA,0.00022452493376958076
2022,GRD,DNK,0.00021364197495519225
2022,HTI,AUT,0.0002096595797160232
2022,IOT,HRV,0.00020587210399778834
2022,PLW,HRV,0.00019956298195834257
2022,NRU,SVN,0.0001984680272277165
2022,NRU,EST,0.0001942948146128654
2022,HTI,GRC,0.00017971605314970294
2022,REU,HRV,0.00017948846840726648
2022,GRD,BGR,0.00016345426969909072
2022,GRD,FIN,0.00014850326086772155
2022,GRD,BEL,0.000142935158648837
2022,TON,DEU,0.00014176842308744148
2022,GRD,SVK,0.00011985234540259994
2022,GRD,PRT,0.00011669040679925532
2022,GUF,HRV,0.00011647247997735705
2022,NRU,LVA,0.00011536638413778455
2022,FLK,SVN,0.00011095682837436207
2022,FLK,EST,0.00010862372494030381
2022,GRD,AUT,9.13262104667367e-05
2022,TON,FRA,8.921234568421586e-05
2022,WLF,HRV,8.80651013180298e-05
2022,TON,LUX,8.443361751575263e-05
2022,GRD,GRC,7.82830248750454e-05
2022,TON,POL,7.128127673495514e-05
2022,TON,ESP,6.586515977536225e-05
2022,FLK,LVA,6.449748235900863e-05
2022,TON,ITA,6.332181676577937e-05
2022,HTI,SVN,5.3289145736766484e-05
2022,HTI,EST,5.216862804769735e-05
2022,NRU,HRV,4.5249995789844944e-05
2022,HTI,LVA,3.09761534052455e-05
2022,FLK,HRV,2.5297757462131245e-05
2022,TON,CZE,2.397462947025084e-05
2022,GRD,SVN,2.3212370003509094e-05
2022,GRD,EST,2.2724280527978164e-05
2022,TON,ROU,2.181200992672743e-05
2022,TON,HUN,1.5842535299405837e-05
2022,TON,DNK,1.4600963145063198e-05
2022,GRD,LVA,1.3492990442740891e-05
2022,HTI,HRV,1.2149733405000406e-05
2022,TON,BGR,1.1170977839351047e-05
2022,TON,FIN,1.01491789677851e-05
2022,TON,BEL,9.768637385060408e-06
2022,TON,SVK,8.191085475781484e-06
2022,TON,PRT,7.974988666977547e-06
2022,TON,AUT,6.241519876806869e-06
2022,TON,GRC,5.350107633691039e-06
2022,GRD,HRV,5.292336804083598e-06
2022,TON,SVN,1.586406224721945e-06
2022,TON,EST,1.5530486579553248e-06
2022,TON,LVA,9.221533184781191e-07
2022,TON,HRV,3.616949087083328e-07
